-1.186000000000000000e+04,-1.537000000000000000e+04,-1.967000000000000000e+04,-3.380000000000000000e+03,-3.075600000000000000e+04,-8.830000000000000000e+02,-2.513200000000000000e+04,-3.332600000000000000e+04
9.602000000000000000e+03,-1.563000000000000000e+04,-2.101100000000000000e+04,-1.144100000000000000e+04,-2.366500000000000000e+04,-9.707000000000000000e+03,-3.003500000000000000e+04,-3.394500000000000000e+04
-1.080500000000000000e+04,1.322300000000000000e+04,-1.773400000000000000e+04,-1.892300000000000000e+04,-4.329600000000000000e+04,-1.363000000000000000e+04,-8.920000000000000000e+03,-3.128700000000000000e+04
-1.720000000000000000e+03,-1.910400000000000000e+04,-5.939000000000000000e+03,-1.311900000000000000e+04,-6.305000000000000000e+03,-2.252200000000000000e+04,-5.700000000000000000e+03,-1.930400000000000000e+04
-8.580000000000000000e+03,2.018000000000000000e+03,-3.896000000000000000e+03,-1.502400000000000000e+04,-3.103000000000000000e+04,-1.837500000000000000e+04,-1.505900000000000000e+04,-1.358900000000000000e+04
4.651000000000000000e+03,5.394000000000000000e+03,-1.291000000000000000e+04,-8.778000000000000000e+03,-2.337400000000000000e+04,-1.562300000000000000e+04,-1.644800000000000000e+04,-3.610400000000000000e+04
-6.652000000000000000e+03,-1.910400000000000000e+04,1.776000000000000000e+03,9.165000000000000000e+03,-5.432000000000000000e+03,-1.501300000000000000e+04,-1.598900000000000000e+04,-2.684100000000000000e+04
-1.728400000000000000e+04,1.777000000000000000e+04,-7.069000000000000000e+03,-8.194000000000000000e+03,-3.010600000000000000e+04,-2.436600000000000000e+04,-3.060300000000000000e+04,-3.183200000000000000e+04
-1.760500000000000000e+04,-1.127600000000000000e+04,-4.950000000000000000e+03,-2.131300000000000000e+04,-2.362200000000000000e+04,-8.677000000000000000e+03,1.363700000000000000e+04,-2.822400000000000000e+04
8.329000000000000000e+03,-4.790000000000000000e+03,4.570000000000000000e+02,-5.098000000000000000e+03,-1.085400000000000000e+04,-1.133400000000000000e+04,-2.403500000000000000e+04,-3.144000000000000000e+04
1.489000000000000000e+03,-1.181000000000000000e+04,-2.233500000000000000e+04,-1.266700000000000000e+04,-2.290100000000000000e+04,1.948500000000000000e+04,-1.452600000000000000e+04,-1.784900000000000000e+04
-1.487600000000000000e+04,-1.440400000000000000e+04,-3.331000000000000000e+03,-1.542800000000000000e+04,-1.314900000000000000e+04,-2.725800000000000000e+04,1.249100000000000000e+04,-1.936600000000000000e+04
-4.073900000000000000e+04,-1.201100000000000000e+04,-5.627000000000000000e+03,-1.483500000000000000e+04,-2.603200000000000000e+04,-7.059000000000000000e+03,1.761900000000000000e+04,-2.025700000000000000e+04
-2.809100000000000000e+04,-1.974100000000000000e+04,-1.825600000000000000e+04,-1.350600000000000000e+04,-2.899200000000000000e+04,2.070000000000000000e+03,6.799000000000000000e+03,-2.487600000000000000e+04
8.172000000000000000e+03,-1.748700000000000000e+04,-8.087000000000000000e+03,-6.286000000000000000e+03,-7.633000000000000000e+03,-1.603400000000000000e+04,-3.236100000000000000e+04,-4.236900000000000000e+04
-1.791000000000000000e+03,-1.879100000000000000e+04,-2.384400000000000000e+04,-2.105700000000000000e+04,2.040900000000000000e+04,-3.136600000000000000e+04,-4.242600000000000000e+04,-2.107500000000000000e+04
-5.399000000000000000e+03,-1.954500000000000000e+04,9.417000000000000000e+03,-1.213000000000000000e+03,7.600000000000000000e+01,-1.052600000000000000e+04,-2.985500000000000000e+04,-2.627200000000000000e+04
-1.741900000000000000e+04,-1.053000000000000000e+03,-1.789700000000000000e+04,-7.910000000000000000e+02,-1.661000000000000000e+04,-1.450700000000000000e+04,-4.663000000000000000e+03,-3.216500000000000000e+04
-2.488600000000000000e+04,-1.095400000000000000e+04,-1.182600000000000000e+04,-1.952600000000000000e+04,-2.053300000000000000e+04,-1.349300000000000000e+04,2.549900000000000000e+04,-2.094700000000000000e+04
-1.400000000000000000e+02,-2.610200000000000000e+04,-1.840600000000000000e+04,4.836000000000000000e+03,-2.349000000000000000e+03,-1.231600000000000000e+04,-2.966900000000000000e+04,-2.974600000000000000e+04
-2.534800000000000000e+04,-9.315000000000000000e+03,-6.504000000000000000e+03,-2.613500000000000000e+04,-2.809500000000000000e+04,-2.360700000000000000e+04,9.796000000000000000e+03,-1.426000000000000000e+04
-2.325000000000000000e+04,-1.428000000000000000e+04,-1.961000000000000000e+04,-2.718800000000000000e+04,-2.904600000000000000e+04,-1.619800000000000000e+04,2.423300000000000000e+04,-1.527900000000000000e+04
-6.294000000000000000e+03,-1.337400000000000000e+04,-1.639700000000000000e+04,2.242000000000000000e+03,-3.401600000000000000e+04,-4.690000000000000000e+03,-1.941900000000000000e+04,-3.772500000000000000e+04
3.592000000000000000e+03,-1.592300000000000000e+04,-1.399200000000000000e+04,-2.146800000000000000e+04,-5.592000000000000000e+03,3.296000000000000000e+03,-1.775400000000000000e+04,-1.779100000000000000e+04
-1.735800000000000000e+04,1.337200000000000000e+04,-1.391200000000000000e+04,-2.095700000000000000e+04,-4.135100000000000000e+04,2.743000000000000000e+03,-1.631200000000000000e+04,-2.555900000000000000e+04
-1.835800000000000000e+04,-1.619100000000000000e+04,-1.208100000000000000e+04,-1.643200000000000000e+04,-2.662600000000000000e+04,-8.501000000000000000e+03,-5.063000000000000000e+03,-7.433000000000000000e+03
-2.785500000000000000e+04,-1.682800000000000000e+04,-5.518000000000000000e+03,-3.542900000000000000e+04,-3.283700000000000000e+04,-8.963000000000000000e+03,-1.417000000000000000e+04,1.503200000000000000e+04
-1.339800000000000000e+04,1.573500000000000000e+04,-1.484600000000000000e+04,-1.794200000000000000e+04,-2.382600000000000000e+04,-9.837000000000000000e+03,-2.837500000000000000e+04,-1.131400000000000000e+04
1.244300000000000000e+04,-2.316300000000000000e+04,-2.346200000000000000e+04,-1.138400000000000000e+04,1.691000000000000000e+03,-3.661000000000000000e+03,-2.287200000000000000e+04,-3.883700000000000000e+04
-1.070500000000000000e+04,1.217300000000000000e+04,-1.419000000000000000e+04,-2.013800000000000000e+04,-2.832400000000000000e+04,-2.084500000000000000e+04,-1.966000000000000000e+04,-2.553300000000000000e+04
-6.673000000000000000e+03,-9.233000000000000000e+03,-1.776500000000000000e+04,-9.548000000000000000e+03,-8.833000000000000000e+03,-8.892000000000000000e+03,-1.388000000000000000e+03,-2.494600000000000000e+04
-3.505700000000000000e+04,-2.927700000000000000e+04,-1.857800000000000000e+04,-5.027200000000000000e+04,-3.463900000000000000e+04,-3.041100000000000000e+04,-2.608000000000000000e+04,1.842200000000000000e+04
-2.090100000000000000e+04,-5.051000000000000000e+03,-2.063500000000000000e+04,-1.107000000000000000e+04,-1.694200000000000000e+04,-2.236400000000000000e+04,7.606000000000000000e+03,-1.111000000000000000e+04
-8.207000000000000000e+03,-9.775000000000000000e+03,-2.191000000000000000e+04,-1.350800000000000000e+04,-1.598500000000000000e+04,7.587000000000000000e+03,-1.197500000000000000e+04,-2.042800000000000000e+04
-2.172000000000000000e+04,-1.197100000000000000e+04,-1.244600000000000000e+04,-1.634500000000000000e+04,-2.126100000000000000e+04,-1.521100000000000000e+04,1.144400000000000000e+04,-1.758100000000000000e+04
-8.370000000000000000e+03,-2.135500000000000000e+04,-1.498900000000000000e+04,-1.710000000000000000e+03,-1.201000000000000000e+03,-1.096300000000000000e+04,-7.570000000000000000e+03,-2.625100000000000000e+04
2.563000000000000000e+03,-7.171000000000000000e+03,-2.123400000000000000e+04,-6.821000000000000000e+03,-3.328300000000000000e+04,-1.010000000000000000e+02,-2.868500000000000000e+04,-2.336700000000000000e+04
3.520000000000000000e+03,-1.303300000000000000e+04,-2.353900000000000000e+04,4.237000000000000000e+03,-2.858500000000000000e+04,-6.551000000000000000e+03,-2.858200000000000000e+04,-3.870900000000000000e+04
-2.292000000000000000e+04,1.669100000000000000e+04,-2.182900000000000000e+04,-2.084900000000000000e+04,-4.158600000000000000e+04,-2.220100000000000000e+04,-1.448100000000000000e+04,-2.315600000000000000e+04
-9.218000000000000000e+03,-3.644000000000000000e+03,-1.630800000000000000e+04,-3.418400000000000000e+04,-2.250800000000000000e+04,-1.665100000000000000e+04,1.009300000000000000e+04,-2.091000000000000000e+04
-2.974000000000000000e+03,2.379800000000000000e+04,-1.790500000000000000e+04,-1.482000000000000000e+04,-3.653100000000000000e+04,-9.276000000000000000e+03,-2.889800000000000000e+04,-3.745600000000000000e+04
-3.031200000000000000e+04,-1.870200000000000000e+04,-1.507000000000000000e+03,-1.571800000000000000e+04,-7.485000000000000000e+03,-3.091700000000000000e+04,-1.811300000000000000e+04,1.556000000000000000e+04
-1.315800000000000000e+04,-1.023400000000000000e+04,-1.793700000000000000e+04,-3.745000000000000000e+04,-2.214300000000000000e+04,-1.807800000000000000e+04,-2.281900000000000000e+04,1.296000000000000000e+04
-1.928800000000000000e+04,-1.121800000000000000e+04,-1.951600000000000000e+04,-3.035700000000000000e+04,-7.654000000000000000e+03,-1.835100000000000000e+04,-2.160700000000000000e+04,2.100500000000000000e+04
-1.023500000000000000e+04,-2.027100000000000000e+04,-1.765500000000000000e+04,-1.436000000000000000e+03,-1.376300000000000000e+04,-9.580000000000000000e+02,-1.680600000000000000e+04,-2.789000000000000000e+04
-1.803100000000000000e+04,-1.294500000000000000e+04,-1.546400000000000000e+04,9.639000000000000000e+03,-3.212300000000000000e+04,-9.119000000000000000e+03,-1.959000000000000000e+04,-4.630500000000000000e+04
1.097000000000000000e+04,-1.925900000000000000e+04,-1.543300000000000000e+04,-1.390900000000000000e+04,-5.841000000000000000e+03,-8.866000000000000000e+03,-2.050300000000000000e+04,-3.850800000000000000e+04
-1.730700000000000000e+04,1.868200000000000000e+04,-1.142200000000000000e+04,-1.676600000000000000e+04,-3.112400000000000000e+04,-2.225600000000000000e+04,-2.367700000000000000e+04,-4.155000000000000000e+04
-1.181600000000000000e+04,-1.256500000000000000e+04,-8.351000000000000000e+03,4.337000000000000000e+03,-1.433100000000000000e+04,-7.372000000000000000e+03,-2.031400000000000000e+04,-3.145100000000000000e+04
-1.546400000000000000e+04,2.592300000000000000e+04,-1.395600000000000000e+04,-2.749700000000000000e+04,-3.191000000000000000e+04,-1.327000000000000000e+04,-1.449600000000000000e+04,-3.165800000000000000e+04
1.298700000000000000e+04,-2.126700000000000000e+04,-1.041100000000000000e+04,-1.095900000000000000e+04,-8.379000000000000000e+03,-9.236000000000000000e+03,-2.783900000000000000e+04,-4.042900000000000000e+04
-2.266200000000000000e+04,2.486100000000000000e+04,-2.045900000000000000e+04,-2.529500000000000000e+04,-4.966100000000000000e+04,-1.006300000000000000e+04,-2.133300000000000000e+04,-2.724000000000000000e+04
-2.300600000000000000e+04,-7.379000000000000000e+03,1.144100000000000000e+04,-2.189100000000000000e+04,-1.142700000000000000e+04,-1.962700000000000000e+04,-2.571000000000000000e+04,5.920000000000000000e+02
1.240000000000000000e+02,-1.749600000000000000e+04,-7.925000000000000000e+03,-8.156000000000000000e+03,-6.775000000000000000e+03,5.182000000000000000e+03,-3.110400000000000000e+04,-3.924900000000000000e+04
-5.717000000000000000e+03,-7.580000000000000000e+02,-1.849800000000000000e+04,3.194000000000000000e+03,-1.704800000000000000e+04,-1.300200000000000000e+04,-1.684500000000000000e+04,-1.634400000000000000e+04
-7.287000000000000000e+03,-1.120900000000000000e+04,-1.595200000000000000e+04,-7.120000000000000000e+03,-7.653000000000000000e+03,1.558800000000000000e+04,-1.144400000000000000e+04,-5.599000000000000000e+03
-3.724400000000000000e+04,-1.991000000000000000e+04,-1.234400000000000000e+04,-3.745600000000000000e+04,-3.463100000000000000e+04,-2.007800000000000000e+04,-9.931000000000000000e+03,-1.278000000000000000e+04
-3.438000000000000000e+03,1.118100000000000000e+04,-9.614000000000000000e+03,-1.781800000000000000e+04,-3.610800000000000000e+04,-8.376000000000000000e+03,-3.029400000000000000e+04,-3.417600000000000000e+04
-2.420100000000000000e+04,-5.217000000000000000e+03,-4.452000000000000000e+03,-7.783000000000000000e+03,-3.338900000000000000e+04,-1.237800000000000000e+04,-1.916000000000000000e+03,-4.031800000000000000e+04
-1.149500000000000000e+04,-1.851800000000000000e+04,-1.955400000000000000e+04,-1.381900000000000000e+04,-3.223000000000000000e+04,-6.569000000000000000e+03,-5.258000000000000000e+03,-1.388700000000000000e+04
-1.255000000000000000e+03,-2.127100000000000000e+04,-1.662700000000000000e+04,-1.908600000000000000e+04,1.201400000000000000e+04,-3.541200000000000000e+04,-2.357900000000000000e+04,-1.352500000000000000e+04
-1.701600000000000000e+04,-2.360800000000000000e+04,-2.315900000000000000e+04,4.387000000000000000e+03,-1.767900000000000000e+04,5.467000000000000000e+03,-4.536000000000000000e+03,-3.239600000000000000e+04
-2.383800000000000000e+04,-1.788300000000000000e+04,-2.435000000000000000e+03,-2.566000000000000000e+04,-5.585000000000000000e+03,-1.456400000000000000e+04,-1.262800000000000000e+04,-8.664000000000000000e+03
-8.863000000000000000e+03,-7.468000000000000000e+03,-9.899000000000000000e+03,-1.435900000000000000e+04,-5.724000000000000000e+03,-1.741500000000000000e+04,-2.456000000000000000e+04,2.569000000000000000e+03
-1.751400000000000000e+04,-1.958700000000000000e+04,-1.345500000000000000e+04,-2.079200000000000000e+04,-2.258600000000000000e+04,-1.277800000000000000e+04,-2.094900000000000000e+04,1.235300000000000000e+04
1.198400000000000000e+04,-2.546700000000000000e+04,-1.944300000000000000e+04,4.007000000000000000e+03,-4.765000000000000000e+03,-6.450000000000000000e+03,-2.662500000000000000e+04,-2.939200000000000000e+04
-1.116300000000000000e+04,-1.563500000000000000e+04,-1.505500000000000000e+04,-1.489800000000000000e+04,1.312800000000000000e+04,-1.493100000000000000e+04,-3.152500000000000000e+04,-1.016700000000000000e+04
-1.907800000000000000e+04,1.559200000000000000e+04,-1.352100000000000000e+04,-2.239000000000000000e+03,-4.943900000000000000e+04,-1.885900000000000000e+04,-2.491300000000000000e+04,-4.086500000000000000e+04
-1.881100000000000000e+04,-1.757800000000000000e+04,-1.257400000000000000e+04,-2.579100000000000000e+04,-1.712000000000000000e+04,-2.272900000000000000e+04,-2.572200000000000000e+04,2.069200000000000000e+04
-2.914400000000000000e+04,-1.380500000000000000e+04,1.188000000000000000e+03,-2.307700000000000000e+04,-3.784000000000000000e+03,-2.894500000000000000e+04,-2.557900000000000000e+04,1.192900000000000000e+04
-1.633100000000000000e+04,2.636600000000000000e+04,-2.553800000000000000e+04,-2.378400000000000000e+04,-2.929400000000000000e+04,-2.208700000000000000e+04,-2.332200000000000000e+04,-3.464300000000000000e+04
8.000000000000000000e+02,-1.249800000000000000e+04,-1.750600000000000000e+04,5.100000000000000000e+03,-1.160800000000000000e+04,-5.707000000000000000e+03,-1.301500000000000000e+04,-3.154800000000000000e+04
-1.581300000000000000e+04,-4.103000000000000000e+03,-1.636300000000000000e+04,-6.556000000000000000e+03,-2.893100000000000000e+04,-9.460000000000000000e+02,-1.366000000000000000e+04,-9.071000000000000000e+03
-1.331800000000000000e+04,-2.261800000000000000e+04,-9.748000000000000000e+03,-2.048300000000000000e+04,6.969000000000000000e+03,-1.747600000000000000e+04,-2.504200000000000000e+04,-1.655300000000000000e+04
-1.182600000000000000e+04,-1.475500000000000000e+04,-1.454800000000000000e+04,-7.646000000000000000e+03,-2.316400000000000000e+04,-1.580000000000000000e+02,-8.780000000000000000e+03,-3.113000000000000000e+04
-2.242400000000000000e+04,-5.965000000000000000e+03,-1.533700000000000000e+04,-2.176700000000000000e+04,-3.198400000000000000e+04,-1.088900000000000000e+04,6.895000000000000000e+03,-2.011300000000000000e+04
-1.639100000000000000e+04,2.114600000000000000e+04,-1.591200000000000000e+04,-8.013000000000000000e+03,-4.140800000000000000e+04,-2.418700000000000000e+04,-2.048700000000000000e+04,-3.566700000000000000e+04
-7.128000000000000000e+03,1.016000000000000000e+03,-1.919600000000000000e+04,-1.758400000000000000e+04,-3.612400000000000000e+04,-6.457000000000000000e+03,-2.043000000000000000e+04,-1.874700000000000000e+04
-1.972100000000000000e+04,-1.535800000000000000e+04,-1.359300000000000000e+04,-1.414400000000000000e+04,-8.228000000000000000e+03,-8.774000000000000000e+03,5.080000000000000000e+03,-2.352800000000000000e+04
-1.970700000000000000e+04,2.662000000000000000e+03,-1.579300000000000000e+04,-2.129300000000000000e+04,-2.687500000000000000e+04,-7.656000000000000000e+03,-4.811000000000000000e+03,-2.709100000000000000e+04
-1.956700000000000000e+04,-1.941100000000000000e+04,-1.289400000000000000e+04,5.168000000000000000e+03,-3.509600000000000000e+04,1.327000000000000000e+03,-2.770100000000000000e+04,-5.335700000000000000e+04
1.164700000000000000e+04,-1.671400000000000000e+04,-4.189000000000000000e+03,-2.076700000000000000e+04,-1.540100000000000000e+04,1.137300000000000000e+04,-2.937900000000000000e+04,-3.895300000000000000e+04
-1.274500000000000000e+04,-6.670000000000000000e+02,-1.591800000000000000e+04,-1.848700000000000000e+04,-1.413700000000000000e+04,-1.393700000000000000e+04,-5.508000000000000000e+03,-6.989000000000000000e+03
-2.465800000000000000e+04,-2.428700000000000000e+04,-1.713300000000000000e+04,-2.532600000000000000e+04,-2.795000000000000000e+04,-2.459600000000000000e+04,-1.612300000000000000e+04,2.059900000000000000e+04
-1.422300000000000000e+04,-1.156100000000000000e+04,-2.728200000000000000e+04,-1.508000000000000000e+03,-2.490800000000000000e+04,-4.802000000000000000e+03,-2.267000000000000000e+03,-2.427300000000000000e+04
7.200000000000000000e+02,-1.068500000000000000e+04,-1.532900000000000000e+04,-5.430000000000000000e+03,-9.780000000000000000e+02,-1.639500000000000000e+04,-2.914900000000000000e+04,-2.648400000000000000e+04
-1.832200000000000000e+04,-2.761900000000000000e+04,-1.064700000000000000e+04,-3.524200000000000000e+04,-1.927300000000000000e+04,-2.879500000000000000e+04,-2.203200000000000000e+04,1.379700000000000000e+04
-1.736700000000000000e+04,1.127600000000000000e+04,-1.522400000000000000e+04,-2.714800000000000000e+04,-2.890800000000000000e+04,-1.232200000000000000e+04,-1.246200000000000000e+04,-2.500900000000000000e+04
8.297000000000000000e+03,-1.122200000000000000e+04,-1.131100000000000000e+04,6.045000000000000000e+03,-2.953600000000000000e+04,-1.147900000000000000e+04,-2.900500000000000000e+04,-3.070300000000000000e+04
2.942000000000000000e+03,-1.241600000000000000e+04,9.531000000000000000e+03,3.849000000000000000e+03,-1.247700000000000000e+04,-1.877900000000000000e+04,-3.756000000000000000e+04,-4.101400000000000000e+04
-2.202200000000000000e+04,-1.743900000000000000e+04,5.640000000000000000e+02,-2.069900000000000000e+04,-2.066100000000000000e+04,-3.116900000000000000e+04,-4.854000000000000000e+03,-2.803800000000000000e+04
-2.165400000000000000e+04,-1.859100000000000000e+04,8.773000000000000000e+03,-2.269300000000000000e+04,-1.849400000000000000e+04,-2.624000000000000000e+04,-1.914200000000000000e+04,2.162000000000000000e+03
3.488000000000000000e+03,-5.365000000000000000e+03,-1.168400000000000000e+04,-1.663200000000000000e+04,8.746000000000000000e+03,-1.264900000000000000e+04,-1.456400000000000000e+04,-2.392200000000000000e+04
-3.560000000000000000e+02,-2.643000000000000000e+04,-1.483100000000000000e+04,-2.390700000000000000e+04,1.150200000000000000e+04,-1.407600000000000000e+04,-3.187000000000000000e+04,-3.287400000000000000e+04
-1.653600000000000000e+04,-2.314500000000000000e+04,-1.482700000000000000e+04,2.033700000000000000e+04,-2.710200000000000000e+04,-1.058500000000000000e+04,-1.177700000000000000e+04,-3.913600000000000000e+04
-1.866000000000000000e+04,1.073100000000000000e+04,-1.093700000000000000e+04,-1.676300000000000000e+04,-2.704900000000000000e+04,-1.721700000000000000e+04,-1.476500000000000000e+04,-2.008000000000000000e+04
-1.660900000000000000e+04,-1.087700000000000000e+04,1.629800000000000000e+04,-1.996800000000000000e+04,-1.342400000000000000e+04,-2.479600000000000000e+04,-2.171100000000000000e+04,-1.001400000000000000e+04
-2.169600000000000000e+04,1.253200000000000000e+04,-2.736300000000000000e+04,-2.604400000000000000e+04,-2.811100000000000000e+04,7.480000000000000000e+02,-1.786800000000000000e+04,-2.062300000000000000e+04
-9.414000000000000000e+03,-1.958800000000000000e+04,-1.886500000000000000e+04,-3.692400000000000000e+04,-1.483700000000000000e+04,-1.573700000000000000e+04,-1.211900000000000000e+04,1.547300000000000000e+04
-3.148300000000000000e+04,-2.365700000000000000e+04,-1.505300000000000000e+04,-2.922500000000000000e+04,-2.335800000000000000e+04,-2.890800000000000000e+04,-2.155500000000000000e+04,1.790900000000000000e+04
-3.046500000000000000e+04,-1.616200000000000000e+04,1.314900000000000000e+04,-2.875000000000000000e+04,-1.401700000000000000e+04,-2.688800000000000000e+04,-2.763100000000000000e+04,7.400000000000000000e+02
-2.209700000000000000e+04,-1.808100000000000000e+04,-9.796000000000000000e+03,-1.385900000000000000e+04,-9.986000000000000000e+03,9.194000000000000000e+03,-1.673800000000000000e+04,-1.366500000000000000e+04
8.228000000000000000e+03,-2.051300000000000000e+04,-2.106500000000000000e+04,-1.910000000000000000e+02,-1.264800000000000000e+04,-1.383000000000000000e+03,-2.245600000000000000e+04,-4.715000000000000000e+04
-1.485400000000000000e+04,-2.130200000000000000e+04,-8.085000000000000000e+03,-1.897000000000000000e+04,4.714000000000000000e+03,-2.406000000000000000e+04,-1.642900000000000000e+04,-1.480000000000000000e+04
-1.363000000000000000e+04,-1.825300000000000000e+04,-8.723000000000000000e+03,-1.913300000000000000e+04,-3.010900000000000000e+04,-1.816500000000000000e+04,-2.411500000000000000e+04,1.432600000000000000e+04
-1.650900000000000000e+04,-8.789000000000000000e+03,-3.759000000000000000e+03,-4.300000000000000000e+02,-2.820800000000000000e+04,2.747000000000000000e+03,-2.502400000000000000e+04,-3.909600000000000000e+04
-1.799800000000000000e+04,-2.528400000000000000e+04,1.782200000000000000e+04,-1.554000000000000000e+04,2.528000000000000000e+03,-3.340700000000000000e+04,-1.895900000000000000e+04,-1.851200000000000000e+04
-1.082300000000000000e+04,-1.260900000000000000e+04,-1.255800000000000000e+04,-2.605100000000000000e+04,-2.098400000000000000e+04,-7.619000000000000000e+03,1.278600000000000000e+04,-1.855100000000000000e+04
-1.237600000000000000e+04,-1.380300000000000000e+04,1.342000000000000000e+04,3.211000000000000000e+03,-1.066200000000000000e+04,-1.228200000000000000e+04,-3.314200000000000000e+04,-3.000000000000000000e+04
-8.750000000000000000e+03,-1.490700000000000000e+04,-1.892900000000000000e+04,6.797000000000000000e+03,-1.596200000000000000e+04,-1.710000000000000000e+02,-1.109800000000000000e+04,-2.287400000000000000e+04
-4.251000000000000000e+03,-1.502900000000000000e+04,-2.123500000000000000e+04,2.727000000000000000e+03,-4.025000000000000000e+03,-7.744000000000000000e+03,-1.993200000000000000e+04,-2.270700000000000000e+04
-2.116900000000000000e+04,-2.881000000000000000e+03,-1.244500000000000000e+04,-2.551800000000000000e+04,-1.832500000000000000e+04,-1.496700000000000000e+04,8.278000000000000000e+03,-3.183500000000000000e+04
-4.086000000000000000e+03,-7.726000000000000000e+03,-2.472100000000000000e+04,-1.304900000000000000e+04,-2.374000000000000000e+04,9.080000000000000000e+03,-9.993000000000000000e+03,-2.435200000000000000e+04
-1.112900000000000000e+04,-2.160500000000000000e+04,-1.342200000000000000e+04,-2.776800000000000000e+04,-8.679000000000000000e+03,-1.941900000000000000e+04,3.140000000000000000e+03,-2.110000000000000000e+03
-1.907500000000000000e+04,-1.098500000000000000e+04,-1.773300000000000000e+04,-1.623800000000000000e+04,-1.119000000000000000e+04,-6.438000000000000000e+03,3.820000000000000000e+03,-2.003600000000000000e+04
1.213000000000000000e+04,-2.153600000000000000e+04,-2.065700000000000000e+04,-3.397000000000000000e+03,-2.592100000000000000e+04,-4.186000000000000000e+03,-2.524900000000000000e+04,-3.981600000000000000e+04
-4.697000000000000000e+03,-1.072300000000000000e+04,-1.343800000000000000e+04,-1.047000000000000000e+04,-1.694200000000000000e+04,5.960000000000000000e+02,-1.942000000000000000e+04,-2.966500000000000000e+04
-2.940700000000000000e+04,-7.219000000000000000e+03,-1.335700000000000000e+04,-5.373000000000000000e+03,-2.668400000000000000e+04,-1.788900000000000000e+04,-5.320000000000000000e+02,-4.092700000000000000e+04
5.538000000000000000e+03,-1.956300000000000000e+04,-7.627000000000000000e+03,-3.500000000000000000e+03,-6.690000000000000000e+03,1.196300000000000000e+04,-1.412900000000000000e+04,-4.827000000000000000e+03
-2.066800000000000000e+04,-1.808100000000000000e+04,-1.725000000000000000e+04,-1.278000000000000000e+04,-1.701800000000000000e+04,-2.217000000000000000e+04,2.261600000000000000e+04,-2.129900000000000000e+04
-1.949700000000000000e+04,-1.567200000000000000e+04,-2.099100000000000000e+04,-8.990000000000000000e+02,-4.107800000000000000e+04,8.848000000000000000e+03,-1.171500000000000000e+04,-4.367100000000000000e+04
-2.777100000000000000e+04,-1.293700000000000000e+04,-1.119200000000000000e+04,-3.726400000000000000e+04,-2.020700000000000000e+04,-2.602900000000000000e+04,-2.660100000000000000e+04,1.274400000000000000e+04
-4.534000000000000000e+03,-2.849300000000000000e+04,-1.301300000000000000e+04,-1.470000000000000000e+02,-8.327000000000000000e+03,-2.973000000000000000e+03,-2.054400000000000000e+04,-3.638800000000000000e+04
-6.416000000000000000e+03,1.211300000000000000e+04,-5.357000000000000000e+03,-2.225300000000000000e+04,-1.845100000000000000e+04,-2.309800000000000000e+04,-1.976200000000000000e+04,-2.915000000000000000e+04
-3.076700000000000000e+04,-3.007400000000000000e+04,-1.116400000000000000e+04,-3.972400000000000000e+04,-3.104100000000000000e+04,-1.209800000000000000e+04,-1.544900000000000000e+04,2.349000000000000000e+04
-1.188700000000000000e+04,7.733000000000000000e+03,-1.516600000000000000e+04,-2.122100000000000000e+04,-1.708200000000000000e+04,-1.950600000000000000e+04,-4.967000000000000000e+03,-3.367800000000000000e+04
-4.564000000000000000e+03,-1.740600000000000000e+04,-1.375400000000000000e+04,-2.365600000000000000e+04,1.033400000000000000e+04,-2.650000000000000000e+03,-1.987800000000000000e+04,-2.097900000000000000e+04
-2.881100000000000000e+04,-1.810900000000000000e+04,-1.063100000000000000e+04,-2.870900000000000000e+04,-3.175300000000000000e+04,-2.695100000000000000e+04,-2.320100000000000000e+04,1.603600000000000000e+04
-1.567400000000000000e+04,-1.267700000000000000e+04,5.898000000000000000e+03,-2.255800000000000000e+04,-3.304000000000000000e+03,-2.326900000000000000e+04,-2.242400000000000000e+04,-6.506000000000000000e+03
-4.043900000000000000e+04,-1.694700000000000000e+04,2.586700000000000000e+04,-6.851000000000000000e+03,-2.995400000000000000e+04,-3.135200000000000000e+04,-1.097700000000000000e+04,-9.420000000000000000e+03
-1.245800000000000000e+04,-1.194700000000000000e+04,-1.398700000000000000e+04,-2.193700000000000000e+04,1.184000000000000000e+03,-2.805500000000000000e+04,-2.190900000000000000e+04,-8.814000000000000000e+03
8.995000000000000000e+03,-1.936800000000000000e+04,-1.951100000000000000e+04,-4.236000000000000000e+03,-5.186000000000000000e+03,-3.920000000000000000e+02,-2.873500000000000000e+04,-3.965700000000000000e+04
-1.620500000000000000e+04,-1.634100000000000000e+04,-2.378300000000000000e+04,-1.060000000000000000e+03,-3.770700000000000000e+04,1.551000000000000000e+03,-1.845700000000000000e+04,-2.006900000000000000e+04
-2.136000000000000000e+03,-1.621800000000000000e+04,-1.405300000000000000e+04,-5.829000000000000000e+03,-1.414200000000000000e+04,-1.182800000000000000e+04,-1.145100000000000000e+04,-1.881000000000000000e+04
-1.091100000000000000e+04,-3.499000000000000000e+03,-1.666400000000000000e+04,-7.455000000000000000e+03,-2.362300000000000000e+04,-1.043300000000000000e+04,3.428000000000000000e+03,-4.296000000000000000e+04
-1.265400000000000000e+04,-2.520900000000000000e+04,-1.456500000000000000e+04,4.198000000000000000e+03,-1.571300000000000000e+04,1.621800000000000000e+04,-1.999800000000000000e+04,-2.539100000000000000e+04
-2.266600000000000000e+04,4.680000000000000000e+03,-2.116700000000000000e+04,-1.519600000000000000e+04,-3.251500000000000000e+04,-1.399600000000000000e+04,-6.823000000000000000e+03,-3.363100000000000000e+04
-9.377000000000000000e+03,-2.010800000000000000e+04,-3.639000000000000000e+03,-3.047500000000000000e+04,2.014600000000000000e+04,-2.781400000000000000e+04,-3.516400000000000000e+04,-2.479500000000000000e+04
-1.080600000000000000e+04,1.688900000000000000e+04,-2.029600000000000000e+04,-1.183700000000000000e+04,-3.829500000000000000e+04,-1.486800000000000000e+04,-1.886600000000000000e+04,-3.100700000000000000e+04
-2.070300000000000000e+04,-9.962000000000000000e+03,9.816000000000000000e+03,-1.589300000000000000e+04,-2.305100000000000000e+04,-1.770500000000000000e+04,-1.380000000000000000e+04,-5.642000000000000000e+03
-1.880400000000000000e+04,1.047500000000000000e+04,-1.909000000000000000e+04,-4.590000000000000000e+02,-4.071900000000000000e+04,-2.004900000000000000e+04,-1.493800000000000000e+04,-3.605500000000000000e+04
-1.794700000000000000e+04,-2.633000000000000000e+03,-1.864700000000000000e+04,-1.447300000000000000e+04,-2.157900000000000000e+04,-8.924000000000000000e+03,-2.527000000000000000e+03,-1.913700000000000000e+04
-2.955200000000000000e+04,-2.174100000000000000e+04,1.085000000000000000e+03,-1.518600000000000000e+04,-2.107400000000000000e+04,-2.434700000000000000e+04,4.640000000000000000e+03,-1.556000000000000000e+04
-2.202500000000000000e+04,-1.522000000000000000e+04,-1.645000000000000000e+04,-1.655200000000000000e+04,-2.586100000000000000e+04,-1.800400000000000000e+04,1.622400000000000000e+04,-1.938000000000000000e+04
-1.330200000000000000e+04,1.149500000000000000e+04,-2.064000000000000000e+04,-1.679400000000000000e+04,-3.654100000000000000e+04,-3.864000000000000000e+03,-2.055200000000000000e+04,-2.701100000000000000e+04
5.999000000000000000e+03,-1.272000000000000000e+04,-2.483900000000000000e+04,-1.308000000000000000e+04,1.916000000000000000e+03,-1.067600000000000000e+04,-1.428900000000000000e+04,-2.535900000000000000e+04
-6.755000000000000000e+03,1.423900000000000000e+04,-2.336000000000000000e+04,-1.796700000000000000e+04,-3.719300000000000000e+04,-1.526200000000000000e+04,-8.091000000000000000e+03,-2.335400000000000000e+04
1.211000000000000000e+03,1.847500000000000000e+04,-1.559800000000000000e+04,-2.098300000000000000e+04,-3.044300000000000000e+04,-1.711500000000000000e+04,-2.627900000000000000e+04,-2.122600000000000000e+04
-7.449000000000000000e+03,-1.282800000000000000e+04,-1.494700000000000000e+04,-2.953000000000000000e+03,-3.570400000000000000e+04,-2.385000000000000000e+03,-1.457900000000000000e+04,-3.605900000000000000e+04
-1.114600000000000000e+04,1.140700000000000000e+04,-1.453600000000000000e+04,-3.054700000000000000e+04,-3.383900000000000000e+04,-1.660600000000000000e+04,-1.932000000000000000e+04,-2.489400000000000000e+04
-1.083700000000000000e+04,2.368400000000000000e+04,-1.938400000000000000e+04,-1.993600000000000000e+04,-2.746800000000000000e+04,-1.907600000000000000e+04,-2.062000000000000000e+04,-3.090000000000000000e+04
-3.283300000000000000e+04,-1.876400000000000000e+04,-1.533500000000000000e+04,-2.272400000000000000e+04,-2.614600000000000000e+04,-2.176300000000000000e+04,2.589200000000000000e+04,-2.135700000000000000e+04
-3.498800000000000000e+04,-1.996000000000000000e+04,1.330300000000000000e+04,-1.699700000000000000e+04,-2.537100000000000000e+04,-2.049900000000000000e+04,-9.518000000000000000e+03,-1.538100000000000000e+04
-1.557200000000000000e+04,1.778500000000000000e+04,-2.630400000000000000e+04,-1.767200000000000000e+04,-3.372600000000000000e+04,-8.144000000000000000e+03,-1.556300000000000000e+04,-1.517000000000000000e+04
1.144700000000000000e+04,-1.220700000000000000e+04,-1.259100000000000000e+04,-5.492000000000000000e+03,-4.533000000000000000e+03,-7.056000000000000000e+03,-2.166600000000000000e+04,-2.554100000000000000e+04
-2.586800000000000000e+04,-2.355000000000000000e+03,-5.138000000000000000e+03,-5.601000000000000000e+03,-2.755400000000000000e+04,-1.176600000000000000e+04,2.335000000000000000e+03,-2.048200000000000000e+04
-2.093800000000000000e+04,1.869100000000000000e+04,-1.996100000000000000e+04,-1.970800000000000000e+04,-4.789700000000000000e+04,-2.143000000000000000e+04,-1.589100000000000000e+04,-2.992800000000000000e+04
-1.417700000000000000e+04,-1.933800000000000000e+04,-1.804500000000000000e+04,-3.529700000000000000e+04,-1.761500000000000000e+04,-2.120200000000000000e+04,-1.843800000000000000e+04,1.583200000000000000e+04
-8.890000000000000000e+02,-1.945700000000000000e+04,-1.170700000000000000e+04,-1.547200000000000000e+04,1.016300000000000000e+04,-2.647500000000000000e+04,-3.903500000000000000e+04,-2.686400000000000000e+04
-9.801000000000000000e+03,1.034100000000000000e+04,-1.463800000000000000e+04,-2.844300000000000000e+04,-3.221900000000000000e+04,-1.525500000000000000e+04,-1.903200000000000000e+04,-2.916700000000000000e+04
-1.225900000000000000e+04,2.104100000000000000e+04,-1.796700000000000000e+04,-2.440200000000000000e+04,-4.019200000000000000e+04,-2.035900000000000000e+04,-2.678600000000000000e+04,-1.599000000000000000e+04
-1.706000000000000000e+03,-1.341400000000000000e+04,-1.729500000000000000e+04,-4.377000000000000000e+03,-1.793200000000000000e+04,1.705000000000000000e+03,-2.201900000000000000e+04,-2.728100000000000000e+04
-1.094100000000000000e+04,1.358300000000000000e+04,-2.038000000000000000e+04,-2.165200000000000000e+04,-3.383500000000000000e+04,-7.522000000000000000e+03,-1.399400000000000000e+04,-1.039200000000000000e+04
-2.406000000000000000e+03,-1.362200000000000000e+04,-8.785000000000000000e+03,-9.116000000000000000e+03,-4.590000000000000000e+02,-6.682000000000000000e+03,-1.708300000000000000e+04,-3.008000000000000000e+04
5.485000000000000000e+03,-2.201800000000000000e+04,-1.037400000000000000e+04,-4.867000000000000000e+03,-1.415000000000000000e+03,-8.349000000000000000e+03,-2.782800000000000000e+04,-4.487700000000000000e+04
-2.610900000000000000e+04,-1.895100000000000000e+04,-1.837300000000000000e+04,-1.391100000000000000e+04,-2.108500000000000000e+04,-2.078700000000000000e+04,-2.151300000000000000e+04,5.789000000000000000e+03
-7.359000000000000000e+03,1.629500000000000000e+04,-1.926400000000000000e+04,-1.190900000000000000e+04,-3.174600000000000000e+04,-2.169500000000000000e+04,-1.341100000000000000e+04,-6.492000000000000000e+03
-2.691400000000000000e+04,-1.204100000000000000e+04,-8.302000000000000000e+03,-2.662400000000000000e+04,-1.855800000000000000e+04,-7.282000000000000000e+03,1.128300000000000000e+04,-8.792000000000000000e+03
-2.991500000000000000e+04,-2.634600000000000000e+04,-1.581200000000000000e+04,-4.131600000000000000e+04,-1.987600000000000000e+04,-2.934000000000000000e+04,-3.422200000000000000e+04,2.302100000000000000e+04
-2.099500000000000000e+04,-1.499700000000000000e+04,-1.730600000000000000e+04,-4.649000000000000000e+03,-2.884900000000000000e+04,1.352300000000000000e+04,-2.060300000000000000e+04,-2.813500000000000000e+04
-1.002100000000000000e+04,-1.312600000000000000e+04,-2.259500000000000000e+04,-1.868000000000000000e+03,-2.860100000000000000e+04,7.667000000000000000e+03,-2.423200000000000000e+04,-2.534600000000000000e+04
-2.548200000000000000e+04,-2.232300000000000000e+04,-2.122200000000000000e+04,-2.477700000000000000e+04,-2.399200000000000000e+04,-2.029300000000000000e+04,-1.417100000000000000e+04,1.987500000000000000e+04
5.123000000000000000e+03,-1.110300000000000000e+04,-2.907000000000000000e+03,-1.070400000000000000e+04,-1.396800000000000000e+04,-1.398900000000000000e+04,-1.674600000000000000e+04,-3.489400000000000000e+04
-1.391300000000000000e+04,-4.482000000000000000e+03,-1.576700000000000000e+04,-7.284000000000000000e+03,-1.585500000000000000e+04,-8.203000000000000000e+03,-5.277000000000000000e+03,-3.388400000000000000e+04
-1.213500000000000000e+04,-1.544000000000000000e+03,-2.499700000000000000e+04,-2.961900000000000000e+04,-3.467600000000000000e+04,-1.457000000000000000e+03,-1.091800000000000000e+04,-2.950100000000000000e+04
-1.526600000000000000e+04,-1.080700000000000000e+04,-1.075600000000000000e+04,-7.901000000000000000e+03,-3.309000000000000000e+04,5.974000000000000000e+03,-1.583700000000000000e+04,-2.595300000000000000e+04
-1.992600000000000000e+04,-8.293000000000000000e+03,-1.961900000000000000e+04,-3.161500000000000000e+04,-1.518200000000000000e+04,-1.330100000000000000e+04,1.995400000000000000e+04,-2.195000000000000000e+04
-2.705900000000000000e+04,-1.466500000000000000e+04,-2.050800000000000000e+04,-1.667000000000000000e+04,-1.916400000000000000e+04,-1.457900000000000000e+04,1.900100000000000000e+04,-2.253700000000000000e+04
-9.857000000000000000e+03,-1.661400000000000000e+04,-1.105800000000000000e+04,-1.871300000000000000e+04,-1.612500000000000000e+04,-1.363800000000000000e+04,1.689900000000000000e+04,-1.690700000000000000e+04
-1.410600000000000000e+04,2.813000000000000000e+03,-9.728000000000000000e+03,-6.686000000000000000e+03,-1.151300000000000000e+04,-1.594900000000000000e+04,-6.404000000000000000e+03,-3.142700000000000000e+04
-1.563300000000000000e+04,-2.225000000000000000e+03,-2.022800000000000000e+04,-6.900000000000000000e+03,-1.443000000000000000e+04,-1.225800000000000000e+04,-1.811100000000000000e+04,-2.097000000000000000e+04
-4.168400000000000000e+04,-1.920100000000000000e+04,3.680000000000000000e+02,-3.597500000000000000e+04,-3.315600000000000000e+04,-3.753600000000000000e+04,-2.931400000000000000e+04,8.402000000000000000e+03
-2.921800000000000000e+04,-1.405000000000000000e+04,-6.510000000000000000e+03,-1.010100000000000000e+04,-2.536500000000000000e+04,-3.002900000000000000e+04,-2.222000000000000000e+04,1.374000000000000000e+04
-8.599000000000000000e+03,1.498200000000000000e+04,-2.092700000000000000e+04,-1.704100000000000000e+04,-3.796500000000000000e+04,-3.094000000000000000e+03,-2.992500000000000000e+04,-2.955100000000000000e+04
-1.294900000000000000e+04,-8.158000000000000000e+03,-1.343000000000000000e+04,-1.664800000000000000e+04,-1.969600000000000000e+04,-1.368900000000000000e+04,-1.038600000000000000e+04,1.242100000000000000e+04
-1.781200000000000000e+04,1.442300000000000000e+04,-1.703000000000000000e+04,-1.610800000000000000e+04,-3.985900000000000000e+04,-1.699200000000000000e+04,-2.444900000000000000e+04,-4.289000000000000000e+04
-5.861000000000000000e+03,-1.850400000000000000e+04,-2.078000000000000000e+04,-9.456000000000000000e+03,-1.106400000000000000e+04,1.734900000000000000e+04,-1.678700000000000000e+04,-1.645900000000000000e+04
-5.401000000000000000e+03,-1.768500000000000000e+04,-9.351000000000000000e+03,-4.150000000000000000e+03,1.719000000000000000e+03,-7.665000000000000000e+03,-1.921000000000000000e+04,-2.885900000000000000e+04
-1.926300000000000000e+04,-1.160600000000000000e+04,-3.357000000000000000e+03,-2.269200000000000000e+04,-2.341200000000000000e+04,-1.418900000000000000e+04,-1.293800000000000000e+04,-6.707000000000000000e+03
-1.638100000000000000e+04,-1.006800000000000000e+04,-1.759300000000000000e+04,7.972000000000000000e+03,-4.069100000000000000e+04,6.744000000000000000e+03,-1.973200000000000000e+04,-4.009600000000000000e+04
-3.831300000000000000e+04,-2.725700000000000000e+04,-1.142000000000000000e+04,-3.007800000000000000e+04,-3.372400000000000000e+04,-2.726500000000000000e+04,-2.913600000000000000e+04,1.671800000000000000e+04
-1.085000000000000000e+04,4.998000000000000000e+03,-2.131500000000000000e+04,-1.675200000000000000e+04,-2.863100000000000000e+04,-2.105300000000000000e+04,-1.078300000000000000e+04,-1.894400000000000000e+04
-2.045100000000000000e+04,-1.160300000000000000e+04,-8.642000000000000000e+03,-2.438600000000000000e+04,-9.314000000000000000e+03,-1.782300000000000000e+04,1.382800000000000000e+04,-1.818100000000000000e+04
-1.307200000000000000e+04,-1.044200000000000000e+04,-1.258100000000000000e+04,2.160000000000000000e+02,-2.810500000000000000e+04,-8.731000000000000000e+03,-1.574700000000000000e+04,-3.606200000000000000e+04
-1.236200000000000000e+04,-1.081100000000000000e+04,-1.517100000000000000e+04,-1.098400000000000000e+04,-3.268700000000000000e+04,-1.031000000000000000e+03,-3.463000000000000000e+03,-1.910800000000000000e+04
-2.092700000000000000e+04,-1.008000000000000000e+04,1.936300000000000000e+04,-3.384000000000000000e+03,-1.661600000000000000e+04,-2.908000000000000000e+04,-1.309200000000000000e+04,-2.671100000000000000e+04
-1.897600000000000000e+04,-1.706000000000000000e+04,-6.355000000000000000e+03,-1.853900000000000000e+04,-2.212500000000000000e+04,-2.223100000000000000e+04,-6.915000000000000000e+03,1.054300000000000000e+04
-1.519900000000000000e+04,-1.494600000000000000e+04,-2.460900000000000000e+04,8.493000000000000000e+03,-1.090800000000000000e+04,-1.906000000000000000e+03,-1.668300000000000000e+04,-1.929300000000000000e+04
-1.759600000000000000e+04,-2.062000000000000000e+03,-1.719200000000000000e+04,-1.306100000000000000e+04,-2.312000000000000000e+04,-1.441300000000000000e+04,1.733000000000000000e+03,-2.636700000000000000e+04
-1.743600000000000000e+04,-2.169600000000000000e+04,-2.304900000000000000e+04,-3.073000000000000000e+04,-2.002500000000000000e+04,-1.899000000000000000e+04,-1.300600000000000000e+04,2.492400000000000000e+04
-7.003000000000000000e+03,7.675000000000000000e+03,-2.215000000000000000e+03,-1.785500000000000000e+04,-4.103500000000000000e+04,-1.038100000000000000e+04,-2.213000000000000000e+03,-3.317700000000000000e+04
-2.564600000000000000e+04,-1.753400000000000000e+04,-1.433600000000000000e+04,-1.782400000000000000e+04,5.339000000000000000e+03,-2.347400000000000000e+04,-1.470200000000000000e+04,-1.566200000000000000e+04
-1.596800000000000000e+04,-1.902800000000000000e+04,-2.201600000000000000e+04,-5.354000000000000000e+03,3.113000000000000000e+03,1.547500000000000000e+04,-8.346000000000000000e+03,-1.647700000000000000e+04
-1.770900000000000000e+04,-1.163700000000000000e+04,-8.918000000000000000e+03,2.472000000000000000e+03,-2.324900000000000000e+04,-5.584000000000000000e+03,-2.348500000000000000e+04,-2.400600000000000000e+04
-1.161400000000000000e+04,-6.477000000000000000e+03,-1.869100000000000000e+04,-1.459600000000000000e+04,-3.000700000000000000e+04,-1.186000000000000000e+04,5.022000000000000000e+03,-1.782100000000000000e+04
-2.959200000000000000e+04,-1.371100000000000000e+04,-1.212300000000000000e+04,-1.038900000000000000e+04,-2.538100000000000000e+04,-2.007700000000000000e+04,1.574100000000000000e+04,-2.454600000000000000e+04
-6.978000000000000000e+03,-1.841000000000000000e+03,-1.577000000000000000e+04,-9.327000000000000000e+03,-2.220100000000000000e+04,-3.403000000000000000e+03,-1.011100000000000000e+04,-3.173800000000000000e+04
-1.735500000000000000e+04,-1.115800000000000000e+04,-5.024000000000000000e+03,-1.139400000000000000e+04,-2.274000000000000000e+04,-8.236000000000000000e+03,4.679000000000000000e+03,-2.359900000000000000e+04
-1.390000000000000000e+02,-6.454000000000000000e+03,-1.133800000000000000e+04,-9.580000000000000000e+02,-1.997100000000000000e+04,-1.020600000000000000e+04,-1.232400000000000000e+04,-2.678000000000000000e+04
-2.231700000000000000e+04,-1.356100000000000000e+04,-1.071300000000000000e+04,1.144000000000000000e+03,-1.431900000000000000e+04,-1.590100000000000000e+04,4.202000000000000000e+03,-3.327400000000000000e+04
-1.790000000000000000e+04,1.676500000000000000e+04,-1.530800000000000000e+04,-5.553000000000000000e+03,-2.992600000000000000e+04,-1.830100000000000000e+04,-1.443200000000000000e+04,-7.460000000000000000e+03
-2.714100000000000000e+04,8.940000000000000000e+02,-2.379600000000000000e+04,-1.323100000000000000e+04,-4.548400000000000000e+04,1.401000000000000000e+03,-1.828700000000000000e+04,-2.104000000000000000e+04
-8.502000000000000000e+03,1.095300000000000000e+04,-1.731000000000000000e+04,-3.829000000000000000e+03,-2.621800000000000000e+04,-6.628000000000000000e+03,-1.243400000000000000e+04,-4.169900000000000000e+04
-1.715700000000000000e+04,-1.024800000000000000e+04,-2.264400000000000000e+04,-1.090000000000000000e+02,-2.804800000000000000e+04,2.281900000000000000e+04,-1.207200000000000000e+04,-2.220800000000000000e+04
-2.152700000000000000e+04,-1.956700000000000000e+04,-7.480000000000000000e+03,-1.838600000000000000e+04,-1.476500000000000000e+04,-2.788000000000000000e+03,-1.230800000000000000e+04,-2.030800000000000000e+04
-1.662000000000000000e+04,-1.378000000000000000e+04,-3.673000000000000000e+03,-2.041700000000000000e+04,-1.664600000000000000e+04,-1.485400000000000000e+04,5.198000000000000000e+03,-1.185500000000000000e+04
5.963000000000000000e+03,-2.076000000000000000e+04,-8.132000000000000000e+03,-3.181000000000000000e+03,-9.639000000000000000e+03,-3.728000000000000000e+03,-2.952400000000000000e+04,-3.912400000000000000e+04
-2.210900000000000000e+04,-1.302800000000000000e+04,-1.593600000000000000e+04,-2.211100000000000000e+04,-1.979100000000000000e+04,1.619100000000000000e+04,-1.916100000000000000e+04,-2.226000000000000000e+03
-1.357300000000000000e+04,-7.185000000000000000e+03,-6.114000000000000000e+03,-2.260800000000000000e+04,-2.724100000000000000e+04,-9.216000000000000000e+03,5.074000000000000000e+03,-2.609700000000000000e+04
-1.052000000000000000e+04,-2.100600000000000000e+04,-2.067200000000000000e+04,-1.351000000000000000e+03,-2.262600000000000000e+04,9.912000000000000000e+03,-2.308800000000000000e+04,-4.078100000000000000e+04
-9.786000000000000000e+03,-1.966300000000000000e+04,-2.441800000000000000e+04,-1.536000000000000000e+03,-1.913100000000000000e+04,-6.922000000000000000e+03,-1.530000000000000000e+04,-2.103200000000000000e+04
-2.438000000000000000e+04,2.339900000000000000e+04,-1.763300000000000000e+04,-1.628200000000000000e+04,-3.798500000000000000e+04,-2.314000000000000000e+04,-2.481400000000000000e+04,-3.767300000000000000e+04
-2.108500000000000000e+04,1.190700000000000000e+04,-1.042700000000000000e+04,-2.122300000000000000e+04,-3.932400000000000000e+04,-1.285600000000000000e+04,-2.297800000000000000e+04,-2.757000000000000000e+04
-2.420100000000000000e+04,-2.533200000000000000e+04,-1.152300000000000000e+04,-2.158600000000000000e+04,1.622200000000000000e+04,-3.760100000000000000e+04,-3.230200000000000000e+04,-9.274000000000000000e+03
-1.456200000000000000e+04,-9.499000000000000000e+03,-1.748000000000000000e+04,-2.305800000000000000e+04,-1.754900000000000000e+04,-1.774500000000000000e+04,3.710000000000000000e+03,-6.356000000000000000e+03
-3.811000000000000000e+03,-9.691000000000000000e+03,-2.069600000000000000e+04,2.590000000000000000e+03,-2.130200000000000000e+04,-5.348000000000000000e+03,-2.069400000000000000e+04,-3.383600000000000000e+04
-1.008100000000000000e+04,-1.285500000000000000e+04,-1.094500000000000000e+04,1.424000000000000000e+03,-2.608400000000000000e+04,-1.047100000000000000e+04,-1.610800000000000000e+04,-3.557900000000000000e+04
-3.128100000000000000e+04,-1.618200000000000000e+04,-2.872000000000000000e+03,-3.369800000000000000e+04,-3.282100000000000000e+04,-3.189700000000000000e+04,-1.866500000000000000e+04,4.666000000000000000e+03
-2.185300000000000000e+04,-1.802400000000000000e+04,-1.611600000000000000e+04,-3.492200000000000000e+04,-1.941800000000000000e+04,-1.702300000000000000e+04,8.602000000000000000e+03,4.547000000000000000e+03
-2.601000000000000000e+03,-7.327000000000000000e+03,-1.780700000000000000e+04,-4.968000000000000000e+03,-2.970800000000000000e+04,-9.455000000000000000e+03,-1.882200000000000000e+04,-3.272300000000000000e+04
-1.638100000000000000e+04,-1.208500000000000000e+04,-2.494400000000000000e+04,-2.039400000000000000e+04,-2.191700000000000000e+04,-5.001000000000000000e+03,1.273900000000000000e+04,-1.483000000000000000e+04
-2.758400000000000000e+04,-3.254400000000000000e+04,4.890000000000000000e+02,-2.670400000000000000e+04,-2.179100000000000000e+04,-4.205100000000000000e+04,-2.938900000000000000e+04,1.832200000000000000e+04
-2.646300000000000000e+04,-3.595000000000000000e+03,-2.071800000000000000e+04,-1.653500000000000000e+04,-3.764000000000000000e+04,-1.634000000000000000e+03,1.567000000000000000e+03,-2.157100000000000000e+04
6.238000000000000000e+03,-1.174000000000000000e+04,-1.874600000000000000e+04,-5.370000000000000000e+02,-2.377600000000000000e+04,7.150000000000000000e+02,-2.140800000000000000e+04,-2.878300000000000000e+04
-1.117000000000000000e+03,1.528200000000000000e+04,-9.261000000000000000e+03,-2.601100000000000000e+04,-4.226900000000000000e+04,-1.586600000000000000e+04,-1.096600000000000000e+04,-2.866600000000000000e+04
-1.026400000000000000e+04,-1.986300000000000000e+04,-2.127600000000000000e+04,5.517000000000000000e+03,-3.007200000000000000e+04,2.729000000000000000e+03,-2.604500000000000000e+04,-4.726300000000000000e+04
-3.613300000000000000e+04,-3.345600000000000000e+04,-1.300600000000000000e+04,-4.288900000000000000e+04,-2.907600000000000000e+04,-3.637300000000000000e+04,-2.530000000000000000e+04,1.135800000000000000e+04
-1.909200000000000000e+04,-1.903800000000000000e+04,-1.541900000000000000e+04,-1.979800000000000000e+04,-1.682200000000000000e+04,-1.435300000000000000e+04,-1.802900000000000000e+04,1.938400000000000000e+04
-3.470000000000000000e+02,-2.409900000000000000e+04,-1.014100000000000000e+04,-8.178000000000000000e+03,7.825000000000000000e+03,-2.195700000000000000e+04,-2.949500000000000000e+04,-3.330300000000000000e+04
-3.279900000000000000e+04,-1.370100000000000000e+04,-1.015200000000000000e+04,-8.775000000000000000e+03,-2.729500000000000000e+04,-7.926000000000000000e+03,7.830000000000000000e+03,-1.469800000000000000e+04
-9.300000000000000000e+01,-4.294000000000000000e+03,-9.502000000000000000e+03,-1.075600000000000000e+04,-2.362000000000000000e+04,1.310000000000000000e+02,-2.943500000000000000e+04,-4.163000000000000000e+04
-1.204500000000000000e+04,-2.470700000000000000e+04,-1.651700000000000000e+04,-5.003000000000000000e+03,-1.568900000000000000e+04,-1.184700000000000000e+04,-8.218000000000000000e+03,-3.267800000000000000e+04
-2.176300000000000000e+04,-8.110000000000000000e+03,-3.392000000000000000e+03,-9.955000000000000000e+03,-1.607600000000000000e+04,-1.579900000000000000e+04,4.337000000000000000e+03,-3.312800000000000000e+04
8.090000000000000000e+02,-1.560500000000000000e+04,-2.196400000000000000e+04,-4.343000000000000000e+03,-1.282300000000000000e+04,1.734100000000000000e+04,-1.158700000000000000e+04,-1.452400000000000000e+04
-1.403500000000000000e+04,9.973000000000000000e+03,-2.907900000000000000e+04,-2.032100000000000000e+04,-4.659700000000000000e+04,-1.085100000000000000e+04,-2.828900000000000000e+04,-3.068600000000000000e+04
-2.663400000000000000e+04,-1.187800000000000000e+04,2.341000000000000000e+03,-3.360000000000000000e+03,-1.459100000000000000e+04,-1.895000000000000000e+04,9.090000000000000000e+02,-2.504300000000000000e+04
-2.345600000000000000e+04,-2.067300000000000000e+04,-8.400000000000000000e+03,-1.114800000000000000e+04,-9.658000000000000000e+03,-3.865000000000000000e+03,-9.780000000000000000e+02,-2.054400000000000000e+04
-1.628900000000000000e+04,8.133000000000000000e+03,-1.367500000000000000e+04,-8.794000000000000000e+03,-3.088100000000000000e+04,-7.353000000000000000e+03,-2.311000000000000000e+04,-4.091800000000000000e+04
-1.596500000000000000e+04,-9.865000000000000000e+03,-6.932000000000000000e+03,-2.630400000000000000e+04,-1.958300000000000000e+04,-1.615000000000000000e+04,5.946000000000000000e+03,-6.125000000000000000e+03
-1.685000000000000000e+03,-1.403000000000000000e+04,-1.456300000000000000e+04,-6.750000000000000000e+03,-2.832000000000000000e+03,5.044000000000000000e+03,-1.806600000000000000e+04,-2.665900000000000000e+04
-7.751000000000000000e+03,-1.386500000000000000e+04,-1.068600000000000000e+04,-2.685000000000000000e+03,-2.863100000000000000e+04,-8.247000000000000000e+03,-1.550200000000000000e+04,-3.110300000000000000e+04
-1.539100000000000000e+04,-8.899000000000000000e+03,-4.582000000000000000e+03,-2.090800000000000000e+04,-1.131700000000000000e+04,-2.008200000000000000e+04,-2.111400000000000000e+04,6.969000000000000000e+03
-1.416700000000000000e+04,-1.138700000000000000e+04,-1.964900000000000000e+04,-2.154400000000000000e+04,-2.615100000000000000e+04,-8.362000000000000000e+03,1.734200000000000000e+04,-1.969500000000000000e+04
-1.630700000000000000e+04,3.980000000000000000e+02,-1.758900000000000000e+04,-2.706400000000000000e+04,-2.052900000000000000e+04,-1.659700000000000000e+04,-1.469300000000000000e+04,8.526000000000000000e+03
-2.146000000000000000e+04,2.588700000000000000e+04,-1.500700000000000000e+04,-1.876600000000000000e+04,-3.485800000000000000e+04,-1.241900000000000000e+04,-1.607600000000000000e+04,-4.074800000000000000e+04
-1.679100000000000000e+04,-1.300600000000000000e+04,-9.577000000000000000e+03,1.539000000000000000e+03,-3.522500000000000000e+04,5.320000000000000000e+03,-2.697300000000000000e+04,-3.523000000000000000e+04
-1.795900000000000000e+04,-1.904000000000000000e+03,-2.447400000000000000e+04,-1.381900000000000000e+04,-2.960600000000000000e+04,-1.015000000000000000e+04,1.638700000000000000e+04,-3.258600000000000000e+04
-1.931200000000000000e+04,2.579600000000000000e+04,-2.451800000000000000e+04,-1.736000000000000000e+04,-4.485400000000000000e+04,-8.830000000000000000e+03,-1.995100000000000000e+04,-3.402600000000000000e+04
-1.471900000000000000e+04,2.171000000000000000e+04,-1.901100000000000000e+04,-1.677300000000000000e+04,-3.241700000000000000e+04,-1.945700000000000000e+04,-1.884300000000000000e+04,-2.672600000000000000e+04
-2.696900000000000000e+04,-2.061600000000000000e+04,-3.674000000000000000e+03,-1.144000000000000000e+04,-9.863000000000000000e+03,-1.851500000000000000e+04,-3.366800000000000000e+04,-1.335100000000000000e+04
-1.986700000000000000e+04,-2.356100000000000000e+04,-1.312300000000000000e+04,-1.472900000000000000e+04,-2.263400000000000000e+04,-6.071000000000000000e+03,-3.920000000000000000e+02,-2.361000000000000000e+04
-1.134200000000000000e+04,-1.431800000000000000e+04,-1.491300000000000000e+04,-3.177000000000000000e+03,-2.832200000000000000e+04,9.069000000000000000e+03,-2.528400000000000000e+04,-1.986100000000000000e+04
-1.529600000000000000e+04,-1.560700000000000000e+04,-6.820000000000000000e+02,-3.103400000000000000e+04,-9.845000000000000000e+03,-2.247700000000000000e+04,-2.445700000000000000e+04,1.799200000000000000e+04
-7.204000000000000000e+03,-1.574700000000000000e+04,-1.918700000000000000e+04,-6.107000000000000000e+03,7.532000000000000000e+03,-3.004400000000000000e+04,-2.626900000000000000e+04,-4.288000000000000000e+03
-1.022200000000000000e+04,-1.410300000000000000e+04,-3.962000000000000000e+03,-1.592300000000000000e+04,-1.857000000000000000e+04,-2.796000000000000000e+03,1.063800000000000000e+04,-2.482400000000000000e+04
-1.714800000000000000e+04,-2.083300000000000000e+04,-1.458800000000000000e+04,-2.209800000000000000e+04,-1.970600000000000000e+04,-1.545100000000000000e+04,-1.513600000000000000e+04,2.368800000000000000e+04
-1.440700000000000000e+04,-1.380200000000000000e+04,-2.006000000000000000e+04,8.459000000000000000e+03,-3.779600000000000000e+04,5.262000000000000000e+03,-2.637400000000000000e+04,-2.410100000000000000e+04
-3.680500000000000000e+04,-2.531100000000000000e+04,-5.293000000000000000e+03,-4.168300000000000000e+04,-3.579900000000000000e+04,-3.007200000000000000e+04,-2.878300000000000000e+04,1.887600000000000000e+04
1.505000000000000000e+03,-1.698700000000000000e+04,-2.290300000000000000e+04,-1.062200000000000000e+04,-3.083900000000000000e+04,9.910000000000000000e+02,-3.414400000000000000e+04,-4.080800000000000000e+04
-1.198800000000000000e+04,-2.357000000000000000e+04,-1.635700000000000000e+04,-1.413300000000000000e+04,1.935000000000000000e+04,-1.889300000000000000e+04,-2.856500000000000000e+04,-1.618800000000000000e+04
-2.188200000000000000e+04,-1.470400000000000000e+04,-7.253000000000000000e+03,-2.117500000000000000e+04,-1.975800000000000000e+04,-1.403600000000000000e+04,1.158200000000000000e+04,-2.212700000000000000e+04
-7.577000000000000000e+03,-8.331000000000000000e+03,-1.208800000000000000e+04,-1.658900000000000000e+04,-5.749000000000000000e+03,-2.004600000000000000e+04,-1.415600000000000000e+04,-1.301000000000000000e+04
-2.274900000000000000e+04,-1.467200000000000000e+04,-1.999400000000000000e+04,-1.923200000000000000e+04,-1.027900000000000000e+04,-9.592000000000000000e+03,1.111100000000000000e+04,-4.267000000000000000e+03
-2.377300000000000000e+04,-1.087900000000000000e+04,-1.355000000000000000e+04,-1.442500000000000000e+04,-2.498200000000000000e+04,-7.857000000000000000e+03,1.394500000000000000e+04,-2.358300000000000000e+04
-2.650800000000000000e+04,-3.935000000000000000e+03,-1.625800000000000000e+04,-1.422000000000000000e+04,-3.053400000000000000e+04,-1.661500000000000000e+04,1.456200000000000000e+04,-3.630600000000000000e+04
-2.035900000000000000e+04,-1.630900000000000000e+04,-1.864100000000000000e+04,5.779000000000000000e+03,-2.622800000000000000e+04,-3.540000000000000000e+02,-1.391000000000000000e+04,-3.169900000000000000e+04
-1.774300000000000000e+04,-1.314100000000000000e+04,-2.076100000000000000e+04,5.937000000000000000e+03,-2.619600000000000000e+04,-7.661000000000000000e+03,-1.229300000000000000e+04,-3.699300000000000000e+04
6.965000000000000000e+03,-1.842400000000000000e+04,-1.488000000000000000e+04,-1.356200000000000000e+04,-7.687000000000000000e+03,-6.506000000000000000e+03,-2.634300000000000000e+04,-3.026300000000000000e+04
-2.417000000000000000e+03,-1.918600000000000000e+04,-7.251000000000000000e+03,1.180100000000000000e+04,-5.982000000000000000e+03,-1.522200000000000000e+04,-2.101700000000000000e+04,-2.515000000000000000e+04
-1.654100000000000000e+04,2.601000000000000000e+04,-2.005500000000000000e+04,-1.435800000000000000e+04,-4.795900000000000000e+04,-2.395900000000000000e+04,-2.311400000000000000e+04,-3.475200000000000000e+04
-1.074300000000000000e+04,-2.501700000000000000e+04,-7.696000000000000000e+03,-1.636300000000000000e+04,7.222000000000000000e+03,-1.913000000000000000e+04,-2.492300000000000000e+04,-1.603600000000000000e+04
-1.556700000000000000e+04,-7.730000000000000000e+02,-1.480300000000000000e+04,-2.018000000000000000e+03,-2.682000000000000000e+04,-1.356800000000000000e+04,-9.080000000000000000e+02,-3.567600000000000000e+04
-9.597000000000000000e+03,-2.269600000000000000e+04,-3.452000000000000000e+03,-1.655000000000000000e+04,1.351900000000000000e+04,-3.640400000000000000e+04,-2.517900000000000000e+04,-7.259000000000000000e+03
-6.418000000000000000e+03,-5.173000000000000000e+03,-4.858000000000000000e+03,-4.365000000000000000e+03,-1.731000000000000000e+04,-3.813000000000000000e+03,-2.848700000000000000e+04,-3.368000000000000000e+04
-2.106000000000000000e+04,-6.112000000000000000e+03,-2.077300000000000000e+04,4.402000000000000000e+03,-3.371800000000000000e+04,-2.204000000000000000e+03,-2.889700000000000000e+04,-2.825200000000000000e+04
-1.917700000000000000e+04,-1.137200000000000000e+04,-1.928800000000000000e+04,-2.977000000000000000e+04,-1.823300000000000000e+04,-5.099000000000000000e+03,1.632300000000000000e+04,-1.023300000000000000e+04
1.028200000000000000e+04,-2.204700000000000000e+04,-2.268300000000000000e+04,-3.843000000000000000e+03,-2.582400000000000000e+04,-4.198000000000000000e+03,-2.534900000000000000e+04,-3.982200000000000000e+04
-1.728300000000000000e+04,1.391700000000000000e+04,-2.080000000000000000e+04,-2.141200000000000000e+04,-2.708500000000000000e+04,-1.100900000000000000e+04,-1.015200000000000000e+04,-3.831900000000000000e+04
-6.717000000000000000e+03,-6.111000000000000000e+03,-1.136700000000000000e+04,-8.320000000000000000e+02,-1.806900000000000000e+04,-1.306600000000000000e+04,-2.835300000000000000e+04,-1.852900000000000000e+04
-2.055700000000000000e+04,-1.465300000000000000e+04,-1.863600000000000000e+04,-1.041200000000000000e+04,-3.110000000000000000e+04,1.273200000000000000e+04,3.671000000000000000e+03,-2.092600000000000000e+04
-1.811700000000000000e+04,-1.111600000000000000e+04,-1.441200000000000000e+04,-2.649000000000000000e+03,-3.974400000000000000e+04,8.394000000000000000e+03,-2.628000000000000000e+04,-3.562200000000000000e+04
-2.130500000000000000e+04,-1.065600000000000000e+04,6.206000000000000000e+03,5.000000000000000000e+01,-8.008000000000000000e+03,-2.007200000000000000e+04,-1.088500000000000000e+04,-3.005000000000000000e+04
-2.074400000000000000e+04,-1.739400000000000000e+04,-6.851000000000000000e+03,-1.502700000000000000e+04,3.489000000000000000e+03,-1.702900000000000000e+04,-2.174000000000000000e+04,-1.717600000000000000e+04
2.248000000000000000e+03,-2.323800000000000000e+04,-1.138400000000000000e+04,-1.044900000000000000e+04,9.353000000000000000e+03,-2.065800000000000000e+04,-3.109000000000000000e+04,-3.907200000000000000e+04
-6.134000000000000000e+03,-5.365000000000000000e+03,-6.878000000000000000e+03,-6.110000000000000000e+03,-2.634000000000000000e+04,-4.604000000000000000e+03,-1.915900000000000000e+04,-2.390800000000000000e+04
-3.263000000000000000e+04,-1.761600000000000000e+04,-8.731000000000000000e+03,-2.824000000000000000e+04,-3.097600000000000000e+04,-3.516200000000000000e+04,-2.416400000000000000e+04,1.491000000000000000e+04
-2.118000000000000000e+03,-1.727000000000000000e+04,-9.167000000000000000e+03,1.131000000000000000e+03,-1.867300000000000000e+04,-8.379000000000000000e+03,-1.993600000000000000e+04,-3.703300000000000000e+04
-8.617000000000000000e+03,-1.681900000000000000e+04,-5.750000000000000000e+03,2.615000000000000000e+03,-5.731000000000000000e+03,-1.343800000000000000e+04,-1.636800000000000000e+04,-1.160400000000000000e+04
-3.047200000000000000e+04,1.988400000000000000e+04,-2.099000000000000000e+04,-2.549600000000000000e+04,-5.303000000000000000e+04,-1.164700000000000000e+04,-1.504600000000000000e+04,-4.246200000000000000e+04
-1.746900000000000000e+04,-2.025700000000000000e+04,-2.616000000000000000e+03,-2.302800000000000000e+04,-2.093400000000000000e+04,-2.192400000000000000e+04,1.048700000000000000e+04,-1.460200000000000000e+04
2.902000000000000000e+03,-1.049300000000000000e+04,-1.307100000000000000e+04,-7.543000000000000000e+03,-1.478400000000000000e+04,5.449000000000000000e+03,-2.845300000000000000e+04,-3.711200000000000000e+04
-1.038300000000000000e+04,-1.397300000000000000e+04,5.096000000000000000e+03,-2.910900000000000000e+04,-1.315400000000000000e+04,-2.259800000000000000e+04,-8.794000000000000000e+03,-5.048000000000000000e+03
9.894000000000000000e+03,-2.703000000000000000e+03,-1.996100000000000000e+04,-1.424300000000000000e+04,-2.395600000000000000e+04,-6.089000000000000000e+03,-1.040700000000000000e+04,-3.374000000000000000e+04
-1.808100000000000000e+04,2.567200000000000000e+04,-1.019700000000000000e+04,-1.409800000000000000e+04,-2.895400000000000000e+04,-2.078700000000000000e+04,-1.810600000000000000e+04,-3.364500000000000000e+04
-1.507800000000000000e+04,-2.099700000000000000e+04,-2.370700000000000000e+04,-2.827200000000000000e+04,-2.346100000000000000e+04,-1.727800000000000000e+04,-1.580900000000000000e+04,1.782800000000000000e+04
-1.311500000000000000e+04,2.101100000000000000e+04,-1.484700000000000000e+04,-1.432100000000000000e+04,-2.802700000000000000e+04,-1.551400000000000000e+04,-2.233600000000000000e+04,-3.369100000000000000e+04
-1.137100000000000000e+04,1.532900000000000000e+04,-2.076700000000000000e+04,-1.836100000000000000e+04,-3.254500000000000000e+04,-1.891300000000000000e+04,-2.310000000000000000e+02,-2.417900000000000000e+04
-3.267800000000000000e+04,-2.207700000000000000e+04,-2.000200000000000000e+04,-2.405700000000000000e+04,-2.005300000000000000e+04,-1.482700000000000000e+04,2.150200000000000000e+04,-1.678100000000000000e+04
1.146000000000000000e+04,4.201000000000000000e+03,-2.134500000000000000e+04,-9.537000000000000000e+03,-1.303400000000000000e+04,-2.022000000000000000e+04,-2.593900000000000000e+04,-3.123300000000000000e+04
-1.223700000000000000e+04,-2.647200000000000000e+04,-3.698000000000000000e+03,-2.102400000000000000e+04,9.597000000000000000e+03,-2.660500000000000000e+04,-2.889800000000000000e+04,-6.412000000000000000e+03
-1.569400000000000000e+04,1.969300000000000000e+04,-1.020500000000000000e+04,-1.639900000000000000e+04,-4.542000000000000000e+04,-2.050800000000000000e+04,-1.158900000000000000e+04,-3.870900000000000000e+04
-2.341600000000000000e+04,-1.725000000000000000e+04,-2.715000000000000000e+03,-1.864700000000000000e+04,-4.563000000000000000e+03,-2.778700000000000000e+04,-2.598800000000000000e+04,-1.487000000000000000e+03
-2.337300000000000000e+04,-2.476900000000000000e+04,-1.141300000000000000e+04,-2.551400000000000000e+04,-1.839600000000000000e+04,-2.310800000000000000e+04,-2.437800000000000000e+04,1.152600000000000000e+04
-1.730400000000000000e+04,1.177400000000000000e+04,-1.323100000000000000e+04,-2.464900000000000000e+04,-4.028900000000000000e+04,-5.460000000000000000e+03,-2.074800000000000000e+04,-3.827700000000000000e+04
-1.401800000000000000e+04,-1.676400000000000000e+04,-2.585300000000000000e+04,-1.942600000000000000e+04,-2.419200000000000000e+04,-1.549500000000000000e+04,-1.864800000000000000e+04,2.083600000000000000e+04
-5.913000000000000000e+03,4.941000000000000000e+03,-1.776300000000000000e+04,-2.314400000000000000e+04,-3.098400000000000000e+04,-9.568000000000000000e+03,-3.265300000000000000e+04,-4.036700000000000000e+04
-1.562900000000000000e+04,-1.052100000000000000e+04,-1.649000000000000000e+04,-2.523700000000000000e+04,-1.547900000000000000e+04,-9.522000000000000000e+03,7.542000000000000000e+03,-7.439000000000000000e+03
-1.163300000000000000e+04,-2.177300000000000000e+04,-3.809000000000000000e+03,-4.055000000000000000e+03,3.242000000000000000e+03,-8.911000000000000000e+03,-2.444400000000000000e+04,-2.371000000000000000e+04
-2.191700000000000000e+04,-2.260500000000000000e+04,-1.785600000000000000e+04,-2.095400000000000000e+04,1.549500000000000000e+04,-2.391000000000000000e+04,-2.600300000000000000e+04,-1.126200000000000000e+04
-3.256900000000000000e+04,-2.379700000000000000e+04,8.084000000000000000e+03,-2.027900000000000000e+04,-1.669300000000000000e+04,-3.496700000000000000e+04,-2.104300000000000000e+04,3.046000000000000000e+03
-3.501000000000000000e+03,-1.105300000000000000e+04,-4.594000000000000000e+03,-8.433000000000000000e+03,-3.897000000000000000e+03,-2.073600000000000000e+04,-2.254400000000000000e+04,-2.450000000000000000e+04
-1.739100000000000000e+04,-1.966500000000000000e+04,-1.762900000000000000e+04,-2.808200000000000000e+04,-2.468500000000000000e+04,-1.113400000000000000e+04,3.175000000000000000e+03,-1.672500000000000000e+04
-1.325600000000000000e+04,-8.529000000000000000e+03,-1.549600000000000000e+04,-1.870600000000000000e+04,-1.097500000000000000e+04,-2.828600000000000000e+04,4.649000000000000000e+03,-1.172100000000000000e+04
-8.110000000000000000e+03,-1.069600000000000000e+04,-2.494000000000000000e+04,3.996000000000000000e+03,-2.798000000000000000e+04,-1.244000000000000000e+03,-2.726000000000000000e+04,-4.421600000000000000e+04
-1.107800000000000000e+04,-1.021400000000000000e+04,-1.644900000000000000e+04,-2.086100000000000000e+04,-1.202000000000000000e+04,6.140000000000000000e+03,-8.435000000000000000e+03,-1.454100000000000000e+04
-3.288100000000000000e+04,-1.518800000000000000e+04,1.653000000000000000e+03,-1.996900000000000000e+04,-2.447800000000000000e+04,-1.898600000000000000e+04,-7.256000000000000000e+03,-9.034000000000000000e+03
-2.435600000000000000e+04,-1.392500000000000000e+04,-7.000000000000000000e+03,-1.558500000000000000e+04,-1.839100000000000000e+04,-1.595600000000000000e+04,1.561100000000000000e+04,-2.187700000000000000e+04
-2.051700000000000000e+04,5.487000000000000000e+03,-2.245400000000000000e+04,-1.626600000000000000e+04,-2.197500000000000000e+04,-1.520900000000000000e+04,4.720000000000000000e+02,-1.559200000000000000e+04
-1.119400000000000000e+04,-1.601700000000000000e+04,-1.223800000000000000e+04,-1.362300000000000000e+04,-9.800000000000000000e+03,-5.109000000000000000e+03,-4.350000000000000000e+02,-1.622300000000000000e+04
-4.882000000000000000e+03,-1.249100000000000000e+04,-1.607400000000000000e+04,-2.274300000000000000e+04,-2.036600000000000000e+04,-1.087400000000000000e+04,1.150300000000000000e+04,-2.162200000000000000e+04
-2.450000000000000000e+03,-1.195700000000000000e+04,-1.326700000000000000e+04,-2.413700000000000000e+04,8.276000000000000000e+03,-1.613300000000000000e+04,-2.985100000000000000e+04,-2.161500000000000000e+04
-1.908300000000000000e+04,-1.372100000000000000e+04,1.257400000000000000e+04,-5.558000000000000000e+03,-3.255000000000000000e+03,-3.319700000000000000e+04,-1.109300000000000000e+04,-2.058500000000000000e+04
-2.158600000000000000e+04,-1.556200000000000000e+04,-2.353000000000000000e+03,-2.721400000000000000e+04,-7.877000000000000000e+03,-2.134500000000000000e+04,-1.892300000000000000e+04,5.166000000000000000e+03
-4.013300000000000000e+04,-1.475100000000000000e+04,-6.430000000000000000e+03,-4.349000000000000000e+03,-1.269700000000000000e+04,-2.071500000000000000e+04,2.468000000000000000e+03,-3.078100000000000000e+04
-1.772400000000000000e+04,-6.258000000000000000e+03,-1.496800000000000000e+04,3.099000000000000000e+03,-3.518000000000000000e+04,-1.155000000000000000e+03,-2.362500000000000000e+04,-3.781100000000000000e+04
-6.388000000000000000e+03,-1.489900000000000000e+04,-1.709400000000000000e+04,-5.345000000000000000e+03,-1.916400000000000000e+04,7.564000000000000000e+03,-2.471100000000000000e+04,-1.909100000000000000e+04
-1.569900000000000000e+04,-1.098600000000000000e+04,-1.058400000000000000e+04,9.150000000000000000e+03,-2.542400000000000000e+04,-6.027000000000000000e+03,-2.151000000000000000e+04,-4.196500000000000000e+04
-1.873000000000000000e+03,-1.155200000000000000e+04,-2.339300000000000000e+04,3.374000000000000000e+03,-1.868100000000000000e+04,2.627000000000000000e+03,-2.217500000000000000e+04,-2.069900000000000000e+04
-6.565000000000000000e+03,1.759200000000000000e+04,-1.348900000000000000e+04,-1.457400000000000000e+04,-3.193700000000000000e+04,-2.499300000000000000e+04,-3.031900000000000000e+04,-3.960000000000000000e+04
-2.743600000000000000e+04,-2.237800000000000000e+04,6.300000000000000000e+02,-2.635000000000000000e+04,-1.662200000000000000e+04,-3.074600000000000000e+04,-1.749300000000000000e+04,-4.715000000000000000e+03
-2.447000000000000000e+04,-1.158800000000000000e+04,-1.018200000000000000e+04,-6.776000000000000000e+03,-3.383100000000000000e+04,-8.015000000000000000e+03,7.111000000000000000e+03,-2.832900000000000000e+04
-1.947600000000000000e+04,-9.988000000000000000e+03,-1.845200000000000000e+04,-4.738000000000000000e+03,-2.648700000000000000e+04,1.965100000000000000e+04,-2.303900000000000000e+04,-2.611700000000000000e+04
1.381000000000000000e+04,-9.176000000000000000e+03,-1.658100000000000000e+04,-1.755000000000000000e+04,3.418000000000000000e+03,-1.863600000000000000e+04,-2.911800000000000000e+04,-3.048500000000000000e+04
-1.568700000000000000e+04,-1.902100000000000000e+04,-6.504000000000000000e+03,-2.758000000000000000e+04,-6.615000000000000000e+03,-1.579800000000000000e+04,7.556000000000000000e+03,-1.610400000000000000e+04
-1.452300000000000000e+04,-1.937600000000000000e+04,-2.017500000000000000e+04,-1.047300000000000000e+04,-1.583400000000000000e+04,-1.809400000000000000e+04,1.112200000000000000e+04,-1.647900000000000000e+04
9.980000000000000000e+02,-2.116000000000000000e+04,-1.200500000000000000e+04,-1.609900000000000000e+04,3.446000000000000000e+03,-5.662000000000000000e+03,-1.801900000000000000e+04,-2.668000000000000000e+04
1.148800000000000000e+04,-1.990000000000000000e+03,-1.796700000000000000e+04,-1.555900000000000000e+04,-5.868000000000000000e+03,-1.918800000000000000e+04,-1.004300000000000000e+04,-3.441400000000000000e+04
-1.505400000000000000e+04,2.886300000000000000e+04,-2.402600000000000000e+04,-2.030500000000000000e+04,-5.263700000000000000e+04,-2.137600000000000000e+04,-2.057700000000000000e+04,-3.480200000000000000e+04
-5.868000000000000000e+03,-2.027200000000000000e+04,4.367000000000000000e+03,-5.040000000000000000e+03,-7.158000000000000000e+03,-1.180000000000000000e+03,-1.878400000000000000e+04,-4.944600000000000000e+04
-1.957000000000000000e+04,-1.148700000000000000e+04,4.000000000000000000e+02,-2.399000000000000000e+03,-8.954000000000000000e+03,-2.030200000000000000e+04,-8.565000000000000000e+03,-5.103000000000000000e+03
-9.759000000000000000e+03,-1.144900000000000000e+04,-1.263100000000000000e+04,-1.661200000000000000e+04,-9.954000000000000000e+03,-1.415400000000000000e+04,7.639000000000000000e+03,-6.023000000000000000e+03
-2.159000000000000000e+04,-1.954100000000000000e+04,-2.263200000000000000e+04,-1.706200000000000000e+04,-2.042800000000000000e+04,-1.397600000000000000e+04,-1.885600000000000000e+04,2.098400000000000000e+04
-1.739200000000000000e+04,-2.054000000000000000e+03,-1.900900000000000000e+04,-1.051100000000000000e+04,-2.264200000000000000e+04,-1.988400000000000000e+04,-1.213300000000000000e+04,-1.310900000000000000e+04
-3.252000000000000000e+03,-1.205700000000000000e+04,-8.033000000000000000e+03,-1.404600000000000000e+04,8.660000000000000000e+02,6.021000000000000000e+03,-2.470800000000000000e+04,-3.260500000000000000e+04
-3.328700000000000000e+04,-2.195100000000000000e+04,-1.274900000000000000e+04,-3.140000000000000000e+04,-3.496400000000000000e+04,-2.962700000000000000e+04,-2.181200000000000000e+04,1.981200000000000000e+04
-1.209700000000000000e+04,-9.200000000000000000e+02,-1.171400000000000000e+04,-1.253000000000000000e+04,-3.287300000000000000e+04,-1.626100000000000000e+04,8.629000000000000000e+03,-3.607000000000000000e+04
-1.642500000000000000e+04,1.380000000000000000e+04,-1.742200000000000000e+04,-1.504800000000000000e+04,-4.041400000000000000e+04,-1.261500000000000000e+04,-2.753000000000000000e+04,-2.448600000000000000e+04
-1.059200000000000000e+04,-5.295000000000000000e+03,-1.774400000000000000e+04,3.663000000000000000e+03,-3.111300000000000000e+04,6.926000000000000000e+03,-2.319300000000000000e+04,-2.091000000000000000e+04
-1.121700000000000000e+04,-1.187300000000000000e+04,-1.846300000000000000e+04,6.019000000000000000e+03,-2.387100000000000000e+04,3.541000000000000000e+03,-2.046600000000000000e+04,-1.676900000000000000e+04
-1.948300000000000000e+04,-1.570800000000000000e+04,-1.523500000000000000e+04,-1.797100000000000000e+04,-1.370500000000000000e+04,-2.094700000000000000e+04,-2.282300000000000000e+04,1.074600000000000000e+04
-2.150800000000000000e+04,-1.360100000000000000e+04,-3.974000000000000000e+03,-2.334400000000000000e+04,-2.527000000000000000e+04,-2.571500000000000000e+04,-1.880500000000000000e+04,8.400000000000000000e+02
-1.600800000000000000e+04,-1.624400000000000000e+04,2.104000000000000000e+03,-2.091100000000000000e+04,-8.000000000000000000e+02,-3.236100000000000000e+04,-2.203600000000000000e+04,2.936000000000000000e+03
9.930000000000000000e+02,-1.294700000000000000e+04,-1.234200000000000000e+04,-7.025000000000000000e+03,-1.811000000000000000e+03,-1.416200000000000000e+04,-2.683200000000000000e+04,-2.236700000000000000e+04
-1.464900000000000000e+04,-1.326000000000000000e+04,-4.645000000000000000e+03,-2.010900000000000000e+04,-2.020200000000000000e+04,-1.563200000000000000e+04,1.424700000000000000e+04,-1.733700000000000000e+04
-1.537200000000000000e+04,6.911000000000000000e+03,-1.582200000000000000e+04,-1.826500000000000000e+04,-1.549700000000000000e+04,-9.985000000000000000e+03,-1.099300000000000000e+04,-2.562000000000000000e+04
-3.080900000000000000e+04,-1.607600000000000000e+04,-1.571400000000000000e+04,-3.247700000000000000e+04,-2.339600000000000000e+04,-3.156100000000000000e+04,-3.075300000000000000e+04,1.497500000000000000e+04
-2.402600000000000000e+04,1.902100000000000000e+04,-2.200000000000000000e+04,-2.007400000000000000e+04,-3.003000000000000000e+04,-2.133400000000000000e+04,-1.517200000000000000e+04,-2.937200000000000000e+04
-1.217400000000000000e+04,-1.488800000000000000e+04,-1.560700000000000000e+04,-7.565000000000000000e+03,-1.164500000000000000e+04,2.789000000000000000e+03,-1.764800000000000000e+04,-1.240200000000000000e+04
-1.054200000000000000e+04,-2.093900000000000000e+04,-2.427700000000000000e+04,-1.425900000000000000e+04,5.331000000000000000e+03,-1.674600000000000000e+04,-1.585000000000000000e+04,-1.795600000000000000e+04
-2.661800000000000000e+04,-1.401700000000000000e+04,-9.596000000000000000e+03,-3.377700000000000000e+04,-2.534600000000000000e+04,-2.246100000000000000e+04,-1.952000000000000000e+04,1.164600000000000000e+04
-2.151300000000000000e+04,-2.642500000000000000e+04,-2.527900000000000000e+04,-7.730000000000000000e+03,-1.743900000000000000e+04,-4.438000000000000000e+03,-1.112300000000000000e+04,-3.694500000000000000e+04
-2.351200000000000000e+04,-6.330000000000000000e+02,-2.562500000000000000e+04,-3.810000000000000000e+02,-4.359000000000000000e+04,-4.540000000000000000e+02,-2.202000000000000000e+04,-4.462200000000000000e+04
-2.270000000000000000e+03,-1.244900000000000000e+04,-1.060800000000000000e+04,2.912000000000000000e+03,-1.270300000000000000e+04,-1.455600000000000000e+04,-1.705300000000000000e+04,-1.978500000000000000e+04
-2.084400000000000000e+04,5.149000000000000000e+03,-1.253200000000000000e+04,1.224000000000000000e+03,-2.736900000000000000e+04,-2.419500000000000000e+04,-4.055000000000000000e+03,-3.413800000000000000e+04
8.240000000000000000e+02,-2.064900000000000000e+04,-1.507700000000000000e+04,-1.044500000000000000e+04,-2.287000000000000000e+04,5.636000000000000000e+03,-3.055200000000000000e+04,-4.265400000000000000e+04
-1.294200000000000000e+04,-1.687900000000000000e+04,-1.489000000000000000e+03,-2.708300000000000000e+04,-1.012800000000000000e+04,-2.806100000000000000e+04,-2.141700000000000000e+04,-1.186200000000000000e+04
-2.846400000000000000e+04,-2.142200000000000000e+04,-3.234000000000000000e+03,-2.714100000000000000e+04,-1.886400000000000000e+04,-3.932300000000000000e+04,-2.413700000000000000e+04,7.771000000000000000e+03
-9.750000000000000000e+03,-1.850500000000000000e+04,-1.509100000000000000e+04,-9.000000000000000000e+02,-3.148600000000000000e+04,1.444000000000000000e+03,-2.163900000000000000e+04,-3.790200000000000000e+04
-8.744000000000000000e+03,-1.251500000000000000e+04,-2.210000000000000000e+03,5.030000000000000000e+02,-2.350300000000000000e+04,-1.963900000000000000e+04,-1.403600000000000000e+04,-2.809300000000000000e+04
-9.624000000000000000e+03,-1.074200000000000000e+04,-1.084900000000000000e+04,3.360000000000000000e+03,-2.193300000000000000e+04,4.770000000000000000e+02,-2.521400000000000000e+04,-3.725600000000000000e+04
-1.359400000000000000e+04,-9.093000000000000000e+03,-1.486400000000000000e+04,-3.022300000000000000e+04,-2.291500000000000000e+04,-1.564200000000000000e+04,2.182900000000000000e+04,-4.481000000000000000e+03
-1.926000000000000000e+04,-1.411000000000000000e+04,5.665000000000000000e+03,-1.130000000000000000e+04,-1.296300000000000000e+04,-2.741600000000000000e+04,-1.719200000000000000e+04,-3.146900000000000000e+04
-2.787000000000000000e+03,-7.884000000000000000e+03,-1.021700000000000000e+04,4.026000000000000000e+03,-2.660600000000000000e+04,-1.034500000000000000e+04,-3.521900000000000000e+04,-5.543500000000000000e+04
-8.353000000000000000e+03,1.133800000000000000e+04,-1.022500000000000000e+04,-7.265000000000000000e+03,-2.846600000000000000e+04,-2.188900000000000000e+04,-1.111400000000000000e+04,-2.727100000000000000e+04
1.762300000000000000e+04,-1.982400000000000000e+04,-1.646700000000000000e+04,-4.887000000000000000e+03,-2.852200000000000000e+04,1.570000000000000000e+03,-3.069900000000000000e+04,-4.305500000000000000e+04
-2.453000000000000000e+04,-1.221100000000000000e+04,-2.005000000000000000e+04,-2.728100000000000000e+04,-1.972800000000000000e+04,-2.434700000000000000e+04,-1.532600000000000000e+04,1.668000000000000000e+04
-1.028400000000000000e+04,-2.921300000000000000e+04,-1.134200000000000000e+04,-2.162200000000000000e+04,1.146400000000000000e+04,-1.970300000000000000e+04,-3.541500000000000000e+04,-1.595500000000000000e+04
-1.830000000000000000e+04,1.094300000000000000e+04,-1.411100000000000000e+04,-1.361200000000000000e+04,-2.996000000000000000e+04,-1.828200000000000000e+04,-9.212000000000000000e+03,-2.276900000000000000e+04
-2.703700000000000000e+04,-4.284000000000000000e+03,-2.156200000000000000e+04,-1.385400000000000000e+04,-3.304800000000000000e+04,-1.712700000000000000e+04,3.059000000000000000e+03,-3.343700000000000000e+04
-2.407600000000000000e+04,-9.124000000000000000e+03,-2.068000000000000000e+04,-1.379300000000000000e+04,-2.216800000000000000e+04,-9.678000000000000000e+03,1.372200000000000000e+04,-1.835100000000000000e+04
-6.579000000000000000e+03,-1.955700000000000000e+04,-1.206500000000000000e+04,-2.403000000000000000e+03,-5.195000000000000000e+03,-1.231500000000000000e+04,-1.747200000000000000e+04,-1.389000000000000000e+04
-5.010000000000000000e+03,1.256700000000000000e+04,-1.583200000000000000e+04,-2.027500000000000000e+04,-2.998800000000000000e+04,-1.557500000000000000e+04,-8.671000000000000000e+03,-3.112800000000000000e+04
-4.119000000000000000e+03,-2.711500000000000000e+04,-6.366000000000000000e+03,-2.154200000000000000e+04,1.172200000000000000e+04,-2.607200000000000000e+04,-3.210500000000000000e+04,-1.448700000000000000e+04
1.091300000000000000e+04,-1.562100000000000000e+04,-1.354500000000000000e+04,-8.859000000000000000e+03,-1.228500000000000000e+04,-8.231000000000000000e+03,-2.328900000000000000e+04,-2.950600000000000000e+04
-2.245800000000000000e+04,1.438000000000000000e+04,-1.966300000000000000e+04,-1.764600000000000000e+04,-2.585200000000000000e+04,-1.230800000000000000e+04,-1.496400000000000000e+04,-1.908600000000000000e+04
-1.420600000000000000e+04,-8.954000000000000000e+03,-2.858500000000000000e+04,-1.585200000000000000e+04,-2.242900000000000000e+04,7.819000000000000000e+03,-8.640000000000000000e+02,-1.259200000000000000e+04
1.332800000000000000e+04,-2.083400000000000000e+04,-1.298600000000000000e+04,2.990000000000000000e+02,-2.144200000000000000e+04,-3.299000000000000000e+03,-4.052700000000000000e+04,-4.036900000000000000e+04
-1.981400000000000000e+04,-1.615700000000000000e+04,-9.322000000000000000e+03,4.280000000000000000e+03,-2.871700000000000000e+04,2.268000000000000000e+03,-1.459400000000000000e+04,-3.569500000000000000e+04
-7.426000000000000000e+03,-9.733000000000000000e+03,-5.518000000000000000e+03,-1.884000000000000000e+04,4.069000000000000000e+03,-1.977600000000000000e+04,8.603000000000000000e+03,-1.465400000000000000e+04
-3.218500000000000000e+04,-1.964400000000000000e+04,3.844000000000000000e+03,-2.972700000000000000e+04,-2.387200000000000000e+04,-3.036300000000000000e+04,-2.720700000000000000e+04,8.104000000000000000e+03
8.074000000000000000e+03,-1.702600000000000000e+04,-1.701000000000000000e+04,-1.322600000000000000e+04,-2.452700000000000000e+04,-1.430000000000000000e+02,-3.469800000000000000e+04,-4.771900000000000000e+04
-1.819800000000000000e+04,1.551000000000000000e+04,-1.869900000000000000e+04,-2.696600000000000000e+04,-4.034400000000000000e+04,-1.462900000000000000e+04,-1.489200000000000000e+04,-2.712300000000000000e+04
-1.317500000000000000e+04,-9.677000000000000000e+03,-3.113000000000000000e+03,-1.966900000000000000e+04,-1.335200000000000000e+04,-6.634000000000000000e+03,-7.440000000000000000e+02,-1.757000000000000000e+04
-1.463600000000000000e+04,-1.358400000000000000e+04,-1.292800000000000000e+04,-1.203700000000000000e+04,-2.251500000000000000e+04,-1.400000000000000000e+04,1.530800000000000000e+04,-2.709200000000000000e+04
-2.653400000000000000e+04,-5.277000000000000000e+03,-1.657100000000000000e+04,-1.428400000000000000e+04,-2.319800000000000000e+04,-1.638900000000000000e+04,1.201900000000000000e+04,-2.161400000000000000e+04
-3.593300000000000000e+04,-1.969200000000000000e+04,-1.727700000000000000e+04,-7.764000000000000000e+03,-1.904600000000000000e+04,-9.599000000000000000e+03,1.920800000000000000e+04,-2.754100000000000000e+04
-2.058700000000000000e+04,-9.645000000000000000e+03,-2.161600000000000000e+04,-2.092400000000000000e+04,-1.465800000000000000e+04,-2.461000000000000000e+04,1.208000000000000000e+04,-1.975400000000000000e+04
-1.987000000000000000e+03,8.759000000000000000e+03,-2.426500000000000000e+04,-4.312000000000000000e+03,-2.340800000000000000e+04,-1.361300000000000000e+04,-2.218800000000000000e+04,-9.679000000000000000e+03
-2.096300000000000000e+04,-1.413000000000000000e+04,1.513400000000000000e+04,-9.884000000000000000e+03,-2.919000000000000000e+03,-1.703200000000000000e+04,-1.833900000000000000e+04,-1.049800000000000000e+04
-1.221100000000000000e+04,-1.297700000000000000e+04,-1.131200000000000000e+04,-1.717900000000000000e+04,-1.790100000000000000e+04,-5.403000000000000000e+03,7.903000000000000000e+03,-1.655800000000000000e+04
-1.603200000000000000e+04,-2.251100000000000000e+04,-2.121200000000000000e+04,-2.250400000000000000e+04,-2.505100000000000000e+04,-1.136800000000000000e+04,2.773200000000000000e+04,-1.486700000000000000e+04
-2.333300000000000000e+04,-1.339900000000000000e+04,-1.389700000000000000e+04,-2.047600000000000000e+04,-1.312200000000000000e+04,-9.432000000000000000e+03,-4.890000000000000000e+02,-5.550000000000000000e+02
-7.334000000000000000e+03,-7.060000000000000000e+03,1.122200000000000000e+04,-5.035000000000000000e+03,-8.980000000000000000e+03,-2.607700000000000000e+04,-2.551800000000000000e+04,-2.437300000000000000e+04
-4.245500000000000000e+04,-2.045300000000000000e+04,1.404000000000000000e+03,-2.703500000000000000e+04,-2.952800000000000000e+04,-3.395600000000000000e+04,-2.274900000000000000e+04,5.715000000000000000e+03
-4.073400000000000000e+04,-1.654500000000000000e+04,-3.418000000000000000e+03,-1.279900000000000000e+04,-1.798800000000000000e+04,-3.668800000000000000e+04,-1.345200000000000000e+04,-7.244000000000000000e+03
-3.909200000000000000e+04,-1.412700000000000000e+04,-1.292900000000000000e+04,-2.191400000000000000e+04,-2.319800000000000000e+04,2.950000000000000000e+03,1.679000000000000000e+03,-1.870000000000000000e+02
-2.054000000000000000e+04,-2.495000000000000000e+03,-1.180400000000000000e+04,-2.336700000000000000e+04,-2.657700000000000000e+04,-1.500900000000000000e+04,-5.549000000000000000e+03,-8.399000000000000000e+03
-2.869000000000000000e+04,-1.420200000000000000e+04,-5.670000000000000000e+03,-3.284500000000000000e+04,-2.148200000000000000e+04,-3.917000000000000000e+04,-2.073900000000000000e+04,1.364900000000000000e+04
-1.612100000000000000e+04,-8.381000000000000000e+03,-2.486300000000000000e+04,-2.014300000000000000e+04,-2.535400000000000000e+04,1.252500000000000000e+04,-9.747000000000000000e+03,-1.062400000000000000e+04
1.798000000000000000e+03,-1.620300000000000000e+04,-1.913900000000000000e+04,-1.106700000000000000e+04,-9.437000000000000000e+03,-6.332000000000000000e+03,-2.057100000000000000e+04,-2.326000000000000000e+04
1.118600000000000000e+04,-1.839000000000000000e+04,-1.723600000000000000e+04,-2.921000000000000000e+03,-5.517000000000000000e+03,-3.183000000000000000e+03,-2.600200000000000000e+04,-3.916100000000000000e+04
-2.825000000000000000e+04,-1.264400000000000000e+04,2.350800000000000000e+04,-1.047500000000000000e+04,-1.858000000000000000e+04,-3.332900000000000000e+04,-1.622400000000000000e+04,-1.580900000000000000e+04
1.003000000000000000e+03,1.820000000000000000e+02,-1.373900000000000000e+04,-9.865000000000000000e+03,-1.503600000000000000e+04,-1.526900000000000000e+04,-1.402200000000000000e+04,-2.458700000000000000e+04
-2.621700000000000000e+04,-1.041200000000000000e+04,4.013000000000000000e+03,-6.405000000000000000e+03,-2.003900000000000000e+04,-2.502200000000000000e+04,4.536000000000000000e+03,-1.979500000000000000e+04
1.849300000000000000e+04,-2.266300000000000000e+04,-6.433000000000000000e+03,-1.412000000000000000e+03,-1.096000000000000000e+04,4.300000000000000000e+01,-2.926300000000000000e+04,-4.390100000000000000e+04
-2.121000000000000000e+04,-1.451100000000000000e+04,-1.533100000000000000e+04,-2.876500000000000000e+04,-2.494100000000000000e+04,-2.391500000000000000e+04,-1.800300000000000000e+04,1.744200000000000000e+04
-1.201000000000000000e+03,-2.321500000000000000e+04,-7.720000000000000000e+03,-5.530000000000000000e+03,9.850000000000000000e+02,-6.264000000000000000e+03,-1.025700000000000000e+04,-3.490100000000000000e+04
-2.521900000000000000e+04,1.026500000000000000e+04,-1.611400000000000000e+04,-8.842000000000000000e+03,-3.572500000000000000e+04,-1.112600000000000000e+04,-1.790500000000000000e+04,-3.472300000000000000e+04
-1.892000000000000000e+03,-1.804700000000000000e+04,-1.114700000000000000e+04,3.250000000000000000e+02,-2.027000000000000000e+04,1.035600000000000000e+04,-2.583400000000000000e+04,-2.371400000000000000e+04
1.880000000000000000e+02,-1.257400000000000000e+04,-2.241400000000000000e+04,2.268000000000000000e+03,-4.268800000000000000e+04,2.162000000000000000e+03,-2.836200000000000000e+04,-3.602400000000000000e+04
-2.126400000000000000e+04,-1.816000000000000000e+03,-2.279100000000000000e+04,-9.345000000000000000e+03,-2.391000000000000000e+04,-1.729500000000000000e+04,-7.194000000000000000e+03,-3.129200000000000000e+04
-5.060000000000000000e+02,-2.387400000000000000e+04,-1.177400000000000000e+04,9.210000000000000000e+02,-2.530900000000000000e+04,6.958000000000000000e+03,-2.104600000000000000e+04,-3.518900000000000000e+04
-7.613000000000000000e+03,-1.464300000000000000e+04,-1.393900000000000000e+04,-1.133300000000000000e+04,-2.990400000000000000e+04,-3.904000000000000000e+03,-3.255300000000000000e+04,-3.958800000000000000e+04
8.080000000000000000e+03,-1.841900000000000000e+04,-8.785000000000000000e+03,-7.328000000000000000e+03,-2.000000000000000000e+04,1.208000000000000000e+03,-1.829800000000000000e+04,-4.467200000000000000e+04
-1.855100000000000000e+04,2.442500000000000000e+04,-2.315800000000000000e+04,-1.928600000000000000e+04,-2.831300000000000000e+04,-2.528900000000000000e+04,-1.217600000000000000e+04,-3.429400000000000000e+04
-3.185300000000000000e+04,-2.368200000000000000e+04,-6.034000000000000000e+03,-4.098500000000000000e+04,-2.641900000000000000e+04,-3.273000000000000000e+04,-3.389600000000000000e+04,1.108200000000000000e+04
-2.449900000000000000e+04,-2.122300000000000000e+04,-2.372000000000000000e+03,-1.916000000000000000e+04,-1.257300000000000000e+04,-3.205500000000000000e+04,-1.159600000000000000e+04,-1.165700000000000000e+04
-2.188800000000000000e+04,-1.540400000000000000e+04,-1.721000000000000000e+04,-1.297600000000000000e+04,-2.327500000000000000e+04,-1.295400000000000000e+04,2.577900000000000000e+04,-1.555800000000000000e+04
-7.887000000000000000e+03,-1.720600000000000000e+04,-5.607000000000000000e+03,-1.006900000000000000e+04,-3.193000000000000000e+03,-9.594000000000000000e+03,-1.812300000000000000e+04,-1.497500000000000000e+04
-1.281100000000000000e+04,-1.053000000000000000e+04,-9.744000000000000000e+03,5.973000000000000000e+03,-2.780400000000000000e+04,5.869000000000000000e+03,-2.924700000000000000e+04,-3.880600000000000000e+04
-2.704900000000000000e+04,7.414000000000000000e+03,-8.349000000000000000e+03,-6.749000000000000000e+03,-3.691000000000000000e+04,-1.996400000000000000e+04,4.730000000000000000e+02,-3.990900000000000000e+04
-3.440000000000000000e+02,-1.922800000000000000e+04,-5.258000000000000000e+03,-1.470300000000000000e+04,9.479000000000000000e+03,-1.261200000000000000e+04,-2.336300000000000000e+04,-3.192200000000000000e+04
-6.014000000000000000e+03,-1.407100000000000000e+04,-8.179000000000000000e+03,6.066000000000000000e+03,-2.421300000000000000e+04,-1.988100000000000000e+04,-6.866000000000000000e+03,-2.175200000000000000e+04
-1.166400000000000000e+04,-2.497300000000000000e+04,3.341000000000000000e+03,-9.577000000000000000e+03,4.635000000000000000e+03,-2.542600000000000000e+04,-2.800000000000000000e+04,-8.792000000000000000e+03
-1.503000000000000000e+03,8.434000000000000000e+03,-2.122100000000000000e+04,-4.710000000000000000e+03,-2.298000000000000000e+04,-1.973600000000000000e+04,-3.174800000000000000e+04,-1.594200000000000000e+04
-3.005000000000000000e+03,-1.759900000000000000e+04,-1.525800000000000000e+04,-1.571500000000000000e+04,9.313000000000000000e+03,-7.625000000000000000e+03,-2.740700000000000000e+04,-2.261000000000000000e+04
-1.371800000000000000e+04,-5.874000000000000000e+03,-5.065000000000000000e+03,-2.360500000000000000e+04,-1.129300000000000000e+04,-2.078500000000000000e+04,6.392000000000000000e+03,-9.911000000000000000e+03
-2.889100000000000000e+04,-2.969700000000000000e+04,-5.181000000000000000e+03,-3.082000000000000000e+04,-3.392200000000000000e+04,-3.079000000000000000e+04,-2.324400000000000000e+04,1.654600000000000000e+04
-3.599500000000000000e+04,-1.357900000000000000e+04,8.170000000000000000e+02,-3.064300000000000000e+04,-2.145000000000000000e+04,-3.546200000000000000e+04,-2.640100000000000000e+04,1.268300000000000000e+04
-1.619500000000000000e+04,-1.647800000000000000e+04,-1.933200000000000000e+04,-9.287000000000000000e+03,-2.327400000000000000e+04,1.142800000000000000e+04,-1.032900000000000000e+04,-1.611500000000000000e+04
-7.752000000000000000e+03,1.391900000000000000e+04,-1.855200000000000000e+04,-1.838300000000000000e+04,-3.041000000000000000e+04,-7.183000000000000000e+03,-5.088000000000000000e+03,-2.084400000000000000e+04
-7.483000000000000000e+03,-2.727000000000000000e+03,-2.083700000000000000e+04,-1.002900000000000000e+04,-1.264300000000000000e+04,-1.758000000000000000e+03,-2.324300000000000000e+04,-3.088700000000000000e+04
-1.389900000000000000e+04,-1.198500000000000000e+04,3.210000000000000000e+02,-1.638100000000000000e+04,1.003000000000000000e+03,-3.815700000000000000e+04,-1.483600000000000000e+04,-1.578100000000000000e+04
-1.394200000000000000e+04,-1.709500000000000000e+04,-1.856700000000000000e+04,-1.342700000000000000e+04,1.148200000000000000e+04,-1.567500000000000000e+04,-2.527400000000000000e+04,-9.648000000000000000e+03
-3.105000000000000000e+03,-8.506000000000000000e+03,-9.956000000000000000e+03,-1.027500000000000000e+04,1.720000000000000000e+02,7.919000000000000000e+03,-1.348800000000000000e+04,-1.140800000000000000e+04
-2.041500000000000000e+04,-1.043600000000000000e+04,-6.280000000000000000e+03,-1.235700000000000000e+04,-2.960900000000000000e+04,-2.437000000000000000e+03,1.116100000000000000e+04,-3.247800000000000000e+04
-4.171600000000000000e+04,-3.309700000000000000e+04,-7.036000000000000000e+03,-3.134500000000000000e+04,-3.602800000000000000e+04,-3.914500000000000000e+04,-2.223700000000000000e+04,1.740700000000000000e+04
-2.637800000000000000e+04,-1.933300000000000000e+04,1.227000000000000000e+03,-2.545500000000000000e+04,-4.309000000000000000e+03,-3.069700000000000000e+04,-1.000900000000000000e+04,-2.971000000000000000e+03
-1.818300000000000000e+04,-1.529200000000000000e+04,-1.105000000000000000e+04,-3.088000000000000000e+04,-3.294300000000000000e+04,-1.480900000000000000e+04,1.419700000000000000e+04,-2.827900000000000000e+04
-2.027100000000000000e+04,-2.284700000000000000e+04,8.583000000000000000e+03,-1.525600000000000000e+04,-1.656000000000000000e+03,-2.869400000000000000e+04,-1.993400000000000000e+04,-4.650000000000000000e+03
-1.455000000000000000e+04,-1.636200000000000000e+04,-1.819700000000000000e+04,-1.384100000000000000e+04,1.089200000000000000e+04,-2.194900000000000000e+04,-2.753600000000000000e+04,-2.453400000000000000e+04
-1.103600000000000000e+04,-5.904000000000000000e+03,-2.336300000000000000e+04,1.942000000000000000e+03,-4.193300000000000000e+04,-6.201000000000000000e+03,-1.549900000000000000e+04,-3.485600000000000000e+04
-8.135000000000000000e+03,-1.459500000000000000e+04,-2.047900000000000000e+04,-1.013400000000000000e+04,-2.603500000000000000e+04,1.325500000000000000e+04,-1.432400000000000000e+04,-2.492700000000000000e+04
-3.349100000000000000e+04,-1.888900000000000000e+04,-1.722000000000000000e+03,-3.817100000000000000e+04,-3.557200000000000000e+04,-2.226900000000000000e+04,-2.175800000000000000e+04,-2.209000000000000000e+03
-1.089400000000000000e+04,2.187200000000000000e+04,-2.126900000000000000e+04,-2.270000000000000000e+04,-4.466200000000000000e+04,-1.488200000000000000e+04,-2.518300000000000000e+04,-3.629700000000000000e+04
-1.710000000000000000e+04,-7.262000000000000000e+03,-7.423000000000000000e+03,-2.384400000000000000e+04,-2.029400000000000000e+04,-7.840000000000000000e+02,9.167000000000000000e+03,-1.724300000000000000e+04
-1.994700000000000000e+04,-1.223200000000000000e+04,-6.035000000000000000e+03,-2.786100000000000000e+04,-2.898400000000000000e+04,-6.150000000000000000e+03,6.360000000000000000e+03,-2.846800000000000000e+04
-3.818400000000000000e+04,-3.245200000000000000e+04,3.609000000000000000e+03,-2.565400000000000000e+04,-3.075700000000000000e+04,-3.226300000000000000e+04,-1.510700000000000000e+04,8.552000000000000000e+03
-2.240500000000000000e+04,8.793000000000000000e+03,-1.605000000000000000e+04,-1.235400000000000000e+04,-3.838100000000000000e+04,-2.448000000000000000e+04,-8.499000000000000000e+03,-2.020200000000000000e+04
-3.219400000000000000e+04,-1.784700000000000000e+04,-1.149700000000000000e+04,-2.156600000000000000e+04,-2.639500000000000000e+04,-2.806700000000000000e+04,-1.989300000000000000e+04,1.113700000000000000e+04
-9.402000000000000000e+03,9.513000000000000000e+03,-1.481200000000000000e+04,-1.936000000000000000e+03,-2.504900000000000000e+04,-1.688300000000000000e+04,-1.209000000000000000e+03,-2.687200000000000000e+04
3.325000000000000000e+03,-1.824900000000000000e+04,-1.383400000000000000e+04,-4.204000000000000000e+03,-2.962000000000000000e+04,8.125000000000000000e+03,-2.861600000000000000e+04,-4.582700000000000000e+04
1.189600000000000000e+04,-1.005000000000000000e+04,-1.142100000000000000e+04,-8.179000000000000000e+03,-1.151700000000000000e+04,-5.374000000000000000e+03,-3.216600000000000000e+04,-4.507700000000000000e+04
-3.252900000000000000e+04,-2.259900000000000000e+04,-2.446000000000000000e+03,-2.121200000000000000e+04,-2.050000000000000000e+04,-3.916400000000000000e+04,-1.988700000000000000e+04,9.668000000000000000e+03
-1.878300000000000000e+04,-1.392800000000000000e+04,-1.131800000000000000e+04,-3.153800000000000000e+04,-2.162300000000000000e+04,-2.280700000000000000e+04,-1.867400000000000000e+04,1.166000000000000000e+04
4.151000000000000000e+03,-2.419400000000000000e+04,-1.207200000000000000e+04,-1.244700000000000000e+04,1.282000000000000000e+04,-2.387400000000000000e+04,-2.859500000000000000e+04,-3.310000000000000000e+04
-7.405000000000000000e+03,-2.209500000000000000e+04,-9.567000000000000000e+03,7.738000000000000000e+03,-4.642000000000000000e+03,-2.110200000000000000e+04,-1.080700000000000000e+04,-2.855300000000000000e+04
1.559000000000000000e+03,8.784000000000000000e+03,-1.470800000000000000e+04,-1.977000000000000000e+04,-2.198300000000000000e+04,-1.575900000000000000e+04,-2.893200000000000000e+04,-3.201600000000000000e+04
-2.978000000000000000e+03,-2.314000000000000000e+04,-2.158900000000000000e+04,-2.978100000000000000e+04,1.554700000000000000e+04,-2.153200000000000000e+04,-2.758000000000000000e+04,-1.338100000000000000e+04
-3.183400000000000000e+04,-1.704200000000000000e+04,-7.044000000000000000e+03,-3.425700000000000000e+04,-3.000600000000000000e+04,-3.006900000000000000e+04,-2.428100000000000000e+04,8.856000000000000000e+03
-4.679000000000000000e+03,-2.287400000000000000e+04,-2.244100000000000000e+04,-6.948000000000000000e+03,-1.780600000000000000e+04,7.742000000000000000e+03,-1.801300000000000000e+04,-2.330900000000000000e+04
-4.766000000000000000e+03,-2.298500000000000000e+04,-1.116500000000000000e+04,-5.627000000000000000e+03,-4.500000000000000000e+03,-1.027100000000000000e+04,-1.457000000000000000e+04,-3.778600000000000000e+04
-1.411600000000000000e+04,-2.539600000000000000e+04,-7.609000000000000000e+03,-1.679900000000000000e+04,6.103000000000000000e+03,-2.431800000000000000e+04,-2.338600000000000000e+04,-8.642000000000000000e+03
-7.557000000000000000e+03,-2.229100000000000000e+04,-1.558300000000000000e+04,-2.492900000000000000e+04,-2.659100000000000000e+04,-1.683100000000000000e+04,-1.060200000000000000e+04,7.964000000000000000e+03
-2.598400000000000000e+04,-1.791500000000000000e+04,2.401000000000000000e+03,-1.581100000000000000e+04,-4.046000000000000000e+03,-3.201500000000000000e+04,-2.784800000000000000e+04,-8.825000000000000000e+03
-2.677100000000000000e+04,-1.423700000000000000e+04,-1.077600000000000000e+04,-2.930500000000000000e+04,-1.674600000000000000e+04,-2.142200000000000000e+04,-2.623000000000000000e+03,-9.033000000000000000e+03
-1.273100000000000000e+04,1.330100000000000000e+04,-7.693000000000000000e+03,-1.687100000000000000e+04,-2.640700000000000000e+04,-1.724300000000000000e+04,-2.573900000000000000e+04,-2.942200000000000000e+04
-4.016600000000000000e+04,-1.532200000000000000e+04,-1.145200000000000000e+04,9.855000000000000000e+03,-2.334800000000000000e+04,-1.523200000000000000e+04,-1.157000000000000000e+03,-3.660100000000000000e+04
-1.005000000000000000e+04,1.638600000000000000e+04,-2.754800000000000000e+04,-6.396000000000000000e+03,-4.036100000000000000e+04,-1.553100000000000000e+04,-1.975400000000000000e+04,-1.645900000000000000e+04
-1.262600000000000000e+04,2.740300000000000000e+04,-1.940900000000000000e+04,-2.045000000000000000e+04,-4.467800000000000000e+04,-2.024500000000000000e+04,-8.238000000000000000e+03,-2.448000000000000000e+04
-1.743100000000000000e+04,2.576000000000000000e+04,-2.044600000000000000e+04,-1.819500000000000000e+04,-4.036500000000000000e+04,-1.767200000000000000e+04,-2.895900000000000000e+04,-3.962200000000000000e+04
-4.014000000000000000e+04,-2.630300000000000000e+04,9.000000000000000000e+02,-2.978100000000000000e+04,-2.375700000000000000e+04,-3.431400000000000000e+04,-1.757300000000000000e+04,-6.720000000000000000e+02
-2.534600000000000000e+04,-3.868000000000000000e+03,-8.398000000000000000e+03,-1.202800000000000000e+04,-3.148200000000000000e+04,-1.295100000000000000e+04,-1.088200000000000000e+04,-2.736700000000000000e+04
-1.861700000000000000e+04,-1.590000000000000000e+04,-2.314500000000000000e+04,1.482000000000000000e+03,-1.845300000000000000e+04,-4.490000000000000000e+02,-1.776800000000000000e+04,-3.191300000000000000e+04
-2.180100000000000000e+04,-1.783900000000000000e+04,-1.322300000000000000e+04,-2.889100000000000000e+04,-1.876000000000000000e+04,-1.195800000000000000e+04,4.306000000000000000e+03,-4.529000000000000000e+03
-1.254200000000000000e+04,-9.760000000000000000e+02,-1.365400000000000000e+04,-4.540000000000000000e+02,-2.927100000000000000e+04,7.720000000000000000e+02,-3.588200000000000000e+04,-1.845100000000000000e+04
-6.599000000000000000e+03,-1.208500000000000000e+04,-1.097900000000000000e+04,-1.494900000000000000e+04,-4.254000000000000000e+03,-1.519500000000000000e+04,-1.930700000000000000e+04,-1.327300000000000000e+04
-7.173000000000000000e+03,-1.338100000000000000e+04,-2.251900000000000000e+04,-1.339700000000000000e+04,-1.548000000000000000e+04,1.211200000000000000e+04,-7.575000000000000000e+03,-1.984700000000000000e+04
-2.118100000000000000e+04,-1.576600000000000000e+04,-1.433500000000000000e+04,-1.904700000000000000e+04,-2.301900000000000000e+04,-5.928000000000000000e+03,1.681500000000000000e+04,-2.097900000000000000e+04
-1.689500000000000000e+04,-1.008700000000000000e+04,-1.251200000000000000e+04,-2.350600000000000000e+04,-3.240700000000000000e+04,-2.007200000000000000e+04,1.659200000000000000e+04,-9.233000000000000000e+03
-4.750000000000000000e+02,-1.913800000000000000e+04,-1.648900000000000000e+04,6.449000000000000000e+03,-1.037900000000000000e+04,-3.004000000000000000e+03,-2.924100000000000000e+04,-4.189200000000000000e+04
-5.500000000000000000e+02,-2.417900000000000000e+04,-1.464800000000000000e+04,-1.029800000000000000e+04,5.173000000000000000e+03,-1.787200000000000000e+04,-2.449000000000000000e+04,-2.316100000000000000e+04
-2.193400000000000000e+04,-2.157700000000000000e+04,-1.553400000000000000e+04,1.230300000000000000e+04,-2.754400000000000000e+04,-1.082000000000000000e+03,-1.788100000000000000e+04,-3.653100000000000000e+04
-2.666800000000000000e+04,-1.069200000000000000e+04,-1.762700000000000000e+04,-2.059200000000000000e+04,-2.630300000000000000e+04,-1.988100000000000000e+04,2.531600000000000000e+04,-2.329900000000000000e+04
-3.077800000000000000e+04,-2.575300000000000000e+04,-7.676000000000000000e+03,-3.486700000000000000e+04,-3.446700000000000000e+04,-3.432900000000000000e+04,-2.632600000000000000e+04,2.172500000000000000e+04
-2.633100000000000000e+04,6.520000000000000000e+02,-2.405400000000000000e+04,-3.082000000000000000e+03,-3.000000000000000000e+04,-6.085000000000000000e+03,-3.972000000000000000e+03,-3.723800000000000000e+04
-1.534400000000000000e+04,-1.051400000000000000e+04,-1.906000000000000000e+03,-2.819400000000000000e+04,-1.388100000000000000e+04,-2.193300000000000000e+04,-1.490900000000000000e+04,1.061900000000000000e+04
-1.011400000000000000e+04,1.596200000000000000e+04,-2.089700000000000000e+04,-1.621400000000000000e+04,-3.183900000000000000e+04,-8.660000000000000000e+02,-1.641700000000000000e+04,-2.196100000000000000e+04
-1.697300000000000000e+04,-1.148400000000000000e+04,-1.428200000000000000e+04,-2.900000000000000000e+02,-3.689200000000000000e+04,7.804000000000000000e+03,-9.213000000000000000e+03,-4.335700000000000000e+04
6.211000000000000000e+03,-8.400000000000000000e+03,-2.309400000000000000e+04,-1.409600000000000000e+04,-1.207600000000000000e+04,-1.773000000000000000e+03,-1.124300000000000000e+04,-3.283900000000000000e+04
-2.281100000000000000e+04,-1.722800000000000000e+04,1.033000000000000000e+04,-9.154000000000000000e+03,-1.678600000000000000e+04,-1.841600000000000000e+04,-1.879000000000000000e+03,-1.832700000000000000e+04
-9.023000000000000000e+03,-1.118500000000000000e+04,-1.008800000000000000e+04,-2.180500000000000000e+04,-1.849900000000000000e+04,-1.450500000000000000e+04,-1.190100000000000000e+04,1.222600000000000000e+04
1.008000000000000000e+04,-1.727700000000000000e+04,-1.596200000000000000e+04,-1.070100000000000000e+04,-5.520000000000000000e+02,-8.023000000000000000e+03,-3.172500000000000000e+04,-3.409400000000000000e+04
-2.448000000000000000e+04,-1.715600000000000000e+04,-1.148500000000000000e+04,-1.780000000000000000e+04,-2.000800000000000000e+04,-1.620000000000000000e+04,1.487900000000000000e+04,-2.190000000000000000e+04
-1.219400000000000000e+04,3.264500000000000000e+04,-2.861000000000000000e+04,-2.716400000000000000e+04,-5.409300000000000000e+04,-1.841200000000000000e+04,-2.623800000000000000e+04,-3.874800000000000000e+04
-2.085500000000000000e+04,-1.965200000000000000e+04,-3.686500000000000000e+04,-3.786700000000000000e+04,-2.281800000000000000e+04,-2.614700000000000000e+04,-1.585900000000000000e+04,1.758100000000000000e+04
5.730000000000000000e+02,-1.788700000000000000e+04,-1.913200000000000000e+04,-7.619000000000000000e+03,-1.758400000000000000e+04,-1.053000000000000000e+03,-1.848400000000000000e+04,-2.369000000000000000e+04
1.029900000000000000e+04,-2.548800000000000000e+04,-1.460700000000000000e+04,-7.929000000000000000e+03,-1.200700000000000000e+04,-4.150000000000000000e+03,-3.537600000000000000e+04,-3.427500000000000000e+04
-8.266000000000000000e+03,-2.235000000000000000e+03,-6.698000000000000000e+03,4.820000000000000000e+02,-2.279400000000000000e+04,-5.199000000000000000e+03,-1.221800000000000000e+04,-3.508200000000000000e+04
-7.891000000000000000e+03,-1.979200000000000000e+04,-2.267000000000000000e+04,3.649000000000000000e+03,-1.028400000000000000e+04,1.795000000000000000e+03,-1.482100000000000000e+04,-1.834600000000000000e+04
-1.516800000000000000e+04,1.293600000000000000e+04,-1.652300000000000000e+04,-2.750400000000000000e+04,-2.331000000000000000e+04,-1.603100000000000000e+04,-1.231300000000000000e+04,-2.620500000000000000e+04
-1.147800000000000000e+04,-1.171000000000000000e+04,-4.638000000000000000e+03,-2.865600000000000000e+04,-6.905000000000000000e+03,-1.450900000000000000e+04,-9.133000000000000000e+03,9.021000000000000000e+03
-1.166500000000000000e+04,-5.452000000000000000e+03,-1.274600000000000000e+04,-1.971200000000000000e+04,-1.442800000000000000e+04,-5.143000000000000000e+03,-9.875000000000000000e+03,-2.826000000000000000e+03
-2.371200000000000000e+04,-1.367900000000000000e+04,-6.491000000000000000e+03,-2.452700000000000000e+04,-3.620000000000000000e+03,-1.849400000000000000e+04,-2.215500000000000000e+04,5.569000000000000000e+03
-1.803400000000000000e+04,-9.430000000000000000e+03,-2.012400000000000000e+04,-2.434300000000000000e+04,-3.738800000000000000e+04,-2.781000000000000000e+03,6.992000000000000000e+03,-2.746900000000000000e+04
-1.352000000000000000e+04,-1.219600000000000000e+04,-1.037800000000000000e+04,-2.402200000000000000e+04,-1.801100000000000000e+04,-2.067100000000000000e+04,5.512000000000000000e+03,-2.206800000000000000e+04
-1.993600000000000000e+04,-1.958300000000000000e+04,3.413000000000000000e+03,-1.808800000000000000e+04,-1.421500000000000000e+04,-2.689400000000000000e+04,-1.831000000000000000e+04,-5.000000000000000000e+02
-2.129000000000000000e+04,-1.667300000000000000e+04,-2.466300000000000000e+04,-1.921800000000000000e+04,-2.471100000000000000e+04,-2.053900000000000000e+04,-1.569800000000000000e+04,1.409100000000000000e+04
-8.384000000000000000e+03,-6.837000000000000000e+03,-1.964700000000000000e+04,2.659000000000000000e+03,-3.677800000000000000e+04,-4.460000000000000000e+03,-2.763700000000000000e+04,-2.760100000000000000e+04
3.793000000000000000e+03,-1.633100000000000000e+04,2.110000000000000000e+03,-1.358800000000000000e+04,-2.384000000000000000e+03,-1.901700000000000000e+04,-3.332600000000000000e+04,-3.305000000000000000e+04
-4.393000000000000000e+03,-1.774800000000000000e+04,-2.491000000000000000e+04,-2.320000000000000000e+02,-2.642400000000000000e+04,-1.026000000000000000e+03,-1.591100000000000000e+04,-2.989000000000000000e+04
-8.371000000000000000e+03,-9.506000000000000000e+03,-1.386400000000000000e+04,-7.909000000000000000e+03,-2.561700000000000000e+04,7.209000000000000000e+03,-1.283800000000000000e+04,-3.112300000000000000e+04
-2.408900000000000000e+04,-2.203300000000000000e+04,-5.150000000000000000e+03,-2.714000000000000000e+04,-1.901400000000000000e+04,-2.144400000000000000e+04,1.405600000000000000e+04,-2.363100000000000000e+04
-7.196000000000000000e+03,-1.701700000000000000e+04,-2.535400000000000000e+04,-6.990000000000000000e+02,-1.361600000000000000e+04,5.676000000000000000e+03,-1.442800000000000000e+04,-2.852600000000000000e+04
-9.584000000000000000e+03,-1.279700000000000000e+04,-1.327000000000000000e+04,8.923000000000000000e+03,-1.615700000000000000e+04,-6.462000000000000000e+03,-2.328000000000000000e+04,-3.181000000000000000e+04
-5.022000000000000000e+03,-1.158700000000000000e+04,-8.536000000000000000e+03,-1.317000000000000000e+04,-1.516800000000000000e+04,-1.571600000000000000e+04,-9.164000000000000000e+03,-1.308600000000000000e+04
-1.457300000000000000e+04,-3.004800000000000000e+04,-1.552000000000000000e+04,1.077000000000000000e+03,-1.509400000000000000e+04,2.836000000000000000e+03,-1.148900000000000000e+04,-3.267300000000000000e+04
-1.904800000000000000e+04,-9.234000000000000000e+03,-7.833000000000000000e+03,-5.830000000000000000e+03,-2.305200000000000000e+04,-1.075500000000000000e+04,-3.565000000000000000e+03,-1.708800000000000000e+04
-6.558000000000000000e+03,1.735000000000000000e+04,-2.161400000000000000e+04,-1.247400000000000000e+04,-3.464400000000000000e+04,-1.469900000000000000e+04,-1.987900000000000000e+04,-3.540600000000000000e+04
-7.699000000000000000e+03,-1.545200000000000000e+04,-9.472000000000000000e+03,1.416000000000000000e+03,-3.772000000000000000e+03,5.439000000000000000e+03,-1.195100000000000000e+04,-1.498800000000000000e+04
-4.412600000000000000e+04,-1.043600000000000000e+04,-1.837700000000000000e+04,-2.173000000000000000e+03,-3.332600000000000000e+04,-2.666200000000000000e+04,1.368800000000000000e+04,-3.830600000000000000e+04
-1.400300000000000000e+04,-2.623000000000000000e+03,-1.768700000000000000e+04,-2.319900000000000000e+04,-3.415100000000000000e+04,6.123000000000000000e+03,-4.389000000000000000e+03,-1.174900000000000000e+04
8.038000000000000000e+03,-2.315000000000000000e+03,-3.414000000000000000e+03,-1.835900000000000000e+04,-1.503100000000000000e+04,-2.836600000000000000e+04,-3.187800000000000000e+04,-3.219500000000000000e+04
-2.013500000000000000e+04,-7.968000000000000000e+03,-2.017200000000000000e+04,-1.358700000000000000e+04,-1.898600000000000000e+04,-1.132700000000000000e+04,1.451000000000000000e+03,-2.606800000000000000e+04
-2.828500000000000000e+04,-8.902000000000000000e+03,-1.018200000000000000e+04,-8.022000000000000000e+03,-3.480000000000000000e+04,-2.525700000000000000e+04,1.200000000000000000e+04,-1.516900000000000000e+04
-1.470800000000000000e+04,-1.719100000000000000e+04,-1.458600000000000000e+04,-5.840000000000000000e+02,-1.686500000000000000e+04,2.161000000000000000e+03,-2.583500000000000000e+04,-2.389000000000000000e+04
-4.344000000000000000e+03,1.107800000000000000e+04,-3.446700000000000000e+04,-9.896000000000000000e+03,-4.792600000000000000e+04,-1.033200000000000000e+04,-3.149200000000000000e+04,-3.011900000000000000e+04
-3.243900000000000000e+04,-1.424100000000000000e+04,-2.435800000000000000e+04,-2.336500000000000000e+04,-3.035100000000000000e+04,-7.854000000000000000e+03,1.167400000000000000e+04,-2.626400000000000000e+04
-2.376400000000000000e+04,-1.336800000000000000e+04,-1.569600000000000000e+04,-2.456300000000000000e+04,-2.195000000000000000e+04,-1.373800000000000000e+04,1.517900000000000000e+04,-1.450600000000000000e+04
-1.271300000000000000e+04,-1.102000000000000000e+04,-1.314000000000000000e+04,6.776000000000000000e+03,-1.145200000000000000e+04,-3.884000000000000000e+03,-1.135600000000000000e+04,-2.363300000000000000e+04
-9.581000000000000000e+03,-2.825300000000000000e+04,-1.882100000000000000e+04,-9.374000000000000000e+03,1.646200000000000000e+04,-1.953600000000000000e+04,-3.047900000000000000e+04,-2.309600000000000000e+04
-5.645000000000000000e+03,-1.613100000000000000e+04,-1.842100000000000000e+04,9.786000000000000000e+03,-1.557900000000000000e+04,-6.796000000000000000e+03,-1.995400000000000000e+04,-3.197900000000000000e+04
-9.726000000000000000e+03,8.149000000000000000e+03,-2.068700000000000000e+04,-1.319800000000000000e+04,-4.181000000000000000e+04,-8.866000000000000000e+03,-1.066700000000000000e+04,-3.679700000000000000e+04
-1.611300000000000000e+04,-9.825000000000000000e+03,-1.707200000000000000e+04,-2.142000000000000000e+04,-1.926300000000000000e+04,-1.578000000000000000e+04,6.799000000000000000e+03,-9.065000000000000000e+03
-1.409200000000000000e+04,-1.553600000000000000e+04,-1.182700000000000000e+04,-1.432700000000000000e+04,-4.676000000000000000e+03,-1.492900000000000000e+04,5.587000000000000000e+03,-1.137600000000000000e+04
-9.450000000000000000e+03,-1.643200000000000000e+04,-1.249000000000000000e+04,-8.046000000000000000e+03,4.942000000000000000e+03,-1.641700000000000000e+04,-1.644000000000000000e+04,-1.276000000000000000e+04
5.192000000000000000e+03,-6.162000000000000000e+03,-2.128900000000000000e+04,-1.027400000000000000e+04,-1.270800000000000000e+04,-9.488000000000000000e+03,-2.439800000000000000e+04,-3.325200000000000000e+04
-1.850700000000000000e+04,-1.141500000000000000e+04,-1.132900000000000000e+04,-2.494100000000000000e+04,-2.752800000000000000e+04,-1.969700000000000000e+04,1.397800000000000000e+04,-2.436500000000000000e+04
-8.939000000000000000e+03,-1.457000000000000000e+04,-1.879800000000000000e+04,8.913000000000000000e+03,-3.126300000000000000e+04,5.200000000000000000e+01,-2.994200000000000000e+04,-4.120400000000000000e+04
-1.948400000000000000e+04,-1.627500000000000000e+04,-1.676100000000000000e+04,8.622000000000000000e+03,-2.297300000000000000e+04,8.161000000000000000e+03,-1.319900000000000000e+04,-3.350500000000000000e+04
-1.868300000000000000e+04,1.623100000000000000e+04,-2.437700000000000000e+04,-1.935400000000000000e+04,-4.042000000000000000e+04,-1.514000000000000000e+04,-1.770600000000000000e+04,-2.482700000000000000e+04
-1.545100000000000000e+04,-2.630900000000000000e+04,-2.276100000000000000e+04,-2.888400000000000000e+04,-2.343500000000000000e+04,-1.436200000000000000e+04,-2.240100000000000000e+04,1.914900000000000000e+04
-1.450800000000000000e+04,2.165400000000000000e+04,-1.327100000000000000e+04,-2.336100000000000000e+04,-4.371100000000000000e+04,-1.770400000000000000e+04,-2.858900000000000000e+04,-3.791100000000000000e+04
2.021400000000000000e+04,-1.795800000000000000e+04,-2.111200000000000000e+04,-1.242100000000000000e+04,-2.410700000000000000e+04,-7.809000000000000000e+03,-2.399800000000000000e+04,-3.683000000000000000e+04
1.564000000000000000e+03,-7.249000000000000000e+03,-1.789200000000000000e+04,5.574000000000000000e+03,-2.397400000000000000e+04,-1.253600000000000000e+04,-1.941300000000000000e+04,-2.661800000000000000e+04
-8.640000000000000000e+02,-1.959800000000000000e+04,-1.611300000000000000e+04,-1.087000000000000000e+03,-2.733400000000000000e+04,1.037600000000000000e+04,-2.858000000000000000e+04,-4.236900000000000000e+04
-1.453900000000000000e+04,1.348000000000000000e+04,-1.789900000000000000e+04,-3.177200000000000000e+04,-2.697800000000000000e+04,-9.718000000000000000e+03,-2.152500000000000000e+04,-2.231700000000000000e+04
-1.673700000000000000e+04,2.422900000000000000e+04,-1.461000000000000000e+04,-1.525300000000000000e+04,-3.913700000000000000e+04,-2.120600000000000000e+04,-3.081200000000000000e+04,-4.389500000000000000e+04
-2.063000000000000000e+04,-1.838100000000000000e+04,4.170000000000000000e+02,-1.722900000000000000e+04,-3.921000000000000000e+03,-2.032400000000000000e+04,-6.235000000000000000e+03,-1.552700000000000000e+04
-1.287000000000000000e+04,-5.536000000000000000e+03,-1.325500000000000000e+04,-1.788100000000000000e+04,-2.333400000000000000e+04,-1.367100000000000000e+04,5.263000000000000000e+03,-1.712200000000000000e+04
-1.267200000000000000e+04,-2.137300000000000000e+04,-1.101300000000000000e+04,-2.477100000000000000e+04,-2.115900000000000000e+04,-1.236700000000000000e+04,-2.476500000000000000e+04,1.834700000000000000e+04
5.162000000000000000e+03,-2.521400000000000000e+04,-1.392300000000000000e+04,-3.920000000000000000e+02,-2.615600000000000000e+04,1.210000000000000000e+02,-2.938800000000000000e+04,-4.903900000000000000e+04
-1.678000000000000000e+03,-9.623000000000000000e+03,-1.735000000000000000e+03,-4.264000000000000000e+03,-1.149000000000000000e+03,-1.136400000000000000e+04,-2.964900000000000000e+04,-3.804700000000000000e+04
-1.466100000000000000e+04,-2.076400000000000000e+04,-2.698000000000000000e+03,-3.153800000000000000e+04,3.446000000000000000e+03,-2.954100000000000000e+04,-2.654900000000000000e+04,-1.267600000000000000e+04
-2.852000000000000000e+03,-4.978000000000000000e+03,-1.849900000000000000e+04,7.700000000000000000e+02,-2.247100000000000000e+04,-1.080000000000000000e+02,-2.278700000000000000e+04,-1.056900000000000000e+04
7.446000000000000000e+03,-1.655500000000000000e+04,-8.246000000000000000e+03,-5.536000000000000000e+03,-3.612800000000000000e+04,6.040000000000000000e+03,-3.046000000000000000e+04,-4.932300000000000000e+04
-1.508800000000000000e+04,-1.520400000000000000e+04,-1.608000000000000000e+04,-1.553000000000000000e+04,-1.083700000000000000e+04,2.695000000000000000e+03,-1.058200000000000000e+04,-3.206400000000000000e+04
-3.861000000000000000e+03,-2.086200000000000000e+04,-1.642100000000000000e+04,-3.305000000000000000e+03,-1.726000000000000000e+04,1.407200000000000000e+04,-2.150800000000000000e+04,-1.921900000000000000e+04
7.007000000000000000e+03,-2.220000000000000000e+04,-1.420000000000000000e+04,-4.493000000000000000e+03,-1.284500000000000000e+04,-2.237000000000000000e+03,-3.439400000000000000e+04,-4.575300000000000000e+04
-1.018600000000000000e+04,-9.995000000000000000e+03,-1.194900000000000000e+04,3.341000000000000000e+03,-3.246200000000000000e+04,1.691000000000000000e+03,-2.340200000000000000e+04,-4.025500000000000000e+04
-1.838400000000000000e+04,-2.940000000000000000e+03,-1.966600000000000000e+04,-6.002000000000000000e+03,-1.958600000000000000e+04,-2.010700000000000000e+04,4.634000000000000000e+03,-2.696600000000000000e+04
1.913400000000000000e+04,-2.812800000000000000e+04,-1.336900000000000000e+04,-2.396700000000000000e+04,-8.991000000000000000e+03,7.570000000000000000e+02,-3.039600000000000000e+04,-3.512900000000000000e+04
-1.719700000000000000e+04,-1.024200000000000000e+04,-1.067600000000000000e+04,5.719000000000000000e+03,-7.375000000000000000e+03,-7.620000000000000000e+03,-1.618300000000000000e+04,-1.441400000000000000e+04
-2.562000000000000000e+03,-6.861000000000000000e+03,-1.022800000000000000e+04,-1.321200000000000000e+04,-1.871200000000000000e+04,-1.754900000000000000e+04,-4.418000000000000000e+03,-2.948000000000000000e+04
-3.594000000000000000e+03,6.737000000000000000e+03,-1.067000000000000000e+04,-1.781100000000000000e+04,-3.543700000000000000e+04,-6.328000000000000000e+03,-1.487800000000000000e+04,-4.108800000000000000e+04
-1.145800000000000000e+04,6.356000000000000000e+03,-1.728100000000000000e+04,-1.301100000000000000e+04,-2.225800000000000000e+04,-8.782000000000000000e+03,-1.201800000000000000e+04,-2.867900000000000000e+04
-2.576800000000000000e+04,-6.917000000000000000e+03,-1.204700000000000000e+04,-5.171000000000000000e+03,-2.229500000000000000e+04,-1.915000000000000000e+04,3.291000000000000000e+03,-2.555400000000000000e+04
-2.617900000000000000e+04,-1.986900000000000000e+04,-1.146500000000000000e+04,-3.782700000000000000e+04,-1.356100000000000000e+04,-2.339300000000000000e+04,-1.762800000000000000e+04,8.350000000000000000e+03
-4.161000000000000000e+03,7.452000000000000000e+03,-1.478900000000000000e+04,-1.345200000000000000e+04,-3.610100000000000000e+04,-4.056000000000000000e+03,-2.398100000000000000e+04,-1.642400000000000000e+04
-1.217700000000000000e+04,-1.997400000000000000e+04,4.260000000000000000e+02,-9.655000000000000000e+03,-6.850000000000000000e+02,-1.500600000000000000e+04,-2.448200000000000000e+04,-2.898500000000000000e+04
-2.049000000000000000e+04,-1.584700000000000000e+04,-2.638500000000000000e+04,3.207000000000000000e+03,-1.144400000000000000e+04,1.066000000000000000e+03,1.405000000000000000e+03,-2.181200000000000000e+04
-1.899600000000000000e+04,-8.049000000000000000e+03,-2.349800000000000000e+04,4.397000000000000000e+03,-3.312200000000000000e+04,-4.573000000000000000e+03,-2.848700000000000000e+04,-3.357500000000000000e+04
-3.166000000000000000e+04,1.344400000000000000e+04,-9.968000000000000000e+03,-1.106800000000000000e+04,-2.909800000000000000e+04,-2.047400000000000000e+04,-9.333000000000000000e+03,-4.225800000000000000e+04
-3.408000000000000000e+03,-1.889300000000000000e+04,-1.637400000000000000e+04,-8.032000000000000000e+03,-4.704000000000000000e+03,4.118000000000000000e+03,-2.053400000000000000e+04,-2.773400000000000000e+04
-2.795800000000000000e+04,-4.869000000000000000e+03,-2.488800000000000000e+04,-2.320400000000000000e+04,-3.042100000000000000e+04,-1.717900000000000000e+04,4.524000000000000000e+03,-2.692200000000000000e+04
-1.759700000000000000e+04,-1.300800000000000000e+04,-7.582000000000000000e+03,-3.387000000000000000e+03,-2.247500000000000000e+04,-1.140000000000000000e+04,-1.277700000000000000e+04,-3.270000000000000000e+04
-3.084800000000000000e+04,-1.052600000000000000e+04,-1.528000000000000000e+04,-1.773400000000000000e+04,-2.954500000000000000e+04,-1.258800000000000000e+04,2.153900000000000000e+04,-2.735100000000000000e+04
-1.285600000000000000e+04,-1.181600000000000000e+04,-1.305500000000000000e+04,2.799000000000000000e+03,-1.803300000000000000e+04,-6.410000000000000000e+02,-1.845600000000000000e+04,-1.322400000000000000e+04
-7.028000000000000000e+03,-1.583500000000000000e+04,-8.030000000000000000e+03,2.091000000000000000e+03,-1.431600000000000000e+04,-2.591000000000000000e+03,-1.708000000000000000e+04,-2.552700000000000000e+04
-2.541800000000000000e+04,-1.178000000000000000e+04,-1.551900000000000000e+04,-2.688700000000000000e+04,-1.844800000000000000e+04,-2.694100000000000000e+04,-1.613400000000000000e+04,7.978000000000000000e+03
-2.011400000000000000e+04,-1.456100000000000000e+04,4.749000000000000000e+03,-1.009800000000000000e+04,-5.768000000000000000e+03,-3.002700000000000000e+04,-2.538000000000000000e+04,-6.527000000000000000e+03
-2.435900000000000000e+04,2.771700000000000000e+04,-2.781800000000000000e+04,-1.108500000000000000e+04,-4.092300000000000000e+04,-1.899400000000000000e+04,-2.467300000000000000e+04,-4.064400000000000000e+04
-8.972000000000000000e+03,-4.596000000000000000e+03,-1.325800000000000000e+04,2.739000000000000000e+03,-4.017300000000000000e+04,6.060000000000000000e+02,-1.460100000000000000e+04,-2.944400000000000000e+04
-4.090000000000000000e+03,-8.929000000000000000e+03,-9.675000000000000000e+03,-2.934000000000000000e+03,-2.052900000000000000e+04,-1.709000000000000000e+03,-1.357400000000000000e+04,-2.840300000000000000e+04
-2.219800000000000000e+04,1.622300000000000000e+04,-2.510100000000000000e+04,-2.474800000000000000e+04,-2.458800000000000000e+04,-7.374000000000000000e+03,-6.018000000000000000e+03,-3.205500000000000000e+04
-2.049300000000000000e+04,-1.029700000000000000e+04,-2.187100000000000000e+04,7.154000000000000000e+03,-2.365000000000000000e+04,7.551000000000000000e+03,-1.781300000000000000e+04,-2.990600000000000000e+04
-1.519300000000000000e+04,-1.307300000000000000e+04,-1.178600000000000000e+04,-2.164800000000000000e+04,-8.348000000000000000e+03,-1.135000000000000000e+04,1.753800000000000000e+04,-1.254300000000000000e+04
-2.979100000000000000e+04,-2.438600000000000000e+04,5.620000000000000000e+02,-1.692100000000000000e+04,-9.733000000000000000e+03,-2.703400000000000000e+04,-2.259800000000000000e+04,-5.250000000000000000e+03
-1.442000000000000000e+03,-1.148300000000000000e+04,-1.964900000000000000e+04,-1.007100000000000000e+04,-1.956400000000000000e+04,-3.960000000000000000e+03,-1.943700000000000000e+04,-3.543700000000000000e+04
-3.840000000000000000e+03,-1.231100000000000000e+04,-1.501500000000000000e+04,7.729000000000000000e+03,-1.638900000000000000e+04,-9.197000000000000000e+03,-2.297500000000000000e+04,-3.136400000000000000e+04
-2.649700000000000000e+04,-2.270100000000000000e+04,-1.446900000000000000e+04,-2.544700000000000000e+04,-2.612500000000000000e+04,-2.512400000000000000e+04,-1.598200000000000000e+04,1.905700000000000000e+04
-2.381000000000000000e+04,-1.193500000000000000e+04,-1.852800000000000000e+04,-2.558300000000000000e+04,-2.502700000000000000e+04,-1.685900000000000000e+04,1.008700000000000000e+04,-1.929100000000000000e+04
-3.168100000000000000e+04,-2.649500000000000000e+04,2.215000000000000000e+03,-2.706600000000000000e+04,-1.573100000000000000e+04,-4.283200000000000000e+04,-2.842500000000000000e+04,1.223200000000000000e+04
-9.781000000000000000e+03,-1.376900000000000000e+04,-1.855700000000000000e+04,-1.442000000000000000e+03,-2.751100000000000000e+04,-1.198800000000000000e+04,-1.123100000000000000e+04,-3.043600000000000000e+04
-1.206100000000000000e+04,7.568000000000000000e+03,-2.210300000000000000e+04,-1.379200000000000000e+04,-4.162200000000000000e+04,-6.151000000000000000e+03,-2.963500000000000000e+04,-3.134900000000000000e+04
-1.129000000000000000e+03,-2.458800000000000000e+04,-2.115800000000000000e+04,-4.550000000000000000e+02,-5.193000000000000000e+03,-1.357000000000000000e+04,-1.521300000000000000e+04,-2.728900000000000000e+04
4.998000000000000000e+03,-1.589800000000000000e+04,-1.403300000000000000e+04,-1.525700000000000000e+04,-1.455700000000000000e+04,1.580500000000000000e+04,-3.405900000000000000e+04,-3.909000000000000000e+04
-1.133500000000000000e+04,1.314400000000000000e+04,-2.392300000000000000e+04,-2.795300000000000000e+04,-3.993700000000000000e+04,-1.147600000000000000e+04,-6.819000000000000000e+03,-1.631500000000000000e+04
-1.137900000000000000e+04,7.747000000000000000e+03,-1.337500000000000000e+04,-2.561600000000000000e+04,-3.167200000000000000e+04,-1.485100000000000000e+04,-1.979500000000000000e+04,-2.738000000000000000e+04
-3.211100000000000000e+04,-5.872000000000000000e+03,-2.331200000000000000e+04,-1.353100000000000000e+04,-3.460100000000000000e+04,-1.869000000000000000e+03,3.643000000000000000e+03,-3.062900000000000000e+04
-4.117500000000000000e+04,-2.099900000000000000e+04,-5.453000000000000000e+03,-3.770200000000000000e+04,-2.881500000000000000e+04,-2.554300000000000000e+04,-2.255200000000000000e+04,1.294000000000000000e+04
-3.751000000000000000e+03,-2.694200000000000000e+04,-1.209000000000000000e+04,-8.479000000000000000e+03,-3.064500000000000000e+04,9.735000000000000000e+03,-3.222500000000000000e+04,-4.357100000000000000e+04
-3.855000000000000000e+03,-1.628700000000000000e+04,-2.027900000000000000e+04,-2.879000000000000000e+03,-2.521800000000000000e+04,1.567700000000000000e+04,-2.773500000000000000e+04,-2.780800000000000000e+04
-2.287900000000000000e+04,1.673700000000000000e+04,-2.459700000000000000e+04,-2.937900000000000000e+04,-5.037000000000000000e+04,-1.968600000000000000e+04,-1.659600000000000000e+04,-3.662200000000000000e+04
-1.996500000000000000e+04,-1.587700000000000000e+04,-1.278100000000000000e+04,-6.819000000000000000e+03,-5.531000000000000000e+03,-9.575000000000000000e+03,-1.959700000000000000e+04,-2.293200000000000000e+04
-2.968800000000000000e+04,-2.275100000000000000e+04,-1.519500000000000000e+04,-3.316600000000000000e+04,-3.220800000000000000e+04,-3.397600000000000000e+04,-2.693000000000000000e+04,1.970300000000000000e+04
-2.500000000000000000e+03,-2.086100000000000000e+04,-2.518500000000000000e+04,2.021000000000000000e+03,-2.156500000000000000e+04,2.878000000000000000e+03,-2.068900000000000000e+04,-3.457000000000000000e+04
-1.451000000000000000e+04,-9.292000000000000000e+03,-5.829000000000000000e+03,-1.055000000000000000e+04,-2.297800000000000000e+04,-2.445000000000000000e+03,-1.293000000000000000e+04,-1.472600000000000000e+04
-1.541500000000000000e+04,2.279000000000000000e+04,-2.947600000000000000e+04,-2.211800000000000000e+04,-4.035700000000000000e+04,-1.198100000000000000e+04,-2.342500000000000000e+04,-2.781300000000000000e+04
-1.813500000000000000e+04,3.317000000000000000e+04,-1.993800000000000000e+04,-1.925200000000000000e+04,-5.996100000000000000e+04,-2.433500000000000000e+04,-3.052000000000000000e+04,-2.577900000000000000e+04
-1.711900000000000000e+04,-1.967700000000000000e+04,8.600000000000000000e+01,-1.523600000000000000e+04,-1.650000000000000000e+03,-1.342600000000000000e+04,-2.256200000000000000e+04,-2.889700000000000000e+04
-2.374000000000000000e+04,-2.290600000000000000e+04,-9.953000000000000000e+03,-2.526400000000000000e+04,-1.875400000000000000e+04,-2.329900000000000000e+04,2.458300000000000000e+04,-1.254700000000000000e+04
-1.695500000000000000e+04,-1.798000000000000000e+04,-2.079900000000000000e+04,-4.652000000000000000e+03,-1.713700000000000000e+04,8.333000000000000000e+03,-1.257200000000000000e+04,-2.911200000000000000e+04
-4.336000000000000000e+03,-9.504000000000000000e+03,-9.416000000000000000e+03,-5.426000000000000000e+03,-2.185500000000000000e+04,-9.785000000000000000e+03,-4.130000000000000000e+03,-2.399900000000000000e+04
5.972000000000000000e+03,-2.019800000000000000e+04,-7.019000000000000000e+03,-1.454000000000000000e+04,2.240000000000000000e+02,-1.340000000000000000e+02,-1.831800000000000000e+04,-3.248800000000000000e+04
4.440000000000000000e+03,-1.890200000000000000e+04,-1.858800000000000000e+04,-1.660200000000000000e+04,-4.657000000000000000e+03,-4.357000000000000000e+03,-2.580600000000000000e+04,-3.128000000000000000e+04
-1.004600000000000000e+04,1.125000000000000000e+03,-1.567900000000000000e+04,-1.856300000000000000e+04,-2.820800000000000000e+04,-7.957000000000000000e+03,-4.822000000000000000e+03,-3.240600000000000000e+04
4.880000000000000000e+02,-1.749400000000000000e+04,-1.039400000000000000e+04,-5.474000000000000000e+03,-6.474000000000000000e+03,-7.620000000000000000e+03,-2.719200000000000000e+04,-3.767500000000000000e+04
-1.172400000000000000e+04,5.433000000000000000e+03,-2.002800000000000000e+04,-5.949000000000000000e+03,-3.038200000000000000e+04,-1.349100000000000000e+04,-7.857000000000000000e+03,-2.436600000000000000e+04
-3.245200000000000000e+04,-1.856600000000000000e+04,2.870000000000000000e+02,-3.064300000000000000e+04,-1.573000000000000000e+04,-1.736400000000000000e+04,-6.888000000000000000e+03,-1.877000000000000000e+03
1.310000000000000000e+02,7.674000000000000000e+03,-1.609200000000000000e+04,-2.490200000000000000e+04,-3.609100000000000000e+04,-2.781400000000000000e+04,-1.942700000000000000e+04,-2.968400000000000000e+04
-2.057800000000000000e+04,-1.927100000000000000e+04,-3.398000000000000000e+03,-1.309700000000000000e+04,-2.066000000000000000e+03,-2.213100000000000000e+04,-2.230900000000000000e+04,-4.213000000000000000e+03
-1.419500000000000000e+04,-8.946000000000000000e+03,-1.533000000000000000e+04,-1.035500000000000000e+04,-1.100700000000000000e+04,-3.359000000000000000e+03,-2.366300000000000000e+04,-3.473000000000000000e+03
-5.240000000000000000e+03,-1.190700000000000000e+04,-1.589000000000000000e+04,-3.403000000000000000e+03,-5.162000000000000000e+03,1.189000000000000000e+03,-1.886900000000000000e+04,-3.159300000000000000e+04
-2.401800000000000000e+04,-1.309100000000000000e+04,-1.958600000000000000e+04,1.032000000000000000e+03,-2.698100000000000000e+04,3.975000000000000000e+03,-1.087600000000000000e+04,-1.814700000000000000e+04
-1.963500000000000000e+04,-1.042500000000000000e+04,1.100000000000000000e+04,-2.156700000000000000e+04,-1.095500000000000000e+04,-2.376100000000000000e+04,-2.275400000000000000e+04,-6.036000000000000000e+03
-6.120000000000000000e+03,2.749700000000000000e+04,-1.923200000000000000e+04,-2.179200000000000000e+04,-4.083800000000000000e+04,-1.894400000000000000e+04,-2.584400000000000000e+04,-4.368500000000000000e+04
-1.501200000000000000e+04,2.391000000000000000e+04,-1.726900000000000000e+04,-2.089000000000000000e+04,-3.786300000000000000e+04,-1.870400000000000000e+04,-2.939700000000000000e+04,-3.385300000000000000e+04
-4.519300000000000000e+04,-1.816200000000000000e+04,-2.383400000000000000e+04,-2.069100000000000000e+04,-2.511300000000000000e+04,-7.609000000000000000e+03,2.312000000000000000e+04,-2.814000000000000000e+04
-1.013300000000000000e+04,-1.471100000000000000e+04,-1.926600000000000000e+04,-1.151600000000000000e+04,-1.750000000000000000e+04,9.640000000000000000e+03,-1.866500000000000000e+04,-1.439700000000000000e+04
-1.838700000000000000e+04,-5.443000000000000000e+03,-1.604300000000000000e+04,-3.473000000000000000e+03,-1.950900000000000000e+04,-1.514900000000000000e+04,-1.305000000000000000e+04,-4.034200000000000000e+04
-2.508800000000000000e+04,-1.624900000000000000e+04,-1.615400000000000000e+04,-2.364200000000000000e+04,-2.551000000000000000e+04,-1.112300000000000000e+04,1.052400000000000000e+04,-2.369400000000000000e+04
-1.830800000000000000e+04,-1.694800000000000000e+04,-1.219300000000000000e+04,-1.672300000000000000e+04,-1.112600000000000000e+04,-9.433000000000000000e+03,-8.676000000000000000e+03,-2.311300000000000000e+04
-1.442200000000000000e+04,-2.397100000000000000e+04,-1.368500000000000000e+04,-2.108600000000000000e+04,1.416200000000000000e+04,-2.683200000000000000e+04,-3.108400000000000000e+04,-1.511400000000000000e+04
-3.149300000000000000e+04,-2.241400000000000000e+04,4.283000000000000000e+03,-2.235900000000000000e+04,-1.332700000000000000e+04,-3.880700000000000000e+04,-2.448900000000000000e+04,9.721000000000000000e+03
-1.528800000000000000e+04,6.407000000000000000e+03,-2.329200000000000000e+04,-6.390000000000000000e+03,-2.971600000000000000e+04,-1.169300000000000000e+04,-1.821400000000000000e+04,-1.716200000000000000e+04
-2.427700000000000000e+04,-1.981000000000000000e+04,-7.199000000000000000e+03,-2.142500000000000000e+04,-2.227800000000000000e+04,-1.431100000000000000e+04,9.556000000000000000e+03,-2.653300000000000000e+04
-2.278800000000000000e+04,-1.879900000000000000e+04,-1.392800000000000000e+04,-3.199100000000000000e+04,-2.642600000000000000e+04,-2.604400000000000000e+04,-2.297900000000000000e+04,1.463300000000000000e+04
-2.237800000000000000e+04,-1.810000000000000000e+03,-5.175000000000000000e+03,-8.873000000000000000e+03,-1.650700000000000000e+04,-2.702000000000000000e+03,5.500000000000000000e+01,-2.864800000000000000e+04
-1.719600000000000000e+04,-2.008000000000000000e+04,-2.123400000000000000e+04,-1.736400000000000000e+04,-1.361600000000000000e+04,-9.602000000000000000e+03,-1.183400000000000000e+04,1.399700000000000000e+04
-4.301000000000000000e+03,-1.232500000000000000e+04,6.500000000000000000e+03,7.369000000000000000e+03,-2.008000000000000000e+04,-1.999300000000000000e+04,-2.979400000000000000e+04,-3.436800000000000000e+04
7.887000000000000000e+03,-1.905700000000000000e+04,-6.356000000000000000e+03,-7.075000000000000000e+03,-2.768000000000000000e+03,-6.415000000000000000e+03,-3.017400000000000000e+04,-4.205600000000000000e+04
-2.387400000000000000e+04,-1.840300000000000000e+04,-7.929000000000000000e+03,-3.303600000000000000e+04,-2.560100000000000000e+04,-3.373600000000000000e+04,-2.964400000000000000e+04,1.858100000000000000e+04
-2.640400000000000000e+04,-2.081400000000000000e+04,-1.170000000000000000e+02,-3.580800000000000000e+04,-2.843700000000000000e+04,-3.344400000000000000e+04,-2.818600000000000000e+04,1.080000000000000000e+04
-7.529000000000000000e+03,2.272200000000000000e+04,-1.615500000000000000e+04,-1.783700000000000000e+04,-5.423600000000000000e+04,-2.118300000000000000e+04,-3.245400000000000000e+04,-4.891400000000000000e+04
-3.399000000000000000e+04,-1.505900000000000000e+04,-6.522000000000000000e+03,-2.929200000000000000e+04,-2.613400000000000000e+04,-3.766700000000000000e+04,-2.784700000000000000e+04,1.194500000000000000e+04
-2.309600000000000000e+04,-1.177400000000000000e+04,-7.882000000000000000e+03,-2.265200000000000000e+04,-2.875000000000000000e+04,-1.406400000000000000e+04,-1.937400000000000000e+04,1.598900000000000000e+04
-6.150000000000000000e+02,-2.303000000000000000e+04,-1.442300000000000000e+04,-8.889000000000000000e+03,-9.523000000000000000e+03,4.112000000000000000e+03,-3.277500000000000000e+04,-3.648200000000000000e+04
-7.570000000000000000e+03,-1.984500000000000000e+04,-2.301000000000000000e+03,-5.617000000000000000e+03,3.386000000000000000e+03,-2.098900000000000000e+04,-1.744200000000000000e+04,-3.504500000000000000e+04
-1.327700000000000000e+04,1.743000000000000000e+04,-8.303000000000000000e+03,-1.878800000000000000e+04,-3.794500000000000000e+04,-8.103000000000000000e+03,-1.784100000000000000e+04,-4.342700000000000000e+04
-2.316800000000000000e+04,-2.640500000000000000e+04,-2.193100000000000000e+04,-1.764200000000000000e+04,-3.039200000000000000e+04,-2.743700000000000000e+04,-6.910000000000000000e+03,7.275000000000000000e+03
-6.643000000000000000e+03,-1.213800000000000000e+04,-1.475100000000000000e+04,-3.417000000000000000e+03,-3.418800000000000000e+04,1.012800000000000000e+04,-2.380000000000000000e+04,-2.505100000000000000e+04
-2.535000000000000000e+03,-8.181000000000000000e+03,-1.809000000000000000e+04,-1.670800000000000000e+04,-1.458200000000000000e+04,1.689000000000000000e+04,-1.380200000000000000e+04,-5.292000000000000000e+03
-8.054000000000000000e+03,-2.489800000000000000e+04,-4.996000000000000000e+03,-1.697500000000000000e+04,1.085700000000000000e+04,-1.981700000000000000e+04,-2.160500000000000000e+04,-2.572800000000000000e+04
4.134000000000000000e+03,-1.133900000000000000e+04,-2.254800000000000000e+04,2.110000000000000000e+02,-7.818000000000000000e+03,-5.727000000000000000e+03,-2.983400000000000000e+04,-3.989600000000000000e+04
-2.298900000000000000e+04,-2.439600000000000000e+04,2.984000000000000000e+03,-1.955300000000000000e+04,-4.600000000000000000e+03,-3.439900000000000000e+04,-1.269100000000000000e+04,-4.010000000000000000e+02
-2.418400000000000000e+04,-1.459300000000000000e+04,-1.921300000000000000e+04,-2.260100000000000000e+04,-2.088500000000000000e+04,-1.442200000000000000e+04,-1.553500000000000000e+04,2.362700000000000000e+04
-1.576000000000000000e+04,1.098100000000000000e+04,-1.506700000000000000e+04,-1.392300000000000000e+04,-5.204200000000000000e+04,-1.514900000000000000e+04,-2.721800000000000000e+04,-4.708300000000000000e+04
-8.176000000000000000e+03,1.615600000000000000e+04,-1.826100000000000000e+04,-9.476000000000000000e+03,-3.577600000000000000e+04,-1.864600000000000000e+04,-8.839000000000000000e+03,-3.816700000000000000e+04
9.310000000000000000e+02,-1.654700000000000000e+04,-1.354700000000000000e+04,-3.896000000000000000e+03,-1.883300000000000000e+04,-5.881000000000000000e+03,-3.173700000000000000e+04,-3.788500000000000000e+04
-2.040200000000000000e+04,-1.810100000000000000e+04,-1.649200000000000000e+04,-2.875600000000000000e+04,-1.936900000000000000e+04,-2.151200000000000000e+04,-2.197900000000000000e+04,1.957600000000000000e+04
-1.931000000000000000e+04,-1.029500000000000000e+04,-6.212000000000000000e+03,-7.655000000000000000e+03,-1.686500000000000000e+04,-4.713000000000000000e+03,2.046000000000000000e+03,-1.840200000000000000e+04
-3.741000000000000000e+03,-2.089100000000000000e+04,-1.444800000000000000e+04,1.622800000000000000e+04,-8.976000000000000000e+03,-1.790300000000000000e+04,-2.174000000000000000e+04,-3.466800000000000000e+04
1.523800000000000000e+04,-2.355900000000000000e+04,-1.842100000000000000e+04,-4.887000000000000000e+03,-1.541900000000000000e+04,-5.327000000000000000e+03,-2.014300000000000000e+04,-3.820500000000000000e+04
-1.707500000000000000e+04,1.506900000000000000e+04,-1.532100000000000000e+04,-1.616900000000000000e+04,-5.176000000000000000e+04,-1.270900000000000000e+04,-2.132100000000000000e+04,-2.830400000000000000e+04
-1.622400000000000000e+04,-1.253600000000000000e+04,-1.396600000000000000e+04,9.662000000000000000e+03,-1.175200000000000000e+04,1.028000000000000000e+03,-1.687500000000000000e+04,-2.116300000000000000e+04
-2.233800000000000000e+04,-2.304400000000000000e+04,-8.063000000000000000e+03,-7.987000000000000000e+03,1.009200000000000000e+04,-2.773600000000000000e+04,-2.657200000000000000e+04,-1.433500000000000000e+04
-2.874900000000000000e+04,-1.675700000000000000e+04,8.582000000000000000e+03,-3.085700000000000000e+04,-1.549000000000000000e+04,-3.046600000000000000e+04,-1.636000000000000000e+03,-4.358000000000000000e+03
-1.541800000000000000e+04,2.206700000000000000e+04,-2.122600000000000000e+04,-1.990500000000000000e+04,-3.965000000000000000e+04,-1.867400000000000000e+04,-1.784000000000000000e+04,-2.983400000000000000e+04
-1.564700000000000000e+04,-1.797500000000000000e+04,7.254000000000000000e+03,-1.118900000000000000e+04,-9.934000000000000000e+03,-2.361500000000000000e+04,-1.978600000000000000e+04,-1.641600000000000000e+04
-2.662300000000000000e+04,2.184000000000000000e+03,-2.122000000000000000e+04,-8.281000000000000000e+03,-3.120300000000000000e+04,-1.897100000000000000e+04,-1.712900000000000000e+04,-2.849500000000000000e+04
-9.921000000000000000e+03,5.050000000000000000e+03,-2.717300000000000000e+04,-8.892000000000000000e+03,-2.531500000000000000e+04,-1.209900000000000000e+04,-2.379700000000000000e+04,-1.704700000000000000e+04
-2.277500000000000000e+04,-1.043100000000000000e+04,-8.714000000000000000e+03,-3.660000000000000000e+03,-2.723800000000000000e+04,-3.747000000000000000e+03,-2.667000000000000000e+03,-2.559400000000000000e+04
-1.273000000000000000e+03,2.161600000000000000e+04,-7.558000000000000000e+03,-2.487700000000000000e+04,-2.606700000000000000e+04,-1.771800000000000000e+04,-1.886200000000000000e+04,-2.725700000000000000e+04
-1.808000000000000000e+04,-4.390000000000000000e+03,-1.389200000000000000e+04,-1.434200000000000000e+04,-3.819300000000000000e+04,-1.926800000000000000e+04,1.557300000000000000e+04,-3.027500000000000000e+04
-1.943700000000000000e+04,-1.167600000000000000e+04,-1.330300000000000000e+04,-2.002300000000000000e+04,-2.642000000000000000e+04,-2.655200000000000000e+04,1.903000000000000000e+04,-3.060700000000000000e+04
-3.049300000000000000e+04,-1.675400000000000000e+04,-1.332200000000000000e+04,-1.507100000000000000e+04,-3.785600000000000000e+04,-1.015100000000000000e+04,2.077100000000000000e+04,-3.558600000000000000e+04
-2.371000000000000000e+03,-2.450000000000000000e+04,-8.149000000000000000e+03,-8.795000000000000000e+03,6.290000000000000000e+03,-1.467000000000000000e+04,-2.039700000000000000e+04,-2.526100000000000000e+04
-1.235700000000000000e+04,-1.612600000000000000e+04,-1.243100000000000000e+04,9.715000000000000000e+03,-6.790000000000000000e+03,-6.243000000000000000e+03,-4.629000000000000000e+03,-2.577300000000000000e+04
-7.695000000000000000e+03,-1.656500000000000000e+04,-4.520000000000000000e+03,1.531000000000000000e+03,-7.292000000000000000e+03,-2.396500000000000000e+04,-1.815400000000000000e+04,-2.814400000000000000e+04
2.651000000000000000e+03,-1.538100000000000000e+04,-1.358800000000000000e+04,-3.274000000000000000e+03,-4.216000000000000000e+03,-1.351000000000000000e+03,-2.348400000000000000e+04,-3.259200000000000000e+04
-6.235000000000000000e+03,2.252100000000000000e+04,-2.098100000000000000e+04,-2.601100000000000000e+04,-3.376200000000000000e+04,-1.408100000000000000e+04,-1.791800000000000000e+04,-3.753900000000000000e+04
7.117000000000000000e+03,-2.086600000000000000e+04,-1.163100000000000000e+04,-3.139000000000000000e+03,-1.862100000000000000e+04,-7.480000000000000000e+02,-2.731900000000000000e+04,-3.921200000000000000e+04
-9.805000000000000000e+03,8.696000000000000000e+03,-1.136800000000000000e+04,-8.464000000000000000e+03,-2.520200000000000000e+04,-1.751600000000000000e+04,-2.165600000000000000e+04,-1.474600000000000000e+04
-2.337700000000000000e+04,-1.803300000000000000e+04,1.960800000000000000e+04,-1.522000000000000000e+04,-1.216400000000000000e+04,-2.597300000000000000e+04,-1.737100000000000000e+04,-9.805000000000000000e+03
-7.397000000000000000e+03,-2.285100000000000000e+04,-1.002200000000000000e+04,-1.413000000000000000e+03,-2.233400000000000000e+04,8.661000000000000000e+03,-2.119700000000000000e+04,-1.594400000000000000e+04
-1.624900000000000000e+04,3.299000000000000000e+03,-3.097400000000000000e+04,-1.589900000000000000e+04,-2.399200000000000000e+04,1.683000000000000000e+03,-1.285700000000000000e+04,-1.276800000000000000e+04
-2.218900000000000000e+04,-1.993900000000000000e+04,-9.632000000000000000e+03,-3.440000000000000000e+04,-1.909800000000000000e+04,-1.903100000000000000e+04,3.574800000000000000e+04,-1.533200000000000000e+04
-1.464000000000000000e+03,-5.910000000000000000e+02,-1.802200000000000000e+04,-5.739000000000000000e+03,-3.295500000000000000e+04,-2.318300000000000000e+04,-2.048100000000000000e+04,-1.742900000000000000e+04
-1.974000000000000000e+04,-1.584700000000000000e+04,-9.490000000000000000e+03,-2.014700000000000000e+04,1.191000000000000000e+03,-1.222600000000000000e+04,-8.811000000000000000e+03,-1.056300000000000000e+04
-1.821500000000000000e+04,-1.498600000000000000e+04,-1.529500000000000000e+04,-1.648900000000000000e+04,-3.530500000000000000e+04,-1.523500000000000000e+04,7.302000000000000000e+03,-1.294900000000000000e+04
-2.577200000000000000e+04,-1.519200000000000000e+04,-9.454000000000000000e+03,-1.587700000000000000e+04,-1.508000000000000000e+04,-2.525400000000000000e+04,-2.006400000000000000e+04,-3.937000000000000000e+03
-2.620000000000000000e+02,-1.917100000000000000e+04,-1.428100000000000000e+04,-2.807000000000000000e+04,1.594500000000000000e+04,-2.827000000000000000e+04,-3.044200000000000000e+04,-1.207200000000000000e+04
-1.871600000000000000e+04,-9.145000000000000000e+03,-9.881000000000000000e+03,-7.072000000000000000e+03,-2.586100000000000000e+04,-2.010900000000000000e+04,9.304000000000000000e+03,-1.693100000000000000e+04
-9.950000000000000000e+03,-6.963000000000000000e+03,-1.052300000000000000e+04,-4.651000000000000000e+03,-1.884000000000000000e+04,-5.742000000000000000e+03,-5.510000000000000000e+02,-4.069800000000000000e+04
3.822000000000000000e+03,-2.904800000000000000e+04,-1.565600000000000000e+04,3.598000000000000000e+03,-1.970600000000000000e+04,-1.398000000000000000e+03,-1.883200000000000000e+04,-2.939100000000000000e+04
-2.545000000000000000e+04,-1.159100000000000000e+04,-2.231100000000000000e+04,-3.698000000000000000e+03,-3.264400000000000000e+04,1.067600000000000000e+04,-1.283400000000000000e+04,-2.567500000000000000e+04
-6.478000000000000000e+03,-1.540400000000000000e+04,-4.544000000000000000e+03,-4.860000000000000000e+02,1.174900000000000000e+04,-2.508800000000000000e+04,-2.550200000000000000e+04,-1.913200000000000000e+04
-1.987100000000000000e+04,-2.150900000000000000e+04,5.228000000000000000e+03,-1.026800000000000000e+04,8.159000000000000000e+03,-2.979900000000000000e+04,-1.786200000000000000e+04,-1.733900000000000000e+04
-2.224500000000000000e+04,-1.901800000000000000e+04,-2.205000000000000000e+04,-4.252800000000000000e+04,-3.063400000000000000e+04,-2.431400000000000000e+04,-3.158000000000000000e+04,1.737300000000000000e+04
-2.339000000000000000e+04,-2.066100000000000000e+04,-1.493400000000000000e+04,-2.508100000000000000e+04,-2.375200000000000000e+04,-1.862100000000000000e+04,1.194500000000000000e+04,-1.448700000000000000e+04
-2.769300000000000000e+04,-2.067800000000000000e+04,-2.201400000000000000e+04,-5.596000000000000000e+03,-2.141300000000000000e+04,-1.908000000000000000e+04,8.945000000000000000e+03,-2.090100000000000000e+04
-2.169400000000000000e+04,-1.485800000000000000e+04,-1.920400000000000000e+04,-2.300400000000000000e+04,-2.796100000000000000e+04,-1.862600000000000000e+04,1.456400000000000000e+04,-2.954300000000000000e+04
-1.946400000000000000e+04,-1.850900000000000000e+04,-1.627600000000000000e+04,-1.830700000000000000e+04,-1.838600000000000000e+04,-2.104700000000000000e+04,-1.611400000000000000e+04,1.591500000000000000e+04
-2.213500000000000000e+04,-1.416000000000000000e+04,-1.173900000000000000e+04,6.830000000000000000e+03,-1.877700000000000000e+04,-7.571000000000000000e+03,-3.978000000000000000e+03,-3.784900000000000000e+04
-1.690100000000000000e+04,-9.327000000000000000e+03,-1.046500000000000000e+04,-2.095500000000000000e+04,-1.762400000000000000e+04,-1.199500000000000000e+04,1.470200000000000000e+04,-2.099600000000000000e+04
-1.419400000000000000e+04,-7.917000000000000000e+03,-1.468200000000000000e+04,1.545000000000000000e+03,-3.176600000000000000e+04,3.212000000000000000e+03,-2.273700000000000000e+04,-2.167000000000000000e+04
-1.390400000000000000e+04,2.144800000000000000e+04,-2.175800000000000000e+04,-2.612200000000000000e+04,-3.140500000000000000e+04,-3.240000000000000000e+03,-2.521700000000000000e+04,-2.942000000000000000e+04
-1.880600000000000000e+04,-1.191400000000000000e+04,-1.329800000000000000e+04,-1.470700000000000000e+04,-2.437500000000000000e+04,-1.648700000000000000e+04,1.451800000000000000e+04,-1.274600000000000000e+04
-9.881000000000000000e+03,1.918000000000000000e+04,-1.808600000000000000e+04,-1.243300000000000000e+04,-3.189500000000000000e+04,-6.267000000000000000e+03,-2.430600000000000000e+04,-2.581700000000000000e+04
-8.965000000000000000e+03,-1.529300000000000000e+04,-1.583900000000000000e+04,-2.880000000000000000e+03,-1.508200000000000000e+04,1.400000000000000000e+01,-1.979900000000000000e+04,-2.974600000000000000e+04
-9.592000000000000000e+03,-1.445100000000000000e+04,-5.416000000000000000e+03,-1.899600000000000000e+04,-1.411300000000000000e+04,-1.079900000000000000e+04,-2.561000000000000000e+04,1.491000000000000000e+04
-4.342000000000000000e+03,-1.481400000000000000e+04,-1.527500000000000000e+04,-1.980100000000000000e+04,-2.612500000000000000e+04,1.429100000000000000e+04,-4.382000000000000000e+03,-2.219400000000000000e+04
-5.625000000000000000e+03,8.720000000000000000e+02,-2.830000000000000000e+03,-7.200000000000000000e+03,-1.379900000000000000e+04,-3.338000000000000000e+03,-2.282400000000000000e+04,-1.268200000000000000e+04
-1.557600000000000000e+04,-1.093300000000000000e+04,-1.451900000000000000e+04,-1.391800000000000000e+04,-2.111100000000000000e+04,-1.489600000000000000e+04,7.504000000000000000e+03,-1.152900000000000000e+04
-1.387900000000000000e+04,6.684000000000000000e+03,-7.795000000000000000e+03,-1.564800000000000000e+04,-1.706600000000000000e+04,-1.243200000000000000e+04,-9.281000000000000000e+03,-4.808000000000000000e+03
-1.365100000000000000e+04,-2.170700000000000000e+04,-1.829700000000000000e+04,-2.945000000000000000e+03,-1.458800000000000000e+04,1.030500000000000000e+04,-1.695100000000000000e+04,-1.411000000000000000e+04
-5.663000000000000000e+03,-1.595000000000000000e+04,-1.582000000000000000e+03,-6.311000000000000000e+03,-5.082000000000000000e+03,-1.911400000000000000e+04,-1.026600000000000000e+04,-2.764500000000000000e+04
-4.693000000000000000e+03,-1.905200000000000000e+04,1.719700000000000000e+04,-1.037500000000000000e+04,-1.065900000000000000e+04,-1.656100000000000000e+04,-9.630000000000000000e+03,-2.476600000000000000e+04
-1.635700000000000000e+04,-1.786800000000000000e+04,6.496000000000000000e+03,-3.473500000000000000e+04,-2.378400000000000000e+04,-2.241200000000000000e+04,-2.229600000000000000e+04,-3.296000000000000000e+03
-1.751200000000000000e+04,-1.843300000000000000e+04,-1.126300000000000000e+04,-1.063500000000000000e+04,-3.283000000000000000e+03,-8.903000000000000000e+03,-1.540600000000000000e+04,-1.615700000000000000e+04
-1.019600000000000000e+04,-2.602400000000000000e+04,-7.604000000000000000e+03,-2.439000000000000000e+03,4.382000000000000000e+03,-7.700000000000000000e+01,-1.288000000000000000e+04,-3.476100000000000000e+04
-4.689000000000000000e+03,-1.745600000000000000e+04,-1.012200000000000000e+04,-1.770400000000000000e+04,-3.143000000000000000e+03,-1.167300000000000000e+04,-2.889400000000000000e+04,-2.623100000000000000e+04
-9.564000000000000000e+03,-1.377300000000000000e+04,-1.778300000000000000e+04,-1.403500000000000000e+04,-8.718000000000000000e+03,-2.425700000000000000e+04,-4.932000000000000000e+03,-3.384200000000000000e+04
-2.720000000000000000e+02,-8.219000000000000000e+03,6.793000000000000000e+03,-7.592000000000000000e+03,-2.533000000000000000e+03,-2.307800000000000000e+04,-2.283300000000000000e+04,-3.271800000000000000e+04
-2.196600000000000000e+04,-1.508400000000000000e+04,-1.625200000000000000e+04,-3.418200000000000000e+04,-2.606900000000000000e+04,-2.388000000000000000e+04,-1.414700000000000000e+04,1.646800000000000000e+04
-1.086000000000000000e+04,-9.250000000000000000e+02,-9.543000000000000000e+03,-1.062600000000000000e+04,-1.305600000000000000e+04,-2.031000000000000000e+04,-8.652000000000000000e+03,-1.980100000000000000e+04
-1.123400000000000000e+04,-6.933000000000000000e+03,-1.461900000000000000e+04,-7.874000000000000000e+03,-1.604200000000000000e+04,1.108800000000000000e+04,-1.209100000000000000e+04,-1.211900000000000000e+04
-1.677400000000000000e+04,-2.029900000000000000e+04,-2.106100000000000000e+04,-3.583500000000000000e+04,-2.093900000000000000e+04,-1.431500000000000000e+04,-1.815700000000000000e+04,2.041700000000000000e+04
-2.113700000000000000e+04,-1.836200000000000000e+04,-2.990000000000000000e+03,-2.972600000000000000e+04,-2.344000000000000000e+04,-2.757800000000000000e+04,-2.903300000000000000e+04,9.494000000000000000e+03
-4.329000000000000000e+03,4.184000000000000000e+03,-1.672100000000000000e+04,-1.679900000000000000e+04,-4.598500000000000000e+04,-8.945000000000000000e+03,-2.446400000000000000e+04,-2.625200000000000000e+04
-2.050700000000000000e+04,-1.252200000000000000e+04,-3.174000000000000000e+03,-2.441400000000000000e+04,-1.320200000000000000e+04,-1.896400000000000000e+04,1.683600000000000000e+04,-1.515100000000000000e+04
-1.181700000000000000e+04,8.878000000000000000e+03,-1.295600000000000000e+04,-3.034100000000000000e+04,-2.537200000000000000e+04,-2.001300000000000000e+04,-1.726300000000000000e+04,-2.010600000000000000e+04
5.859000000000000000e+03,-1.738400000000000000e+04,-2.199300000000000000e+04,-1.277800000000000000e+04,1.912000000000000000e+03,-1.027900000000000000e+04,-2.537700000000000000e+04,-3.273700000000000000e+04
-5.833000000000000000e+03,-1.584500000000000000e+04,-1.635500000000000000e+04,-1.603700000000000000e+04,-2.486500000000000000e+04,1.238200000000000000e+04,-2.185000000000000000e+04,-2.774300000000000000e+04
-1.789800000000000000e+04,-6.499000000000000000e+03,-2.065200000000000000e+04,1.302700000000000000e+04,-3.506200000000000000e+04,2.103000000000000000e+03,-2.489900000000000000e+04,-3.513500000000000000e+04
-2.000900000000000000e+04,5.830000000000000000e+03,-8.700000000000000000e+03,-1.768600000000000000e+04,-2.806000000000000000e+04,-1.642300000000000000e+04,-5.497000000000000000e+03,-1.230200000000000000e+04
-2.559800000000000000e+04,1.123300000000000000e+04,-2.077700000000000000e+04,-1.906700000000000000e+04,-4.123200000000000000e+04,-4.011000000000000000e+03,-9.968000000000000000e+03,-3.998200000000000000e+04
-2.200400000000000000e+04,-1.549500000000000000e+04,-1.064200000000000000e+04,6.966000000000000000e+03,-7.534000000000000000e+03,-6.506000000000000000e+03,-1.241600000000000000e+04,-1.763400000000000000e+04
-1.659500000000000000e+04,6.520000000000000000e+03,-2.105200000000000000e+04,-2.725000000000000000e+03,-3.059300000000000000e+04,-1.248000000000000000e+04,-1.126400000000000000e+04,-1.519800000000000000e+04
-3.148000000000000000e+04,-2.528100000000000000e+04,-1.708100000000000000e+04,-3.482700000000000000e+04,-3.144700000000000000e+04,-2.918000000000000000e+04,-2.299100000000000000e+04,1.698400000000000000e+04
-1.183000000000000000e+03,-7.227000000000000000e+03,-1.745100000000000000e+04,-1.380800000000000000e+04,-2.644200000000000000e+04,-1.894000000000000000e+03,-1.435900000000000000e+04,-2.490300000000000000e+04
-2.031900000000000000e+04,-2.128500000000000000e+04,-1.094800000000000000e+04,-2.377900000000000000e+04,-2.221000000000000000e+04,-2.666500000000000000e+04,-1.548900000000000000e+04,1.758100000000000000e+04
-2.020300000000000000e+04,-9.347000000000000000e+03,-1.433500000000000000e+04,-9.126000000000000000e+03,-2.015600000000000000e+04,-1.187000000000000000e+04,1.942000000000000000e+03,-2.213900000000000000e+04
-1.156400000000000000e+04,-9.990000000000000000e+03,-4.463000000000000000e+03,-9.400000000000000000e+02,-5.271000000000000000e+03,-1.178300000000000000e+04,-7.740000000000000000e+02,-2.354900000000000000e+04
-1.858800000000000000e+04,-1.263000000000000000e+04,-1.059900000000000000e+04,-2.041700000000000000e+04,-1.917400000000000000e+04,-1.533400000000000000e+04,1.167500000000000000e+04,-1.895200000000000000e+04
-2.817800000000000000e+04,1.283400000000000000e+04,-9.926000000000000000e+03,-1.920000000000000000e+04,-3.452600000000000000e+04,-8.939000000000000000e+03,-1.106000000000000000e+04,-3.955000000000000000e+04
-8.545000000000000000e+03,-1.087700000000000000e+04,-1.574900000000000000e+04,-7.316000000000000000e+03,1.970000000000000000e+02,8.940000000000000000e+02,-2.228200000000000000e+04,-2.960300000000000000e+04
-2.030900000000000000e+04,-2.379400000000000000e+04,-1.267300000000000000e+04,-2.760500000000000000e+04,-1.943800000000000000e+04,-1.919200000000000000e+04,-2.422100000000000000e+04,1.987000000000000000e+04
-3.577700000000000000e+04,-1.654100000000000000e+04,6.693000000000000000e+03,-2.975500000000000000e+04,-2.986500000000000000e+04,-3.111200000000000000e+04,-1.745300000000000000e+04,-2.931000000000000000e+03
-8.189000000000000000e+03,-2.408000000000000000e+04,7.781000000000000000e+03,-9.064000000000000000e+03,3.874000000000000000e+03,2.210000000000000000e+02,-1.131000000000000000e+04,-2.996200000000000000e+04
2.217000000000000000e+03,-1.074200000000000000e+04,-1.106100000000000000e+04,-1.413200000000000000e+04,-6.790000000000000000e+02,-1.720700000000000000e+04,-2.096400000000000000e+04,-1.169700000000000000e+04
-2.265000000000000000e+04,-2.492000000000000000e+04,-5.078000000000000000e+03,-1.450400000000000000e+04,-6.170000000000000000e+02,-1.606000000000000000e+04,-6.168000000000000000e+03,-1.948300000000000000e+04
-5.163000000000000000e+03,-4.583000000000000000e+03,-9.832000000000000000e+03,-3.621000000000000000e+03,-1.632500000000000000e+04,-5.750000000000000000e+03,-1.085200000000000000e+04,-2.435200000000000000e+04
-1.291000000000000000e+04,1.758500000000000000e+04,-2.072900000000000000e+04,-1.267700000000000000e+04,-3.795600000000000000e+04,-1.721800000000000000e+04,-1.523000000000000000e+04,-2.793000000000000000e+04
-3.599500000000000000e+04,-3.488500000000000000e+04,-1.426800000000000000e+04,-3.277100000000000000e+04,-3.149800000000000000e+04,-1.658900000000000000e+04,-1.613700000000000000e+04,1.993400000000000000e+04
-1.200900000000000000e+04,-2.001200000000000000e+04,-1.779300000000000000e+04,-3.638000000000000000e+03,-8.092000000000000000e+03,1.090600000000000000e+04,-2.088300000000000000e+04,-1.327400000000000000e+04
-6.885000000000000000e+03,-2.068600000000000000e+04,-3.525000000000000000e+03,-1.189000000000000000e+04,9.992000000000000000e+03,-2.299600000000000000e+04,-2.668600000000000000e+04,-1.883100000000000000e+04
-1.866500000000000000e+04,1.683600000000000000e+04,-1.522900000000000000e+04,-1.689900000000000000e+04,-3.224000000000000000e+04,-1.051100000000000000e+04,-2.485500000000000000e+04,-4.055500000000000000e+04
-2.037600000000000000e+04,-1.009000000000000000e+03,-1.653800000000000000e+04,-1.081400000000000000e+04,-3.152400000000000000e+04,-8.865000000000000000e+03,-1.164200000000000000e+04,-1.132800000000000000e+04
-9.050000000000000000e+03,-8.872000000000000000e+03,-3.045800000000000000e+04,-2.777600000000000000e+04,-2.468600000000000000e+04,1.526200000000000000e+04,-1.270000000000000000e+02,-1.788500000000000000e+04
-8.517000000000000000e+03,-9.594000000000000000e+03,-7.455000000000000000e+03,-2.388900000000000000e+04,-2.068100000000000000e+04,-2.018200000000000000e+04,-6.625000000000000000e+03,-9.293000000000000000e+03
-1.804600000000000000e+04,-4.675000000000000000e+03,-1.121800000000000000e+04,-1.431000000000000000e+04,-2.432200000000000000e+04,-1.707000000000000000e+04,8.414000000000000000e+03,-1.834100000000000000e+04
-9.690000000000000000e+03,1.612000000000000000e+04,-1.999900000000000000e+04,-1.036100000000000000e+04,-4.070800000000000000e+04,-1.721700000000000000e+04,-1.357400000000000000e+04,-4.547600000000000000e+04
-1.955700000000000000e+04,-1.876000000000000000e+04,-2.746200000000000000e+04,-3.152100000000000000e+04,-2.013400000000000000e+04,-3.095600000000000000e+04,-2.176400000000000000e+04,2.095300000000000000e+04
-1.205600000000000000e+04,7.185000000000000000e+03,-2.086700000000000000e+04,-1.302400000000000000e+04,-2.955100000000000000e+04,-1.040900000000000000e+04,-2.870000000000000000e+02,-1.755000000000000000e+04
4.880000000000000000e+03,-1.943600000000000000e+04,-1.307000000000000000e+04,2.327000000000000000e+03,-1.283500000000000000e+04,7.334000000000000000e+03,-2.002300000000000000e+04,-1.613900000000000000e+04
-3.286100000000000000e+04,-1.680300000000000000e+04,2.119000000000000000e+03,-1.570000000000000000e+04,-1.210900000000000000e+04,-3.093300000000000000e+04,-2.096600000000000000e+04,-6.023000000000000000e+03
-1.883200000000000000e+04,-1.821600000000000000e+04,-2.048500000000000000e+04,-3.274000000000000000e+04,-2.181200000000000000e+04,-1.946400000000000000e+04,-2.494400000000000000e+04,1.540100000000000000e+04
-3.319000000000000000e+03,-2.451400000000000000e+04,-1.870400000000000000e+04,-1.445400000000000000e+04,-1.342700000000000000e+04,1.661200000000000000e+04,-2.122500000000000000e+04,-3.385600000000000000e+04
2.499000000000000000e+03,-8.076000000000000000e+03,1.223600000000000000e+04,-9.538000000000000000e+03,-3.880000000000000000e+03,-1.589000000000000000e+04,-3.228600000000000000e+04,-2.768900000000000000e+04
-2.186900000000000000e+04,-1.651700000000000000e+04,-9.578000000000000000e+03,-2.822700000000000000e+04,-1.806900000000000000e+04,-3.554900000000000000e+04,2.200000000000000000e+01,7.800000000000000000e+01
-1.473800000000000000e+04,-7.970000000000000000e+02,-1.494800000000000000e+04,6.670000000000000000e+03,-2.745200000000000000e+04,-2.188000000000000000e+04,-1.094900000000000000e+04,-3.910400000000000000e+04
5.136000000000000000e+03,-1.364400000000000000e+04,-1.593400000000000000e+04,-2.608000000000000000e+03,-8.162000000000000000e+03,-1.769200000000000000e+04,-1.939600000000000000e+04,-2.878600000000000000e+04
-1.084400000000000000e+04,-1.633900000000000000e+04,-2.082800000000000000e+04,-9.352000000000000000e+03,-1.308000000000000000e+04,8.475000000000000000e+03,-1.710000000000000000e+04,-1.096900000000000000e+04
-1.676300000000000000e+04,-1.697700000000000000e+04,-1.247200000000000000e+04,-3.378500000000000000e+04,-1.874700000000000000e+04,-1.407500000000000000e+04,8.662000000000000000e+03,-8.843000000000000000e+03
-1.807400000000000000e+04,-1.275700000000000000e+04,-1.304900000000000000e+04,-2.035600000000000000e+04,-2.135400000000000000e+04,-1.836800000000000000e+04,7.435000000000000000e+03,-1.912300000000000000e+04
-2.094700000000000000e+04,-1.458300000000000000e+04,-1.739700000000000000e+04,-2.341800000000000000e+04,-1.503900000000000000e+04,-1.124600000000000000e+04,-1.377000000000000000e+04,1.999400000000000000e+04
-1.710700000000000000e+04,-1.043600000000000000e+04,-2.157800000000000000e+04,-5.084000000000000000e+03,-1.239300000000000000e+04,-1.741700000000000000e+04,1.364000000000000000e+03,-2.103900000000000000e+04
-1.690500000000000000e+04,-1.871300000000000000e+04,-1.505000000000000000e+04,-6.427000000000000000e+03,-1.576900000000000000e+04,9.924000000000000000e+03,-6.282000000000000000e+03,-2.429500000000000000e+04
-8.693000000000000000e+03,-1.453500000000000000e+04,-2.038900000000000000e+04,1.800000000000000000e+03,-3.929800000000000000e+04,-8.631000000000000000e+03,-2.346000000000000000e+04,-3.874300000000000000e+04
-2.198600000000000000e+04,-1.753500000000000000e+04,-9.943000000000000000e+03,-2.286600000000000000e+04,-2.095100000000000000e+04,-1.434800000000000000e+04,2.579300000000000000e+04,-1.589600000000000000e+04
-2.994000000000000000e+03,-8.364000000000000000e+03,-9.590000000000000000e+03,-6.639000000000000000e+03,-1.497200000000000000e+04,-1.221200000000000000e+04,-1.471300000000000000e+04,-2.417900000000000000e+04
1.527600000000000000e+04,-1.698600000000000000e+04,-8.077000000000000000e+03,2.431000000000000000e+03,-1.907200000000000000e+04,-7.602000000000000000e+03,-2.684400000000000000e+04,-3.022400000000000000e+04
-3.273000000000000000e+03,-3.194300000000000000e+04,-1.106500000000000000e+04,-1.018300000000000000e+04,1.785100000000000000e+04,-3.609400000000000000e+04,-3.329400000000000000e+04,-2.158400000000000000e+04
-3.084000000000000000e+03,-9.678000000000000000e+03,-1.625500000000000000e+04,-4.485000000000000000e+03,-7.095000000000000000e+03,-7.430000000000000000e+03,-1.805900000000000000e+04,-1.760600000000000000e+04
-1.707000000000000000e+04,-1.915900000000000000e+04,-1.570000000000000000e+04,-2.239000000000000000e+04,-2.412300000000000000e+04,-1.990100000000000000e+04,-1.962200000000000000e+04,1.892400000000000000e+04
-1.380400000000000000e+04,1.189500000000000000e+04,-2.148600000000000000e+04,-6.432000000000000000e+03,-2.973200000000000000e+04,-2.520300000000000000e+04,-1.858900000000000000e+04,-4.488700000000000000e+04
-2.198800000000000000e+04,-2.423200000000000000e+04,-1.053300000000000000e+04,-3.986800000000000000e+04,-3.087400000000000000e+04,-4.133800000000000000e+04,-2.630300000000000000e+04,2.126500000000000000e+04
-2.006600000000000000e+04,-9.089000000000000000e+03,-8.590000000000000000e+03,-3.658000000000000000e+03,-1.829000000000000000e+04,-1.797900000000000000e+04,-1.257400000000000000e+04,-2.448300000000000000e+04
-1.910900000000000000e+04,-1.564000000000000000e+04,-1.360100000000000000e+04,-2.894200000000000000e+04,-2.438600000000000000e+04,-5.837000000000000000e+03,1.190000000000000000e+04,-8.712000000000000000e+03
-2.155300000000000000e+04,-6.568000000000000000e+03,-2.169600000000000000e+04,-6.480000000000000000e+03,-3.156500000000000000e+04,-1.494100000000000000e+04,5.515000000000000000e+03,-2.725100000000000000e+04
-1.395100000000000000e+04,-1.340300000000000000e+04,-8.359000000000000000e+03,-2.465300000000000000e+04,-2.479700000000000000e+04,-2.120400000000000000e+04,7.940000000000000000e+03,-1.816000000000000000e+04
-9.758000000000000000e+03,-4.705000000000000000e+03,-2.010500000000000000e+04,-1.959600000000000000e+04,-1.896600000000000000e+04,-1.354200000000000000e+04,1.405000000000000000e+04,-2.722100000000000000e+04
-1.352100000000000000e+04,-2.533800000000000000e+04,-8.109000000000000000e+03,-1.074200000000000000e+04,-2.123400000000000000e+04,-6.493000000000000000e+03,1.172000000000000000e+03,-2.560600000000000000e+04
-1.524000000000000000e+04,-1.571700000000000000e+04,-2.015000000000000000e+04,2.429000000000000000e+03,-1.297800000000000000e+04,-2.390000000000000000e+02,-1.223300000000000000e+04,-1.723600000000000000e+04
-6.030000000000000000e+03,-1.253600000000000000e+04,-1.026100000000000000e+04,-1.094100000000000000e+04,-8.029000000000000000e+03,-1.736600000000000000e+04,-1.954000000000000000e+03,-7.985000000000000000e+03
-8.207000000000000000e+03,-1.337400000000000000e+04,-6.337000000000000000e+03,-1.921800000000000000e+04,-5.355000000000000000e+03,2.734000000000000000e+03,-2.300500000000000000e+04,-9.943000000000000000e+03
-3.101000000000000000e+04,-6.636000000000000000e+03,-1.076300000000000000e+04,-1.071400000000000000e+04,-3.375600000000000000e+04,-1.616100000000000000e+04,6.689000000000000000e+03,-1.777100000000000000e+04
-2.126500000000000000e+04,-3.529000000000000000e+03,-1.674900000000000000e+04,-1.581800000000000000e+04,-3.128400000000000000e+04,-1.665300000000000000e+04,1.033400000000000000e+04,-3.156700000000000000e+04
-3.848900000000000000e+04,-1.452900000000000000e+04,1.187900000000000000e+04,-1.285000000000000000e+04,-1.912100000000000000e+04,-2.206100000000000000e+04,-9.900000000000000000e+02,-1.083400000000000000e+04
5.770000000000000000e+03,-1.807900000000000000e+04,-1.836300000000000000e+04,-7.690000000000000000e+03,-9.225000000000000000e+03,3.604000000000000000e+03,-2.591000000000000000e+04,-2.989100000000000000e+04
-1.186900000000000000e+04,9.425000000000000000e+03,-1.434200000000000000e+04,-1.473200000000000000e+04,-4.153900000000000000e+04,-9.567000000000000000e+03,-1.655300000000000000e+04,-1.830100000000000000e+04
-2.748700000000000000e+04,-2.362700000000000000e+04,-9.845000000000000000e+03,-6.622000000000000000e+03,-2.303200000000000000e+04,-1.387400000000000000e+04,-2.932000000000000000e+03,-1.448300000000000000e+04
-2.145100000000000000e+04,-1.473900000000000000e+04,-5.913000000000000000e+03,-2.409400000000000000e+04,-1.715900000000000000e+04,-1.526500000000000000e+04,-1.350000000000000000e+02,-1.931500000000000000e+04
-1.953400000000000000e+04,7.263000000000000000e+03,-1.337500000000000000e+04,-2.283000000000000000e+04,-4.063200000000000000e+04,-2.576800000000000000e+04,3.385000000000000000e+03,-2.893300000000000000e+04
-9.937000000000000000e+03,-1.137400000000000000e+04,-9.756000000000000000e+03,-2.786000000000000000e+03,-7.481000000000000000e+03,-1.094800000000000000e+04,-8.867000000000000000e+03,-3.173000000000000000e+04
-2.527100000000000000e+04,-1.307900000000000000e+04,-1.450800000000000000e+04,-1.679000000000000000e+04,-2.173700000000000000e+04,-1.980200000000000000e+04,1.852200000000000000e+04,-2.144900000000000000e+04
-9.428000000000000000e+03,-1.786100000000000000e+04,6.506000000000000000e+03,-1.967800000000000000e+04,-5.368000000000000000e+03,-2.315900000000000000e+04,-2.804800000000000000e+04,-1.546200000000000000e+04
-1.278800000000000000e+04,-1.006900000000000000e+04,5.524000000000000000e+03,-2.603000000000000000e+03,-1.206100000000000000e+04,-1.488000000000000000e+04,-2.920800000000000000e+04,-2.730200000000000000e+04
-1.954400000000000000e+04,-1.326900000000000000e+04,-7.986000000000000000e+03,-9.897000000000000000e+03,-2.922700000000000000e+04,-1.099600000000000000e+04,1.219500000000000000e+04,-1.706900000000000000e+04
-1.349200000000000000e+04,-1.006700000000000000e+04,-1.600000000000000000e+04,-2.069000000000000000e+03,-2.464300000000000000e+04,5.101000000000000000e+03,-1.294600000000000000e+04,-2.956800000000000000e+04
-1.600800000000000000e+04,-2.082600000000000000e+04,-8.580000000000000000e+02,-1.678800000000000000e+04,-7.023000000000000000e+03,-1.964800000000000000e+04,-1.110400000000000000e+04,-1.741900000000000000e+04
-5.837000000000000000e+03,-1.960100000000000000e+04,-1.200500000000000000e+04,-4.768000000000000000e+03,5.494000000000000000e+03,-2.021500000000000000e+04,-1.891800000000000000e+04,-2.581700000000000000e+04
1.521700000000000000e+04,-2.496700000000000000e+04,-2.270900000000000000e+04,-1.716000000000000000e+03,-3.253400000000000000e+04,-3.309000000000000000e+03,-2.856200000000000000e+04,-4.024500000000000000e+04
-1.571300000000000000e+04,-2.212200000000000000e+04,-1.833500000000000000e+04,8.296000000000000000e+03,-2.215200000000000000e+04,-4.690000000000000000e+03,-1.433000000000000000e+04,-3.850400000000000000e+04
-2.249000000000000000e+03,1.058100000000000000e+04,-1.633600000000000000e+04,-1.452100000000000000e+04,-2.750200000000000000e+04,-2.002300000000000000e+04,-6.608000000000000000e+03,-2.246600000000000000e+04
-3.367000000000000000e+04,-4.989000000000000000e+03,-1.677700000000000000e+04,-2.179600000000000000e+04,-3.089600000000000000e+04,-1.065100000000000000e+04,1.428700000000000000e+04,-2.246200000000000000e+04
-1.146400000000000000e+04,-6.887000000000000000e+03,-1.401100000000000000e+04,-4.175000000000000000e+03,-2.657600000000000000e+04,-1.033000000000000000e+03,-9.421000000000000000e+03,-4.729700000000000000e+04
-6.340000000000000000e+03,-1.923800000000000000e+04,-4.067000000000000000e+03,-8.204000000000000000e+03,-7.758000000000000000e+03,-1.125600000000000000e+04,-1.238000000000000000e+04,-2.094400000000000000e+04
-2.470200000000000000e+04,-1.968600000000000000e+04,-1.874000000000000000e+04,-2.687400000000000000e+04,-2.535300000000000000e+04,-1.470600000000000000e+04,-1.540100000000000000e+04,2.056500000000000000e+04
-2.028000000000000000e+03,-1.765900000000000000e+04,-1.706900000000000000e+04,-1.140900000000000000e+04,3.357000000000000000e+03,-2.005700000000000000e+04,-2.761100000000000000e+04,-3.311300000000000000e+04
-2.785400000000000000e+04,-1.481500000000000000e+04,-1.094800000000000000e+04,-2.763300000000000000e+04,-5.661000000000000000e+03,-2.788900000000000000e+04,-1.694700000000000000e+04,7.845000000000000000e+03
-6.099000000000000000e+03,-1.561400000000000000e+04,-1.485800000000000000e+04,-6.219000000000000000e+03,3.101000000000000000e+03,-1.641400000000000000e+04,-2.853700000000000000e+04,-3.296500000000000000e+04
-1.939400000000000000e+04,-6.572000000000000000e+03,-1.591200000000000000e+04,-7.740000000000000000e+03,-3.375200000000000000e+04,-1.327100000000000000e+04,1.108100000000000000e+04,-2.962600000000000000e+04
5.926000000000000000e+03,-2.469500000000000000e+04,-9.090000000000000000e+03,-7.539000000000000000e+03,1.167300000000000000e+04,-9.158000000000000000e+03,-2.847300000000000000e+04,-2.365000000000000000e+04
-2.351800000000000000e+04,4.814000000000000000e+03,-8.095000000000000000e+03,-1.115000000000000000e+03,-4.555400000000000000e+04,-1.085500000000000000e+04,-2.757700000000000000e+04,-4.723900000000000000e+04
-9.573000000000000000e+03,5.760000000000000000e+02,-2.058500000000000000e+04,-1.141300000000000000e+04,-2.804100000000000000e+04,6.150000000000000000e+02,-1.071400000000000000e+04,-3.400600000000000000e+04
-2.832600000000000000e+04,-2.331600000000000000e+04,1.292000000000000000e+03,-1.932800000000000000e+04,-2.787700000000000000e+04,-2.593400000000000000e+04,-1.479100000000000000e+04,1.151000000000000000e+03
-1.705500000000000000e+04,-1.717000000000000000e+04,-5.690000000000000000e+02,-1.227400000000000000e+04,-1.408200000000000000e+04,-1.568500000000000000e+04,2.211000000000000000e+03,-1.340900000000000000e+04
-2.097800000000000000e+04,-1.963000000000000000e+04,-1.259300000000000000e+04,-2.019100000000000000e+04,-2.395900000000000000e+04,-1.374500000000000000e+04,1.067200000000000000e+04,-1.741800000000000000e+04
-2.793400000000000000e+04,-2.741300000000000000e+04,-1.139100000000000000e+04,-3.355800000000000000e+04,-1.795100000000000000e+04,-1.770100000000000000e+04,-1.623300000000000000e+04,1.724900000000000000e+04
1.285000000000000000e+03,-1.012600000000000000e+04,-1.964900000000000000e+04,3.894000000000000000e+03,-3.452000000000000000e+04,-7.901000000000000000e+03,-3.041800000000000000e+04,-2.988500000000000000e+04
-1.646400000000000000e+04,-9.170000000000000000e+03,-7.451000000000000000e+03,-6.206000000000000000e+03,6.234000000000000000e+03,-1.814900000000000000e+04,-1.014900000000000000e+04,-1.352700000000000000e+04
-1.562300000000000000e+04,-9.428000000000000000e+03,-1.822200000000000000e+04,-2.001300000000000000e+04,-2.716800000000000000e+04,-5.127000000000000000e+03,6.030000000000000000e+03,-2.546300000000000000e+04
-1.351300000000000000e+04,8.699000000000000000e+03,-1.355200000000000000e+04,-2.764200000000000000e+04,-4.828100000000000000e+04,-8.020000000000000000e+03,-7.288000000000000000e+03,-2.443700000000000000e+04
-1.785500000000000000e+04,-1.409900000000000000e+04,-6.073000000000000000e+03,-1.931900000000000000e+04,-1.301000000000000000e+04,-1.218100000000000000e+04,-9.050000000000000000e+02,-1.361900000000000000e+04
-1.389400000000000000e+04,-7.723000000000000000e+03,-1.546100000000000000e+04,3.407000000000000000e+03,-2.850100000000000000e+04,-2.580000000000000000e+03,-2.382000000000000000e+04,-2.810200000000000000e+04
-3.758900000000000000e+04,-1.384500000000000000e+04,-5.312000000000000000e+03,-2.282600000000000000e+04,-1.678700000000000000e+04,-2.769700000000000000e+04,-2.758600000000000000e+04,1.242900000000000000e+04
-8.382000000000000000e+03,-2.134400000000000000e+04,-1.790900000000000000e+04,-2.612000000000000000e+03,-1.019900000000000000e+04,8.750000000000000000e+02,-1.972900000000000000e+04,-2.322000000000000000e+04
-2.122100000000000000e+04,-6.132000000000000000e+03,-1.787700000000000000e+04,-1.247300000000000000e+04,-2.713800000000000000e+04,-1.713700000000000000e+04,8.051000000000000000e+03,-1.932200000000000000e+04
-1.056900000000000000e+04,-1.670700000000000000e+04,-1.926900000000000000e+04,-2.292600000000000000e+04,-1.864100000000000000e+04,-2.593000000000000000e+03,-9.053000000000000000e+03,1.153700000000000000e+04
-1.067600000000000000e+04,-1.071900000000000000e+04,1.495000000000000000e+03,-1.554000000000000000e+04,6.170000000000000000e+02,-2.849500000000000000e+04,-2.822400000000000000e+04,-4.348000000000000000e+03
-2.615800000000000000e+04,-2.270700000000000000e+04,-2.307000000000000000e+03,-3.205200000000000000e+04,-2.309100000000000000e+04,-8.804000000000000000e+03,1.364100000000000000e+04,-1.804400000000000000e+04
1.503400000000000000e+04,-1.765100000000000000e+04,-1.314700000000000000e+04,-6.225000000000000000e+03,-4.431000000000000000e+03,-1.357800000000000000e+04,-3.015600000000000000e+04,-3.650200000000000000e+04
-3.438300000000000000e+04,-2.407600000000000000e+04,1.142900000000000000e+04,-1.210300000000000000e+04,-1.535800000000000000e+04,-2.764700000000000000e+04,1.274000000000000000e+03,-1.690000000000000000e+04
-2.141900000000000000e+04,-1.406800000000000000e+04,-1.254800000000000000e+04,-2.690100000000000000e+04,-1.316100000000000000e+04,-2.236900000000000000e+04,1.205500000000000000e+04,-6.983000000000000000e+03
-1.015900000000000000e+04,-1.072000000000000000e+04,-1.412100000000000000e+04,4.064000000000000000e+03,-1.056800000000000000e+04,-8.508000000000000000e+03,-1.745800000000000000e+04,-2.681500000000000000e+04
-2.223500000000000000e+04,-1.559700000000000000e+04,-1.915800000000000000e+04,-1.719300000000000000e+04,-1.385300000000000000e+04,-1.010500000000000000e+04,8.895000000000000000e+03,-3.644400000000000000e+04
-2.028700000000000000e+04,-4.778000000000000000e+03,-7.840000000000000000e+03,-4.371000000000000000e+03,-1.712400000000000000e+04,-1.123200000000000000e+04,-1.239500000000000000e+04,-3.015900000000000000e+04
-3.687500000000000000e+04,-2.657900000000000000e+04,-7.446000000000000000e+03,-3.065600000000000000e+04,-2.971900000000000000e+04,-3.277100000000000000e+04,-2.891500000000000000e+04,7.312000000000000000e+03
-2.444600000000000000e+04,-1.224700000000000000e+04,-7.686000000000000000e+03,-1.578700000000000000e+04,-1.982300000000000000e+04,-1.235000000000000000e+04,5.166000000000000000e+03,-2.078800000000000000e+04
-2.743700000000000000e+04,-7.606000000000000000e+03,1.295000000000000000e+03,-2.966000000000000000e+04,-8.627000000000000000e+03,-3.135300000000000000e+04,-2.727000000000000000e+04,1.136100000000000000e+04
-1.470500000000000000e+04,-6.370000000000000000e+02,-1.327100000000000000e+04,-6.114000000000000000e+03,-1.804300000000000000e+04,-6.040000000000000000e+03,-1.560300000000000000e+04,-1.101400000000000000e+04
-2.432000000000000000e+04,1.026900000000000000e+04,-1.362800000000000000e+04,-2.205600000000000000e+04,-2.533700000000000000e+04,-9.763000000000000000e+03,-1.416000000000000000e+04,-2.254800000000000000e+04
-3.928000000000000000e+03,-4.894000000000000000e+03,-2.156500000000000000e+04,-2.004400000000000000e+04,-1.027400000000000000e+04,-1.319100000000000000e+04,-1.179800000000000000e+04,9.065000000000000000e+03
-7.178000000000000000e+03,-1.538500000000000000e+04,-8.114000000000000000e+03,4.030000000000000000e+03,-1.454100000000000000e+04,-1.553600000000000000e+04,-1.586300000000000000e+04,-3.504100000000000000e+04
-1.831400000000000000e+04,1.226600000000000000e+04,-1.919200000000000000e+04,-1.237800000000000000e+04,-3.739100000000000000e+04,-1.126600000000000000e+04,-2.558700000000000000e+04,-3.034600000000000000e+04
-3.577100000000000000e+04,-1.264300000000000000e+04,-1.687600000000000000e+04,-7.941000000000000000e+03,-2.878900000000000000e+04,-3.570000000000000000e+03,9.061000000000000000e+03,-2.490900000000000000e+04
-1.043000000000000000e+04,-1.030500000000000000e+04,-1.584000000000000000e+04,3.720000000000000000e+02,-2.816000000000000000e+04,-5.462000000000000000e+03,-1.594000000000000000e+04,-2.115300000000000000e+04
-6.976000000000000000e+03,1.264000000000000000e+04,-1.940200000000000000e+04,-1.318200000000000000e+04,-3.012300000000000000e+04,-2.089900000000000000e+04,-1.258800000000000000e+04,-3.067200000000000000e+04
-6.978000000000000000e+03,3.361000000000000000e+03,-1.680900000000000000e+04,-1.302100000000000000e+04,-2.180600000000000000e+04,-6.455000000000000000e+03,-8.838000000000000000e+03,-7.659000000000000000e+03
-1.140000000000000000e+04,-1.394700000000000000e+04,-6.716000000000000000e+03,-5.691000000000000000e+03,-4.283000000000000000e+04,-3.539000000000000000e+03,-2.502400000000000000e+04,-4.388800000000000000e+04
-1.642100000000000000e+04,-1.508600000000000000e+04,-1.979800000000000000e+04,-2.280400000000000000e+04,-1.474900000000000000e+04,-1.769600000000000000e+04,-1.519900000000000000e+04,2.215000000000000000e+04
-1.887900000000000000e+04,-2.525600000000000000e+04,1.224300000000000000e+04,-1.036700000000000000e+04,-1.608400000000000000e+04,-1.143900000000000000e+04,-1.164500000000000000e+04,-5.753000000000000000e+03
-1.491600000000000000e+04,1.115600000000000000e+04,-1.192500000000000000e+04,-1.701100000000000000e+04,-3.878800000000000000e+04,-2.070200000000000000e+04,-2.603000000000000000e+04,-2.998600000000000000e+04
-1.003300000000000000e+04,-1.279900000000000000e+04,5.175000000000000000e+03,-2.683000000000000000e+04,1.823000000000000000e+03,-1.556000000000000000e+04,-1.951700000000000000e+04,-2.013600000000000000e+04
-1.190700000000000000e+04,2.824400000000000000e+04,-9.137000000000000000e+03,-1.542300000000000000e+04,-4.333600000000000000e+04,-2.107900000000000000e+04,-2.913300000000000000e+04,-4.238500000000000000e+04
5.288000000000000000e+03,-2.238100000000000000e+04,-1.508400000000000000e+04,-7.777000000000000000e+03,-2.263100000000000000e+04,4.872000000000000000e+03,-1.980000000000000000e+04,-2.616400000000000000e+04
-1.663200000000000000e+04,-1.261600000000000000e+04,-1.991200000000000000e+04,-7.479000000000000000e+03,-1.618000000000000000e+04,-2.347300000000000000e+04,5.114000000000000000e+03,-1.119300000000000000e+04
-2.107800000000000000e+04,-1.740900000000000000e+04,-8.140000000000000000e+03,-6.540000000000000000e+02,-1.532700000000000000e+04,1.219300000000000000e+04,-2.159800000000000000e+04,-1.653100000000000000e+04
-4.029500000000000000e+04,-2.390800000000000000e+04,-3.150000000000000000e+02,-2.702200000000000000e+04,-2.350600000000000000e+04,-3.599200000000000000e+04,-2.189300000000000000e+04,1.237600000000000000e+04
-2.990600000000000000e+04,-1.584200000000000000e+04,-1.489900000000000000e+04,-5.418000000000000000e+03,-2.689500000000000000e+04,-1.310100000000000000e+04,1.061700000000000000e+04,-1.848400000000000000e+04
-9.747000000000000000e+03,-1.042900000000000000e+04,1.575800000000000000e+04,-2.485100000000000000e+04,-1.433900000000000000e+04,-3.594700000000000000e+04,-2.650000000000000000e+04,-7.527000000000000000e+03
3.865000000000000000e+03,-2.001100000000000000e+04,-1.834100000000000000e+04,-6.213000000000000000e+03,-5.560000000000000000e+03,-1.280000000000000000e+02,-9.577000000000000000e+03,-2.996900000000000000e+04
-5.447000000000000000e+03,3.147000000000000000e+03,-1.438900000000000000e+04,-2.094300000000000000e+04,-3.026900000000000000e+04,-1.415800000000000000e+04,-9.699000000000000000e+03,-1.338800000000000000e+04
-2.953000000000000000e+03,-3.260000000000000000e+02,-1.126300000000000000e+04,-2.241400000000000000e+04,-1.080500000000000000e+04,-2.881000000000000000e+03,-8.826000000000000000e+03,-7.607000000000000000e+03
-1.886800000000000000e+04,1.683300000000000000e+04,-1.499100000000000000e+04,-3.939000000000000000e+03,-4.159800000000000000e+04,-1.812300000000000000e+04,-2.033000000000000000e+04,-4.052300000000000000e+04
-1.360200000000000000e+04,-1.189900000000000000e+04,-2.206100000000000000e+04,-1.322200000000000000e+04,-1.881400000000000000e+04,-1.587300000000000000e+04,1.593200000000000000e+04,-2.634500000000000000e+04
4.754000000000000000e+03,-2.393200000000000000e+04,-1.069400000000000000e+04,-1.035000000000000000e+03,-8.410000000000000000e+02,-7.920000000000000000e+02,-1.908400000000000000e+04,-1.750400000000000000e+04
-1.630000000000000000e+03,-2.319800000000000000e+04,-2.636800000000000000e+04,1.635000000000000000e+03,-4.096900000000000000e+04,1.181700000000000000e+04,-3.092600000000000000e+04,-4.134700000000000000e+04
-2.350600000000000000e+04,-2.433300000000000000e+04,-1.623400000000000000e+04,-2.226100000000000000e+04,-2.557000000000000000e+04,-2.061400000000000000e+04,-1.681300000000000000e+04,2.221100000000000000e+04
-3.496800000000000000e+04,-4.839000000000000000e+03,-9.528000000000000000e+03,5.392000000000000000e+03,-3.561200000000000000e+04,-7.799000000000000000e+03,-7.141000000000000000e+03,-4.349200000000000000e+04
-2.288000000000000000e+04,-6.520000000000000000e+02,-1.830000000000000000e+03,-1.470500000000000000e+04,-2.261600000000000000e+04,-1.662800000000000000e+04,-1.812000000000000000e+03,-3.162100000000000000e+04
8.138000000000000000e+03,-1.680400000000000000e+04,-8.437000000000000000e+03,5.039000000000000000e+03,-6.687000000000000000e+03,-1.315200000000000000e+04,-2.962400000000000000e+04,-3.571000000000000000e+04
1.622000000000000000e+03,-2.529400000000000000e+04,-1.348200000000000000e+04,-3.022000000000000000e+03,-3.022400000000000000e+04,4.728000000000000000e+03,-2.970600000000000000e+04,-5.026400000000000000e+04
-1.384000000000000000e+03,-1.765400000000000000e+04,-2.229000000000000000e+04,-2.595000000000000000e+03,-2.643100000000000000e+04,-2.698000000000000000e+03,-2.300100000000000000e+04,-3.369300000000000000e+04
-2.590000000000000000e+02,-1.758900000000000000e+04,-1.439600000000000000e+04,1.956000000000000000e+03,-1.409000000000000000e+03,-6.317000000000000000e+03,-2.362000000000000000e+04,-2.655500000000000000e+04
-3.027800000000000000e+04,-1.559800000000000000e+04,-2.637000000000000000e+03,-2.377700000000000000e+04,-2.299700000000000000e+04,-1.434700000000000000e+04,9.711000000000000000e+03,-2.979300000000000000e+04
-2.978700000000000000e+04,-2.223000000000000000e+03,-2.106400000000000000e+04,-1.621900000000000000e+04,-2.589000000000000000e+04,-7.165000000000000000e+03,1.806500000000000000e+04,-2.574600000000000000e+04
-1.797200000000000000e+04,2.584700000000000000e+04,-2.192200000000000000e+04,-2.010000000000000000e+04,-3.904600000000000000e+04,-9.834000000000000000e+03,-3.065300000000000000e+04,-5.095700000000000000e+04
-1.507500000000000000e+04,-2.045200000000000000e+04,-1.780700000000000000e+04,-2.151200000000000000e+04,-2.256500000000000000e+04,-1.206200000000000000e+04,1.722100000000000000e+04,-1.170000000000000000e+04
-2.163400000000000000e+04,-1.724300000000000000e+04,-1.179300000000000000e+04,8.520000000000000000e+02,-2.178600000000000000e+04,5.855000000000000000e+03,-2.463600000000000000e+04,-3.037300000000000000e+04
-1.692000000000000000e+04,-1.033300000000000000e+04,1.192600000000000000e+04,-2.787700000000000000e+04,-2.196400000000000000e+04,-2.751900000000000000e+04,-2.173400000000000000e+04,-7.268000000000000000e+03
-2.879400000000000000e+04,-2.836800000000000000e+04,-1.731100000000000000e+04,-3.502900000000000000e+04,-2.879300000000000000e+04,-1.947000000000000000e+04,-1.415300000000000000e+04,2.075800000000000000e+04
-2.057800000000000000e+04,1.589000000000000000e+03,-2.745100000000000000e+04,-2.429100000000000000e+04,-3.835200000000000000e+04,4.022000000000000000e+03,-5.795000000000000000e+03,-1.622200000000000000e+04
-1.284700000000000000e+04,-1.741400000000000000e+04,-1.903700000000000000e+04,-1.296100000000000000e+04,-1.674500000000000000e+04,6.928000000000000000e+03,2.049000000000000000e+03,-2.700300000000000000e+04
-9.450000000000000000e+03,-2.074200000000000000e+04,-2.121100000000000000e+04,-1.407400000000000000e+04,-2.208300000000000000e+04,1.046800000000000000e+04,-1.705000000000000000e+04,-1.975800000000000000e+04
-1.866500000000000000e+04,1.785300000000000000e+04,-2.889900000000000000e+04,-7.901000000000000000e+03,-3.868200000000000000e+04,-1.317100000000000000e+04,-1.421900000000000000e+04,-3.297200000000000000e+04
-4.503000000000000000e+03,-1.090400000000000000e+04,-1.750600000000000000e+04,8.203000000000000000e+03,-3.098600000000000000e+04,-5.355000000000000000e+03,-2.070500000000000000e+04,-3.875200000000000000e+04
-2.141200000000000000e+04,-7.516000000000000000e+03,-4.694000000000000000e+03,-3.088000000000000000e+04,-2.364000000000000000e+04,-1.006000000000000000e+03,3.848000000000000000e+03,-1.243500000000000000e+04
-1.772900000000000000e+04,-8.655000000000000000e+03,-2.480800000000000000e+04,8.458000000000000000e+03,-3.287300000000000000e+04,2.930000000000000000e+02,-1.667800000000000000e+04,-4.713400000000000000e+04
-2.359000000000000000e+03,-1.292800000000000000e+04,-1.495500000000000000e+04,7.315000000000000000e+03,-2.144300000000000000e+04,2.836000000000000000e+03,-1.951800000000000000e+04,-1.456300000000000000e+04
1.155800000000000000e+04,-1.833000000000000000e+04,-1.142700000000000000e+04,-5.331000000000000000e+03,-9.224000000000000000e+03,-3.830000000000000000e+03,-2.944200000000000000e+04,-4.641400000000000000e+04
-1.208700000000000000e+04,2.933100000000000000e+04,-3.173200000000000000e+04,-2.163300000000000000e+04,-3.898100000000000000e+04,-7.537000000000000000e+03,-2.696900000000000000e+04,-2.793500000000000000e+04
-2.626300000000000000e+04,-1.042800000000000000e+04,-1.110400000000000000e+04,-2.594400000000000000e+04,-3.032700000000000000e+04,-1.860800000000000000e+04,-1.959600000000000000e+04,7.601000000000000000e+03
-3.050400000000000000e+04,1.130000000000000000e+03,-1.443400000000000000e+04,-1.663000000000000000e+04,-3.915200000000000000e+04,-1.073000000000000000e+04,4.994000000000000000e+03,-3.170700000000000000e+04
-2.210800000000000000e+04,-9.254000000000000000e+03,-1.469900000000000000e+04,-4.429000000000000000e+03,-3.454600000000000000e+04,-2.352000000000000000e+04,1.468300000000000000e+04,-2.827300000000000000e+04
-2.712300000000000000e+04,-6.272000000000000000e+03,-1.391900000000000000e+04,-1.850000000000000000e+02,-2.286300000000000000e+04,-1.065400000000000000e+04,-4.630000000000000000e+02,-1.560700000000000000e+04
-2.941400000000000000e+04,-1.902100000000000000e+04,-1.785400000000000000e+04,-3.224000000000000000e+03,-3.111200000000000000e+04,-1.340600000000000000e+04,1.779100000000000000e+04,-2.566700000000000000e+04
-8.385000000000000000e+03,-1.870000000000000000e+04,-1.538300000000000000e+04,-1.460300000000000000e+04,4.606000000000000000e+03,-1.916000000000000000e+04,-1.997600000000000000e+04,-1.634200000000000000e+04
-9.891000000000000000e+03,1.337300000000000000e+04,-1.206200000000000000e+04,-1.813200000000000000e+04,-4.417800000000000000e+04,-2.096700000000000000e+04,-2.810900000000000000e+04,-2.327100000000000000e+04
-1.029000000000000000e+04,-2.354300000000000000e+04,-1.245100000000000000e+04,-3.052800000000000000e+04,1.591000000000000000e+04,-2.873000000000000000e+04,-2.361900000000000000e+04,-1.251900000000000000e+04
-3.794500000000000000e+04,-1.967300000000000000e+04,1.279000000000000000e+04,-2.892400000000000000e+04,-3.087000000000000000e+04,-2.962100000000000000e+04,-2.118800000000000000e+04,7.686000000000000000e+03
-2.091400000000000000e+04,2.054900000000000000e+04,-2.022400000000000000e+04,-1.658300000000000000e+04,-4.157800000000000000e+04,-1.573200000000000000e+04,-3.089400000000000000e+04,-2.830900000000000000e+04
-2.632400000000000000e+04,-2.592900000000000000e+04,-1.627500000000000000e+04,-3.073900000000000000e+04,-2.492300000000000000e+04,-2.008300000000000000e+04,-1.869900000000000000e+04,2.041500000000000000e+04
-3.053600000000000000e+04,-1.319300000000000000e+04,-2.452300000000000000e+04,-1.479400000000000000e+04,-3.326400000000000000e+04,-1.342700000000000000e+04,1.633600000000000000e+04,-3.298300000000000000e+04
-2.792300000000000000e+04,-1.907700000000000000e+04,-7.759000000000000000e+03,-2.040600000000000000e+04,-2.855500000000000000e+04,-1.834100000000000000e+04,3.269700000000000000e+04,-2.326400000000000000e+04
-1.182300000000000000e+04,2.170000000000000000e+03,-1.778400000000000000e+04,-3.385000000000000000e+03,-1.472900000000000000e+04,-1.842700000000000000e+04,-2.036100000000000000e+04,-1.239600000000000000e+04
1.295100000000000000e+04,-1.436400000000000000e+04,-1.930400000000000000e+04,-4.340000000000000000e+03,-8.079000000000000000e+03,-8.876000000000000000e+03,-2.169000000000000000e+04,-4.424200000000000000e+04
-2.847900000000000000e+04,-1.616900000000000000e+04,-1.617700000000000000e+04,-2.260600000000000000e+04,-2.266600000000000000e+04,-1.201100000000000000e+04,1.330800000000000000e+04,-1.420700000000000000e+04
-2.567000000000000000e+04,-1.934900000000000000e+04,-8.160000000000000000e+02,-2.336400000000000000e+04,-2.408200000000000000e+04,-2.420600000000000000e+04,-2.023100000000000000e+04,1.079100000000000000e+04
5.038000000000000000e+03,-1.901000000000000000e+04,-1.424100000000000000e+04,-6.480000000000000000e+02,-1.806900000000000000e+04,-4.320000000000000000e+02,-2.833100000000000000e+04,-4.440600000000000000e+04
-1.060000000000000000e+02,9.363000000000000000e+03,-2.032800000000000000e+04,-1.487600000000000000e+04,-3.058800000000000000e+04,-1.702400000000000000e+04,-1.120100000000000000e+04,-4.190000000000000000e+04
-1.727800000000000000e+04,-1.855800000000000000e+04,-1.631900000000000000e+04,6.648000000000000000e+03,-1.732200000000000000e+04,1.162000000000000000e+03,-7.529000000000000000e+03,-3.224100000000000000e+04
-1.245100000000000000e+04,-1.822600000000000000e+04,-1.432100000000000000e+04,-2.193000000000000000e+03,-1.752500000000000000e+04,-1.497100000000000000e+04,-1.016400000000000000e+04,-3.373200000000000000e+04
-1.096900000000000000e+04,-1.152800000000000000e+04,-3.549000000000000000e+03,-2.240000000000000000e+02,1.344000000000000000e+03,3.144000000000000000e+03,-1.509600000000000000e+04,-3.347000000000000000e+04
-7.603000000000000000e+03,-6.503000000000000000e+03,-1.064700000000000000e+04,9.392000000000000000e+03,-3.046100000000000000e+04,7.276000000000000000e+03,-2.371200000000000000e+04,-3.994000000000000000e+04
-1.129000000000000000e+04,-1.260300000000000000e+04,-1.769000000000000000e+04,-2.438800000000000000e+04,-1.778500000000000000e+04,-1.961500000000000000e+04,9.898000000000000000e+03,-1.814800000000000000e+04
1.232800000000000000e+04,-2.554800000000000000e+04,-1.935600000000000000e+04,-5.158000000000000000e+03,-4.084300000000000000e+04,-4.405000000000000000e+03,-2.778700000000000000e+04,-3.837600000000000000e+04
2.871000000000000000e+03,-1.807900000000000000e+04,-1.519700000000000000e+04,-1.515800000000000000e+04,5.105000000000000000e+03,-1.766200000000000000e+04,-2.718800000000000000e+04,-2.830500000000000000e+04
-2.784300000000000000e+04,-2.101500000000000000e+04,-1.357000000000000000e+03,-2.778800000000000000e+04,-3.298400000000000000e+04,-2.245900000000000000e+04,-1.847300000000000000e+04,1.149500000000000000e+04
-1.175400000000000000e+04,-1.576400000000000000e+04,-1.052900000000000000e+04,-1.229000000000000000e+03,-1.483100000000000000e+04,-5.722000000000000000e+03,-1.695500000000000000e+04,-1.256400000000000000e+04
-1.140900000000000000e+04,2.417000000000000000e+03,-1.386200000000000000e+04,-1.105900000000000000e+04,-3.284600000000000000e+04,-2.282600000000000000e+04,-2.135400000000000000e+04,-2.379600000000000000e+04
-2.727000000000000000e+04,-1.702700000000000000e+04,-1.297000000000000000e+04,-1.983600000000000000e+04,-1.444900000000000000e+04,-3.496000000000000000e+03,-1.170700000000000000e+04,8.901000000000000000e+03
-1.530700000000000000e+04,-1.865800000000000000e+04,-1.741600000000000000e+04,-2.400700000000000000e+04,-1.541700000000000000e+04,-1.162200000000000000e+04,-1.493000000000000000e+04,1.840400000000000000e+04
-9.857000000000000000e+03,-3.268000000000000000e+03,-1.482500000000000000e+04,-2.394000000000000000e+04,-2.881000000000000000e+04,-1.315000000000000000e+04,-3.645000000000000000e+03,-1.768900000000000000e+04
-1.382900000000000000e+04,-8.193000000000000000e+03,-7.288000000000000000e+03,-4.745000000000000000e+03,-2.055500000000000000e+04,-1.750000000000000000e+03,-9.942000000000000000e+03,-4.873800000000000000e+04
-2.150800000000000000e+04,4.060000000000000000e+02,-1.376800000000000000e+04,-1.598000000000000000e+04,-4.305700000000000000e+04,-6.242000000000000000e+03,-5.998000000000000000e+03,-2.056100000000000000e+04
-1.731600000000000000e+04,-1.814600000000000000e+04,-9.636000000000000000e+03,-2.824400000000000000e+04,-1.808900000000000000e+04,-2.238400000000000000e+04,1.736000000000000000e+04,-1.029500000000000000e+04
-1.473500000000000000e+04,4.269000000000000000e+03,-1.990600000000000000e+04,1.205000000000000000e+03,-3.767400000000000000e+04,-1.333300000000000000e+04,-2.037600000000000000e+04,-2.522400000000000000e+04
-3.273700000000000000e+04,-1.920500000000000000e+04,-8.624000000000000000e+03,-2.287000000000000000e+04,-1.885600000000000000e+04,-3.166000000000000000e+04,1.709400000000000000e+04,-1.823100000000000000e+04
-1.568100000000000000e+04,2.060900000000000000e+04,-1.666500000000000000e+04,-3.294700000000000000e+04,-4.014700000000000000e+04,-1.496400000000000000e+04,-3.029300000000000000e+04,-2.411500000000000000e+04
6.502000000000000000e+03,-1.262400000000000000e+04,-1.406400000000000000e+04,-9.976000000000000000e+03,6.272000000000000000e+03,-1.062400000000000000e+04,-2.363700000000000000e+04,-3.615800000000000000e+04
-1.835300000000000000e+04,-1.045000000000000000e+03,-1.254200000000000000e+04,-5.362000000000000000e+03,-3.114200000000000000e+04,-1.491000000000000000e+04,4.140000000000000000e+03,-3.427500000000000000e+04
-4.020000000000000000e+03,-1.303500000000000000e+04,-9.593000000000000000e+03,-8.955000000000000000e+03,-3.303500000000000000e+04,1.325000000000000000e+03,-1.751200000000000000e+04,-3.369600000000000000e+04
-1.737000000000000000e+04,-1.305900000000000000e+04,-1.955600000000000000e+04,-2.301300000000000000e+04,-3.553300000000000000e+04,-2.786000000000000000e+03,-2.048300000000000000e+04,1.510400000000000000e+04
-1.541200000000000000e+04,-1.536200000000000000e+04,-1.690500000000000000e+04,-1.075300000000000000e+04,-2.452600000000000000e+04,3.423000000000000000e+03,-1.137800000000000000e+04,-3.248700000000000000e+04
-3.291900000000000000e+04,-1.544300000000000000e+04,-1.086900000000000000e+04,-3.118700000000000000e+04,-3.066700000000000000e+04,-3.446700000000000000e+04,-1.797000000000000000e+04,1.540200000000000000e+04
-3.968100000000000000e+04,-2.503100000000000000e+04,-5.137000000000000000e+03,-2.927700000000000000e+04,-3.467700000000000000e+04,-3.629000000000000000e+04,-2.681500000000000000e+04,7.951000000000000000e+03
-6.575000000000000000e+03,-4.121000000000000000e+03,-2.115200000000000000e+04,-4.620000000000000000e+03,-2.344400000000000000e+04,5.128000000000000000e+03,-1.267700000000000000e+04,-2.955500000000000000e+04
-3.290100000000000000e+04,-1.492700000000000000e+04,-5.400000000000000000e+03,-2.919100000000000000e+04,-2.476800000000000000e+04,-3.258200000000000000e+04,-1.362100000000000000e+04,6.202000000000000000e+03
-2.161000000000000000e+04,-1.505200000000000000e+04,-2.032600000000000000e+04,-2.383000000000000000e+03,-3.124500000000000000e+04,-1.507200000000000000e+04,-4.181000000000000000e+03,-2.229200000000000000e+04
-9.285000000000000000e+03,-2.233400000000000000e+04,-1.187900000000000000e+04,-3.320500000000000000e+04,-1.219000000000000000e+04,-3.136500000000000000e+04,-1.300400000000000000e+04,1.613000000000000000e+03
-1.010200000000000000e+04,-8.871000000000000000e+03,-2.407500000000000000e+04,-4.891000000000000000e+03,-2.032100000000000000e+04,5.639000000000000000e+03,-1.368800000000000000e+04,-2.204500000000000000e+04
-2.132000000000000000e+04,2.619800000000000000e+04,-2.769600000000000000e+04,-1.490700000000000000e+04,-4.117300000000000000e+04,-1.202300000000000000e+04,-1.884500000000000000e+04,-3.785600000000000000e+04
-3.294400000000000000e+04,-1.314600000000000000e+04,-1.460000000000000000e+04,-8.235000000000000000e+03,-2.492100000000000000e+04,-1.736200000000000000e+04,2.396200000000000000e+04,-2.116400000000000000e+04
-1.707900000000000000e+04,-9.192000000000000000e+03,-1.933300000000000000e+04,-2.217100000000000000e+04,-1.011500000000000000e+04,-7.392000000000000000e+03,7.193000000000000000e+03,-2.762900000000000000e+04
-2.846900000000000000e+04,-1.306500000000000000e+04,-1.422600000000000000e+04,-9.333000000000000000e+03,-2.610700000000000000e+04,-1.657700000000000000e+04,1.614600000000000000e+04,-3.032300000000000000e+04
5.362000000000000000e+03,-2.704500000000000000e+04,-1.109100000000000000e+04,-1.945400000000000000e+04,7.879000000000000000e+03,-1.635300000000000000e+04,-3.870000000000000000e+04,-3.673300000000000000e+04
-1.889700000000000000e+04,-2.446900000000000000e+04,-2.127400000000000000e+04,-2.685300000000000000e+04,-2.457800000000000000e+04,-1.912300000000000000e+04,-1.841300000000000000e+04,2.020900000000000000e+04
-2.361000000000000000e+03,-4.412000000000000000e+03,-1.449200000000000000e+04,-3.386000000000000000e+03,-3.490800000000000000e+04,-4.984000000000000000e+03,-1.599100000000000000e+04,-4.600600000000000000e+04
-2.699700000000000000e+04,-1.833100000000000000e+04,9.820000000000000000e+02,-2.570300000000000000e+04,1.608000000000000000e+03,-4.324200000000000000e+04,-2.883400000000000000e+04,1.031100000000000000e+04
2.015000000000000000e+03,-1.096800000000000000e+04,-1.410700000000000000e+04,-1.435900000000000000e+04,2.405000000000000000e+03,-1.573000000000000000e+04,-3.478400000000000000e+04,-3.186800000000000000e+04
-3.904000000000000000e+03,-7.588000000000000000e+03,-2.070200000000000000e+04,-4.334000000000000000e+03,-4.065300000000000000e+04,9.178000000000000000e+03,-2.317200000000000000e+04,-2.738700000000000000e+04
9.039000000000000000e+03,-6.089000000000000000e+03,-2.271700000000000000e+04,3.104000000000000000e+03,-1.598500000000000000e+04,-2.027300000000000000e+04,-2.646500000000000000e+04,-4.318400000000000000e+04
-2.581200000000000000e+04,-1.585000000000000000e+03,-1.617100000000000000e+04,-1.992400000000000000e+04,-3.088100000000000000e+04,-4.952000000000000000e+03,-1.210500000000000000e+04,-6.080000000000000000e+02
-4.230000000000000000e+03,-2.487900000000000000e+04,-1.579500000000000000e+04,-6.611000000000000000e+03,5.214000000000000000e+03,-9.171000000000000000e+03,-2.720300000000000000e+04,-2.662000000000000000e+04
-1.747900000000000000e+04,-1.087500000000000000e+04,1.229300000000000000e+04,-1.306700000000000000e+04,-7.628000000000000000e+03,-1.658400000000000000e+04,-8.709000000000000000e+03,-2.334800000000000000e+04
-1.332100000000000000e+04,-1.765700000000000000e+04,-1.228900000000000000e+04,-2.588400000000000000e+04,-1.498900000000000000e+04,-1.890900000000000000e+04,-1.606800000000000000e+04,7.088000000000000000e+03
-1.567300000000000000e+04,-1.385200000000000000e+04,-6.633000000000000000e+03,-8.872000000000000000e+03,-2.815600000000000000e+04,1.689000000000000000e+03,3.123000000000000000e+03,-2.678900000000000000e+04
-1.426900000000000000e+04,8.880000000000000000e+03,-9.899000000000000000e+03,-4.789000000000000000e+03,-2.308000000000000000e+04,-8.992000000000000000e+03,-1.024900000000000000e+04,-3.216300000000000000e+04
-1.900600000000000000e+04,3.218700000000000000e+04,-2.581500000000000000e+04,-1.750200000000000000e+04,-4.831700000000000000e+04,-2.403300000000000000e+04,-2.611500000000000000e+04,-3.729700000000000000e+04
-1.821700000000000000e+04,-1.369600000000000000e+04,1.522200000000000000e+04,-8.409000000000000000e+03,-6.026000000000000000e+03,-3.110800000000000000e+04,-1.836100000000000000e+04,-2.141900000000000000e+04
-3.577000000000000000e+03,-1.793200000000000000e+04,-1.974200000000000000e+04,-1.329200000000000000e+04,-1.129700000000000000e+04,3.238000000000000000e+03,-1.087800000000000000e+04,-1.796800000000000000e+04
1.017000000000000000e+04,-2.014300000000000000e+04,-1.766200000000000000e+04,-1.081300000000000000e+04,-2.701100000000000000e+04,6.932000000000000000e+03,-2.724000000000000000e+04,-3.507200000000000000e+04
-9.599000000000000000e+03,-3.214000000000000000e+03,-9.237000000000000000e+03,-8.081000000000000000e+03,-1.575100000000000000e+04,-1.492700000000000000e+04,9.170000000000000000e+02,-1.663400000000000000e+04
3.292000000000000000e+03,-1.927000000000000000e+04,-1.315700000000000000e+04,-1.354700000000000000e+04,1.156200000000000000e+04,-1.684900000000000000e+04,-2.821000000000000000e+04,-1.927100000000000000e+04
-1.438700000000000000e+04,-1.405300000000000000e+04,-1.764800000000000000e+04,2.878000000000000000e+03,-2.070500000000000000e+04,9.890000000000000000e+02,-1.083600000000000000e+04,-2.822600000000000000e+04
-1.476600000000000000e+04,-1.459200000000000000e+04,-1.050400000000000000e+04,-1.753200000000000000e+04,-1.239400000000000000e+04,-1.149900000000000000e+04,3.131000000000000000e+03,-1.050600000000000000e+04
-1.952500000000000000e+04,-2.277700000000000000e+04,-7.192000000000000000e+03,-2.354700000000000000e+04,-2.985000000000000000e+04,-1.548100000000000000e+04,-1.476000000000000000e+04,8.349000000000000000e+03
-4.537000000000000000e+03,-9.915000000000000000e+03,-1.771700000000000000e+04,-1.085900000000000000e+04,-6.469000000000000000e+03,-1.826200000000000000e+04,-2.463000000000000000e+03,-1.367200000000000000e+04
-9.205000000000000000e+03,2.197000000000000000e+03,-8.036000000000000000e+03,-2.193800000000000000e+04,-1.463000000000000000e+04,-4.417000000000000000e+03,-2.447000000000000000e+04,5.160000000000000000e+02
-1.307800000000000000e+04,1.956700000000000000e+04,-1.639100000000000000e+04,-8.788000000000000000e+03,-4.446900000000000000e+04,-1.135700000000000000e+04,-2.529800000000000000e+04,-2.942100000000000000e+04
1.470500000000000000e+04,-2.228700000000000000e+04,-1.025200000000000000e+04,-7.980000000000000000e+03,-1.224500000000000000e+04,-3.015000000000000000e+03,-2.687700000000000000e+04,-2.337500000000000000e+04
-8.705000000000000000e+03,-2.446800000000000000e+04,-1.760600000000000000e+04,-2.473900000000000000e+04,1.409400000000000000e+04,-1.007800000000000000e+04,-1.885400000000000000e+04,-1.844400000000000000e+04
-1.411800000000000000e+04,7.960000000000000000e+02,-9.047000000000000000e+03,-3.015000000000000000e+04,-2.948500000000000000e+04,-8.089000000000000000e+03,-2.112000000000000000e+04,-3.681400000000000000e+04
-4.480000000000000000e+02,-1.523600000000000000e+04,-1.290600000000000000e+04,-7.093000000000000000e+03,-1.999400000000000000e+04,-2.038500000000000000e+04,-1.235500000000000000e+04,-3.056100000000000000e+04
-1.860700000000000000e+04,2.259500000000000000e+04,-2.117600000000000000e+04,-1.766800000000000000e+04,-5.012400000000000000e+04,-1.698600000000000000e+04,-2.652700000000000000e+04,-2.612200000000000000e+04
-1.958100000000000000e+04,-1.480900000000000000e+04,-1.557200000000000000e+04,-3.188700000000000000e+04,-3.059500000000000000e+04,-1.947200000000000000e+04,1.918600000000000000e+04,-1.102900000000000000e+04
-2.051600000000000000e+04,-1.337000000000000000e+04,-1.438300000000000000e+04,-2.188500000000000000e+04,-2.707800000000000000e+04,-1.426800000000000000e+04,1.772400000000000000e+04,-3.292500000000000000e+04
-8.623000000000000000e+03,-4.935000000000000000e+03,-1.136500000000000000e+04,5.126000000000000000e+03,-2.525100000000000000e+04,-1.095900000000000000e+04,-2.912500000000000000e+04,-2.871500000000000000e+04
-1.455000000000000000e+04,-1.477600000000000000e+04,-1.359600000000000000e+04,-1.528300000000000000e+04,-2.551800000000000000e+04,1.860100000000000000e+04,-9.889000000000000000e+03,-2.337800000000000000e+04
2.887000000000000000e+03,-1.747100000000000000e+04,-1.299200000000000000e+04,-4.082000000000000000e+03,1.320000000000000000e+03,-1.574400000000000000e+04,-2.871500000000000000e+04,-2.787700000000000000e+04
-3.415100000000000000e+04,-1.543300000000000000e+04,-1.899100000000000000e+04,-7.174000000000000000e+03,-3.790800000000000000e+04,5.364000000000000000e+03,3.507000000000000000e+03,-3.904200000000000000e+04
-7.991000000000000000e+03,2.693500000000000000e+04,-3.237900000000000000e+04,-2.337900000000000000e+04,-4.499300000000000000e+04,-2.017800000000000000e+04,-2.780600000000000000e+04,-3.571600000000000000e+04
-9.009000000000000000e+03,-4.034000000000000000e+03,6.370000000000000000e+03,-2.733000000000000000e+03,-1.475100000000000000e+04,-1.033600000000000000e+04,-1.925800000000000000e+04,-4.239700000000000000e+04
-2.092700000000000000e+04,-1.040800000000000000e+04,-1.957900000000000000e+04,1.201300000000000000e+04,-1.750300000000000000e+04,5.133000000000000000e+03,-2.245700000000000000e+04,-3.833700000000000000e+04
7.017000000000000000e+03,-7.518000000000000000e+03,-2.334000000000000000e+04,-1.387000000000000000e+03,-2.607500000000000000e+04,-5.195000000000000000e+03,-1.798200000000000000e+04,-3.674700000000000000e+04
-1.881800000000000000e+04,-2.841500000000000000e+04,-1.058300000000000000e+04,-9.061000000000000000e+03,1.439000000000000000e+03,-2.188300000000000000e+04,-2.160000000000000000e+04,-1.806500000000000000e+04
-2.248500000000000000e+04,-9.399000000000000000e+03,-1.894200000000000000e+04,-2.245700000000000000e+04,-2.147700000000000000e+04,-1.204300000000000000e+04,1.990400000000000000e+04,-1.586600000000000000e+04
-2.351000000000000000e+04,-2.123000000000000000e+03,-1.055500000000000000e+04,-2.312000000000000000e+03,-2.514000000000000000e+04,-1.076200000000000000e+04,-1.026200000000000000e+04,-3.898000000000000000e+04
-2.457600000000000000e+04,-2.034300000000000000e+04,-2.891000000000000000e+03,-3.607600000000000000e+04,-2.130000000000000000e+04,-2.858400000000000000e+04,-2.254400000000000000e+04,1.179500000000000000e+04
-1.137900000000000000e+04,-8.381000000000000000e+03,-1.882600000000000000e+04,-1.163000000000000000e+03,-1.987100000000000000e+04,6.033000000000000000e+03,-1.451100000000000000e+04,-1.596200000000000000e+04
-1.453000000000000000e+04,6.106000000000000000e+03,-2.203500000000000000e+04,-9.478000000000000000e+03,-2.651100000000000000e+04,-6.831000000000000000e+03,-2.049200000000000000e+04,-3.450800000000000000e+04
-2.727200000000000000e+04,-2.435100000000000000e+04,-1.854400000000000000e+04,-2.854800000000000000e+04,-2.925900000000000000e+04,-2.742700000000000000e+04,-2.689400000000000000e+04,1.879000000000000000e+04
2.629000000000000000e+03,-1.184200000000000000e+04,-1.517900000000000000e+04,-1.733000000000000000e+03,-8.939000000000000000e+03,-8.565000000000000000e+03,-1.665100000000000000e+04,-1.618400000000000000e+04
-6.013000000000000000e+03,-1.170600000000000000e+04,-1.423600000000000000e+04,1.259400000000000000e+04,-1.191300000000000000e+04,-1.140900000000000000e+04,-1.160900000000000000e+04,-3.856600000000000000e+04
-1.246900000000000000e+04,-1.433400000000000000e+04,-2.351000000000000000e+04,-6.297000000000000000e+03,-2.180700000000000000e+04,7.858000000000000000e+03,-1.959700000000000000e+04,-2.839100000000000000e+04
-1.672100000000000000e+04,-1.995800000000000000e+04,-1.041000000000000000e+04,-2.696900000000000000e+04,-1.253800000000000000e+04,-1.589600000000000000e+04,-6.527000000000000000e+03,3.854000000000000000e+03
-7.729000000000000000e+03,-1.109300000000000000e+04,-5.915000000000000000e+03,7.201000000000000000e+03,-2.044700000000000000e+04,-4.222000000000000000e+03,-1.056600000000000000e+04,-2.319600000000000000e+04
-1.317200000000000000e+04,1.516400000000000000e+04,-1.016700000000000000e+04,-8.779000000000000000e+03,-4.615100000000000000e+04,-1.197500000000000000e+04,-2.204900000000000000e+04,-3.567600000000000000e+04
-1.443800000000000000e+04,-3.817000000000000000e+03,-2.111700000000000000e+04,-1.402000000000000000e+03,-4.428000000000000000e+04,4.893000000000000000e+03,-3.155800000000000000e+04,-3.513900000000000000e+04
-1.924100000000000000e+04,-2.017500000000000000e+04,-4.159000000000000000e+03,-2.549400000000000000e+04,-2.462000000000000000e+03,-2.336400000000000000e+04,-2.407700000000000000e+04,-9.700000000000000000e+03
-1.816400000000000000e+04,1.271900000000000000e+04,-2.256300000000000000e+04,-1.052300000000000000e+04,-3.357000000000000000e+04,-2.245400000000000000e+04,-2.503000000000000000e+04,-2.565600000000000000e+04
-3.713100000000000000e+04,-2.043600000000000000e+04,-2.170200000000000000e+04,-1.786600000000000000e+04,-3.737200000000000000e+04,-1.384000000000000000e+03,1.685400000000000000e+04,-2.876200000000000000e+04
-1.739000000000000000e+04,-2.366900000000000000e+04,-2.946600000000000000e+04,-2.738700000000000000e+04,-1.912600000000000000e+04,-1.211500000000000000e+04,-2.065800000000000000e+04,1.876600000000000000e+04
-2.525100000000000000e+04,-8.608000000000000000e+03,-2.015100000000000000e+04,-1.335100000000000000e+04,-2.383800000000000000e+04,-1.573400000000000000e+04,9.550000000000000000e+03,-2.148500000000000000e+04
-1.555600000000000000e+04,1.979100000000000000e+04,-5.242000000000000000e+03,-5.650000000000000000e+03,-2.824300000000000000e+04,-1.575400000000000000e+04,-1.242500000000000000e+04,-3.799600000000000000e+04
-2.671000000000000000e+04,-1.521300000000000000e+04,-1.607600000000000000e+04,-2.504100000000000000e+04,-2.043400000000000000e+04,-1.884000000000000000e+04,-8.958000000000000000e+03,1.427300000000000000e+04
-6.754000000000000000e+03,-1.660200000000000000e+04,-2.075400000000000000e+04,-4.162000000000000000e+03,-7.754000000000000000e+03,1.499200000000000000e+04,-1.734600000000000000e+04,-2.775800000000000000e+04
-1.574500000000000000e+04,-8.469000000000000000e+03,-1.053900000000000000e+04,-1.878200000000000000e+04,-1.574800000000000000e+04,-1.173400000000000000e+04,7.201000000000000000e+03,-2.490300000000000000e+04
-1.794200000000000000e+04,-1.865000000000000000e+04,-7.742000000000000000e+03,-3.078600000000000000e+04,-1.534900000000000000e+04,-1.789600000000000000e+04,1.210000000000000000e+04,-1.686700000000000000e+04
-1.671300000000000000e+04,-7.219000000000000000e+03,-1.184600000000000000e+04,1.700000000000000000e+01,-2.498100000000000000e+04,-1.352700000000000000e+04,-5.280000000000000000e+02,-2.976300000000000000e+04
-6.833000000000000000e+03,-1.621600000000000000e+04,-1.208700000000000000e+04,4.351000000000000000e+03,-2.520400000000000000e+04,4.720000000000000000e+02,-2.019600000000000000e+04,-3.109800000000000000e+04
-2.334700000000000000e+04,-5.911000000000000000e+03,-1.876600000000000000e+04,-1.551800000000000000e+04,-2.546800000000000000e+04,-1.838100000000000000e+04,8.387000000000000000e+03,-1.575900000000000000e+04
1.853400000000000000e+04,-1.872800000000000000e+04,-1.830400000000000000e+04,-5.170000000000000000e+02,-2.034300000000000000e+04,-3.517000000000000000e+03,-3.026900000000000000e+04,-3.806500000000000000e+04
-2.190300000000000000e+04,7.396000000000000000e+03,-1.412300000000000000e+04,-2.105600000000000000e+04,-3.004900000000000000e+04,-3.496000000000000000e+03,7.448000000000000000e+03,-2.440700000000000000e+04
-1.994900000000000000e+04,2.193700000000000000e+04,-2.011600000000000000e+04,-1.202500000000000000e+04,-4.149300000000000000e+04,-2.013100000000000000e+04,-2.288000000000000000e+04,-2.015900000000000000e+04
-7.243000000000000000e+03,-7.492000000000000000e+03,-2.575600000000000000e+04,3.825000000000000000e+03,-1.632100000000000000e+04,-6.404000000000000000e+03,-1.641700000000000000e+04,-3.502100000000000000e+04
-1.589900000000000000e+04,-1.080500000000000000e+04,-1.518300000000000000e+04,-5.380000000000000000e+03,-2.631400000000000000e+04,-1.677100000000000000e+04,6.524000000000000000e+03,-1.498300000000000000e+04
-9.128000000000000000e+03,8.902000000000000000e+03,-1.482000000000000000e+04,-3.147600000000000000e+04,-2.110900000000000000e+04,-2.333000000000000000e+04,-1.668400000000000000e+04,-2.417000000000000000e+04
-3.815000000000000000e+03,-6.312000000000000000e+03,-2.043000000000000000e+04,-3.073100000000000000e+04,-3.638100000000000000e+04,-4.120000000000000000e+03,-4.066000000000000000e+03,-3.176300000000000000e+04
-1.620500000000000000e+04,-1.093600000000000000e+04,-7.783000000000000000e+03,-1.721900000000000000e+04,-1.546800000000000000e+04,-1.492300000000000000e+04,1.061000000000000000e+04,-1.856000000000000000e+04
-1.555600000000000000e+04,-1.472200000000000000e+04,-3.620000000000000000e+02,-2.879300000000000000e+04,-1.356300000000000000e+04,-2.851400000000000000e+04,1.244000000000000000e+03,-1.047700000000000000e+04
-1.275000000000000000e+03,-2.386000000000000000e+03,-1.743800000000000000e+04,-1.550300000000000000e+04,-3.444000000000000000e+04,-1.328300000000000000e+04,-2.635300000000000000e+04,-2.126000000000000000e+04
1.826000000000000000e+03,-2.104700000000000000e+04,-1.195800000000000000e+04,3.904000000000000000e+03,-1.372300000000000000e+04,-5.664000000000000000e+03,-1.891400000000000000e+04,-1.776600000000000000e+04
1.544200000000000000e+04,-8.346000000000000000e+03,-2.102300000000000000e+04,-8.417000000000000000e+03,-2.050900000000000000e+04,-9.024000000000000000e+03,-2.851600000000000000e+04,-3.434900000000000000e+04
-2.302600000000000000e+04,-2.685900000000000000e+04,-1.874900000000000000e+04,-3.488700000000000000e+04,-2.790000000000000000e+04,-3.234400000000000000e+04,-2.793000000000000000e+04,1.700500000000000000e+04
-9.225000000000000000e+03,-4.900000000000000000e+03,-7.563000000000000000e+03,-9.784000000000000000e+03,-8.981000000000000000e+03,-1.668200000000000000e+04,-1.417700000000000000e+04,-3.159200000000000000e+04
-4.452300000000000000e+04,-2.466900000000000000e+04,-7.145000000000000000e+03,-3.579300000000000000e+04,-3.347000000000000000e+04,-3.522900000000000000e+04,-2.841200000000000000e+04,1.412000000000000000e+04
6.081000000000000000e+03,-2.437000000000000000e+04,-1.880300000000000000e+04,-4.622000000000000000e+03,7.387000000000000000e+03,-8.665000000000000000e+03,-2.766400000000000000e+04,-3.682600000000000000e+04
-1.994500000000000000e+04,-2.131300000000000000e+04,-2.076000000000000000e+03,-2.037700000000000000e+04,-1.971500000000000000e+04,-1.798900000000000000e+04,1.102400000000000000e+04,-2.296300000000000000e+04
-1.826800000000000000e+04,-1.562000000000000000e+04,-1.977800000000000000e+04,-7.730000000000000000e+02,-1.579600000000000000e+04,5.098000000000000000e+03,2.811000000000000000e+03,-2.071300000000000000e+04
9.475000000000000000e+03,-1.724800000000000000e+04,-2.461800000000000000e+04,-1.402000000000000000e+04,-2.600900000000000000e+04,-1.767000000000000000e+03,-3.160900000000000000e+04,-4.139400000000000000e+04
-6.782000000000000000e+03,-1.904500000000000000e+04,7.451000000000000000e+03,-2.620000000000000000e+03,-1.524700000000000000e+04,-1.230300000000000000e+04,-1.784700000000000000e+04,-2.968200000000000000e+04
-7.304000000000000000e+03,-1.311600000000000000e+04,-1.238800000000000000e+04,-8.235000000000000000e+03,-1.486800000000000000e+04,9.778000000000000000e+03,-2.284800000000000000e+04,-1.605500000000000000e+04
-9.145000000000000000e+03,-1.261700000000000000e+04,-1.064600000000000000e+04,-2.849000000000000000e+03,-2.095000000000000000e+04,-1.191200000000000000e+04,-2.989000000000000000e+03,-2.753100000000000000e+04
-1.928600000000000000e+04,-9.569000000000000000e+03,1.003300000000000000e+04,-1.501800000000000000e+04,-1.988500000000000000e+04,-1.436400000000000000e+04,-1.282300000000000000e+04,-1.169700000000000000e+04
-1.264600000000000000e+04,-1.477300000000000000e+04,-9.980000000000000000e+03,-2.098100000000000000e+04,-1.615400000000000000e+04,-6.055000000000000000e+03,8.460000000000000000e+03,-1.890900000000000000e+04
-1.905200000000000000e+04,-1.940200000000000000e+04,-1.745700000000000000e+04,-3.475700000000000000e+04,-2.780400000000000000e+04,-2.616300000000000000e+04,-2.328500000000000000e+04,2.109300000000000000e+04
-3.231000000000000000e+03,-1.097500000000000000e+04,-1.901800000000000000e+04,-2.210000000000000000e+03,-9.024000000000000000e+03,1.610000000000000000e+03,-1.948100000000000000e+04,-3.045500000000000000e+04
-1.273300000000000000e+04,-2.193000000000000000e+04,-1.588600000000000000e+04,-3.318400000000000000e+04,-3.412500000000000000e+04,-6.698000000000000000e+03,-1.147000000000000000e+04,6.584000000000000000e+03
-2.576900000000000000e+04,-3.747000000000000000e+03,-1.016600000000000000e+04,-2.400100000000000000e+04,-2.166700000000000000e+04,-2.012400000000000000e+04,-2.406000000000000000e+04,1.762000000000000000e+03
-1.675000000000000000e+04,-1.328900000000000000e+04,-1.531700000000000000e+04,-2.092200000000000000e+04,-1.663100000000000000e+04,-8.561000000000000000e+03,5.684000000000000000e+03,-9.609000000000000000e+03
-1.706900000000000000e+04,-1.359000000000000000e+04,-2.242100000000000000e+04,-1.718100000000000000e+04,-6.462000000000000000e+03,2.344900000000000000e+04,-9.763000000000000000e+03,-2.063800000000000000e+04
-7.474000000000000000e+03,5.507000000000000000e+03,-2.148700000000000000e+04,-1.440800000000000000e+04,-3.083700000000000000e+04,-2.778000000000000000e+03,-2.086800000000000000e+04,-3.290200000000000000e+04
-1.803100000000000000e+04,1.780000000000000000e+02,-2.735300000000000000e+04,-1.065200000000000000e+04,-1.768900000000000000e+04,-5.325000000000000000e+03,-2.129100000000000000e+04,-3.117500000000000000e+04
-1.849500000000000000e+04,3.242300000000000000e+04,-3.239100000000000000e+04,-2.012000000000000000e+04,-4.340200000000000000e+04,-2.168500000000000000e+04,-2.412800000000000000e+04,-3.489300000000000000e+04
-1.657600000000000000e+04,1.513200000000000000e+04,-1.163100000000000000e+04,-2.301300000000000000e+04,-2.989400000000000000e+04,-1.332900000000000000e+04,-6.781000000000000000e+03,-3.549700000000000000e+04
1.370000000000000000e+02,-1.912400000000000000e+04,-8.067000000000000000e+03,-1.186300000000000000e+04,-8.468000000000000000e+03,1.024200000000000000e+04,-2.453800000000000000e+04,-3.156200000000000000e+04
6.840000000000000000e+02,9.214000000000000000e+03,-2.554800000000000000e+04,-1.236000000000000000e+04,-4.101900000000000000e+04,-9.926000000000000000e+03,-1.875400000000000000e+04,-4.216400000000000000e+04
2.230000000000000000e+02,5.007000000000000000e+03,-2.050300000000000000e+04,-1.180600000000000000e+04,-3.370900000000000000e+04,-1.624200000000000000e+04,-3.246200000000000000e+04,-3.951000000000000000e+04
-1.519600000000000000e+04,-1.209500000000000000e+04,2.145000000000000000e+03,-2.909400000000000000e+04,-4.041000000000000000e+03,-2.596400000000000000e+04,-2.261500000000000000e+04,-1.688900000000000000e+04
-1.903700000000000000e+04,1.170300000000000000e+04,-6.464000000000000000e+03,-2.887400000000000000e+04,-3.593000000000000000e+04,-1.302200000000000000e+04,-9.951000000000000000e+03,-1.950700000000000000e+04
-2.381400000000000000e+04,-6.500000000000000000e+01,-1.040200000000000000e+04,8.102000000000000000e+03,-3.116000000000000000e+04,-1.128400000000000000e+04,-1.877500000000000000e+04,-3.380800000000000000e+04
-2.124000000000000000e+04,3.130000000000000000e+03,-1.352100000000000000e+04,-2.269400000000000000e+04,-2.486500000000000000e+04,-5.009000000000000000e+03,-1.037500000000000000e+04,-1.924000000000000000e+04
-1.123600000000000000e+04,-8.851000000000000000e+03,-7.626000000000000000e+03,-1.231100000000000000e+04,-1.829700000000000000e+04,-2.481200000000000000e+04,-1.863600000000000000e+04,4.178000000000000000e+03
-1.455200000000000000e+04,-1.291100000000000000e+04,-1.244100000000000000e+04,-2.597300000000000000e+04,-2.071400000000000000e+04,-2.962100000000000000e+04,-2.243600000000000000e+04,1.331400000000000000e+04
-2.976700000000000000e+04,-1.649500000000000000e+04,-1.594800000000000000e+04,-1.220000000000000000e+02,-1.079800000000000000e+04,-1.690900000000000000e+04,1.287100000000000000e+04,-1.736400000000000000e+04
-1.630300000000000000e+04,2.129200000000000000e+04,-2.269800000000000000e+04,-1.288200000000000000e+04,-4.405800000000000000e+04,-2.495400000000000000e+04,-1.751000000000000000e+04,-3.923900000000000000e+04
-1.421400000000000000e+04,-1.193500000000000000e+04,-2.011000000000000000e+03,-1.703500000000000000e+04,7.446000000000000000e+03,-2.069100000000000000e+04,-3.632300000000000000e+04,-8.151000000000000000e+03
-6.394000000000000000e+03,-1.603700000000000000e+04,-1.975500000000000000e+04,2.848000000000000000e+03,-2.113200000000000000e+04,4.736000000000000000e+03,-1.873400000000000000e+04,-4.579100000000000000e+04
-7.028000000000000000e+03,-6.169000000000000000e+03,2.183000000000000000e+03,-6.080000000000000000e+02,-3.336700000000000000e+04,-1.453400000000000000e+04,-3.090100000000000000e+04,-3.694000000000000000e+04
-3.872000000000000000e+03,-1.026000000000000000e+04,-1.521900000000000000e+04,-1.451300000000000000e+04,-1.731100000000000000e+04,-5.828000000000000000e+03,-1.898400000000000000e+04,-3.255500000000000000e+04
-1.765800000000000000e+04,-1.525800000000000000e+04,-1.575700000000000000e+04,-1.909500000000000000e+04,-2.682700000000000000e+04,-1.391000000000000000e+04,9.878000000000000000e+03,-1.356700000000000000e+04
-6.480000000000000000e+02,-1.568700000000000000e+04,-2.184400000000000000e+04,-4.296000000000000000e+03,-2.181000000000000000e+04,-2.140000000000000000e+02,-1.272300000000000000e+04,-1.443900000000000000e+04
-3.425800000000000000e+04,-2.552900000000000000e+04,-1.067900000000000000e+04,-4.619900000000000000e+04,-2.433000000000000000e+04,-3.822200000000000000e+04,-3.519100000000000000e+04,1.950100000000000000e+04
-1.205200000000000000e+04,2.207200000000000000e+04,-2.024600000000000000e+04,-2.247200000000000000e+04,-3.931200000000000000e+04,-1.832800000000000000e+04,-1.433000000000000000e+04,-3.083100000000000000e+04
-3.394400000000000000e+04,-1.530200000000000000e+04,-1.029600000000000000e+04,-3.396800000000000000e+04,-2.583800000000000000e+04,-3.407000000000000000e+04,-2.528100000000000000e+04,1.115300000000000000e+04
-1.084800000000000000e+04,-6.744000000000000000e+03,-2.151300000000000000e+04,-3.232300000000000000e+04,-2.597100000000000000e+04,-7.599000000000000000e+03,-1.674600000000000000e+04,1.373100000000000000e+04
-2.093100000000000000e+04,-1.931500000000000000e+04,-1.808800000000000000e+04,-2.919700000000000000e+04,-1.941000000000000000e+04,-2.294600000000000000e+04,-1.801500000000000000e+04,1.512800000000000000e+04
-1.242300000000000000e+04,-7.491000000000000000e+03,-2.147400000000000000e+04,-1.447700000000000000e+04,-1.635900000000000000e+04,6.252000000000000000e+03,-1.646000000000000000e+04,-1.937400000000000000e+04
-1.423900000000000000e+04,-7.036000000000000000e+03,-1.134800000000000000e+04,-3.162000000000000000e+03,-1.456900000000000000e+04,-1.609000000000000000e+03,-9.243000000000000000e+03,-3.510100000000000000e+04
-1.929100000000000000e+04,-1.348000000000000000e+04,-5.469000000000000000e+03,-1.510400000000000000e+04,-1.736900000000000000e+04,-1.758100000000000000e+04,1.854400000000000000e+04,-1.677300000000000000e+04
-1.151400000000000000e+04,-1.800300000000000000e+04,-6.226000000000000000e+03,-1.563400000000000000e+04,-7.913000000000000000e+03,-1.840300000000000000e+04,1.011000000000000000e+04,-1.243700000000000000e+04
-3.537100000000000000e+04,-2.189600000000000000e+04,-1.185500000000000000e+04,-2.916600000000000000e+04,-3.417000000000000000e+04,-2.588600000000000000e+04,-2.154500000000000000e+04,1.701400000000000000e+04
2.838000000000000000e+03,-3.401000000000000000e+03,-1.030800000000000000e+04,-3.000900000000000000e+04,-2.033800000000000000e+04,-9.389000000000000000e+03,-8.464000000000000000e+03,-3.000600000000000000e+04
8.150000000000000000e+02,-1.676000000000000000e+04,-2.032100000000000000e+04,-8.725000000000000000e+03,-1.597300000000000000e+04,7.563000000000000000e+03,-2.054300000000000000e+04,-1.888600000000000000e+04
-2.000900000000000000e+04,-1.908900000000000000e+04,-8.292000000000000000e+03,-1.186400000000000000e+04,-2.326800000000000000e+04,-1.328100000000000000e+04,1.748800000000000000e+04,-2.003200000000000000e+04
-1.393300000000000000e+04,-1.827600000000000000e+04,-1.159800000000000000e+04,-2.995800000000000000e+04,-1.689900000000000000e+04,-2.314600000000000000e+04,-1.947500000000000000e+04,1.743200000000000000e+04
-2.471600000000000000e+04,-3.234000000000000000e+04,-1.620500000000000000e+04,-3.762300000000000000e+04,-1.807800000000000000e+04,-1.870900000000000000e+04,-2.694900000000000000e+04,1.558000000000000000e+04
-1.266300000000000000e+04,-2.148600000000000000e+04,-1.765600000000000000e+04,-7.911000000000000000e+03,-2.495400000000000000e+04,9.799000000000000000e+03,-1.069200000000000000e+04,-2.198400000000000000e+04
-2.588300000000000000e+04,-8.505000000000000000e+03,1.191700000000000000e+04,-1.719500000000000000e+04,-1.797200000000000000e+04,-2.310700000000000000e+04,-1.814500000000000000e+04,-1.596900000000000000e+04
-2.721100000000000000e+04,-1.789000000000000000e+03,-8.959000000000000000e+03,-1.217800000000000000e+04,-3.014400000000000000e+04,-9.839000000000000000e+03,6.748000000000000000e+03,-3.304600000000000000e+04
-2.930400000000000000e+04,-3.038000000000000000e+03,-5.231000000000000000e+03,-7.521000000000000000e+03,-3.849500000000000000e+04,-4.214000000000000000e+03,-7.850000000000000000e+02,-1.827000000000000000e+04
-2.197400000000000000e+04,-1.623100000000000000e+04,-2.613100000000000000e+04,-2.341400000000000000e+04,-2.700400000000000000e+04,-2.323200000000000000e+04,2.061700000000000000e+04,-1.490400000000000000e+04
7.644000000000000000e+03,-2.516600000000000000e+04,-1.570600000000000000e+04,-6.088000000000000000e+03,-9.149000000000000000e+03,-7.500000000000000000e+02,-3.072900000000000000e+04,-3.046100000000000000e+04
-1.145500000000000000e+04,-2.284200000000000000e+04,-1.864100000000000000e+04,-1.587700000000000000e+04,9.295000000000000000e+03,-1.096900000000000000e+04,-2.884100000000000000e+04,-3.162400000000000000e+04
-1.988900000000000000e+04,-8.375000000000000000e+03,4.603000000000000000e+03,-9.625000000000000000e+03,-1.449500000000000000e+04,-2.729600000000000000e+04,5.387000000000000000e+03,-2.339300000000000000e+04
-1.278700000000000000e+04,-1.241400000000000000e+04,-1.325800000000000000e+04,2.292000000000000000e+03,-1.849700000000000000e+04,5.206000000000000000e+03,-1.824100000000000000e+04,-3.733300000000000000e+04
-1.070500000000000000e+04,-1.554400000000000000e+04,-1.290400000000000000e+04,-6.275000000000000000e+03,-1.440900000000000000e+04,-1.234000000000000000e+04,-1.182700000000000000e+04,-1.647600000000000000e+04
-1.635500000000000000e+04,-1.085400000000000000e+04,-2.261400000000000000e+04,1.068900000000000000e+04,-2.918800000000000000e+04,-2.524000000000000000e+03,-2.895900000000000000e+04,-4.414900000000000000e+04
-3.454000000000000000e+04,-1.067900000000000000e+04,-1.738600000000000000e+04,-6.173000000000000000e+03,-2.284300000000000000e+04,-1.204000000000000000e+04,1.813300000000000000e+04,-2.590400000000000000e+04
-2.675100000000000000e+04,-1.019500000000000000e+04,-1.452400000000000000e+04,-1.925800000000000000e+04,-2.420800000000000000e+04,-7.489000000000000000e+03,1.635500000000000000e+04,-1.736400000000000000e+04
-2.550100000000000000e+04,-2.110700000000000000e+04,-1.229000000000000000e+04,-5.103000000000000000e+03,-2.460000000000000000e+04,6.798000000000000000e+03,-6.480000000000000000e+02,-3.574200000000000000e+04
-1.532400000000000000e+04,-2.386000000000000000e+04,-1.097500000000000000e+04,-1.625700000000000000e+04,1.342500000000000000e+04,-2.765800000000000000e+04,-3.151900000000000000e+04,-1.092000000000000000e+04
-3.477300000000000000e+04,-1.476700000000000000e+04,-1.920000000000000000e+02,-2.348400000000000000e+04,-3.412600000000000000e+04,-3.251900000000000000e+04,-2.481800000000000000e+04,1.425400000000000000e+04
-1.054000000000000000e+04,-1.290400000000000000e+04,-1.057700000000000000e+04,-7.138000000000000000e+03,-1.198800000000000000e+04,-4.673000000000000000e+03,-1.658600000000000000e+04,-1.917900000000000000e+04
-1.197100000000000000e+04,1.697400000000000000e+04,-1.283100000000000000e+04,-2.798900000000000000e+04,-2.541600000000000000e+04,-1.571700000000000000e+04,-2.883600000000000000e+04,-2.946400000000000000e+04
-2.213900000000000000e+04,-6.476000000000000000e+03,-9.304000000000000000e+03,-3.734000000000000000e+03,-2.442800000000000000e+04,-9.352000000000000000e+03,2.377000000000000000e+03,-3.942800000000000000e+04
-3.480800000000000000e+04,-1.381900000000000000e+04,-1.605600000000000000e+04,-1.379800000000000000e+04,-3.810000000000000000e+04,-1.711300000000000000e+04,2.510700000000000000e+04,-3.017200000000000000e+04
-2.711800000000000000e+04,2.266500000000000000e+04,-1.780100000000000000e+04,-1.349800000000000000e+04,-2.613300000000000000e+04,-1.728600000000000000e+04,-1.179000000000000000e+04,-2.940700000000000000e+04
-3.294200000000000000e+04,-1.262700000000000000e+04,-2.495000000000000000e+04,-1.883000000000000000e+04,-3.250800000000000000e+04,-2.406000000000000000e+04,2.444300000000000000e+04,-1.935000000000000000e+04
-1.835400000000000000e+04,-2.200600000000000000e+04,-1.361700000000000000e+04,-3.696100000000000000e+04,-2.593400000000000000e+04,-2.094400000000000000e+04,-2.565500000000000000e+04,1.375800000000000000e+04
-5.043000000000000000e+03,-1.131700000000000000e+04,-2.071800000000000000e+04,-1.306600000000000000e+04,-1.751900000000000000e+04,-5.960000000000000000e+03,-8.765000000000000000e+03,-3.404100000000000000e+04
-2.733100000000000000e+04,-1.995600000000000000e+04,-1.516900000000000000e+04,-2.283000000000000000e+04,-2.523800000000000000e+04,-2.039000000000000000e+04,-1.950400000000000000e+04,7.053000000000000000e+03
-1.714400000000000000e+04,-1.400000000000000000e+03,-2.251800000000000000e+04,-3.771000000000000000e+03,-2.229500000000000000e+04,-8.266000000000000000e+03,-7.366000000000000000e+03,-3.370500000000000000e+04
-2.537300000000000000e+04,-2.353500000000000000e+04,-1.337300000000000000e+04,-4.354300000000000000e+04,-2.679800000000000000e+04,-3.253300000000000000e+04,-3.063600000000000000e+04,1.269000000000000000e+04
-1.447000000000000000e+04,-1.200000000000000000e+04,-1.108500000000000000e+04,6.110000000000000000e+02,-1.976100000000000000e+04,-1.420500000000000000e+04,-1.530900000000000000e+04,-2.034100000000000000e+04
-2.612300000000000000e+04,-1.616500000000000000e+04,-1.009400000000000000e+04,-1.747100000000000000e+04,-1.121400000000000000e+04,-1.928700000000000000e+04,9.743000000000000000e+03,-1.627200000000000000e+04
-1.277300000000000000e+04,1.805900000000000000e+04,-1.519600000000000000e+04,-1.835500000000000000e+04,-3.570700000000000000e+04,-1.549800000000000000e+04,-3.074200000000000000e+04,-2.952900000000000000e+04
5.372000000000000000e+03,-1.015100000000000000e+04,-1.651500000000000000e+04,-1.691000000000000000e+04,-1.764000000000000000e+04,-6.787000000000000000e+03,-1.087100000000000000e+04,-2.711600000000000000e+04
-9.997000000000000000e+03,-1.276300000000000000e+04,5.715000000000000000e+03,-1.309400000000000000e+04,-2.580100000000000000e+04,-1.613500000000000000e+04,3.320000000000000000e+03,-9.390000000000000000e+03
-1.712800000000000000e+04,-2.401300000000000000e+04,-1.492100000000000000e+04,-1.626800000000000000e+04,-2.199400000000000000e+04,-1.548100000000000000e+04,1.114900000000000000e+04,-2.102600000000000000e+04
-3.856900000000000000e+04,-2.723600000000000000e+04,-1.091700000000000000e+04,-3.583800000000000000e+04,-3.692300000000000000e+04,-3.263500000000000000e+04,-2.164500000000000000e+04,2.289600000000000000e+04
-2.240300000000000000e+04,-9.839000000000000000e+03,-1.432600000000000000e+04,-1.951200000000000000e+04,-8.755000000000000000e+03,-1.694300000000000000e+04,-1.295300000000000000e+04,7.587000000000000000e+03
-3.034000000000000000e+04,-1.240200000000000000e+04,-1.146300000000000000e+04,-2.656000000000000000e+04,-2.339600000000000000e+04,-1.315500000000000000e+04,-1.579700000000000000e+04,1.087400000000000000e+04
-1.574300000000000000e+04,-2.062800000000000000e+04,-1.865900000000000000e+04,-2.612100000000000000e+04,-2.246500000000000000e+04,-1.984600000000000000e+04,-1.665000000000000000e+04,1.450600000000000000e+04
-2.936300000000000000e+04,-9.163000000000000000e+03,-1.082000000000000000e+03,-3.464800000000000000e+04,-2.482300000000000000e+04,-2.787100000000000000e+04,-2.311300000000000000e+04,1.255200000000000000e+04
-2.938200000000000000e+04,-5.596000000000000000e+03,-1.342700000000000000e+04,-5.639000000000000000e+03,-3.108100000000000000e+04,-5.332000000000000000e+03,1.810200000000000000e+04,-2.658800000000000000e+04
-3.068600000000000000e+04,-2.740800000000000000e+04,-1.360400000000000000e+04,-4.588400000000000000e+04,-2.321300000000000000e+04,-3.527600000000000000e+04,-3.138500000000000000e+04,1.486800000000000000e+04
-1.488000000000000000e+04,-1.719300000000000000e+04,-2.388600000000000000e+04,-1.597000000000000000e+03,-2.741000000000000000e+04,1.801400000000000000e+04,-1.067600000000000000e+04,-2.366400000000000000e+04
-8.746000000000000000e+03,-2.083800000000000000e+04,-2.294700000000000000e+04,4.518000000000000000e+03,-2.581800000000000000e+04,-3.310000000000000000e+03,-1.696300000000000000e+04,-3.199700000000000000e+04
-1.605600000000000000e+04,-1.352600000000000000e+04,-7.640000000000000000e+03,-3.488700000000000000e+04,-2.004800000000000000e+04,-1.402800000000000000e+04,1.942800000000000000e+04,-1.891900000000000000e+04
-2.321600000000000000e+04,-1.097100000000000000e+04,-1.343000000000000000e+04,-1.493500000000000000e+04,-2.192300000000000000e+04,-2.422500000000000000e+04,1.774900000000000000e+04,-1.750600000000000000e+04
-1.670700000000000000e+04,-4.741000000000000000e+03,-5.579000000000000000e+03,1.550000000000000000e+03,-2.390000000000000000e+04,-3.559000000000000000e+03,-9.995000000000000000e+03,-3.408700000000000000e+04
-3.419600000000000000e+04,-2.369600000000000000e+04,-6.637000000000000000e+03,-3.691700000000000000e+04,-2.923800000000000000e+04,-4.134300000000000000e+04,-2.830200000000000000e+04,1.372000000000000000e+04
-8.938000000000000000e+03,3.125200000000000000e+04,-1.500300000000000000e+04,-1.869000000000000000e+04,-3.648700000000000000e+04,-1.728400000000000000e+04,-2.202100000000000000e+04,-3.143700000000000000e+04
-3.443000000000000000e+04,-1.753600000000000000e+04,-1.442900000000000000e+04,-4.922500000000000000e+04,-2.592600000000000000e+04,-3.763700000000000000e+04,-3.288500000000000000e+04,2.147400000000000000e+04
-1.827800000000000000e+04,-4.574000000000000000e+03,-1.349700000000000000e+04,-1.001700000000000000e+04,-2.359400000000000000e+04,-1.265900000000000000e+04,5.750000000000000000e+03,-2.810500000000000000e+04
-7.562000000000000000e+03,-2.174600000000000000e+04,-2.361300000000000000e+04,-2.641300000000000000e+04,2.167400000000000000e+04,-2.766600000000000000e+04,-3.441800000000000000e+04,-2.034200000000000000e+04
-3.220700000000000000e+04,-1.962400000000000000e+04,-7.635000000000000000e+03,-2.265200000000000000e+04,-1.743500000000000000e+04,-1.572400000000000000e+04,2.902000000000000000e+03,-2.233600000000000000e+04
-9.684000000000000000e+03,-8.995000000000000000e+03,1.450000000000000000e+03,-1.928800000000000000e+04,-1.056100000000000000e+04,-2.086200000000000000e+04,-1.923900000000000000e+04,-1.927000000000000000e+03
3.713000000000000000e+03,-1.371000000000000000e+04,-1.649900000000000000e+04,-9.674000000000000000e+03,-9.285000000000000000e+03,5.420000000000000000e+02,-3.137200000000000000e+04,-2.453400000000000000e+04
-2.219400000000000000e+04,-1.454500000000000000e+04,-5.538000000000000000e+03,-2.158000000000000000e+04,-1.202300000000000000e+04,-2.815400000000000000e+04,-1.328700000000000000e+04,1.902000000000000000e+03
-3.393700000000000000e+04,-1.421900000000000000e+04,-1.410800000000000000e+04,-2.014000000000000000e+04,-3.583900000000000000e+04,-1.494600000000000000e+04,8.776000000000000000e+03,-3.329200000000000000e+04
-3.486700000000000000e+04,-8.008000000000000000e+03,1.712000000000000000e+03,-2.410200000000000000e+04,-3.478100000000000000e+04,-2.137400000000000000e+04,-7.372000000000000000e+03,-2.288800000000000000e+04
-8.271000000000000000e+03,-9.000000000000000000e+03,2.857000000000000000e+03,-2.044000000000000000e+03,-2.783700000000000000e+04,-5.481000000000000000e+03,-3.635400000000000000e+04,-3.505500000000000000e+04
-8.676000000000000000e+03,-9.576000000000000000e+03,-1.619800000000000000e+04,1.004000000000000000e+03,-3.506100000000000000e+04,-1.211600000000000000e+04,-2.424000000000000000e+04,-3.394500000000000000e+04
-4.682000000000000000e+03,-1.319300000000000000e+04,-1.468500000000000000e+04,1.010000000000000000e+03,-8.246000000000000000e+03,1.005200000000000000e+04,-1.851800000000000000e+04,-9.517000000000000000e+03
-2.315500000000000000e+04,-1.954400000000000000e+04,-1.222100000000000000e+04,-9.950000000000000000e+02,-1.351900000000000000e+04,-2.449000000000000000e+04,-1.061000000000000000e+03,-2.867400000000000000e+04
-2.336700000000000000e+04,1.992500000000000000e+04,-2.616800000000000000e+04,-1.603300000000000000e+04,-4.813100000000000000e+04,-7.837000000000000000e+03,-2.564900000000000000e+04,-3.408300000000000000e+04
-1.836800000000000000e+04,2.569000000000000000e+04,-2.110400000000000000e+04,-2.068200000000000000e+04,-5.084700000000000000e+04,-1.758800000000000000e+04,-2.544000000000000000e+04,-3.194900000000000000e+04
-1.708500000000000000e+04,2.190500000000000000e+04,-1.712300000000000000e+04,-1.695700000000000000e+04,-4.975500000000000000e+04,-2.499900000000000000e+04,-3.185300000000000000e+04,-4.744500000000000000e+04
-2.954700000000000000e+04,-2.490900000000000000e+04,-2.814000000000000000e+03,-2.535500000000000000e+04,2.195000000000000000e+03,-3.791700000000000000e+04,-3.348300000000000000e+04,-1.121000000000000000e+03
-2.211800000000000000e+04,-2.777500000000000000e+04,-1.111400000000000000e+04,-2.771200000000000000e+04,-1.384200000000000000e+04,-1.750000000000000000e+04,1.921900000000000000e+04,-1.929100000000000000e+04
-1.551100000000000000e+04,-5.538000000000000000e+03,-2.321900000000000000e+04,-1.655700000000000000e+04,-2.853600000000000000e+04,2.000200000000000000e+04,-1.423000000000000000e+03,-1.531800000000000000e+04
-1.329100000000000000e+04,-2.865600000000000000e+04,-1.230900000000000000e+04,-1.427300000000000000e+04,4.593000000000000000e+03,-3.254000000000000000e+04,-2.677100000000000000e+04,-1.182900000000000000e+04
-2.387200000000000000e+04,-1.863700000000000000e+04,-2.241600000000000000e+04,-1.174800000000000000e+04,3.602000000000000000e+03,-2.796700000000000000e+04,-2.082600000000000000e+04,-8.410000000000000000e+03
-1.140900000000000000e+04,-1.068000000000000000e+04,-1.626300000000000000e+04,-2.824000000000000000e+03,-1.372000000000000000e+04,-1.054000000000000000e+03,-2.163600000000000000e+04,-1.042000000000000000e+04
-3.892900000000000000e+04,-2.879000000000000000e+04,2.411100000000000000e+04,-1.386000000000000000e+04,-1.636200000000000000e+04,-3.950900000000000000e+04,-1.471700000000000000e+04,-7.027000000000000000e+03
3.300000000000000000e+02,-7.527000000000000000e+03,-1.293200000000000000e+04,2.689000000000000000e+03,-2.742000000000000000e+03,-2.040200000000000000e+04,-9.514000000000000000e+03,-2.038400000000000000e+04
-9.785000000000000000e+03,-2.211300000000000000e+04,-1.562600000000000000e+04,-1.480900000000000000e+04,-1.732400000000000000e+04,1.467500000000000000e+04,-5.378000000000000000e+03,-1.608800000000000000e+04
-1.119700000000000000e+04,-1.388500000000000000e+04,-1.469500000000000000e+04,-1.192000000000000000e+03,-1.681200000000000000e+04,1.713000000000000000e+03,-2.522000000000000000e+04,-3.928000000000000000e+04
-1.990500000000000000e+04,-2.347200000000000000e+04,3.436000000000000000e+03,-2.549100000000000000e+04,7.062000000000000000e+03,-2.776500000000000000e+04,-1.676000000000000000e+04,-3.885000000000000000e+03
-2.949300000000000000e+04,2.124300000000000000e+04,-1.930000000000000000e+04,-1.700000000000000000e+04,-3.930800000000000000e+04,-1.515000000000000000e+04,-1.698000000000000000e+04,-2.481500000000000000e+04
-1.806100000000000000e+04,-5.056000000000000000e+03,-1.994200000000000000e+04,5.908000000000000000e+03,-2.925800000000000000e+04,-7.699000000000000000e+03,-1.673600000000000000e+04,-3.277800000000000000e+04
-1.424000000000000000e+03,-1.303700000000000000e+04,-1.317800000000000000e+04,-1.154200000000000000e+04,-1.228200000000000000e+04,7.354000000000000000e+03,-2.075300000000000000e+04,-3.148200000000000000e+04
-3.394300000000000000e+04,-1.116500000000000000e+04,2.819000000000000000e+03,-1.568600000000000000e+04,-1.963500000000000000e+04,-2.651300000000000000e+04,-1.038200000000000000e+04,-2.307200000000000000e+04
-3.188800000000000000e+04,-1.747200000000000000e+04,-1.972700000000000000e+04,-3.033600000000000000e+04,-2.490600000000000000e+04,-2.687100000000000000e+04,-1.581500000000000000e+04,2.327200000000000000e+04
-5.589000000000000000e+03,-2.071000000000000000e+04,-2.449200000000000000e+04,-1.329000000000000000e+03,-2.451500000000000000e+04,1.462300000000000000e+04,-1.433600000000000000e+04,-2.389800000000000000e+04
-1.460100000000000000e+04,2.319000000000000000e+04,-1.760900000000000000e+04,-2.111000000000000000e+04,-4.274000000000000000e+04,-1.431600000000000000e+04,-2.868700000000000000e+04,-3.790100000000000000e+04
3.864000000000000000e+03,-1.426100000000000000e+04,-1.134800000000000000e+04,-5.230000000000000000e+02,-1.043200000000000000e+04,-2.935000000000000000e+03,-3.064700000000000000e+04,-3.355600000000000000e+04
-3.760800000000000000e+04,-2.160600000000000000e+04,-5.746000000000000000e+03,-3.248500000000000000e+04,-2.665200000000000000e+04,-2.660700000000000000e+04,-2.703400000000000000e+04,1.045400000000000000e+04
-1.398000000000000000e+04,-1.690400000000000000e+04,-1.187800000000000000e+04,-1.916300000000000000e+04,-1.280500000000000000e+04,-8.593000000000000000e+03,-2.086900000000000000e+04,-2.954000000000000000e+03
-1.170800000000000000e+04,-1.677300000000000000e+04,-1.327800000000000000e+04,-1.759600000000000000e+04,-1.735500000000000000e+04,-3.889000000000000000e+03,1.209100000000000000e+04,-1.115300000000000000e+04
-2.282300000000000000e+04,-1.020500000000000000e+04,5.064000000000000000e+03,-2.396800000000000000e+04,-1.337200000000000000e+04,-3.766600000000000000e+04,-1.470100000000000000e+04,-4.672000000000000000e+03
-3.029100000000000000e+04,-1.556200000000000000e+04,1.653600000000000000e+04,-1.474300000000000000e+04,-2.838300000000000000e+04,-3.186700000000000000e+04,-1.045000000000000000e+03,-3.004000000000000000e+04
-2.490700000000000000e+04,-1.276100000000000000e+04,-1.379300000000000000e+04,-2.622300000000000000e+04,-2.846100000000000000e+04,-1.390800000000000000e+04,2.108300000000000000e+04,-2.072400000000000000e+04
-5.489000000000000000e+03,-8.744000000000000000e+03,-1.976200000000000000e+04,-1.236600000000000000e+04,-9.500000000000000000e+03,1.257300000000000000e+04,-3.035000000000000000e+03,-3.069000000000000000e+04
-2.327700000000000000e+04,-2.011900000000000000e+04,-5.638000000000000000e+03,-2.320700000000000000e+04,-1.304000000000000000e+04,-2.139100000000000000e+04,1.019000000000000000e+04,-1.453700000000000000e+04
-1.778900000000000000e+04,-1.220100000000000000e+04,2.168000000000000000e+03,-1.937500000000000000e+04,-1.124600000000000000e+04,-2.558500000000000000e+04,-2.006700000000000000e+04,-8.860000000000000000e+02
-7.080000000000000000e+02,1.421500000000000000e+04,-1.687800000000000000e+04,-5.821000000000000000e+03,-3.387700000000000000e+04,-1.876600000000000000e+04,-2.726800000000000000e+04,-3.265500000000000000e+04
-1.434700000000000000e+04,-2.395300000000000000e+04,-1.527700000000000000e+04,-1.679100000000000000e+04,1.323400000000000000e+04,-2.174400000000000000e+04,-2.886000000000000000e+04,-2.206000000000000000e+04
-2.290200000000000000e+04,-1.011200000000000000e+04,-1.587200000000000000e+04,-3.426400000000000000e+04,-2.302900000000000000e+04,-2.219800000000000000e+04,-2.134800000000000000e+04,1.508100000000000000e+04
1.049100000000000000e+04,-1.204200000000000000e+04,-2.114700000000000000e+04,-1.489300000000000000e+04,1.026100000000000000e+04,-1.383200000000000000e+04,-2.925100000000000000e+04,-2.302600000000000000e+04
-3.508800000000000000e+04,-2.117500000000000000e+04,-3.530000000000000000e+02,-4.810000000000000000e+03,-1.534200000000000000e+04,-2.479000000000000000e+04,-1.666700000000000000e+04,-5.425000000000000000e+03
-8.639000000000000000e+03,6.451000000000000000e+03,1.588000000000000000e+03,-9.769000000000000000e+03,-3.179000000000000000e+03,-2.440500000000000000e+04,-2.411600000000000000e+04,-2.511300000000000000e+04
-2.084500000000000000e+04,2.536900000000000000e+04,-2.089700000000000000e+04,-1.164800000000000000e+04,-4.722400000000000000e+04,-2.356200000000000000e+04,-2.148100000000000000e+04,-3.468300000000000000e+04
-2.847000000000000000e+04,-2.966900000000000000e+04,-3.137000000000000000e+03,-4.012500000000000000e+04,-2.468400000000000000e+04,-3.645500000000000000e+04,-2.544100000000000000e+04,2.185600000000000000e+04
-1.399000000000000000e+03,-1.647700000000000000e+04,-1.458800000000000000e+04,-1.159400000000000000e+04,1.339000000000000000e+03,-1.127000000000000000e+03,-2.058300000000000000e+04,-2.027600000000000000e+04
-1.741400000000000000e+04,-1.728600000000000000e+04,-5.216000000000000000e+03,-3.615000000000000000e+03,6.258000000000000000e+03,-1.137200000000000000e+04,-1.372500000000000000e+04,-1.575000000000000000e+04
-3.000000000000000000e+00,2.241000000000000000e+03,-9.829000000000000000e+03,-1.548300000000000000e+04,-5.125000000000000000e+03,-3.414000000000000000e+03,-2.785000000000000000e+04,-2.697600000000000000e+04
-1.573400000000000000e+04,-1.972800000000000000e+04,-1.112700000000000000e+04,9.040000000000000000e+03,-2.089800000000000000e+04,-1.655200000000000000e+04,-1.165400000000000000e+04,-4.067800000000000000e+04
-1.014100000000000000e+04,-1.553500000000000000e+04,-2.898300000000000000e+04,-4.525000000000000000e+03,-8.643000000000000000e+03,7.335000000000000000e+03,-2.357900000000000000e+04,-2.063500000000000000e+04
-1.754100000000000000e+04,-6.292000000000000000e+03,-3.945000000000000000e+03,-2.287100000000000000e+04,-1.478700000000000000e+04,-2.256600000000000000e+04,-1.891000000000000000e+04,2.855000000000000000e+03
-2.324700000000000000e+04,-1.442400000000000000e+04,-8.396000000000000000e+03,-3.826100000000000000e+04,-2.121100000000000000e+04,-1.565200000000000000e+04,1.342100000000000000e+04,-1.744500000000000000e+04
-1.642700000000000000e+04,-1.933400000000000000e+04,-1.357300000000000000e+04,6.090000000000000000e+02,-3.203500000000000000e+04,1.607000000000000000e+03,-3.041700000000000000e+04,-3.986500000000000000e+04
-1.337800000000000000e+04,-1.812600000000000000e+04,3.577000000000000000e+03,-2.466100000000000000e+04,-1.017200000000000000e+04,-2.974000000000000000e+04,1.408000000000000000e+03,-1.627000000000000000e+04
-2.216100000000000000e+04,-7.316000000000000000e+03,-1.832300000000000000e+04,-3.400000000000000000e+03,-2.632800000000000000e+04,2.720000000000000000e+02,-9.242000000000000000e+03,-4.644100000000000000e+04
-2.191800000000000000e+04,-6.475000000000000000e+03,1.383700000000000000e+04,-3.736800000000000000e+04,-1.640300000000000000e+04,-3.690600000000000000e+04,-2.869200000000000000e+04,-1.394000000000000000e+04
5.203000000000000000e+03,-1.292300000000000000e+04,-1.601000000000000000e+04,-1.207900000000000000e+04,-1.807200000000000000e+04,7.288000000000000000e+03,-2.321200000000000000e+04,-2.997300000000000000e+04
-1.361800000000000000e+04,-8.221000000000000000e+03,-1.568200000000000000e+04,2.937000000000000000e+03,-2.903800000000000000e+04,-7.270000000000000000e+02,-1.654000000000000000e+04,-2.244400000000000000e+04
-2.055700000000000000e+04,-1.604700000000000000e+04,-6.314000000000000000e+03,-1.943200000000000000e+04,-1.550500000000000000e+04,-2.764900000000000000e+04,-2.179000000000000000e+03,-1.658300000000000000e+04
-2.963700000000000000e+04,-2.389400000000000000e+04,-1.202900000000000000e+04,-3.989400000000000000e+04,-2.829700000000000000e+04,-1.777200000000000000e+04,-1.168900000000000000e+04,1.694000000000000000e+04
-4.279000000000000000e+03,-1.658300000000000000e+04,-1.472200000000000000e+04,1.088100000000000000e+04,-2.269100000000000000e+04,8.289000000000000000e+03,-2.543000000000000000e+04,-2.012100000000000000e+04
-1.668100000000000000e+04,-2.004500000000000000e+04,4.332000000000000000e+03,-1.070700000000000000e+04,-9.406000000000000000e+03,-2.095400000000000000e+04,-7.243000000000000000e+03,-1.420100000000000000e+04
-2.251300000000000000e+04,-2.235500000000000000e+04,-1.046400000000000000e+04,-1.886800000000000000e+04,-1.216200000000000000e+04,-1.785900000000000000e+04,1.261600000000000000e+04,-2.308700000000000000e+04
-1.645300000000000000e+04,9.500000000000000000e+01,-1.482700000000000000e+04,-1.587000000000000000e+03,-3.717400000000000000e+04,-6.084000000000000000e+03,-2.018200000000000000e+04,-3.087800000000000000e+04
3.409000000000000000e+03,-2.240300000000000000e+04,-1.349800000000000000e+04,2.113000000000000000e+03,-1.660600000000000000e+04,-6.773000000000000000e+03,-3.131800000000000000e+04,-3.280500000000000000e+04
1.050700000000000000e+04,-1.324500000000000000e+04,-3.324000000000000000e+03,-5.912000000000000000e+03,-1.065700000000000000e+04,-2.761000000000000000e+03,-3.388000000000000000e+04,-4.323100000000000000e+04
-5.137000000000000000e+03,-1.694500000000000000e+04,-1.168900000000000000e+04,-5.018000000000000000e+03,-2.854100000000000000e+04,-1.740000000000000000e+02,-2.230100000000000000e+04,-3.727100000000000000e+04
-7.857000000000000000e+03,-1.540400000000000000e+04,-1.172900000000000000e+04,6.881000000000000000e+03,-2.455200000000000000e+04,-6.430000000000000000e+03,-2.317100000000000000e+04,-2.580200000000000000e+04
-1.730000000000000000e+02,-2.165600000000000000e+04,-1.058500000000000000e+04,4.600000000000000000e+02,-1.450200000000000000e+04,-5.473000000000000000e+03,-2.227800000000000000e+04,-3.098600000000000000e+04
-5.651000000000000000e+03,-2.433800000000000000e+04,-5.157000000000000000e+03,-1.090500000000000000e+04,1.608900000000000000e+04,-1.387200000000000000e+04,-9.020000000000000000e+03,-1.228100000000000000e+04
-3.070000000000000000e+03,-2.057300000000000000e+04,-1.642000000000000000e+03,-2.333000000000000000e+04,9.259000000000000000e+03,-2.947600000000000000e+04,-3.512600000000000000e+04,-2.756900000000000000e+04
-1.819100000000000000e+04,9.884000000000000000e+03,-1.412700000000000000e+04,-1.501100000000000000e+04,-2.972500000000000000e+04,-2.008600000000000000e+04,-1.016800000000000000e+04,-2.145700000000000000e+04
-1.294100000000000000e+04,-6.016000000000000000e+03,-4.644000000000000000e+03,-3.871000000000000000e+03,-1.438800000000000000e+04,-8.542000000000000000e+03,-1.300000000000000000e+04,-2.122200000000000000e+04
-4.326900000000000000e+04,-2.319900000000000000e+04,4.501000000000000000e+03,-1.669100000000000000e+04,-4.141700000000000000e+04,-4.101800000000000000e+04,-1.923400000000000000e+04,-5.537000000000000000e+03
-1.604500000000000000e+04,-1.253700000000000000e+04,-1.444100000000000000e+04,-2.094900000000000000e+04,-2.706800000000000000e+04,-6.370000000000000000e+03,4.487000000000000000e+03,-1.738700000000000000e+04
-7.244000000000000000e+03,-1.282200000000000000e+04,-1.410200000000000000e+04,3.048000000000000000e+03,-2.022500000000000000e+04,-2.314000000000000000e+03,-2.110500000000000000e+04,-3.478100000000000000e+04
-1.673200000000000000e+04,-1.008800000000000000e+04,-2.242200000000000000e+04,-2.557000000000000000e+03,-2.298000000000000000e+04,2.537000000000000000e+03,-4.957000000000000000e+03,-2.076500000000000000e+04
-1.629400000000000000e+04,-7.669000000000000000e+03,-1.828000000000000000e+04,8.584000000000000000e+03,-2.856000000000000000e+04,4.152000000000000000e+03,-1.999600000000000000e+04,-3.705800000000000000e+04
-6.947000000000000000e+03,8.754000000000000000e+03,-1.690600000000000000e+04,-1.020300000000000000e+04,-1.923000000000000000e+04,-1.435000000000000000e+04,-2.385800000000000000e+04,-4.334300000000000000e+04
-7.463000000000000000e+03,-1.008700000000000000e+04,-1.685400000000000000e+04,3.176000000000000000e+03,-3.135400000000000000e+04,-1.030000000000000000e+03,-1.564400000000000000e+04,-3.881200000000000000e+04
-1.398700000000000000e+04,-2.407800000000000000e+04,2.271900000000000000e+04,-2.365000000000000000e+04,-1.433200000000000000e+04,-2.394700000000000000e+04,-1.920200000000000000e+04,-1.724500000000000000e+04
-2.903900000000000000e+04,-2.266300000000000000e+04,-2.300400000000000000e+04,-3.379500000000000000e+04,-3.153600000000000000e+04,-3.104800000000000000e+04,-2.020600000000000000e+04,1.814300000000000000e+04
-1.824800000000000000e+04,-1.926800000000000000e+04,1.848900000000000000e+04,-2.676500000000000000e+04,-8.620000000000000000e+03,-3.051500000000000000e+04,-1.358200000000000000e+04,-1.682400000000000000e+04
-1.862000000000000000e+04,-2.713200000000000000e+04,-1.863900000000000000e+04,-8.288000000000000000e+03,-2.483400000000000000e+04,3.850000000000000000e+02,-2.352000000000000000e+03,-2.692000000000000000e+04
-1.085400000000000000e+04,1.079000000000000000e+04,-2.387300000000000000e+04,-2.046200000000000000e+04,-4.101800000000000000e+04,-9.015000000000000000e+03,-2.982900000000000000e+04,-4.499500000000000000e+04
-2.451700000000000000e+04,-1.697800000000000000e+04,2.424000000000000000e+03,-1.764500000000000000e+04,-5.181000000000000000e+03,-2.387500000000000000e+04,-2.234200000000000000e+04,2.860000000000000000e+03
-2.089100000000000000e+04,4.125000000000000000e+03,-1.474800000000000000e+04,-1.803300000000000000e+04,-4.134000000000000000e+04,4.284000000000000000e+03,-2.625700000000000000e+04,-4.059300000000000000e+04
-2.174800000000000000e+04,-1.729000000000000000e+04,-1.597700000000000000e+04,-2.010400000000000000e+04,-2.046600000000000000e+04,-1.617300000000000000e+04,1.000000000000000000e+04,-2.287200000000000000e+04
-2.046800000000000000e+04,-9.664000000000000000e+03,-1.514300000000000000e+04,-1.961000000000000000e+04,-2.072000000000000000e+04,-1.963700000000000000e+04,7.910000000000000000e+03,-2.165300000000000000e+04
-2.041600000000000000e+04,-2.389000000000000000e+04,3.236000000000000000e+03,-9.811000000000000000e+03,-6.089000000000000000e+03,-3.830600000000000000e+04,-2.674000000000000000e+04,4.577000000000000000e+03
-8.379000000000000000e+03,-1.194500000000000000e+04,2.933000000000000000e+03,-6.726000000000000000e+03,-1.032200000000000000e+04,-1.888300000000000000e+04,-1.951800000000000000e+04,-2.176800000000000000e+04
-1.687500000000000000e+04,-6.737000000000000000e+03,-2.332800000000000000e+04,-1.521200000000000000e+04,-3.124300000000000000e+04,-1.326000000000000000e+04,1.134300000000000000e+04,-2.284400000000000000e+04
-1.368600000000000000e+04,-1.491400000000000000e+04,-8.049000000000000000e+03,-2.571700000000000000e+04,-1.788800000000000000e+04,-2.607400000000000000e+04,-1.237500000000000000e+04,9.223000000000000000e+03
-1.406800000000000000e+04,-9.037000000000000000e+03,-1.581900000000000000e+04,-9.576000000000000000e+03,-1.183100000000000000e+04,1.060800000000000000e+04,-1.066200000000000000e+04,-1.674300000000000000e+04
-2.392400000000000000e+04,-2.007200000000000000e+04,-1.651000000000000000e+03,-1.193200000000000000e+04,-2.050600000000000000e+04,-2.171400000000000000e+04,7.893000000000000000e+03,-1.796600000000000000e+04
5.740000000000000000e+03,-1.604400000000000000e+04,-1.865100000000000000e+04,-1.308400000000000000e+04,-1.580700000000000000e+04,1.330500000000000000e+04,-1.211000000000000000e+04,-2.962600000000000000e+04
-1.493600000000000000e+04,-1.139100000000000000e+04,-1.216400000000000000e+04,-1.467400000000000000e+04,-2.496700000000000000e+04,-2.310200000000000000e+04,1.808200000000000000e+04,-3.376600000000000000e+04
-4.869000000000000000e+03,2.064000000000000000e+03,-2.139700000000000000e+04,-1.189400000000000000e+04,-3.629200000000000000e+04,-6.400000000000000000e+01,-2.173200000000000000e+04,-3.051800000000000000e+04
-8.413000000000000000e+03,-5.456000000000000000e+03,-1.348400000000000000e+04,3.468000000000000000e+03,-3.281600000000000000e+04,2.063000000000000000e+03,-2.471300000000000000e+04,-1.776200000000000000e+04
-2.538600000000000000e+04,-1.770100000000000000e+04,-1.721700000000000000e+04,-1.669300000000000000e+04,-3.770300000000000000e+04,-1.115900000000000000e+04,1.715200000000000000e+04,-3.403300000000000000e+04
6.678000000000000000e+03,-9.660000000000000000e+03,-1.704900000000000000e+04,-8.755000000000000000e+03,-2.099000000000000000e+04,-3.327000000000000000e+03,-1.747500000000000000e+04,-2.066800000000000000e+04
-3.725000000000000000e+03,-1.382200000000000000e+04,-1.563000000000000000e+04,-1.533600000000000000e+04,-5.885000000000000000e+03,1.867300000000000000e+04,-1.678100000000000000e+04,-2.523700000000000000e+04
6.707000000000000000e+03,-9.844000000000000000e+03,-1.670400000000000000e+04,-2.239200000000000000e+04,-5.305000000000000000e+03,-3.482000000000000000e+03,-2.025200000000000000e+04,-2.586300000000000000e+04
-1.510000000000000000e+04,-1.197400000000000000e+04,-3.380000000000000000e+02,-8.404000000000000000e+03,-2.505900000000000000e+04,4.098000000000000000e+03,-2.313100000000000000e+04,-3.320100000000000000e+04
-2.579000000000000000e+04,-1.178600000000000000e+04,-1.725000000000000000e+04,-2.832300000000000000e+04,-6.196000000000000000e+03,-3.175100000000000000e+04,-3.424500000000000000e+04,9.818000000000000000e+03
-1.651900000000000000e+04,-1.801400000000000000e+04,-1.200200000000000000e+04,-2.376300000000000000e+04,-1.889500000000000000e+04,-3.215000000000000000e+03,2.115400000000000000e+04,-2.254700000000000000e+04
-1.253100000000000000e+04,-1.250900000000000000e+04,-1.033000000000000000e+04,-9.830000000000000000e+02,-2.849700000000000000e+04,2.137000000000000000e+03,-7.155000000000000000e+03,-1.621800000000000000e+04
-2.711000000000000000e+04,-7.298000000000000000e+03,-2.275200000000000000e+04,-1.872100000000000000e+04,-3.043300000000000000e+04,-2.452900000000000000e+04,1.585300000000000000e+04,-3.148800000000000000e+04
-1.738300000000000000e+04,-1.353900000000000000e+04,-1.599000000000000000e+03,-6.535000000000000000e+03,1.369100000000000000e+04,-2.666300000000000000e+04,-1.925400000000000000e+04,-1.213200000000000000e+04
-2.555800000000000000e+04,-1.124400000000000000e+04,1.100300000000000000e+04,-8.296000000000000000e+03,-2.089600000000000000e+04,-3.747000000000000000e+04,-1.524500000000000000e+04,-1.006000000000000000e+04
-7.533000000000000000e+03,-1.201500000000000000e+04,-1.777100000000000000e+04,-5.181000000000000000e+03,-1.370200000000000000e+04,-6.740000000000000000e+02,-2.466000000000000000e+04,-3.393800000000000000e+04
-2.463600000000000000e+04,2.700000000000000000e+02,-1.951300000000000000e+04,-7.080000000000000000e+03,-3.831100000000000000e+04,-5.523000000000000000e+03,-1.581500000000000000e+04,-3.671200000000000000e+04
-1.619900000000000000e+04,-1.114300000000000000e+04,-6.232000000000000000e+03,-1.947500000000000000e+04,-1.965900000000000000e+04,-1.517000000000000000e+04,2.836000000000000000e+03,-1.109900000000000000e+04
-2.846100000000000000e+04,-1.329200000000000000e+04,-8.951000000000000000e+03,5.372000000000000000e+03,-1.374200000000000000e+04,-9.701000000000000000e+03,1.348400000000000000e+04,-2.703400000000000000e+04
-1.080200000000000000e+04,2.909800000000000000e+04,-1.256000000000000000e+04,-2.365700000000000000e+04,-4.804500000000000000e+04,-2.751200000000000000e+04,-2.990500000000000000e+04,-3.717400000000000000e+04
-2.210200000000000000e+04,-2.018400000000000000e+04,3.808800000000000000e+04,-9.175000000000000000e+03,-1.326200000000000000e+04,-2.597500000000000000e+04,-1.698400000000000000e+04,-2.998700000000000000e+04
-2.330400000000000000e+04,1.499900000000000000e+04,-1.434800000000000000e+04,-6.500000000000000000e+03,-2.745100000000000000e+04,-2.200900000000000000e+04,-1.778000000000000000e+04,-3.129200000000000000e+04
1.574400000000000000e+04,-2.567200000000000000e+04,-1.229200000000000000e+04,-6.227000000000000000e+03,-8.088000000000000000e+03,1.300000000000000000e+01,-2.670500000000000000e+04,-4.543400000000000000e+04
-8.418000000000000000e+03,3.640000000000000000e+03,-1.664200000000000000e+04,-1.604300000000000000e+04,-2.760600000000000000e+04,-4.432000000000000000e+03,-2.506000000000000000e+04,-3.098600000000000000e+04
-2.438100000000000000e+04,-1.743500000000000000e+04,-2.825000000000000000e+03,-2.918200000000000000e+04,-1.751500000000000000e+04,-2.299800000000000000e+04,-1.724400000000000000e+04,1.025300000000000000e+04
-2.677600000000000000e+04,-2.045400000000000000e+04,-3.291000000000000000e+03,-1.283300000000000000e+04,-1.842600000000000000e+04,-1.478400000000000000e+04,9.225000000000000000e+03,-2.078100000000000000e+04
-2.873400000000000000e+04,-1.831200000000000000e+04,-1.323400000000000000e+04,-1.901400000000000000e+04,-2.785100000000000000e+04,-1.919600000000000000e+04,1.525200000000000000e+04,-2.018700000000000000e+04
-1.032300000000000000e+04,-1.845800000000000000e+04,-1.515300000000000000e+04,-2.791200000000000000e+04,-1.966500000000000000e+04,-2.737000000000000000e+04,9.992000000000000000e+03,-9.156000000000000000e+03
4.518000000000000000e+03,-1.568300000000000000e+04,-2.272000000000000000e+04,-1.422600000000000000e+04,-6.180000000000000000e+03,-5.950000000000000000e+02,-3.256500000000000000e+04,-3.829600000000000000e+04
-1.436100000000000000e+04,3.675000000000000000e+03,-2.649700000000000000e+04,-9.849000000000000000e+03,-2.596100000000000000e+04,-1.215300000000000000e+04,-2.673500000000000000e+04,-2.660800000000000000e+04
-7.972000000000000000e+03,-1.319800000000000000e+04,4.332000000000000000e+03,-1.521300000000000000e+04,-4.891000000000000000e+03,-1.528400000000000000e+04,-1.990100000000000000e+04,-2.101500000000000000e+04
2.712000000000000000e+03,-1.481200000000000000e+04,-9.330000000000000000e+03,2.257000000000000000e+03,-2.402500000000000000e+04,4.033000000000000000e+03,-3.670500000000000000e+04,-5.439100000000000000e+04
-4.744000000000000000e+03,-1.653100000000000000e+04,-5.210000000000000000e+03,-3.516000000000000000e+03,-8.403000000000000000e+03,-1.494600000000000000e+04,-2.581000000000000000e+04,-2.873100000000000000e+04
-2.127400000000000000e+04,-2.044600000000000000e+04,-1.237000000000000000e+04,-2.645200000000000000e+04,2.898700000000000000e+04,-2.909800000000000000e+04,-2.970600000000000000e+04,-1.354600000000000000e+04
-1.753600000000000000e+04,-1.364700000000000000e+04,-1.475600000000000000e+04,-2.085700000000000000e+04,-2.697300000000000000e+04,-1.241000000000000000e+04,2.078300000000000000e+04,-1.689700000000000000e+04
-1.756000000000000000e+04,-2.483000000000000000e+03,-1.512300000000000000e+04,-5.316000000000000000e+03,-2.802000000000000000e+04,3.385000000000000000e+03,-1.815300000000000000e+04,-3.428300000000000000e+04
-2.470000000000000000e+04,-1.275200000000000000e+04,-9.202000000000000000e+03,-8.040000000000000000e+03,-3.587100000000000000e+04,-2.930500000000000000e+04,8.558000000000000000e+03,-2.783800000000000000e+04
-4.158000000000000000e+03,-2.536400000000000000e+04,-6.625000000000000000e+03,-6.289000000000000000e+03,2.561000000000000000e+03,-1.946900000000000000e+04,-3.406000000000000000e+04,-2.207600000000000000e+04
-1.870200000000000000e+04,-1.312600000000000000e+04,1.077100000000000000e+04,-1.369900000000000000e+04,-3.792000000000000000e+03,-2.614000000000000000e+03,-2.147200000000000000e+04,-1.330400000000000000e+04
-1.531200000000000000e+04,-1.277800000000000000e+04,-1.405900000000000000e+04,5.564000000000000000e+03,-2.537700000000000000e+04,2.510000000000000000e+03,-1.526500000000000000e+04,-3.008900000000000000e+04
-2.945600000000000000e+04,-1.740600000000000000e+04,-2.100500000000000000e+04,-4.304900000000000000e+04,-2.951800000000000000e+04,-3.258900000000000000e+04,-2.433200000000000000e+04,1.996100000000000000e+04
-3.006300000000000000e+04,-1.304200000000000000e+04,3.613000000000000000e+03,-6.051000000000000000e+03,1.954000000000000000e+03,-2.649800000000000000e+04,-1.906900000000000000e+04,-1.767400000000000000e+04
-2.576900000000000000e+04,-2.313300000000000000e+04,-8.267000000000000000e+03,-2.099700000000000000e+04,-2.546100000000000000e+04,-1.370300000000000000e+04,1.947800000000000000e+04,-2.504500000000000000e+04
-1.886700000000000000e+04,-1.308500000000000000e+04,-3.853000000000000000e+03,-1.462000000000000000e+04,-1.785700000000000000e+04,-3.468900000000000000e+04,1.264400000000000000e+04,-1.634600000000000000e+04
-7.553000000000000000e+03,1.901000000000000000e+04,-2.685500000000000000e+04,-1.596400000000000000e+04,-4.414600000000000000e+04,-9.210000000000000000e+03,-1.763600000000000000e+04,-2.837400000000000000e+04
-2.809000000000000000e+04,-6.678000000000000000e+03,-1.758300000000000000e+04,-2.313300000000000000e+04,-2.611300000000000000e+04,-2.041800000000000000e+04,2.544000000000000000e+03,-2.138400000000000000e+04
-5.047200000000000000e+04,-2.611000000000000000e+04,-2.620000000000000000e+02,-3.012200000000000000e+04,-3.748000000000000000e+04,-3.890700000000000000e+04,-2.032900000000000000e+04,9.375000000000000000e+03
-2.483800000000000000e+04,-2.225500000000000000e+04,-4.899000000000000000e+03,-3.494400000000000000e+04,-1.883100000000000000e+04,-2.170500000000000000e+04,2.158300000000000000e+04,-1.623600000000000000e+04
-7.717000000000000000e+03,2.255300000000000000e+04,-2.282200000000000000e+04,-4.958000000000000000e+03,-2.608800000000000000e+04,-1.610500000000000000e+04,-2.304000000000000000e+04,-1.710400000000000000e+04
-1.093800000000000000e+04,1.208200000000000000e+04,-1.646400000000000000e+04,-1.578000000000000000e+03,-2.726200000000000000e+04,-1.196500000000000000e+04,-2.793200000000000000e+04,-3.948300000000000000e+04
-8.179000000000000000e+03,-1.459100000000000000e+04,-8.060000000000000000e+03,1.419000000000000000e+04,-1.757300000000000000e+04,-6.756000000000000000e+03,-1.640700000000000000e+04,-3.197600000000000000e+04
-2.177300000000000000e+04,-1.128400000000000000e+04,-1.670800000000000000e+04,-2.954000000000000000e+04,-1.590900000000000000e+04,-1.663200000000000000e+04,-1.256400000000000000e+04,2.040800000000000000e+04
-1.415000000000000000e+04,7.031000000000000000e+03,-2.101600000000000000e+04,-2.225400000000000000e+04,-2.673400000000000000e+04,5.571000000000000000e+03,-5.651000000000000000e+03,-2.168900000000000000e+04
-1.943900000000000000e+04,2.174200000000000000e+04,-2.300000000000000000e+04,-2.233000000000000000e+04,-3.655400000000000000e+04,-2.407800000000000000e+04,-1.992500000000000000e+04,-2.136000000000000000e+04
-1.592300000000000000e+04,-1.719900000000000000e+04,-1.157300000000000000e+04,2.315000000000000000e+03,-3.592400000000000000e+04,7.249000000000000000e+03,-1.657100000000000000e+04,-3.204300000000000000e+04
-9.668000000000000000e+03,-4.110000000000000000e+03,-1.656300000000000000e+04,-1.085000000000000000e+04,-3.306000000000000000e+04,8.080000000000000000e+02,-1.813600000000000000e+04,-2.764100000000000000e+04
1.317800000000000000e+04,-1.720700000000000000e+04,-1.177000000000000000e+04,4.704000000000000000e+03,-1.960600000000000000e+04,-4.546000000000000000e+03,-3.034600000000000000e+04,-3.425900000000000000e+04
-3.265100000000000000e+04,-2.103500000000000000e+04,-4.203000000000000000e+03,-1.772000000000000000e+04,-2.467400000000000000e+04,-1.673600000000000000e+04,-4.022000000000000000e+03,-3.586000000000000000e+03
-1.341900000000000000e+04,-5.449000000000000000e+03,-5.576000000000000000e+03,-1.777600000000000000e+04,-1.234300000000000000e+04,-2.131500000000000000e+04,1.390600000000000000e+04,-1.797900000000000000e+04
-1.534200000000000000e+04,-1.857600000000000000e+04,-1.144100000000000000e+04,-2.861200000000000000e+04,-1.941300000000000000e+04,-6.631000000000000000e+03,6.698000000000000000e+03,-1.448700000000000000e+04
1.550000000000000000e+02,-1.347000000000000000e+04,-2.021100000000000000e+04,-1.285600000000000000e+04,-1.264200000000000000e+04,-6.552000000000000000e+03,-1.881300000000000000e+04,-4.132300000000000000e+04
-6.203000000000000000e+03,-1.777300000000000000e+04,-1.163100000000000000e+04,-1.477000000000000000e+03,-9.424000000000000000e+03,-5.332000000000000000e+03,-1.524500000000000000e+04,-3.343500000000000000e+04
-1.324800000000000000e+04,8.648000000000000000e+03,-1.441300000000000000e+04,-1.691800000000000000e+04,-3.482700000000000000e+04,-9.350000000000000000e+03,-2.373500000000000000e+04,-2.302000000000000000e+04
-2.138900000000000000e+04,-1.654300000000000000e+04,2.470000000000000000e+03,-2.394700000000000000e+04,-3.074000000000000000e+03,-2.468300000000000000e+04,-2.826900000000000000e+04,8.610000000000000000e+02
-1.481700000000000000e+04,-2.651000000000000000e+03,-1.185100000000000000e+04,3.128000000000000000e+03,-3.864700000000000000e+04,-1.234700000000000000e+04,-2.616000000000000000e+04,-4.394100000000000000e+04
-1.491700000000000000e+04,-1.784400000000000000e+04,1.985000000000000000e+03,-1.402700000000000000e+04,-1.763300000000000000e+04,-1.558200000000000000e+04,1.916000000000000000e+03,-2.217600000000000000e+04
-2.667000000000000000e+03,-1.435000000000000000e+04,-1.071400000000000000e+04,9.400000000000000000e+01,-1.754300000000000000e+04,-4.061000000000000000e+03,-1.882100000000000000e+04,-2.952700000000000000e+04
-2.779600000000000000e+04,2.997700000000000000e+04,-2.116300000000000000e+04,-9.343000000000000000e+03,-3.339500000000000000e+04,-1.874900000000000000e+04,-1.784300000000000000e+04,-3.363400000000000000e+04
-3.542000000000000000e+03,-2.388100000000000000e+04,-1.043900000000000000e+04,2.718000000000000000e+03,-6.333000000000000000e+03,-7.783000000000000000e+03,-1.827100000000000000e+04,-3.132000000000000000e+04
-1.437200000000000000e+04,-1.365800000000000000e+04,-1.547100000000000000e+04,7.271000000000000000e+03,-9.953000000000000000e+03,-1.022100000000000000e+04,-1.024300000000000000e+04,-3.845500000000000000e+04
-2.574200000000000000e+04,2.042700000000000000e+04,-2.532800000000000000e+04,-1.977100000000000000e+04,-3.925500000000000000e+04,-2.185000000000000000e+04,-6.266000000000000000e+03,-2.416400000000000000e+04
-6.010000000000000000e+02,-1.745900000000000000e+04,-1.816800000000000000e+04,-1.338000000000000000e+03,-2.510000000000000000e+04,2.175000000000000000e+03,-2.375100000000000000e+04,-3.510400000000000000e+04
-5.567000000000000000e+03,-2.085000000000000000e+04,-1.464400000000000000e+04,-1.335900000000000000e+04,-2.506700000000000000e+04,1.304000000000000000e+04,-2.803800000000000000e+04,-3.439500000000000000e+04
-6.241000000000000000e+03,-1.947600000000000000e+04,-1.751700000000000000e+04,6.708000000000000000e+03,1.344000000000000000e+03,-1.691700000000000000e+04,-8.811000000000000000e+03,-2.567100000000000000e+04
-5.598000000000000000e+03,-2.483400000000000000e+04,-1.481000000000000000e+03,-1.820200000000000000e+04,9.739000000000000000e+03,-2.759000000000000000e+04,-2.048200000000000000e+04,-1.719100000000000000e+04
1.210000000000000000e+02,-9.000000000000000000e+03,-5.393000000000000000e+03,3.022000000000000000e+03,-4.577000000000000000e+03,-1.841900000000000000e+04,-2.073700000000000000e+04,-3.196600000000000000e+04
-1.579600000000000000e+04,-1.362200000000000000e+04,-1.723900000000000000e+04,-6.387000000000000000e+03,4.925000000000000000e+03,-1.975900000000000000e+04,-3.217200000000000000e+04,-2.335800000000000000e+04
-1.362800000000000000e+04,-1.107700000000000000e+04,-1.792400000000000000e+04,-8.000000000000000000e+01,-1.818700000000000000e+04,7.646000000000000000e+03,-2.311100000000000000e+04,-3.998000000000000000e+04
-9.472000000000000000e+03,-1.333900000000000000e+04,-1.045000000000000000e+04,-4.595000000000000000e+03,-2.810000000000000000e+04,4.008000000000000000e+03,-1.555600000000000000e+04,-2.688600000000000000e+04
-9.275000000000000000e+03,-2.031100000000000000e+04,-2.535000000000000000e+04,-6.001000000000000000e+03,-1.549700000000000000e+04,1.064600000000000000e+04,-1.520500000000000000e+04,-2.716100000000000000e+04
-3.188000000000000000e+03,-1.276600000000000000e+04,-2.159000000000000000e+04,-1.712600000000000000e+04,-1.609600000000000000e+04,6.500000000000000000e+03,-1.024400000000000000e+04,-3.202500000000000000e+04
-1.821700000000000000e+04,-2.110500000000000000e+04,-1.302600000000000000e+04,-2.367700000000000000e+04,-2.734600000000000000e+04,-2.081600000000000000e+04,8.182000000000000000e+03,-2.045600000000000000e+04
-2.234700000000000000e+04,-8.848000000000000000e+03,-1.112100000000000000e+04,-9.229000000000000000e+03,-2.213000000000000000e+04,-1.003000000000000000e+04,9.884000000000000000e+03,-2.810500000000000000e+04
-3.492800000000000000e+04,1.748000000000000000e+03,-4.645000000000000000e+03,-8.704000000000000000e+03,-3.453500000000000000e+04,1.303000000000000000e+03,-2.603900000000000000e+04,-3.947400000000000000e+04
-1.928000000000000000e+03,-2.840000000000000000e+03,-1.907900000000000000e+04,-2.060000000000000000e+03,-2.913300000000000000e+04,-6.361000000000000000e+03,-2.293700000000000000e+04,-3.323400000000000000e+04
-1.353400000000000000e+04,-2.275000000000000000e+04,-1.857900000000000000e+04,-4.344300000000000000e+04,-2.554600000000000000e+04,-2.554900000000000000e+04,-2.702600000000000000e+04,1.523500000000000000e+04
-1.297600000000000000e+04,1.208700000000000000e+04,-1.650900000000000000e+04,-2.881700000000000000e+04,-3.694100000000000000e+04,-9.771000000000000000e+03,-1.341400000000000000e+04,-2.423100000000000000e+04
-6.294000000000000000e+03,3.277600000000000000e+04,-7.489000000000000000e+03,-2.651800000000000000e+04,-3.606400000000000000e+04,-2.488700000000000000e+04,-2.934600000000000000e+04,-3.815900000000000000e+04
4.284000000000000000e+03,-1.040600000000000000e+04,-1.401000000000000000e+04,-5.757000000000000000e+03,7.138000000000000000e+03,1.113200000000000000e+04,-1.691100000000000000e+04,-3.271000000000000000e+03
-8.330000000000000000e+03,2.602600000000000000e+04,-1.440500000000000000e+04,-1.482800000000000000e+04,-4.418600000000000000e+04,-1.823500000000000000e+04,-2.905500000000000000e+04,-3.602100000000000000e+04
-2.259900000000000000e+04,2.788600000000000000e+04,-1.522100000000000000e+04,-1.374700000000000000e+04,-3.272400000000000000e+04,-1.389700000000000000e+04,-1.857300000000000000e+04,-3.614300000000000000e+04
-1.476600000000000000e+04,-1.519200000000000000e+04,-1.226100000000000000e+04,-2.177800000000000000e+04,-1.900400000000000000e+04,-1.267300000000000000e+04,-1.514500000000000000e+04,1.984700000000000000e+04
-1.535300000000000000e+04,-1.632400000000000000e+04,6.095000000000000000e+03,-2.988900000000000000e+04,-1.510000000000000000e+02,-4.138900000000000000e+04,-3.247000000000000000e+04,-1.248200000000000000e+04
-2.476000000000000000e+03,-2.146600000000000000e+04,-1.522400000000000000e+04,4.147000000000000000e+03,-2.128600000000000000e+04,6.339000000000000000e+03,-2.382500000000000000e+04,-3.615100000000000000e+04
-2.619500000000000000e+04,-1.107700000000000000e+04,-1.205500000000000000e+04,-1.195400000000000000e+04,-2.050800000000000000e+04,-1.753100000000000000e+04,2.912000000000000000e+03,-2.200000000000000000e+04
-2.394100000000000000e+04,-8.670000000000000000e+03,-6.402000000000000000e+03,-1.446600000000000000e+04,-1.380800000000000000e+04,-9.644000000000000000e+03,-1.197200000000000000e+04,8.045000000000000000e+03
-2.134300000000000000e+04,-1.625600000000000000e+04,-1.059200000000000000e+04,-2.214700000000000000e+04,-8.163000000000000000e+03,-1.231900000000000000e+04,1.306900000000000000e+04,-9.285000000000000000e+03
-7.278000000000000000e+03,-3.163000000000000000e+03,-2.033800000000000000e+04,-1.610500000000000000e+04,-3.642800000000000000e+04,-1.373000000000000000e+03,-2.012200000000000000e+04,-3.017700000000000000e+04
-1.264300000000000000e+04,-1.704900000000000000e+04,-1.754300000000000000e+04,-4.181000000000000000e+03,-1.789000000000000000e+04,1.591000000000000000e+04,-2.333000000000000000e+04,-2.078300000000000000e+04
-1.036400000000000000e+04,-9.260000000000000000e+03,-8.490000000000000000e+03,-2.580000000000000000e+03,-1.730700000000000000e+04,-7.410000000000000000e+03,-1.814500000000000000e+04,-4.780600000000000000e+04
1.696000000000000000e+04,-9.814000000000000000e+03,-2.455400000000000000e+04,-2.004600000000000000e+04,-1.928700000000000000e+04,-1.647600000000000000e+04,-2.365000000000000000e+04,-2.511600000000000000e+04
-1.065000000000000000e+04,5.772000000000000000e+03,-1.352500000000000000e+04,-1.249500000000000000e+04,-2.315800000000000000e+04,-1.021800000000000000e+04,-7.717000000000000000e+03,-2.117600000000000000e+04
-2.147500000000000000e+04,-1.297400000000000000e+04,-2.003000000000000000e+03,-1.691900000000000000e+04,-2.267100000000000000e+04,-2.016300000000000000e+04,5.400000000000000000e+01,-5.462000000000000000e+03
-2.562600000000000000e+04,-2.740600000000000000e+04,-1.463200000000000000e+04,-2.980000000000000000e+04,-2.526500000000000000e+04,-7.471000000000000000e+03,2.300100000000000000e+04,-1.303400000000000000e+04
-1.109500000000000000e+04,-3.230000000000000000e+02,1.030000000000000000e+03,-2.559400000000000000e+04,-2.065400000000000000e+04,-4.374000000000000000e+03,7.350000000000000000e+03,-2.524900000000000000e+04
-2.495200000000000000e+04,-2.132000000000000000e+03,-1.895500000000000000e+04,-2.052000000000000000e+04,-3.684800000000000000e+04,-1.713400000000000000e+04,1.299000000000000000e+04,-3.073500000000000000e+04
1.257400000000000000e+04,-2.187700000000000000e+04,-1.048700000000000000e+04,-5.720000000000000000e+02,-3.861500000000000000e+04,-8.920000000000000000e+02,-2.903400000000000000e+04,-4.215900000000000000e+04
-6.006000000000000000e+03,-6.450000000000000000e+03,-7.133000000000000000e+03,-1.645800000000000000e+04,7.457000000000000000e+03,-1.646200000000000000e+04,-1.253500000000000000e+04,-1.581800000000000000e+04
-9.159000000000000000e+03,-1.485500000000000000e+04,-1.341700000000000000e+04,6.790000000000000000e+02,-1.230900000000000000e+04,-9.017000000000000000e+03,-2.069000000000000000e+04,-3.375900000000000000e+04
-1.869200000000000000e+04,-1.630800000000000000e+04,-2.245200000000000000e+04,-5.556000000000000000e+03,-2.965800000000000000e+04,1.658400000000000000e+04,-1.407000000000000000e+04,-2.931400000000000000e+04
-1.419100000000000000e+04,-1.799300000000000000e+04,-3.394000000000000000e+03,-1.570800000000000000e+04,-1.696100000000000000e+04,-8.891000000000000000e+03,4.106000000000000000e+03,-4.510000000000000000e+03
-5.095000000000000000e+03,-1.503400000000000000e+04,-1.163900000000000000e+04,-9.352000000000000000e+03,-2.683500000000000000e+04,1.118000000000000000e+04,-2.928100000000000000e+04,-4.026000000000000000e+04
-1.026400000000000000e+04,-1.062400000000000000e+04,-6.365000000000000000e+03,4.178000000000000000e+03,-1.224700000000000000e+04,-9.457000000000000000e+03,-1.868700000000000000e+04,-3.560500000000000000e+04
-2.637500000000000000e+04,-1.607600000000000000e+04,-8.106000000000000000e+03,-1.978400000000000000e+04,-2.131000000000000000e+04,2.839000000000000000e+03,-1.215100000000000000e+04,-6.861000000000000000e+03
-1.915000000000000000e+03,-2.067900000000000000e+04,-1.823500000000000000e+04,-9.257000000000000000e+03,1.047200000000000000e+04,-1.280100000000000000e+04,-2.234300000000000000e+04,-2.222900000000000000e+04
-3.399800000000000000e+04,-1.343900000000000000e+04,-1.049200000000000000e+04,-3.175000000000000000e+04,-1.481600000000000000e+04,-2.359600000000000000e+04,-2.020400000000000000e+04,1.286500000000000000e+04
-1.096800000000000000e+04,-1.199300000000000000e+04,-1.401600000000000000e+04,-6.722000000000000000e+03,-1.029300000000000000e+04,1.105600000000000000e+04,-1.415700000000000000e+04,-2.426200000000000000e+04
-3.490000000000000000e+02,-1.199000000000000000e+04,-9.218000000000000000e+03,-9.679000000000000000e+03,-8.626000000000000000e+03,-1.532200000000000000e+04,-5.707000000000000000e+03,-3.672800000000000000e+04
-1.958700000000000000e+04,-4.819000000000000000e+03,-1.674200000000000000e+04,-1.390000000000000000e+02,-2.732200000000000000e+04,-9.760000000000000000e+02,-1.126200000000000000e+04,-1.316000000000000000e+04
-9.129000000000000000e+03,-1.975600000000000000e+04,-2.226500000000000000e+04,-2.620600000000000000e+04,2.064600000000000000e+04,-2.371400000000000000e+04,-3.157500000000000000e+04,-1.742300000000000000e+04
-2.024300000000000000e+04,-1.868800000000000000e+04,-1.459300000000000000e+04,-2.777100000000000000e+04,-2.306600000000000000e+04,-2.266000000000000000e+04,-1.583100000000000000e+04,1.842600000000000000e+04
3.111000000000000000e+03,-2.330400000000000000e+04,-1.332000000000000000e+04,-1.644700000000000000e+04,-1.239900000000000000e+04,1.821000000000000000e+03,-2.130800000000000000e+04,-3.802500000000000000e+04
1.029500000000000000e+04,-2.501700000000000000e+04,-1.812200000000000000e+04,-9.346000000000000000e+03,-6.615000000000000000e+03,-6.228000000000000000e+03,-2.395800000000000000e+04,-2.995300000000000000e+04
-5.015000000000000000e+03,-1.325800000000000000e+04,-3.089000000000000000e+03,-8.268000000000000000e+03,-2.802000000000000000e+03,-2.565600000000000000e+04,-1.983600000000000000e+04,-9.344000000000000000e+03
-1.937100000000000000e+04,-9.163000000000000000e+03,-2.081900000000000000e+04,-1.530700000000000000e+04,-2.512200000000000000e+04,-1.280000000000000000e+04,9.730000000000000000e+03,-2.859800000000000000e+04
-2.926100000000000000e+04,-1.885000000000000000e+04,1.333400000000000000e+04,-2.442100000000000000e+04,-1.308200000000000000e+04,-2.189500000000000000e+04,-9.344000000000000000e+03,-1.617300000000000000e+04
-2.814200000000000000e+04,-2.473500000000000000e+04,-2.034800000000000000e+04,-2.514900000000000000e+04,-2.913800000000000000e+04,-1.918800000000000000e+04,-1.898600000000000000e+04,2.733100000000000000e+04
-5.247000000000000000e+03,-2.742700000000000000e+04,-1.425600000000000000e+04,-1.286100000000000000e+04,-2.789000000000000000e+03,-1.440000000000000000e+02,-3.483700000000000000e+04,-3.817000000000000000e+04
-1.882100000000000000e+04,-9.768000000000000000e+03,-1.688300000000000000e+04,-2.950800000000000000e+04,-3.709300000000000000e+04,2.667000000000000000e+03,1.287000000000000000e+03,-1.215200000000000000e+04
-9.750000000000000000e+02,-1.526300000000000000e+04,-7.462000000000000000e+03,-5.847000000000000000e+03,-9.320000000000000000e+03,7.050000000000000000e+02,-2.625300000000000000e+04,-2.459300000000000000e+04
-1.836500000000000000e+04,-1.973300000000000000e+04,-2.713000000000000000e+03,-1.912400000000000000e+04,-1.700600000000000000e+04,-2.059700000000000000e+04,-5.516000000000000000e+03,-1.055300000000000000e+04
-9.899000000000000000e+03,-1.543700000000000000e+04,5.400000000000000000e+01,-1.588900000000000000e+04,-9.730000000000000000e+03,-5.164000000000000000e+03,-1.061300000000000000e+04,-9.403000000000000000e+03
7.202000000000000000e+03,-1.562800000000000000e+04,-1.988700000000000000e+04,-1.624500000000000000e+04,-1.915800000000000000e+04,4.110000000000000000e+03,-2.194000000000000000e+04,-4.475900000000000000e+04
-1.754500000000000000e+04,-1.016900000000000000e+04,3.310000000000000000e+02,-1.321200000000000000e+04,-1.449900000000000000e+04,-1.398600000000000000e+04,3.421000000000000000e+03,-1.179800000000000000e+04
-2.712400000000000000e+04,4.212000000000000000e+03,-2.395400000000000000e+04,-2.546000000000000000e+03,-4.134700000000000000e+04,-1.765300000000000000e+04,2.339000000000000000e+03,-3.890500000000000000e+04
-1.086400000000000000e+04,-1.365600000000000000e+04,-4.630000000000000000e+02,-1.017000000000000000e+04,-4.858000000000000000e+03,-1.573400000000000000e+04,-1.162200000000000000e+04,-1.127600000000000000e+04
-1.261300000000000000e+04,-1.710800000000000000e+04,-3.779000000000000000e+03,-8.212000000000000000e+03,-5.161000000000000000e+03,-1.471300000000000000e+04,-1.012300000000000000e+04,-1.955100000000000000e+04
-2.249800000000000000e+04,-1.208400000000000000e+04,-1.190800000000000000e+04,-3.041700000000000000e+04,-1.897800000000000000e+04,-2.921800000000000000e+04,1.716900000000000000e+04,-1.078600000000000000e+04
-1.867700000000000000e+04,-1.077000000000000000e+03,-1.052000000000000000e+04,-1.762900000000000000e+04,-3.067400000000000000e+04,-1.011700000000000000e+04,8.015000000000000000e+03,-3.150100000000000000e+04
-2.852000000000000000e+04,2.666700000000000000e+04,-2.345900000000000000e+04,-1.147900000000000000e+04,-5.232900000000000000e+04,-1.734400000000000000e+04,-1.438400000000000000e+04,-2.579000000000000000e+04
-2.114200000000000000e+04,-5.820000000000000000e+03,-1.830300000000000000e+04,-2.284600000000000000e+04,-2.185700000000000000e+04,-1.304500000000000000e+04,2.790000000000000000e+02,-1.971300000000000000e+04
-2.621800000000000000e+04,-5.705000000000000000e+03,-1.576700000000000000e+04,-1.040000000000000000e+04,-2.363000000000000000e+04,1.848000000000000000e+03,-4.987000000000000000e+03,-1.121300000000000000e+04
1.125100000000000000e+04,-1.340100000000000000e+04,-1.523200000000000000e+04,-1.121600000000000000e+04,-2.400900000000000000e+04,-2.828000000000000000e+03,-2.997300000000000000e+04,-3.376400000000000000e+04
-1.758600000000000000e+04,-1.801300000000000000e+04,-1.658500000000000000e+04,-1.247600000000000000e+04,-1.844800000000000000e+04,-9.772000000000000000e+03,1.723300000000000000e+04,-1.309500000000000000e+04
-1.466900000000000000e+04,-1.020700000000000000e+04,-2.582900000000000000e+04,-2.106000000000000000e+04,-2.374300000000000000e+04,8.782000000000000000e+03,-1.828800000000000000e+04,-1.492000000000000000e+04
6.561000000000000000e+03,-1.920000000000000000e+04,-1.500400000000000000e+04,-1.392000000000000000e+04,-6.063000000000000000e+03,1.866200000000000000e+04,-1.750400000000000000e+04,-1.941600000000000000e+04
-1.003900000000000000e+04,4.283000000000000000e+03,-1.845800000000000000e+04,-1.208000000000000000e+04,-2.431300000000000000e+04,-9.106000000000000000e+03,7.170000000000000000e+02,-2.794000000000000000e+04
-1.880900000000000000e+04,-1.654500000000000000e+04,-1.234400000000000000e+04,-2.344400000000000000e+04,-1.868200000000000000e+04,-1.438500000000000000e+04,8.221000000000000000e+03,-9.192000000000000000e+03
-2.275900000000000000e+04,-1.774100000000000000e+04,7.726000000000000000e+03,-2.402600000000000000e+04,-1.628200000000000000e+04,-2.988100000000000000e+04,-8.106000000000000000e+03,-2.810000000000000000e+03
-2.376000000000000000e+04,1.131800000000000000e+04,-3.409200000000000000e+04,-5.395000000000000000e+03,-3.540800000000000000e+04,-2.267400000000000000e+04,-1.685400000000000000e+04,-2.055400000000000000e+04
-2.912100000000000000e+04,-6.457000000000000000e+03,-7.850000000000000000e+02,-2.015900000000000000e+04,-2.796600000000000000e+04,-6.699000000000000000e+03,1.216200000000000000e+04,-2.665400000000000000e+04
-1.187900000000000000e+04,-2.015900000000000000e+04,-1.202700000000000000e+04,-1.226600000000000000e+04,-2.293400000000000000e+04,6.377000000000000000e+03,-1.336900000000000000e+04,-2.334300000000000000e+04
5.314000000000000000e+03,-7.030000000000000000e+03,8.340000000000000000e+02,-1.279600000000000000e+04,-6.672000000000000000e+03,-5.455000000000000000e+03,-2.186400000000000000e+04,-2.886200000000000000e+04
1.140000000000000000e+02,-1.316500000000000000e+04,-3.864000000000000000e+03,7.744000000000000000e+03,-1.556000000000000000e+04,-7.066000000000000000e+03,-3.349900000000000000e+04,-3.614100000000000000e+04
-1.700400000000000000e+04,-8.549000000000000000e+03,-1.029300000000000000e+04,-2.445800000000000000e+04,-3.036100000000000000e+04,-1.285100000000000000e+04,1.358700000000000000e+04,-3.600600000000000000e+04
1.460000000000000000e+02,-1.463700000000000000e+04,-2.051200000000000000e+04,-4.727000000000000000e+03,-2.500700000000000000e+04,-1.547000000000000000e+03,-2.568500000000000000e+04,-2.816200000000000000e+04
-1.238100000000000000e+04,-1.887100000000000000e+04,-1.467200000000000000e+04,-3.187000000000000000e+03,-2.924900000000000000e+04,1.785600000000000000e+04,-1.393600000000000000e+04,-1.538400000000000000e+04
-1.119000000000000000e+03,-7.758000000000000000e+03,-1.830200000000000000e+04,5.350000000000000000e+03,-3.366300000000000000e+04,3.600000000000000000e+03,-2.190500000000000000e+04,-4.676300000000000000e+04
-2.926900000000000000e+04,-2.504900000000000000e+04,-4.312000000000000000e+03,-2.611400000000000000e+04,-2.511600000000000000e+04,-3.805300000000000000e+04,-2.252400000000000000e+04,1.804800000000000000e+04
-1.920300000000000000e+04,-2.158500000000000000e+04,1.365000000000000000e+03,-1.993300000000000000e+04,-7.434000000000000000e+03,-2.600100000000000000e+04,-1.828600000000000000e+04,3.458000000000000000e+03
-1.105200000000000000e+04,-1.840600000000000000e+04,-1.589000000000000000e+03,-7.733000000000000000e+03,9.881000000000000000e+03,-2.666500000000000000e+04,-1.531400000000000000e+04,-2.459800000000000000e+04
-1.261700000000000000e+04,-2.448000000000000000e+04,-5.645000000000000000e+03,-6.372000000000000000e+03,3.668000000000000000e+03,-3.152500000000000000e+04,-1.615700000000000000e+04,-3.450000000000000000e+02
-1.606600000000000000e+04,2.003700000000000000e+04,-2.600500000000000000e+04,-2.287500000000000000e+04,-4.908800000000000000e+04,-1.209000000000000000e+04,-2.373700000000000000e+04,-2.220500000000000000e+04
-2.462200000000000000e+04,-1.199100000000000000e+04,-1.855200000000000000e+04,-2.771300000000000000e+04,-1.679200000000000000e+04,-1.465600000000000000e+04,1.711100000000000000e+04,-3.535000000000000000e+03
-2.387400000000000000e+04,-2.148700000000000000e+04,-2.082000000000000000e+03,-1.779200000000000000e+04,-2.052100000000000000e+04,-1.791300000000000000e+04,1.901400000000000000e+04,-1.942100000000000000e+04
-2.610500000000000000e+04,2.666700000000000000e+04,-1.402200000000000000e+04,-4.597000000000000000e+03,-3.858700000000000000e+04,-1.391700000000000000e+04,-2.726100000000000000e+04,-3.441500000000000000e+04
-2.116600000000000000e+04,-5.247000000000000000e+03,1.589600000000000000e+04,-1.804000000000000000e+04,-7.198000000000000000e+03,-3.892500000000000000e+04,-1.266000000000000000e+04,-6.426000000000000000e+03
6.689000000000000000e+03,-1.930800000000000000e+04,-2.749400000000000000e+04,-8.200000000000000000e+03,-1.628000000000000000e+04,-2.012000000000000000e+03,-1.926100000000000000e+04,-2.712500000000000000e+04
-2.925800000000000000e+04,-1.175800000000000000e+04,-6.656000000000000000e+03,-1.539500000000000000e+04,-3.027600000000000000e+04,-1.847100000000000000e+04,8.852000000000000000e+03,-1.902300000000000000e+04
8.045000000000000000e+03,-2.056700000000000000e+04,-9.296000000000000000e+03,3.268000000000000000e+03,-4.143500000000000000e+04,-9.800000000000000000e+02,-3.030500000000000000e+04,-4.299100000000000000e+04
-2.511800000000000000e+04,-2.662800000000000000e+04,-2.228000000000000000e+03,-2.242500000000000000e+04,1.571300000000000000e+04,-2.873700000000000000e+04,-2.489400000000000000e+04,-5.519000000000000000e+03
-2.103700000000000000e+04,-1.649600000000000000e+04,-1.433200000000000000e+04,-1.250500000000000000e+04,-3.047200000000000000e+04,-2.496400000000000000e+04,1.402700000000000000e+04,-1.401700000000000000e+04
-1.474600000000000000e+04,-1.911200000000000000e+04,1.073000000000000000e+04,-1.139000000000000000e+04,-1.737000000000000000e+03,-2.306400000000000000e+04,-1.489800000000000000e+04,-3.682000000000000000e+04
-1.126000000000000000e+04,3.285900000000000000e+04,-2.653600000000000000e+04,-2.011200000000000000e+04,-4.369700000000000000e+04,-1.713100000000000000e+04,-2.775400000000000000e+04,-3.336300000000000000e+04
-1.611300000000000000e+04,1.830300000000000000e+04,-2.265600000000000000e+04,-1.289600000000000000e+04,-4.124900000000000000e+04,-1.683200000000000000e+04,-2.049100000000000000e+04,-3.744500000000000000e+04
-1.148000000000000000e+04,-1.967800000000000000e+04,-1.982900000000000000e+04,3.102000000000000000e+03,-2.758700000000000000e+04,5.840000000000000000e+03,-3.121200000000000000e+04,-4.502300000000000000e+04
-3.599100000000000000e+04,-2.901200000000000000e+04,1.897000000000000000e+03,-3.093900000000000000e+04,-3.157600000000000000e+04,-3.943000000000000000e+04,-2.895000000000000000e+04,1.215900000000000000e+04
-3.013200000000000000e+04,-1.621500000000000000e+04,-1.384200000000000000e+04,-3.799800000000000000e+04,-1.981100000000000000e+04,-2.614300000000000000e+04,-2.911600000000000000e+04,1.943100000000000000e+04
-9.435000000000000000e+03,-1.643600000000000000e+04,-2.510600000000000000e+04,-6.371000000000000000e+03,-1.621500000000000000e+04,1.026400000000000000e+04,-2.053700000000000000e+04,-3.525100000000000000e+04
-1.484900000000000000e+04,-1.395900000000000000e+04,-1.750500000000000000e+04,-6.527000000000000000e+03,-1.238800000000000000e+04,-7.341000000000000000e+03,8.528000000000000000e+03,-2.360300000000000000e+04
-1.229500000000000000e+04,2.633800000000000000e+04,-1.614300000000000000e+04,-1.784800000000000000e+04,-3.063100000000000000e+04,-2.138400000000000000e+04,-1.882100000000000000e+04,-3.124900000000000000e+04
-2.972500000000000000e+04,2.288200000000000000e+04,-1.513200000000000000e+04,-2.170500000000000000e+04,-4.719800000000000000e+04,-1.652300000000000000e+04,-1.346300000000000000e+04,-3.098500000000000000e+04
-1.315200000000000000e+04,-2.019800000000000000e+04,-1.168100000000000000e+04,-2.374900000000000000e+04,-1.460200000000000000e+04,-1.592900000000000000e+04,4.369000000000000000e+03,-1.845500000000000000e+04
-2.181100000000000000e+04,-1.268200000000000000e+04,-1.483900000000000000e+04,-2.061900000000000000e+04,-1.406600000000000000e+04,-2.278300000000000000e+04,7.569000000000000000e+03,-1.262400000000000000e+04
-4.689400000000000000e+04,-2.927100000000000000e+04,6.300000000000000000e+02,-3.457500000000000000e+04,-2.557100000000000000e+04,-2.958500000000000000e+04,-2.806900000000000000e+04,8.011000000000000000e+03
-1.556900000000000000e+04,-1.029800000000000000e+04,-1.576200000000000000e+04,-2.435000000000000000e+03,-8.598000000000000000e+03,1.752000000000000000e+03,-1.241200000000000000e+04,-2.152400000000000000e+04
-4.054200000000000000e+04,-2.936800000000000000e+04,-1.115000000000000000e+03,-3.104000000000000000e+04,-3.311700000000000000e+04,-3.266300000000000000e+04,-2.801500000000000000e+04,1.032800000000000000e+04
-2.736000000000000000e+03,-1.284700000000000000e+04,-1.387200000000000000e+04,1.111700000000000000e+04,-2.459500000000000000e+04,-3.750000000000000000e+03,-2.660300000000000000e+04,-4.351800000000000000e+04
-6.319000000000000000e+03,-2.147700000000000000e+04,-9.132000000000000000e+03,-1.415000000000000000e+04,1.434500000000000000e+04,-2.886500000000000000e+04,-2.857700000000000000e+04,-9.386000000000000000e+03
-1.672500000000000000e+04,7.810000000000000000e+03,-1.161700000000000000e+04,-6.240000000000000000e+03,-3.238700000000000000e+04,-2.997000000000000000e+03,-7.229000000000000000e+03,-3.828300000000000000e+04
-1.560000000000000000e+03,-1.442100000000000000e+04,-1.332800000000000000e+04,3.027000000000000000e+03,-8.915000000000000000e+03,-1.255000000000000000e+04,-2.001900000000000000e+04,-3.221200000000000000e+04
-1.319100000000000000e+04,5.943000000000000000e+03,-2.834200000000000000e+04,-1.329000000000000000e+04,-3.576800000000000000e+04,-1.723000000000000000e+03,-2.054700000000000000e+04,-1.409900000000000000e+04
-2.248300000000000000e+04,2.380000000000000000e+02,-1.385500000000000000e+04,-2.346900000000000000e+04,-9.887000000000000000e+03,-1.196400000000000000e+04,-9.932000000000000000e+03,-8.123000000000000000e+03
-3.763500000000000000e+04,-2.693400000000000000e+04,1.985100000000000000e+04,-3.209800000000000000e+04,-3.674200000000000000e+04,-3.089500000000000000e+04,-2.087900000000000000e+04,3.089000000000000000e+03
-1.774900000000000000e+04,-1.976900000000000000e+04,-5.907000000000000000e+03,-4.966000000000000000e+03,-3.749000000000000000e+03,-8.075000000000000000e+03,-1.175300000000000000e+04,-1.126500000000000000e+04
-1.257500000000000000e+04,-1.008200000000000000e+04,-6.348000000000000000e+03,-2.388000000000000000e+03,-2.872200000000000000e+04,-1.063000000000000000e+03,-1.886200000000000000e+04,-3.376200000000000000e+04
-1.451500000000000000e+04,-1.131000000000000000e+04,-1.050300000000000000e+04,-4.218000000000000000e+03,-3.406100000000000000e+04,1.385400000000000000e+04,-1.429800000000000000e+04,-2.201100000000000000e+04
-1.112000000000000000e+04,-1.501000000000000000e+04,-1.931400000000000000e+04,1.021000000000000000e+03,-1.878300000000000000e+04,4.623000000000000000e+03,-1.350600000000000000e+04,-1.197100000000000000e+04
-2.531000000000000000e+03,-1.428100000000000000e+04,-1.174200000000000000e+04,-1.526700000000000000e+04,-3.486000000000000000e+03,-9.360000000000000000e+02,-2.482000000000000000e+04,-3.155900000000000000e+04
-4.415000000000000000e+03,-1.018900000000000000e+04,-1.331000000000000000e+04,-2.710000000000000000e+02,-1.846100000000000000e+04,2.770000000000000000e+02,-2.406500000000000000e+04,-2.409800000000000000e+04
-1.562500000000000000e+04,-1.390100000000000000e+04,-1.187400000000000000e+04,-1.691900000000000000e+04,-1.584700000000000000e+04,-1.127100000000000000e+04,1.318500000000000000e+04,-1.835200000000000000e+04
-1.673400000000000000e+04,-1.282300000000000000e+04,-1.899200000000000000e+04,3.699000000000000000e+03,-2.159600000000000000e+04,-9.440000000000000000e+02,-2.254700000000000000e+04,-4.354800000000000000e+04
-6.857000000000000000e+03,-1.414000000000000000e+04,-1.423800000000000000e+04,-1.099400000000000000e+04,-2.837200000000000000e+04,8.726000000000000000e+03,-2.352100000000000000e+04,-3.653800000000000000e+04
-2.300900000000000000e+04,1.980000000000000000e+02,-1.500600000000000000e+04,-2.557800000000000000e+04,-3.016200000000000000e+04,-1.952400000000000000e+04,-7.488000000000000000e+03,-1.222100000000000000e+04
-3.485900000000000000e+04,-1.753900000000000000e+04,-1.175700000000000000e+04,-2.479200000000000000e+04,-2.869500000000000000e+04,-2.293300000000000000e+04,2.669100000000000000e+04,-1.870800000000000000e+04
-4.391000000000000000e+03,-1.740600000000000000e+04,-3.916000000000000000e+03,4.247000000000000000e+03,-8.953000000000000000e+03,1.823000000000000000e+03,-2.390800000000000000e+04,-1.283300000000000000e+04
-2.346000000000000000e+04,-1.424600000000000000e+04,-1.032400000000000000e+04,-2.183600000000000000e+04,-3.298600000000000000e+04,-2.400300000000000000e+04,-1.869700000000000000e+04,1.348600000000000000e+04
-2.650800000000000000e+04,-1.593300000000000000e+04,-1.110900000000000000e+04,-2.455600000000000000e+04,-2.492700000000000000e+04,-1.923400000000000000e+04,-2.067400000000000000e+04,2.139200000000000000e+04
-1.344000000000000000e+04,1.189000000000000000e+03,-2.435100000000000000e+04,-1.595700000000000000e+04,-3.960600000000000000e+04,-1.226700000000000000e+04,-4.077000000000000000e+03,-3.099100000000000000e+04
-3.408900000000000000e+04,-1.095300000000000000e+04,-1.695200000000000000e+04,-4.619000000000000000e+03,-3.666100000000000000e+04,-2.908000000000000000e+03,1.713200000000000000e+04,-2.487200000000000000e+04
-6.797000000000000000e+03,-8.647000000000000000e+03,-7.694000000000000000e+03,-1.246000000000000000e+03,-1.112700000000000000e+04,-1.019700000000000000e+04,-1.609300000000000000e+04,-3.982400000000000000e+04
-2.557800000000000000e+04,-1.142600000000000000e+04,-6.954000000000000000e+03,-2.150600000000000000e+04,-1.674100000000000000e+04,-2.001200000000000000e+04,1.625100000000000000e+04,-1.960900000000000000e+04
-2.044800000000000000e+04,-2.508900000000000000e+04,-8.749000000000000000e+03,-2.555000000000000000e+04,-2.833200000000000000e+04,-1.501300000000000000e+04,-1.828100000000000000e+04,9.531000000000000000e+03
-2.267600000000000000e+04,-2.157100000000000000e+04,-2.051300000000000000e+04,-2.991500000000000000e+04,-2.160500000000000000e+04,-2.025500000000000000e+04,-1.952200000000000000e+04,2.006300000000000000e+04
-1.608700000000000000e+04,-9.422000000000000000e+03,-1.770400000000000000e+04,-1.266000000000000000e+04,-1.640100000000000000e+04,-1.431300000000000000e+04,1.148400000000000000e+04,-1.271600000000000000e+04
-4.199000000000000000e+03,-1.299300000000000000e+04,-1.026100000000000000e+04,-1.062800000000000000e+04,-3.677000000000000000e+03,-5.677000000000000000e+03,-2.613300000000000000e+04,-2.951800000000000000e+04
-1.940000000000000000e+04,-1.178200000000000000e+04,-6.332000000000000000e+03,-4.113100000000000000e+04,-2.216200000000000000e+04,-3.431400000000000000e+04,-2.479000000000000000e+04,8.943000000000000000e+03
-1.821000000000000000e+04,-1.691700000000000000e+04,-5.752000000000000000e+03,-6.699000000000000000e+03,-1.303100000000000000e+04,-1.018800000000000000e+04,-1.006500000000000000e+04,-2.600800000000000000e+04
-1.016900000000000000e+04,1.744800000000000000e+04,-1.355800000000000000e+04,-1.558400000000000000e+04,-4.445600000000000000e+04,-2.090200000000000000e+04,-2.610600000000000000e+04,-3.292500000000000000e+04
-6.718000000000000000e+03,-1.070400000000000000e+04,-1.709800000000000000e+04,3.023000000000000000e+03,-1.137600000000000000e+04,2.302000000000000000e+03,-1.822600000000000000e+04,-2.077500000000000000e+04
-2.547500000000000000e+04,-1.183600000000000000e+04,-9.634000000000000000e+03,-2.582800000000000000e+04,-1.755200000000000000e+04,-2.798500000000000000e+04,-2.147000000000000000e+04,1.336800000000000000e+04
1.044600000000000000e+04,-2.116400000000000000e+04,-1.292900000000000000e+04,-1.875200000000000000e+04,1.077000000000000000e+03,-1.858800000000000000e+04,-3.040600000000000000e+04,-3.235700000000000000e+04
-1.978700000000000000e+04,-1.066800000000000000e+04,-1.450600000000000000e+04,-6.684000000000000000e+03,-2.298900000000000000e+04,-1.444800000000000000e+04,1.327600000000000000e+04,-1.484200000000000000e+04
-1.206700000000000000e+04,4.694000000000000000e+03,-6.638000000000000000e+03,-8.304000000000000000e+03,-1.801100000000000000e+04,-2.403400000000000000e+04,-4.945000000000000000e+03,-3.072400000000000000e+04
-2.756900000000000000e+04,-1.989200000000000000e+04,1.791000000000000000e+03,-2.086300000000000000e+04,-1.601100000000000000e+04,-2.817500000000000000e+04,-1.910700000000000000e+04,-4.500000000000000000e+02
-2.115800000000000000e+04,-1.807500000000000000e+04,-2.226100000000000000e+04,-5.451000000000000000e+03,-9.217000000000000000e+03,-1.082100000000000000e+04,-8.980000000000000000e+03,-3.174200000000000000e+04
-2.637100000000000000e+04,-1.536900000000000000e+04,-1.683500000000000000e+04,-2.727800000000000000e+04,-2.325300000000000000e+04,-1.825400000000000000e+04,2.389200000000000000e+04,-1.794200000000000000e+04
-2.378400000000000000e+04,-9.572000000000000000e+03,-8.555000000000000000e+03,-2.641300000000000000e+04,-1.348800000000000000e+04,-2.609000000000000000e+04,-2.451900000000000000e+04,1.385000000000000000e+04
-2.472300000000000000e+04,-2.723600000000000000e+04,-1.220300000000000000e+04,-3.674900000000000000e+04,-2.581400000000000000e+04,-3.050300000000000000e+04,-2.446600000000000000e+04,1.326500000000000000e+04
-3.609300000000000000e+04,-2.670100000000000000e+04,-6.968000000000000000e+03,-3.359100000000000000e+04,-2.792900000000000000e+04,-3.583500000000000000e+04,-2.259800000000000000e+04,1.705500000000000000e+04
-2.752000000000000000e+04,-2.302900000000000000e+04,-1.260200000000000000e+04,-2.324300000000000000e+04,-1.385000000000000000e+04,-2.064800000000000000e+04,-2.379500000000000000e+04,1.156400000000000000e+04
-1.277000000000000000e+03,1.137900000000000000e+04,-2.015800000000000000e+04,-1.430600000000000000e+04,-2.076100000000000000e+04,-1.953000000000000000e+04,-3.447600000000000000e+04,-2.043600000000000000e+04
-1.874800000000000000e+04,-1.849000000000000000e+04,-7.264000000000000000e+03,-6.944000000000000000e+03,-1.814100000000000000e+04,-2.587000000000000000e+04,1.238300000000000000e+04,-2.192000000000000000e+04
-1.343700000000000000e+04,-7.022000000000000000e+03,-1.956100000000000000e+04,-6.310000000000000000e+03,-1.479000000000000000e+04,-1.857000000000000000e+03,-9.361000000000000000e+03,-3.798200000000000000e+04
-9.834000000000000000e+03,1.591800000000000000e+04,-8.694000000000000000e+03,-1.458600000000000000e+04,-3.919500000000000000e+04,-1.360300000000000000e+04,-2.874700000000000000e+04,-3.651200000000000000e+04
-6.630000000000000000e+03,-1.394300000000000000e+04,-1.112900000000000000e+04,-3.610000000000000000e+03,-1.266500000000000000e+04,-4.799000000000000000e+03,-1.566200000000000000e+04,-2.148600000000000000e+04
-2.654700000000000000e+04,-9.313000000000000000e+03,-1.278800000000000000e+04,-1.153400000000000000e+04,-2.688300000000000000e+04,-7.026000000000000000e+03,1.370000000000000000e+02,-3.228400000000000000e+04
-7.069000000000000000e+03,-1.289700000000000000e+04,-5.124000000000000000e+03,-6.336000000000000000e+03,-5.228000000000000000e+03,1.035000000000000000e+03,-1.698800000000000000e+04,-3.630000000000000000e+03
-1.766400000000000000e+04,-6.937000000000000000e+03,-2.585400000000000000e+04,-1.662900000000000000e+04,-3.923700000000000000e+04,-1.036800000000000000e+04,7.586000000000000000e+03,-2.439500000000000000e+04
-1.135700000000000000e+04,-6.850000000000000000e+03,-1.113700000000000000e+04,-2.338300000000000000e+04,2.805000000000000000e+03,-7.714000000000000000e+03,-2.329200000000000000e+04,-1.861000000000000000e+03
-2.733600000000000000e+04,-1.835400000000000000e+04,-7.811000000000000000e+03,-3.807500000000000000e+04,-2.688700000000000000e+04,-2.352400000000000000e+04,-2.317900000000000000e+04,1.018100000000000000e+04
-1.931100000000000000e+04,-1.978300000000000000e+04,4.540000000000000000e+03,-2.001000000000000000e+04,-9.509000000000000000e+03,-2.533600000000000000e+04,-9.679000000000000000e+03,-1.555800000000000000e+04
-6.373000000000000000e+03,-1.418200000000000000e+04,-1.665800000000000000e+04,4.901000000000000000e+03,-9.128000000000000000e+03,-2.331000000000000000e+03,-1.544500000000000000e+04,-2.707900000000000000e+04
-9.463000000000000000e+03,-1.823600000000000000e+04,-1.655700000000000000e+04,-1.005100000000000000e+04,-2.651600000000000000e+04,1.913900000000000000e+04,-1.300900000000000000e+04,-2.864000000000000000e+04
-6.161000000000000000e+03,3.364000000000000000e+03,-1.377100000000000000e+04,-1.723900000000000000e+04,-2.886500000000000000e+04,-9.554000000000000000e+03,-1.606400000000000000e+04,-3.613500000000000000e+04
-3.298100000000000000e+04,2.897700000000000000e+04,-2.406200000000000000e+04,-2.247500000000000000e+04,-5.599600000000000000e+04,-2.603300000000000000e+04,-3.052900000000000000e+04,-2.230900000000000000e+04
-1.240700000000000000e+04,8.106000000000000000e+03,-2.062100000000000000e+04,-2.898600000000000000e+04,-4.686200000000000000e+04,-5.686000000000000000e+03,-3.263000000000000000e+04,-3.651000000000000000e+04
-3.969300000000000000e+04,-2.604200000000000000e+04,-1.190300000000000000e+04,-3.134700000000000000e+04,-2.537000000000000000e+04,-2.183900000000000000e+04,-2.536100000000000000e+04,1.612000000000000000e+04
-3.374000000000000000e+03,-1.289100000000000000e+04,-6.513000000000000000e+03,-8.800000000000000000e+01,-4.778000000000000000e+03,-1.157100000000000000e+04,-2.379000000000000000e+04,-3.306500000000000000e+04
-8.526000000000000000e+03,-2.615500000000000000e+04,-1.571300000000000000e+04,-1.777600000000000000e+04,1.113900000000000000e+04,-1.148500000000000000e+04,-3.535500000000000000e+04,-2.280400000000000000e+04
-1.069500000000000000e+04,-1.067900000000000000e+04,4.911000000000000000e+03,-1.967100000000000000e+04,-4.132000000000000000e+03,-1.722100000000000000e+04,-1.902300000000000000e+04,-9.475000000000000000e+03
-2.454600000000000000e+04,-6.743000000000000000e+03,-2.339700000000000000e+04,-1.255100000000000000e+04,-2.740900000000000000e+04,-1.876500000000000000e+04,1.615700000000000000e+04,-2.590200000000000000e+04
-2.167000000000000000e+04,-1.883100000000000000e+04,-3.434000000000000000e+03,-2.669300000000000000e+04,-1.775100000000000000e+04,-2.281800000000000000e+04,-1.819700000000000000e+04,5.972000000000000000e+03
-1.111000000000000000e+04,-4.555000000000000000e+03,-4.658000000000000000e+03,5.329000000000000000e+03,-2.658500000000000000e+04,-9.383000000000000000e+03,-1.003800000000000000e+04,-4.600300000000000000e+04
-2.440800000000000000e+04,-1.961000000000000000e+04,-1.850200000000000000e+04,-3.354500000000000000e+04,-2.874300000000000000e+04,-1.766300000000000000e+04,-2.633700000000000000e+04,1.248400000000000000e+04
-1.187500000000000000e+04,-1.788300000000000000e+04,-9.780000000000000000e+03,-1.094900000000000000e+04,-1.714500000000000000e+04,-1.416300000000000000e+04,-1.633000000000000000e+03,-2.274700000000000000e+04
-1.392500000000000000e+04,1.793800000000000000e+04,-2.638800000000000000e+04,-1.014400000000000000e+04,-2.977700000000000000e+04,-1.591100000000000000e+04,-1.207600000000000000e+04,-1.668900000000000000e+04
-1.491400000000000000e+04,-1.989800000000000000e+04,1.488200000000000000e+04,-1.306100000000000000e+04,-5.653000000000000000e+03,-2.991100000000000000e+04,-2.360200000000000000e+04,-9.091000000000000000e+03
-2.078000000000000000e+04,-4.145000000000000000e+03,-7.234000000000000000e+03,3.200000000000000000e+01,-1.694500000000000000e+04,-5.553000000000000000e+03,-1.577900000000000000e+04,-2.484100000000000000e+04
-2.240200000000000000e+04,-2.121100000000000000e+04,-5.555000000000000000e+03,-2.422700000000000000e+04,6.482000000000000000e+03,-2.402900000000000000e+04,-2.333100000000000000e+04,-1.319700000000000000e+04
-2.147000000000000000e+03,-1.656000000000000000e+03,-1.926800000000000000e+04,-1.476300000000000000e+04,-1.824100000000000000e+04,-2.960000000000000000e+02,-1.788700000000000000e+04,-1.725700000000000000e+04
-3.024000000000000000e+04,-1.048200000000000000e+04,-2.171700000000000000e+04,-1.686800000000000000e+04,-3.293200000000000000e+04,-5.489000000000000000e+03,2.039000000000000000e+03,-1.965500000000000000e+04
-3.141000000000000000e+04,-3.105000000000000000e+03,-4.834000000000000000e+03,-1.444500000000000000e+04,-2.512900000000000000e+04,-5.736000000000000000e+03,2.390000000000000000e+03,-2.190200000000000000e+04
-8.788000000000000000e+03,1.262200000000000000e+04,-1.469400000000000000e+04,-1.832500000000000000e+04,-3.280700000000000000e+04,-1.468900000000000000e+04,-1.799900000000000000e+04,-3.146100000000000000e+04
-3.137500000000000000e+04,-1.900600000000000000e+04,4.040000000000000000e+03,-2.330000000000000000e+04,-2.094300000000000000e+04,-2.167000000000000000e+04,-1.354100000000000000e+04,-4.723000000000000000e+03
-9.491000000000000000e+03,-1.308000000000000000e+04,-8.272000000000000000e+03,-3.057600000000000000e+04,-7.403000000000000000e+03,-2.453600000000000000e+04,-2.493100000000000000e+04,1.343600000000000000e+04
-2.555000000000000000e+03,1.916900000000000000e+04,-6.628000000000000000e+03,-3.392000000000000000e+04,-3.607700000000000000e+04,-1.318900000000000000e+04,-2.480000000000000000e+04,-2.993000000000000000e+04
-7.151000000000000000e+03,-2.114800000000000000e+04,-1.137600000000000000e+04,-2.324900000000000000e+04,1.534500000000000000e+04,-2.631300000000000000e+04,-3.538800000000000000e+04,-1.804400000000000000e+04
-8.635000000000000000e+03,-3.778000000000000000e+03,-4.516000000000000000e+03,4.573000000000000000e+03,-7.635000000000000000e+03,3.604000000000000000e+03,-2.488800000000000000e+04,-3.835000000000000000e+04
1.185400000000000000e+04,-2.663200000000000000e+04,-2.571900000000000000e+04,-1.027600000000000000e+04,-2.105400000000000000e+04,1.065400000000000000e+04,-3.385400000000000000e+04,-4.651500000000000000e+04
-6.074000000000000000e+03,1.379200000000000000e+04,-1.715100000000000000e+04,-1.699800000000000000e+04,-4.077600000000000000e+04,-1.474400000000000000e+04,-2.321500000000000000e+04,-2.067700000000000000e+04
-1.720900000000000000e+04,-1.078600000000000000e+04,-2.471800000000000000e+04,7.449000000000000000e+03,-3.962100000000000000e+04,1.093400000000000000e+04,-1.218800000000000000e+04,-3.622700000000000000e+04
-1.091400000000000000e+04,-2.299500000000000000e+04,-2.637100000000000000e+04,-2.014600000000000000e+04,-1.947500000000000000e+04,-1.945000000000000000e+04,-2.044400000000000000e+04,1.923100000000000000e+04
-1.454700000000000000e+04,-1.283500000000000000e+04,-2.446000000000000000e+03,-1.753600000000000000e+04,-1.904200000000000000e+04,-7.674000000000000000e+03,-1.136900000000000000e+04,8.258000000000000000e+03
-2.669700000000000000e+04,2.790000000000000000e+04,-1.750500000000000000e+04,-2.599900000000000000e+04,-4.094000000000000000e+04,-1.759800000000000000e+04,-2.639100000000000000e+04,-2.560500000000000000e+04
-1.318400000000000000e+04,6.414000000000000000e+03,-1.540000000000000000e+02,-1.381100000000000000e+04,-2.345500000000000000e+04,-8.938000000000000000e+03,-2.175400000000000000e+04,-1.421700000000000000e+04
1.830400000000000000e+04,-1.835300000000000000e+04,-2.249800000000000000e+04,-8.583000000000000000e+03,-9.290000000000000000e+02,-1.734500000000000000e+04,-2.687900000000000000e+04,-4.084900000000000000e+04
-1.589700000000000000e+04,-1.720500000000000000e+04,-2.167700000000000000e+04,-8.743000000000000000e+03,-1.323900000000000000e+04,6.440000000000000000e+02,-1.179000000000000000e+04,-1.607100000000000000e+04
-2.069700000000000000e+04,5.960000000000000000e+03,-2.490200000000000000e+04,-1.560500000000000000e+04,-4.695100000000000000e+04,4.831000000000000000e+03,-1.336000000000000000e+04,-2.567900000000000000e+04
-1.452500000000000000e+04,-1.272300000000000000e+04,-1.257200000000000000e+04,-4.505000000000000000e+03,-3.068400000000000000e+04,-8.420000000000000000e+02,-2.608800000000000000e+04,-3.289800000000000000e+04
3.580000000000000000e+02,-1.583100000000000000e+04,-1.613200000000000000e+04,1.448000000000000000e+03,-1.449400000000000000e+04,-2.228000000000000000e+03,-2.657600000000000000e+04,-3.293800000000000000e+04
-1.762400000000000000e+04,-7.949000000000000000e+03,-3.097000000000000000e+03,-2.940000000000000000e+02,-7.612000000000000000e+03,-9.541000000000000000e+03,-5.636000000000000000e+03,-2.286600000000000000e+04
-6.378000000000000000e+03,-7.960000000000000000e+03,-1.976600000000000000e+04,1.370000000000000000e+03,-2.294900000000000000e+04,1.263800000000000000e+04,-1.417400000000000000e+04,-1.300100000000000000e+04
-2.912100000000000000e+04,-1.468100000000000000e+04,-1.958800000000000000e+04,-3.163400000000000000e+04,-2.294800000000000000e+04,-2.168300000000000000e+04,-2.036700000000000000e+04,1.445300000000000000e+04
-1.264600000000000000e+04,-2.442000000000000000e+03,-1.134800000000000000e+04,-8.429000000000000000e+03,-2.226800000000000000e+04,-5.681000000000000000e+03,-5.616000000000000000e+03,-2.499400000000000000e+04
-1.061500000000000000e+04,-1.696200000000000000e+04,-1.608300000000000000e+04,-6.863000000000000000e+03,-2.288900000000000000e+04,1.017900000000000000e+04,-1.706400000000000000e+04,-3.147600000000000000e+04
-2.324700000000000000e+04,-2.817600000000000000e+04,-2.210000000000000000e+04,-2.075000000000000000e+03,-1.410100000000000000e+04,1.264200000000000000e+04,-1.315000000000000000e+04,-2.160800000000000000e+04
-1.256000000000000000e+03,-6.594000000000000000e+03,-1.524800000000000000e+04,2.520000000000000000e+02,-2.463600000000000000e+04,-2.497000000000000000e+03,-3.422900000000000000e+04,-2.857800000000000000e+04
-2.324200000000000000e+04,1.961700000000000000e+04,-1.344400000000000000e+04,-1.947500000000000000e+04,-3.410100000000000000e+04,-1.809200000000000000e+04,-2.427000000000000000e+04,-4.369900000000000000e+04
-1.796900000000000000e+04,-2.228200000000000000e+04,-8.292000000000000000e+03,-2.613100000000000000e+04,-2.383300000000000000e+04,-2.184300000000000000e+04,-1.757200000000000000e+04,1.986600000000000000e+04
-2.720800000000000000e+04,-6.292000000000000000e+03,-9.440000000000000000e+03,-2.061800000000000000e+04,-2.423300000000000000e+04,-1.689100000000000000e+04,8.226000000000000000e+03,-1.156000000000000000e+04
-1.760400000000000000e+04,-2.175600000000000000e+04,-8.538000000000000000e+03,-2.323000000000000000e+04,1.727700000000000000e+04,-2.621900000000000000e+04,-3.134500000000000000e+04,-8.662000000000000000e+03
-3.381500000000000000e+04,-1.019400000000000000e+04,-1.534200000000000000e+04,-1.028700000000000000e+04,-2.781000000000000000e+04,-2.143100000000000000e+04,1.460800000000000000e+04,-1.155900000000000000e+04
-9.767000000000000000e+03,-2.631500000000000000e+04,-8.857000000000000000e+03,-7.640000000000000000e+03,-3.093000000000000000e+03,-1.744500000000000000e+04,-2.941200000000000000e+04,-1.944600000000000000e+04
3.036000000000000000e+03,-1.468600000000000000e+04,-7.033000000000000000e+03,-7.568000000000000000e+03,6.500000000000000000e+01,-1.966300000000000000e+04,-2.085300000000000000e+04,-2.064300000000000000e+04
-1.637600000000000000e+04,1.282700000000000000e+04,-2.399200000000000000e+04,-1.608400000000000000e+04,-3.146800000000000000e+04,-2.275000000000000000e+03,-1.367000000000000000e+04,-4.012800000000000000e+04
-8.328000000000000000e+03,-1.016900000000000000e+04,-2.056400000000000000e+04,-2.168300000000000000e+04,-1.385400000000000000e+04,-1.320100000000000000e+04,-1.585100000000000000e+04,1.218100000000000000e+04
-1.352500000000000000e+04,-1.312500000000000000e+04,-1.523800000000000000e+04,-2.943100000000000000e+04,-1.450600000000000000e+04,-1.641600000000000000e+04,-2.099200000000000000e+04,1.560000000000000000e+04
-4.399600000000000000e+04,-4.957000000000000000e+03,-7.355000000000000000e+03,-5.025000000000000000e+03,-2.109000000000000000e+04,-1.169700000000000000e+04,7.494000000000000000e+03,-2.555500000000000000e+04
-9.346000000000000000e+03,-1.425800000000000000e+04,-1.262800000000000000e+04,4.026000000000000000e+03,-1.852900000000000000e+04,-7.116000000000000000e+03,-8.543000000000000000e+03,-2.222300000000000000e+04
1.161600000000000000e+04,-2.623900000000000000e+04,-2.145800000000000000e+04,-3.330000000000000000e+03,-2.385000000000000000e+04,-2.990000000000000000e+02,-3.304200000000000000e+04,-4.844700000000000000e+04
-1.524500000000000000e+04,-1.956300000000000000e+04,-7.167000000000000000e+03,-1.765100000000000000e+04,-5.868000000000000000e+03,-1.218300000000000000e+04,-1.930000000000000000e+04,-1.990500000000000000e+04
-7.434000000000000000e+03,-1.833300000000000000e+04,9.637000000000000000e+03,-2.141000000000000000e+04,6.140000000000000000e+02,-1.612300000000000000e+04,-2.000300000000000000e+04,-2.594200000000000000e+04
-1.655200000000000000e+04,3.129000000000000000e+03,-1.341200000000000000e+04,-2.159300000000000000e+04,-3.861400000000000000e+04,-1.878200000000000000e+04,-5.576000000000000000e+03,-3.752800000000000000e+04
2.164000000000000000e+03,-9.273000000000000000e+03,-1.787800000000000000e+04,-8.355000000000000000e+03,-1.307100000000000000e+04,-1.697200000000000000e+04,-1.035300000000000000e+04,-2.214900000000000000e+04
-5.286000000000000000e+03,-2.263500000000000000e+04,-2.330500000000000000e+04,-1.170900000000000000e+04,-1.656700000000000000e+04,1.801500000000000000e+04,-1.701000000000000000e+04,-1.923500000000000000e+04
-2.299000000000000000e+03,-2.154500000000000000e+04,-2.106100000000000000e+04,-2.883000000000000000e+03,-2.350200000000000000e+04,2.432800000000000000e+04,-1.491300000000000000e+04,-3.010300000000000000e+04
-2.593700000000000000e+04,-1.877400000000000000e+04,-1.224300000000000000e+04,1.139000000000000000e+03,-1.932000000000000000e+04,-3.167000000000000000e+03,-1.035300000000000000e+04,-3.889400000000000000e+04
-1.831700000000000000e+04,-2.125700000000000000e+04,-2.769800000000000000e+04,-2.459000000000000000e+03,-2.222700000000000000e+04,1.570100000000000000e+04,-8.400000000000000000e+03,-2.753700000000000000e+04
-1.927600000000000000e+04,3.208600000000000000e+04,-2.752200000000000000e+04,-2.615300000000000000e+04,-4.057200000000000000e+04,-1.601200000000000000e+04,-3.668100000000000000e+04,-3.309800000000000000e+04
-1.927700000000000000e+04,-1.791300000000000000e+04,-1.652400000000000000e+04,-2.913200000000000000e+04,-2.394000000000000000e+04,-2.294700000000000000e+04,-1.863000000000000000e+04,2.340100000000000000e+04
-1.604700000000000000e+04,7.429000000000000000e+03,-1.908200000000000000e+04,-1.075900000000000000e+04,-4.745100000000000000e+04,-2.380000000000000000e+02,-3.042300000000000000e+04,-1.854500000000000000e+04
1.912000000000000000e+03,-1.583300000000000000e+04,-2.089000000000000000e+03,-7.130000000000000000e+03,-9.219000000000000000e+03,-7.865000000000000000e+03,-2.331000000000000000e+04,-3.849000000000000000e+04
-2.860100000000000000e+04,-2.420100000000000000e+04,2.248200000000000000e+04,-3.275000000000000000e+04,-2.519200000000000000e+04,-3.112800000000000000e+04,-8.311000000000000000e+03,-5.039000000000000000e+03
-1.498300000000000000e+04,-1.740400000000000000e+04,-8.369000000000000000e+03,-9.138000000000000000e+03,6.692000000000000000e+03,-2.365700000000000000e+04,-2.840000000000000000e+04,-1.919900000000000000e+04
-1.268400000000000000e+04,-1.657500000000000000e+04,-1.227000000000000000e+03,-1.878900000000000000e+04,-4.544000000000000000e+03,-3.219900000000000000e+04,-3.065300000000000000e+04,-9.146000000000000000e+03
-2.977000000000000000e+04,-1.852500000000000000e+04,-1.563500000000000000e+04,-2.866100000000000000e+04,-1.764000000000000000e+04,-1.859700000000000000e+04,-1.561100000000000000e+04,1.683000000000000000e+04
-1.891700000000000000e+04,2.507900000000000000e+04,-1.721700000000000000e+04,-2.467200000000000000e+04,-4.254600000000000000e+04,-2.179900000000000000e+04,-2.398000000000000000e+04,-3.777600000000000000e+04
-2.434100000000000000e+04,-2.187700000000000000e+04,1.273100000000000000e+04,-1.012600000000000000e+04,-1.818000000000000000e+04,-3.266500000000000000e+04,-1.303600000000000000e+04,-8.443000000000000000e+03
1.518000000000000000e+03,-2.005500000000000000e+04,-2.190000000000000000e+03,-5.384000000000000000e+03,-1.109100000000000000e+04,-1.678800000000000000e+04,-2.078700000000000000e+04,-2.575400000000000000e+04
-1.526500000000000000e+04,1.381900000000000000e+04,-2.135200000000000000e+04,-6.578000000000000000e+03,-4.777800000000000000e+04,-1.063600000000000000e+04,-2.473500000000000000e+04,-2.708100000000000000e+04
-1.735000000000000000e+04,-1.370300000000000000e+04,-7.580000000000000000e+03,1.666000000000000000e+03,-2.897600000000000000e+04,3.415000000000000000e+03,-1.356500000000000000e+04,-2.819200000000000000e+04
-2.281300000000000000e+04,-4.086000000000000000e+03,-2.150200000000000000e+04,-9.730000000000000000e+02,-2.828600000000000000e+04,-1.182500000000000000e+04,5.465000000000000000e+03,-1.801100000000000000e+04
-1.343200000000000000e+04,-1.925700000000000000e+04,-5.693000000000000000e+03,-2.062900000000000000e+04,-2.260600000000000000e+04,-1.947800000000000000e+04,6.736000000000000000e+03,-2.072600000000000000e+04
-3.009100000000000000e+04,-2.619300000000000000e+04,-7.134000000000000000e+03,-3.360300000000000000e+04,-3.781600000000000000e+04,-1.895000000000000000e+04,-2.525900000000000000e+04,1.247200000000000000e+04
2.593000000000000000e+03,-1.683300000000000000e+04,-1.924500000000000000e+04,1.176000000000000000e+03,-2.962600000000000000e+04,-2.752000000000000000e+03,-3.411900000000000000e+04,-3.931200000000000000e+04
-1.555900000000000000e+04,-1.942900000000000000e+04,-1.929800000000000000e+04,-7.416000000000000000e+03,-1.821800000000000000e+04,8.750000000000000000e+03,-1.481300000000000000e+04,-1.099900000000000000e+04
-1.390700000000000000e+04,-1.004300000000000000e+04,-7.757000000000000000e+03,-5.002000000000000000e+03,-1.973500000000000000e+04,-4.745000000000000000e+03,-2.356000000000000000e+04,-4.417700000000000000e+04
-2.450500000000000000e+04,-5.967000000000000000e+03,-1.819300000000000000e+04,-1.236700000000000000e+04,-2.636800000000000000e+04,-1.627500000000000000e+04,1.306900000000000000e+04,-1.832700000000000000e+04
-1.719200000000000000e+04,-1.456500000000000000e+04,-1.253100000000000000e+04,-1.875800000000000000e+04,7.062000000000000000e+03,-1.939400000000000000e+04,-2.252800000000000000e+04,-6.208000000000000000e+03
6.891000000000000000e+03,-9.966000000000000000e+03,-1.425100000000000000e+04,-4.390000000000000000e+02,-4.413000000000000000e+03,-1.185900000000000000e+04,-2.199800000000000000e+04,-2.952100000000000000e+04
-2.864600000000000000e+04,-1.637800000000000000e+04,5.030000000000000000e+03,-2.571000000000000000e+04,-1.830700000000000000e+04,-3.461600000000000000e+04,-2.067500000000000000e+04,1.130700000000000000e+04
-2.022900000000000000e+04,-1.830400000000000000e+04,-4.833000000000000000e+03,-3.029900000000000000e+04,-1.740200000000000000e+04,-1.462100000000000000e+04,1.553000000000000000e+04,-6.671000000000000000e+03
-3.429000000000000000e+03,-1.170200000000000000e+04,-9.294000000000000000e+03,4.499000000000000000e+03,-2.284800000000000000e+04,-9.301000000000000000e+03,-2.004000000000000000e+04,-3.536800000000000000e+04
-2.152600000000000000e+04,-1.911800000000000000e+04,-4.692000000000000000e+03,-3.427000000000000000e+04,-2.387000000000000000e+04,-2.349800000000000000e+04,1.176200000000000000e+04,-1.120500000000000000e+04
-4.029000000000000000e+03,-1.196200000000000000e+04,-1.077300000000000000e+04,7.008000000000000000e+03,-2.139600000000000000e+04,1.185000000000000000e+03,-2.225000000000000000e+04,-5.204300000000000000e+04
-2.821100000000000000e+04,-6.927000000000000000e+03,-6.018000000000000000e+03,-3.611200000000000000e+04,-2.166700000000000000e+04,-2.677400000000000000e+04,-2.216500000000000000e+04,1.244300000000000000e+04
-1.669500000000000000e+04,-1.715900000000000000e+04,3.563000000000000000e+03,-3.198100000000000000e+04,-1.352000000000000000e+04,-1.138200000000000000e+04,8.315000000000000000e+03,-1.317000000000000000e+04
-7.796000000000000000e+03,-1.570500000000000000e+04,-1.726600000000000000e+04,-1.146400000000000000e+04,-2.078800000000000000e+04,8.193000000000000000e+03,-2.316000000000000000e+04,-2.257000000000000000e+04
-1.699200000000000000e+04,-1.701600000000000000e+04,-1.270600000000000000e+04,-2.214500000000000000e+04,-2.235700000000000000e+04,-2.269200000000000000e+04,1.394700000000000000e+04,-2.813100000000000000e+04
-1.899800000000000000e+04,-2.486700000000000000e+04,-1.646800000000000000e+04,-3.481100000000000000e+04,-2.425000000000000000e+04,-1.819300000000000000e+04,-2.168000000000000000e+04,1.725000000000000000e+04
-2.971000000000000000e+03,-1.521400000000000000e+04,-7.876000000000000000e+03,-7.153000000000000000e+03,-4.692000000000000000e+03,-1.695000000000000000e+04,-2.507300000000000000e+04,-3.120600000000000000e+04
-6.100000000000000000e+02,-1.428400000000000000e+04,-2.692600000000000000e+04,6.728000000000000000e+03,-3.333700000000000000e+04,-7.620000000000000000e+03,-2.659000000000000000e+04,-3.449800000000000000e+04
-1.039300000000000000e+04,2.201000000000000000e+04,-2.169700000000000000e+04,-2.168900000000000000e+04,-4.116200000000000000e+04,-2.270600000000000000e+04,-1.465800000000000000e+04,-3.438000000000000000e+04
-6.679000000000000000e+03,-1.243400000000000000e+04,-1.250500000000000000e+04,5.222000000000000000e+03,-2.003700000000000000e+04,-1.054500000000000000e+04,-1.546700000000000000e+04,-1.618200000000000000e+04
-1.803000000000000000e+04,-1.385300000000000000e+04,-1.275700000000000000e+04,-7.821000000000000000e+03,-2.707400000000000000e+04,-1.339200000000000000e+04,9.887000000000000000e+03,-9.956000000000000000e+03
1.800000000000000000e+02,-2.057700000000000000e+04,-1.518800000000000000e+04,-4.281000000000000000e+03,-3.049200000000000000e+04,1.222600000000000000e+04,-2.689600000000000000e+04,-3.764100000000000000e+04
-1.080000000000000000e+04,-1.138000000000000000e+04,-1.627000000000000000e+04,-4.400000000000000000e+03,-1.435600000000000000e+04,8.261000000000000000e+03,-2.414500000000000000e+04,-2.049200000000000000e+04
-9.556000000000000000e+03,1.675000000000000000e+04,-2.009800000000000000e+04,-1.602200000000000000e+04,-3.695200000000000000e+04,-2.215100000000000000e+04,-3.032300000000000000e+04,-3.198200000000000000e+04
-1.864400000000000000e+04,-2.044700000000000000e+04,-1.784800000000000000e+04,-2.709600000000000000e+04,-2.315100000000000000e+04,-2.281700000000000000e+04,-2.132200000000000000e+04,1.955700000000000000e+04
-2.459600000000000000e+04,-1.418300000000000000e+04,-1.805400000000000000e+04,-2.302800000000000000e+04,-1.753400000000000000e+04,-1.454000000000000000e+04,-5.884000000000000000e+03,7.074000000000000000e+03
-7.904000000000000000e+03,2.414300000000000000e+04,-2.694100000000000000e+04,-2.418600000000000000e+04,-4.013900000000000000e+04,-2.108300000000000000e+04,-2.404400000000000000e+04,-3.833500000000000000e+04
-2.229000000000000000e+03,-7.624000000000000000e+03,-1.180600000000000000e+04,1.956000000000000000e+03,-1.944900000000000000e+04,-1.409400000000000000e+04,-2.740800000000000000e+04,-2.822400000000000000e+04
-2.154200000000000000e+04,-1.015000000000000000e+04,-1.733700000000000000e+04,2.932000000000000000e+03,-2.332400000000000000e+04,-4.672000000000000000e+03,-1.433000000000000000e+04,-1.872700000000000000e+04
-2.988300000000000000e+04,-2.285100000000000000e+04,-8.825000000000000000e+03,-3.694100000000000000e+04,-3.116000000000000000e+04,-1.498900000000000000e+04,-1.576200000000000000e+04,1.074400000000000000e+04
-3.880000000000000000e+02,-1.505400000000000000e+04,-8.794000000000000000e+03,-1.308300000000000000e+04,5.780000000000000000e+03,-1.102800000000000000e+04,-1.928200000000000000e+04,-1.829500000000000000e+04
1.603600000000000000e+04,-1.765500000000000000e+04,-1.510800000000000000e+04,-1.577400000000000000e+04,-1.922500000000000000e+04,-1.344000000000000000e+03,-2.657100000000000000e+04,-4.039900000000000000e+04
-2.086000000000000000e+04,-8.698000000000000000e+03,-6.030000000000000000e+03,-1.599600000000000000e+04,-6.359000000000000000e+03,-1.759900000000000000e+04,-2.609000000000000000e+03,-1.898400000000000000e+04
2.166000000000000000e+03,-4.042000000000000000e+03,-2.366000000000000000e+04,-2.026200000000000000e+04,-3.253500000000000000e+04,1.772000000000000000e+03,-2.237600000000000000e+04,-3.372200000000000000e+04
-9.838000000000000000e+03,-1.313800000000000000e+04,-1.185500000000000000e+04,-1.411700000000000000e+04,6.622000000000000000e+03,-1.332300000000000000e+04,-1.324400000000000000e+04,5.260000000000000000e+02
-1.527000000000000000e+04,3.452000000000000000e+03,-1.312700000000000000e+04,-1.227100000000000000e+04,-2.935000000000000000e+04,-1.716000000000000000e+03,-9.529000000000000000e+03,-2.848500000000000000e+04
-1.200000000000000000e+03,1.874200000000000000e+04,-2.307300000000000000e+04,-2.609500000000000000e+04,-3.832400000000000000e+04,1.287000000000000000e+03,-2.306700000000000000e+04,-3.042300000000000000e+04
-2.764500000000000000e+04,-2.781200000000000000e+04,-1.084100000000000000e+04,-1.855800000000000000e+04,-2.386600000000000000e+04,-2.965000000000000000e+04,-2.139400000000000000e+04,8.740000000000000000e+03
-2.130100000000000000e+04,-3.397000000000000000e+03,-1.093200000000000000e+04,-3.593000000000000000e+03,-3.240800000000000000e+04,-1.879000000000000000e+03,-1.377000000000000000e+04,-4.581000000000000000e+04
-1.726300000000000000e+04,1.354500000000000000e+04,-8.001000000000000000e+03,-1.496000000000000000e+04,-3.149600000000000000e+04,-1.625100000000000000e+04,-1.996800000000000000e+04,-4.446100000000000000e+04
-1.211300000000000000e+04,1.561000000000000000e+04,-1.481800000000000000e+04,-2.071200000000000000e+04,-3.480200000000000000e+04,-2.224200000000000000e+04,-8.129000000000000000e+03,-2.856000000000000000e+04
-2.854100000000000000e+04,-2.084000000000000000e+04,-1.323100000000000000e+04,-2.673000000000000000e+04,-2.340200000000000000e+04,-9.024000000000000000e+03,9.204000000000000000e+03,-1.550900000000000000e+04
-7.392000000000000000e+03,-7.747000000000000000e+03,-2.056800000000000000e+04,-4.155000000000000000e+03,-2.303300000000000000e+04,8.014000000000000000e+03,-2.037800000000000000e+04,-2.642100000000000000e+04
-2.878000000000000000e+04,-1.104900000000000000e+04,-6.099000000000000000e+03,-2.545000000000000000e+04,-2.064800000000000000e+04,-1.614600000000000000e+04,9.749000000000000000e+03,-2.324500000000000000e+04
8.765000000000000000e+03,-2.043700000000000000e+04,-1.956200000000000000e+04,-2.070300000000000000e+04,-4.769000000000000000e+03,8.734000000000000000e+03,-2.992000000000000000e+04,-2.539200000000000000e+04
-2.013400000000000000e+04,-1.203800000000000000e+04,-1.340300000000000000e+04,-1.264600000000000000e+04,-3.126800000000000000e+04,-1.055600000000000000e+04,4.784000000000000000e+03,-2.751100000000000000e+04
-2.617600000000000000e+04,1.271600000000000000e+04,-1.494400000000000000e+04,-2.014200000000000000e+04,-3.084700000000000000e+04,-2.213100000000000000e+04,-1.491400000000000000e+04,-2.228500000000000000e+04
-1.168000000000000000e+04,-1.197600000000000000e+04,-1.708500000000000000e+04,-1.846100000000000000e+04,-2.704000000000000000e+04,1.433700000000000000e+04,-1.313300000000000000e+04,-1.936400000000000000e+04
-1.828000000000000000e+04,1.008100000000000000e+04,-1.204900000000000000e+04,-2.601100000000000000e+04,-2.040700000000000000e+04,-2.548400000000000000e+04,-1.638600000000000000e+04,-3.179200000000000000e+04
-1.754300000000000000e+04,-1.376200000000000000e+04,-2.429000000000000000e+03,-1.525800000000000000e+04,-8.969000000000000000e+03,-2.210300000000000000e+04,-1.661400000000000000e+04,9.956000000000000000e+03
-1.775300000000000000e+04,-1.985500000000000000e+04,-6.596000000000000000e+03,-2.775600000000000000e+04,-2.081300000000000000e+04,-2.203100000000000000e+04,-1.846100000000000000e+04,2.091300000000000000e+04
-1.145400000000000000e+04,-1.078300000000000000e+04,-1.491700000000000000e+04,-1.713000000000000000e+03,-3.608700000000000000e+04,1.189000000000000000e+04,-2.461900000000000000e+04,-4.069800000000000000e+04
-2.065400000000000000e+04,-1.777200000000000000e+04,-1.668000000000000000e+03,-1.096600000000000000e+04,-1.299500000000000000e+04,-2.024400000000000000e+04,-1.033600000000000000e+04,1.420000000000000000e+02
-4.263000000000000000e+03,-1.180300000000000000e+04,-1.013800000000000000e+04,-2.551800000000000000e+04,-1.901100000000000000e+04,-2.263700000000000000e+04,3.761000000000000000e+03,-1.077000000000000000e+04
-6.763000000000000000e+03,-1.443700000000000000e+04,-1.244100000000000000e+04,-1.174400000000000000e+04,-7.006000000000000000e+03,-5.196000000000000000e+03,-1.036000000000000000e+04,-1.616300000000000000e+04
-9.923000000000000000e+03,-1.403000000000000000e+04,-1.155800000000000000e+04,7.455000000000000000e+03,-2.937200000000000000e+04,-9.002000000000000000e+03,-1.452600000000000000e+04,-3.292200000000000000e+04
-1.481100000000000000e+04,-3.112600000000000000e+04,-1.172100000000000000e+04,-1.726800000000000000e+04,-2.151900000000000000e+04,-1.513100000000000000e+04,-1.311200000000000000e+04,1.601000000000000000e+04
-2.380800000000000000e+04,-9.647000000000000000e+03,-2.393200000000000000e+04,-1.659500000000000000e+04,-2.208600000000000000e+04,-1.094500000000000000e+04,8.186000000000000000e+03,-1.521000000000000000e+04
-1.090000000000000000e+02,-2.401400000000000000e+04,-1.079300000000000000e+04,-1.094100000000000000e+04,2.472000000000000000e+03,-1.393000000000000000e+04,-3.056000000000000000e+04,-2.619200000000000000e+04
-1.604200000000000000e+04,-8.526000000000000000e+03,-1.088600000000000000e+04,-7.221000000000000000e+03,-1.532100000000000000e+04,-1.895500000000000000e+04,5.941000000000000000e+03,-2.816100000000000000e+04
6.392000000000000000e+03,-1.601900000000000000e+04,-9.361000000000000000e+03,-8.198000000000000000e+03,-6.196000000000000000e+03,-1.182900000000000000e+04,-1.762700000000000000e+04,-2.654700000000000000e+04
2.388000000000000000e+03,-2.054800000000000000e+04,3.045000000000000000e+03,-1.970500000000000000e+04,1.957000000000000000e+03,-3.234500000000000000e+04,-2.443200000000000000e+04,-1.875700000000000000e+04
-2.308400000000000000e+04,8.156000000000000000e+03,-1.090100000000000000e+04,-1.851500000000000000e+04,-4.137100000000000000e+04,-6.131000000000000000e+03,-7.936000000000000000e+03,-3.448400000000000000e+04
-7.352000000000000000e+03,2.700000000000000000e+04,-1.866200000000000000e+04,-2.249500000000000000e+04,-5.054100000000000000e+04,-2.034300000000000000e+04,-2.413800000000000000e+04,-3.568300000000000000e+04
-1.918100000000000000e+04,-1.140600000000000000e+04,-2.361300000000000000e+04,-1.815000000000000000e+04,-2.443700000000000000e+04,-1.378100000000000000e+04,1.635000000000000000e+04,-1.178400000000000000e+04
-1.950800000000000000e+04,-7.817000000000000000e+03,-2.140800000000000000e+04,-3.793000000000000000e+03,-2.082700000000000000e+04,-5.769000000000000000e+03,7.017000000000000000e+03,-2.338800000000000000e+04
-1.816800000000000000e+04,1.806300000000000000e+04,-1.356300000000000000e+04,-2.504900000000000000e+04,-4.244200000000000000e+04,-1.415400000000000000e+04,-2.410000000000000000e+04,-3.324500000000000000e+04
1.264000000000000000e+03,-2.511900000000000000e+04,-1.892800000000000000e+04,-1.992400000000000000e+04,1.012800000000000000e+04,-1.411100000000000000e+04,-2.573600000000000000e+04,-1.749600000000000000e+04
3.804000000000000000e+03,-9.550000000000000000e+03,-2.397300000000000000e+04,-6.142000000000000000e+03,-3.024100000000000000e+04,-1.430000000000000000e+02,-1.922000000000000000e+04,-3.349300000000000000e+04
-4.499000000000000000e+03,-2.120100000000000000e+04,-9.527000000000000000e+03,-1.586700000000000000e+04,7.041000000000000000e+03,-1.738600000000000000e+04,-3.617900000000000000e+04,-2.064700000000000000e+04
-1.780400000000000000e+04,1.201000000000000000e+04,-1.797800000000000000e+04,-1.052700000000000000e+04,-3.946600000000000000e+04,-2.525000000000000000e+03,-2.502800000000000000e+04,-2.770900000000000000e+04
-1.792900000000000000e+04,-1.433500000000000000e+04,-1.608600000000000000e+04,-2.919000000000000000e+04,-1.127100000000000000e+04,-1.926800000000000000e+04,2.045300000000000000e+04,-1.191900000000000000e+04
-1.485000000000000000e+04,-1.961400000000000000e+04,-3.798000000000000000e+03,-1.169400000000000000e+04,-7.736000000000000000e+03,-5.071000000000000000e+03,1.115000000000000000e+03,-2.667800000000000000e+04
1.121500000000000000e+04,-1.225100000000000000e+04,-1.687400000000000000e+04,5.282000000000000000e+03,-1.315300000000000000e+04,-2.690000000000000000e+03,-3.089700000000000000e+04,-3.741600000000000000e+04
5.143000000000000000e+03,-2.187600000000000000e+04,-1.411500000000000000e+04,-1.013000000000000000e+04,-1.278700000000000000e+04,-5.085000000000000000e+03,-2.272900000000000000e+04,-3.984900000000000000e+04
-1.748800000000000000e+04,-1.169300000000000000e+04,-3.420000000000000000e+03,-1.628800000000000000e+04,-2.655800000000000000e+04,-1.520300000000000000e+04,9.181000000000000000e+03,-1.144500000000000000e+04
-6.599000000000000000e+03,-3.322000000000000000e+03,-1.492600000000000000e+04,-9.577000000000000000e+03,-1.659200000000000000e+04,-1.343000000000000000e+03,-1.948600000000000000e+04,-2.449200000000000000e+04
-2.196100000000000000e+04,-1.609800000000000000e+04,-2.195800000000000000e+04,1.750000000000000000e+03,-3.239700000000000000e+04,7.738000000000000000e+03,-1.941700000000000000e+04,-2.920200000000000000e+04
-1.299300000000000000e+04,-8.702000000000000000e+03,-1.559200000000000000e+04,-1.141800000000000000e+04,-1.719700000000000000e+04,1.336000000000000000e+04,-2.062800000000000000e+04,-2.228700000000000000e+04
-1.759700000000000000e+04,-1.512600000000000000e+04,2.132000000000000000e+03,-1.261500000000000000e+04,-9.670000000000000000e+02,-2.471200000000000000e+04,-2.842300000000000000e+04,-1.916500000000000000e+04
-1.512200000000000000e+04,1.328000000000000000e+03,-1.498700000000000000e+04,-1.305400000000000000e+04,-2.343800000000000000e+04,-1.534900000000000000e+04,-1.198200000000000000e+04,-3.873000000000000000e+03
-1.896900000000000000e+04,-2.755900000000000000e+04,-2.360000000000000000e+03,-1.296100000000000000e+04,8.793000000000000000e+03,-3.542900000000000000e+04,-2.839400000000000000e+04,-1.656300000000000000e+04
-1.798600000000000000e+04,-1.236200000000000000e+04,-2.104300000000000000e+04,-2.940900000000000000e+04,-2.381400000000000000e+04,-2.338000000000000000e+04,-2.131300000000000000e+04,1.472500000000000000e+04
-2.973400000000000000e+04,-2.164200000000000000e+04,-1.624000000000000000e+03,-2.623100000000000000e+04,-3.207100000000000000e+04,-2.636400000000000000e+04,-1.719700000000000000e+04,7.954000000000000000e+03
3.496000000000000000e+03,-3.342000000000000000e+03,-1.603600000000000000e+04,-5.600000000000000000e+01,-1.982100000000000000e+04,-2.421300000000000000e+04,-1.745800000000000000e+04,-2.550800000000000000e+04
-1.049300000000000000e+04,1.925100000000000000e+04,-2.306700000000000000e+04,-2.526000000000000000e+04,-3.075600000000000000e+04,2.660000000000000000e+02,-2.891900000000000000e+04,-1.883300000000000000e+04
-2.437800000000000000e+04,2.198500000000000000e+04,-1.690600000000000000e+04,-2.203000000000000000e+04,-2.469500000000000000e+04,-1.545500000000000000e+04,-1.218300000000000000e+04,-2.048900000000000000e+04
-1.556500000000000000e+04,-1.664300000000000000e+04,-1.220000000000000000e+02,-2.610300000000000000e+04,-1.171200000000000000e+04,-2.565000000000000000e+04,-1.720200000000000000e+04,-9.374000000000000000e+03
-2.098000000000000000e+04,-1.783100000000000000e+04,5.000000000000000000e+02,-1.863800000000000000e+04,-1.353100000000000000e+04,-1.867000000000000000e+04,-8.190000000000000000e+02,-1.816600000000000000e+04
-2.244400000000000000e+04,-3.790000000000000000e+02,-2.328200000000000000e+04,-1.762000000000000000e+04,-3.004300000000000000e+04,-1.386500000000000000e+04,7.947000000000000000e+03,-2.859600000000000000e+04
-1.315200000000000000e+04,-1.167000000000000000e+04,1.874000000000000000e+03,-2.765500000000000000e+04,-1.683000000000000000e+04,-2.899100000000000000e+04,-8.347000000000000000e+03,1.834000000000000000e+03
-2.433100000000000000e+04,3.031800000000000000e+04,-1.969600000000000000e+04,-1.717400000000000000e+04,-3.600200000000000000e+04,-2.562600000000000000e+04,-2.453800000000000000e+04,-3.876600000000000000e+04
-1.165800000000000000e+04,-1.169900000000000000e+04,-2.219400000000000000e+04,-8.407000000000000000e+03,-8.780000000000000000e+02,-6.025000000000000000e+03,-7.852000000000000000e+03,-2.957700000000000000e+04
-2.335200000000000000e+04,2.012100000000000000e+04,-2.758700000000000000e+04,-1.886900000000000000e+04,-4.527500000000000000e+04,-1.875100000000000000e+04,-1.765800000000000000e+04,-2.280900000000000000e+04
-3.618000000000000000e+03,-1.865000000000000000e+03,-1.569500000000000000e+04,-2.471000000000000000e+04,-1.929000000000000000e+04,-1.213900000000000000e+04,-6.808000000000000000e+03,-2.638000000000000000e+04
-2.029600000000000000e+04,-1.372900000000000000e+04,-7.199000000000000000e+03,-1.907600000000000000e+04,-9.624000000000000000e+03,-1.373900000000000000e+04,2.038600000000000000e+04,-1.373900000000000000e+04
-8.278000000000000000e+03,-7.666000000000000000e+03,-1.579800000000000000e+04,-2.422600000000000000e+04,-2.553200000000000000e+04,-1.219800000000000000e+04,-1.872900000000000000e+04,1.155100000000000000e+04
-2.059600000000000000e+04,7.110000000000000000e+02,-1.352200000000000000e+04,-1.717200000000000000e+04,-3.428600000000000000e+04,-7.414000000000000000e+03,-9.473000000000000000e+03,-3.575000000000000000e+04
-2.860700000000000000e+04,-2.207500000000000000e+04,-8.118000000000000000e+03,-2.310500000000000000e+04,-1.462300000000000000e+04,-2.083200000000000000e+04,1.779500000000000000e+04,-1.670700000000000000e+04
-2.377200000000000000e+04,-1.823800000000000000e+04,-1.149000000000000000e+03,-1.026800000000000000e+04,-1.180700000000000000e+04,-2.772600000000000000e+04,-1.644700000000000000e+04,-3.046000000000000000e+03
-2.655100000000000000e+04,-1.600500000000000000e+04,-9.768000000000000000e+03,-1.677500000000000000e+04,-2.628100000000000000e+04,-2.863300000000000000e+04,1.622700000000000000e+04,-3.196200000000000000e+04
1.972800000000000000e+04,-1.759900000000000000e+04,-1.480300000000000000e+04,-1.570600000000000000e+04,-1.528800000000000000e+04,3.436000000000000000e+03,-2.861800000000000000e+04,-4.053700000000000000e+04
7.182000000000000000e+03,-1.177800000000000000e+04,-2.322800000000000000e+04,-1.483900000000000000e+04,3.342000000000000000e+03,-2.698100000000000000e+04,-2.772000000000000000e+04,-2.783900000000000000e+04
-6.097000000000000000e+03,-7.012000000000000000e+03,-1.338700000000000000e+04,-9.716000000000000000e+03,-2.437500000000000000e+04,5.729000000000000000e+03,-1.960100000000000000e+04,-4.314700000000000000e+04
-3.832900000000000000e+04,-3.470700000000000000e+04,3.333000000000000000e+03,-4.253300000000000000e+04,-2.762400000000000000e+04,-3.351200000000000000e+04,-2.486600000000000000e+04,9.057000000000000000e+03
-2.589200000000000000e+04,-2.016000000000000000e+04,-1.707900000000000000e+04,-2.343200000000000000e+04,-3.032100000000000000e+04,-1.202100000000000000e+04,1.310700000000000000e+04,-2.446500000000000000e+04
-5.380000000000000000e+02,-1.640800000000000000e+04,-1.364200000000000000e+04,-8.755000000000000000e+03,-1.111800000000000000e+04,1.528200000000000000e+04,-1.390900000000000000e+04,-3.718000000000000000e+04
-1.379400000000000000e+04,-2.294100000000000000e+04,-6.957000000000000000e+03,-2.151900000000000000e+04,2.334000000000000000e+03,-2.705400000000000000e+04,-2.215100000000000000e+04,-9.560000000000000000e+02
1.103300000000000000e+04,-1.366100000000000000e+04,-1.857700000000000000e+04,-3.442000000000000000e+03,-1.291800000000000000e+04,-3.611000000000000000e+03,-1.799000000000000000e+04,-2.709700000000000000e+04
-1.822000000000000000e+04,-1.520700000000000000e+04,-2.000600000000000000e+04,-2.677700000000000000e+04,-1.604500000000000000e+04,-1.704800000000000000e+04,-1.751700000000000000e+04,1.998100000000000000e+04
-2.604500000000000000e+04,-1.523200000000000000e+04,-7.045000000000000000e+03,-2.220800000000000000e+04,-1.957200000000000000e+04,-9.901000000000000000e+03,1.339700000000000000e+04,-2.284000000000000000e+04
-2.272200000000000000e+04,-2.014600000000000000e+04,-2.104200000000000000e+04,-2.901400000000000000e+04,-1.466600000000000000e+04,-2.014100000000000000e+04,-2.004900000000000000e+04,1.653300000000000000e+04
-6.820000000000000000e+03,-1.904200000000000000e+04,-5.357000000000000000e+03,-1.510200000000000000e+04,1.301800000000000000e+04,-5.847000000000000000e+03,-1.044000000000000000e+04,-2.732800000000000000e+04
-2.166200000000000000e+04,-1.051700000000000000e+04,-7.827000000000000000e+03,-2.912000000000000000e+04,-2.896400000000000000e+04,-3.185400000000000000e+04,-3.163600000000000000e+04,7.266000000000000000e+03
-2.185300000000000000e+04,-1.869600000000000000e+04,-1.840000000000000000e+03,-2.847400000000000000e+04,-1.183500000000000000e+04,-4.321400000000000000e+04,-3.469900000000000000e+04,1.787600000000000000e+04
-1.678700000000000000e+04,1.253700000000000000e+04,-1.311900000000000000e+04,-1.559600000000000000e+04,-3.979400000000000000e+04,-1.485800000000000000e+04,-1.801600000000000000e+04,-1.816200000000000000e+04
-1.786800000000000000e+04,1.416900000000000000e+04,-3.914000000000000000e+03,-5.803000000000000000e+03,-3.225100000000000000e+04,-1.069600000000000000e+04,-1.615800000000000000e+04,-3.598200000000000000e+04
-2.902100000000000000e+04,-2.047100000000000000e+04,-1.293200000000000000e+04,-4.007300000000000000e+04,-2.683000000000000000e+04,-3.053200000000000000e+04,-3.036200000000000000e+04,1.634600000000000000e+04
-2.561100000000000000e+04,-2.914000000000000000e+03,-8.233000000000000000e+03,-3.369800000000000000e+04,-2.080400000000000000e+04,-2.231500000000000000e+04,4.975000000000000000e+03,-1.334400000000000000e+04
-1.162700000000000000e+04,-1.144400000000000000e+04,-1.410500000000000000e+04,1.571000000000000000e+03,-1.179700000000000000e+04,-1.245200000000000000e+04,-1.853100000000000000e+04,-3.357000000000000000e+04
-1.555900000000000000e+04,1.667200000000000000e+04,-1.944000000000000000e+04,-1.306500000000000000e+04,-3.633200000000000000e+04,-2.110400000000000000e+04,-1.669200000000000000e+04,-1.918100000000000000e+04
-1.639200000000000000e+04,-1.311900000000000000e+04,1.725200000000000000e+04,-1.165000000000000000e+04,-1.416400000000000000e+04,-2.843600000000000000e+04,-1.442500000000000000e+04,-2.210100000000000000e+04
-4.064000000000000000e+03,-2.718000000000000000e+03,-5.144000000000000000e+03,2.270000000000000000e+02,-6.058000000000000000e+03,-8.826000000000000000e+03,-1.344900000000000000e+04,-1.198500000000000000e+04
-1.163000000000000000e+04,-6.587000000000000000e+03,-1.388400000000000000e+04,7.561000000000000000e+03,-2.210200000000000000e+04,-6.614000000000000000e+03,-8.735000000000000000e+03,-3.242800000000000000e+04
-5.359000000000000000e+03,-1.910800000000000000e+04,-2.364200000000000000e+04,-8.320000000000000000e+02,-1.394400000000000000e+04,1.031100000000000000e+04,-1.052400000000000000e+04,-1.414100000000000000e+04
-1.024200000000000000e+04,-1.837500000000000000e+04,-2.129700000000000000e+04,-1.226700000000000000e+04,5.744000000000000000e+03,-7.604000000000000000e+03,-2.279800000000000000e+04,-2.413900000000000000e+04
-2.455900000000000000e+04,-2.436400000000000000e+04,-9.271000000000000000e+03,-1.353700000000000000e+04,1.117900000000000000e+04,-3.028700000000000000e+04,-2.494900000000000000e+04,-1.474200000000000000e+04
-1.500200000000000000e+04,-1.021300000000000000e+04,-1.659800000000000000e+04,-1.160600000000000000e+04,-1.342700000000000000e+04,-6.191000000000000000e+03,-3.475000000000000000e+03,-2.904900000000000000e+04
-1.855400000000000000e+04,1.506700000000000000e+04,-2.389200000000000000e+04,-1.926200000000000000e+04,-3.044400000000000000e+04,-2.083600000000000000e+04,-1.557600000000000000e+04,-2.310300000000000000e+04
-2.296800000000000000e+04,-2.962300000000000000e+04,-7.409000000000000000e+03,-2.968100000000000000e+04,-1.936900000000000000e+04,-3.121500000000000000e+04,-1.915700000000000000e+04,1.952800000000000000e+04
-1.388000000000000000e+04,1.652500000000000000e+04,-1.491300000000000000e+04,-1.909200000000000000e+04,-3.855900000000000000e+04,-2.476600000000000000e+04,-5.081000000000000000e+03,-2.920100000000000000e+04
-2.081300000000000000e+04,-1.014000000000000000e+03,-1.362100000000000000e+04,-1.083700000000000000e+04,-1.692300000000000000e+04,-2.180000000000000000e+03,-1.225800000000000000e+04,-2.828700000000000000e+04
-1.889300000000000000e+04,-2.154000000000000000e+04,2.451000000000000000e+03,-1.879600000000000000e+04,-3.081000000000000000e+03,-2.737900000000000000e+04,-2.790800000000000000e+04,4.794000000000000000e+03
1.013500000000000000e+04,-1.720100000000000000e+04,-9.958000000000000000e+03,-2.448000000000000000e+03,-1.008300000000000000e+04,-1.407900000000000000e+04,-3.167100000000000000e+04,-3.213200000000000000e+04
-2.296100000000000000e+04,-1.177800000000000000e+04,-1.382500000000000000e+04,-2.569300000000000000e+04,-1.722600000000000000e+04,-1.606200000000000000e+04,-1.228700000000000000e+04,1.712700000000000000e+04
-2.436700000000000000e+04,-1.189300000000000000e+04,-8.307000000000000000e+03,-2.199500000000000000e+04,-2.074800000000000000e+04,-1.169100000000000000e+04,2.693600000000000000e+04,-2.745800000000000000e+04
1.370100000000000000e+04,-1.735300000000000000e+04,-1.976000000000000000e+04,-4.290000000000000000e+03,-1.412300000000000000e+04,1.598000000000000000e+03,-2.483700000000000000e+04,-4.268300000000000000e+04
-1.300200000000000000e+04,-1.204200000000000000e+04,-1.007200000000000000e+04,-2.296800000000000000e+04,-1.295800000000000000e+04,-1.631500000000000000e+04,3.040000000000000000e+02,-2.436100000000000000e+04
-1.866900000000000000e+04,-2.339700000000000000e+04,-3.930000000000000000e+02,-2.331700000000000000e+04,-9.807000000000000000e+03,-3.602300000000000000e+04,-3.204900000000000000e+04,-2.062000000000000000e+03
-2.017600000000000000e+04,-1.947300000000000000e+04,-2.219100000000000000e+04,-2.328800000000000000e+04,-1.955800000000000000e+04,-1.595100000000000000e+04,-1.618400000000000000e+04,2.412600000000000000e+04
-1.646400000000000000e+04,-1.222800000000000000e+04,-1.401500000000000000e+04,-2.780900000000000000e+04,-3.484300000000000000e+04,-1.599100000000000000e+04,9.527000000000000000e+03,-3.256700000000000000e+04
-3.023700000000000000e+04,-2.810400000000000000e+04,-2.061700000000000000e+04,-2.642400000000000000e+04,-1.656500000000000000e+04,-1.451500000000000000e+04,-2.653800000000000000e+04,1.950000000000000000e+04
-5.375000000000000000e+03,-2.006200000000000000e+04,-1.561300000000000000e+04,-2.615200000000000000e+04,2.032300000000000000e+04,-2.859300000000000000e+04,-3.565000000000000000e+04,-2.036400000000000000e+04
-2.319000000000000000e+04,2.595000000000000000e+04,-1.512400000000000000e+04,-2.328700000000000000e+04,-3.458600000000000000e+04,-1.873000000000000000e+04,-1.590800000000000000e+04,-2.890500000000000000e+04
-7.989000000000000000e+03,-1.205800000000000000e+04,-1.985700000000000000e+04,-4.219000000000000000e+03,-2.460000000000000000e+04,9.256000000000000000e+03,-1.653100000000000000e+04,-2.244000000000000000e+04
-2.744800000000000000e+04,-1.922600000000000000e+04,-1.719500000000000000e+04,-3.880300000000000000e+04,-3.542500000000000000e+04,-2.719500000000000000e+04,-1.762100000000000000e+04,1.388400000000000000e+04
-1.752000000000000000e+04,-5.622000000000000000e+03,-1.501400000000000000e+04,-1.733700000000000000e+04,-2.548500000000000000e+04,1.620000000000000000e+02,-1.370000000000000000e+04,-1.741400000000000000e+04
2.620000000000000000e+03,-1.442600000000000000e+04,-1.082900000000000000e+04,-1.248500000000000000e+04,1.234000000000000000e+03,-1.375700000000000000e+04,-3.121900000000000000e+04,-2.280100000000000000e+04
-1.680300000000000000e+04,-1.115500000000000000e+04,-1.926100000000000000e+04,3.230000000000000000e+03,-1.451500000000000000e+04,-1.327000000000000000e+03,-1.033000000000000000e+04,-2.802100000000000000e+04
-5.519000000000000000e+03,-8.030000000000000000e+02,-1.514400000000000000e+04,-2.128900000000000000e+04,-2.464500000000000000e+04,-8.353000000000000000e+03,-3.079000000000000000e+03,-2.666600000000000000e+04
-6.541000000000000000e+03,-1.430700000000000000e+04,-1.969400000000000000e+04,2.503000000000000000e+03,-3.318200000000000000e+04,6.421000000000000000e+03,-2.183400000000000000e+04,-4.652100000000000000e+04
-2.807400000000000000e+04,-1.477200000000000000e+04,-1.355800000000000000e+04,-2.522700000000000000e+04,-2.193100000000000000e+04,-2.773900000000000000e+04,-1.833700000000000000e+04,1.511800000000000000e+04
-1.924400000000000000e+04,-2.127500000000000000e+04,-2.195100000000000000e+04,-2.999200000000000000e+04,-2.749700000000000000e+04,-1.631700000000000000e+04,-1.997400000000000000e+04,1.678700000000000000e+04
-5.524000000000000000e+03,-2.173900000000000000e+04,-6.612000000000000000e+03,2.027000000000000000e+03,3.860000000000000000e+02,-1.269100000000000000e+04,-2.238900000000000000e+04,-1.891000000000000000e+04
-1.875800000000000000e+04,-5.323000000000000000e+03,-8.484000000000000000e+03,1.577000000000000000e+03,-2.604700000000000000e+04,-2.351000000000000000e+03,1.146000000000000000e+03,-3.480500000000000000e+04
-4.677000000000000000e+03,-8.238000000000000000e+03,-2.269600000000000000e+04,-9.518000000000000000e+03,-4.045800000000000000e+04,2.390000000000000000e+03,-2.880300000000000000e+04,-3.223400000000000000e+04
-2.323400000000000000e+04,-4.410000000000000000e+03,-1.838200000000000000e+04,-1.578200000000000000e+04,-2.831700000000000000e+04,-1.817100000000000000e+04,8.044000000000000000e+03,-2.494900000000000000e+04
1.218600000000000000e+04,-4.236000000000000000e+03,-2.458800000000000000e+04,-4.883000000000000000e+03,-7.851000000000000000e+03,-7.223000000000000000e+03,-1.621100000000000000e+04,-3.411300000000000000e+04
-1.100500000000000000e+04,-5.930000000000000000e+03,-1.777500000000000000e+04,-1.083300000000000000e+04,-3.681700000000000000e+04,1.479500000000000000e+04,-1.404100000000000000e+04,-4.353500000000000000e+04
-2.739000000000000000e+03,-9.428000000000000000e+03,-1.913000000000000000e+04,8.150000000000000000e+02,-2.033800000000000000e+04,5.370000000000000000e+02,-2.162000000000000000e+04,-3.545600000000000000e+04
-1.031500000000000000e+04,1.562500000000000000e+04,-1.342000000000000000e+04,-7.388000000000000000e+03,-4.178100000000000000e+04,-1.636900000000000000e+04,-1.569200000000000000e+04,-2.760600000000000000e+04
-1.963700000000000000e+04,-1.026900000000000000e+04,-1.926700000000000000e+04,-2.293200000000000000e+04,-1.940200000000000000e+04,-1.596400000000000000e+04,9.255000000000000000e+03,-2.370800000000000000e+04
9.770000000000000000e+03,-2.281000000000000000e+04,-1.207000000000000000e+04,-5.139000000000000000e+03,-2.251900000000000000e+04,6.293000000000000000e+03,-2.796000000000000000e+04,-3.965500000000000000e+04
-1.986200000000000000e+04,2.061900000000000000e+04,-2.670900000000000000e+04,-2.927200000000000000e+04,-3.581900000000000000e+04,-1.642000000000000000e+04,-1.624200000000000000e+04,-1.424700000000000000e+04
-2.029500000000000000e+04,-2.305000000000000000e+04,1.388000000000000000e+03,-2.869500000000000000e+04,1.678600000000000000e+04,-2.351200000000000000e+04,-2.757500000000000000e+04,-1.078300000000000000e+04
-1.820000000000000000e+03,-2.908800000000000000e+04,-1.672700000000000000e+04,-1.419000000000000000e+04,-1.288600000000000000e+04,1.270000000000000000e+03,-4.002000000000000000e+03,-2.415300000000000000e+04
1.783000000000000000e+03,-5.063000000000000000e+03,-1.027900000000000000e+04,-6.571000000000000000e+03,-2.390400000000000000e+04,-1.254700000000000000e+04,-2.683600000000000000e+04,-3.505200000000000000e+04
-1.878100000000000000e+04,-5.912000000000000000e+03,-1.418100000000000000e+04,-4.158000000000000000e+03,-1.197900000000000000e+04,-6.130000000000000000e+02,-1.235100000000000000e+04,-1.413900000000000000e+04
-2.821300000000000000e+04,-1.632800000000000000e+04,-1.767800000000000000e+04,-2.877800000000000000e+04,-2.893700000000000000e+04,-2.260200000000000000e+04,-1.447500000000000000e+04,1.474500000000000000e+04
-3.175900000000000000e+04,-9.504000000000000000e+03,-1.018600000000000000e+04,1.772000000000000000e+03,-1.053900000000000000e+04,-1.683400000000000000e+04,-1.166600000000000000e+04,-3.199800000000000000e+04
-2.289900000000000000e+04,-1.690000000000000000e+04,-2.010400000000000000e+04,-2.839600000000000000e+04,-2.399100000000000000e+04,-8.396000000000000000e+03,2.611700000000000000e+04,-1.738000000000000000e+04
-1.749300000000000000e+04,7.165000000000000000e+03,-6.863000000000000000e+03,-4.846000000000000000e+03,-2.795800000000000000e+04,-1.755100000000000000e+04,-1.548600000000000000e+04,-3.593000000000000000e+04
-1.133600000000000000e+04,-1.470600000000000000e+04,-1.823500000000000000e+04,-3.006200000000000000e+04,-2.155800000000000000e+04,-1.066400000000000000e+04,-1.461700000000000000e+04,1.864600000000000000e+04
-2.892500000000000000e+04,-1.811500000000000000e+04,-2.094000000000000000e+04,-2.207400000000000000e+04,-2.734600000000000000e+04,-5.339000000000000000e+03,1.377500000000000000e+04,-2.917500000000000000e+04
-6.958000000000000000e+03,-2.209200000000000000e+04,-1.699400000000000000e+04,-1.619100000000000000e+04,1.692500000000000000e+04,-2.519700000000000000e+04,-2.548500000000000000e+04,-1.513200000000000000e+04
-1.183900000000000000e+04,2.276900000000000000e+04,-2.365000000000000000e+04,-1.666400000000000000e+04,-4.425100000000000000e+04,-8.610000000000000000e+03,-3.773700000000000000e+04,-3.694200000000000000e+04
-2.191200000000000000e+04,-2.321900000000000000e+04,4.298000000000000000e+03,-4.123000000000000000e+03,-3.299000000000000000e+03,-1.939700000000000000e+04,-1.667800000000000000e+04,-3.111600000000000000e+04
-1.464700000000000000e+04,-1.642200000000000000e+04,-9.207000000000000000e+03,-2.310100000000000000e+04,-2.152400000000000000e+04,-5.367000000000000000e+03,1.146800000000000000e+04,-1.284500000000000000e+04
6.941000000000000000e+03,-1.419600000000000000e+04,-1.743600000000000000e+04,-1.135800000000000000e+04,-3.653000000000000000e+03,-1.215900000000000000e+04,-2.583400000000000000e+04,-3.852900000000000000e+04
4.299000000000000000e+03,-7.574000000000000000e+03,-6.168000000000000000e+03,-1.411600000000000000e+04,-1.622000000000000000e+03,-2.283200000000000000e+04,-3.108800000000000000e+04,-2.812200000000000000e+04
-1.351800000000000000e+04,1.442000000000000000e+04,-2.069800000000000000e+04,-1.519800000000000000e+04,-3.274600000000000000e+04,-1.726600000000000000e+04,-1.208200000000000000e+04,-2.230300000000000000e+04
-2.095200000000000000e+04,2.109000000000000000e+04,-1.590100000000000000e+04,-1.725500000000000000e+04,-4.832700000000000000e+04,-2.336300000000000000e+04,-1.484800000000000000e+04,-3.769000000000000000e+04
-3.670000000000000000e+03,-1.896700000000000000e+04,-1.681100000000000000e+04,1.008600000000000000e+04,-2.939200000000000000e+04,9.700000000000000000e+02,-2.934900000000000000e+04,-4.530000000000000000e+04
-2.726800000000000000e+04,-1.501100000000000000e+04,-8.266000000000000000e+03,-3.864200000000000000e+04,-2.485300000000000000e+04,-2.055800000000000000e+04,-2.656200000000000000e+04,1.497000000000000000e+04
-2.323300000000000000e+04,1.680000000000000000e+03,-1.851000000000000000e+04,-1.386900000000000000e+04,-2.864000000000000000e+04,-5.406000000000000000e+03,-1.065600000000000000e+04,-2.757900000000000000e+04
-2.377500000000000000e+04,-2.034000000000000000e+03,-1.613400000000000000e+04,-3.370000000000000000e+03,-3.876900000000000000e+04,1.053000000000000000e+03,-2.108000000000000000e+03,-2.758500000000000000e+04
-4.030000000000000000e+04,-1.643500000000000000e+04,7.742000000000000000e+03,-8.338000000000000000e+03,-1.415000000000000000e+04,-3.851900000000000000e+04,-1.792000000000000000e+04,-6.866000000000000000e+03
1.330400000000000000e+04,-1.935400000000000000e+04,-1.369600000000000000e+04,-4.860000000000000000e+03,-1.523200000000000000e+04,1.792000000000000000e+03,-2.726800000000000000e+04,-3.407200000000000000e+04
-1.039300000000000000e+04,-1.386700000000000000e+04,-1.633300000000000000e+04,-6.290000000000000000e+02,-2.454600000000000000e+04,5.689000000000000000e+03,-2.204000000000000000e+04,-2.599000000000000000e+04
-2.692900000000000000e+04,1.504400000000000000e+04,-1.568600000000000000e+04,-9.269000000000000000e+03,-4.707200000000000000e+04,-1.253800000000000000e+04,-1.884700000000000000e+04,-4.090200000000000000e+04
-1.998800000000000000e+04,-1.844400000000000000e+04,-1.607800000000000000e+04,-1.669500000000000000e+04,-2.242700000000000000e+04,-1.051000000000000000e+04,1.959300000000000000e+04,-1.366900000000000000e+04
1.850000000000000000e+02,-2.399100000000000000e+04,-1.368600000000000000e+04,-2.135000000000000000e+03,-1.209500000000000000e+04,-5.089000000000000000e+03,-2.456400000000000000e+04,-5.043100000000000000e+04
-1.848000000000000000e+04,4.967000000000000000e+03,-2.532400000000000000e+04,-8.295000000000000000e+03,-2.407200000000000000e+04,-1.184800000000000000e+04,-1.109800000000000000e+04,-2.478300000000000000e+04
-1.287900000000000000e+04,2.397400000000000000e+04,-1.183700000000000000e+04,-2.900900000000000000e+04,-3.876400000000000000e+04,-1.837400000000000000e+04,-2.024700000000000000e+04,-2.787500000000000000e+04
-4.315400000000000000e+04,-3.256700000000000000e+04,-2.667000000000000000e+03,-2.301300000000000000e+04,-3.166900000000000000e+04,-3.216500000000000000e+04,-2.499500000000000000e+04,1.204900000000000000e+04
-1.181000000000000000e+04,-5.361000000000000000e+03,-9.862000000000000000e+03,-2.230600000000000000e+04,-2.240500000000000000e+04,-1.448400000000000000e+04,-4.779000000000000000e+03,-6.472000000000000000e+03
-1.601200000000000000e+04,-1.330500000000000000e+04,-2.511900000000000000e+04,-1.737100000000000000e+04,-2.128700000000000000e+04,-1.659400000000000000e+04,1.331900000000000000e+04,-1.411700000000000000e+04
-1.124200000000000000e+04,-1.869800000000000000e+04,-1.536300000000000000e+04,-9.040000000000000000e+02,-7.374000000000000000e+03,-6.955000000000000000e+03,-1.744600000000000000e+04,-2.912200000000000000e+04
-1.289800000000000000e+04,-2.403500000000000000e+04,-7.336000000000000000e+03,-2.006900000000000000e+04,2.074700000000000000e+04,-2.552600000000000000e+04,-3.655300000000000000e+04,-1.360700000000000000e+04
-1.984400000000000000e+04,-1.273600000000000000e+04,-2.088900000000000000e+04,-2.259600000000000000e+04,-2.317100000000000000e+04,-9.106000000000000000e+03,9.466000000000000000e+03,-2.382200000000000000e+04
9.620000000000000000e+02,-1.650300000000000000e+04,-1.470000000000000000e+03,-1.116200000000000000e+04,-5.991000000000000000e+03,-1.510200000000000000e+04,-3.219500000000000000e+04,-4.254700000000000000e+04
-3.808600000000000000e+04,-1.815500000000000000e+04,2.546400000000000000e+04,-1.366500000000000000e+04,-2.864100000000000000e+04,-3.126400000000000000e+04,-1.360600000000000000e+04,-1.795200000000000000e+04
2.278000000000000000e+03,-1.085100000000000000e+04,-1.010000000000000000e+03,6.320000000000000000e+03,-8.400000000000000000e+03,-1.489800000000000000e+04,-2.934300000000000000e+04,-1.939000000000000000e+04
-1.231000000000000000e+04,-9.958000000000000000e+03,-1.354600000000000000e+04,-2.606000000000000000e+03,-2.458600000000000000e+04,2.304000000000000000e+03,-2.226300000000000000e+04,-1.597400000000000000e+04
6.670000000000000000e+02,1.122400000000000000e+04,-6.823000000000000000e+03,-2.740600000000000000e+04,-2.869800000000000000e+04,-4.137000000000000000e+03,-2.020600000000000000e+04,-3.303400000000000000e+04
7.250000000000000000e+03,-1.923000000000000000e+03,-1.553500000000000000e+04,-9.213000000000000000e+03,-2.698100000000000000e+04,-6.408000000000000000e+03,-2.271800000000000000e+04,-2.750900000000000000e+04
-8.335000000000000000e+03,-5.691000000000000000e+03,-6.743000000000000000e+03,-1.076500000000000000e+04,-1.145300000000000000e+04,-2.692800000000000000e+04,-2.229700000000000000e+04,-1.582400000000000000e+04
-1.194600000000000000e+04,1.209100000000000000e+04,-1.216200000000000000e+04,-1.257200000000000000e+04,-4.916200000000000000e+04,-1.504500000000000000e+04,-2.159600000000000000e+04,-3.647300000000000000e+04
-1.486500000000000000e+04,-1.081800000000000000e+04,-2.979400000000000000e+04,-2.819100000000000000e+04,-2.858400000000000000e+04,-2.309600000000000000e+04,1.522100000000000000e+04,-2.708400000000000000e+04
-1.291800000000000000e+04,-1.499000000000000000e+04,-2.456300000000000000e+04,6.504000000000000000e+03,-1.441000000000000000e+03,2.292000000000000000e+03,-1.323400000000000000e+04,-2.009900000000000000e+04
-5.903000000000000000e+03,1.018600000000000000e+04,-1.116800000000000000e+04,-2.282100000000000000e+04,-2.520600000000000000e+04,-1.140900000000000000e+04,-2.519400000000000000e+04,-4.604600000000000000e+04
-1.818000000000000000e+04,-2.128000000000000000e+04,-1.274700000000000000e+04,-2.740000000000000000e+04,-2.661500000000000000e+04,-1.923200000000000000e+04,-1.655000000000000000e+04,3.111000000000000000e+03
-1.563600000000000000e+04,-1.587200000000000000e+04,-2.091300000000000000e+04,-1.191900000000000000e+04,-6.471000000000000000e+03,9.225000000000000000e+03,-2.043000000000000000e+04,-2.110300000000000000e+04
-5.110000000000000000e+02,-4.863000000000000000e+03,-1.881000000000000000e+04,-1.364600000000000000e+04,-2.825700000000000000e+04,1.153000000000000000e+03,-2.098000000000000000e+04,-2.873200000000000000e+04
-1.345900000000000000e+04,1.082100000000000000e+04,-3.126200000000000000e+04,-8.076000000000000000e+03,-5.074900000000000000e+04,-1.254000000000000000e+04,-3.044300000000000000e+04,-3.262700000000000000e+04
-2.640000000000000000e+02,-8.858000000000000000e+03,-1.306400000000000000e+04,-9.935000000000000000e+03,-1.988700000000000000e+04,2.120000000000000000e+02,-2.749800000000000000e+04,-2.995000000000000000e+04
-1.148600000000000000e+04,-1.476600000000000000e+04,-9.580000000000000000e+02,-2.930700000000000000e+04,7.082000000000000000e+03,-2.447900000000000000e+04,-2.592500000000000000e+04,-9.913000000000000000e+03
-1.604400000000000000e+04,-1.149900000000000000e+04,-9.267000000000000000e+03,-1.858500000000000000e+04,-1.174000000000000000e+04,-1.290200000000000000e+04,1.312900000000000000e+04,-2.040000000000000000e+03
-2.056000000000000000e+04,1.822500000000000000e+04,-2.087800000000000000e+04,-2.188000000000000000e+04,-4.712500000000000000e+04,-9.502000000000000000e+03,-3.434600000000000000e+04,-2.765200000000000000e+04
7.220000000000000000e+02,-1.825700000000000000e+04,-1.861800000000000000e+04,3.827000000000000000e+03,-1.933300000000000000e+04,-8.460000000000000000e+02,-2.880800000000000000e+04,-3.496800000000000000e+04
9.613000000000000000e+03,-5.930000000000000000e+02,-7.838000000000000000e+03,-5.609000000000000000e+03,-2.797600000000000000e+04,-1.611700000000000000e+04,-1.758100000000000000e+04,-3.359900000000000000e+04
-2.851000000000000000e+04,-2.063200000000000000e+04,-7.916000000000000000e+03,-9.141000000000000000e+03,-1.186100000000000000e+04,-1.155300000000000000e+04,-4.800000000000000000e+03,-2.666100000000000000e+04
-8.795000000000000000e+03,-1.297100000000000000e+04,-1.738200000000000000e+04,-1.871200000000000000e+04,-2.094600000000000000e+04,-1.061300000000000000e+04,1.393000000000000000e+04,-8.179000000000000000e+03
-3.151800000000000000e+04,-1.088600000000000000e+04,-9.251000000000000000e+03,-1.725100000000000000e+04,-3.267000000000000000e+04,-1.043600000000000000e+04,1.701600000000000000e+04,-1.821700000000000000e+04
-1.983300000000000000e+04,-1.077900000000000000e+04,1.130800000000000000e+04,-2.219100000000000000e+04,-9.516000000000000000e+03,-3.127500000000000000e+04,-1.628800000000000000e+04,-1.762600000000000000e+04
7.796000000000000000e+03,-2.837600000000000000e+04,-1.904300000000000000e+04,-1.548500000000000000e+04,-2.569000000000000000e+03,-2.093000000000000000e+03,-2.594100000000000000e+04,-3.005400000000000000e+04
-2.265200000000000000e+04,-7.046000000000000000e+03,-1.623100000000000000e+04,-2.010900000000000000e+04,-2.576600000000000000e+04,-1.938600000000000000e+04,1.386800000000000000e+04,-2.445000000000000000e+04
-2.554100000000000000e+04,-1.800200000000000000e+04,-1.103800000000000000e+04,-3.344500000000000000e+04,-1.567400000000000000e+04,-3.129400000000000000e+04,-2.655200000000000000e+04,1.349500000000000000e+04
6.174000000000000000e+03,-1.702800000000000000e+04,-1.804600000000000000e+04,-1.484700000000000000e+04,-6.599000000000000000e+03,7.845000000000000000e+03,-2.758900000000000000e+04,-3.902400000000000000e+04
-2.723500000000000000e+04,-2.423300000000000000e+04,-1.259200000000000000e+04,-1.276700000000000000e+04,-3.182600000000000000e+04,-1.965000000000000000e+04,1.694800000000000000e+04,-2.308300000000000000e+04
4.800000000000000000e+01,-1.304000000000000000e+04,-9.919000000000000000e+03,2.421000000000000000e+03,-3.654000000000000000e+04,-1.266200000000000000e+04,-2.949100000000000000e+04,-3.373600000000000000e+04
-3.160800000000000000e+04,-1.973800000000000000e+04,-1.238500000000000000e+04,-3.305000000000000000e+04,-2.834600000000000000e+04,-4.380200000000000000e+04,-2.264300000000000000e+04,1.525600000000000000e+04
9.340000000000000000e+02,-3.507000000000000000e+03,-1.635800000000000000e+04,-1.465300000000000000e+04,-2.655500000000000000e+04,-1.347400000000000000e+04,-1.106900000000000000e+04,-4.130000000000000000e+04
1.540000000000000000e+03,-1.026000000000000000e+04,-2.140100000000000000e+04,-4.745000000000000000e+03,-1.092500000000000000e+04,1.470000000000000000e+03,-1.887300000000000000e+04,-2.949200000000000000e+04
-1.389000000000000000e+04,2.486200000000000000e+04,-3.005600000000000000e+04,-3.284100000000000000e+04,-5.231800000000000000e+04,-1.710800000000000000e+04,-1.607500000000000000e+04,-3.366600000000000000e+04
-5.958000000000000000e+03,-2.090800000000000000e+04,-6.708000000000000000e+03,-1.632800000000000000e+04,9.830000000000000000e+02,-4.552000000000000000e+03,-6.730000000000000000e+02,-1.971800000000000000e+04
-2.456200000000000000e+04,-1.535200000000000000e+04,-1.493900000000000000e+04,-9.667000000000000000e+03,-3.238700000000000000e+04,-1.608800000000000000e+04,6.526000000000000000e+03,-3.839000000000000000e+04
-2.603000000000000000e+04,-1.731500000000000000e+04,-1.720900000000000000e+04,-3.812300000000000000e+04,-2.504600000000000000e+04,-1.110300000000000000e+04,-1.840200000000000000e+04,1.867400000000000000e+04
-3.949000000000000000e+03,-1.740300000000000000e+04,-1.329900000000000000e+04,-4.854000000000000000e+03,-1.661100000000000000e+04,-5.630000000000000000e+03,-1.397300000000000000e+04,-3.370800000000000000e+04
-1.077900000000000000e+04,-1.239700000000000000e+04,-1.558100000000000000e+04,-7.410000000000000000e+02,-2.870100000000000000e+04,-9.590000000000000000e+02,-1.956000000000000000e+04,-3.605700000000000000e+04
-1.468600000000000000e+04,-1.233800000000000000e+04,-1.925300000000000000e+04,-1.895100000000000000e+04,-1.733400000000000000e+04,-4.564000000000000000e+03,3.193000000000000000e+03,-2.151500000000000000e+04
-2.004200000000000000e+04,-6.540000000000000000e+03,-2.135000000000000000e+04,-1.613300000000000000e+04,-2.601600000000000000e+04,-2.575800000000000000e+04,2.590500000000000000e+04,-2.652700000000000000e+04
-2.237900000000000000e+04,-1.681800000000000000e+04,-1.351300000000000000e+04,-2.277300000000000000e+04,-2.803100000000000000e+04,-1.804000000000000000e+04,1.664800000000000000e+04,-1.505600000000000000e+04
-1.921000000000000000e+04,-2.614500000000000000e+04,-7.002000000000000000e+03,-2.797400000000000000e+04,-3.321300000000000000e+04,-1.168100000000000000e+04,-2.280800000000000000e+04,4.980000000000000000e+02
7.693000000000000000e+03,-2.709200000000000000e+04,-7.295000000000000000e+03,-1.067900000000000000e+04,4.408000000000000000e+03,-2.115200000000000000e+04,-2.532300000000000000e+04,-3.123000000000000000e+04
-1.863200000000000000e+04,-2.516200000000000000e+04,1.041000000000000000e+03,-1.023400000000000000e+04,1.167800000000000000e+04,-3.868700000000000000e+04,-2.347200000000000000e+04,-8.359000000000000000e+03
-2.202900000000000000e+04,-2.689400000000000000e+04,-1.624100000000000000e+04,-4.599500000000000000e+04,-2.540000000000000000e+04,-3.031400000000000000e+04,-1.980600000000000000e+04,1.988600000000000000e+04
-2.937000000000000000e+04,2.051400000000000000e+04,-2.205700000000000000e+04,-1.013300000000000000e+04,-3.997900000000000000e+04,-2.341100000000000000e+04,-1.412000000000000000e+04,-3.634300000000000000e+04
-1.589600000000000000e+04,2.355200000000000000e+04,-1.569400000000000000e+04,-2.038300000000000000e+04,-3.730700000000000000e+04,-2.244400000000000000e+04,-2.477000000000000000e+04,-3.151900000000000000e+04
8.237000000000000000e+03,-8.562000000000000000e+03,-2.647400000000000000e+04,-7.850000000000000000e+03,-2.275800000000000000e+04,-6.494000000000000000e+03,-3.283100000000000000e+04,-4.239500000000000000e+04
-1.052900000000000000e+04,-1.255200000000000000e+04,-1.421500000000000000e+04,1.514300000000000000e+04,-8.227000000000000000e+03,-2.561600000000000000e+04,-1.153000000000000000e+03,-3.861300000000000000e+04
-1.206800000000000000e+04,-9.551000000000000000e+03,5.390000000000000000e+02,2.320000000000000000e+03,-2.636900000000000000e+04,5.800000000000000000e+01,-2.258800000000000000e+04,-3.751300000000000000e+04
-2.498600000000000000e+04,-7.128000000000000000e+03,-1.251000000000000000e+04,-9.549000000000000000e+03,-2.396700000000000000e+04,-1.798800000000000000e+04,1.549100000000000000e+04,-2.645800000000000000e+04
1.277300000000000000e+04,-1.622200000000000000e+04,-2.078300000000000000e+04,-2.008000000000000000e+03,-2.476100000000000000e+04,3.584000000000000000e+03,-2.526100000000000000e+04,-3.030700000000000000e+04
-3.723700000000000000e+04,-2.107400000000000000e+04,-1.032800000000000000e+04,-2.016200000000000000e+04,-2.702400000000000000e+04,-1.157500000000000000e+04,1.493100000000000000e+04,-2.367400000000000000e+04
-3.602000000000000000e+03,-1.447500000000000000e+04,-6.132000000000000000e+03,3.276000000000000000e+03,-1.825300000000000000e+04,-6.154000000000000000e+03,-2.296500000000000000e+04,-1.338300000000000000e+04
-5.360000000000000000e+02,-1.030100000000000000e+04,-4.671000000000000000e+03,1.779000000000000000e+03,-1.090700000000000000e+04,-1.280300000000000000e+04,-1.605500000000000000e+04,-2.707400000000000000e+04
-6.439000000000000000e+03,-1.197700000000000000e+04,-1.144900000000000000e+04,-1.537400000000000000e+04,-1.990000000000000000e+03,-1.153400000000000000e+04,-2.514700000000000000e+04,-3.880900000000000000e+04
-1.843800000000000000e+04,-2.162300000000000000e+04,4.076000000000000000e+03,-1.710900000000000000e+04,1.580400000000000000e+04,-3.267700000000000000e+04,-3.385900000000000000e+04,-9.842000000000000000e+03
-9.088000000000000000e+03,-1.692100000000000000e+04,-1.591300000000000000e+04,8.158000000000000000e+03,-2.857700000000000000e+04,3.267000000000000000e+03,-2.028900000000000000e+04,-3.188000000000000000e+04
-2.681000000000000000e+03,-1.002000000000000000e+04,-1.019400000000000000e+04,-9.694000000000000000e+03,-4.787000000000000000e+03,3.861000000000000000e+03,-1.657100000000000000e+04,-1.732400000000000000e+04
-1.251800000000000000e+04,-2.436700000000000000e+04,-1.110700000000000000e+04,-1.343800000000000000e+04,5.613000000000000000e+03,-2.558000000000000000e+04,-3.348900000000000000e+04,-1.582900000000000000e+04
-2.804300000000000000e+04,-1.438800000000000000e+04,1.156200000000000000e+04,-3.555100000000000000e+04,-2.037000000000000000e+04,-3.326200000000000000e+04,-2.436000000000000000e+04,1.258500000000000000e+04
4.142000000000000000e+03,-1.666400000000000000e+04,-5.677000000000000000e+03,8.637000000000000000e+03,-8.261000000000000000e+03,-4.354000000000000000e+03,-2.791100000000000000e+04,-3.103200000000000000e+04
2.056000000000000000e+03,-2.025000000000000000e+04,-1.048100000000000000e+04,-8.879000000000000000e+03,-2.019700000000000000e+04,1.744000000000000000e+03,-2.722300000000000000e+04,-4.039100000000000000e+04
-1.138700000000000000e+04,-1.662300000000000000e+04,-1.139600000000000000e+04,-2.787000000000000000e+03,-1.787000000000000000e+04,4.929000000000000000e+03,-2.716600000000000000e+04,-3.423400000000000000e+04
-1.396100000000000000e+04,-4.956000000000000000e+03,-2.219900000000000000e+04,-4.240000000000000000e+03,-1.647900000000000000e+04,-1.980000000000000000e+02,-2.205500000000000000e+04,-3.547000000000000000e+04
-6.569000000000000000e+03,-2.035100000000000000e+04,-1.952800000000000000e+04,1.558100000000000000e+04,-2.634100000000000000e+04,-3.705000000000000000e+03,-1.547200000000000000e+04,-3.479900000000000000e+04
-5.773000000000000000e+03,-2.455400000000000000e+04,-1.960900000000000000e+04,-6.459000000000000000e+03,-1.399400000000000000e+04,4.932000000000000000e+03,-1.770300000000000000e+04,-3.087700000000000000e+04
-4.524000000000000000e+03,-5.708000000000000000e+03,-1.722500000000000000e+04,4.265000000000000000e+03,-3.643400000000000000e+04,5.836000000000000000e+03,-2.519300000000000000e+04,-4.520300000000000000e+04
-2.568800000000000000e+04,-1.500900000000000000e+04,1.535900000000000000e+04,-1.640700000000000000e+04,-1.669700000000000000e+04,-2.643600000000000000e+04,-1.509700000000000000e+04,2.315000000000000000e+03
-1.211800000000000000e+04,-1.900700000000000000e+04,-6.749000000000000000e+03,-1.671100000000000000e+04,-2.627300000000000000e+04,-2.526900000000000000e+04,-1.370200000000000000e+04,1.018400000000000000e+04
2.837000000000000000e+03,-2.012500000000000000e+04,3.316000000000000000e+03,-1.744600000000000000e+04,3.944000000000000000e+03,-1.822400000000000000e+04,-2.823200000000000000e+04,-2.407600000000000000e+04
-2.297400000000000000e+04,-3.183400000000000000e+04,-9.648000000000000000e+03,-1.322600000000000000e+04,-1.552000000000000000e+04,-1.815700000000000000e+04,-3.445000000000000000e+03,-1.972400000000000000e+04
-1.437100000000000000e+04,1.927600000000000000e+04,-8.705000000000000000e+03,-1.243100000000000000e+04,-2.967300000000000000e+04,-1.834600000000000000e+04,-2.797100000000000000e+04,-3.585500000000000000e+04
-8.778000000000000000e+03,-1.135300000000000000e+04,-1.848100000000000000e+04,7.520000000000000000e+03,-2.089300000000000000e+04,-5.828000000000000000e+03,-2.380000000000000000e+04,-1.368200000000000000e+04
-2.099000000000000000e+03,-2.136800000000000000e+04,-9.810000000000000000e+03,-2.396300000000000000e+04,1.112000000000000000e+04,-1.385600000000000000e+04,-2.544500000000000000e+04,-1.925300000000000000e+04
1.367300000000000000e+04,-2.132400000000000000e+04,-1.270000000000000000e+04,-1.122800000000000000e+04,2.190000000000000000e+02,-3.910000000000000000e+03,-3.022600000000000000e+04,-3.901700000000000000e+04
-2.078600000000000000e+04,1.784500000000000000e+04,-2.002000000000000000e+04,-2.063600000000000000e+04,-4.076400000000000000e+04,-1.908500000000000000e+04,-5.380000000000000000e+03,-3.456600000000000000e+04
-2.268600000000000000e+04,-1.446000000000000000e+03,-1.543200000000000000e+04,-9.687000000000000000e+03,-2.831500000000000000e+04,4.270000000000000000e+02,-8.460000000000000000e+02,-2.304200000000000000e+04
-1.282700000000000000e+04,3.002700000000000000e+04,-1.709000000000000000e+04,-1.616000000000000000e+04,-3.401100000000000000e+04,-3.250600000000000000e+04,-2.315400000000000000e+04,-2.551200000000000000e+04
1.883000000000000000e+03,-2.430100000000000000e+04,-1.341200000000000000e+04,-9.261000000000000000e+03,5.969000000000000000e+03,-1.743200000000000000e+04,-3.223700000000000000e+04,-2.631000000000000000e+04
-1.752500000000000000e+04,-9.464000000000000000e+03,-9.189000000000000000e+03,-1.038400000000000000e+04,-1.421700000000000000e+04,4.380000000000000000e+02,-2.086800000000000000e+04,-1.326600000000000000e+04
-1.869000000000000000e+04,-6.205000000000000000e+03,-7.188000000000000000e+03,-9.771000000000000000e+03,-1.990300000000000000e+04,-2.124700000000000000e+04,2.634000000000000000e+03,-1.970000000000000000e+04
-2.979000000000000000e+04,1.446800000000000000e+04,-2.045700000000000000e+04,-1.849600000000000000e+04,-4.462500000000000000e+04,-1.277500000000000000e+04,-2.430600000000000000e+04,-2.791700000000000000e+04
-3.126800000000000000e+04,-2.402000000000000000e+04,-1.263500000000000000e+04,-3.784400000000000000e+04,-2.922300000000000000e+04,-2.348600000000000000e+04,-1.592200000000000000e+04,2.126300000000000000e+04
-2.218200000000000000e+04,-1.056700000000000000e+04,8.404000000000000000e+03,-1.899100000000000000e+04,-1.194800000000000000e+04,-1.599800000000000000e+04,-2.111500000000000000e+04,6.451000000000000000e+03
-4.867000000000000000e+03,-1.469500000000000000e+04,-1.398300000000000000e+04,-9.342000000000000000e+03,-1.938900000000000000e+04,3.157000000000000000e+03,-2.671300000000000000e+04,-3.410700000000000000e+04
-3.223200000000000000e+04,-1.049100000000000000e+04,-1.449200000000000000e+04,-2.013100000000000000e+04,-2.833500000000000000e+04,-1.403800000000000000e+04,2.692300000000000000e+04,-2.392700000000000000e+04
-1.803100000000000000e+04,-9.105000000000000000e+03,-2.345200000000000000e+04,-9.391000000000000000e+03,-1.827800000000000000e+04,-2.051100000000000000e+04,9.838000000000000000e+03,-1.097000000000000000e+04
-3.520400000000000000e+04,-2.512700000000000000e+04,-1.302000000000000000e+03,-3.122000000000000000e+04,-3.380400000000000000e+04,-3.136000000000000000e+04,-2.554200000000000000e+04,7.868000000000000000e+03
-1.791000000000000000e+04,-2.097800000000000000e+04,-2.073000000000000000e+04,-2.863500000000000000e+04,-1.514000000000000000e+04,-1.477400000000000000e+04,-1.392700000000000000e+04,1.682900000000000000e+04
-2.143300000000000000e+04,-2.174600000000000000e+04,-2.263200000000000000e+04,-2.503900000000000000e+04,-2.066400000000000000e+04,-2.136800000000000000e+04,-1.653100000000000000e+04,1.978200000000000000e+04
-5.813000000000000000e+03,-2.207500000000000000e+04,-1.507100000000000000e+04,-1.366800000000000000e+04,-3.082600000000000000e+04,2.572900000000000000e+04,-2.682100000000000000e+04,-3.580400000000000000e+04
-9.045000000000000000e+03,1.838900000000000000e+04,-2.153300000000000000e+04,-1.300800000000000000e+04,-3.398200000000000000e+04,-1.890600000000000000e+04,-2.207400000000000000e+04,-1.893200000000000000e+04
-1.024800000000000000e+04,-4.100000000000000000e+02,-1.035700000000000000e+04,-1.249000000000000000e+03,-1.058200000000000000e+04,-1.471600000000000000e+04,-1.188200000000000000e+04,-1.444300000000000000e+04
-1.248500000000000000e+04,-1.731900000000000000e+04,-1.691900000000000000e+04,1.937000000000000000e+03,-1.783300000000000000e+04,1.277400000000000000e+04,-1.660400000000000000e+04,-2.969900000000000000e+04
-1.856700000000000000e+04,-1.218500000000000000e+04,-5.522000000000000000e+03,-1.217500000000000000e+04,-9.505000000000000000e+03,-1.887100000000000000e+04,-1.176900000000000000e+04,-1.263000000000000000e+03
-2.756600000000000000e+04,-1.498700000000000000e+04,6.263000000000000000e+03,-2.018800000000000000e+04,-3.288000000000000000e+03,-3.337500000000000000e+04,-3.985000000000000000e+03,-1.399500000000000000e+04
7.143000000000000000e+03,-2.746600000000000000e+04,-1.769700000000000000e+04,-1.081600000000000000e+04,-1.522800000000000000e+04,9.319000000000000000e+03,-3.224900000000000000e+04,-5.258000000000000000e+04
-2.277000000000000000e+04,-1.753500000000000000e+04,-1.584500000000000000e+04,-2.385000000000000000e+03,-3.124900000000000000e+04,-9.668000000000000000e+03,1.855700000000000000e+04,-2.757700000000000000e+04
-4.125000000000000000e+03,-1.693100000000000000e+04,-1.682700000000000000e+04,-9.850000000000000000e+02,-2.186400000000000000e+04,2.700000000000000000e+01,-3.006500000000000000e+04,-4.921300000000000000e+04
-1.487500000000000000e+04,-1.078000000000000000e+04,-6.225000000000000000e+03,-2.115300000000000000e+04,-1.625700000000000000e+04,-1.941500000000000000e+04,5.699000000000000000e+03,-1.540000000000000000e+04
-1.262300000000000000e+04,-1.039200000000000000e+04,-1.922300000000000000e+04,-3.266000000000000000e+03,-3.120100000000000000e+04,-7.512000000000000000e+03,-2.566700000000000000e+04,-5.096600000000000000e+04
8.546000000000000000e+03,-2.216400000000000000e+04,-1.137800000000000000e+04,-1.483300000000000000e+04,-5.597000000000000000e+03,3.417000000000000000e+03,-3.726200000000000000e+04,-4.561300000000000000e+04
7.487000000000000000e+03,-1.674400000000000000e+04,-8.182000000000000000e+03,-1.261200000000000000e+04,1.752300000000000000e+04,-8.720000000000000000e+03,-1.327600000000000000e+04,-2.877600000000000000e+04
-3.293000000000000000e+03,-1.642100000000000000e+04,-1.113000000000000000e+04,-7.758000000000000000e+03,2.074000000000000000e+03,-3.175000000000000000e+03,-1.858900000000000000e+04,-2.730300000000000000e+04
2.690000000000000000e+02,-2.081900000000000000e+04,-1.526000000000000000e+04,-1.952100000000000000e+04,1.135200000000000000e+04,-1.351000000000000000e+04,-3.446600000000000000e+04,-1.914400000000000000e+04
-2.059500000000000000e+04,-1.888800000000000000e+04,-3.616000000000000000e+03,5.342000000000000000e+03,-1.608900000000000000e+04,-5.835000000000000000e+03,-1.358400000000000000e+04,-1.975300000000000000e+04
-7.551000000000000000e+03,-2.685200000000000000e+04,-2.183000000000000000e+03,-2.148400000000000000e+04,8.118000000000000000e+03,-1.899300000000000000e+04,-1.941900000000000000e+04,-1.932700000000000000e+04
-3.719600000000000000e+04,-2.221900000000000000e+04,-1.155600000000000000e+04,-2.821500000000000000e+04,-3.098900000000000000e+04,-3.140800000000000000e+04,-1.386400000000000000e+04,5.009000000000000000e+03
8.890000000000000000e+02,-1.194900000000000000e+04,-1.528400000000000000e+04,6.529000000000000000e+03,-2.986900000000000000e+04,-4.290000000000000000e+02,-2.578600000000000000e+04,-4.053600000000000000e+04
-3.452800000000000000e+04,-1.642200000000000000e+04,-2.716800000000000000e+04,-1.266000000000000000e+04,-2.860500000000000000e+04,-1.271200000000000000e+04,2.081800000000000000e+04,-2.142200000000000000e+04
-1.863000000000000000e+04,-1.890900000000000000e+04,-1.353300000000000000e+04,-7.031000000000000000e+03,-1.363900000000000000e+04,-1.076300000000000000e+04,4.266000000000000000e+03,-1.813200000000000000e+04
-5.236000000000000000e+03,-1.905800000000000000e+04,-1.162600000000000000e+04,-3.156000000000000000e+03,-4.674000000000000000e+03,-2.358000000000000000e+03,-1.902100000000000000e+04,-1.503900000000000000e+04
-3.277100000000000000e+04,-3.121900000000000000e+04,-1.977400000000000000e+04,-3.846900000000000000e+04,-3.583200000000000000e+04,-2.907100000000000000e+04,-2.425100000000000000e+04,2.072500000000000000e+04
-2.128400000000000000e+04,-9.455000000000000000e+03,-9.995000000000000000e+03,-1.958500000000000000e+04,-1.276000000000000000e+04,-1.514700000000000000e+04,1.047000000000000000e+03,-1.660500000000000000e+04
-1.120400000000000000e+04,9.995000000000000000e+03,-1.224400000000000000e+04,-3.638600000000000000e+04,-1.737300000000000000e+04,-8.661000000000000000e+03,-2.613900000000000000e+04,-2.776900000000000000e+04
-1.763500000000000000e+04,1.644300000000000000e+04,-2.220100000000000000e+04,-1.676900000000000000e+04,-5.276400000000000000e+04,-1.432200000000000000e+04,-2.136500000000000000e+04,-3.432400000000000000e+04
-1.665400000000000000e+04,-1.371800000000000000e+04,-1.399000000000000000e+04,-2.705000000000000000e+04,-1.869500000000000000e+04,-1.016600000000000000e+04,7.037000000000000000e+03,-1.237800000000000000e+04
-4.222000000000000000e+03,-1.862600000000000000e+04,-7.357000000000000000e+03,-2.944700000000000000e+04,1.264900000000000000e+04,-1.754300000000000000e+04,-2.597700000000000000e+04,-2.417400000000000000e+04
-1.403800000000000000e+04,-7.532000000000000000e+03,-8.216000000000000000e+03,-1.510000000000000000e+04,-1.878400000000000000e+04,-2.343900000000000000e+04,1.288700000000000000e+04,-1.682900000000000000e+04
-3.966000000000000000e+03,-1.849100000000000000e+04,-2.040700000000000000e+04,-6.601000000000000000e+03,-1.493100000000000000e+04,2.046300000000000000e+04,-2.401400000000000000e+04,-2.124100000000000000e+04
-2.902300000000000000e+04,-2.085000000000000000e+03,-1.507700000000000000e+04,-8.050000000000000000e+03,-4.722300000000000000e+04,-5.968000000000000000e+03,-2.385400000000000000e+04,-2.886400000000000000e+04
-3.015000000000000000e+04,-1.770200000000000000e+04,4.039000000000000000e+03,-7.510000000000000000e+03,-1.206200000000000000e+04,-2.824200000000000000e+04,-2.730000000000000000e+03,-2.735900000000000000e+04
-1.667700000000000000e+04,3.215900000000000000e+04,-2.509600000000000000e+04,-2.737600000000000000e+04,-3.812700000000000000e+04,-1.600700000000000000e+04,-1.862800000000000000e+04,-2.777900000000000000e+04
-1.272700000000000000e+04,-1.770100000000000000e+04,-1.651300000000000000e+04,7.206000000000000000e+03,-1.220700000000000000e+04,-1.136300000000000000e+04,-1.379400000000000000e+04,-3.042700000000000000e+04
-1.334500000000000000e+04,-1.338600000000000000e+04,-2.505600000000000000e+04,-8.100000000000000000e+02,-2.987500000000000000e+04,1.584700000000000000e+04,-1.629200000000000000e+04,-1.720300000000000000e+04
-3.854000000000000000e+03,-9.872000000000000000e+03,-1.804800000000000000e+04,-4.879000000000000000e+03,-1.010600000000000000e+04,9.060000000000000000e+02,-9.970000000000000000e+03,-1.323700000000000000e+04
8.900000000000000000e+02,-1.856500000000000000e+04,-1.420000000000000000e+04,-9.392000000000000000e+03,-2.818000000000000000e+03,-1.492100000000000000e+04,-2.672800000000000000e+04,-1.761600000000000000e+04
-6.861000000000000000e+03,1.510900000000000000e+04,-9.733000000000000000e+03,-2.932800000000000000e+04,-3.381700000000000000e+04,-1.812700000000000000e+04,-1.670500000000000000e+04,-2.944200000000000000e+04
-3.559300000000000000e+04,-1.589500000000000000e+04,-6.232000000000000000e+03,-2.396300000000000000e+04,-2.418900000000000000e+04,-2.854800000000000000e+04,-2.421300000000000000e+04,1.447700000000000000e+04
-1.344600000000000000e+04,-2.527600000000000000e+04,-1.166200000000000000e+04,-3.974000000000000000e+03,-7.779000000000000000e+03,-1.831700000000000000e+04,-1.738900000000000000e+04,-1.283000000000000000e+04
-3.931100000000000000e+04,-2.462200000000000000e+04,-1.754000000000000000e+03,-3.338600000000000000e+04,-1.377400000000000000e+04,-4.808600000000000000e+04,-2.828000000000000000e+04,4.647000000000000000e+03
-3.908000000000000000e+03,1.889000000000000000e+04,-1.626500000000000000e+04,-1.732200000000000000e+04,-2.823400000000000000e+04,-2.006000000000000000e+04,-2.013100000000000000e+04,-2.330300000000000000e+04
-1.309300000000000000e+04,5.431000000000000000e+03,-2.095100000000000000e+04,-2.257900000000000000e+04,-2.771200000000000000e+04,-1.248400000000000000e+04,-1.157700000000000000e+04,-2.097000000000000000e+04
-2.317000000000000000e+04,-1.030000000000000000e+04,-1.028400000000000000e+04,-9.898000000000000000e+03,-6.505000000000000000e+03,-2.269100000000000000e+04,2.136100000000000000e+04,-1.753900000000000000e+04
-2.270800000000000000e+04,-4.837000000000000000e+03,-9.905000000000000000e+03,5.575000000000000000e+03,-3.082600000000000000e+04,-1.261500000000000000e+04,-7.110000000000000000e+02,-3.945700000000000000e+04
-4.590000000000000000e+03,-1.591600000000000000e+04,-1.134600000000000000e+04,-1.018000000000000000e+03,-3.148900000000000000e+04,1.505700000000000000e+04,-2.785400000000000000e+04,-4.493800000000000000e+04
-6.453000000000000000e+03,-9.292000000000000000e+03,-7.723000000000000000e+03,-2.883000000000000000e+03,-2.365900000000000000e+04,-2.155300000000000000e+04,-6.299000000000000000e+03,-1.724000000000000000e+04
-1.488100000000000000e+04,-6.763000000000000000e+03,-1.414100000000000000e+04,-4.260400000000000000e+04,-1.768400000000000000e+04,-1.959000000000000000e+04,-2.097000000000000000e+04,1.646800000000000000e+04
-5.383000000000000000e+03,-6.243000000000000000e+03,-1.612900000000000000e+04,-6.812000000000000000e+03,-3.163400000000000000e+04,1.003600000000000000e+04,-1.979700000000000000e+04,-4.192700000000000000e+04
-1.584300000000000000e+04,-1.214500000000000000e+04,-1.028200000000000000e+04,-3.731000000000000000e+03,-1.025400000000000000e+04,-2.860000000000000000e+03,-2.964000000000000000e+03,-3.271200000000000000e+04
-1.193600000000000000e+04,-1.357500000000000000e+04,-2.979000000000000000e+03,-2.691400000000000000e+04,-1.644200000000000000e+04,-2.168200000000000000e+04,1.259400000000000000e+04,-3.014900000000000000e+04
-1.946000000000000000e+03,-1.108400000000000000e+04,-2.173700000000000000e+04,-3.521000000000000000e+03,-1.354300000000000000e+04,6.219000000000000000e+03,-2.737500000000000000e+04,-2.284000000000000000e+04
-1.491300000000000000e+04,-7.927000000000000000e+03,-1.732400000000000000e+04,-8.912000000000000000e+03,-2.412000000000000000e+04,-1.840400000000000000e+04,1.196400000000000000e+04,-1.713700000000000000e+04
-1.889800000000000000e+04,-1.696200000000000000e+04,-1.591700000000000000e+04,-3.149700000000000000e+04,-1.208700000000000000e+04,-1.803500000000000000e+04,1.454400000000000000e+04,-1.980100000000000000e+04
-2.545500000000000000e+04,3.165100000000000000e+04,-1.617000000000000000e+04,-2.346200000000000000e+04,-4.941200000000000000e+04,-1.396800000000000000e+04,-2.611100000000000000e+04,-3.472200000000000000e+04
-2.305700000000000000e+04,-4.381000000000000000e+03,-9.521000000000000000e+03,-1.287400000000000000e+04,-2.220900000000000000e+04,-1.408400000000000000e+04,-4.280000000000000000e+02,-2.015800000000000000e+04
-5.420000000000000000e+02,-1.133900000000000000e+04,-9.013000000000000000e+03,5.321000000000000000e+03,-5.288000000000000000e+03,-9.553000000000000000e+03,-9.036000000000000000e+03,-1.487800000000000000e+04
-5.699000000000000000e+03,-2.362600000000000000e+04,-1.942500000000000000e+04,3.484000000000000000e+03,-1.165400000000000000e+04,-1.640000000000000000e+02,-1.503700000000000000e+04,-1.936800000000000000e+04
-2.836100000000000000e+04,-2.121500000000000000e+04,-1.299100000000000000e+04,-2.064100000000000000e+04,-1.505700000000000000e+04,-6.664000000000000000e+03,-1.336200000000000000e+04,-2.980000000000000000e+03
-1.267800000000000000e+04,9.265000000000000000e+03,-1.257300000000000000e+04,-1.756800000000000000e+04,-2.216700000000000000e+04,-9.371000000000000000e+03,-5.669000000000000000e+03,-1.999500000000000000e+04
-1.512400000000000000e+04,1.754000000000000000e+03,-2.030800000000000000e+04,-5.378000000000000000e+03,-2.638800000000000000e+04,-1.372200000000000000e+04,-1.142600000000000000e+04,-3.504300000000000000e+04
-1.627900000000000000e+04,2.228000000000000000e+03,-1.522500000000000000e+04,-1.631000000000000000e+04,-3.316400000000000000e+04,-1.793800000000000000e+04,1.032800000000000000e+04,-3.171500000000000000e+04
-2.011600000000000000e+04,-1.143100000000000000e+04,-1.470900000000000000e+04,-2.123600000000000000e+04,-3.450700000000000000e+04,-1.177800000000000000e+04,1.666300000000000000e+04,-1.540300000000000000e+04
-1.018000000000000000e+04,-5.056000000000000000e+03,-1.554300000000000000e+04,-2.552000000000000000e+03,-2.948900000000000000e+04,1.011000000000000000e+04,-2.782700000000000000e+04,-2.586800000000000000e+04
5.900000000000000000e+03,-2.309100000000000000e+04,-1.267300000000000000e+04,-1.739100000000000000e+04,2.924000000000000000e+03,-1.094300000000000000e+04,-1.133700000000000000e+04,-2.744300000000000000e+04
-9.775000000000000000e+03,-8.466000000000000000e+03,-2.266000000000000000e+03,7.507000000000000000e+03,-1.814900000000000000e+04,-1.002900000000000000e+04,-2.027200000000000000e+04,-1.826600000000000000e+04
-3.898200000000000000e+04,-2.356800000000000000e+04,-1.446900000000000000e+04,-4.233500000000000000e+04,-3.316400000000000000e+04,-3.419400000000000000e+04,-2.549000000000000000e+04,2.495200000000000000e+04
-1.991500000000000000e+04,-2.715500000000000000e+04,-9.320000000000000000e+02,-2.258700000000000000e+04,-4.262000000000000000e+03,-2.963700000000000000e+04,-2.577900000000000000e+04,-2.091000000000000000e+03
-2.271200000000000000e+04,8.963000000000000000e+03,-1.359600000000000000e+04,-1.955300000000000000e+04,-2.780600000000000000e+04,1.615000000000000000e+03,-1.969100000000000000e+04,-8.134000000000000000e+03
-1.048900000000000000e+04,-1.873800000000000000e+04,-1.279400000000000000e+04,-2.408000000000000000e+03,-1.626000000000000000e+04,9.466000000000000000e+03,-2.130800000000000000e+04,-1.739100000000000000e+04
-5.498000000000000000e+03,-2.179000000000000000e+04,-9.916000000000000000e+03,7.186000000000000000e+03,-7.900000000000000000e+02,-4.586000000000000000e+03,-1.331700000000000000e+04,-4.066000000000000000e+04
-1.451400000000000000e+04,3.130000000000000000e+03,-9.039000000000000000e+03,1.011200000000000000e+04,-2.402600000000000000e+04,-4.210000000000000000e+03,-1.061400000000000000e+04,-4.551500000000000000e+04
-2.001200000000000000e+04,1.086100000000000000e+04,-2.232000000000000000e+04,-2.204700000000000000e+04,-3.282900000000000000e+04,-2.127600000000000000e+04,-9.531000000000000000e+03,-3.793900000000000000e+04
1.070700000000000000e+04,-2.092200000000000000e+04,-1.906700000000000000e+04,-1.371800000000000000e+04,-1.073900000000000000e+04,1.934000000000000000e+03,-1.828500000000000000e+04,-1.956500000000000000e+04
-1.206700000000000000e+04,-2.444200000000000000e+04,-1.569500000000000000e+04,-1.257200000000000000e+04,-1.833800000000000000e+04,3.476000000000000000e+03,5.540000000000000000e+02,-2.120200000000000000e+04
-2.831600000000000000e+04,6.178000000000000000e+03,-1.498300000000000000e+04,-1.641000000000000000e+04,-3.451100000000000000e+04,5.728000000000000000e+03,-1.991400000000000000e+04,-1.005600000000000000e+04
-1.640600000000000000e+04,-1.658000000000000000e+04,-1.072300000000000000e+04,-9.772000000000000000e+03,-2.109000000000000000e+04,-2.466000000000000000e+03,-1.383200000000000000e+04,-3.732500000000000000e+04
-1.901300000000000000e+04,2.070400000000000000e+04,-2.476200000000000000e+04,-3.873100000000000000e+04,-4.491100000000000000e+04,-1.053500000000000000e+04,-2.337300000000000000e+04,-2.089800000000000000e+04
-1.746800000000000000e+04,-7.191000000000000000e+03,-1.522600000000000000e+04,-4.979000000000000000e+03,-2.262200000000000000e+04,-1.839200000000000000e+04,-4.467000000000000000e+03,-2.271700000000000000e+04
-4.338700000000000000e+04,-2.417400000000000000e+04,-6.428000000000000000e+03,-3.360700000000000000e+04,-3.134000000000000000e+04,-2.550300000000000000e+04,-2.733700000000000000e+04,5.257000000000000000e+03
-1.575600000000000000e+04,-1.534900000000000000e+04,-1.424100000000000000e+04,-2.520100000000000000e+04,-2.535800000000000000e+04,-1.946000000000000000e+04,2.035600000000000000e+04,-2.031500000000000000e+04
-1.053200000000000000e+04,-1.575300000000000000e+04,-1.161600000000000000e+04,-2.249000000000000000e+03,-1.765300000000000000e+04,2.580000000000000000e+03,-2.398100000000000000e+04,-3.187100000000000000e+04
-1.796200000000000000e+04,-8.379000000000000000e+03,-1.923300000000000000e+04,-1.602200000000000000e+04,-3.739800000000000000e+04,-8.647000000000000000e+03,2.094100000000000000e+04,-2.953700000000000000e+04
-1.292100000000000000e+04,-1.195400000000000000e+04,-1.678900000000000000e+04,-2.340800000000000000e+04,-2.309900000000000000e+04,-1.205000000000000000e+04,-2.320900000000000000e+04,1.287200000000000000e+04
-8.924000000000000000e+03,-3.615000000000000000e+03,-1.339700000000000000e+04,-8.981000000000000000e+03,-3.227700000000000000e+04,2.449000000000000000e+03,-1.188000000000000000e+04,-5.373600000000000000e+04
-2.901500000000000000e+04,-3.578000000000000000e+03,-1.348400000000000000e+04,-2.000700000000000000e+04,-2.418500000000000000e+04,-2.935000000000000000e+03,9.234000000000000000e+03,-2.957200000000000000e+04
-6.869000000000000000e+03,5.398000000000000000e+03,-1.630500000000000000e+04,-2.434300000000000000e+04,-2.946000000000000000e+04,-3.402000000000000000e+03,-2.266700000000000000e+04,-1.310600000000000000e+04
-4.163000000000000000e+03,-1.697000000000000000e+04,-1.503600000000000000e+04,-3.645000000000000000e+03,-1.697000000000000000e+03,-1.748700000000000000e+04,-1.678600000000000000e+04,-1.371400000000000000e+04
1.337200000000000000e+04,-7.803000000000000000e+03,-6.682000000000000000e+03,-1.626500000000000000e+04,-4.776000000000000000e+03,-1.277100000000000000e+04,-2.040700000000000000e+04,-2.080400000000000000e+04
-1.550500000000000000e+04,-3.726000000000000000e+03,-8.169000000000000000e+03,-1.317700000000000000e+04,-2.179300000000000000e+04,-3.487000000000000000e+03,-4.696000000000000000e+03,-3.070400000000000000e+04
-1.880200000000000000e+04,-2.294000000000000000e+03,-1.514400000000000000e+04,9.919000000000000000e+03,-4.305300000000000000e+04,-1.205700000000000000e+04,-2.091400000000000000e+04,-4.552200000000000000e+04
-2.287800000000000000e+04,2.593900000000000000e+04,-1.449100000000000000e+04,-1.204400000000000000e+04,-4.928700000000000000e+04,-2.779000000000000000e+04,-1.692500000000000000e+04,-3.703600000000000000e+04
-1.065900000000000000e+04,-1.623900000000000000e+04,6.680000000000000000e+03,-2.201400000000000000e+04,-8.426000000000000000e+03,-2.633100000000000000e+04,-1.815500000000000000e+04,-1.306000000000000000e+03
-2.737800000000000000e+04,-1.177000000000000000e+03,-2.174900000000000000e+04,-2.854900000000000000e+04,-3.016000000000000000e+04,-1.233400000000000000e+04,1.672400000000000000e+04,-3.439200000000000000e+04
-1.341500000000000000e+04,-9.585000000000000000e+03,-1.613100000000000000e+04,-8.355000000000000000e+03,-2.546200000000000000e+04,-1.395400000000000000e+04,1.155200000000000000e+04,-2.006800000000000000e+04
-2.340000000000000000e+04,-1.816900000000000000e+04,-4.946000000000000000e+03,-1.129900000000000000e+04,-2.069600000000000000e+04,-8.731000000000000000e+03,6.673000000000000000e+03,-2.893000000000000000e+04
-1.852600000000000000e+04,-1.603900000000000000e+04,-1.422000000000000000e+04,-4.640000000000000000e+03,-2.410100000000000000e+04,-7.706000000000000000e+03,-3.384000000000000000e+03,-3.460800000000000000e+04
-1.166000000000000000e+04,1.687100000000000000e+04,-1.906800000000000000e+04,-2.477200000000000000e+04,-3.235300000000000000e+04,-1.485700000000000000e+04,-9.624000000000000000e+03,-3.551400000000000000e+04
-1.477900000000000000e+04,-1.987800000000000000e+04,-9.509000000000000000e+03,-3.442600000000000000e+04,-1.447000000000000000e+04,-2.053800000000000000e+04,-2.182400000000000000e+04,1.492700000000000000e+04
-4.430000000000000000e+03,-3.820000000000000000e+02,-1.451700000000000000e+04,-3.518800000000000000e+04,-1.443900000000000000e+04,-6.842000000000000000e+03,-2.210300000000000000e+04,-4.469000000000000000e+03
-1.876000000000000000e+04,-1.480400000000000000e+04,-1.371900000000000000e+04,-2.522900000000000000e+04,-2.439300000000000000e+04,-1.569200000000000000e+04,8.127000000000000000e+03,-1.757100000000000000e+04
-1.071400000000000000e+04,-1.950500000000000000e+04,-1.398400000000000000e+04,-3.009300000000000000e+04,-1.904400000000000000e+04,-2.231700000000000000e+04,1.317600000000000000e+04,-1.119400000000000000e+04
-8.242000000000000000e+03,-2.067700000000000000e+04,-9.883000000000000000e+03,-1.988000000000000000e+03,-1.877600000000000000e+04,-5.493000000000000000e+03,-1.153200000000000000e+04,-2.454900000000000000e+04
-1.255500000000000000e+04,1.625900000000000000e+04,-1.881500000000000000e+04,-2.664800000000000000e+04,-3.231900000000000000e+04,-1.166900000000000000e+04,-1.263700000000000000e+04,-1.358800000000000000e+04
-1.411000000000000000e+04,-1.656900000000000000e+04,-1.267500000000000000e+04,-1.258000000000000000e+04,5.722000000000000000e+03,-2.031900000000000000e+04,-2.481700000000000000e+04,-1.217000000000000000e+03
-3.130300000000000000e+04,-2.114900000000000000e+04,-7.961000000000000000e+03,-2.633200000000000000e+04,-2.692500000000000000e+04,-2.353900000000000000e+04,-2.450500000000000000e+04,1.407500000000000000e+04
-1.756400000000000000e+04,-7.272000000000000000e+03,-1.328900000000000000e+04,-2.073100000000000000e+04,-3.156700000000000000e+04,-9.310000000000000000e+02,-1.061000000000000000e+03,-2.716900000000000000e+04
-7.123000000000000000e+03,-1.015600000000000000e+04,-2.342600000000000000e+04,1.416000000000000000e+03,-1.533400000000000000e+04,-2.156000000000000000e+03,-2.085200000000000000e+04,-2.682600000000000000e+04
-1.066100000000000000e+04,7.648000000000000000e+03,-2.472600000000000000e+04,-1.273500000000000000e+04,-2.328500000000000000e+04,-1.258200000000000000e+04,-2.061500000000000000e+04,-2.488800000000000000e+04
6.437000000000000000e+03,-1.435100000000000000e+04,-5.035000000000000000e+03,-7.247000000000000000e+03,-1.196000000000000000e+03,-1.062600000000000000e+04,-3.258900000000000000e+04,-2.044200000000000000e+04
1.438900000000000000e+04,-1.331700000000000000e+04,-1.686000000000000000e+03,-1.060400000000000000e+04,-8.511000000000000000e+03,-1.525500000000000000e+04,-3.046000000000000000e+04,-4.282100000000000000e+04
2.190000000000000000e+03,-1.368400000000000000e+04,-1.312600000000000000e+04,-9.871000000000000000e+03,-2.825500000000000000e+04,1.206000000000000000e+03,-2.755800000000000000e+04,-2.498600000000000000e+04
-1.855900000000000000e+04,-1.352300000000000000e+04,-1.028700000000000000e+04,-5.948000000000000000e+03,-1.106900000000000000e+04,-2.800000000000000000e+01,-8.676000000000000000e+03,-2.328200000000000000e+04
-2.220000000000000000e+04,6.719000000000000000e+03,-2.711300000000000000e+04,-1.471000000000000000e+04,-2.939400000000000000e+04,4.010000000000000000e+02,-2.144800000000000000e+04,-2.465000000000000000e+03
-4.230000000000000000e+03,-1.863800000000000000e+04,-8.805000000000000000e+03,4.150000000000000000e+02,-2.485000000000000000e+03,-1.311000000000000000e+04,-1.608100000000000000e+04,-1.724800000000000000e+04
-3.576400000000000000e+04,-1.565300000000000000e+04,-5.189000000000000000e+03,-2.403300000000000000e+04,-2.364800000000000000e+04,-3.233200000000000000e+04,-8.636000000000000000e+03,-2.847000000000000000e+03
-1.051800000000000000e+04,-1.691100000000000000e+04,-1.108200000000000000e+04,-1.252700000000000000e+04,1.444800000000000000e+04,-1.101200000000000000e+04,-3.106500000000000000e+04,-2.589400000000000000e+04
-1.459400000000000000e+04,-2.638500000000000000e+04,-1.161700000000000000e+04,-1.862300000000000000e+04,1.440300000000000000e+04,-1.683900000000000000e+04,-2.259300000000000000e+04,-3.349900000000000000e+04
-4.020300000000000000e+04,-2.434300000000000000e+04,6.366000000000000000e+03,-4.697000000000000000e+03,-2.659500000000000000e+04,-1.976900000000000000e+04,2.900000000000000000e+02,-1.818100000000000000e+04
-3.707000000000000000e+03,-2.179200000000000000e+04,-9.547000000000000000e+03,-9.690000000000000000e+03,2.536000000000000000e+03,-9.210000000000000000e+03,-2.190800000000000000e+04,-3.494400000000000000e+04
-1.142500000000000000e+04,-1.742200000000000000e+04,-2.741000000000000000e+03,1.349000000000000000e+04,-1.732600000000000000e+04,-1.558000000000000000e+03,-2.085500000000000000e+04,-3.655800000000000000e+04
-1.122200000000000000e+04,9.469000000000000000e+03,-1.052600000000000000e+04,-1.286400000000000000e+04,-3.305000000000000000e+04,-1.765700000000000000e+04,-1.127800000000000000e+04,-3.122600000000000000e+04
-9.207000000000000000e+03,2.169100000000000000e+04,-1.445900000000000000e+04,-1.976600000000000000e+04,-2.595500000000000000e+04,-2.064700000000000000e+04,-2.511900000000000000e+04,-2.952900000000000000e+04
-5.130000000000000000e+03,5.129000000000000000e+03,-1.485200000000000000e+04,-4.847000000000000000e+03,-3.424700000000000000e+04,-1.494200000000000000e+04,-8.593000000000000000e+03,-3.391100000000000000e+04
-2.277100000000000000e+04,3.265900000000000000e+04,-2.478500000000000000e+04,-1.572000000000000000e+04,-4.678600000000000000e+04,-1.645600000000000000e+04,-2.756100000000000000e+04,-3.030200000000000000e+04
-1.885500000000000000e+04,-2.343900000000000000e+04,-1.926600000000000000e+04,-2.108100000000000000e+04,-2.237200000000000000e+04,-1.846800000000000000e+04,1.139700000000000000e+04,-2.478800000000000000e+04
-2.133300000000000000e+04,-9.616000000000000000e+03,-1.579900000000000000e+04,-1.643900000000000000e+04,-1.827000000000000000e+04,-2.654800000000000000e+04,1.473300000000000000e+04,-2.967500000000000000e+04
-1.812100000000000000e+04,-1.499700000000000000e+04,-1.135800000000000000e+04,-2.754900000000000000e+04,-5.127000000000000000e+03,-9.265000000000000000e+03,1.282600000000000000e+04,-1.918600000000000000e+04
-2.343400000000000000e+04,-2.614100000000000000e+04,-2.267900000000000000e+04,-3.064000000000000000e+04,-2.589300000000000000e+04,-2.209300000000000000e+04,-2.505500000000000000e+04,2.112400000000000000e+04
-8.331000000000000000e+03,2.554000000000000000e+03,-1.612100000000000000e+04,7.940000000000000000e+02,-2.035500000000000000e+04,-1.655000000000000000e+04,-2.360800000000000000e+04,-1.603600000000000000e+04
-3.086100000000000000e+04,-1.526400000000000000e+04,2.616900000000000000e+04,-1.443400000000000000e+04,-1.441600000000000000e+04,-2.418900000000000000e+04,-1.562900000000000000e+04,-2.204300000000000000e+04
-2.257400000000000000e+04,-1.979700000000000000e+04,-1.910000000000000000e+04,-2.547400000000000000e+04,-1.413200000000000000e+04,-2.360500000000000000e+04,-1.594800000000000000e+04,8.968000000000000000e+03
-2.784900000000000000e+04,-2.387700000000000000e+04,2.124000000000000000e+03,-4.639000000000000000e+03,-7.867000000000000000e+03,-1.081500000000000000e+04,-3.729000000000000000e+03,-3.477900000000000000e+04
8.062000000000000000e+03,-2.790000000000000000e+04,-1.150300000000000000e+04,-7.067000000000000000e+03,2.780000000000000000e+03,-6.370000000000000000e+02,-2.648500000000000000e+04,-3.571000000000000000e+04
6.170000000000000000e+03,-1.769400000000000000e+04,-7.349000000000000000e+03,-1.393100000000000000e+04,-7.987000000000000000e+03,5.647000000000000000e+03,-3.291400000000000000e+04,-4.368700000000000000e+04
-1.920900000000000000e+04,-1.326800000000000000e+04,-5.959000000000000000e+03,-1.504700000000000000e+04,-1.478400000000000000e+04,-1.477400000000000000e+04,3.045000000000000000e+03,-1.234700000000000000e+04
-1.230400000000000000e+04,1.255500000000000000e+04,-7.046000000000000000e+03,-1.616600000000000000e+04,-2.522000000000000000e+04,-2.145000000000000000e+04,-1.292000000000000000e+04,-3.695700000000000000e+04
-2.177200000000000000e+04,3.072600000000000000e+04,-2.087300000000000000e+04,-2.045800000000000000e+04,-4.644200000000000000e+04,-1.698300000000000000e+04,-2.850900000000000000e+04,-3.345000000000000000e+04
-1.451100000000000000e+04,-2.385900000000000000e+04,-1.070800000000000000e+04,-2.425000000000000000e+04,-2.166400000000000000e+04,-1.019300000000000000e+04,1.654100000000000000e+04,-2.150300000000000000e+04
-2.691400000000000000e+04,-1.551500000000000000e+04,-2.217600000000000000e+04,-3.539200000000000000e+04,-2.096700000000000000e+04,-2.139400000000000000e+04,-1.853700000000000000e+04,2.156500000000000000e+04
-1.887000000000000000e+04,-2.607300000000000000e+04,-2.961000000000000000e+03,-1.618200000000000000e+04,-1.013100000000000000e+04,-1.726700000000000000e+04,-2.951000000000000000e+03,-1.541900000000000000e+04
-2.387300000000000000e+04,4.079000000000000000e+03,-2.309000000000000000e+04,-8.102000000000000000e+03,-3.006300000000000000e+04,4.038000000000000000e+03,-2.784000000000000000e+03,-2.315800000000000000e+04
7.393000000000000000e+03,-1.761200000000000000e+04,-2.210300000000000000e+04,-9.223000000000000000e+03,1.219000000000000000e+03,-1.563200000000000000e+04,-2.719300000000000000e+04,-2.956400000000000000e+04
-2.056900000000000000e+04,1.029000000000000000e+04,-1.827100000000000000e+04,-7.926000000000000000e+03,-3.285100000000000000e+04,-1.201200000000000000e+04,-5.943000000000000000e+03,-3.516900000000000000e+04
-2.226400000000000000e+04,-1.643200000000000000e+04,-1.368500000000000000e+04,-1.457000000000000000e+04,-1.284500000000000000e+04,1.255300000000000000e+04,-3.766000000000000000e+03,-1.189600000000000000e+04
-2.635700000000000000e+04,-1.418600000000000000e+04,-1.018700000000000000e+04,-2.482400000000000000e+04,-1.631400000000000000e+04,-2.971000000000000000e+03,7.984000000000000000e+03,-1.078400000000000000e+04
-6.116000000000000000e+03,9.607000000000000000e+03,-2.011100000000000000e+04,-2.800200000000000000e+04,-3.226300000000000000e+04,-2.280900000000000000e+04,-1.949100000000000000e+04,-2.799900000000000000e+04
-2.286700000000000000e+04,2.965500000000000000e+04,-2.064400000000000000e+04,-2.190400000000000000e+04,-4.063600000000000000e+04,-1.320000000000000000e+04,-1.953300000000000000e+04,-2.371700000000000000e+04
5.740000000000000000e+02,-1.434700000000000000e+04,-2.021500000000000000e+04,5.170000000000000000e+02,-2.844000000000000000e+04,-5.263000000000000000e+03,-2.648800000000000000e+04,-4.033200000000000000e+04
-1.263100000000000000e+04,-7.757000000000000000e+03,-3.261000000000000000e+03,-2.575300000000000000e+04,-1.882800000000000000e+04,-2.734000000000000000e+04,-1.749000000000000000e+04,7.941000000000000000e+03
-2.737700000000000000e+04,-2.028900000000000000e+04,-1.674800000000000000e+04,-3.749900000000000000e+04,-2.730800000000000000e+04,-1.820500000000000000e+04,-2.249400000000000000e+04,1.360500000000000000e+04
-1.560400000000000000e+04,-1.860800000000000000e+04,-9.464000000000000000e+03,-1.871000000000000000e+03,-6.066000000000000000e+03,-3.386000000000000000e+03,-1.133900000000000000e+04,-2.218700000000000000e+04
-2.635500000000000000e+04,2.021700000000000000e+04,-1.832700000000000000e+04,-2.014200000000000000e+04,-4.300300000000000000e+04,-1.248800000000000000e+04,-9.640000000000000000e+02,-3.997500000000000000e+04
-2.416300000000000000e+04,-1.445000000000000000e+03,-9.631000000000000000e+03,-1.988400000000000000e+04,-3.240200000000000000e+04,-1.278700000000000000e+04,2.666500000000000000e+04,-2.519500000000000000e+04
-1.777300000000000000e+04,-7.659000000000000000e+03,-4.750000000000000000e+02,1.738000000000000000e+03,-2.548800000000000000e+04,-2.102200000000000000e+04,-2.176000000000000000e+03,-2.893800000000000000e+04
-2.675500000000000000e+04,-2.160600000000000000e+04,-1.800000000000000000e+04,-2.297000000000000000e+04,-2.084700000000000000e+04,-1.214000000000000000e+04,2.617600000000000000e+04,-1.612100000000000000e+04
-2.185900000000000000e+04,-1.925300000000000000e+04,-2.230000000000000000e+03,-2.395300000000000000e+04,-2.419600000000000000e+04,-1.680700000000000000e+04,8.328000000000000000e+03,-1.706900000000000000e+04
-1.791600000000000000e+04,-6.418000000000000000e+03,-1.614600000000000000e+04,3.006000000000000000e+03,-1.281000000000000000e+04,-6.444000000000000000e+03,-1.039900000000000000e+04,-3.152200000000000000e+04
-1.587600000000000000e+04,-1.854200000000000000e+04,-1.483500000000000000e+04,-2.724000000000000000e+04,-1.307900000000000000e+04,-3.104600000000000000e+04,-2.103100000000000000e+04,1.292500000000000000e+04
-2.826400000000000000e+04,-2.549700000000000000e+04,-6.939000000000000000e+03,-2.825100000000000000e+04,-2.076400000000000000e+04,-3.629100000000000000e+04,-5.348000000000000000e+03,2.056000000000000000e+03
-3.607000000000000000e+04,-1.840700000000000000e+04,-7.725000000000000000e+03,3.247000000000000000e+03,-3.329700000000000000e+04,-1.991400000000000000e+04,3.300000000000000000e+03,-3.485700000000000000e+04
-2.128000000000000000e+04,-4.134000000000000000e+03,-2.390000000000000000e+04,-7.553000000000000000e+03,-2.861500000000000000e+04,-1.043100000000000000e+04,1.381200000000000000e+04,-2.819100000000000000e+04
-2.315400000000000000e+04,-2.017600000000000000e+04,-1.407600000000000000e+04,-6.861000000000000000e+03,-4.621000000000000000e+03,-9.501000000000000000e+03,-1.012200000000000000e+04,-2.548600000000000000e+04
1.597000000000000000e+03,-2.330600000000000000e+04,-1.185300000000000000e+04,-1.906500000000000000e+04,7.959000000000000000e+03,-1.214300000000000000e+04,-2.779600000000000000e+04,-3.306000000000000000e+04
-1.730500000000000000e+04,1.909900000000000000e+04,-2.617600000000000000e+04,-5.917000000000000000e+03,-4.604400000000000000e+04,-2.683700000000000000e+04,-1.883700000000000000e+04,-2.905600000000000000e+04
-2.916200000000000000e+04,-1.162500000000000000e+04,-1.371800000000000000e+04,-2.619600000000000000e+04,-2.604400000000000000e+04,-1.688600000000000000e+04,1.048700000000000000e+04,-1.625800000000000000e+04
3.003000000000000000e+03,-2.338200000000000000e+04,-1.293800000000000000e+04,-1.108900000000000000e+04,-1.266100000000000000e+04,-2.757000000000000000e+03,-2.180000000000000000e+04,-3.289900000000000000e+04
-1.225700000000000000e+04,-2.436700000000000000e+04,-1.247800000000000000e+04,-2.066700000000000000e+04,6.698000000000000000e+03,-1.732000000000000000e+04,-1.762100000000000000e+04,-9.399000000000000000e+03
-6.356000000000000000e+03,-1.658900000000000000e+04,-1.452100000000000000e+04,-4.906000000000000000e+03,6.405000000000000000e+03,-9.048000000000000000e+03,-1.269200000000000000e+04,-2.384900000000000000e+04
-1.056400000000000000e+04,-1.596300000000000000e+04,-2.759700000000000000e+04,2.047000000000000000e+03,-1.723600000000000000e+04,1.317800000000000000e+04,-1.761100000000000000e+04,-3.906500000000000000e+04
-1.848900000000000000e+04,-1.457000000000000000e+04,-1.927200000000000000e+04,-1.265500000000000000e+04,-2.492800000000000000e+04,-6.634000000000000000e+03,-1.349000000000000000e+03,-7.945000000000000000e+03
-7.750000000000000000e+02,-1.278900000000000000e+04,-1.279400000000000000e+04,-6.100000000000000000e+01,-9.683000000000000000e+03,-4.308000000000000000e+03,-2.530900000000000000e+04,-3.105800000000000000e+04
1.865000000000000000e+04,-3.103000000000000000e+03,-1.190600000000000000e+04,-2.072600000000000000e+04,-2.228700000000000000e+04,-7.631000000000000000e+03,-3.251500000000000000e+04,-4.263800000000000000e+04
-3.265300000000000000e+04,-2.877500000000000000e+04,-1.510100000000000000e+04,-3.893900000000000000e+04,-3.093100000000000000e+04,-3.413900000000000000e+04,-2.808300000000000000e+04,1.367000000000000000e+04
-3.067200000000000000e+04,2.093500000000000000e+04,-2.225000000000000000e+04,-2.737700000000000000e+04,-4.650300000000000000e+04,-7.576000000000000000e+03,-1.974100000000000000e+04,-3.937500000000000000e+04
-3.674000000000000000e+03,-2.014300000000000000e+04,-1.107500000000000000e+04,-2.450000000000000000e+02,-2.196800000000000000e+04,2.449000000000000000e+03,-2.472300000000000000e+04,-2.778300000000000000e+04
-4.356000000000000000e+03,-1.782400000000000000e+04,-1.312100000000000000e+04,-1.862100000000000000e+04,1.324200000000000000e+04,-1.095800000000000000e+04,-2.259300000000000000e+04,-2.463200000000000000e+04
-1.454100000000000000e+04,-1.245400000000000000e+04,-7.221000000000000000e+03,-1.734200000000000000e+04,6.551000000000000000e+03,-3.096900000000000000e+04,-4.150000000000000000e+02,-7.214000000000000000e+03
1.507000000000000000e+03,-2.142700000000000000e+04,-1.146900000000000000e+04,-1.624500000000000000e+04,8.599000000000000000e+03,-5.308000000000000000e+03,-2.706200000000000000e+04,-2.696100000000000000e+04
-2.018000000000000000e+04,-8.399000000000000000e+03,3.878000000000000000e+03,-1.284500000000000000e+04,-1.371500000000000000e+04,-2.400000000000000000e+04,-3.561000000000000000e+03,-1.733100000000000000e+04
-1.527500000000000000e+04,-1.380400000000000000e+04,-2.967700000000000000e+04,1.840000000000000000e+03,-2.592300000000000000e+04,1.065000000000000000e+03,-8.020000000000000000e+03,-1.856100000000000000e+04
8.087000000000000000e+03,-1.037900000000000000e+04,-1.304500000000000000e+04,-1.817800000000000000e+04,2.368000000000000000e+03,-1.889800000000000000e+04,-2.766800000000000000e+04,-2.333200000000000000e+04
-4.918000000000000000e+03,-2.404700000000000000e+04,-5.106000000000000000e+03,-9.779000000000000000e+03,1.079700000000000000e+04,-2.332800000000000000e+04,-1.635000000000000000e+04,-2.079800000000000000e+04
-1.978600000000000000e+04,-1.030100000000000000e+04,-2.509800000000000000e+04,-1.117900000000000000e+04,-2.919000000000000000e+04,8.533000000000000000e+03,-1.179500000000000000e+04,-3.066800000000000000e+04
-2.075000000000000000e+03,-1.251100000000000000e+04,-2.929400000000000000e+04,9.234000000000000000e+03,-1.617400000000000000e+04,-7.428000000000000000e+03,-2.195400000000000000e+04,-2.508300000000000000e+04
-1.807900000000000000e+04,-1.759400000000000000e+04,-1.618800000000000000e+04,2.096000000000000000e+03,-1.529500000000000000e+04,-4.716000000000000000e+03,-1.129800000000000000e+04,-1.819600000000000000e+04
-1.146800000000000000e+04,-2.401500000000000000e+04,-1.112800000000000000e+04,-2.413000000000000000e+03,-1.803200000000000000e+04,1.095700000000000000e+04,-1.641600000000000000e+04,-3.992300000000000000e+04
-2.811300000000000000e+04,-2.935100000000000000e+04,-8.375000000000000000e+03,-3.132600000000000000e+04,-3.430200000000000000e+04,-2.765400000000000000e+04,-1.980800000000000000e+04,2.247300000000000000e+04
-1.622000000000000000e+03,-1.919900000000000000e+04,-1.119000000000000000e+04,-5.320000000000000000e+02,-2.695800000000000000e+04,4.950000000000000000e+03,-3.128100000000000000e+04,-3.679400000000000000e+04
-1.858500000000000000e+04,-1.218600000000000000e+04,-1.340800000000000000e+04,-2.129600000000000000e+04,-4.472000000000000000e+03,-1.681900000000000000e+04,1.800300000000000000e+04,-1.135700000000000000e+04
-1.419300000000000000e+04,-1.628900000000000000e+04,-8.353000000000000000e+03,-2.848000000000000000e+03,1.443000000000000000e+03,-1.949900000000000000e+04,-2.687900000000000000e+04,-1.421600000000000000e+04
-1.387700000000000000e+04,2.255300000000000000e+04,-2.471800000000000000e+04,-2.389200000000000000e+04,-3.323500000000000000e+04,-1.011800000000000000e+04,-2.282100000000000000e+04,-1.613000000000000000e+04
-2.635400000000000000e+04,1.400000000000000000e+02,-2.357800000000000000e+04,-8.803000000000000000e+03,-3.207500000000000000e+04,-1.920600000000000000e+04,1.131900000000000000e+04,-2.144300000000000000e+04
-1.864700000000000000e+04,-1.839600000000000000e+04,-2.578000000000000000e+03,-1.876800000000000000e+04,2.697000000000000000e+03,-3.200100000000000000e+04,-3.245800000000000000e+04,-3.858000000000000000e+03
-1.910500000000000000e+04,-1.900600000000000000e+04,-3.365000000000000000e+03,-2.725300000000000000e+04,-1.531300000000000000e+04,-2.817900000000000000e+04,-1.021300000000000000e+04,-1.825000000000000000e+03
-1.020700000000000000e+04,-1.743700000000000000e+04,-8.906000000000000000e+03,-2.041600000000000000e+04,4.129000000000000000e+03,-2.616400000000000000e+04,-3.189400000000000000e+04,-9.302000000000000000e+03
-6.851000000000000000e+03,-2.161300000000000000e+04,-1.265300000000000000e+04,2.359000000000000000e+03,-3.231300000000000000e+04,1.101500000000000000e+04,-2.392700000000000000e+04,-3.907700000000000000e+04
-3.264100000000000000e+04,-4.471000000000000000e+03,3.049000000000000000e+03,-8.049000000000000000e+03,-1.198500000000000000e+04,-1.068900000000000000e+04,-8.903000000000000000e+03,-2.462500000000000000e+04
-1.572000000000000000e+04,-1.089600000000000000e+04,-1.878200000000000000e+04,-1.037000000000000000e+03,-9.635000000000000000e+03,-1.297400000000000000e+04,-1.700000000000000000e+03,-2.526600000000000000e+04
-1.209000000000000000e+04,-5.570000000000000000e+03,-9.628000000000000000e+03,7.064000000000000000e+03,-1.825800000000000000e+04,-1.010100000000000000e+04,-1.152300000000000000e+04,-3.274500000000000000e+04
-5.029000000000000000e+03,-1.338100000000000000e+04,-1.901500000000000000e+04,-1.226800000000000000e+04,-2.323200000000000000e+04,1.116800000000000000e+04,-2.043800000000000000e+04,-2.209200000000000000e+04
-1.100300000000000000e+04,1.147000000000000000e+04,-1.348000000000000000e+04,-1.504600000000000000e+04,-2.030900000000000000e+04,-1.013300000000000000e+04,-3.138800000000000000e+04,-2.181300000000000000e+04
-8.611000000000000000e+03,-1.459200000000000000e+04,-1.664900000000000000e+04,2.163000000000000000e+03,-1.243600000000000000e+04,2.270000000000000000e+02,-1.493800000000000000e+04,-1.949300000000000000e+04
-2.296800000000000000e+04,-2.260100000000000000e+04,-2.375900000000000000e+04,-1.091600000000000000e+04,-8.845000000000000000e+03,-1.267300000000000000e+04,-1.123000000000000000e+03,-2.307800000000000000e+04
-1.188200000000000000e+04,-1.396800000000000000e+04,-1.794400000000000000e+04,-2.468200000000000000e+04,-1.167700000000000000e+04,-1.497500000000000000e+04,-1.668500000000000000e+04,1.225700000000000000e+04
-1.184200000000000000e+04,-1.779400000000000000e+04,-2.457700000000000000e+04,-1.675800000000000000e+04,-1.578700000000000000e+04,1.119200000000000000e+04,-7.438000000000000000e+03,-2.926800000000000000e+04
-1.744200000000000000e+04,-2.093600000000000000e+04,-7.830000000000000000e+02,-9.418000000000000000e+03,-5.602000000000000000e+03,-1.983900000000000000e+04,-6.417000000000000000e+03,-1.883600000000000000e+04
-1.394100000000000000e+04,-1.082600000000000000e+04,-8.127000000000000000e+03,-7.766000000000000000e+03,-1.626900000000000000e+04,-1.336300000000000000e+04,-3.418000000000000000e+03,-1.100900000000000000e+04
-5.272000000000000000e+03,-1.501400000000000000e+04,-1.770100000000000000e+04,3.302000000000000000e+03,-1.658500000000000000e+04,6.761000000000000000e+03,-2.358500000000000000e+04,-1.283500000000000000e+04
1.038000000000000000e+03,-1.621700000000000000e+04,-5.277000000000000000e+03,-1.295000000000000000e+04,-4.115000000000000000e+03,-2.462000000000000000e+03,-2.562100000000000000e+04,-4.053800000000000000e+04
-1.418000000000000000e+04,-1.787600000000000000e+04,1.321000000000000000e+03,-2.122400000000000000e+04,-1.577000000000000000e+04,-1.906000000000000000e+04,9.713000000000000000e+03,-9.001000000000000000e+03
4.410000000000000000e+02,-1.008800000000000000e+04,-2.540500000000000000e+04,-1.095900000000000000e+04,-1.944100000000000000e+04,9.871000000000000000e+03,-1.247000000000000000e+04,-2.131900000000000000e+04
-1.811400000000000000e+04,-2.282700000000000000e+04,-1.899000000000000000e+03,-2.371400000000000000e+04,-6.034000000000000000e+03,-2.924000000000000000e+04,-2.150200000000000000e+04,8.360000000000000000e+02
6.406000000000000000e+03,-2.375500000000000000e+04,-1.150000000000000000e+03,-2.003700000000000000e+04,6.150000000000000000e+03,-2.591100000000000000e+04,-3.009800000000000000e+04,-3.151200000000000000e+04
-1.060600000000000000e+04,-2.470000000000000000e+04,-4.226000000000000000e+03,1.817000000000000000e+03,-2.140900000000000000e+04,-7.959000000000000000e+03,-1.157000000000000000e+04,-4.471800000000000000e+04
-1.466300000000000000e+04,-9.336000000000000000e+03,-5.515000000000000000e+03,-1.017500000000000000e+04,-8.343000000000000000e+03,-1.795400000000000000e+04,1.093000000000000000e+03,-3.076800000000000000e+04
6.885000000000000000e+03,-8.851000000000000000e+03,-2.371400000000000000e+04,-8.376000000000000000e+03,-2.595900000000000000e+04,-2.869000000000000000e+03,-1.985600000000000000e+04,-2.114900000000000000e+04
-4.418400000000000000e+04,-1.516100000000000000e+04,-6.877000000000000000e+03,-4.950000000000000000e+03,-3.164300000000000000e+04,-2.004000000000000000e+04,2.211900000000000000e+04,-3.951300000000000000e+04
7.850000000000000000e+02,-1.511400000000000000e+04,-3.466300000000000000e+04,-1.403500000000000000e+04,-1.131800000000000000e+04,-1.318000000000000000e+03,-1.772500000000000000e+04,-3.786500000000000000e+04
-1.086600000000000000e+04,-1.911200000000000000e+04,-2.170400000000000000e+04,3.493000000000000000e+03,-1.512600000000000000e+04,-6.439000000000000000e+03,2.080000000000000000e+02,-3.866600000000000000e+04
-1.289900000000000000e+04,-1.583200000000000000e+04,5.646000000000000000e+03,-7.583000000000000000e+03,-7.862000000000000000e+03,-2.158600000000000000e+04,-2.397000000000000000e+04,-2.183200000000000000e+04
-3.024900000000000000e+04,-1.970000000000000000e+02,-1.134900000000000000e+04,-6.000000000000000000e+01,-2.734300000000000000e+04,-2.072500000000000000e+04,-6.154000000000000000e+03,-2.657400000000000000e+04
-7.552000000000000000e+03,-5.320000000000000000e+03,-1.839000000000000000e+03,5.942000000000000000e+03,-1.345800000000000000e+04,-1.288000000000000000e+03,-2.124900000000000000e+04,-3.026400000000000000e+04
-1.565600000000000000e+04,2.785800000000000000e+04,-2.656200000000000000e+04,-1.507900000000000000e+04,-4.378900000000000000e+04,-2.418700000000000000e+04,-2.388600000000000000e+04,-3.458600000000000000e+04
-1.605700000000000000e+04,-2.267000000000000000e+03,-2.330700000000000000e+04,8.106000000000000000e+03,-3.987300000000000000e+04,4.194000000000000000e+03,-2.224600000000000000e+04,-3.106600000000000000e+04
-1.745800000000000000e+04,2.329000000000000000e+03,-1.013600000000000000e+04,-7.761000000000000000e+03,-3.371000000000000000e+04,-1.761000000000000000e+04,-3.652000000000000000e+03,-3.522700000000000000e+04
-1.028600000000000000e+04,-4.122000000000000000e+03,-1.930300000000000000e+04,-2.042300000000000000e+04,-2.690400000000000000e+04,-4.986000000000000000e+03,7.852000000000000000e+03,-2.593500000000000000e+04
-2.321900000000000000e+04,-8.125000000000000000e+03,-2.198600000000000000e+04,-2.038200000000000000e+04,-3.331600000000000000e+04,-2.405900000000000000e+04,6.876000000000000000e+03,-2.313700000000000000e+04
-1.259000000000000000e+04,1.865900000000000000e+04,-1.586800000000000000e+04,-1.222300000000000000e+04,-3.462700000000000000e+04,-1.175100000000000000e+04,-2.451800000000000000e+04,-4.560500000000000000e+04
-1.851800000000000000e+04,1.922300000000000000e+04,-2.078600000000000000e+04,-1.750200000000000000e+04,-4.224300000000000000e+04,-1.605300000000000000e+04,-1.670900000000000000e+04,-3.386000000000000000e+04
-2.260100000000000000e+04,1.615500000000000000e+04,-1.935000000000000000e+04,-1.713600000000000000e+04,-3.443700000000000000e+04,-1.586000000000000000e+04,-1.710800000000000000e+04,-2.363000000000000000e+04
8.915000000000000000e+03,-1.577000000000000000e+04,-2.559000000000000000e+04,-1.256300000000000000e+04,-5.973000000000000000e+03,-1.431000000000000000e+03,-2.703200000000000000e+04,-2.963100000000000000e+04
-3.468800000000000000e+04,-1.760100000000000000e+04,-5.836000000000000000e+03,-2.996000000000000000e+04,-2.754800000000000000e+04,-2.995400000000000000e+04,-2.212900000000000000e+04,1.806600000000000000e+04
-1.216900000000000000e+04,-2.164000000000000000e+04,-6.871000000000000000e+03,-1.955500000000000000e+04,-1.993000000000000000e+04,-1.872900000000000000e+04,1.400200000000000000e+04,-1.061500000000000000e+04
-2.291800000000000000e+04,-3.068000000000000000e+03,-1.206000000000000000e+04,-1.876100000000000000e+04,-2.247300000000000000e+04,-1.804900000000000000e+04,4.601000000000000000e+03,-1.579600000000000000e+04
-2.288300000000000000e+04,-8.988000000000000000e+03,-9.989000000000000000e+03,-2.342100000000000000e+04,-2.887400000000000000e+04,-1.425400000000000000e+04,2.319700000000000000e+04,-1.516000000000000000e+04
-2.178400000000000000e+04,-1.493600000000000000e+04,-1.726000000000000000e+04,-9.182000000000000000e+03,-5.660000000000000000e+03,-1.206500000000000000e+04,2.735000000000000000e+03,-1.003800000000000000e+04
-2.023500000000000000e+04,-1.289800000000000000e+04,-1.296200000000000000e+04,-8.073000000000000000e+03,-3.985000000000000000e+04,1.687000000000000000e+04,-1.162500000000000000e+04,-3.606600000000000000e+04
-3.426500000000000000e+04,-1.694600000000000000e+04,5.170000000000000000e+02,2.347000000000000000e+03,-1.234900000000000000e+04,-1.398900000000000000e+04,-9.930000000000000000e+02,-3.390600000000000000e+04
1.598900000000000000e+04,-2.753200000000000000e+04,-1.779400000000000000e+04,7.580000000000000000e+02,-9.149000000000000000e+03,-6.903000000000000000e+03,-3.518600000000000000e+04,-4.140300000000000000e+04
-2.802900000000000000e+04,-2.056200000000000000e+04,-4.251000000000000000e+03,-1.976900000000000000e+04,-2.965200000000000000e+04,-1.942300000000000000e+04,1.276000000000000000e+04,-3.563200000000000000e+04
1.380200000000000000e+04,-2.063800000000000000e+04,-1.919700000000000000e+04,-1.233900000000000000e+04,-7.572000000000000000e+03,-6.360000000000000000e+03,-3.245500000000000000e+04,-4.244500000000000000e+04
-3.776400000000000000e+04,-2.012500000000000000e+04,4.699000000000000000e+03,-1.398000000000000000e+04,-2.197700000000000000e+04,-4.188300000000000000e+04,-2.023200000000000000e+04,-6.508000000000000000e+03
-1.361700000000000000e+04,2.999000000000000000e+04,-1.771600000000000000e+04,-2.879100000000000000e+04,-5.024900000000000000e+04,-6.935000000000000000e+03,-3.183600000000000000e+04,-3.220400000000000000e+04
-2.355800000000000000e+04,-1.465000000000000000e+04,-1.231300000000000000e+04,-8.828000000000000000e+03,-2.468600000000000000e+04,-2.091700000000000000e+04,3.020000000000000000e+03,-1.794400000000000000e+04
-2.117000000000000000e+04,-6.438000000000000000e+03,-7.861000000000000000e+03,-9.131000000000000000e+03,-1.579700000000000000e+04,-7.582000000000000000e+03,1.007000000000000000e+03,-2.584100000000000000e+04
-3.746000000000000000e+03,-1.568100000000000000e+04,-1.234300000000000000e+04,5.541000000000000000e+03,-2.407900000000000000e+04,-2.717000000000000000e+03,-2.445100000000000000e+04,-3.232900000000000000e+04
-2.922500000000000000e+04,-1.925900000000000000e+04,-1.266100000000000000e+04,-1.676600000000000000e+04,-2.923500000000000000e+04,-1.847800000000000000e+04,1.763900000000000000e+04,-2.364400000000000000e+04
-9.356000000000000000e+03,1.769500000000000000e+04,-2.046900000000000000e+04,-1.202500000000000000e+04,-2.996400000000000000e+04,-2.038700000000000000e+04,-1.241300000000000000e+04,-2.635300000000000000e+04
-1.958900000000000000e+04,1.003600000000000000e+04,-1.605600000000000000e+04,-9.711000000000000000e+03,-3.140100000000000000e+04,-1.082500000000000000e+04,-3.018000000000000000e+03,-3.079500000000000000e+04
-2.079700000000000000e+04,-1.086200000000000000e+04,-8.855000000000000000e+03,-2.195500000000000000e+04,-2.414900000000000000e+04,-1.972100000000000000e+04,1.012900000000000000e+04,-2.159600000000000000e+04
-2.086100000000000000e+04,1.108000000000000000e+03,-1.977400000000000000e+04,-2.129800000000000000e+04,-3.125800000000000000e+04,-4.820000000000000000e+03,-6.670000000000000000e+03,-1.957900000000000000e+04
-1.294700000000000000e+04,-1.809300000000000000e+04,-3.716000000000000000e+03,1.251800000000000000e+04,-2.142600000000000000e+04,-7.819000000000000000e+03,-1.971200000000000000e+04,-4.759000000000000000e+04
-2.545000000000000000e+03,-1.802500000000000000e+04,-6.082000000000000000e+03,-8.225000000000000000e+03,-2.164000000000000000e+03,-6.216000000000000000e+03,-1.182700000000000000e+04,-1.729800000000000000e+04
-2.205100000000000000e+04,-1.999800000000000000e+04,-2.114200000000000000e+04,-2.553700000000000000e+04,-2.795200000000000000e+04,-3.030800000000000000e+04,-2.186400000000000000e+04,1.910600000000000000e+04
-9.962000000000000000e+03,-1.666900000000000000e+04,-1.928800000000000000e+04,-2.797600000000000000e+04,-2.434200000000000000e+04,-2.524000000000000000e+04,-2.747400000000000000e+04,1.608400000000000000e+04
-3.322000000000000000e+03,-1.117700000000000000e+04,-6.461000000000000000e+03,-1.995000000000000000e+03,-1.758700000000000000e+04,7.610000000000000000e+02,-2.360800000000000000e+04,-2.759500000000000000e+04
-1.820400000000000000e+04,-1.880400000000000000e+04,-1.149700000000000000e+04,-1.324000000000000000e+04,-2.428700000000000000e+04,-2.066600000000000000e+04,7.711000000000000000e+03,-1.836300000000000000e+04
-2.177900000000000000e+04,-1.043200000000000000e+04,-1.822900000000000000e+04,-1.377400000000000000e+04,-2.528600000000000000e+04,-4.238000000000000000e+03,1.369400000000000000e+04,-2.768800000000000000e+04
-1.913600000000000000e+04,-1.537900000000000000e+04,-1.613200000000000000e+04,-1.575100000000000000e+04,-1.256100000000000000e+04,-3.741000000000000000e+03,-8.985000000000000000e+03,2.076900000000000000e+04
-4.364000000000000000e+03,-1.188000000000000000e+03,-2.875000000000000000e+04,-1.623700000000000000e+04,-3.504100000000000000e+04,-9.380000000000000000e+02,-1.073500000000000000e+04,-2.963100000000000000e+04
9.008000000000000000e+03,-2.086700000000000000e+04,-1.970700000000000000e+04,2.751000000000000000e+03,-2.400800000000000000e+04,-6.315000000000000000e+03,-3.181900000000000000e+04,-3.693700000000000000e+04
5.945000000000000000e+03,-8.933000000000000000e+03,-2.214100000000000000e+04,-5.738000000000000000e+03,3.308000000000000000e+03,-4.859000000000000000e+03,-1.883100000000000000e+04,-2.891800000000000000e+04
-2.026700000000000000e+04,2.431900000000000000e+04,-1.559200000000000000e+04,-2.341500000000000000e+04,-3.484600000000000000e+04,-1.387100000000000000e+04,-2.053100000000000000e+04,-3.961800000000000000e+04
-8.202000000000000000e+03,-1.860200000000000000e+04,-1.218300000000000000e+04,-6.267000000000000000e+03,-1.605600000000000000e+04,1.091500000000000000e+04,-1.403200000000000000e+04,-1.915900000000000000e+04
2.780000000000000000e+03,-1.100200000000000000e+04,-1.275300000000000000e+04,-2.435700000000000000e+04,6.811000000000000000e+03,-2.023000000000000000e+04,-1.474500000000000000e+04,-2.012000000000000000e+04
-2.182200000000000000e+04,-1.405500000000000000e+04,2.990000000000000000e+02,-3.283300000000000000e+04,-1.483900000000000000e+04,-1.760000000000000000e+04,-1.286400000000000000e+04,1.700000000000000000e+03
-1.825200000000000000e+04,-1.074800000000000000e+04,-9.630000000000000000e+03,-7.668000000000000000e+03,-7.089000000000000000e+03,-1.105900000000000000e+04,-1.572000000000000000e+03,-2.285400000000000000e+04
-2.127900000000000000e+04,-2.259800000000000000e+04,1.211200000000000000e+04,-2.461700000000000000e+04,-1.801300000000000000e+04,-3.248100000000000000e+04,-2.345000000000000000e+04,-6.220000000000000000e+03
-2.315500000000000000e+04,-2.368800000000000000e+04,-2.051700000000000000e+04,-2.857600000000000000e+04,-1.810900000000000000e+04,-2.340100000000000000e+04,-2.453300000000000000e+04,1.442200000000000000e+04
-2.096900000000000000e+04,-1.081100000000000000e+04,1.609100000000000000e+04,-1.734700000000000000e+04,-6.487000000000000000e+03,-1.925100000000000000e+04,-9.698000000000000000e+03,-1.770900000000000000e+04
3.815000000000000000e+03,-1.814400000000000000e+04,-1.473800000000000000e+04,-1.824400000000000000e+04,5.290000000000000000e+03,-2.028600000000000000e+04,-2.434200000000000000e+04,-3.107200000000000000e+04
-2.071900000000000000e+04,-1.560000000000000000e+04,-1.276100000000000000e+04,-4.198000000000000000e+03,-2.499900000000000000e+04,1.018000000000000000e+03,1.507000000000000000e+03,-1.753500000000000000e+04
-5.008000000000000000e+03,1.180400000000000000e+04,-2.078300000000000000e+04,-1.980300000000000000e+04,-2.321300000000000000e+04,-2.019000000000000000e+04,-1.887600000000000000e+04,-1.013100000000000000e+04
-2.165300000000000000e+04,-1.543100000000000000e+04,-8.374000000000000000e+03,6.115000000000000000e+03,-1.900500000000000000e+04,-2.950000000000000000e+02,-6.228000000000000000e+03,-2.074000000000000000e+04
-1.629800000000000000e+04,-1.271700000000000000e+04,-1.832700000000000000e+04,-3.990000000000000000e+03,-3.200700000000000000e+04,9.489000000000000000e+03,-2.036300000000000000e+04,-3.504600000000000000e+04
-1.541500000000000000e+04,-1.136700000000000000e+04,-2.132900000000000000e+04,-4.125000000000000000e+03,-3.407500000000000000e+04,6.405000000000000000e+03,-1.687100000000000000e+04,-2.840200000000000000e+04
-7.686000000000000000e+03,-9.600000000000000000e+03,-1.988000000000000000e+04,-1.920800000000000000e+04,-2.830500000000000000e+04,1.745600000000000000e+04,-1.166100000000000000e+04,-2.057500000000000000e+04
-3.768000000000000000e+03,1.524300000000000000e+04,-5.257000000000000000e+03,-2.481600000000000000e+04,-2.037500000000000000e+04,-1.651600000000000000e+04,-2.751900000000000000e+04,-2.301500000000000000e+04
-1.793000000000000000e+03,-1.528600000000000000e+04,-1.072300000000000000e+04,1.828000000000000000e+03,-2.606500000000000000e+04,-1.198700000000000000e+04,-2.986700000000000000e+04,-2.748500000000000000e+04
-2.855400000000000000e+04,-2.097100000000000000e+04,-1.123900000000000000e+04,-2.988500000000000000e+04,-2.154500000000000000e+04,-1.746000000000000000e+04,2.089000000000000000e+04,-2.090500000000000000e+04
-1.746000000000000000e+04,-6.779000000000000000e+03,-1.204200000000000000e+04,-2.780500000000000000e+04,-1.698100000000000000e+04,-1.101000000000000000e+04,1.130200000000000000e+04,-1.716800000000000000e+04
8.244000000000000000e+03,-1.938800000000000000e+04,-1.464600000000000000e+04,-3.669000000000000000e+03,-1.467800000000000000e+04,3.112000000000000000e+03,-2.995700000000000000e+04,-4.384200000000000000e+04
-1.500000000000000000e+02,-5.968000000000000000e+03,-1.681300000000000000e+04,-5.702000000000000000e+03,-2.696100000000000000e+04,-6.689000000000000000e+03,-1.531600000000000000e+04,-1.844400000000000000e+04
-7.013000000000000000e+03,-2.326200000000000000e+04,-1.579100000000000000e+04,-2.560000000000000000e+02,-1.044400000000000000e+04,9.620000000000000000e+02,-1.082300000000000000e+04,-3.425000000000000000e+04
-1.338000000000000000e+03,-2.052500000000000000e+04,-7.630000000000000000e+02,-1.522400000000000000e+04,1.849000000000000000e+03,-2.068300000000000000e+04,-3.421300000000000000e+04,-2.418500000000000000e+04
7.727000000000000000e+03,-1.498300000000000000e+04,-1.177300000000000000e+04,-1.166200000000000000e+04,-6.715000000000000000e+03,9.800000000000000000e+02,-1.830400000000000000e+04,4.232000000000000000e+03
-1.096000000000000000e+04,1.799500000000000000e+04,-1.079700000000000000e+04,-6.685000000000000000e+03,-2.904500000000000000e+04,-9.828000000000000000e+03,-8.977000000000000000e+03,-3.874300000000000000e+04
-2.794200000000000000e+04,-2.098900000000000000e+04,-1.321300000000000000e+04,-2.487800000000000000e+04,-3.349900000000000000e+04,-1.758000000000000000e+04,-2.398400000000000000e+04,1.860900000000000000e+04
-4.464400000000000000e+04,-2.042300000000000000e+04,5.890000000000000000e+02,-3.097900000000000000e+04,-3.398100000000000000e+04,-3.367200000000000000e+04,-1.431500000000000000e+04,9.488000000000000000e+03
-2.738100000000000000e+04,-2.205500000000000000e+04,-3.514000000000000000e+03,-2.151600000000000000e+04,-3.121300000000000000e+04,-3.134200000000000000e+04,-1.663500000000000000e+04,9.722000000000000000e+03
-2.858400000000000000e+04,-2.849200000000000000e+04,-1.147400000000000000e+04,-3.287400000000000000e+04,-2.845800000000000000e+04,-2.698600000000000000e+04,-1.022300000000000000e+04,1.771900000000000000e+04
-1.836100000000000000e+04,-7.259000000000000000e+03,-1.491100000000000000e+04,4.621000000000000000e+03,-3.375100000000000000e+04,1.152400000000000000e+04,-1.725800000000000000e+04,-2.166300000000000000e+04
-2.011600000000000000e+04,-9.402000000000000000e+03,-1.129600000000000000e+04,-2.480300000000000000e+04,-2.120600000000000000e+04,-1.029500000000000000e+04,-9.990000000000000000e+03,4.888000000000000000e+03
-1.085000000000000000e+04,-1.260000000000000000e+04,-2.261600000000000000e+04,-1.968600000000000000e+04,-2.784500000000000000e+04,-2.415500000000000000e+04,1.563800000000000000e+04,-1.349400000000000000e+04
-1.751400000000000000e+04,-2.397200000000000000e+04,-1.212500000000000000e+04,-1.113100000000000000e+04,1.433200000000000000e+04,-2.517600000000000000e+04,-3.163100000000000000e+04,-2.834200000000000000e+04
3.868000000000000000e+03,-1.062600000000000000e+04,-1.645600000000000000e+04,-8.481000000000000000e+03,-9.479000000000000000e+03,-3.395000000000000000e+03,-2.444500000000000000e+04,-2.976900000000000000e+04
-5.987000000000000000e+03,-1.748100000000000000e+04,-6.634000000000000000e+03,-8.340000000000000000e+03,-2.194400000000000000e+04,-8.907000000000000000e+03,-1.233200000000000000e+04,-3.477100000000000000e+04
2.140000000000000000e+02,-1.984900000000000000e+04,-6.674000000000000000e+03,-6.262000000000000000e+03,-4.125000000000000000e+03,-1.054100000000000000e+04,-2.734600000000000000e+04,-3.967000000000000000e+04
-2.239600000000000000e+04,-1.679700000000000000e+04,-2.089200000000000000e+04,-1.643100000000000000e+04,-8.080000000000000000e+03,-4.685000000000000000e+03,5.295000000000000000e+03,-1.932700000000000000e+04
-1.581900000000000000e+04,-2.479700000000000000e+04,-2.463000000000000000e+04,-3.565000000000000000e+04,-1.263700000000000000e+04,-2.604800000000000000e+04,-2.333400000000000000e+04,1.926100000000000000e+04
-2.153500000000000000e+04,-2.943300000000000000e+04,-1.300400000000000000e+04,-3.303200000000000000e+04,-3.055200000000000000e+04,-2.955300000000000000e+04,-3.016800000000000000e+04,1.944000000000000000e+04
-5.208000000000000000e+03,-1.561800000000000000e+04,-9.937000000000000000e+03,-8.895000000000000000e+03,-1.526100000000000000e+04,-8.493000000000000000e+03,-2.826000000000000000e+03,-2.269100000000000000e+04
-2.185500000000000000e+04,-6.159000000000000000e+03,-3.227000000000000000e+03,-1.706400000000000000e+04,-2.185800000000000000e+04,-1.637800000000000000e+04,1.274400000000000000e+04,-2.187400000000000000e+04
-5.890000000000000000e+03,-2.095200000000000000e+04,1.330000000000000000e+03,-2.842100000000000000e+04,1.684000000000000000e+04,-3.111100000000000000e+04,-3.294300000000000000e+04,-1.119100000000000000e+04
-2.370000000000000000e+02,-9.668000000000000000e+03,-1.189500000000000000e+04,-1.510300000000000000e+04,-1.532100000000000000e+04,8.051000000000000000e+03,-2.523500000000000000e+04,-3.170300000000000000e+04
-2.165300000000000000e+04,1.471500000000000000e+04,-1.676600000000000000e+04,-9.289000000000000000e+03,-3.733800000000000000e+04,-7.036000000000000000e+03,-1.337000000000000000e+04,-3.577700000000000000e+04
-1.067800000000000000e+04,-1.103600000000000000e+04,-1.821300000000000000e+04,-3.358200000000000000e+04,-1.726300000000000000e+04,-1.977300000000000000e+04,-2.369900000000000000e+04,9.216000000000000000e+03
-1.365300000000000000e+04,-1.475100000000000000e+04,-1.432900000000000000e+04,-1.988000000000000000e+03,-3.398000000000000000e+03,-8.657000000000000000e+03,-1.616300000000000000e+04,-2.776200000000000000e+04
-1.665800000000000000e+04,-1.373200000000000000e+04,2.524000000000000000e+03,-2.067500000000000000e+04,-1.591300000000000000e+04,-2.736300000000000000e+04,-1.092800000000000000e+04,4.186000000000000000e+03
-3.114700000000000000e+04,-4.686000000000000000e+03,-6.446000000000000000e+03,-2.753000000000000000e+04,-1.499000000000000000e+04,-2.618700000000000000e+04,-2.452300000000000000e+04,1.502400000000000000e+04
-1.746000000000000000e+04,-1.153700000000000000e+04,-1.125400000000000000e+04,-9.460000000000000000e+03,-1.813400000000000000e+04,-1.973600000000000000e+04,1.090800000000000000e+04,-3.861200000000000000e+04
-2.833000000000000000e+04,9.884000000000000000e+03,-1.452200000000000000e+04,-8.516000000000000000e+03,-2.841600000000000000e+04,-1.921500000000000000e+04,-2.006600000000000000e+04,-1.522500000000000000e+04
-1.831000000000000000e+04,-2.164000000000000000e+03,-2.066000000000000000e+04,-1.805800000000000000e+04,-2.014100000000000000e+04,-2.142100000000000000e+04,-1.720000000000000000e+02,-1.139800000000000000e+04
-2.874800000000000000e+04,-1.855300000000000000e+04,-1.278600000000000000e+04,-1.298000000000000000e+04,-2.984100000000000000e+04,-2.012900000000000000e+04,1.798600000000000000e+04,-2.832600000000000000e+04
-2.444900000000000000e+04,-1.611200000000000000e+04,-1.090900000000000000e+04,-3.621500000000000000e+04,-2.575300000000000000e+04,-2.633900000000000000e+04,-2.371900000000000000e+04,1.583400000000000000e+04
-2.029400000000000000e+04,-1.563500000000000000e+04,-1.311800000000000000e+04,-2.647500000000000000e+04,-1.977600000000000000e+04,-1.520700000000000000e+04,1.172400000000000000e+04,-2.434100000000000000e+04
-1.001000000000000000e+04,1.783900000000000000e+04,-1.880000000000000000e+04,-1.693300000000000000e+04,-3.918400000000000000e+04,-1.560000000000000000e+04,-2.188500000000000000e+04,-3.653800000000000000e+04
-2.632800000000000000e+04,-1.394000000000000000e+04,-1.180300000000000000e+04,-2.107000000000000000e+03,-1.934500000000000000e+04,-1.703100000000000000e+04,4.930000000000000000e+03,-2.599000000000000000e+04
-2.677900000000000000e+04,-1.624900000000000000e+04,-1.557000000000000000e+04,-1.652400000000000000e+04,-2.912200000000000000e+04,-1.060200000000000000e+04,1.561800000000000000e+04,-3.177000000000000000e+04
-2.375800000000000000e+04,-2.154400000000000000e+04,-1.190500000000000000e+04,-1.827900000000000000e+04,-2.792500000000000000e+04,2.157000000000000000e+03,4.848000000000000000e+03,-1.774000000000000000e+04
-1.929700000000000000e+04,2.174500000000000000e+04,-2.424700000000000000e+04,-7.166000000000000000e+03,-2.919800000000000000e+04,-3.192400000000000000e+04,-2.175600000000000000e+04,-2.637500000000000000e+04
-3.143700000000000000e+04,1.199000000000000000e+04,-7.414000000000000000e+03,-1.931300000000000000e+04,-3.181100000000000000e+04,-1.737000000000000000e+04,-5.139000000000000000e+03,-3.384500000000000000e+04
-2.234200000000000000e+04,-1.190300000000000000e+04,-2.391500000000000000e+04,-1.996600000000000000e+04,-2.475400000000000000e+04,-8.626000000000000000e+03,2.395900000000000000e+04,-1.975200000000000000e+04
-1.604800000000000000e+04,-1.230100000000000000e+04,-1.542500000000000000e+04,-1.002900000000000000e+04,-1.280000000000000000e+04,-1.530700000000000000e+04,5.071000000000000000e+03,-1.696200000000000000e+04
-1.317800000000000000e+04,-1.723700000000000000e+04,-1.879400000000000000e+04,4.483000000000000000e+03,-2.546000000000000000e+04,-1.192700000000000000e+04,-1.357500000000000000e+04,-3.888900000000000000e+04
-3.035000000000000000e+04,-1.629600000000000000e+04,-9.309000000000000000e+03,-3.289200000000000000e+04,-2.462600000000000000e+04,-4.270700000000000000e+04,-1.851900000000000000e+04,1.045800000000000000e+04
-6.612000000000000000e+03,-8.486000000000000000e+03,-1.269700000000000000e+04,-2.260000000000000000e+03,-2.079600000000000000e+04,-4.886000000000000000e+03,-2.588400000000000000e+04,-3.405000000000000000e+04
-1.407300000000000000e+04,1.451000000000000000e+03,-4.954000000000000000e+03,-2.497400000000000000e+04,-2.196500000000000000e+04,-7.594000000000000000e+03,-6.339000000000000000e+03,-1.088600000000000000e+04
-2.195600000000000000e+04,-1.540600000000000000e+04,-2.205300000000000000e+04,-2.542400000000000000e+04,-1.869000000000000000e+04,-2.204700000000000000e+04,-1.519900000000000000e+04,2.313800000000000000e+04
-2.247900000000000000e+04,-2.831200000000000000e+04,-1.046000000000000000e+04,-2.522000000000000000e+04,-3.016500000000000000e+04,-2.243300000000000000e+04,-1.874900000000000000e+04,1.698100000000000000e+04
3.670000000000000000e+03,-5.778000000000000000e+03,-1.733500000000000000e+04,-1.388300000000000000e+04,-1.532300000000000000e+04,-8.840000000000000000e+02,-2.053400000000000000e+04,-2.167200000000000000e+04
-1.954500000000000000e+04,-1.038200000000000000e+04,-8.915000000000000000e+03,1.103500000000000000e+04,-3.220900000000000000e+04,-2.635000000000000000e+03,-3.155700000000000000e+04,-3.836600000000000000e+04
-1.307500000000000000e+04,1.420000000000000000e+04,-2.418900000000000000e+04,-1.702300000000000000e+04,-3.982100000000000000e+04,-6.705000000000000000e+03,-1.637400000000000000e+04,-3.653600000000000000e+04
-2.781300000000000000e+04,-1.688500000000000000e+04,-1.049000000000000000e+04,-2.239900000000000000e+04,-3.061000000000000000e+03,-1.767200000000000000e+04,-1.514700000000000000e+04,7.700000000000000000e+01
1.728900000000000000e+04,-2.104900000000000000e+04,-1.952100000000000000e+04,-1.047800000000000000e+04,-1.089500000000000000e+04,-3.848000000000000000e+03,-3.737600000000000000e+04,-3.841500000000000000e+04
1.769900000000000000e+04,-2.236700000000000000e+04,-1.769800000000000000e+04,-1.762000000000000000e+04,-9.595000000000000000e+03,5.137000000000000000e+03,-2.874300000000000000e+04,-4.317800000000000000e+04
-2.851400000000000000e+04,-1.476500000000000000e+04,-5.913000000000000000e+03,-3.165500000000000000e+04,-2.236400000000000000e+04,-2.338200000000000000e+04,-1.761900000000000000e+04,5.592000000000000000e+03
-2.866400000000000000e+04,-2.018100000000000000e+04,1.213400000000000000e+04,-1.016600000000000000e+04,-1.419200000000000000e+04,-2.472700000000000000e+04,-2.389400000000000000e+04,-1.646400000000000000e+04
-1.944400000000000000e+04,-1.348400000000000000e+04,-1.797700000000000000e+04,-2.362300000000000000e+04,-1.935300000000000000e+04,-1.789800000000000000e+04,2.051500000000000000e+04,-1.435700000000000000e+04
-1.397800000000000000e+04,-1.950600000000000000e+04,-1.605800000000000000e+04,-2.395900000000000000e+04,-1.841200000000000000e+04,-2.048000000000000000e+04,-2.551200000000000000e+04,1.590700000000000000e+04
-2.323200000000000000e+04,1.316500000000000000e+04,-7.491000000000000000e+03,-1.130500000000000000e+04,-2.905000000000000000e+04,-1.869600000000000000e+04,-4.413000000000000000e+03,-3.720800000000000000e+04
-1.717600000000000000e+04,-1.174300000000000000e+04,-2.021200000000000000e+04,-2.271000000000000000e+03,-1.708800000000000000e+04,-2.483000000000000000e+03,-1.873400000000000000e+04,-2.567300000000000000e+04
-3.596400000000000000e+04,-1.858200000000000000e+04,-1.404000000000000000e+04,-2.081700000000000000e+04,-2.946500000000000000e+04,-9.681000000000000000e+03,2.159800000000000000e+04,-2.491200000000000000e+04
4.995000000000000000e+03,-2.629100000000000000e+04,-1.490400000000000000e+04,-2.790000000000000000e+02,-1.230400000000000000e+04,2.710000000000000000e+03,-3.009400000000000000e+04,-5.740500000000000000e+04
-2.577400000000000000e+04,-1.120200000000000000e+04,-1.295200000000000000e+04,-1.050500000000000000e+04,-2.557400000000000000e+04,-1.073100000000000000e+04,1.715700000000000000e+04,-2.406700000000000000e+04
-3.420000000000000000e+02,1.917300000000000000e+04,-5.553000000000000000e+03,-2.467400000000000000e+04,-2.703300000000000000e+04,-2.950300000000000000e+04,-2.239600000000000000e+04,-3.812800000000000000e+04
-1.819700000000000000e+04,-2.342500000000000000e+04,-1.236300000000000000e+04,-2.418100000000000000e+04,-2.303400000000000000e+04,-2.139100000000000000e+04,2.420800000000000000e+04,-1.946300000000000000e+04
1.156000000000000000e+03,-2.456300000000000000e+04,-1.027800000000000000e+04,-8.480000000000000000e+03,-7.903000000000000000e+03,-9.139000000000000000e+03,-3.470600000000000000e+04,-4.292100000000000000e+04
-2.521600000000000000e+04,-1.847900000000000000e+04,-2.250800000000000000e+04,-2.569600000000000000e+04,-2.583500000000000000e+04,-1.769800000000000000e+04,-1.505800000000000000e+04,2.569600000000000000e+04
-2.786700000000000000e+04,-1.740000000000000000e+04,-1.810000000000000000e+04,-2.517500000000000000e+04,-1.564900000000000000e+04,-8.527000000000000000e+03,2.369800000000000000e+04,-2.231000000000000000e+03
-5.817000000000000000e+03,-8.493000000000000000e+03,-1.386100000000000000e+04,-1.782500000000000000e+04,-5.523000000000000000e+03,-1.615000000000000000e+04,-2.615000000000000000e+03,-1.299200000000000000e+04
-3.802000000000000000e+03,2.300000000000000000e+02,-1.229200000000000000e+04,-8.046000000000000000e+03,-2.176800000000000000e+04,-2.142000000000000000e+04,-6.841000000000000000e+03,-2.926600000000000000e+04
-2.071800000000000000e+04,1.979700000000000000e+04,-1.791500000000000000e+04,-1.090100000000000000e+04,-2.878900000000000000e+04,-1.821900000000000000e+04,-2.543900000000000000e+04,-3.288300000000000000e+04
-3.687700000000000000e+04,-1.875400000000000000e+04,3.910000000000000000e+03,-2.168000000000000000e+04,-1.875400000000000000e+04,-4.058200000000000000e+04,-2.625200000000000000e+04,4.926000000000000000e+03
-1.039500000000000000e+04,-7.329000000000000000e+03,-1.622500000000000000e+04,-2.203000000000000000e+03,-1.850700000000000000e+04,-2.726000000000000000e+03,-1.765200000000000000e+04,-4.381900000000000000e+04
1.191500000000000000e+04,-1.978700000000000000e+04,-1.922700000000000000e+04,-7.301000000000000000e+03,-3.398900000000000000e+04,5.388000000000000000e+03,-2.713800000000000000e+04,-4.180500000000000000e+04
-1.020900000000000000e+04,-1.257200000000000000e+04,-2.071000000000000000e+04,8.320000000000000000e+02,-2.746900000000000000e+04,1.525000000000000000e+03,-2.494900000000000000e+04,-2.365600000000000000e+04
-2.222100000000000000e+04,1.123900000000000000e+04,-2.034400000000000000e+04,-7.113000000000000000e+03,-4.369400000000000000e+04,-1.233300000000000000e+04,-8.222000000000000000e+03,-3.513100000000000000e+04
-3.240800000000000000e+04,-2.106800000000000000e+04,-1.081000000000000000e+03,-1.819200000000000000e+04,-2.766600000000000000e+04,-2.488700000000000000e+04,-2.045800000000000000e+04,2.200000000000000000e+01
-4.940000000000000000e+03,-1.814600000000000000e+04,-1.375200000000000000e+04,-1.227100000000000000e+04,-1.058300000000000000e+04,1.226000000000000000e+03,-9.035000000000000000e+03,-2.476800000000000000e+04
-1.355500000000000000e+04,5.950000000000000000e+02,-1.717600000000000000e+04,-2.420100000000000000e+04,-3.127200000000000000e+04,-4.460000000000000000e+02,-2.467900000000000000e+04,-2.959400000000000000e+04
-1.479100000000000000e+04,-7.847000000000000000e+03,-1.949200000000000000e+04,-1.372300000000000000e+04,-1.092800000000000000e+04,-2.182900000000000000e+04,1.510700000000000000e+04,-1.823400000000000000e+04
-2.196200000000000000e+04,-3.203000000000000000e+03,-2.532200000000000000e+04,-7.858000000000000000e+03,-2.549700000000000000e+04,-1.485000000000000000e+04,2.200500000000000000e+04,-1.922200000000000000e+04
-1.780500000000000000e+04,1.039800000000000000e+04,-1.648000000000000000e+04,-1.242600000000000000e+04,-4.876400000000000000e+04,4.651000000000000000e+03,-2.573900000000000000e+04,-4.047300000000000000e+04
-2.389700000000000000e+04,-2.386200000000000000e+04,-1.075600000000000000e+04,-8.745000000000000000e+03,-2.601400000000000000e+04,-6.139000000000000000e+03,-9.659000000000000000e+03,-3.497700000000000000e+04
-1.374200000000000000e+04,-1.020100000000000000e+04,3.657000000000000000e+03,-1.775400000000000000e+04,-1.931700000000000000e+04,-3.082200000000000000e+04,-1.651600000000000000e+04,-1.937000000000000000e+03
-2.757300000000000000e+04,-1.498400000000000000e+04,5.019000000000000000e+03,-2.075100000000000000e+04,-1.228600000000000000e+04,-2.610900000000000000e+04,-1.649000000000000000e+03,-2.062400000000000000e+04
-3.755100000000000000e+04,-2.275100000000000000e+04,-6.586000000000000000e+03,-2.033400000000000000e+04,-1.263300000000000000e+04,-3.159000000000000000e+04,-2.518100000000000000e+04,1.869000000000000000e+03
-2.081500000000000000e+04,-2.348000000000000000e+04,-2.273500000000000000e+04,-3.629200000000000000e+04,-2.441700000000000000e+04,-2.440300000000000000e+04,-2.120400000000000000e+04,2.010500000000000000e+04
4.438000000000000000e+03,-2.164100000000000000e+04,-1.923900000000000000e+04,-1.354200000000000000e+04,1.230000000000000000e+02,-1.533100000000000000e+04,-2.364200000000000000e+04,-2.022000000000000000e+04
-1.752600000000000000e+04,-1.575600000000000000e+04,-1.294600000000000000e+04,8.175000000000000000e+03,-4.180000000000000000e+03,-6.420000000000000000e+03,-1.390000000000000000e+04,-4.216900000000000000e+04
1.689000000000000000e+04,-1.323500000000000000e+04,-2.104500000000000000e+04,-6.603000000000000000e+03,-2.449000000000000000e+03,-2.143000000000000000e+03,-2.483000000000000000e+04,-3.449000000000000000e+04
-1.987400000000000000e+04,-1.163700000000000000e+04,-1.706400000000000000e+04,-1.964700000000000000e+04,-1.970600000000000000e+04,-7.709000000000000000e+03,1.970100000000000000e+04,-1.660300000000000000e+04
-2.571400000000000000e+04,-1.144400000000000000e+04,-1.140600000000000000e+04,-2.250500000000000000e+04,-1.615000000000000000e+04,-1.102800000000000000e+04,1.965700000000000000e+04,-1.181900000000000000e+04
-1.034200000000000000e+04,-1.033600000000000000e+04,-2.232300000000000000e+04,-4.398000000000000000e+03,-2.011700000000000000e+04,-8.717000000000000000e+03,-1.589900000000000000e+04,-2.391100000000000000e+04
-1.920900000000000000e+04,-5.184000000000000000e+03,-1.758300000000000000e+04,-1.884400000000000000e+04,-2.241000000000000000e+04,-1.622000000000000000e+04,2.340200000000000000e+04,-1.479500000000000000e+04
-7.362000000000000000e+03,-2.232200000000000000e+04,-1.626900000000000000e+04,-1.803500000000000000e+04,-1.417000000000000000e+03,-2.532700000000000000e+04,-1.102200000000000000e+04,-1.321900000000000000e+04
-2.254000000000000000e+03,3.419000000000000000e+03,-1.130200000000000000e+04,-1.200000000000000000e+04,-3.662300000000000000e+04,-1.673600000000000000e+04,-1.409100000000000000e+04,-2.037200000000000000e+04
-2.350000000000000000e+04,-8.930000000000000000e+02,-1.252700000000000000e+04,-1.630300000000000000e+04,-3.220100000000000000e+04,-1.536400000000000000e+04,1.128700000000000000e+04,-3.100100000000000000e+04
-2.164500000000000000e+04,-1.587100000000000000e+04,-1.087100000000000000e+04,-2.464300000000000000e+04,-1.207500000000000000e+04,-1.962700000000000000e+04,1.089000000000000000e+04,-1.587000000000000000e+04
-2.224300000000000000e+04,-1.124900000000000000e+04,-1.347400000000000000e+04,8.300000000000000000e+02,-2.704100000000000000e+04,-9.112000000000000000e+03,-1.112000000000000000e+04,-2.567500000000000000e+04
-1.126900000000000000e+04,-1.630300000000000000e+04,-1.925100000000000000e+04,-6.700000000000000000e+03,-2.567200000000000000e+04,9.173000000000000000e+03,-2.211000000000000000e+04,-4.391500000000000000e+04
-2.173700000000000000e+04,-4.300000000000000000e+03,-2.017600000000000000e+04,-1.520200000000000000e+04,-3.523700000000000000e+04,-2.669800000000000000e+04,9.068000000000000000e+03,-2.741800000000000000e+04
-1.604200000000000000e+04,3.411000000000000000e+03,-1.011700000000000000e+04,-1.924500000000000000e+04,-2.872900000000000000e+04,-1.645700000000000000e+04,-1.551700000000000000e+04,-3.353800000000000000e+04
-1.308100000000000000e+04,-3.588000000000000000e+03,-1.849600000000000000e+04,-8.384000000000000000e+03,-2.743300000000000000e+04,-1.724100000000000000e+04,9.187000000000000000e+03,-1.607800000000000000e+04
-1.039700000000000000e+04,-1.745100000000000000e+04,-1.979200000000000000e+04,-3.960000000000000000e+03,-1.690400000000000000e+04,1.271800000000000000e+04,-1.549200000000000000e+04,-2.669900000000000000e+04
-2.788700000000000000e+04,-1.395800000000000000e+04,-2.712200000000000000e+04,-2.226100000000000000e+04,-2.138500000000000000e+04,-1.075800000000000000e+04,9.437000000000000000e+03,-2.341100000000000000e+04
-1.462000000000000000e+03,-2.357000000000000000e+04,-1.843400000000000000e+04,-8.833000000000000000e+03,-9.612000000000000000e+03,4.422000000000000000e+03,-1.484600000000000000e+04,-1.580700000000000000e+04
-2.034600000000000000e+04,-6.781000000000000000e+03,-2.129300000000000000e+04,-3.713000000000000000e+04,-2.115700000000000000e+04,-1.943900000000000000e+04,-1.517400000000000000e+04,1.779400000000000000e+04
-1.380600000000000000e+04,1.003000000000000000e+04,-9.558000000000000000e+03,-2.531000000000000000e+03,-3.426500000000000000e+04,-1.200800000000000000e+04,-2.901900000000000000e+04,-2.758900000000000000e+04
-2.914800000000000000e+04,-1.677600000000000000e+04,-1.869400000000000000e+04,-1.338200000000000000e+04,-2.139700000000000000e+04,-1.313600000000000000e+04,9.361000000000000000e+03,-2.245600000000000000e+04
-3.170500000000000000e+04,-2.511100000000000000e+04,-1.175300000000000000e+04,-4.568300000000000000e+04,-2.964100000000000000e+04,-3.774400000000000000e+04,-3.148600000000000000e+04,1.901800000000000000e+04
-2.117600000000000000e+04,-2.060300000000000000e+04,-7.989000000000000000e+03,-2.998400000000000000e+04,-2.219600000000000000e+04,-2.520900000000000000e+04,-1.729800000000000000e+04,7.134000000000000000e+03
-1.184900000000000000e+04,2.810100000000000000e+04,-1.741500000000000000e+04,-1.854200000000000000e+04,-5.022100000000000000e+04,-3.562700000000000000e+04,-3.346600000000000000e+04,-3.994200000000000000e+04
-3.103300000000000000e+04,-2.101800000000000000e+04,-1.663400000000000000e+04,-3.117000000000000000e+04,-2.562700000000000000e+04,-3.012400000000000000e+04,-2.991200000000000000e+04,1.589700000000000000e+04
-2.333500000000000000e+04,-2.635700000000000000e+04,-2.378400000000000000e+04,-2.596000000000000000e+04,-3.166400000000000000e+04,-1.734300000000000000e+04,-1.293100000000000000e+04,2.288200000000000000e+04
-2.027900000000000000e+04,-1.437300000000000000e+04,-1.003000000000000000e+03,-2.460200000000000000e+04,-2.607500000000000000e+04,-7.762000000000000000e+03,2.279000000000000000e+04,-2.218300000000000000e+04
-9.858000000000000000e+03,-9.270000000000000000e+03,-1.699800000000000000e+04,2.555000000000000000e+03,-1.444100000000000000e+04,-5.787000000000000000e+03,-2.486100000000000000e+04,-2.922900000000000000e+04
-1.352500000000000000e+04,-1.311800000000000000e+04,-1.025300000000000000e+04,-2.324200000000000000e+04,-2.123600000000000000e+04,-8.541000000000000000e+03,1.192900000000000000e+04,-2.905400000000000000e+04
-2.377000000000000000e+03,-8.858000000000000000e+03,-1.750500000000000000e+04,3.032000000000000000e+03,-1.244700000000000000e+04,-4.762000000000000000e+03,-3.592600000000000000e+04,-4.333400000000000000e+04
-3.185400000000000000e+04,-2.017500000000000000e+04,1.467000000000000000e+03,-2.823700000000000000e+04,-2.688800000000000000e+04,-3.474600000000000000e+04,-2.048400000000000000e+04,6.904000000000000000e+03
2.189400000000000000e+04,-2.458800000000000000e+04,-2.637800000000000000e+04,-9.981000000000000000e+03,-1.300600000000000000e+04,-3.099000000000000000e+03,-2.877200000000000000e+04,-3.848400000000000000e+04
-5.707000000000000000e+03,-1.591600000000000000e+04,-4.023000000000000000e+03,3.240000000000000000e+02,-1.182900000000000000e+04,-4.897000000000000000e+03,-2.043100000000000000e+04,-3.820200000000000000e+04
-1.335000000000000000e+04,-2.207300000000000000e+04,-9.254000000000000000e+03,-2.505500000000000000e+04,7.732000000000000000e+03,-2.485700000000000000e+04,-2.594700000000000000e+04,-6.205000000000000000e+03
-2.281400000000000000e+04,2.123500000000000000e+04,-1.874300000000000000e+04,-1.262800000000000000e+04,-3.850400000000000000e+04,-1.446700000000000000e+04,-1.425600000000000000e+04,-2.597000000000000000e+04
-2.101200000000000000e+04,-1.090900000000000000e+04,-7.041000000000000000e+03,-3.082200000000000000e+04,-1.179600000000000000e+04,-2.649300000000000000e+04,-2.251900000000000000e+04,1.467400000000000000e+04
5.576000000000000000e+03,-1.039800000000000000e+04,-1.150800000000000000e+04,-2.786000000000000000e+03,-1.675500000000000000e+04,-8.013000000000000000e+03,-2.050100000000000000e+04,-3.087000000000000000e+04
-1.794400000000000000e+04,-2.478400000000000000e+04,-1.713000000000000000e+04,-6.692000000000000000e+03,-1.138000000000000000e+04,-2.946000000000000000e+03,-1.364200000000000000e+04,-2.413900000000000000e+04
-2.806900000000000000e+04,-1.519100000000000000e+04,2.427100000000000000e+04,-2.077300000000000000e+04,-9.872000000000000000e+03,-2.701700000000000000e+04,-9.621000000000000000e+03,-2.206000000000000000e+04
-1.744200000000000000e+04,-3.186000000000000000e+04,-1.358100000000000000e+04,-1.921200000000000000e+04,7.779000000000000000e+03,-1.361700000000000000e+04,-2.421400000000000000e+04,-1.262300000000000000e+04
-1.515200000000000000e+04,-1.578500000000000000e+04,1.960000000000000000e+02,-2.992100000000000000e+04,6.520000000000000000e+02,-2.521500000000000000e+04,-2.371500000000000000e+04,-1.929000000000000000e+03
-3.286300000000000000e+04,-2.487000000000000000e+04,-9.605000000000000000e+03,-1.631800000000000000e+04,-1.460200000000000000e+04,-3.625500000000000000e+04,-2.721400000000000000e+04,5.974000000000000000e+03
-2.020300000000000000e+04,-2.256900000000000000e+04,-2.674000000000000000e+03,-6.828000000000000000e+03,7.564000000000000000e+03,-2.935100000000000000e+04,-1.826600000000000000e+04,-2.018300000000000000e+04
-1.790900000000000000e+04,-7.235000000000000000e+03,-1.827700000000000000e+04,-2.653000000000000000e+03,-3.840400000000000000e+04,-1.336800000000000000e+04,-1.845400000000000000e+04,-3.878500000000000000e+04
-1.653600000000000000e+04,-1.792300000000000000e+04,-1.774900000000000000e+04,-1.511300000000000000e+04,-1.135500000000000000e+04,-1.310700000000000000e+04,-1.916000000000000000e+04,1.777800000000000000e+04
-1.496400000000000000e+04,-9.816000000000000000e+03,-7.815000000000000000e+03,4.200000000000000000e+01,-2.720200000000000000e+04,-1.094300000000000000e+04,-3.642600000000000000e+04,-3.314600000000000000e+04
-2.704900000000000000e+04,-1.850400000000000000e+04,2.836000000000000000e+03,-4.139000000000000000e+03,-1.171500000000000000e+04,-1.991200000000000000e+04,-1.356200000000000000e+04,-2.260000000000000000e+03
-1.126600000000000000e+04,1.817500000000000000e+04,-1.646600000000000000e+04,-1.666900000000000000e+04,-4.421000000000000000e+04,-9.583000000000000000e+03,-3.084500000000000000e+04,-4.123900000000000000e+04
7.277000000000000000e+03,3.045000000000000000e+03,-2.183800000000000000e+04,-1.741800000000000000e+04,-3.504600000000000000e+04,-1.157200000000000000e+04,-3.054100000000000000e+04,-4.048900000000000000e+04
1.348400000000000000e+04,-2.226300000000000000e+04,-2.313200000000000000e+04,-8.352000000000000000e+03,-1.023300000000000000e+04,-3.606000000000000000e+03,-2.984500000000000000e+04,-2.629000000000000000e+04
-1.239300000000000000e+04,-2.061200000000000000e+04,-8.705000000000000000e+03,5.262000000000000000e+03,-8.558000000000000000e+03,-2.808000000000000000e+03,-1.977100000000000000e+04,-3.630600000000000000e+04
-2.587700000000000000e+04,-1.818700000000000000e+04,-1.865900000000000000e+04,-2.544900000000000000e+04,-3.126400000000000000e+04,-2.538600000000000000e+04,-2.118000000000000000e+04,1.563400000000000000e+04
-4.633000000000000000e+03,1.700500000000000000e+04,-1.537000000000000000e+04,-2.123300000000000000e+04,-2.894600000000000000e+04,-2.183700000000000000e+04,-2.273900000000000000e+04,-2.926200000000000000e+04
-9.191000000000000000e+03,-1.411600000000000000e+04,-1.311800000000000000e+04,-2.588000000000000000e+03,1.237000000000000000e+03,-1.332200000000000000e+04,-2.913100000000000000e+04,-1.383900000000000000e+04
-1.891100000000000000e+04,2.043300000000000000e+04,-2.176200000000000000e+04,-2.701200000000000000e+04,-5.605900000000000000e+04,-2.438700000000000000e+04,-2.302600000000000000e+04,-3.065700000000000000e+04
1.125000000000000000e+03,2.988000000000000000e+03,-1.322500000000000000e+04,-2.036400000000000000e+04,-2.691000000000000000e+04,-2.041900000000000000e+04,-1.511000000000000000e+04,-3.887200000000000000e+04
-2.796400000000000000e+04,-2.138700000000000000e+04,-1.460900000000000000e+04,-1.767600000000000000e+04,-3.151300000000000000e+04,-7.686000000000000000e+03,1.655800000000000000e+04,-2.815700000000000000e+04
8.496000000000000000e+03,-1.828800000000000000e+04,-2.645300000000000000e+04,-1.075800000000000000e+04,-1.037700000000000000e+04,1.936000000000000000e+03,-2.198100000000000000e+04,-3.954200000000000000e+04
-1.514200000000000000e+04,-1.101000000000000000e+04,-2.260300000000000000e+04,-1.250700000000000000e+04,-9.665000000000000000e+03,-5.250000000000000000e+03,-1.420500000000000000e+04,-1.262500000000000000e+04
-1.255800000000000000e+04,-1.838500000000000000e+04,-1.990800000000000000e+04,7.598000000000000000e+03,-2.377200000000000000e+04,1.070700000000000000e+04,-2.435300000000000000e+04,-3.257800000000000000e+04
-8.570000000000000000e+03,-2.242100000000000000e+04,-2.683000000000000000e+04,-1.232200000000000000e+04,-2.156700000000000000e+04,3.012000000000000000e+03,-2.083900000000000000e+04,-3.242900000000000000e+04
-8.621000000000000000e+03,-1.940000000000000000e+04,-7.961000000000000000e+03,6.067000000000000000e+03,4.349000000000000000e+03,-4.965000000000000000e+03,-1.533600000000000000e+04,-2.126100000000000000e+04
-1.931000000000000000e+04,5.843000000000000000e+03,-2.005400000000000000e+04,-1.674700000000000000e+04,-3.084400000000000000e+04,-4.430000000000000000e+03,-1.531700000000000000e+04,-2.125300000000000000e+04
-2.460100000000000000e+04,-2.344000000000000000e+04,-1.982500000000000000e+04,-2.918900000000000000e+04,-2.469600000000000000e+04,-2.331500000000000000e+04,-1.457800000000000000e+04,1.631400000000000000e+04
-2.567100000000000000e+04,2.950000000000000000e+03,-1.425900000000000000e+04,-6.988000000000000000e+03,-3.971800000000000000e+04,-5.649000000000000000e+03,-1.147100000000000000e+04,-3.690500000000000000e+04
-4.903000000000000000e+03,-1.401900000000000000e+04,-2.365200000000000000e+04,1.060000000000000000e+03,-4.110300000000000000e+04,-5.472000000000000000e+03,-3.091700000000000000e+04,-4.648500000000000000e+04
-1.297200000000000000e+04,2.077500000000000000e+04,-2.076000000000000000e+04,-1.982300000000000000e+04,-3.416300000000000000e+04,-1.615700000000000000e+04,-2.128300000000000000e+04,-4.332900000000000000e+04
-5.892000000000000000e+03,-1.698600000000000000e+04,-1.412900000000000000e+04,-1.098500000000000000e+04,3.888000000000000000e+03,-2.551600000000000000e+04,-2.893900000000000000e+04,-2.198000000000000000e+03
-1.980100000000000000e+04,-1.965200000000000000e+04,-1.210200000000000000e+04,-2.173400000000000000e+04,-2.442800000000000000e+04,-1.820600000000000000e+04,-1.390900000000000000e+04,1.613000000000000000e+04
-5.235000000000000000e+03,-7.065000000000000000e+03,-4.805000000000000000e+03,-1.750700000000000000e+04,-1.200000000000000000e+02,-2.076700000000000000e+04,-3.124000000000000000e+03,-2.571600000000000000e+04
-1.766400000000000000e+04,-2.003600000000000000e+04,-1.208500000000000000e+04,-5.361000000000000000e+03,-1.874200000000000000e+04,-1.269500000000000000e+04,-1.797400000000000000e+04,-3.487100000000000000e+04
4.990000000000000000e+02,-1.408300000000000000e+04,-1.258800000000000000e+04,1.171000000000000000e+03,-2.219800000000000000e+04,4.085000000000000000e+03,-1.474300000000000000e+04,-2.117200000000000000e+04
-1.211600000000000000e+04,-1.309400000000000000e+04,-1.106600000000000000e+04,4.153000000000000000e+03,-1.394200000000000000e+04,7.750000000000000000e+02,3.451000000000000000e+03,-2.936000000000000000e+04
-2.813800000000000000e+04,1.964000000000000000e+04,-1.673300000000000000e+04,-5.677000000000000000e+03,-4.286400000000000000e+04,-1.435500000000000000e+04,-3.033200000000000000e+04,-3.489100000000000000e+04
-1.827700000000000000e+04,-5.605000000000000000e+03,-2.279900000000000000e+04,-1.340900000000000000e+04,-2.145000000000000000e+04,2.879000000000000000e+03,-8.866000000000000000e+03,-1.165000000000000000e+04
-8.468000000000000000e+03,-1.546700000000000000e+04,-1.200000000000000000e+04,-2.094600000000000000e+04,9.199000000000000000e+03,-2.320400000000000000e+04,-3.027000000000000000e+04,-1.180900000000000000e+04
-1.642800000000000000e+04,-9.551000000000000000e+03,-1.675700000000000000e+04,-2.778800000000000000e+04,-1.521300000000000000e+04,-1.607600000000000000e+04,-2.103600000000000000e+04,1.685200000000000000e+04
-2.807700000000000000e+04,-3.039600000000000000e+04,-9.653000000000000000e+03,-2.159100000000000000e+04,-3.515600000000000000e+04,-2.326800000000000000e+04,-8.179000000000000000e+03,1.784000000000000000e+03
8.436000000000000000e+03,-1.827100000000000000e+04,-2.092500000000000000e+04,-6.982000000000000000e+03,-2.253600000000000000e+04,8.720000000000000000e+02,-3.272500000000000000e+04,-4.526600000000000000e+04
-1.448200000000000000e+04,-2.036300000000000000e+04,-1.662600000000000000e+04,3.714000000000000000e+03,-1.286200000000000000e+04,9.040000000000000000e+02,-1.702600000000000000e+04,-1.636100000000000000e+04
-1.336400000000000000e+04,-1.808900000000000000e+04,-1.360000000000000000e+04,-2.241400000000000000e+04,-1.490000000000000000e+04,-1.094700000000000000e+04,-1.423600000000000000e+04,1.423600000000000000e+04
-2.004300000000000000e+04,-1.610500000000000000e+04,-1.848200000000000000e+04,-2.607400000000000000e+04,-2.622300000000000000e+04,-1.616800000000000000e+04,-1.184500000000000000e+04,9.358000000000000000e+03
-3.427000000000000000e+03,-2.149600000000000000e+04,-2.392600000000000000e+04,5.606000000000000000e+03,-9.404000000000000000e+03,-7.004000000000000000e+03,-2.256900000000000000e+04,-3.051800000000000000e+04
-2.324900000000000000e+04,-1.869500000000000000e+04,-1.125400000000000000e+04,1.371000000000000000e+03,-1.329000000000000000e+04,-1.439100000000000000e+04,-1.074500000000000000e+04,-4.007500000000000000e+04
-1.598800000000000000e+04,-2.547300000000000000e+04,-1.826500000000000000e+04,-4.666000000000000000e+03,-1.819300000000000000e+04,8.945000000000000000e+03,-1.552700000000000000e+04,-2.359500000000000000e+04
-1.949700000000000000e+04,5.746000000000000000e+03,-2.178600000000000000e+04,-1.237400000000000000e+04,-2.926700000000000000e+04,1.773000000000000000e+03,-1.307100000000000000e+04,-3.621200000000000000e+04
-2.503900000000000000e+04,-1.892100000000000000e+04,-1.456000000000000000e+04,-2.484000000000000000e+04,-3.551600000000000000e+04,-1.155500000000000000e+04,6.113000000000000000e+03,-1.058900000000000000e+04
-1.088100000000000000e+04,-2.298500000000000000e+04,-1.121000000000000000e+04,-9.247000000000000000e+03,5.588000000000000000e+03,-2.828900000000000000e+04,-2.272000000000000000e+04,-1.406200000000000000e+04
-3.153100000000000000e+04,-1.781900000000000000e+04,-7.973000000000000000e+03,-1.909900000000000000e+04,-2.615900000000000000e+04,-1.789300000000000000e+04,2.074700000000000000e+04,-2.693600000000000000e+04
-1.082900000000000000e+04,-1.962300000000000000e+04,-2.120200000000000000e+04,9.962000000000000000e+03,-3.304900000000000000e+04,4.870000000000000000e+03,-1.854500000000000000e+04,-3.520300000000000000e+04
-3.867000000000000000e+03,-1.195500000000000000e+04,-1.644100000000000000e+04,-1.646600000000000000e+04,-1.729200000000000000e+04,1.007800000000000000e+04,-1.726200000000000000e+04,-2.840900000000000000e+04
-1.646000000000000000e+04,3.489000000000000000e+03,-2.414300000000000000e+04,-1.387200000000000000e+04,-3.971000000000000000e+04,-1.161900000000000000e+04,-3.931000000000000000e+03,-3.416600000000000000e+04
-2.599500000000000000e+04,1.460300000000000000e+04,-8.572000000000000000e+03,-1.111100000000000000e+04,-3.773800000000000000e+04,-6.766000000000000000e+03,-8.288000000000000000e+03,-2.038300000000000000e+04
-9.624000000000000000e+03,1.943600000000000000e+04,-2.294600000000000000e+04,-1.313500000000000000e+04,-3.545100000000000000e+04,-1.609700000000000000e+04,-1.544700000000000000e+04,-1.319100000000000000e+04
-8.764000000000000000e+03,-4.696000000000000000e+03,-5.627000000000000000e+03,-8.088000000000000000e+03,-5.741000000000000000e+03,-1.063800000000000000e+04,-2.605600000000000000e+04,-3.225700000000000000e+04
-1.784900000000000000e+04,-7.753000000000000000e+03,-1.755800000000000000e+04,-2.594000000000000000e+04,-3.124300000000000000e+04,-2.360100000000000000e+04,1.772100000000000000e+04,-2.115400000000000000e+04
-2.874300000000000000e+04,-3.036400000000000000e+04,-1.174200000000000000e+04,-2.755300000000000000e+04,8.292000000000000000e+03,-4.062900000000000000e+04,-2.017300000000000000e+04,2.451000000000000000e+03
5.918000000000000000e+03,-1.574000000000000000e+04,-1.507200000000000000e+04,-1.779000000000000000e+03,-8.018000000000000000e+03,-1.595000000000000000e+03,-2.118000000000000000e+04,-1.961000000000000000e+04
-3.802600000000000000e+04,-2.767400000000000000e+04,-1.339000000000000000e+03,-2.133900000000000000e+04,-2.260100000000000000e+04,-3.540100000000000000e+04,-2.390100000000000000e+04,-4.992000000000000000e+03
5.417000000000000000e+03,-1.669900000000000000e+04,-1.783800000000000000e+04,-2.979000000000000000e+03,-7.561000000000000000e+03,-6.250000000000000000e+03,-2.506400000000000000e+04,-2.688300000000000000e+04
-1.384000000000000000e+04,2.402000000000000000e+04,-8.584000000000000000e+03,-2.365800000000000000e+04,-4.077100000000000000e+04,-1.493500000000000000e+04,-2.538400000000000000e+04,-2.641700000000000000e+04
-1.655400000000000000e+04,-1.228000000000000000e+04,-1.239100000000000000e+04,-1.566100000000000000e+04,-2.493400000000000000e+04,-1.396900000000000000e+04,1.925100000000000000e+04,-2.558900000000000000e+04
-2.572800000000000000e+04,-5.466000000000000000e+03,-1.668700000000000000e+04,-1.799500000000000000e+04,-2.133900000000000000e+04,-1.881900000000000000e+04,5.121000000000000000e+03,-2.674200000000000000e+04
-1.743300000000000000e+04,-1.489900000000000000e+04,5.020000000000000000e+02,-1.335400000000000000e+04,-3.474000000000000000e+03,-3.419900000000000000e+04,-2.099000000000000000e+04,-3.268000000000000000e+03
-1.991900000000000000e+04,-1.230100000000000000e+04,-1.307600000000000000e+04,-3.423100000000000000e+04,-1.817100000000000000e+04,-5.533000000000000000e+03,9.965000000000000000e+03,-1.908500000000000000e+04
1.048700000000000000e+04,-1.490800000000000000e+04,-9.666000000000000000e+03,-6.053000000000000000e+03,-5.471000000000000000e+03,-1.063000000000000000e+04,-2.033200000000000000e+04,-1.855300000000000000e+04
-2.355200000000000000e+04,-1.666700000000000000e+04,4.332000000000000000e+03,-1.731400000000000000e+04,-1.150700000000000000e+04,-1.858800000000000000e+04,-1.874500000000000000e+04,-7.515000000000000000e+03
-1.164800000000000000e+04,-4.991000000000000000e+03,-6.718000000000000000e+03,-6.819000000000000000e+03,-4.235000000000000000e+03,-1.373000000000000000e+03,-1.878900000000000000e+04,-6.752000000000000000e+03
-4.060000000000000000e+02,-1.982500000000000000e+04,-1.165800000000000000e+04,-1.876900000000000000e+04,1.523000000000000000e+03,-1.986900000000000000e+04,-1.821000000000000000e+04,-1.846700000000000000e+04
7.607000000000000000e+03,-1.978900000000000000e+04,-9.106000000000000000e+03,-1.089700000000000000e+04,-1.538700000000000000e+04,-5.014000000000000000e+03,-2.167600000000000000e+04,-3.242800000000000000e+04
-8.208000000000000000e+03,1.678900000000000000e+04,-2.418300000000000000e+04,-1.453200000000000000e+04,-3.393300000000000000e+04,-1.312000000000000000e+04,-2.048300000000000000e+04,-2.760600000000000000e+04
-1.948700000000000000e+04,-2.558700000000000000e+04,-5.807000000000000000e+03,-6.542000000000000000e+03,-5.715000000000000000e+03,-9.068000000000000000e+03,-9.375000000000000000e+03,-2.192200000000000000e+04
-1.574800000000000000e+04,-1.141800000000000000e+04,-1.946500000000000000e+04,-3.280400000000000000e+04,-1.861300000000000000e+04,-1.289200000000000000e+04,1.987400000000000000e+04,-2.017000000000000000e+04
-9.003000000000000000e+03,-1.559500000000000000e+04,3.660000000000000000e+03,-2.472000000000000000e+04,-6.220000000000000000e+02,-9.157000000000000000e+03,-1.710300000000000000e+04,-2.177300000000000000e+04
-6.769000000000000000e+03,-7.007000000000000000e+03,-1.642700000000000000e+04,6.692000000000000000e+03,-2.268300000000000000e+04,6.985000000000000000e+03,-1.767000000000000000e+04,-4.994900000000000000e+04
-5.156000000000000000e+03,2.663000000000000000e+03,-1.302700000000000000e+04,-1.422000000000000000e+04,-1.914900000000000000e+04,-1.520200000000000000e+04,-1.146100000000000000e+04,-1.237500000000000000e+04
-2.478000000000000000e+04,-2.341900000000000000e+04,-1.527900000000000000e+04,-3.947700000000000000e+04,-2.458800000000000000e+04,-2.318000000000000000e+04,-1.800200000000000000e+04,1.845800000000000000e+04
-3.567900000000000000e+04,-2.708000000000000000e+04,-8.440000000000000000e+02,-3.651700000000000000e+04,-3.288300000000000000e+04,-4.078800000000000000e+04,-1.893000000000000000e+04,8.157000000000000000e+03
-2.602100000000000000e+04,3.004200000000000000e+04,-3.002500000000000000e+04,-7.966000000000000000e+03,-4.980500000000000000e+04,-1.488900000000000000e+04,-2.403000000000000000e+04,-3.874400000000000000e+04
-8.082000000000000000e+03,-7.624000000000000000e+03,1.654000000000000000e+03,2.711000000000000000e+03,-1.260000000000000000e+04,-1.833800000000000000e+04,-1.583200000000000000e+04,-2.563800000000000000e+04
-2.595500000000000000e+04,-1.998200000000000000e+04,-7.928000000000000000e+03,-2.918000000000000000e+04,-2.931100000000000000e+04,-2.443600000000000000e+04,-1.832500000000000000e+04,2.024600000000000000e+04
-1.982600000000000000e+04,2.510100000000000000e+04,-1.427100000000000000e+04,-1.567100000000000000e+04,-3.822300000000000000e+04,-2.399000000000000000e+04,-2.086900000000000000e+04,-3.838900000000000000e+04
-9.894000000000000000e+03,1.044700000000000000e+04,-1.775300000000000000e+04,-1.338000000000000000e+04,-3.306900000000000000e+04,-8.499000000000000000e+03,-9.472000000000000000e+03,-3.940000000000000000e+04
-1.158900000000000000e+04,1.163600000000000000e+04,-1.704900000000000000e+04,-1.447400000000000000e+04,-3.123000000000000000e+04,-2.347200000000000000e+04,-1.138200000000000000e+04,-2.875400000000000000e+04
-1.335800000000000000e+04,-2.022900000000000000e+04,-1.624500000000000000e+04,1.714000000000000000e+03,-2.912400000000000000e+04,9.170000000000000000e+03,-1.138200000000000000e+04,-2.876900000000000000e+04
-1.215500000000000000e+04,2.062600000000000000e+04,-2.375500000000000000e+04,-1.636800000000000000e+04,-3.397900000000000000e+04,-2.062200000000000000e+04,-9.756000000000000000e+03,-3.975500000000000000e+04
-2.752900000000000000e+04,-2.194700000000000000e+04,-2.027500000000000000e+04,-3.477300000000000000e+04,-3.355500000000000000e+04,-2.735700000000000000e+04,-2.458800000000000000e+04,1.582600000000000000e+04
-1.597000000000000000e+03,3.542900000000000000e+04,-2.164100000000000000e+04,-1.700300000000000000e+04,-4.820800000000000000e+04,-2.821400000000000000e+04,-4.022300000000000000e+04,-4.357500000000000000e+04
-2.612000000000000000e+03,-2.457100000000000000e+04,-2.353500000000000000e+04,-6.312000000000000000e+03,6.208000000000000000e+03,-1.260200000000000000e+04,-1.389500000000000000e+04,-2.753700000000000000e+04
-2.122800000000000000e+04,2.014600000000000000e+04,-2.080800000000000000e+04,-1.348700000000000000e+04,-3.984000000000000000e+04,-2.023000000000000000e+03,-2.178100000000000000e+04,-2.259200000000000000e+04
-3.209300000000000000e+04,-1.994800000000000000e+04,-1.525000000000000000e+04,-7.664000000000000000e+03,-3.352000000000000000e+04,-1.581600000000000000e+04,1.717000000000000000e+04,-3.273400000000000000e+04
-1.853400000000000000e+04,-1.839500000000000000e+04,-2.340400000000000000e+04,-1.799400000000000000e+04,-1.805800000000000000e+04,1.051300000000000000e+04,-5.179000000000000000e+03,-2.160700000000000000e+04
-3.071000000000000000e+03,-1.088800000000000000e+04,-8.408000000000000000e+03,-2.123100000000000000e+04,4.915000000000000000e+03,-1.926700000000000000e+04,-1.528000000000000000e+04,-1.168000000000000000e+04
1.723300000000000000e+04,-8.494000000000000000e+03,-1.596400000000000000e+04,-4.342000000000000000e+03,-1.334400000000000000e+04,-1.863400000000000000e+04,-1.927500000000000000e+04,-3.511500000000000000e+04
-5.760000000000000000e+02,-1.149300000000000000e+04,-1.724100000000000000e+04,-6.032000000000000000e+03,-5.025000000000000000e+03,-3.198000000000000000e+03,-8.999000000000000000e+03,-2.510400000000000000e+04
1.913000000000000000e+03,-2.585800000000000000e+04,-3.398000000000000000e+03,-1.522500000000000000e+04,1.174700000000000000e+04,-1.736500000000000000e+04,-3.665200000000000000e+04,-3.626100000000000000e+04
-2.376800000000000000e+04,-1.195400000000000000e+04,-6.611000000000000000e+03,-2.382200000000000000e+04,-4.184900000000000000e+04,-1.525600000000000000e+04,5.577000000000000000e+03,-3.270600000000000000e+04
-9.043000000000000000e+03,-2.124100000000000000e+04,-9.361000000000000000e+03,-1.298100000000000000e+04,4.831000000000000000e+03,-9.316000000000000000e+03,-2.136100000000000000e+04,-2.274600000000000000e+04
-3.800000000000000000e+01,-1.524200000000000000e+04,-4.582000000000000000e+03,3.441000000000000000e+03,-1.481000000000000000e+04,2.800000000000000000e+01,-2.542400000000000000e+04,-4.332000000000000000e+04
-1.875700000000000000e+04,-3.156600000000000000e+04,-7.561000000000000000e+03,-1.797800000000000000e+04,6.629000000000000000e+03,-1.972600000000000000e+04,-2.250100000000000000e+04,-2.260000000000000000e+04
-9.116000000000000000e+03,-8.843000000000000000e+03,-1.564400000000000000e+04,-1.495000000000000000e+03,-1.060000000000000000e+04,3.341000000000000000e+03,-1.083500000000000000e+04,-1.425000000000000000e+03
-1.532300000000000000e+04,-1.764900000000000000e+04,-2.204000000000000000e+04,-1.177000000000000000e+03,-2.313100000000000000e+04,1.304600000000000000e+04,-1.583600000000000000e+04,-3.137100000000000000e+04
-3.326600000000000000e+04,-2.651400000000000000e+04,-1.037400000000000000e+04,-3.670500000000000000e+04,-2.892500000000000000e+04,-4.123600000000000000e+04,-2.921200000000000000e+04,2.153500000000000000e+04
-2.360600000000000000e+04,-2.511000000000000000e+04,-1.577200000000000000e+04,-4.159100000000000000e+04,-3.070900000000000000e+04,-2.973000000000000000e+04,-2.154000000000000000e+04,2.218300000000000000e+04
-3.246000000000000000e+03,-1.927800000000000000e+04,-1.698100000000000000e+04,-1.963800000000000000e+04,9.760000000000000000e+03,-1.755700000000000000e+04,-1.923400000000000000e+04,-1.002600000000000000e+04
-9.060000000000000000e+03,1.992300000000000000e+04,-2.358600000000000000e+04,-1.538000000000000000e+04,-3.325400000000000000e+04,-2.320800000000000000e+04,-2.367100000000000000e+04,-3.764600000000000000e+04
-2.410900000000000000e+04,-6.053000000000000000e+03,-2.647900000000000000e+04,-5.003000000000000000e+03,-3.349100000000000000e+04,-2.583400000000000000e+04,-7.770000000000000000e+02,-2.089700000000000000e+04
-3.614900000000000000e+04,-1.462000000000000000e+04,-1.593700000000000000e+04,-1.479300000000000000e+04,-2.427200000000000000e+04,-2.006300000000000000e+04,1.320400000000000000e+04,-2.120400000000000000e+04
-1.761900000000000000e+04,-1.462900000000000000e+04,-1.377200000000000000e+04,-2.429400000000000000e+04,-2.605200000000000000e+04,-1.846000000000000000e+04,1.683000000000000000e+04,-2.051100000000000000e+04
-6.763000000000000000e+03,-1.529100000000000000e+04,-1.059800000000000000e+04,-3.215300000000000000e+04,-1.756900000000000000e+04,-1.458900000000000000e+04,1.046900000000000000e+04,-1.035900000000000000e+04
-1.396100000000000000e+04,-1.216700000000000000e+04,-1.894900000000000000e+04,-2.235300000000000000e+04,-2.205400000000000000e+04,-1.739200000000000000e+04,-1.408700000000000000e+04,1.955800000000000000e+04
-7.563000000000000000e+03,2.337700000000000000e+04,-2.415500000000000000e+04,-3.092000000000000000e+04,-4.240600000000000000e+04,-1.834400000000000000e+04,-3.021800000000000000e+04,-2.286800000000000000e+04
-9.924000000000000000e+03,-1.508900000000000000e+04,-6.749000000000000000e+03,-4.200000000000000000e+01,-5.990000000000000000e+02,-2.147000000000000000e+03,-1.881300000000000000e+04,-3.522100000000000000e+04
1.338900000000000000e+04,-2.402500000000000000e+04,-1.885200000000000000e+04,-6.447000000000000000e+03,-1.863700000000000000e+04,-8.663000000000000000e+03,-3.324300000000000000e+04,-3.951500000000000000e+04
-1.708200000000000000e+04,-2.071100000000000000e+04,-1.696100000000000000e+04,-2.348000000000000000e+03,-1.421600000000000000e+04,-5.370000000000000000e+03,2.100000000000000000e+01,-2.272500000000000000e+04
-1.483800000000000000e+04,-1.215100000000000000e+04,-6.702000000000000000e+03,-1.884200000000000000e+04,-1.428200000000000000e+04,-6.663000000000000000e+03,-6.830000000000000000e+03,-2.247100000000000000e+04
-2.373100000000000000e+04,-3.943000000000000000e+03,-2.142600000000000000e+04,-2.415600000000000000e+04,-2.275400000000000000e+04,-1.554500000000000000e+04,-1.538000000000000000e+03,-1.610300000000000000e+04
-1.051900000000000000e+04,-8.273000000000000000e+03,-2.155000000000000000e+04,-1.123800000000000000e+04,-1.708000000000000000e+04,-4.016000000000000000e+03,8.532000000000000000e+03,-2.657500000000000000e+04
-1.718700000000000000e+04,-1.558800000000000000e+04,-4.513000000000000000e+03,-1.801000000000000000e+03,-7.699000000000000000e+03,-2.165100000000000000e+04,-1.654900000000000000e+04,-1.803500000000000000e+04
-1.335400000000000000e+04,1.029000000000000000e+03,-1.048000000000000000e+04,-1.078800000000000000e+04,-3.072300000000000000e+04,-2.370100000000000000e+04,-1.259500000000000000e+04,-1.585900000000000000e+04
-1.473600000000000000e+04,-1.584000000000000000e+04,-1.431100000000000000e+04,-3.378000000000000000e+03,-3.024900000000000000e+04,-1.758000000000000000e+03,-1.487100000000000000e+04,-3.716400000000000000e+04
-1.928900000000000000e+04,2.430200000000000000e+04,-1.831500000000000000e+04,-1.331300000000000000e+04,-4.609300000000000000e+04,-1.423800000000000000e+04,-3.320200000000000000e+04,-4.059700000000000000e+04
-1.036600000000000000e+04,-1.246800000000000000e+04,2.302000000000000000e+03,-2.396600000000000000e+04,-2.284900000000000000e+04,-1.042600000000000000e+04,-1.808900000000000000e+04,5.181000000000000000e+03
-1.709600000000000000e+04,1.675800000000000000e+04,-2.412600000000000000e+04,-1.475000000000000000e+04,-3.965400000000000000e+04,-4.486000000000000000e+03,-3.124900000000000000e+04,-3.967100000000000000e+04
-5.951000000000000000e+03,-2.348900000000000000e+04,-5.192000000000000000e+03,-1.746000000000000000e+04,-7.800000000000000000e+01,-2.783000000000000000e+04,-1.492800000000000000e+04,-9.023000000000000000e+03
-4.579000000000000000e+03,-8.410000000000000000e+03,-1.716700000000000000e+04,6.875000000000000000e+03,-1.835700000000000000e+04,-3.033000000000000000e+03,-1.665700000000000000e+04,-2.285900000000000000e+04
-7.720000000000000000e+02,-7.417000000000000000e+03,-1.456600000000000000e+04,1.025700000000000000e+04,-1.651800000000000000e+04,-1.129900000000000000e+04,-2.614500000000000000e+04,-2.533900000000000000e+04
-1.178000000000000000e+04,-1.225500000000000000e+04,6.149000000000000000e+03,-1.791900000000000000e+04,-5.966000000000000000e+03,-2.766000000000000000e+04,-1.061700000000000000e+04,-1.771900000000000000e+04
-9.902000000000000000e+03,-1.841000000000000000e+04,-6.896000000000000000e+03,-2.544700000000000000e+04,-1.298300000000000000e+04,-2.149400000000000000e+04,1.986600000000000000e+04,-1.308100000000000000e+04
-1.098000000000000000e+04,-1.286900000000000000e+04,1.546000000000000000e+04,-1.154900000000000000e+04,-7.254000000000000000e+03,-2.359100000000000000e+04,-1.013300000000000000e+04,-2.883900000000000000e+04
-2.050300000000000000e+04,8.351000000000000000e+03,-1.723100000000000000e+04,-2.043300000000000000e+04,-3.411900000000000000e+04,-7.894000000000000000e+03,-8.573000000000000000e+03,-1.341900000000000000e+04
-4.049800000000000000e+04,-2.463100000000000000e+04,-1.176600000000000000e+04,-2.003200000000000000e+04,-1.674300000000000000e+04,-2.618400000000000000e+04,-2.100400000000000000e+04,3.544000000000000000e+03
-1.949700000000000000e+04,2.048200000000000000e+04,-1.502300000000000000e+04,-1.648200000000000000e+04,-3.518500000000000000e+04,-1.570100000000000000e+04,-1.263500000000000000e+04,-3.059900000000000000e+04
6.744000000000000000e+03,-2.103300000000000000e+04,-1.155000000000000000e+04,8.320000000000000000e+02,-7.503000000000000000e+03,-7.555000000000000000e+03,-2.260700000000000000e+04,-3.525400000000000000e+04
-1.444400000000000000e+04,-1.666500000000000000e+04,-1.139100000000000000e+04,3.088000000000000000e+03,-1.348800000000000000e+04,-1.021000000000000000e+03,-8.138000000000000000e+03,-2.885300000000000000e+04
-1.394900000000000000e+04,1.491100000000000000e+04,-2.694400000000000000e+04,-1.000500000000000000e+04,-4.186800000000000000e+04,-2.092800000000000000e+04,-1.617000000000000000e+04,-2.959200000000000000e+04
-6.270000000000000000e+03,-9.427000000000000000e+03,-1.236800000000000000e+04,-9.261000000000000000e+03,-3.829700000000000000e+04,8.232000000000000000e+03,-2.840300000000000000e+04,-3.575900000000000000e+04
-9.155000000000000000e+03,-2.673000000000000000e+03,-1.935800000000000000e+04,5.945000000000000000e+03,-1.825000000000000000e+04,1.968000000000000000e+03,-1.599900000000000000e+04,-3.933200000000000000e+04
-1.304700000000000000e+04,1.230000000000000000e+02,-1.384900000000000000e+04,-5.754000000000000000e+03,-1.670000000000000000e+04,-9.180000000000000000e+02,-3.050800000000000000e+04,-3.903800000000000000e+04
-3.454600000000000000e+04,-2.289700000000000000e+04,2.205400000000000000e+04,-1.273300000000000000e+04,-2.437800000000000000e+04,-2.835500000000000000e+04,-1.578600000000000000e+04,-1.915400000000000000e+04
-9.808000000000000000e+03,-1.253500000000000000e+04,-9.445000000000000000e+03,-2.807900000000000000e+04,9.397000000000000000e+03,-2.669700000000000000e+04,-2.034200000000000000e+04,-3.723000000000000000e+03
-1.501100000000000000e+04,1.631500000000000000e+04,-1.833000000000000000e+04,-3.106200000000000000e+04,-3.724700000000000000e+04,-1.194700000000000000e+04,-1.248400000000000000e+04,-2.751700000000000000e+04
-2.094000000000000000e+04,-1.725300000000000000e+04,-5.849000000000000000e+03,-3.366700000000000000e+04,-7.737000000000000000e+03,-2.781200000000000000e+04,-1.550500000000000000e+04,1.558000000000000000e+03
-7.210000000000000000e+02,-1.701800000000000000e+04,-1.540400000000000000e+04,2.619000000000000000e+03,-2.227300000000000000e+04,5.039000000000000000e+03,-2.069000000000000000e+04,-2.997000000000000000e+04
-3.467300000000000000e+04,-1.334400000000000000e+04,-5.330000000000000000e+02,-5.226000000000000000e+03,-2.961800000000000000e+04,-1.143800000000000000e+04,1.840000000000000000e+03,-4.723400000000000000e+04
-2.682300000000000000e+04,-1.794200000000000000e+04,-1.420000000000000000e+03,-1.522900000000000000e+04,-1.869900000000000000e+04,-2.429700000000000000e+04,-1.261500000000000000e+04,-1.941600000000000000e+04
4.404000000000000000e+03,-2.024800000000000000e+04,-1.819100000000000000e+04,-1.737700000000000000e+04,3.993000000000000000e+03,-2.908100000000000000e+04,-3.178900000000000000e+04,-2.664400000000000000e+04
-1.704900000000000000e+04,-8.622000000000000000e+03,-1.073000000000000000e+04,-1.589900000000000000e+04,-1.752700000000000000e+04,-2.062000000000000000e+04,5.420000000000000000e+03,-1.447000000000000000e+04
6.210000000000000000e+02,-2.232500000000000000e+04,-1.317200000000000000e+04,-8.358000000000000000e+03,-2.856300000000000000e+04,7.419000000000000000e+03,-2.537800000000000000e+04,-3.649000000000000000e+04
-2.312300000000000000e+04,-1.825100000000000000e+04,-1.040100000000000000e+04,-4.692000000000000000e+03,-1.350900000000000000e+04,-1.987700000000000000e+04,1.255000000000000000e+03,-1.889300000000000000e+04
-2.095600000000000000e+04,-1.529900000000000000e+04,-1.960600000000000000e+04,-1.425800000000000000e+04,-2.006000000000000000e+04,-1.483400000000000000e+04,2.440000000000000000e+03,-1.684900000000000000e+04
-1.256600000000000000e+04,1.930000000000000000e+02,-1.942300000000000000e+04,5.521000000000000000e+03,-4.798800000000000000e+04,-3.935000000000000000e+03,-2.254500000000000000e+04,-4.836300000000000000e+04
-1.110000000000000000e+03,5.061000000000000000e+03,-2.096400000000000000e+04,-1.030800000000000000e+04,-2.036200000000000000e+04,-8.234000000000000000e+03,-1.923000000000000000e+04,-1.596200000000000000e+04
-1.681200000000000000e+04,8.725000000000000000e+03,-1.488100000000000000e+04,-1.976800000000000000e+04,-2.951700000000000000e+04,-1.264700000000000000e+04,-1.024700000000000000e+04,-3.073600000000000000e+04
-3.361100000000000000e+04,-1.402600000000000000e+04,4.700000000000000000e+01,-2.251200000000000000e+04,-1.670700000000000000e+04,-3.777400000000000000e+04,-2.152800000000000000e+04,5.041000000000000000e+03
8.114000000000000000e+03,-2.324200000000000000e+04,-8.643000000000000000e+03,-1.156600000000000000e+04,1.373000000000000000e+03,-1.670400000000000000e+04,-2.678800000000000000e+04,-2.830100000000000000e+04
-1.563200000000000000e+04,2.237400000000000000e+04,-1.987200000000000000e+04,-2.350200000000000000e+04,-5.182600000000000000e+04,-9.747000000000000000e+03,-7.707000000000000000e+03,-3.952400000000000000e+04
-1.223100000000000000e+04,-5.061000000000000000e+03,-1.727600000000000000e+04,-1.222000000000000000e+03,-3.038300000000000000e+04,6.857000000000000000e+03,-2.194400000000000000e+04,-3.007700000000000000e+04
-1.238200000000000000e+04,-7.308000000000000000e+03,-1.463800000000000000e+04,5.658000000000000000e+03,-2.069300000000000000e+04,-8.537000000000000000e+03,-1.464800000000000000e+04,-3.705500000000000000e+04
-9.636000000000000000e+03,-1.231300000000000000e+04,-1.720000000000000000e+04,-1.682000000000000000e+03,-7.001000000000000000e+03,-4.248000000000000000e+03,-1.669900000000000000e+04,-2.194400000000000000e+04
-2.437100000000000000e+04,-2.213400000000000000e+04,-1.297000000000000000e+04,-2.125000000000000000e+04,-2.665900000000000000e+04,-2.551000000000000000e+04,2.452000000000000000e+03,-1.695800000000000000e+04
-2.496900000000000000e+04,-9.314000000000000000e+03,-1.431000000000000000e+04,-2.811300000000000000e+04,-1.781600000000000000e+04,-9.088000000000000000e+03,-1.016000000000000000e+04,1.352800000000000000e+04
-3.738700000000000000e+04,-3.299600000000000000e+04,-1.456600000000000000e+04,-4.315700000000000000e+04,-2.820200000000000000e+04,-2.955300000000000000e+04,-1.975800000000000000e+04,1.165700000000000000e+04
-3.943000000000000000e+03,-1.307000000000000000e+04,-1.678000000000000000e+04,1.102800000000000000e+04,-2.773100000000000000e+04,-1.035000000000000000e+03,-2.401000000000000000e+04,-3.171700000000000000e+04
-2.911700000000000000e+04,2.418500000000000000e+04,-1.702100000000000000e+04,-1.448900000000000000e+04,-4.916900000000000000e+04,-1.082600000000000000e+04,-2.740100000000000000e+04,-2.769500000000000000e+04
-1.480100000000000000e+04,-3.765000000000000000e+03,-1.720200000000000000e+04,-4.913000000000000000e+03,-6.613000000000000000e+03,5.089000000000000000e+03,-1.399900000000000000e+04,-2.344200000000000000e+04
-1.122100000000000000e+04,-1.599900000000000000e+04,-8.609000000000000000e+03,-8.470000000000000000e+03,-2.124100000000000000e+04,1.887900000000000000e+04,-1.973700000000000000e+04,-3.099100000000000000e+04
-4.014000000000000000e+03,-1.980000000000000000e+04,-2.727000000000000000e+03,4.000000000000000000e+01,-5.001000000000000000e+03,-2.064000000000000000e+04,-1.331100000000000000e+04,-2.335400000000000000e+04
5.343000000000000000e+03,-1.772200000000000000e+04,-8.860000000000000000e+03,-1.423900000000000000e+04,-1.194200000000000000e+04,6.043000000000000000e+03,-2.026700000000000000e+04,-2.860100000000000000e+04
-1.396400000000000000e+04,2.489600000000000000e+04,-1.758000000000000000e+04,-2.341000000000000000e+04,-4.352800000000000000e+04,-8.002000000000000000e+03,-2.840800000000000000e+04,-3.146100000000000000e+04
-1.463000000000000000e+03,-3.933000000000000000e+03,-2.780000000000000000e+02,-2.523000000000000000e+04,-1.341800000000000000e+04,-2.685700000000000000e+04,-1.669700000000000000e+04,-2.507900000000000000e+04
-3.112000000000000000e+03,-2.490600000000000000e+04,-1.076000000000000000e+04,-2.452000000000000000e+04,5.288000000000000000e+03,-1.489600000000000000e+04,-2.556100000000000000e+04,-1.204300000000000000e+04
-1.916900000000000000e+04,-1.201800000000000000e+04,-1.493000000000000000e+04,-2.188000000000000000e+04,-1.851300000000000000e+04,-1.034200000000000000e+04,9.717000000000000000e+03,-1.418900000000000000e+04
1.386500000000000000e+04,-1.333300000000000000e+04,-1.252800000000000000e+04,4.600000000000000000e+01,-7.852000000000000000e+03,-9.177000000000000000e+03,-3.104900000000000000e+04,-3.693000000000000000e+04
-2.730900000000000000e+04,-1.380700000000000000e+04,-2.033600000000000000e+04,-1.693700000000000000e+04,-3.228100000000000000e+04,-5.255000000000000000e+03,1.548000000000000000e+03,-2.988600000000000000e+04
2.530000000000000000e+02,-1.677500000000000000e+04,-1.962000000000000000e+04,-9.737000000000000000e+03,-8.424000000000000000e+03,2.010600000000000000e+04,-9.680000000000000000e+03,-2.125400000000000000e+04
-2.627600000000000000e+04,-1.492700000000000000e+04,-7.408000000000000000e+03,-3.642000000000000000e+03,-1.776800000000000000e+04,-2.431100000000000000e+04,1.613000000000000000e+04,-2.447900000000000000e+04
6.621000000000000000e+03,-2.177000000000000000e+04,-1.325900000000000000e+04,-8.795000000000000000e+03,-1.668200000000000000e+04,-6.933000000000000000e+03,-2.915000000000000000e+04,-3.900500000000000000e+04
-1.398200000000000000e+04,-2.358500000000000000e+04,-1.599600000000000000e+04,-2.449800000000000000e+04,-1.992500000000000000e+04,-2.644400000000000000e+04,-2.265300000000000000e+04,2.185500000000000000e+04
-2.356300000000000000e+04,-3.643000000000000000e+03,-2.191400000000000000e+04,-1.940500000000000000e+04,-2.072900000000000000e+04,-1.657400000000000000e+04,1.118800000000000000e+04,-1.335600000000000000e+04
-1.714700000000000000e+04,-1.963600000000000000e+04,-1.079000000000000000e+04,-5.867000000000000000e+03,4.870000000000000000e+02,-1.232900000000000000e+04,-1.606700000000000000e+04,-1.133300000000000000e+04
-2.161000000000000000e+04,-2.145100000000000000e+04,1.567100000000000000e+04,-2.650800000000000000e+04,-1.318000000000000000e+04,-3.539600000000000000e+04,-1.517900000000000000e+04,-7.300000000000000000e+03
-2.977900000000000000e+04,-2.568800000000000000e+04,-1.717600000000000000e+04,-3.519100000000000000e+04,-3.448900000000000000e+04,-2.854200000000000000e+04,-2.432900000000000000e+04,2.216100000000000000e+04
9.836000000000000000e+03,-1.879200000000000000e+04,-1.127800000000000000e+04,-1.812500000000000000e+04,8.514000000000000000e+03,-1.108400000000000000e+04,-2.552600000000000000e+04,-3.252700000000000000e+04
1.507600000000000000e+04,-1.068200000000000000e+04,-7.050000000000000000e+03,-1.205300000000000000e+04,-6.722000000000000000e+03,-8.730000000000000000e+03,-2.759800000000000000e+04,-3.279600000000000000e+04
-1.865300000000000000e+04,-1.550300000000000000e+04,-2.571600000000000000e+04,-3.133000000000000000e+03,-2.753500000000000000e+04,1.199000000000000000e+03,-2.460500000000000000e+04,-4.443100000000000000e+04
-1.517600000000000000e+04,-8.189000000000000000e+03,-2.680000000000000000e+03,-1.979700000000000000e+04,-2.964300000000000000e+04,-3.297600000000000000e+04,-2.209500000000000000e+04,-3.418000000000000000e+03
-7.880000000000000000e+03,4.567000000000000000e+03,-1.300000000000000000e+03,-7.720000000000000000e+03,-2.247000000000000000e+04,-9.732000000000000000e+03,-1.434900000000000000e+04,-3.831900000000000000e+04
-2.243100000000000000e+04,1.295100000000000000e+04,-1.669400000000000000e+04,-8.318000000000000000e+03,-4.288400000000000000e+04,-7.454000000000000000e+03,-1.294500000000000000e+04,-4.191500000000000000e+04
-9.593000000000000000e+03,-1.769300000000000000e+04,-1.811800000000000000e+04,-2.460000000000000000e+03,-2.424200000000000000e+04,1.286000000000000000e+04,-1.996100000000000000e+04,-3.505700000000000000e+04
-1.320600000000000000e+04,1.228900000000000000e+04,-1.710900000000000000e+04,-2.352100000000000000e+04,-2.544600000000000000e+04,-2.049600000000000000e+04,-5.280000000000000000e+03,-2.727900000000000000e+04
-5.398000000000000000e+03,-1.489900000000000000e+04,-1.941100000000000000e+04,-2.009500000000000000e+04,-1.427100000000000000e+04,-1.881200000000000000e+04,8.621000000000000000e+03,-1.609800000000000000e+04
-1.919400000000000000e+04,-6.593000000000000000e+03,-7.510000000000000000e+03,-1.025600000000000000e+04,-2.155100000000000000e+04,-6.909000000000000000e+03,-6.488000000000000000e+03,-2.872300000000000000e+04
8.950000000000000000e+02,-6.583000000000000000e+03,-1.626600000000000000e+04,-7.327000000000000000e+03,-1.455000000000000000e+03,-1.044000000000000000e+04,-1.887400000000000000e+04,-3.519300000000000000e+04
-3.147700000000000000e+04,-1.741600000000000000e+04,-6.714000000000000000e+03,-1.481800000000000000e+04,-1.183500000000000000e+04,-3.336800000000000000e+04,-2.233600000000000000e+04,7.852000000000000000e+03
2.636000000000000000e+03,-2.138500000000000000e+04,-1.542800000000000000e+04,-1.690100000000000000e+04,-1.714900000000000000e+04,9.389000000000000000e+03,-1.455100000000000000e+04,-1.092600000000000000e+04
-2.581600000000000000e+04,2.733700000000000000e+04,-1.542000000000000000e+04,-1.420800000000000000e+04,-3.837100000000000000e+04,-2.240100000000000000e+04,-1.660000000000000000e+04,-3.261900000000000000e+04
2.347000000000000000e+03,9.821000000000000000e+03,-1.645700000000000000e+04,-2.288200000000000000e+04,-2.394000000000000000e+04,-1.380200000000000000e+04,-2.655400000000000000e+04,-3.970000000000000000e+04
1.231000000000000000e+03,-6.136000000000000000e+03,-2.623700000000000000e+04,-9.515000000000000000e+03,-2.834100000000000000e+04,6.573000000000000000e+03,-2.444600000000000000e+04,-1.037300000000000000e+04
-9.499000000000000000e+03,-9.612000000000000000e+03,-1.075300000000000000e+04,-3.240000000000000000e+02,-8.146000000000000000e+03,3.380000000000000000e+03,-8.740000000000000000e+02,-2.587500000000000000e+04
-5.600000000000000000e+01,-1.284600000000000000e+04,-1.216600000000000000e+04,1.026000000000000000e+04,-6.579000000000000000e+03,-1.590500000000000000e+04,-3.100700000000000000e+04,-2.916000000000000000e+04
-8.592000000000000000e+03,1.916800000000000000e+04,-1.414000000000000000e+04,-1.965200000000000000e+04,-3.212400000000000000e+04,-3.025300000000000000e+04,-1.951200000000000000e+04,-1.620900000000000000e+04
-1.264100000000000000e+04,-1.385400000000000000e+04,-7.042000000000000000e+03,-1.271100000000000000e+04,-2.077700000000000000e+04,-1.084500000000000000e+04,6.922000000000000000e+03,-2.581600000000000000e+04
-1.588000000000000000e+04,-2.556000000000000000e+04,-9.832000000000000000e+03,-1.946600000000000000e+04,1.875600000000000000e+04,-2.385200000000000000e+04,-2.118100000000000000e+04,-2.486900000000000000e+04
-2.395000000000000000e+03,-1.821000000000000000e+04,-2.421900000000000000e+04,-8.660000000000000000e+03,-1.752300000000000000e+04,6.689000000000000000e+03,-2.180200000000000000e+04,-1.757500000000000000e+04
-2.284500000000000000e+04,-3.890000000000000000e+03,-1.444400000000000000e+04,-1.819800000000000000e+04,-3.424600000000000000e+04,-2.238400000000000000e+04,1.520400000000000000e+04,-2.715600000000000000e+04
-7.808000000000000000e+03,2.352200000000000000e+04,-2.419900000000000000e+04,-1.906600000000000000e+04,-3.555500000000000000e+04,-1.310000000000000000e+04,-1.976800000000000000e+04,-2.435700000000000000e+04
9.356000000000000000e+03,-1.119900000000000000e+04,-1.159700000000000000e+04,-2.008400000000000000e+04,-8.041000000000000000e+03,2.373000000000000000e+03,-3.102200000000000000e+04,-3.763900000000000000e+04
-1.512000000000000000e+03,-7.535000000000000000e+03,-1.215600000000000000e+04,1.950000000000000000e+02,-1.294700000000000000e+04,-1.276300000000000000e+04,-2.328000000000000000e+04,-2.092200000000000000e+04
-3.297600000000000000e+04,-1.780800000000000000e+04,-1.510600000000000000e+04,-2.899300000000000000e+04,-2.761300000000000000e+04,-2.815300000000000000e+04,-1.882100000000000000e+04,9.724000000000000000e+03
-1.256200000000000000e+04,-5.411000000000000000e+03,-1.955900000000000000e+04,-2.425500000000000000e+04,-2.796900000000000000e+04,-3.648000000000000000e+03,-3.818000000000000000e+03,-1.264700000000000000e+04
-1.072900000000000000e+04,-1.118400000000000000e+04,-2.266300000000000000e+04,-5.417000000000000000e+03,-2.747300000000000000e+04,1.118200000000000000e+04,-2.069800000000000000e+04,-3.077800000000000000e+04
-1.569900000000000000e+04,-1.671500000000000000e+04,-3.810000000000000000e+02,-3.053300000000000000e+04,-2.092400000000000000e+04,-3.177600000000000000e+04,-1.279700000000000000e+04,6.879000000000000000e+03
-1.929600000000000000e+04,-1.583300000000000000e+04,1.469200000000000000e+04,8.170000000000000000e+02,-2.158300000000000000e+04,-2.549500000000000000e+04,-1.131400000000000000e+04,-1.715000000000000000e+04
-1.721600000000000000e+04,-1.987000000000000000e+03,-1.584600000000000000e+04,-1.451900000000000000e+04,-3.679400000000000000e+04,4.192000000000000000e+03,-1.365500000000000000e+04,-4.274800000000000000e+04
-3.230900000000000000e+04,-2.691400000000000000e+04,-1.340800000000000000e+04,-4.544700000000000000e+04,-3.383600000000000000e+04,-2.267100000000000000e+04,-2.199800000000000000e+04,1.455000000000000000e+04
-8.635000000000000000e+03,-1.626300000000000000e+04,-1.522000000000000000e+03,-2.638000000000000000e+03,-8.875000000000000000e+03,-3.280000000000000000e+03,-4.399000000000000000e+03,-1.833800000000000000e+04
-1.498600000000000000e+04,-1.395900000000000000e+04,-2.600600000000000000e+04,-1.317200000000000000e+04,-2.937900000000000000e+04,7.871000000000000000e+03,-1.312000000000000000e+04,-2.535000000000000000e+04
-2.331400000000000000e+04,-1.851400000000000000e+04,-7.014000000000000000e+03,-3.154800000000000000e+04,-2.016200000000000000e+04,-1.928600000000000000e+04,-2.254900000000000000e+04,1.864700000000000000e+04
-1.151500000000000000e+04,-7.714000000000000000e+03,-1.720800000000000000e+04,-1.652600000000000000e+04,-1.946800000000000000e+04,-1.832700000000000000e+04,9.482000000000000000e+03,-2.622900000000000000e+04
-1.946100000000000000e+04,-1.350100000000000000e+04,-8.451000000000000000e+03,-1.880500000000000000e+04,-1.937400000000000000e+04,-1.360300000000000000e+04,1.025100000000000000e+04,-1.935300000000000000e+04
-7.266000000000000000e+03,-5.280000000000000000e+03,-9.704000000000000000e+03,-1.845000000000000000e+03,-2.085000000000000000e+04,1.484000000000000000e+03,-5.041000000000000000e+03,-2.019500000000000000e+04
3.094000000000000000e+03,-2.331700000000000000e+04,-2.013300000000000000e+04,-8.820000000000000000e+03,-1.998400000000000000e+04,7.391000000000000000e+03,-1.572300000000000000e+04,-3.596400000000000000e+04
-1.463000000000000000e+04,1.663400000000000000e+04,-8.551000000000000000e+03,-1.602800000000000000e+04,-3.319600000000000000e+04,-1.713700000000000000e+04,-1.238000000000000000e+04,-2.505000000000000000e+04
-1.552300000000000000e+04,1.566500000000000000e+04,-2.828500000000000000e+04,-1.562400000000000000e+04,-3.704900000000000000e+04,-1.822500000000000000e+04,-1.460300000000000000e+04,-1.907700000000000000e+04
-4.256000000000000000e+03,-1.711200000000000000e+04,-3.701000000000000000e+03,-5.514000000000000000e+03,-4.326000000000000000e+03,4.139000000000000000e+03,-2.576900000000000000e+04,-3.032000000000000000e+04
-5.304000000000000000e+03,1.007700000000000000e+04,-1.993400000000000000e+04,-2.929200000000000000e+04,-3.985400000000000000e+04,-1.745600000000000000e+04,-2.156800000000000000e+04,-3.308700000000000000e+04
-1.660900000000000000e+04,-1.332700000000000000e+04,-1.117000000000000000e+04,-2.258600000000000000e+04,-2.751700000000000000e+04,-1.764700000000000000e+04,1.927400000000000000e+04,-3.074600000000000000e+04
-5.090000000000000000e+02,-2.397000000000000000e+04,-2.008300000000000000e+04,-1.378600000000000000e+04,-8.421000000000000000e+03,-5.248000000000000000e+03,-2.901300000000000000e+04,-3.351400000000000000e+04
2.000000000000000000e+03,-1.683100000000000000e+04,-8.769000000000000000e+03,-5.863000000000000000e+03,-1.059400000000000000e+04,-9.768000000000000000e+03,-2.406300000000000000e+04,-2.444300000000000000e+04
-3.060200000000000000e+04,-2.341400000000000000e+04,-1.538500000000000000e+04,-2.805900000000000000e+04,-1.982900000000000000e+04,-1.135600000000000000e+04,-1.263400000000000000e+04,1.178300000000000000e+04
-1.027500000000000000e+04,-7.192000000000000000e+03,-1.304800000000000000e+04,-2.321100000000000000e+04,-2.061600000000000000e+04,-9.228000000000000000e+03,2.181000000000000000e+03,-2.180100000000000000e+04
-1.299700000000000000e+04,-1.696500000000000000e+04,-1.948100000000000000e+04,-1.474300000000000000e+04,-2.095100000000000000e+04,1.100800000000000000e+04,-1.174500000000000000e+04,-1.167100000000000000e+04
-2.708100000000000000e+04,-2.074500000000000000e+04,-1.300500000000000000e+04,-3.177200000000000000e+04,-2.912800000000000000e+04,-2.767300000000000000e+04,-2.206200000000000000e+04,1.798100000000000000e+04
-3.320000000000000000e+03,-2.072200000000000000e+04,-2.317000000000000000e+03,-3.695000000000000000e+03,-1.759200000000000000e+04,5.505000000000000000e+03,-3.125600000000000000e+04,-4.048400000000000000e+04
-1.564200000000000000e+04,-2.436900000000000000e+04,-8.580000000000000000e+03,-1.538600000000000000e+04,1.075600000000000000e+04,-2.458900000000000000e+04,-3.371900000000000000e+04,-9.652000000000000000e+03
-3.608700000000000000e+04,-1.144200000000000000e+04,-1.736100000000000000e+04,-2.002100000000000000e+04,-3.471500000000000000e+04,-7.357000000000000000e+03,2.844400000000000000e+04,-2.380700000000000000e+04
-2.488500000000000000e+04,-1.907200000000000000e+04,-2.562100000000000000e+04,-2.222000000000000000e+04,-2.285300000000000000e+04,-2.155900000000000000e+04,-1.251700000000000000e+04,1.607900000000000000e+04
-1.832600000000000000e+04,-9.700000000000000000e+03,-1.500600000000000000e+04,-2.786700000000000000e+04,-1.880800000000000000e+04,-1.188000000000000000e+04,6.305000000000000000e+03,-1.712000000000000000e+04
-2.094800000000000000e+04,-1.907200000000000000e+04,-1.093300000000000000e+04,-1.530800000000000000e+04,-2.317700000000000000e+04,-1.240100000000000000e+04,2.549700000000000000e+04,-2.664000000000000000e+04
-1.249000000000000000e+04,-1.321500000000000000e+04,-2.178900000000000000e+04,-2.460000000000000000e+04,-2.013300000000000000e+04,-1.674500000000000000e+04,-1.550000000000000000e+04,1.537200000000000000e+04
-8.314000000000000000e+03,-9.787000000000000000e+03,1.666000000000000000e+03,2.244000000000000000e+03,-2.195300000000000000e+04,-1.491700000000000000e+04,-3.151200000000000000e+04,-3.034000000000000000e+04
-2.711600000000000000e+04,7.952000000000000000e+03,-1.492800000000000000e+04,-2.342600000000000000e+04,-4.086300000000000000e+04,-6.701000000000000000e+03,4.347000000000000000e+03,-3.731500000000000000e+04
-2.252900000000000000e+04,-9.944000000000000000e+03,-1.072600000000000000e+04,-1.689600000000000000e+04,-2.253700000000000000e+04,-2.058500000000000000e+04,6.308000000000000000e+03,-1.849700000000000000e+04
1.212400000000000000e+04,-1.717800000000000000e+04,-1.720400000000000000e+04,-1.049800000000000000e+04,-1.593400000000000000e+04,-3.100000000000000000e+02,-3.096300000000000000e+04,-4.478100000000000000e+04
-4.608000000000000000e+03,1.025600000000000000e+04,-2.068000000000000000e+04,-1.547100000000000000e+04,-3.241300000000000000e+04,-1.290200000000000000e+04,-2.674700000000000000e+04,-3.949000000000000000e+04
2.407000000000000000e+03,-1.991100000000000000e+04,-2.300400000000000000e+04,-2.666000000000000000e+03,-2.794200000000000000e+04,2.968000000000000000e+03,-3.256700000000000000e+04,-4.217900000000000000e+04
-4.412000000000000000e+03,-7.203000000000000000e+03,-4.469000000000000000e+03,-1.001000000000000000e+04,-1.887000000000000000e+04,-2.320000000000000000e+04,-3.781000000000000000e+03,-1.942400000000000000e+04
7.431000000000000000e+03,-7.423000000000000000e+03,-1.460600000000000000e+04,-1.405000000000000000e+03,-1.479900000000000000e+04,-1.983000000000000000e+04,-1.796900000000000000e+04,-3.305900000000000000e+04
-1.654200000000000000e+04,-1.228700000000000000e+04,-1.740500000000000000e+04,-9.484000000000000000e+03,-2.448900000000000000e+04,-5.714000000000000000e+03,9.410000000000000000e+03,-2.263500000000000000e+04
-1.304500000000000000e+04,-1.386400000000000000e+04,-1.429500000000000000e+04,-1.555600000000000000e+04,-8.648000000000000000e+03,-2.528200000000000000e+04,1.091700000000000000e+04,-1.784400000000000000e+04
-1.694800000000000000e+04,-1.934300000000000000e+04,-1.605900000000000000e+04,-2.322100000000000000e+04,-1.486600000000000000e+04,-9.938000000000000000e+03,-1.273900000000000000e+04,1.978700000000000000e+04
-3.590800000000000000e+04,-2.094500000000000000e+04,-5.035000000000000000e+03,-2.125100000000000000e+04,-2.318100000000000000e+04,-1.113800000000000000e+04,1.438000000000000000e+04,-1.958900000000000000e+04
-6.999000000000000000e+03,2.153100000000000000e+04,-3.157200000000000000e+04,-1.759300000000000000e+04,-4.553100000000000000e+04,-1.283600000000000000e+04,-2.065600000000000000e+04,-2.413800000000000000e+04
-2.947900000000000000e+04,-6.041000000000000000e+03,-1.795000000000000000e+04,8.520000000000000000e+03,-2.065300000000000000e+04,-1.146600000000000000e+04,-4.802000000000000000e+03,-3.738000000000000000e+04
-1.415800000000000000e+04,2.414300000000000000e+04,-2.161600000000000000e+04,-6.289000000000000000e+03,-3.937200000000000000e+04,-2.241700000000000000e+04,-2.712100000000000000e+04,-3.754100000000000000e+04
-2.392500000000000000e+04,-1.656100000000000000e+04,9.190000000000000000e+02,-1.795700000000000000e+04,-1.394100000000000000e+04,-2.261200000000000000e+04,-2.942500000000000000e+04,9.550000000000000000e+02
6.721000000000000000e+03,-2.368400000000000000e+04,-1.242300000000000000e+04,-1.337400000000000000e+04,-2.058500000000000000e+04,1.398800000000000000e+04,-3.064600000000000000e+04,-3.621300000000000000e+04
1.046500000000000000e+04,-2.030000000000000000e+04,-1.245700000000000000e+04,-1.208400000000000000e+04,-5.326000000000000000e+03,-2.691000000000000000e+04,-1.846300000000000000e+04,-1.983000000000000000e+04
-2.106000000000000000e+03,-6.911000000000000000e+03,-1.792700000000000000e+04,-1.073300000000000000e+04,-2.730300000000000000e+04,8.095000000000000000e+03,-2.206500000000000000e+04,-3.492800000000000000e+04
-2.275000000000000000e+03,-6.635000000000000000e+03,-1.485500000000000000e+04,-4.342000000000000000e+03,-5.963000000000000000e+03,-1.543000000000000000e+03,-1.553600000000000000e+04,-1.814800000000000000e+04
-1.363900000000000000e+04,1.027800000000000000e+04,-1.989800000000000000e+04,-7.391000000000000000e+03,-2.681700000000000000e+04,-5.128000000000000000e+03,-1.692700000000000000e+04,-2.648300000000000000e+04
-2.055700000000000000e+04,-2.399000000000000000e+04,-2.088200000000000000e+04,-2.739100000000000000e+04,-2.553600000000000000e+04,-2.512400000000000000e+04,-2.422600000000000000e+04,2.274400000000000000e+04
-9.560000000000000000e+03,-1.372200000000000000e+04,-1.827800000000000000e+04,8.820000000000000000e+02,-7.867000000000000000e+03,-8.432000000000000000e+03,3.129000000000000000e+03,-2.148700000000000000e+04
-1.994300000000000000e+04,8.250000000000000000e+02,-2.285800000000000000e+04,-2.174400000000000000e+04,-3.094500000000000000e+04,-2.177900000000000000e+04,-9.160000000000000000e+02,-2.175700000000000000e+04
-7.903000000000000000e+03,5.193000000000000000e+03,-2.517200000000000000e+04,-1.422600000000000000e+04,-4.116300000000000000e+04,-1.496100000000000000e+04,-1.835900000000000000e+04,-4.224200000000000000e+04
-5.157000000000000000e+03,-9.858000000000000000e+03,-6.350000000000000000e+03,-2.156800000000000000e+04,-9.970000000000000000e+03,-1.027500000000000000e+04,-2.479000000000000000e+04,-2.829200000000000000e+04
-3.532800000000000000e+04,-2.419600000000000000e+04,2.700100000000000000e+04,-2.501400000000000000e+04,-1.411300000000000000e+04,-2.947400000000000000e+04,-7.409000000000000000e+03,-2.117800000000000000e+04
-3.138300000000000000e+04,-1.424200000000000000e+04,-2.336500000000000000e+04,-2.251200000000000000e+04,-3.103000000000000000e+04,7.520000000000000000e+03,1.795500000000000000e+04,-2.305500000000000000e+04
-1.471300000000000000e+04,-1.851100000000000000e+04,1.191100000000000000e+04,-2.780700000000000000e+04,-1.879700000000000000e+04,-3.845800000000000000e+04,-1.968200000000000000e+04,-1.264000000000000000e+03
-1.407800000000000000e+04,-7.009000000000000000e+03,-2.193900000000000000e+04,-9.744000000000000000e+03,-3.219000000000000000e+04,3.451000000000000000e+03,-5.791000000000000000e+03,-3.208100000000000000e+04
-2.232300000000000000e+04,2.330000000000000000e+02,-1.473900000000000000e+04,-1.323600000000000000e+04,-1.530500000000000000e+04,-1.194600000000000000e+04,-4.666000000000000000e+03,-2.427500000000000000e+04
-1.207200000000000000e+04,-9.523000000000000000e+03,-2.038400000000000000e+04,2.012000000000000000e+03,-3.371400000000000000e+04,1.264300000000000000e+04,-1.764900000000000000e+04,-3.948200000000000000e+04
-1.542800000000000000e+04,-1.101500000000000000e+04,-8.497000000000000000e+03,-1.342600000000000000e+04,-2.054500000000000000e+04,-1.299300000000000000e+04,1.172000000000000000e+04,-2.047800000000000000e+04
-7.569000000000000000e+03,3.945000000000000000e+03,-4.635000000000000000e+03,-1.886100000000000000e+04,-2.460900000000000000e+04,-2.545800000000000000e+04,-7.347000000000000000e+03,-3.030600000000000000e+04
-1.513300000000000000e+04,-1.791000000000000000e+04,-8.975000000000000000e+03,-7.455000000000000000e+03,-2.305200000000000000e+04,2.209000000000000000e+03,3.720000000000000000e+02,-2.867500000000000000e+04
-9.226000000000000000e+03,2.155700000000000000e+04,-2.057200000000000000e+04,-2.575500000000000000e+04,-4.612200000000000000e+04,-1.018600000000000000e+04,-3.110700000000000000e+04,-2.440400000000000000e+04
-3.892000000000000000e+03,-1.331200000000000000e+04,-9.727000000000000000e+03,-6.582000000000000000e+03,-2.814000000000000000e+03,-1.543800000000000000e+04,-1.711700000000000000e+04,-2.291500000000000000e+04
-7.058000000000000000e+03,-9.880000000000000000e+02,-1.460900000000000000e+04,-8.934000000000000000e+03,-4.112500000000000000e+04,9.365000000000000000e+03,-3.317200000000000000e+04,-2.327700000000000000e+04
-1.368400000000000000e+04,-2.092600000000000000e+04,-2.771700000000000000e+04,-2.069000000000000000e+03,-2.574800000000000000e+04,1.184900000000000000e+04,-1.877900000000000000e+04,-2.421400000000000000e+04
-1.836300000000000000e+04,-1.670800000000000000e+04,1.349800000000000000e+04,-1.330200000000000000e+04,-2.031600000000000000e+04,-2.801900000000000000e+04,-1.859900000000000000e+04,-4.953000000000000000e+03
-1.154200000000000000e+04,-2.608500000000000000e+04,-5.795000000000000000e+03,-1.074700000000000000e+04,5.173000000000000000e+03,-1.622400000000000000e+04,-1.573400000000000000e+04,-2.405500000000000000e+04
-1.528500000000000000e+04,-7.182000000000000000e+03,-2.514800000000000000e+04,-9.539000000000000000e+03,-1.656300000000000000e+04,2.231000000000000000e+03,-2.162200000000000000e+04,-4.488700000000000000e+04
-1.409300000000000000e+04,-1.346900000000000000e+04,-2.058000000000000000e+04,-1.069200000000000000e+04,-2.680000000000000000e+04,-1.410000000000000000e+04,-7.620000000000000000e+03,-1.116600000000000000e+04
-3.634800000000000000e+04,-2.161500000000000000e+04,1.530700000000000000e+04,-1.848900000000000000e+04,-2.545800000000000000e+04,-3.750400000000000000e+04,2.921000000000000000e+03,-1.680700000000000000e+04
-4.933000000000000000e+03,-2.293300000000000000e+04,-8.000000000000000000e+03,-2.083700000000000000e+04,9.561000000000000000e+03,-5.466000000000000000e+03,-3.057100000000000000e+04,-2.315400000000000000e+04
-8.063000000000000000e+03,-1.274200000000000000e+04,-1.799700000000000000e+04,-3.107100000000000000e+04,-2.078300000000000000e+04,-1.243600000000000000e+04,1.718200000000000000e+04,-1.312700000000000000e+04
-1.855500000000000000e+04,-1.635700000000000000e+04,-1.108300000000000000e+04,-3.598500000000000000e+04,-2.428100000000000000e+04,-2.510300000000000000e+04,-1.946400000000000000e+04,9.075000000000000000e+03
-4.484000000000000000e+03,-1.942300000000000000e+04,-1.132000000000000000e+04,1.159000000000000000e+03,-1.321600000000000000e+04,1.194000000000000000e+04,-1.658800000000000000e+04,-4.621500000000000000e+04
-1.951000000000000000e+04,-1.821200000000000000e+04,-1.578700000000000000e+04,-2.813400000000000000e+04,-2.005500000000000000e+04,-1.850800000000000000e+04,-2.283100000000000000e+04,1.813100000000000000e+04
-4.109000000000000000e+03,-1.257100000000000000e+04,-7.974000000000000000e+03,-1.198100000000000000e+04,-1.226900000000000000e+04,-1.995800000000000000e+04,-1.729800000000000000e+04,-2.739800000000000000e+04
-1.566600000000000000e+04,-8.992000000000000000e+03,-1.183100000000000000e+04,1.178200000000000000e+04,-2.438400000000000000e+04,-3.873000000000000000e+03,-1.402300000000000000e+04,-2.879900000000000000e+04
-1.584100000000000000e+04,2.627300000000000000e+04,-1.739500000000000000e+04,-3.112900000000000000e+04,-3.063300000000000000e+04,-1.642300000000000000e+04,-1.846000000000000000e+04,-3.584900000000000000e+04
-1.267400000000000000e+04,1.725300000000000000e+04,-7.438000000000000000e+03,-1.125800000000000000e+04,-3.910100000000000000e+04,-1.465200000000000000e+04,-1.002800000000000000e+04,-3.546900000000000000e+04
-1.900100000000000000e+04,-2.043500000000000000e+04,-1.082400000000000000e+04,-3.116200000000000000e+04,-1.513000000000000000e+04,-2.231500000000000000e+04,-1.540200000000000000e+04,1.280600000000000000e+04
-1.327900000000000000e+04,-1.130800000000000000e+04,-1.671200000000000000e+04,-4.222000000000000000e+03,-1.056200000000000000e+04,1.233500000000000000e+04,-1.509500000000000000e+04,-1.990900000000000000e+04
-4.295400000000000000e+04,-2.671500000000000000e+04,-4.597000000000000000e+03,-2.787000000000000000e+04,-3.923700000000000000e+04,-3.468700000000000000e+04,-2.266200000000000000e+04,9.322000000000000000e+03
3.852000000000000000e+03,-1.588400000000000000e+04,-2.329000000000000000e+04,-4.296000000000000000e+03,-9.947000000000000000e+03,3.940000000000000000e+03,-2.173600000000000000e+04,-2.561700000000000000e+04
-2.223200000000000000e+04,-2.558200000000000000e+04,8.283000000000000000e+03,-3.670500000000000000e+04,-1.790800000000000000e+04,-3.010300000000000000e+04,-1.028600000000000000e+04,-3.615000000000000000e+03
-1.123700000000000000e+04,1.655000000000000000e+04,-1.091100000000000000e+04,-1.063300000000000000e+04,-3.624200000000000000e+04,-1.731200000000000000e+04,-2.684000000000000000e+04,-3.473700000000000000e+04
-2.775700000000000000e+04,-1.181600000000000000e+04,-4.300000000000000000e+01,-8.681000000000000000e+03,-1.541600000000000000e+04,-2.837800000000000000e+04,-9.879000000000000000e+03,-2.400000000000000000e+02
-8.800000000000000000e+01,-3.101000000000000000e+03,3.253000000000000000e+03,-1.446700000000000000e+04,-1.832800000000000000e+04,-2.146300000000000000e+04,-2.128000000000000000e+04,-2.461800000000000000e+04
-1.784000000000000000e+04,-1.269800000000000000e+04,7.471000000000000000e+03,-8.967000000000000000e+03,-1.551100000000000000e+04,-2.100400000000000000e+04,-1.139300000000000000e+04,-2.435000000000000000e+03
-2.350600000000000000e+04,-1.186100000000000000e+04,-6.717000000000000000e+03,-2.668000000000000000e+03,-2.724000000000000000e+03,-1.047800000000000000e+04,-1.181900000000000000e+04,3.590000000000000000e+02
-2.953700000000000000e+04,-1.752000000000000000e+04,-3.137000000000000000e+03,-2.973100000000000000e+04,-2.891300000000000000e+04,-2.439100000000000000e+04,-1.030300000000000000e+04,1.300000000000000000e+03
-8.848000000000000000e+03,-1.396300000000000000e+04,-1.276200000000000000e+04,-1.825000000000000000e+03,-3.838500000000000000e+04,6.129000000000000000e+03,-3.081200000000000000e+04,-4.898700000000000000e+04
-1.336800000000000000e+04,-8.345000000000000000e+03,-2.304900000000000000e+04,-1.374400000000000000e+04,-2.542600000000000000e+04,-9.544000000000000000e+03,-1.100100000000000000e+04,-1.781700000000000000e+04
4.843000000000000000e+03,-2.505000000000000000e+04,-2.223900000000000000e+04,-1.151900000000000000e+04,1.160000000000000000e+04,-1.533100000000000000e+04,-2.445200000000000000e+04,-3.222500000000000000e+04
-1.972600000000000000e+04,-9.676000000000000000e+03,-2.059200000000000000e+04,-1.789100000000000000e+04,-1.744400000000000000e+04,-1.952100000000000000e+04,8.499000000000000000e+03,-1.290200000000000000e+04
-2.979000000000000000e+04,-1.863500000000000000e+04,1.420300000000000000e+04,-1.826900000000000000e+04,-2.079200000000000000e+04,-2.548200000000000000e+04,-1.054700000000000000e+04,-2.147600000000000000e+04
-1.690900000000000000e+04,-2.744100000000000000e+04,-2.731000000000000000e+03,-3.968800000000000000e+04,-2.212800000000000000e+04,-2.676100000000000000e+04,-2.979200000000000000e+04,1.046100000000000000e+04
-6.324000000000000000e+03,2.426000000000000000e+03,-1.665500000000000000e+04,-6.358000000000000000e+03,-2.025700000000000000e+04,-1.380800000000000000e+04,-1.682700000000000000e+04,-3.467300000000000000e+04
5.780000000000000000e+02,-1.530600000000000000e+04,-3.110000000000000000e+03,1.351000000000000000e+04,-7.445000000000000000e+03,-1.387100000000000000e+04,-1.968300000000000000e+04,-3.976300000000000000e+04
1.165000000000000000e+04,-2.115200000000000000e+04,-1.681400000000000000e+04,-1.469100000000000000e+04,-1.684600000000000000e+04,4.663000000000000000e+03,-2.182600000000000000e+04,-3.314800000000000000e+04
2.528000000000000000e+03,-2.280500000000000000e+04,-1.026200000000000000e+04,-2.866000000000000000e+03,1.071000000000000000e+03,-1.821700000000000000e+04,-1.768600000000000000e+04,-2.098900000000000000e+04
-2.482900000000000000e+04,-2.595300000000000000e+04,-7.726000000000000000e+03,-1.849700000000000000e+04,1.917000000000000000e+03,-2.575300000000000000e+04,-2.474600000000000000e+04,-1.354200000000000000e+04
-2.836100000000000000e+04,-2.244100000000000000e+04,-1.461100000000000000e+04,-3.261900000000000000e+04,-1.680500000000000000e+04,-1.227500000000000000e+04,-2.554000000000000000e+04,2.177600000000000000e+04
-1.693700000000000000e+04,-7.866000000000000000e+03,-1.972500000000000000e+04,-1.415100000000000000e+04,-2.875100000000000000e+04,-1.298000000000000000e+04,1.259000000000000000e+03,-2.869900000000000000e+04
-1.558200000000000000e+04,-1.693400000000000000e+04,-1.071900000000000000e+04,-2.834500000000000000e+04,1.622800000000000000e+04,-2.155800000000000000e+04,-1.950900000000000000e+04,-1.321300000000000000e+04
-9.527000000000000000e+03,-4.739000000000000000e+03,-1.713500000000000000e+04,-1.562700000000000000e+04,-1.624800000000000000e+04,-1.351400000000000000e+04,-2.065000000000000000e+03,-3.359600000000000000e+04
-4.926000000000000000e+03,-1.729900000000000000e+04,-1.298700000000000000e+04,-2.885000000000000000e+03,-1.602800000000000000e+04,9.555000000000000000e+03,-2.179300000000000000e+04,-2.554800000000000000e+04
-3.343000000000000000e+03,-5.610000000000000000e+03,-2.822000000000000000e+03,-1.009500000000000000e+04,-2.220700000000000000e+04,-1.461800000000000000e+04,-6.394000000000000000e+03,-3.473600000000000000e+04
-2.075700000000000000e+04,-2.167500000000000000e+04,-3.859000000000000000e+03,-2.574200000000000000e+04,-1.814900000000000000e+04,-2.525400000000000000e+04,-5.283000000000000000e+03,3.082000000000000000e+03
-1.189000000000000000e+04,-1.676800000000000000e+04,-7.096000000000000000e+03,-1.883900000000000000e+04,-1.802600000000000000e+04,-1.561800000000000000e+04,5.871000000000000000e+03,-8.515000000000000000e+03
-9.099000000000000000e+03,1.973000000000000000e+03,-2.249600000000000000e+04,5.324000000000000000e+03,-3.403200000000000000e+04,-7.684000000000000000e+03,-2.960000000000000000e+04,-3.064400000000000000e+04
-2.280400000000000000e+04,2.486500000000000000e+04,-2.239700000000000000e+04,-1.314800000000000000e+04,-4.167300000000000000e+04,-1.446200000000000000e+04,-2.402600000000000000e+04,-3.087000000000000000e+04
-1.342500000000000000e+04,-2.405600000000000000e+04,-1.586900000000000000e+04,-2.629600000000000000e+04,1.100600000000000000e+04,-3.234800000000000000e+04,-2.634700000000000000e+04,-1.685100000000000000e+04
-1.714900000000000000e+04,-1.707700000000000000e+04,-1.454600000000000000e+04,5.127000000000000000e+03,-3.302500000000000000e+04,4.661000000000000000e+03,-2.381000000000000000e+03,-2.970000000000000000e+04
-4.731000000000000000e+03,1.325500000000000000e+04,-2.116500000000000000e+04,-2.015000000000000000e+04,-3.962700000000000000e+04,-1.841600000000000000e+04,-2.726800000000000000e+04,-2.566100000000000000e+04
-1.958900000000000000e+04,-1.701200000000000000e+04,-1.190400000000000000e+04,-2.160000000000000000e+04,-1.112100000000000000e+04,-1.668800000000000000e+04,-5.312000000000000000e+03,1.058600000000000000e+04
-2.225400000000000000e+04,-1.312300000000000000e+04,-1.721300000000000000e+04,-7.835000000000000000e+03,-2.457700000000000000e+04,-1.601400000000000000e+04,5.047000000000000000e+03,-3.030900000000000000e+04
-1.026300000000000000e+04,-2.272200000000000000e+04,-2.160100000000000000e+04,5.930000000000000000e+02,-1.215100000000000000e+04,6.400000000000000000e+02,-2.215700000000000000e+04,-3.425100000000000000e+04
-1.956000000000000000e+03,-1.632700000000000000e+04,-1.820400000000000000e+04,1.137400000000000000e+04,-8.287000000000000000e+03,-5.195000000000000000e+03,-2.457700000000000000e+04,-3.814900000000000000e+04
-8.456000000000000000e+03,-2.335500000000000000e+04,-1.125500000000000000e+04,-1.524100000000000000e+04,5.652000000000000000e+03,-2.223300000000000000e+04,-1.490700000000000000e+04,-1.876700000000000000e+04
-1.845900000000000000e+04,-1.417800000000000000e+04,-1.720700000000000000e+04,-2.167800000000000000e+04,-3.293400000000000000e+04,-2.044000000000000000e+04,8.345000000000000000e+03,-3.538600000000000000e+04
-1.060200000000000000e+04,-6.467000000000000000e+03,-1.955300000000000000e+04,-2.140000000000000000e+04,-2.093800000000000000e+04,-9.779000000000000000e+03,2.063000000000000000e+03,-7.242000000000000000e+03
-1.905000000000000000e+04,5.612000000000000000e+03,-1.945100000000000000e+04,-4.833000000000000000e+03,-2.763200000000000000e+04,-3.213000000000000000e+03,-1.178000000000000000e+04,-4.083400000000000000e+04
-2.054400000000000000e+04,-2.259700000000000000e+04,-1.409000000000000000e+04,-2.684100000000000000e+04,-2.205300000000000000e+04,-2.246700000000000000e+04,-2.237200000000000000e+04,2.415400000000000000e+04
-2.185200000000000000e+04,-1.051800000000000000e+04,1.084600000000000000e+04,-2.530200000000000000e+04,-1.962700000000000000e+04,-2.884000000000000000e+04,-1.859200000000000000e+04,4.342000000000000000e+03
-2.998400000000000000e+04,-1.034800000000000000e+04,-9.834000000000000000e+03,4.427000000000000000e+03,-2.556400000000000000e+04,3.935000000000000000e+03,-9.596000000000000000e+03,-2.686800000000000000e+04
4.503000000000000000e+03,-1.057700000000000000e+04,-1.279100000000000000e+04,6.297000000000000000e+03,-1.207800000000000000e+04,-1.018000000000000000e+03,-2.369100000000000000e+04,-2.510400000000000000e+04
-1.241700000000000000e+04,1.825400000000000000e+04,-2.373500000000000000e+04,-2.376700000000000000e+04,-3.363500000000000000e+04,-9.185000000000000000e+03,-1.729600000000000000e+04,-2.265100000000000000e+04
8.407000000000000000e+03,-1.987900000000000000e+04,-2.335000000000000000e+03,-5.276000000000000000e+03,4.302000000000000000e+03,-1.818400000000000000e+04,-2.499500000000000000e+04,-2.572600000000000000e+04
-1.530900000000000000e+04,6.644000000000000000e+03,-1.473400000000000000e+04,-1.940800000000000000e+04,-2.641700000000000000e+04,-1.907200000000000000e+04,-1.003900000000000000e+04,-2.436200000000000000e+04
-2.206600000000000000e+04,-6.670000000000000000e+02,-1.458200000000000000e+04,-2.019700000000000000e+04,-3.678600000000000000e+04,-1.687700000000000000e+04,2.086400000000000000e+04,-2.757500000000000000e+04
-8.366000000000000000e+03,-1.869200000000000000e+04,-1.905000000000000000e+04,-3.741000000000000000e+03,-1.712200000000000000e+04,6.099000000000000000e+03,-1.937000000000000000e+04,-3.492200000000000000e+04
-5.956000000000000000e+03,-1.616100000000000000e+04,-1.029300000000000000e+04,9.414000000000000000e+03,-1.220200000000000000e+04,-8.946000000000000000e+03,-9.293000000000000000e+03,-2.688900000000000000e+04
-3.333900000000000000e+04,-1.409700000000000000e+04,-1.050000000000000000e+03,-3.708900000000000000e+04,-1.954600000000000000e+04,-2.565200000000000000e+04,-2.545900000000000000e+04,9.678000000000000000e+03
-1.858000000000000000e+03,-2.363500000000000000e+04,-1.051200000000000000e+04,5.110000000000000000e+03,-3.250200000000000000e+04,4.663000000000000000e+03,-2.570300000000000000e+04,-4.077800000000000000e+04
-1.318400000000000000e+04,-1.940400000000000000e+04,-2.253000000000000000e+04,-9.785000000000000000e+03,-2.316600000000000000e+04,1.327000000000000000e+04,-1.010800000000000000e+04,-2.787400000000000000e+04
-4.066300000000000000e+04,-2.022200000000000000e+04,-1.785000000000000000e+04,-1.431700000000000000e+04,-3.583500000000000000e+04,-9.463000000000000000e+03,7.296000000000000000e+03,-1.821900000000000000e+04
-1.796000000000000000e+03,2.003200000000000000e+04,-2.759200000000000000e+04,-1.845900000000000000e+04,-3.667000000000000000e+04,-3.093400000000000000e+04,-2.099800000000000000e+04,-1.971000000000000000e+04
-1.700900000000000000e+04,-2.262200000000000000e+04,-1.055400000000000000e+04,-2.547000000000000000e+04,1.143000000000000000e+04,-2.883800000000000000e+04,-2.974400000000000000e+04,-1.113000000000000000e+04
-3.544000000000000000e+03,-8.937000000000000000e+03,-1.483000000000000000e+04,-7.240000000000000000e+03,-1.780400000000000000e+04,4.387000000000000000e+03,-2.164100000000000000e+04,-3.790600000000000000e+04
-1.098100000000000000e+04,-8.403000000000000000e+03,-1.947500000000000000e+04,-7.826000000000000000e+03,-1.802900000000000000e+04,1.274500000000000000e+04,-1.980000000000000000e+04,-2.045400000000000000e+04
-2.609900000000000000e+04,-1.656400000000000000e+04,6.600000000000000000e+03,-2.044700000000000000e+04,-2.408500000000000000e+04,-2.152300000000000000e+04,2.011000000000000000e+03,-1.294500000000000000e+04
-6.121000000000000000e+03,-2.250200000000000000e+04,-2.547000000000000000e+03,-1.123000000000000000e+04,3.067000000000000000e+03,-1.198700000000000000e+04,-2.539000000000000000e+04,-2.946600000000000000e+04
-3.232500000000000000e+04,-7.656000000000000000e+03,-1.238600000000000000e+04,-1.993800000000000000e+04,-2.573900000000000000e+04,-9.040000000000000000e+03,3.273000000000000000e+03,-8.517000000000000000e+03
-1.007700000000000000e+04,-8.831000000000000000e+03,-1.402000000000000000e+04,-9.790000000000000000e+02,-2.800900000000000000e+04,-8.625000000000000000e+03,-1.226400000000000000e+04,-2.768200000000000000e+04
-2.389000000000000000e+03,-7.244000000000000000e+03,-7.579000000000000000e+03,-5.163000000000000000e+03,-1.514100000000000000e+04,-7.250000000000000000e+03,-3.052600000000000000e+04,-4.083600000000000000e+04
-2.664600000000000000e+04,-9.830000000000000000e+03,-1.390700000000000000e+04,-3.017900000000000000e+04,-2.026500000000000000e+04,-1.365700000000000000e+04,2.019600000000000000e+04,-2.095800000000000000e+04
-2.190800000000000000e+04,-1.306600000000000000e+04,-1.826000000000000000e+04,-1.085600000000000000e+04,-3.016300000000000000e+04,-1.204100000000000000e+04,2.017900000000000000e+04,-2.354900000000000000e+04
-1.995000000000000000e+03,-9.570000000000000000e+02,-1.541300000000000000e+04,-1.208300000000000000e+04,-1.558200000000000000e+04,-2.130400000000000000e+04,-2.044900000000000000e+04,-1.131000000000000000e+04
-2.481000000000000000e+03,-1.301400000000000000e+04,-1.354100000000000000e+04,-1.205000000000000000e+04,-9.469000000000000000e+03,-1.280900000000000000e+04,-2.623000000000000000e+03,-1.031500000000000000e+04
-1.994500000000000000e+04,-2.496600000000000000e+04,-7.334000000000000000e+03,-2.929300000000000000e+04,-2.126200000000000000e+04,-2.478400000000000000e+04,-8.149000000000000000e+03,9.811000000000000000e+03
-2.387100000000000000e+04,1.810200000000000000e+04,-1.656800000000000000e+04,-2.435100000000000000e+04,-3.739500000000000000e+04,-1.422700000000000000e+04,-1.909500000000000000e+04,-4.400300000000000000e+04
-1.809500000000000000e+04,-2.140200000000000000e+04,-9.212000000000000000e+03,-1.670000000000000000e+04,-2.590900000000000000e+04,-2.073500000000000000e+04,2.802000000000000000e+04,-3.020000000000000000e+04
-2.130000000000000000e+04,-2.306500000000000000e+04,1.398400000000000000e+04,-2.054200000000000000e+04,-6.412000000000000000e+03,-3.162600000000000000e+04,-1.364900000000000000e+04,-1.342000000000000000e+04
-9.083000000000000000e+03,1.316200000000000000e+04,-3.959000000000000000e+03,-2.569700000000000000e+04,-3.041600000000000000e+04,-2.188100000000000000e+04,-8.205000000000000000e+03,-2.497000000000000000e+04
-2.334400000000000000e+04,8.543000000000000000e+03,-2.271300000000000000e+04,-1.564300000000000000e+04,-3.744300000000000000e+04,-1.486000000000000000e+04,2.534000000000000000e+03,-3.015100000000000000e+04
-1.287400000000000000e+04,-1.651000000000000000e+04,-1.802500000000000000e+04,-2.837100000000000000e+04,-1.545700000000000000e+04,-2.083300000000000000e+04,-1.678000000000000000e+04,1.788700000000000000e+04
-1.251000000000000000e+04,3.895000000000000000e+03,-1.835700000000000000e+04,-1.127900000000000000e+04,-2.267500000000000000e+04,-2.133500000000000000e+04,-3.124000000000000000e+03,-2.988100000000000000e+04
1.094100000000000000e+04,-1.523000000000000000e+04,-1.110000000000000000e+04,5.141000000000000000e+03,-9.292000000000000000e+03,-1.519900000000000000e+04,-2.229100000000000000e+04,-1.602100000000000000e+04
-3.657800000000000000e+04,-3.090400000000000000e+04,-8.763000000000000000e+03,-3.514100000000000000e+04,-3.523200000000000000e+04,-2.325100000000000000e+04,-2.083600000000000000e+04,1.078500000000000000e+04
1.034700000000000000e+04,-1.899200000000000000e+04,-1.079700000000000000e+04,-2.259500000000000000e+04,-5.760000000000000000e+03,-1.262700000000000000e+04,-2.641100000000000000e+04,-1.840100000000000000e+04
-2.640500000000000000e+04,-2.721300000000000000e+04,-5.317000000000000000e+03,-2.001100000000000000e+04,-2.841100000000000000e+04,-2.581800000000000000e+04,-1.907700000000000000e+04,1.502500000000000000e+04
-6.337000000000000000e+03,-2.189400000000000000e+04,-1.702000000000000000e+04,-6.880000000000000000e+02,5.107000000000000000e+03,-1.027700000000000000e+04,-2.094800000000000000e+04,-3.525000000000000000e+04
-1.514000000000000000e+03,2.223100000000000000e+04,-1.771500000000000000e+04,-2.476200000000000000e+04,-4.199900000000000000e+04,-1.494200000000000000e+04,-3.312900000000000000e+04,-3.173700000000000000e+04
-5.538000000000000000e+03,-2.214400000000000000e+04,-1.549400000000000000e+04,-1.132500000000000000e+04,1.256200000000000000e+04,-2.577200000000000000e+04,-2.517500000000000000e+04,-1.032400000000000000e+04
3.925000000000000000e+03,-1.416200000000000000e+04,-1.969200000000000000e+04,-4.535000000000000000e+03,-9.098000000000000000e+03,-2.333000000000000000e+03,-2.083300000000000000e+04,-2.393200000000000000e+04
-4.890000000000000000e+03,-1.823600000000000000e+04,-9.936000000000000000e+03,-9.487000000000000000e+03,4.737000000000000000e+03,-1.856700000000000000e+04,-1.859100000000000000e+04,-1.854300000000000000e+04
-1.160400000000000000e+04,2.176500000000000000e+04,-9.790000000000000000e+03,-1.457100000000000000e+04,-3.534500000000000000e+04,-1.362200000000000000e+04,-2.926600000000000000e+04,-4.546400000000000000e+04
-2.615700000000000000e+04,-1.275400000000000000e+04,-1.835000000000000000e+03,-2.320100000000000000e+04,-1.022800000000000000e+04,-1.486400000000000000e+04,5.694000000000000000e+03,-1.295100000000000000e+04
-1.484900000000000000e+04,5.624000000000000000e+03,-1.885900000000000000e+04,-1.094900000000000000e+04,-3.542700000000000000e+04,-1.775500000000000000e+04,4.338000000000000000e+03,-2.420900000000000000e+04
-1.136600000000000000e+04,-1.557400000000000000e+04,-1.779400000000000000e+04,-1.940000000000000000e+04,-1.789900000000000000e+04,-1.814700000000000000e+04,8.808000000000000000e+03,-1.547600000000000000e+04
-1.951400000000000000e+04,2.475100000000000000e+04,-2.135300000000000000e+04,-8.201000000000000000e+03,-5.631200000000000000e+04,-1.887200000000000000e+04,-2.561000000000000000e+04,-3.923000000000000000e+04
-1.350300000000000000e+04,7.849000000000000000e+03,-2.321900000000000000e+04,-1.107100000000000000e+04,-2.868300000000000000e+04,-5.498000000000000000e+03,-6.064000000000000000e+03,-2.331800000000000000e+04
-2.286700000000000000e+04,-7.903000000000000000e+03,-1.365700000000000000e+04,-1.626100000000000000e+04,-1.716400000000000000e+04,-6.169000000000000000e+03,4.722000000000000000e+03,-2.094600000000000000e+04
-1.291300000000000000e+04,-7.989000000000000000e+03,-1.317700000000000000e+04,-2.139500000000000000e+04,-1.358700000000000000e+04,-7.514000000000000000e+03,-5.759000000000000000e+03,-2.750000000000000000e+03
8.688000000000000000e+03,-1.205900000000000000e+04,-9.370000000000000000e+03,-1.305000000000000000e+03,-1.392400000000000000e+04,-9.632000000000000000e+03,-2.150300000000000000e+04,-2.732700000000000000e+04
-2.971400000000000000e+04,1.338400000000000000e+04,-1.889300000000000000e+04,-1.104500000000000000e+04,-4.403100000000000000e+04,-1.088000000000000000e+04,-2.727000000000000000e+03,-2.624400000000000000e+04
-2.727200000000000000e+04,1.928200000000000000e+04,-2.178200000000000000e+04,-2.722100000000000000e+04,-3.121500000000000000e+04,-1.782800000000000000e+04,-4.549000000000000000e+03,-2.431400000000000000e+04
-3.402000000000000000e+04,-2.058100000000000000e+04,-3.808000000000000000e+03,-3.236000000000000000e+04,-1.697700000000000000e+04,-4.316900000000000000e+04,-3.238500000000000000e+04,1.102400000000000000e+04
-6.896000000000000000e+03,-1.237700000000000000e+04,-5.732000000000000000e+03,-2.232000000000000000e+04,-2.294800000000000000e+04,-9.734000000000000000e+03,3.014000000000000000e+03,-2.171400000000000000e+04
-9.744000000000000000e+03,2.237100000000000000e+04,-9.551000000000000000e+03,-2.844800000000000000e+04,-3.524000000000000000e+04,-1.805800000000000000e+04,-2.162100000000000000e+04,-3.246800000000000000e+04
-1.795300000000000000e+04,-1.068500000000000000e+04,-1.717100000000000000e+04,8.432000000000000000e+03,-1.799500000000000000e+04,-8.731000000000000000e+03,-1.066800000000000000e+04,-2.612000000000000000e+04
-7.459000000000000000e+03,-1.379100000000000000e+04,-1.590700000000000000e+04,-1.477500000000000000e+04,-8.650000000000000000e+02,-6.410000000000000000e+03,-1.260200000000000000e+04,-1.488200000000000000e+04
-1.626600000000000000e+04,1.276700000000000000e+04,-2.892400000000000000e+04,-1.957000000000000000e+04,-2.912400000000000000e+04,-3.002600000000000000e+04,-2.106700000000000000e+04,-1.457800000000000000e+04
-3.451000000000000000e+03,-1.965200000000000000e+04,-1.283300000000000000e+04,-1.829800000000000000e+04,1.082800000000000000e+04,-1.230900000000000000e+04,-3.540100000000000000e+04,-2.268200000000000000e+04
-2.480700000000000000e+04,-1.491000000000000000e+04,9.429000000000000000e+03,-2.175000000000000000e+04,-8.164000000000000000e+03,-2.270400000000000000e+04,-2.370600000000000000e+04,-1.792000000000000000e+03
-1.140100000000000000e+04,-1.649400000000000000e+04,-1.518700000000000000e+04,1.846000000000000000e+03,-3.279700000000000000e+04,1.307200000000000000e+04,-2.360100000000000000e+04,-3.591200000000000000e+04
-1.565400000000000000e+04,9.808000000000000000e+03,-2.448700000000000000e+04,-2.190300000000000000e+04,-4.192700000000000000e+04,-2.360700000000000000e+04,-7.037000000000000000e+03,-3.913400000000000000e+04
-2.577000000000000000e+04,-2.665000000000000000e+03,-2.468100000000000000e+04,-2.363600000000000000e+04,-4.455700000000000000e+04,-9.353000000000000000e+03,7.365000000000000000e+03,-1.890100000000000000e+04
-2.498100000000000000e+04,-2.879000000000000000e+04,-5.518000000000000000e+03,-2.452000000000000000e+04,1.398300000000000000e+04,-3.652300000000000000e+04,-2.967200000000000000e+04,-7.914000000000000000e+03
-1.743000000000000000e+03,1.810000000000000000e+02,-7.368000000000000000e+03,-1.089000000000000000e+03,-2.272600000000000000e+04,-2.441300000000000000e+04,-1.976000000000000000e+04,-3.511300000000000000e+04
-1.419000000000000000e+03,-1.496000000000000000e+04,-1.409900000000000000e+04,-9.879000000000000000e+03,-2.153700000000000000e+04,7.765000000000000000e+03,-2.624400000000000000e+04,-3.242100000000000000e+04
-2.006300000000000000e+04,-1.466000000000000000e+04,-1.280900000000000000e+04,-3.054300000000000000e+04,-1.860200000000000000e+04,-1.996500000000000000e+04,1.255500000000000000e+04,-1.635700000000000000e+04
-9.804000000000000000e+03,-1.593400000000000000e+04,8.510000000000000000e+02,-1.371200000000000000e+04,-3.540000000000000000e+03,-3.064300000000000000e+04,-1.863800000000000000e+04,-7.467000000000000000e+03
-2.486800000000000000e+04,-1.994600000000000000e+04,-2.028500000000000000e+04,-2.800900000000000000e+04,-2.560300000000000000e+04,-1.855700000000000000e+04,-1.160300000000000000e+04,1.955000000000000000e+04
-2.657300000000000000e+04,2.028400000000000000e+04,-1.451300000000000000e+04,-8.946000000000000000e+03,-4.044700000000000000e+04,-1.571500000000000000e+04,-2.605200000000000000e+04,-3.759300000000000000e+04
-9.917000000000000000e+03,-2.436000000000000000e+04,-1.408000000000000000e+04,-3.427100000000000000e+04,-3.085700000000000000e+04,-2.401100000000000000e+04,-2.321800000000000000e+04,1.451900000000000000e+04
9.483000000000000000e+03,-1.964300000000000000e+04,-1.717700000000000000e+04,-4.271000000000000000e+03,-1.449500000000000000e+04,-7.882000000000000000e+03,-2.313700000000000000e+04,-4.442900000000000000e+04
-6.634000000000000000e+03,1.707100000000000000e+04,-1.547100000000000000e+04,-1.738600000000000000e+04,-2.850900000000000000e+04,-1.367900000000000000e+04,-2.892500000000000000e+04,-2.894500000000000000e+04
-1.528100000000000000e+04,-1.397600000000000000e+04,-1.467700000000000000e+04,-2.163500000000000000e+04,-2.437600000000000000e+04,-2.017800000000000000e+04,2.827500000000000000e+04,-2.790000000000000000e+04
-2.805600000000000000e+04,-1.901100000000000000e+04,-1.089100000000000000e+04,-2.690100000000000000e+04,-2.095200000000000000e+04,-1.309700000000000000e+04,-1.213400000000000000e+04,1.018000000000000000e+04
-2.071800000000000000e+04,-8.129000000000000000e+03,6.520000000000000000e+02,-3.580000000000000000e+04,-1.517000000000000000e+04,-2.187100000000000000e+04,-2.101000000000000000e+04,1.080900000000000000e+04
-1.582300000000000000e+04,-9.900000000000000000e+01,-2.296000000000000000e+04,-7.904000000000000000e+03,-3.712300000000000000e+04,1.092500000000000000e+04,-2.646500000000000000e+04,-3.635900000000000000e+04
-6.450000000000000000e+03,-1.711100000000000000e+04,-2.419700000000000000e+04,-1.903700000000000000e+04,-2.541900000000000000e+04,1.730000000000000000e+04,-2.443800000000000000e+04,-2.050400000000000000e+04
-1.584000000000000000e+04,-4.506000000000000000e+03,-7.437000000000000000e+03,5.127000000000000000e+03,-2.319300000000000000e+04,-5.227000000000000000e+03,-1.527200000000000000e+04,-3.144800000000000000e+04
-4.900000000000000000e+03,-5.554000000000000000e+03,-1.997700000000000000e+04,-6.819000000000000000e+03,-2.472200000000000000e+04,1.036700000000000000e+04,-1.601700000000000000e+04,-1.475600000000000000e+04
6.300000000000000000e+02,-2.483100000000000000e+04,-1.303800000000000000e+04,-1.482800000000000000e+04,-3.871000000000000000e+03,-2.458000000000000000e+03,-2.583600000000000000e+04,-1.671900000000000000e+04
-2.664400000000000000e+04,-1.374800000000000000e+04,1.452200000000000000e+04,-2.355900000000000000e+04,-3.230700000000000000e+04,-2.136800000000000000e+04,-1.100000000000000000e+04,-5.370000000000000000e+02
-2.162600000000000000e+04,2.250500000000000000e+04,-2.056800000000000000e+04,-1.812700000000000000e+04,-4.143600000000000000e+04,-1.870700000000000000e+04,-1.539500000000000000e+04,-2.876700000000000000e+04
7.321000000000000000e+03,-2.301000000000000000e+03,-8.457000000000000000e+03,-1.254200000000000000e+04,-2.632800000000000000e+04,-1.262800000000000000e+04,-2.646400000000000000e+04,-3.661100000000000000e+04
3.016000000000000000e+03,-1.449800000000000000e+04,-8.919000000000000000e+03,-3.064000000000000000e+03,-1.576400000000000000e+04,4.600000000000000000e+01,-2.023500000000000000e+04,-3.222500000000000000e+04
-3.039100000000000000e+04,-1.044500000000000000e+04,-2.033200000000000000e+04,-2.283100000000000000e+04,-2.525700000000000000e+04,-1.308100000000000000e+04,1.810300000000000000e+04,-2.224100000000000000e+04
-2.475000000000000000e+04,-1.909900000000000000e+04,-8.190000000000000000e+03,-1.359700000000000000e+04,-2.361600000000000000e+04,-1.099900000000000000e+04,1.911600000000000000e+04,-1.806000000000000000e+04
-1.372600000000000000e+04,1.654500000000000000e+04,-1.253000000000000000e+04,-1.423600000000000000e+04,-2.985500000000000000e+04,-2.065900000000000000e+04,-1.195200000000000000e+04,-4.365600000000000000e+04
-1.236900000000000000e+04,1.238200000000000000e+04,-1.276500000000000000e+04,-2.783400000000000000e+04,-4.314700000000000000e+04,-3.102000000000000000e+03,-2.974300000000000000e+04,-3.051300000000000000e+04
-2.746600000000000000e+04,-1.377700000000000000e+04,2.445000000000000000e+03,-3.266500000000000000e+04,-1.457000000000000000e+04,-3.058800000000000000e+04,-6.042000000000000000e+03,-1.376500000000000000e+04
-3.289100000000000000e+04,-7.837000000000000000e+03,-1.729800000000000000e+04,-1.524100000000000000e+04,-2.400700000000000000e+04,-1.864600000000000000e+04,1.227400000000000000e+04,-2.705400000000000000e+04
1.499000000000000000e+03,-6.102000000000000000e+03,-1.880300000000000000e+04,-7.429000000000000000e+03,-5.786000000000000000e+03,-8.347000000000000000e+03,-1.136000000000000000e+04,-1.487400000000000000e+04
-3.203500000000000000e+04,-1.623500000000000000e+04,-1.234800000000000000e+04,-1.447000000000000000e+04,-1.021100000000000000e+04,-7.639000000000000000e+03,8.826000000000000000e+03,-1.996600000000000000e+04
-1.667100000000000000e+04,-2.076400000000000000e+04,-1.335000000000000000e+04,-2.076100000000000000e+04,-2.062900000000000000e+04,-2.861700000000000000e+04,-2.156800000000000000e+04,1.757800000000000000e+04
-1.669900000000000000e+04,-6.156000000000000000e+03,-9.533000000000000000e+03,-2.602600000000000000e+04,-1.774400000000000000e+04,-1.577300000000000000e+04,-1.777300000000000000e+04,1.342200000000000000e+04
-1.669400000000000000e+04,-2.497700000000000000e+04,-1.830400000000000000e+04,-2.326100000000000000e+04,-2.205000000000000000e+04,-2.079600000000000000e+04,-1.393700000000000000e+04,1.572400000000000000e+04
-3.129700000000000000e+04,-1.180500000000000000e+04,-1.379300000000000000e+04,-1.637000000000000000e+03,-2.838100000000000000e+04,1.778000000000000000e+03,-1.151600000000000000e+04,-3.471700000000000000e+04
-2.990900000000000000e+04,-1.687000000000000000e+04,-2.398200000000000000e+04,-3.463900000000000000e+04,-1.696600000000000000e+04,-2.447900000000000000e+04,-1.871200000000000000e+04,1.403900000000000000e+04
-5.147000000000000000e+03,-1.516500000000000000e+04,-1.847600000000000000e+04,2.114000000000000000e+03,-2.260000000000000000e+04,1.987000000000000000e+03,-2.463200000000000000e+04,-2.398800000000000000e+04
-9.934000000000000000e+03,2.243700000000000000e+04,-1.207900000000000000e+04,-2.996100000000000000e+04,-4.321500000000000000e+04,-2.431700000000000000e+04,-1.925800000000000000e+04,-2.785200000000000000e+04
-1.633300000000000000e+04,-1.636100000000000000e+04,-1.244300000000000000e+04,-3.055800000000000000e+04,-1.610000000000000000e+04,-2.650800000000000000e+04,1.596600000000000000e+04,-1.649200000000000000e+04
-3.033800000000000000e+04,-1.156300000000000000e+04,4.240000000000000000e+03,-2.326200000000000000e+04,-3.933800000000000000e+04,-3.601600000000000000e+04,-1.976000000000000000e+03,-3.916000000000000000e+04
-2.056000000000000000e+04,3.715200000000000000e+04,-2.023400000000000000e+04,-2.730200000000000000e+04,-4.390300000000000000e+04,-2.629900000000000000e+04,-2.354700000000000000e+04,-3.070900000000000000e+04
-2.192000000000000000e+03,-5.032000000000000000e+03,-7.228000000000000000e+03,-1.196300000000000000e+04,-2.213100000000000000e+04,-1.175100000000000000e+04,-4.692000000000000000e+03,-2.915700000000000000e+04
1.045200000000000000e+04,-1.447700000000000000e+04,-1.404100000000000000e+04,-1.493000000000000000e+04,-3.386300000000000000e+04,4.733000000000000000e+03,-2.412100000000000000e+04,-4.181900000000000000e+04
-1.344700000000000000e+04,-1.253400000000000000e+04,-1.676000000000000000e+04,4.545000000000000000e+03,-2.342200000000000000e+04,-8.431000000000000000e+03,-2.406000000000000000e+03,-3.802700000000000000e+04
-8.491000000000000000e+03,-2.485600000000000000e+04,-9.720000000000000000e+03,-1.656700000000000000e+04,1.171200000000000000e+04,-2.743300000000000000e+04,-2.297300000000000000e+04,-2.390400000000000000e+04
-3.134000000000000000e+04,-2.559800000000000000e+04,-1.255800000000000000e+04,-2.904400000000000000e+04,-2.986700000000000000e+04,-2.439000000000000000e+04,-2.311400000000000000e+04,2.073100000000000000e+04
-8.600000000000000000e+03,-9.567000000000000000e+03,4.630000000000000000e+03,-1.223000000000000000e+04,-3.063000000000000000e+03,-1.864600000000000000e+04,-1.113400000000000000e+04,-1.284800000000000000e+04
-4.149600000000000000e+04,-1.802700000000000000e+04,-2.194000000000000000e+03,-3.462100000000000000e+04,-2.060200000000000000e+04,-3.568000000000000000e+04,-2.366200000000000000e+04,1.989500000000000000e+04
2.657000000000000000e+03,-1.125300000000000000e+04,-1.369400000000000000e+04,1.870000000000000000e+03,-2.957400000000000000e+04,-1.246200000000000000e+04,-1.818700000000000000e+04,-4.588200000000000000e+04
-2.224000000000000000e+04,-1.910200000000000000e+04,-1.012400000000000000e+04,-2.820600000000000000e+04,-2.384300000000000000e+04,-2.066500000000000000e+04,-9.113000000000000000e+03,8.749000000000000000e+03
-7.988000000000000000e+03,-1.741900000000000000e+04,-8.692000000000000000e+03,-2.131000000000000000e+03,-1.046100000000000000e+04,-9.474000000000000000e+03,-1.183400000000000000e+04,-2.385800000000000000e+04
5.200000000000000000e+03,-2.525400000000000000e+04,-1.155200000000000000e+04,-1.366600000000000000e+04,-5.262000000000000000e+03,-6.353000000000000000e+03,-1.587400000000000000e+04,-2.461400000000000000e+04
-1.177700000000000000e+04,2.071500000000000000e+04,-1.726900000000000000e+04,-1.573200000000000000e+04,-2.941900000000000000e+04,-1.337900000000000000e+04,-1.944800000000000000e+04,-3.141400000000000000e+04
-1.879200000000000000e+04,-6.182000000000000000e+03,-2.006300000000000000e+04,-1.216900000000000000e+04,-2.139900000000000000e+04,4.837000000000000000e+03,-1.141800000000000000e+04,-3.956000000000000000e+03
-2.636000000000000000e+03,-1.513000000000000000e+04,-1.359200000000000000e+04,2.708000000000000000e+03,-1.030700000000000000e+04,-7.604000000000000000e+03,-2.739000000000000000e+04,-1.602100000000000000e+04
-1.172100000000000000e+04,-1.039100000000000000e+04,-8.381000000000000000e+03,-2.165700000000000000e+04,-2.567600000000000000e+04,-1.556300000000000000e+04,3.002000000000000000e+03,-2.021400000000000000e+04
-3.000400000000000000e+04,-2.177900000000000000e+04,-1.837000000000000000e+04,-3.414400000000000000e+04,-2.134400000000000000e+04,-2.311300000000000000e+04,-2.121000000000000000e+04,1.386500000000000000e+04
-7.297000000000000000e+03,-2.322000000000000000e+04,-7.856000000000000000e+03,2.980000000000000000e+03,3.420000000000000000e+02,-7.539000000000000000e+03,-2.062200000000000000e+04,-1.858200000000000000e+04
-2.643600000000000000e+04,-1.130400000000000000e+04,-1.424000000000000000e+04,-1.075000000000000000e+03,-1.313900000000000000e+04,-1.397300000000000000e+04,-9.380000000000000000e+02,-1.407200000000000000e+04
3.397000000000000000e+03,-5.247000000000000000e+03,-7.933000000000000000e+03,-5.856000000000000000e+03,-1.610700000000000000e+04,-7.232000000000000000e+03,-6.387000000000000000e+03,-2.561200000000000000e+04
-1.218400000000000000e+04,1.411000000000000000e+04,-2.386100000000000000e+04,-1.201100000000000000e+04,-3.062900000000000000e+04,-1.375700000000000000e+04,-9.671000000000000000e+03,-2.026500000000000000e+04
-2.570900000000000000e+04,-1.634500000000000000e+04,-1.446700000000000000e+04,8.415000000000000000e+03,-1.914600000000000000e+04,-1.246700000000000000e+04,7.176000000000000000e+03,-2.745000000000000000e+04
-2.101300000000000000e+04,-1.627700000000000000e+04,-1.152000000000000000e+04,-2.797300000000000000e+04,-1.153200000000000000e+04,-1.866500000000000000e+04,6.976000000000000000e+03,-1.167800000000000000e+04
-2.390000000000000000e+03,-1.401700000000000000e+04,-1.791700000000000000e+04,-7.580000000000000000e+02,-1.049600000000000000e+04,-6.651000000000000000e+03,-2.461100000000000000e+04,-2.922600000000000000e+04
-4.684000000000000000e+03,-1.721300000000000000e+04,-1.972600000000000000e+04,-4.168000000000000000e+03,-1.410400000000000000e+04,5.370000000000000000e+03,-1.064500000000000000e+04,-1.284800000000000000e+04
-1.658100000000000000e+04,-1.248600000000000000e+04,-1.930800000000000000e+04,-6.623000000000000000e+03,-1.222800000000000000e+04,-9.352000000000000000e+03,9.586000000000000000e+03,-2.462000000000000000e+04
-2.352500000000000000e+04,-1.411800000000000000e+04,-1.322900000000000000e+04,-5.255000000000000000e+03,-2.036200000000000000e+04,-1.678500000000000000e+04,6.030000000000000000e+03,-1.626700000000000000e+04
-3.109000000000000000e+03,-1.434300000000000000e+04,-1.825400000000000000e+04,1.254000000000000000e+03,-1.834300000000000000e+04,6.390000000000000000e+03,-2.205100000000000000e+04,-1.922200000000000000e+04
1.481000000000000000e+03,-2.173100000000000000e+04,-1.612300000000000000e+04,-8.672000000000000000e+03,-1.799300000000000000e+04,1.105200000000000000e+04,-3.096800000000000000e+04,-3.719300000000000000e+04
2.550000000000000000e+02,-7.370000000000000000e+03,-9.848000000000000000e+03,-4.600000000000000000e+03,-1.173400000000000000e+04,-7.454000000000000000e+03,-1.899700000000000000e+04,-1.262700000000000000e+04
-3.550400000000000000e+04,-1.890900000000000000e+04,-8.684000000000000000e+03,-1.483500000000000000e+04,-2.258900000000000000e+04,-2.672000000000000000e+04,2.143000000000000000e+04,-2.621200000000000000e+04
-2.936800000000000000e+04,-1.823600000000000000e+04,-5.175000000000000000e+03,-1.317400000000000000e+04,-1.955000000000000000e+04,-1.658400000000000000e+04,1.709600000000000000e+04,-2.541300000000000000e+04
-1.110600000000000000e+04,-1.649800000000000000e+04,2.774000000000000000e+03,-7.492000000000000000e+03,-6.851000000000000000e+03,-2.612000000000000000e+04,-1.812800000000000000e+04,-1.305000000000000000e+04
5.695000000000000000e+03,-2.381800000000000000e+04,-2.284600000000000000e+04,-1.300100000000000000e+04,-1.004300000000000000e+04,-1.253300000000000000e+04,-1.873800000000000000e+04,-3.118400000000000000e+04
-1.056000000000000000e+03,-5.451000000000000000e+03,-1.718100000000000000e+04,1.696900000000000000e+04,-1.665000000000000000e+04,-6.233000000000000000e+03,-1.622800000000000000e+04,-2.456200000000000000e+04
-1.078100000000000000e+04,-1.632100000000000000e+04,-1.236000000000000000e+04,-9.720000000000000000e+03,-1.353300000000000000e+04,-7.460000000000000000e+02,-4.152000000000000000e+03,-1.275000000000000000e+04
-1.122000000000000000e+04,-1.698000000000000000e+03,-1.377700000000000000e+04,7.036000000000000000e+03,-3.199600000000000000e+04,-9.240000000000000000e+03,-1.018900000000000000e+04,-3.737700000000000000e+04
-2.953900000000000000e+04,-1.816900000000000000e+04,-1.467000000000000000e+04,-1.543600000000000000e+04,-1.565300000000000000e+04,-1.895100000000000000e+04,1.668100000000000000e+04,-1.609600000000000000e+04
-9.947000000000000000e+03,-1.817300000000000000e+04,-1.531900000000000000e+04,-1.802100000000000000e+04,3.984000000000000000e+03,-1.487000000000000000e+04,-2.123400000000000000e+04,-2.806400000000000000e+04
-1.250000000000000000e+04,-9.410000000000000000e+03,-1.974000000000000000e+04,9.420000000000000000e+03,-1.804200000000000000e+04,-7.509000000000000000e+03,8.980000000000000000e+02,-2.593300000000000000e+04
-1.767400000000000000e+04,3.028200000000000000e+04,-2.765100000000000000e+04,-1.427000000000000000e+04,-5.317500000000000000e+04,-1.844200000000000000e+04,-2.867200000000000000e+04,-1.735400000000000000e+04
-5.264000000000000000e+03,-1.444100000000000000e+04,-1.218900000000000000e+04,-8.117000000000000000e+03,-2.021300000000000000e+04,7.831000000000000000e+03,-2.513400000000000000e+04,-4.284500000000000000e+04
-1.696400000000000000e+04,-2.184600000000000000e+04,-2.015000000000000000e+04,-2.855000000000000000e+04,-2.570300000000000000e+04,-2.231700000000000000e+04,-2.184600000000000000e+04,1.760500000000000000e+04
-3.166700000000000000e+04,-1.765600000000000000e+04,-1.640300000000000000e+04,-2.162500000000000000e+04,-2.380500000000000000e+04,-1.128300000000000000e+04,2.459500000000000000e+04,-1.573200000000000000e+04
6.081000000000000000e+03,-1.504000000000000000e+04,-8.759000000000000000e+03,5.872000000000000000e+03,-1.590600000000000000e+04,-6.765000000000000000e+03,-3.393700000000000000e+04,-3.002100000000000000e+04
-2.014600000000000000e+04,-1.491300000000000000e+04,-2.272700000000000000e+04,-3.657400000000000000e+04,-2.581800000000000000e+04,-1.230100000000000000e+04,-1.924500000000000000e+04,1.527400000000000000e+04
-2.812100000000000000e+04,-1.972600000000000000e+04,2.384000000000000000e+03,-1.039900000000000000e+04,-9.394000000000000000e+03,-3.138300000000000000e+04,-1.857900000000000000e+04,1.010000000000000000e+04
2.250000000000000000e+02,-1.533700000000000000e+04,-1.129800000000000000e+04,1.336000000000000000e+03,-1.775500000000000000e+04,-1.620000000000000000e+03,-2.607600000000000000e+04,-4.083200000000000000e+04
8.130000000000000000e+02,-2.512100000000000000e+04,-2.376600000000000000e+04,-3.461000000000000000e+03,-1.887400000000000000e+04,1.215000000000000000e+04,-9.835000000000000000e+03,-2.653900000000000000e+04
-7.422000000000000000e+03,-2.034500000000000000e+04,-2.107000000000000000e+04,1.957000000000000000e+03,-2.930500000000000000e+04,-2.962000000000000000e+03,-2.490200000000000000e+04,-2.625500000000000000e+04
-8.132000000000000000e+03,-7.896000000000000000e+03,-1.738000000000000000e+03,-5.676000000000000000e+03,-2.283100000000000000e+04,-1.669600000000000000e+04,-3.034000000000000000e+03,-2.120100000000000000e+04
-1.128100000000000000e+04,1.341900000000000000e+04,-2.564700000000000000e+04,-2.080000000000000000e+04,-2.390800000000000000e+04,-1.412200000000000000e+04,-8.141000000000000000e+03,-3.190500000000000000e+04
-1.770000000000000000e+03,-8.081000000000000000e+03,-2.085100000000000000e+04,-7.210000000000000000e+02,-1.038200000000000000e+04,7.189000000000000000e+03,-2.310200000000000000e+04,-3.528000000000000000e+04
-1.647500000000000000e+04,1.348700000000000000e+04,-1.861000000000000000e+03,-2.128600000000000000e+04,-3.705400000000000000e+04,-2.168600000000000000e+04,-1.596000000000000000e+04,-4.290500000000000000e+04
-1.319600000000000000e+04,-1.259300000000000000e+04,-1.076200000000000000e+04,-3.187000000000000000e+03,-1.165000000000000000e+03,-1.266900000000000000e+04,-1.158200000000000000e+04,1.892000000000000000e+03
-3.446000000000000000e+04,-1.907000000000000000e+04,-1.106700000000000000e+04,-3.220700000000000000e+04,-2.928200000000000000e+04,-3.296100000000000000e+04,-2.216100000000000000e+04,1.298400000000000000e+04
-2.222000000000000000e+04,-9.362000000000000000e+03,-4.553000000000000000e+03,-2.762200000000000000e+04,-2.734000000000000000e+04,-1.750500000000000000e+04,9.089000000000000000e+03,-2.489800000000000000e+04
-1.746700000000000000e+04,-1.260000000000000000e+04,-1.463800000000000000e+04,-2.557700000000000000e+04,-2.127300000000000000e+04,-5.055000000000000000e+03,1.638600000000000000e+04,-2.026700000000000000e+04
-7.797000000000000000e+03,-2.315100000000000000e+04,-1.647300000000000000e+04,-2.054100000000000000e+04,1.475700000000000000e+04,-2.163900000000000000e+04,-2.416400000000000000e+04,-1.927000000000000000e+04
9.325000000000000000e+03,-1.880200000000000000e+04,-2.398100000000000000e+04,3.510000000000000000e+02,-1.736500000000000000e+04,-8.065000000000000000e+03,-2.404400000000000000e+04,-3.099400000000000000e+04
-2.774200000000000000e+04,-1.918400000000000000e+04,-1.657800000000000000e+04,-4.188600000000000000e+04,-2.675800000000000000e+04,-3.136100000000000000e+04,-1.923200000000000000e+04,2.258500000000000000e+04
-1.939700000000000000e+04,2.850000000000000000e+02,-1.167800000000000000e+04,-8.906000000000000000e+03,-1.906200000000000000e+04,-7.812000000000000000e+03,-1.695800000000000000e+04,-1.903800000000000000e+04
1.841800000000000000e+04,-1.663300000000000000e+04,-7.779000000000000000e+03,-1.209500000000000000e+04,-5.422000000000000000e+03,-8.951000000000000000e+03,-2.495300000000000000e+04,-2.796500000000000000e+04
-8.622000000000000000e+03,-1.317100000000000000e+04,-1.187800000000000000e+04,-9.697000000000000000e+03,-3.029300000000000000e+04,1.647100000000000000e+04,-3.159500000000000000e+04,-3.748000000000000000e+04
-5.856000000000000000e+03,-1.960800000000000000e+04,-2.188100000000000000e+04,-3.686000000000000000e+03,-1.553300000000000000e+04,1.700000000000000000e+01,-1.718900000000000000e+04,-1.892900000000000000e+04
-3.619200000000000000e+04,-2.916400000000000000e+04,-1.461900000000000000e+04,-3.476600000000000000e+04,-4.046700000000000000e+04,-3.346200000000000000e+04,-2.847400000000000000e+04,1.613600000000000000e+04
-2.036000000000000000e+04,-1.104300000000000000e+04,-1.028800000000000000e+04,-2.029900000000000000e+04,-3.575900000000000000e+04,-1.620000000000000000e+04,1.069000000000000000e+04,-4.293700000000000000e+04
-1.920100000000000000e+04,-1.699900000000000000e+04,-1.883800000000000000e+04,-1.491200000000000000e+04,5.957000000000000000e+03,-1.709500000000000000e+04,-8.808000000000000000e+03,-1.887900000000000000e+04
-1.167200000000000000e+04,-1.466300000000000000e+04,-3.682000000000000000e+03,1.278000000000000000e+03,-3.378000000000000000e+03,-2.585300000000000000e+04,-1.252900000000000000e+04,-1.811100000000000000e+04
-4.814000000000000000e+03,-1.228700000000000000e+04,-1.287200000000000000e+04,-2.853000000000000000e+03,-8.223000000000000000e+03,-5.052000000000000000e+03,-1.877600000000000000e+04,-2.001200000000000000e+04
-2.393400000000000000e+04,-1.257200000000000000e+04,-1.653100000000000000e+04,-1.697400000000000000e+04,-1.983800000000000000e+04,-1.906000000000000000e+04,1.717100000000000000e+04,-1.722800000000000000e+04
-1.979900000000000000e+04,-1.245100000000000000e+04,-1.576800000000000000e+04,-1.984100000000000000e+04,-1.592900000000000000e+04,-1.426700000000000000e+04,1.401300000000000000e+04,-1.262800000000000000e+04
-2.243200000000000000e+04,-1.969500000000000000e+04,-1.322100000000000000e+04,-1.528000000000000000e+04,-2.093300000000000000e+04,-2.097800000000000000e+04,-1.790500000000000000e+04,6.152000000000000000e+03
-1.096300000000000000e+04,-1.004100000000000000e+04,-8.749000000000000000e+03,7.521000000000000000e+03,-2.542000000000000000e+03,-9.670000000000000000e+03,-7.233000000000000000e+03,-2.561200000000000000e+04
1.327000000000000000e+03,9.847000000000000000e+03,-2.594400000000000000e+04,-2.126700000000000000e+04,-3.584000000000000000e+04,-9.311000000000000000e+03,-3.376300000000000000e+04,-2.413100000000000000e+04
-3.949100000000000000e+04,-2.590500000000000000e+04,-1.606800000000000000e+04,-3.700000000000000000e+04,-2.682000000000000000e+04,-3.664800000000000000e+04,-3.082500000000000000e+04,1.785000000000000000e+04
-2.089400000000000000e+04,-1.313500000000000000e+04,-1.150500000000000000e+04,-2.281700000000000000e+04,-2.318500000000000000e+04,-1.431300000000000000e+04,6.481000000000000000e+03,-9.852000000000000000e+03
-3.197000000000000000e+03,-8.572000000000000000e+03,-6.530000000000000000e+03,-2.703000000000000000e+04,1.023000000000000000e+03,-1.506800000000000000e+04,-1.416700000000000000e+04,-1.590100000000000000e+04
-1.900200000000000000e+04,1.704500000000000000e+04,-1.716800000000000000e+04,-7.027000000000000000e+03,-3.388900000000000000e+04,-2.608700000000000000e+04,-1.537000000000000000e+04,-2.722200000000000000e+04
-1.804300000000000000e+04,-1.501700000000000000e+04,5.997000000000000000e+03,-1.884200000000000000e+04,-1.094200000000000000e+04,-1.478300000000000000e+04,-9.730000000000000000e+03,-3.497800000000000000e+04
-2.412300000000000000e+04,-2.281500000000000000e+04,-1.764000000000000000e+03,-2.964500000000000000e+04,-2.077500000000000000e+04,-3.477800000000000000e+04,-6.831000000000000000e+03,-1.303100000000000000e+04
-6.451000000000000000e+03,-1.870300000000000000e+04,-3.105000000000000000e+03,-1.186500000000000000e+04,3.161000000000000000e+03,-8.909000000000000000e+03,-1.290300000000000000e+04,-2.530900000000000000e+04
-1.298200000000000000e+04,-1.526400000000000000e+04,-1.697800000000000000e+04,-6.630000000000000000e+03,-2.124000000000000000e+04,-9.310000000000000000e+02,6.830000000000000000e+02,-3.275200000000000000e+04
-2.030000000000000000e+04,7.841000000000000000e+03,-2.017400000000000000e+04,-1.620700000000000000e+04,-3.559500000000000000e+04,-7.567000000000000000e+03,-8.567000000000000000e+03,-2.531800000000000000e+04
-1.908400000000000000e+04,-9.509000000000000000e+03,-9.559000000000000000e+03,-2.175400000000000000e+04,-1.488300000000000000e+04,-1.260800000000000000e+04,-1.948900000000000000e+04,1.418300000000000000e+04
-2.693100000000000000e+04,-1.440900000000000000e+04,-1.581100000000000000e+04,-2.444200000000000000e+04,-1.645800000000000000e+04,-2.163300000000000000e+04,-1.233400000000000000e+04,1.769100000000000000e+04
-1.411300000000000000e+04,-1.318100000000000000e+04,-1.585600000000000000e+04,-1.805400000000000000e+04,-1.394800000000000000e+04,-1.463700000000000000e+04,-1.964100000000000000e+04,2.037600000000000000e+04
-1.798800000000000000e+04,-1.347100000000000000e+04,-9.329000000000000000e+03,-2.413000000000000000e+04,-2.282300000000000000e+04,-2.163000000000000000e+04,-1.451400000000000000e+04,2.303000000000000000e+03
-1.466800000000000000e+04,-2.034100000000000000e+04,-1.681300000000000000e+04,-9.075000000000000000e+03,-1.324100000000000000e+04,1.118900000000000000e+04,-1.307100000000000000e+04,-1.248100000000000000e+04
-2.398500000000000000e+04,-7.999000000000000000e+03,6.450000000000000000e+03,-1.901400000000000000e+04,-2.569100000000000000e+04,-1.952800000000000000e+04,3.546000000000000000e+03,-1.575700000000000000e+04
-3.703300000000000000e+04,-2.069000000000000000e+04,7.445000000000000000e+03,-1.549300000000000000e+04,-1.330900000000000000e+04,-2.982800000000000000e+04,-1.986300000000000000e+04,2.300000000000000000e+01
6.109000000000000000e+03,-3.381000000000000000e+03,-2.602800000000000000e+04,-4.629000000000000000e+03,-2.798500000000000000e+04,-8.769000000000000000e+03,-2.650600000000000000e+04,-2.595100000000000000e+04
-6.791000000000000000e+03,-5.192000000000000000e+03,-2.166500000000000000e+04,-1.228400000000000000e+04,-2.909200000000000000e+04,-2.400000000000000000e+01,-1.541000000000000000e+04,-3.773500000000000000e+04
-1.819000000000000000e+04,1.173000000000000000e+04,-1.611000000000000000e+04,-9.493000000000000000e+03,-3.299000000000000000e+04,-1.526800000000000000e+04,-1.169400000000000000e+04,-2.925300000000000000e+04
2.120000000000000000e+03,9.915000000000000000e+03,-1.506900000000000000e+04,-2.140400000000000000e+04,-1.702600000000000000e+04,-2.092600000000000000e+04,-1.846700000000000000e+04,-2.132000000000000000e+04
-1.990300000000000000e+04,-1.894600000000000000e+04,-9.771000000000000000e+03,-1.877800000000000000e+04,-1.662900000000000000e+04,-7.929000000000000000e+03,2.248900000000000000e+04,-1.393000000000000000e+04
-1.450000000000000000e+04,-7.172000000000000000e+03,-6.892000000000000000e+03,-2.890200000000000000e+04,-2.446000000000000000e+04,-1.319900000000000000e+04,-2.311700000000000000e+04,1.145000000000000000e+04
-1.385700000000000000e+04,-1.377300000000000000e+04,4.674000000000000000e+03,-6.778000000000000000e+03,-7.678000000000000000e+03,-1.715600000000000000e+04,-1.048300000000000000e+04,-3.264100000000000000e+04
-1.615200000000000000e+04,-8.519000000000000000e+03,-1.652500000000000000e+04,7.950000000000000000e+03,-2.999300000000000000e+04,1.202500000000000000e+04,-1.731400000000000000e+04,-3.635200000000000000e+04
-1.883300000000000000e+04,-9.962000000000000000e+03,-1.198500000000000000e+04,-2.521000000000000000e+04,-1.251100000000000000e+04,-1.384900000000000000e+04,-1.222900000000000000e+04,9.966000000000000000e+03
-1.758900000000000000e+04,-1.400100000000000000e+04,5.365000000000000000e+03,-1.896300000000000000e+04,-1.767600000000000000e+04,-1.900500000000000000e+04,4.772000000000000000e+03,-1.545100000000000000e+04
-1.624900000000000000e+04,-1.281300000000000000e+04,2.588200000000000000e+04,-8.545000000000000000e+03,-1.204400000000000000e+04,-2.690600000000000000e+04,-1.787100000000000000e+04,-2.020300000000000000e+04
-1.194400000000000000e+04,-1.447900000000000000e+04,-8.616000000000000000e+03,-2.730100000000000000e+04,-1.703400000000000000e+04,-2.215200000000000000e+04,-2.110200000000000000e+04,1.497600000000000000e+04
-2.145800000000000000e+04,-7.503000000000000000e+03,-7.503000000000000000e+03,-6.645000000000000000e+03,-1.666400000000000000e+04,-1.085200000000000000e+04,-1.228500000000000000e+04,-2.817400000000000000e+04
-1.563500000000000000e+04,-2.112000000000000000e+03,-2.177700000000000000e+04,-2.107400000000000000e+04,-1.453500000000000000e+04,-1.904100000000000000e+04,6.148000000000000000e+03,-1.781900000000000000e+04
6.451000000000000000e+03,-1.966100000000000000e+04,-1.174800000000000000e+04,-1.508200000000000000e+04,-1.255300000000000000e+04,3.635000000000000000e+03,-2.228000000000000000e+04,-2.289100000000000000e+04
-7.202000000000000000e+03,8.918000000000000000e+03,-1.081000000000000000e+04,-1.469100000000000000e+04,-3.036800000000000000e+04,-1.189800000000000000e+04,-2.404700000000000000e+04,-2.352400000000000000e+04
-2.021200000000000000e+04,2.377700000000000000e+04,-3.116300000000000000e+04,-2.420900000000000000e+04,-4.822200000000000000e+04,-1.900700000000000000e+04,-2.341100000000000000e+04,-3.994700000000000000e+04
-9.249000000000000000e+03,-2.658000000000000000e+03,-1.644600000000000000e+04,-7.795000000000000000e+03,-4.205200000000000000e+04,-1.160200000000000000e+04,6.388000000000000000e+03,-2.682500000000000000e+04
-3.746800000000000000e+04,-1.967800000000000000e+04,6.622000000000000000e+03,-1.508500000000000000e+04,-2.706900000000000000e+04,-1.412300000000000000e+04,-6.069000000000000000e+03,-1.303300000000000000e+04
-3.198500000000000000e+04,-1.420000000000000000e+02,-2.145900000000000000e+04,-2.918400000000000000e+04,-4.527800000000000000e+04,3.205000000000000000e+03,-1.018500000000000000e+04,-2.056600000000000000e+04
5.318000000000000000e+03,-1.128500000000000000e+04,-1.737700000000000000e+04,-7.304000000000000000e+03,-1.079500000000000000e+04,-6.081000000000000000e+03,-1.041600000000000000e+04,-3.761300000000000000e+04
-1.347200000000000000e+04,-7.204000000000000000e+03,-1.063200000000000000e+04,-9.913000000000000000e+03,-1.387400000000000000e+04,-1.292900000000000000e+04,3.965000000000000000e+03,-1.330800000000000000e+04
-3.656000000000000000e+03,-1.610200000000000000e+04,-7.541000000000000000e+03,-1.018100000000000000e+04,-2.343700000000000000e+04,-2.630000000000000000e+03,-1.654500000000000000e+04,-2.625500000000000000e+04
-9.923000000000000000e+03,-1.209000000000000000e+03,2.015000000000000000e+03,7.441000000000000000e+03,-2.661000000000000000e+04,-1.467500000000000000e+04,-1.710700000000000000e+04,-4.457700000000000000e+04
-1.488400000000000000e+04,-1.136100000000000000e+04,-9.510000000000000000e+03,-4.076000000000000000e+03,-2.177800000000000000e+04,-1.604000000000000000e+03,-8.893000000000000000e+03,-3.533700000000000000e+04
-9.200000000000000000e+03,3.168400000000000000e+04,-1.927400000000000000e+04,-2.602200000000000000e+04,-3.944200000000000000e+04,-2.318200000000000000e+04,-2.892300000000000000e+04,-3.376700000000000000e+04
-1.219700000000000000e+04,-1.872600000000000000e+04,-1.179900000000000000e+04,-1.555000000000000000e+04,1.859000000000000000e+04,-2.576600000000000000e+04,-2.876000000000000000e+04,-1.293200000000000000e+04
2.986000000000000000e+03,-2.168900000000000000e+04,-9.364000000000000000e+03,-2.008300000000000000e+04,1.433100000000000000e+04,-2.951300000000000000e+04,-3.492300000000000000e+04,-2.635600000000000000e+04
-3.222200000000000000e+04,-2.436500000000000000e+04,-2.804000000000000000e+03,-2.486300000000000000e+04,1.790000000000000000e+02,-2.733700000000000000e+04,-3.176200000000000000e+04,-1.077000000000000000e+03
-6.253000000000000000e+03,-1.937300000000000000e+04,-1.101800000000000000e+04,-2.163500000000000000e+04,1.199700000000000000e+04,-5.473000000000000000e+03,-2.500300000000000000e+04,-8.632000000000000000e+03
-3.393800000000000000e+04,-2.163800000000000000e+04,-1.612500000000000000e+04,-3.069600000000000000e+04,-3.162100000000000000e+04,-1.915900000000000000e+04,-1.689600000000000000e+04,1.265400000000000000e+04
-1.928100000000000000e+04,3.158700000000000000e+04,-1.381900000000000000e+04,-1.668100000000000000e+04,-4.886100000000000000e+04,-1.485200000000000000e+04,-2.398000000000000000e+04,-3.724600000000000000e+04
-4.584000000000000000e+03,-2.331100000000000000e+04,-1.741700000000000000e+04,-1.556200000000000000e+04,-3.053000000000000000e+03,3.209000000000000000e+03,-2.588500000000000000e+04,-3.403400000000000000e+04
5.285000000000000000e+03,-9.074000000000000000e+03,-1.025000000000000000e+04,-2.197000000000000000e+03,-2.925600000000000000e+04,-4.563000000000000000e+03,-3.352300000000000000e+04,-3.601100000000000000e+04
-3.927800000000000000e+04,-2.597400000000000000e+04,-2.271000000000000000e+03,-3.168400000000000000e+04,-3.721200000000000000e+04,-3.399600000000000000e+04,-2.547800000000000000e+04,9.639000000000000000e+03
-2.155400000000000000e+04,-1.778600000000000000e+04,-1.998000000000000000e+03,-1.629400000000000000e+04,-5.745000000000000000e+03,-2.484200000000000000e+04,-2.304900000000000000e+04,2.600000000000000000e+02
-2.723700000000000000e+04,-1.467500000000000000e+04,-1.746700000000000000e+04,-1.896600000000000000e+04,-2.153600000000000000e+04,-1.226800000000000000e+04,1.154500000000000000e+04,-1.150700000000000000e+04
-1.313300000000000000e+04,1.112600000000000000e+04,-2.759200000000000000e+04,-1.698400000000000000e+04,-3.879600000000000000e+04,-4.613000000000000000e+03,-2.527000000000000000e+04,-3.582200000000000000e+04
-1.135000000000000000e+04,-2.071500000000000000e+04,-1.167500000000000000e+04,-3.155100000000000000e+04,-1.503000000000000000e+04,-2.786700000000000000e+04,8.754000000000000000e+03,-1.523200000000000000e+04
-2.327700000000000000e+04,-2.261300000000000000e+04,-1.480200000000000000e+04,-1.030300000000000000e+04,3.239000000000000000e+03,-2.841700000000000000e+04,-1.949900000000000000e+04,-5.406000000000000000e+03
-1.472600000000000000e+04,-1.552000000000000000e+04,-1.151400000000000000e+04,-2.484400000000000000e+04,-1.891300000000000000e+04,-2.837500000000000000e+04,-1.464500000000000000e+04,1.092100000000000000e+04
-2.095700000000000000e+04,-1.483600000000000000e+04,8.160000000000000000e+03,-2.298100000000000000e+04,-1.825800000000000000e+04,-2.915300000000000000e+04,-2.527200000000000000e+04,-9.799000000000000000e+03
-6.402000000000000000e+03,-1.497700000000000000e+04,-1.694100000000000000e+04,5.041000000000000000e+03,-2.788100000000000000e+04,-5.125000000000000000e+03,-1.364300000000000000e+04,-3.873900000000000000e+04
-1.096800000000000000e+04,-8.262000000000000000e+03,-2.254500000000000000e+04,-7.600000000000000000e+02,-1.521900000000000000e+04,3.510000000000000000e+03,-1.606800000000000000e+04,-3.095900000000000000e+04
-2.255300000000000000e+04,-1.387300000000000000e+04,4.038000000000000000e+03,-2.365400000000000000e+04,-1.470400000000000000e+04,-2.820600000000000000e+04,-2.380100000000000000e+04,1.768000000000000000e+03
-1.488600000000000000e+04,-2.436400000000000000e+04,-1.767900000000000000e+04,-2.305400000000000000e+04,-2.269100000000000000e+04,-1.193200000000000000e+04,-1.648000000000000000e+04,1.305200000000000000e+04
-1.005000000000000000e+04,-7.549000000000000000e+03,-2.101900000000000000e+04,-1.531800000000000000e+04,-1.406700000000000000e+04,-7.730000000000000000e+03,-2.069600000000000000e+04,-3.079800000000000000e+04
-6.448000000000000000e+03,-1.733500000000000000e+04,-8.666000000000000000e+03,3.506000000000000000e+03,-5.961000000000000000e+03,-1.045100000000000000e+04,-2.218200000000000000e+04,-2.369500000000000000e+04
-1.026600000000000000e+04,1.926700000000000000e+04,-9.286000000000000000e+03,-9.785000000000000000e+03,-3.270900000000000000e+04,-1.494800000000000000e+04,-2.451800000000000000e+04,-3.567500000000000000e+04
8.891000000000000000e+03,-2.453500000000000000e+04,-1.995200000000000000e+04,-9.590000000000000000e+03,-8.463000000000000000e+03,-1.100000000000000000e+02,-2.760100000000000000e+04,-3.416300000000000000e+04
-7.377000000000000000e+03,-4.357000000000000000e+03,-1.686900000000000000e+04,-1.840300000000000000e+04,-2.342600000000000000e+04,-6.866000000000000000e+03,-2.994000000000000000e+03,-9.745000000000000000e+03
-3.109900000000000000e+04,-3.270200000000000000e+04,-1.090500000000000000e+04,-3.895000000000000000e+04,-2.719200000000000000e+04,-4.627100000000000000e+04,-2.720900000000000000e+04,2.398100000000000000e+04
-3.938000000000000000e+03,2.801100000000000000e+04,-2.290600000000000000e+04,-2.054200000000000000e+04,-3.814800000000000000e+04,-2.419900000000000000e+04,-2.239000000000000000e+04,-2.351100000000000000e+04
2.119000000000000000e+03,-2.593000000000000000e+04,-1.351300000000000000e+04,-1.045300000000000000e+04,-5.286000000000000000e+03,-3.918000000000000000e+03,-1.572100000000000000e+04,-3.502000000000000000e+04
-1.617000000000000000e+04,-1.759100000000000000e+04,-1.117300000000000000e+04,-3.524400000000000000e+04,-1.556500000000000000e+04,-2.135700000000000000e+04,-2.121000000000000000e+04,1.238000000000000000e+04
-1.139000000000000000e+03,-9.931000000000000000e+03,-1.438100000000000000e+04,-3.218000000000000000e+03,-2.145900000000000000e+04,2.667000000000000000e+03,-2.811200000000000000e+04,-3.191800000000000000e+04
-2.500200000000000000e+04,-1.737400000000000000e+04,2.067200000000000000e+04,-2.617100000000000000e+04,-9.296000000000000000e+03,-3.597500000000000000e+04,-2.428300000000000000e+04,-3.601000000000000000e+03
-1.912300000000000000e+04,-2.710600000000000000e+04,-1.339000000000000000e+04,-1.382100000000000000e+04,1.397300000000000000e+04,-3.287200000000000000e+04,-2.273700000000000000e+04,-1.065600000000000000e+04
-1.457800000000000000e+04,-1.358300000000000000e+04,-7.807000000000000000e+03,-1.628700000000000000e+04,-2.608100000000000000e+04,-1.059700000000000000e+04,-1.958400000000000000e+04,8.169000000000000000e+03
-2.824700000000000000e+04,-1.881000000000000000e+04,-1.334000000000000000e+04,-1.835500000000000000e+04,-2.470200000000000000e+04,-1.113700000000000000e+04,9.226000000000000000e+03,-2.143800000000000000e+04
-2.829000000000000000e+03,-1.937200000000000000e+04,-1.950700000000000000e+04,-9.961000000000000000e+03,-1.082500000000000000e+04,1.101800000000000000e+04,-1.878200000000000000e+04,-2.191400000000000000e+04
-1.695100000000000000e+04,2.465000000000000000e+04,-2.653900000000000000e+04,-1.407500000000000000e+04,-3.254100000000000000e+04,-1.209400000000000000e+04,-1.638400000000000000e+04,-2.824700000000000000e+04
-2.114600000000000000e+04,-1.231900000000000000e+04,-8.476000000000000000e+03,-1.339100000000000000e+04,-1.301000000000000000e+04,-1.163400000000000000e+04,1.731000000000000000e+03,-2.032900000000000000e+04
-5.914000000000000000e+03,-1.205700000000000000e+04,-1.604000000000000000e+04,-5.144000000000000000e+03,-2.000800000000000000e+04,1.163000000000000000e+04,-2.093200000000000000e+04,-1.811600000000000000e+04
-4.182000000000000000e+03,-1.330900000000000000e+04,-1.259600000000000000e+04,4.658000000000000000e+03,-1.422500000000000000e+04,-1.597400000000000000e+04,-2.308000000000000000e+03,-2.372000000000000000e+04
-1.420300000000000000e+04,-6.174000000000000000e+03,-1.110900000000000000e+04,-9.669000000000000000e+03,-2.187700000000000000e+04,-1.163100000000000000e+04,-1.430000000000000000e+02,-2.535900000000000000e+04
-1.447300000000000000e+04,1.357300000000000000e+04,-1.151200000000000000e+04,-1.591200000000000000e+04,-2.272200000000000000e+04,-1.114000000000000000e+04,-2.283100000000000000e+04,-3.535100000000000000e+04
-1.673900000000000000e+04,-6.533000000000000000e+03,-1.443200000000000000e+04,4.754000000000000000e+03,-3.713300000000000000e+04,-4.625000000000000000e+03,-2.411400000000000000e+04,-3.964500000000000000e+04
-1.898700000000000000e+04,-5.434000000000000000e+03,1.502000000000000000e+03,-1.126200000000000000e+04,-1.301500000000000000e+04,-3.646500000000000000e+04,-1.326300000000000000e+04,-5.428000000000000000e+03
-7.482000000000000000e+03,-1.774400000000000000e+04,-1.903300000000000000e+04,-7.912000000000000000e+03,-1.306700000000000000e+04,1.706400000000000000e+04,-1.406500000000000000e+04,-2.071000000000000000e+04
-1.552000000000000000e+04,-1.523800000000000000e+04,-1.370800000000000000e+04,-2.747200000000000000e+04,-1.637700000000000000e+04,-1.322600000000000000e+04,-1.607800000000000000e+04,1.874800000000000000e+04
-1.488700000000000000e+04,-5.446000000000000000e+03,-1.551600000000000000e+04,-2.708800000000000000e+04,-2.126900000000000000e+04,5.041000000000000000e+03,-5.830000000000000000e+03,-1.252300000000000000e+04
-1.218000000000000000e+03,-1.911100000000000000e+04,-1.460000000000000000e+04,-1.912800000000000000e+04,1.262500000000000000e+04,-1.120000000000000000e+04,-2.261300000000000000e+04,-1.500300000000000000e+04
-3.400400000000000000e+04,-2.313400000000000000e+04,-2.195200000000000000e+04,-3.079000000000000000e+04,-3.103800000000000000e+04,-1.762100000000000000e+04,-1.421200000000000000e+04,1.048300000000000000e+04
7.055000000000000000e+03,-2.400200000000000000e+04,-1.884300000000000000e+04,-1.629600000000000000e+04,-5.168000000000000000e+03,-8.416000000000000000e+03,-2.938600000000000000e+04,-3.091400000000000000e+04
-1.941700000000000000e+04,-8.527000000000000000e+03,-1.500000000000000000e+02,-3.178800000000000000e+04,-2.309600000000000000e+04,-2.427700000000000000e+04,-1.377900000000000000e+04,-6.033000000000000000e+03
-1.556700000000000000e+04,-1.960100000000000000e+04,1.453200000000000000e+04,-2.453000000000000000e+04,-1.281300000000000000e+04,-3.332900000000000000e+04,-1.668200000000000000e+04,-9.933000000000000000e+03
-3.159000000000000000e+04,-2.054600000000000000e+04,-9.000000000000000000e+03,-1.560900000000000000e+04,-2.303200000000000000e+04,-1.979800000000000000e+04,1.476600000000000000e+04,-2.289900000000000000e+04
-1.009000000000000000e+03,-1.424900000000000000e+04,-1.774800000000000000e+04,-3.246700000000000000e+04,-1.909500000000000000e+04,-3.220500000000000000e+04,-2.478100000000000000e+04,1.679900000000000000e+04
-2.194100000000000000e+04,2.624900000000000000e+04,-1.381900000000000000e+04,-1.606600000000000000e+04,-2.890300000000000000e+04,-2.171900000000000000e+04,-2.443200000000000000e+04,-2.334400000000000000e+04
-1.425400000000000000e+04,2.850700000000000000e+04,-2.363300000000000000e+04,-1.630000000000000000e+04,-3.998500000000000000e+04,-2.215000000000000000e+04,-2.319500000000000000e+04,-2.716500000000000000e+04
-2.606100000000000000e+04,-2.105300000000000000e+04,-5.665000000000000000e+03,-2.630500000000000000e+04,-9.072000000000000000e+03,-2.585700000000000000e+04,-2.240700000000000000e+04,6.614000000000000000e+03
-2.758000000000000000e+03,-1.354200000000000000e+04,-1.293900000000000000e+04,-1.529000000000000000e+03,-1.373100000000000000e+04,4.788000000000000000e+03,-1.778400000000000000e+04,-3.054300000000000000e+04
1.607800000000000000e+04,-2.262500000000000000e+04,-1.023700000000000000e+04,-1.366600000000000000e+04,-2.001700000000000000e+04,1.807000000000000000e+03,-2.717200000000000000e+04,-5.365300000000000000e+04
-2.867100000000000000e+04,-1.469400000000000000e+04,-4.683000000000000000e+03,-1.291100000000000000e+04,-3.271500000000000000e+04,-8.705000000000000000e+03,1.242800000000000000e+04,-2.441300000000000000e+04
7.701000000000000000e+03,-1.020900000000000000e+04,-9.921000000000000000e+03,-3.261000000000000000e+03,1.435000000000000000e+03,-4.462000000000000000e+03,-2.350400000000000000e+04,-2.269600000000000000e+04
-2.590300000000000000e+04,-2.894400000000000000e+04,3.240000000000000000e+03,-2.063800000000000000e+04,-2.256400000000000000e+04,-3.769300000000000000e+04,-1.800300000000000000e+04,7.640000000000000000e+02
-1.288500000000000000e+04,1.186400000000000000e+04,-1.740300000000000000e+04,-1.905700000000000000e+04,-4.354700000000000000e+04,-5.623000000000000000e+03,-1.846000000000000000e+04,-2.646100000000000000e+04
-1.720300000000000000e+04,-1.516800000000000000e+04,-7.378000000000000000e+03,-3.028000000000000000e+04,-1.873700000000000000e+04,-2.622900000000000000e+04,-2.791100000000000000e+04,9.158000000000000000e+03
-1.556400000000000000e+04,-1.979600000000000000e+04,-1.277900000000000000e+04,-1.854700000000000000e+04,-3.374300000000000000e+04,-1.256100000000000000e+04,1.696400000000000000e+04,-3.886400000000000000e+04
-1.871200000000000000e+04,-2.043900000000000000e+04,2.621000000000000000e+03,-2.348900000000000000e+04,2.986000000000000000e+03,-2.994400000000000000e+04,-2.737000000000000000e+04,-8.428000000000000000e+03
-3.316000000000000000e+03,-1.219100000000000000e+04,-5.678000000000000000e+03,-1.650400000000000000e+04,-2.014300000000000000e+04,-5.340000000000000000e+02,-1.635800000000000000e+04,-3.034000000000000000e+04
-1.540100000000000000e+04,1.740400000000000000e+04,-2.342500000000000000e+04,-2.156200000000000000e+04,-4.629200000000000000e+04,-1.534700000000000000e+04,-2.953400000000000000e+04,-3.531200000000000000e+04
-2.788400000000000000e+04,-1.389800000000000000e+04,-2.033500000000000000e+04,-2.443300000000000000e+04,-1.753700000000000000e+04,-2.817000000000000000e+03,1.143300000000000000e+04,-1.752000000000000000e+04
-1.119600000000000000e+04,-1.164700000000000000e+04,-6.966000000000000000e+03,-1.908600000000000000e+04,-1.471000000000000000e+04,-2.210000000000000000e+04,1.093700000000000000e+04,-2.355600000000000000e+04
-1.751900000000000000e+04,-1.454100000000000000e+04,-1.508900000000000000e+04,-2.528300000000000000e+04,-1.350900000000000000e+04,-1.847700000000000000e+04,1.778400000000000000e+04,-1.267200000000000000e+04
-2.287200000000000000e+04,-2.223000000000000000e+04,-1.623200000000000000e+04,-2.570500000000000000e+04,-2.975100000000000000e+04,-1.566900000000000000e+04,1.659800000000000000e+04,-2.093100000000000000e+04
-5.328000000000000000e+03,-9.872000000000000000e+03,-1.106000000000000000e+04,-7.730000000000000000e+03,-5.635000000000000000e+03,1.190200000000000000e+04,-1.246900000000000000e+04,-1.574100000000000000e+04
-9.975000000000000000e+03,-9.803000000000000000e+03,-9.998000000000000000e+03,6.130000000000000000e+03,-3.183300000000000000e+04,-1.310100000000000000e+04,-2.219400000000000000e+04,-4.065700000000000000e+04
-2.502800000000000000e+04,-2.070700000000000000e+04,1.339900000000000000e+04,-2.282600000000000000e+04,-2.244800000000000000e+04,-2.956400000000000000e+04,-3.376000000000000000e+03,-1.533000000000000000e+03
2.806000000000000000e+03,-1.592900000000000000e+04,-2.305000000000000000e+03,-8.883000000000000000e+03,7.098000000000000000e+03,-1.443200000000000000e+04,-2.297900000000000000e+04,-1.730700000000000000e+04
-9.740000000000000000e+03,-1.957800000000000000e+04,5.849000000000000000e+03,-2.026200000000000000e+04,-5.740000000000000000e+03,-2.717200000000000000e+04,-1.540000000000000000e+04,-6.959000000000000000e+03
4.973000000000000000e+03,-1.706700000000000000e+04,-1.517300000000000000e+04,-1.651700000000000000e+04,-2.767900000000000000e+04,1.571500000000000000e+04,-3.157100000000000000e+04,-4.528800000000000000e+04
-9.552000000000000000e+03,-1.401000000000000000e+04,-1.542100000000000000e+04,-4.143000000000000000e+03,-1.671200000000000000e+04,-3.868000000000000000e+03,-2.297800000000000000e+04,-4.141000000000000000e+04
-1.423200000000000000e+04,-1.325900000000000000e+04,-1.866700000000000000e+04,-1.581900000000000000e+04,-3.456100000000000000e+04,-1.283700000000000000e+04,6.739000000000000000e+03,-4.028400000000000000e+04
-1.318800000000000000e+04,-1.018600000000000000e+04,-2.027800000000000000e+04,4.587000000000000000e+03,-1.549800000000000000e+04,-2.737000000000000000e+03,-2.217100000000000000e+04,-1.282000000000000000e+04
-4.683000000000000000e+04,-3.095700000000000000e+04,-3.857000000000000000e+03,-4.336400000000000000e+04,-3.221800000000000000e+04,-3.735000000000000000e+04,-2.576400000000000000e+04,1.475200000000000000e+04
-3.273900000000000000e+04,-1.937200000000000000e+04,-5.552000000000000000e+03,-2.977800000000000000e+04,-2.354100000000000000e+04,-3.534400000000000000e+04,-2.122200000000000000e+04,1.315600000000000000e+04
-8.991000000000000000e+03,2.706000000000000000e+03,7.829000000000000000e+03,-2.284400000000000000e+04,-2.573200000000000000e+04,-1.828100000000000000e+04,-1.865900000000000000e+04,-2.721500000000000000e+04
-3.283100000000000000e+04,-1.065000000000000000e+04,-1.211400000000000000e+04,-1.055600000000000000e+04,-3.682800000000000000e+04,-1.585300000000000000e+04,5.612000000000000000e+03,-2.422500000000000000e+04
-1.701400000000000000e+04,-5.657000000000000000e+03,-1.811100000000000000e+04,-1.408000000000000000e+03,-4.069600000000000000e+04,-8.438000000000000000e+03,-1.960200000000000000e+04,-2.662700000000000000e+04
-1.845900000000000000e+04,1.957000000000000000e+04,-2.063900000000000000e+04,-1.528200000000000000e+04,-3.790500000000000000e+04,-1.356300000000000000e+04,-7.777000000000000000e+03,-3.158300000000000000e+04
-1.749600000000000000e+04,-1.133900000000000000e+04,-2.322400000000000000e+04,1.001300000000000000e+04,-3.801300000000000000e+04,-6.126000000000000000e+03,-1.996200000000000000e+04,-2.689500000000000000e+04
2.120000000000000000e+03,-1.553000000000000000e+04,-1.283200000000000000e+04,-1.903400000000000000e+04,-2.410000000000000000e+02,-9.000000000000000000e+03,-2.715100000000000000e+04,-2.319700000000000000e+04
-2.067000000000000000e+04,-2.449900000000000000e+04,-3.851000000000000000e+03,-2.736300000000000000e+04,4.734000000000000000e+03,-2.979400000000000000e+04,-3.561400000000000000e+04,-3.206000000000000000e+03
-2.368500000000000000e+04,-2.326600000000000000e+04,-1.673200000000000000e+04,-2.421300000000000000e+04,-2.122700000000000000e+04,-1.995100000000000000e+04,-1.870700000000000000e+04,2.287400000000000000e+04
5.652000000000000000e+03,-1.230400000000000000e+04,-8.592000000000000000e+03,-6.739000000000000000e+03,1.932000000000000000e+03,-3.850000000000000000e+03,-3.825400000000000000e+04,-3.228400000000000000e+04
-1.081800000000000000e+04,-1.223300000000000000e+04,-1.922300000000000000e+04,-1.260400000000000000e+04,-2.153000000000000000e+04,-2.442100000000000000e+04,1.655300000000000000e+04,-1.643900000000000000e+04
-2.406000000000000000e+03,-2.164400000000000000e+04,-1.420800000000000000e+04,-1.042800000000000000e+04,1.216100000000000000e+04,-1.787700000000000000e+04,-3.162400000000000000e+04,-4.171800000000000000e+04
-8.405000000000000000e+03,-8.649000000000000000e+03,-1.151200000000000000e+04,3.696000000000000000e+03,-1.385500000000000000e+04,-1.352200000000000000e+04,-1.852800000000000000e+04,-3.160100000000000000e+04
-1.120800000000000000e+04,1.727400000000000000e+04,-2.839500000000000000e+04,-1.372300000000000000e+04,-5.367500000000000000e+04,-1.444300000000000000e+04,-2.991900000000000000e+04,-3.842600000000000000e+04
-2.214800000000000000e+04,-2.668900000000000000e+04,4.000000000000000000e+01,-1.275100000000000000e+04,1.112100000000000000e+04,-3.283300000000000000e+04,-3.127600000000000000e+04,-1.569300000000000000e+04
-1.481300000000000000e+04,-1.532700000000000000e+04,-1.901900000000000000e+04,-4.473800000000000000e+04,-2.600500000000000000e+04,-2.779000000000000000e+04,-2.251500000000000000e+04,2.157300000000000000e+04
-7.010000000000000000e+03,-2.092000000000000000e+04,-1.750700000000000000e+04,1.626000000000000000e+03,-1.056300000000000000e+04,-8.750000000000000000e+02,-1.958800000000000000e+04,-1.330600000000000000e+04
-2.521800000000000000e+04,-2.188000000000000000e+03,-2.400400000000000000e+04,-2.601000000000000000e+04,-2.167000000000000000e+04,-9.030000000000000000e+03,-3.620000000000000000e+02,-2.272400000000000000e+04
4.515000000000000000e+03,-1.516400000000000000e+04,-1.813100000000000000e+04,7.702000000000000000e+03,-1.635800000000000000e+04,-1.689900000000000000e+04,-2.847300000000000000e+04,-2.542700000000000000e+04
-1.916800000000000000e+04,-2.027900000000000000e+04,-1.297700000000000000e+04,-3.090800000000000000e+04,-2.026200000000000000e+04,-1.606200000000000000e+04,9.657000000000000000e+03,-2.014700000000000000e+04
-1.584500000000000000e+04,-1.287700000000000000e+04,-1.339900000000000000e+04,-1.104700000000000000e+04,-9.234000000000000000e+03,-1.159800000000000000e+04,-2.409100000000000000e+04,-2.612700000000000000e+04
-8.451000000000000000e+03,-1.962600000000000000e+04,-1.712300000000000000e+04,-2.612000000000000000e+04,-2.298200000000000000e+04,5.659000000000000000e+03,-6.369000000000000000e+03,-3.401000000000000000e+04
-2.230300000000000000e+04,4.651000000000000000e+03,-1.770700000000000000e+04,-2.086000000000000000e+03,-3.694100000000000000e+04,-4.988000000000000000e+03,-6.183000000000000000e+03,-3.037800000000000000e+04
1.151000000000000000e+03,-6.756000000000000000e+03,8.562000000000000000e+03,1.983000000000000000e+03,-1.309900000000000000e+04,-6.455000000000000000e+03,-2.180700000000000000e+04,-3.442900000000000000e+04
6.340000000000000000e+02,-2.096000000000000000e+03,-2.314200000000000000e+04,-1.738500000000000000e+04,-1.821100000000000000e+04,-1.812700000000000000e+04,-2.162900000000000000e+04,-2.232000000000000000e+04
-2.322000000000000000e+04,2.494300000000000000e+04,-2.761600000000000000e+04,-1.171900000000000000e+04,-4.142500000000000000e+04,-2.118700000000000000e+04,-1.535700000000000000e+04,-3.606300000000000000e+04
-1.282200000000000000e+04,-5.381000000000000000e+03,-2.751300000000000000e+04,-8.158000000000000000e+03,-3.492300000000000000e+04,4.736000000000000000e+03,-1.120900000000000000e+04,-3.479500000000000000e+04
-2.679300000000000000e+04,-1.929800000000000000e+04,-6.599000000000000000e+03,-2.256000000000000000e+04,-2.680500000000000000e+04,-1.916400000000000000e+04,-1.104400000000000000e+04,6.088000000000000000e+03
-2.659200000000000000e+04,-1.020900000000000000e+04,-9.079000000000000000e+03,-1.535700000000000000e+04,-2.137100000000000000e+04,-1.323100000000000000e+04,1.076600000000000000e+04,-1.576300000000000000e+04
-5.536000000000000000e+03,-1.936800000000000000e+04,-1.594100000000000000e+04,1.320000000000000000e+02,-1.201600000000000000e+04,8.107000000000000000e+03,-1.853500000000000000e+04,-3.020200000000000000e+04
-3.107500000000000000e+04,-1.171400000000000000e+04,-1.497800000000000000e+04,1.712000000000000000e+03,-3.197400000000000000e+04,-4.727000000000000000e+03,-7.775000000000000000e+03,-3.124400000000000000e+04
-1.944200000000000000e+04,-2.499000000000000000e+04,-1.370500000000000000e+04,-9.060000000000000000e+02,4.620000000000000000e+03,-2.068800000000000000e+04,-1.050600000000000000e+04,-2.053500000000000000e+04
-2.031800000000000000e+04,-1.406000000000000000e+04,-1.140000000000000000e+04,-2.015100000000000000e+04,-2.125000000000000000e+04,-6.932000000000000000e+03,-8.207000000000000000e+03,-1.516500000000000000e+04
-2.475600000000000000e+04,-2.307500000000000000e+04,-2.580000000000000000e+02,-2.019400000000000000e+04,3.473000000000000000e+03,-2.684900000000000000e+04,-2.518400000000000000e+04,-5.584000000000000000e+03
-2.986500000000000000e+04,-1.716200000000000000e+04,-9.394000000000000000e+03,-2.240100000000000000e+04,-1.343900000000000000e+04,-2.623900000000000000e+04,-1.766500000000000000e+04,2.828000000000000000e+03
-1.846600000000000000e+04,9.938000000000000000e+03,-1.478700000000000000e+04,-1.312700000000000000e+04,-3.097000000000000000e+04,-1.996400000000000000e+04,-7.522000000000000000e+03,-1.705900000000000000e+04
6.355000000000000000e+03,-1.906800000000000000e+04,-1.851100000000000000e+04,-1.068200000000000000e+04,-1.032700000000000000e+04,-2.521000000000000000e+03,-2.325700000000000000e+04,-2.692300000000000000e+04
1.489500000000000000e+04,-1.576500000000000000e+04,-2.099300000000000000e+04,-9.543000000000000000e+03,-1.770300000000000000e+04,-1.277100000000000000e+04,-2.332400000000000000e+04,-2.792900000000000000e+04
-1.432500000000000000e+04,-9.653000000000000000e+03,-2.497700000000000000e+04,6.586000000000000000e+03,-3.751400000000000000e+04,-1.606000000000000000e+03,-1.523500000000000000e+04,-3.196600000000000000e+04
-1.486900000000000000e+04,2.096500000000000000e+04,-6.371000000000000000e+03,-2.168900000000000000e+04,-4.083800000000000000e+04,-1.754000000000000000e+04,-7.579000000000000000e+03,-3.084000000000000000e+04
-1.921100000000000000e+04,-9.169000000000000000e+03,-1.987300000000000000e+04,-1.653600000000000000e+04,-3.717000000000000000e+04,-1.041800000000000000e+04,8.257000000000000000e+03,-2.683500000000000000e+04
-2.636000000000000000e+03,1.615800000000000000e+04,-1.481600000000000000e+04,-3.170300000000000000e+04,-3.974600000000000000e+04,-2.471500000000000000e+04,-1.884900000000000000e+04,-3.970400000000000000e+04
-5.320000000000000000e+03,-1.049100000000000000e+04,-1.781100000000000000e+04,-1.218100000000000000e+04,-3.949000000000000000e+03,1.106900000000000000e+04,-1.700200000000000000e+04,-1.592700000000000000e+04
1.792000000000000000e+03,-6.017000000000000000e+03,-1.032600000000000000e+04,4.590000000000000000e+02,-2.696300000000000000e+04,-1.159900000000000000e+04,-2.647000000000000000e+04,-4.535300000000000000e+04
-4.973000000000000000e+03,-8.255000000000000000e+03,-1.356100000000000000e+04,-1.444000000000000000e+04,-1.603000000000000000e+03,-2.966000000000000000e+03,-1.938000000000000000e+04,-2.347200000000000000e+04
-3.360200000000000000e+04,-1.454600000000000000e+04,-2.542500000000000000e+04,-2.876700000000000000e+04,-2.313500000000000000e+04,-6.083000000000000000e+03,2.337100000000000000e+04,-1.909200000000000000e+04
-3.012800000000000000e+04,-1.900700000000000000e+04,-1.216000000000000000e+04,-2.435800000000000000e+04,-2.273700000000000000e+04,-2.329000000000000000e+04,-1.839200000000000000e+04,1.798700000000000000e+04
-1.511900000000000000e+04,-2.088100000000000000e+04,-8.074000000000000000e+03,2.857000000000000000e+03,-4.769000000000000000e+03,-6.387000000000000000e+03,-1.264700000000000000e+04,-2.831600000000000000e+04
-2.397100000000000000e+04,-2.982000000000000000e+03,-4.991000000000000000e+03,-1.443900000000000000e+04,-2.172300000000000000e+04,-8.056000000000000000e+03,5.703000000000000000e+03,-1.618500000000000000e+04
-9.671000000000000000e+03,-2.732800000000000000e+04,-1.794100000000000000e+04,-9.367000000000000000e+03,-1.408000000000000000e+04,1.762400000000000000e+04,-6.638000000000000000e+03,-3.538500000000000000e+04
1.530000000000000000e+03,-2.033800000000000000e+04,-1.122900000000000000e+04,-9.945000000000000000e+03,-5.148000000000000000e+03,1.124600000000000000e+04,-1.735200000000000000e+04,-2.285900000000000000e+04
-1.784200000000000000e+04,-8.414000000000000000e+03,1.440200000000000000e+04,-2.296200000000000000e+04,-1.342500000000000000e+04,-3.177500000000000000e+04,-2.453000000000000000e+04,-8.917000000000000000e+03
-3.004900000000000000e+04,-1.970300000000000000e+04,-5.562000000000000000e+03,-5.774000000000000000e+03,-1.179400000000000000e+04,-2.696000000000000000e+04,3.456000000000000000e+03,-2.652400000000000000e+04
-3.055600000000000000e+04,-1.875600000000000000e+04,9.755000000000000000e+03,-2.081300000000000000e+04,-2.224100000000000000e+04,-2.679800000000000000e+04,-2.235800000000000000e+04,4.597000000000000000e+03
-2.385000000000000000e+04,-1.393600000000000000e+04,1.090900000000000000e+04,-2.395200000000000000e+04,-2.213200000000000000e+04,-2.773100000000000000e+04,-9.170000000000000000e+03,1.155000000000000000e+03
-3.244600000000000000e+04,-2.160600000000000000e+04,1.537000000000000000e+03,-2.584700000000000000e+04,-3.689000000000000000e+03,-4.665500000000000000e+04,-2.951800000000000000e+04,1.442700000000000000e+04
-1.126000000000000000e+03,-1.663000000000000000e+04,-1.500600000000000000e+04,-1.831000000000000000e+03,-1.184600000000000000e+04,-4.660000000000000000e+02,-2.023700000000000000e+04,-2.251600000000000000e+04
-1.710800000000000000e+04,-7.275000000000000000e+03,-1.350400000000000000e+04,3.588000000000000000e+03,-1.224100000000000000e+04,-9.436000000000000000e+03,-1.205300000000000000e+04,-2.065600000000000000e+04
-1.748400000000000000e+04,-1.786100000000000000e+04,-4.061000000000000000e+03,-2.016100000000000000e+04,-1.956600000000000000e+04,-2.154200000000000000e+04,-9.399000000000000000e+03,2.091000000000000000e+03
-1.350700000000000000e+04,2.510800000000000000e+04,-2.012100000000000000e+04,-6.323000000000000000e+03,-3.836100000000000000e+04,-2.064600000000000000e+04,-2.200200000000000000e+04,-3.544400000000000000e+04
-2.569200000000000000e+04,3.216200000000000000e+04,-2.330500000000000000e+04,-1.707200000000000000e+04,-5.471000000000000000e+04,-1.987400000000000000e+04,-3.356300000000000000e+04,-3.703000000000000000e+04
-3.729000000000000000e+03,-1.940400000000000000e+04,-9.099000000000000000e+03,-2.009700000000000000e+04,-1.632800000000000000e+04,-1.036500000000000000e+04,6.954000000000000000e+03,-1.468800000000000000e+04
-2.214000000000000000e+04,1.734700000000000000e+04,-2.372700000000000000e+04,-1.073800000000000000e+04,-4.357900000000000000e+04,-1.141800000000000000e+04,-2.335600000000000000e+04,-3.801200000000000000e+04
-8.499000000000000000e+03,1.455300000000000000e+04,-1.349500000000000000e+04,-1.859000000000000000e+04,-2.986100000000000000e+04,-1.612500000000000000e+04,-2.025200000000000000e+04,-1.741900000000000000e+04
-1.346900000000000000e+04,1.209000000000000000e+04,-3.932000000000000000e+03,-2.270300000000000000e+04,-2.978000000000000000e+04,-1.903200000000000000e+04,-1.712000000000000000e+04,-2.646000000000000000e+04
-2.582800000000000000e+04,-1.506800000000000000e+04,-1.668300000000000000e+04,-8.626000000000000000e+03,-1.762800000000000000e+04,2.184000000000000000e+03,-5.943000000000000000e+03,-1.726300000000000000e+04
-1.290700000000000000e+04,1.380400000000000000e+04,-1.837400000000000000e+04,-1.151000000000000000e+04,-2.519600000000000000e+04,-2.021000000000000000e+04,-7.366000000000000000e+03,-3.392100000000000000e+04
-1.408700000000000000e+04,1.607800000000000000e+04,-1.151000000000000000e+04,-3.212800000000000000e+04,-2.648100000000000000e+04,-2.356900000000000000e+04,-6.124000000000000000e+03,-1.956000000000000000e+04
-1.267800000000000000e+04,-1.651000000000000000e+04,-1.921300000000000000e+04,-2.804000000000000000e+03,-2.141700000000000000e+04,1.618100000000000000e+04,-4.167000000000000000e+03,-2.183800000000000000e+04
-1.684100000000000000e+04,2.709300000000000000e+04,-2.152900000000000000e+04,-1.493800000000000000e+04,-3.699300000000000000e+04,-2.515900000000000000e+04,-2.319800000000000000e+04,-3.021000000000000000e+04
-3.488300000000000000e+04,-2.474200000000000000e+04,2.015200000000000000e+04,-2.575300000000000000e+04,-2.301000000000000000e+04,-3.914300000000000000e+04,-1.822000000000000000e+04,-2.158000000000000000e+03
-2.908700000000000000e+04,1.469400000000000000e+04,-1.460500000000000000e+04,-2.330500000000000000e+04,-4.823100000000000000e+04,-7.675000000000000000e+03,-1.974300000000000000e+04,-2.761500000000000000e+04
-2.476200000000000000e+04,1.710600000000000000e+04,-1.462400000000000000e+04,-1.724300000000000000e+04,-4.564700000000000000e+04,-1.409600000000000000e+04,-2.326600000000000000e+04,-3.399300000000000000e+04
-1.812400000000000000e+04,-8.928000000000000000e+03,-9.921000000000000000e+03,-2.469100000000000000e+04,-1.229500000000000000e+04,-1.301200000000000000e+04,-1.586700000000000000e+04,6.131000000000000000e+03
-1.197100000000000000e+04,-1.500700000000000000e+04,-2.887200000000000000e+04,-2.372400000000000000e+04,-1.954900000000000000e+04,-9.428000000000000000e+03,-1.279100000000000000e+04,1.676100000000000000e+04
-1.144400000000000000e+04,-1.157700000000000000e+04,-1.713000000000000000e+04,1.423000000000000000e+03,-1.112900000000000000e+04,1.861000000000000000e+03,-1.785400000000000000e+04,-3.860400000000000000e+04
5.361000000000000000e+03,-1.538500000000000000e+04,-1.684000000000000000e+04,-5.920000000000000000e+02,-1.008300000000000000e+04,-1.280000000000000000e+02,-2.811300000000000000e+04,-2.617700000000000000e+04
-1.329200000000000000e+04,-6.860000000000000000e+03,-4.868000000000000000e+03,-5.811000000000000000e+03,-2.040900000000000000e+04,-1.736600000000000000e+04,4.648000000000000000e+03,-3.918300000000000000e+04
-1.816900000000000000e+04,-1.560200000000000000e+04,-9.766000000000000000e+03,-2.241000000000000000e+04,-2.067000000000000000e+04,-2.315100000000000000e+04,-2.243000000000000000e+03,-8.345000000000000000e+03
-2.605000000000000000e+04,-1.562300000000000000e+04,-2.905000000000000000e+03,-1.825900000000000000e+04,-2.160600000000000000e+04,-3.211300000000000000e+04,-3.167800000000000000e+04,1.492700000000000000e+04
-2.000700000000000000e+04,-6.156000000000000000e+03,-2.165800000000000000e+04,-1.894700000000000000e+04,-2.399200000000000000e+04,-1.752500000000000000e+04,1.199300000000000000e+04,-1.672100000000000000e+04
-2.326300000000000000e+04,-1.371500000000000000e+04,-1.620800000000000000e+04,-2.353000000000000000e+04,-2.517500000000000000e+04,-1.412700000000000000e+04,-1.429300000000000000e+04,2.094000000000000000e+03
-1.598700000000000000e+04,-1.592800000000000000e+04,-1.384200000000000000e+04,-2.742200000000000000e+04,-1.401000000000000000e+04,-6.258000000000000000e+03,-1.909000000000000000e+03,-4.239000000000000000e+03
-1.553100000000000000e+04,1.827600000000000000e+04,-2.064700000000000000e+04,-1.882600000000000000e+04,-4.945500000000000000e+04,-1.705000000000000000e+04,-2.952000000000000000e+04,-2.875500000000000000e+04
-1.037400000000000000e+04,-1.578900000000000000e+04,-2.052400000000000000e+04,-1.485600000000000000e+04,-1.575700000000000000e+04,-1.156200000000000000e+04,5.881000000000000000e+03,-9.332000000000000000e+03
-3.643000000000000000e+03,-1.610300000000000000e+04,-2.100100000000000000e+04,-1.036300000000000000e+04,-2.092400000000000000e+04,3.800000000000000000e+01,-1.000700000000000000e+04,-2.835400000000000000e+04
-2.746700000000000000e+04,-1.869100000000000000e+04,-1.319500000000000000e+04,-2.363300000000000000e+04,-1.732200000000000000e+04,-2.994900000000000000e+04,-2.019600000000000000e+04,1.564400000000000000e+04
-1.213400000000000000e+04,-2.117300000000000000e+04,-3.529000000000000000e+03,-1.196800000000000000e+04,-7.366000000000000000e+03,-7.700000000000000000e+02,-8.781000000000000000e+03,-1.823700000000000000e+04
1.488900000000000000e+04,-2.333300000000000000e+04,-1.855600000000000000e+04,-1.099200000000000000e+04,-5.015000000000000000e+03,-1.178300000000000000e+04,-2.597400000000000000e+04,-3.940400000000000000e+04
-2.676000000000000000e+04,-2.410800000000000000e+04,5.659000000000000000e+03,-1.864900000000000000e+04,-1.510000000000000000e+03,-3.208100000000000000e+04,-2.068500000000000000e+04,-1.220000000000000000e+02
-1.968400000000000000e+04,7.435000000000000000e+03,-1.252200000000000000e+04,-6.785000000000000000e+03,-2.206800000000000000e+04,-2.343800000000000000e+04,-1.896600000000000000e+04,-2.157300000000000000e+04
-2.103500000000000000e+04,-2.150800000000000000e+04,7.110000000000000000e+02,-3.232300000000000000e+04,-2.109900000000000000e+04,-1.122600000000000000e+04,2.345400000000000000e+04,-1.948200000000000000e+04
-3.135900000000000000e+04,-2.491200000000000000e+04,-6.856000000000000000e+03,-2.800800000000000000e+04,1.486000000000000000e+03,-2.468500000000000000e+04,-6.404000000000000000e+03,-1.452300000000000000e+04
-1.741900000000000000e+04,-1.919800000000000000e+04,6.622000000000000000e+03,-1.983700000000000000e+04,-2.395600000000000000e+04,-3.357400000000000000e+04,-2.735900000000000000e+04,1.499000000000000000e+03
-9.400000000000000000e+03,-1.550300000000000000e+04,-1.852900000000000000e+04,3.457000000000000000e+03,-1.870100000000000000e+04,9.456000000000000000e+03,-2.101700000000000000e+04,-2.921000000000000000e+04
-1.742000000000000000e+03,-1.696000000000000000e+04,-1.385600000000000000e+04,-1.395700000000000000e+04,-9.744000000000000000e+03,-2.045200000000000000e+04,-1.714900000000000000e+04,-3.430500000000000000e+04
7.803000000000000000e+03,-1.930900000000000000e+04,-1.150500000000000000e+04,-9.514000000000000000e+03,-1.051200000000000000e+04,-1.397700000000000000e+04,-2.721300000000000000e+04,-3.267900000000000000e+04
2.067100000000000000e+04,-2.260200000000000000e+04,-1.245200000000000000e+04,-1.319600000000000000e+04,-1.672300000000000000e+04,-2.908000000000000000e+03,-2.649500000000000000e+04,-4.354700000000000000e+04
-2.465000000000000000e+04,-2.775100000000000000e+04,-1.300000000000000000e+04,-8.319000000000000000e+03,8.051000000000000000e+03,-3.044800000000000000e+04,-2.554900000000000000e+04,-1.441500000000000000e+04
-1.439200000000000000e+04,-2.059700000000000000e+04,-8.218000000000000000e+03,-2.537700000000000000e+04,-2.045200000000000000e+04,-2.194500000000000000e+04,-2.411300000000000000e+04,2.332800000000000000e+04
-1.847600000000000000e+04,-1.144500000000000000e+04,-1.756100000000000000e+04,-9.360000000000000000e+03,-1.501700000000000000e+04,-1.208800000000000000e+04,-2.137000000000000000e+03,-2.157200000000000000e+04
-1.558000000000000000e+03,-6.935000000000000000e+03,-1.252400000000000000e+04,1.100200000000000000e+04,-1.787400000000000000e+04,-1.298600000000000000e+04,-2.890800000000000000e+04,-2.111100000000000000e+04
-1.097800000000000000e+04,-2.662800000000000000e+04,-1.288700000000000000e+04,-1.779200000000000000e+04,8.045000000000000000e+03,-2.930700000000000000e+04,-2.998300000000000000e+04,-1.303400000000000000e+04
-2.096000000000000000e+04,-1.956600000000000000e+04,-9.306000000000000000e+03,-3.080400000000000000e+04,-2.894400000000000000e+04,-3.090600000000000000e+04,-1.945700000000000000e+04,4.984000000000000000e+03
-1.404300000000000000e+04,-1.736600000000000000e+04,-2.221500000000000000e+04,-2.399500000000000000e+04,-2.137100000000000000e+04,-1.522900000000000000e+04,8.130000000000000000e+03,-1.679000000000000000e+04
-1.523000000000000000e+04,-1.906400000000000000e+04,-1.652900000000000000e+04,-2.134100000000000000e+04,1.825000000000000000e+03,2.939000000000000000e+03,-3.462600000000000000e+04,-2.067900000000000000e+04
-1.684100000000000000e+04,-1.834500000000000000e+04,3.521000000000000000e+03,-1.152500000000000000e+04,5.186000000000000000e+03,-3.151900000000000000e+04,-2.538800000000000000e+04,-8.804000000000000000e+03
-3.078500000000000000e+04,-2.613900000000000000e+04,-8.231000000000000000e+03,-3.820600000000000000e+04,-1.997800000000000000e+04,-2.465100000000000000e+04,-1.636100000000000000e+04,1.996800000000000000e+04
-1.442400000000000000e+04,7.672000000000000000e+03,-1.692800000000000000e+04,-1.161100000000000000e+04,-4.373000000000000000e+04,-1.794800000000000000e+04,-5.952000000000000000e+03,-2.367600000000000000e+04
-1.237500000000000000e+04,-2.717400000000000000e+04,-2.379200000000000000e+04,-1.960500000000000000e+04,1.527700000000000000e+04,-2.121300000000000000e+04,-2.644500000000000000e+04,-1.956100000000000000e+04
-5.514000000000000000e+03,-2.081700000000000000e+04,-1.768400000000000000e+04,-3.042100000000000000e+04,-2.126600000000000000e+04,-2.191500000000000000e+04,-2.772600000000000000e+04,1.548300000000000000e+04
-1.835900000000000000e+04,1.055200000000000000e+04,-1.707600000000000000e+04,-1.521200000000000000e+04,-2.343400000000000000e+04,-1.072100000000000000e+04,-8.204000000000000000e+03,-3.595800000000000000e+04
-2.053100000000000000e+04,1.947800000000000000e+04,-9.317000000000000000e+03,-2.715300000000000000e+04,-4.373500000000000000e+04,-1.359700000000000000e+04,-2.725100000000000000e+04,-3.692800000000000000e+04
-3.342600000000000000e+04,-1.930600000000000000e+04,-2.605000000000000000e+03,-4.254100000000000000e+04,-2.875800000000000000e+04,-3.223700000000000000e+04,-2.473600000000000000e+04,1.059700000000000000e+04
-4.647000000000000000e+03,-1.248000000000000000e+04,-1.478200000000000000e+04,2.705000000000000000e+03,-3.012300000000000000e+04,3.899000000000000000e+03,-2.764400000000000000e+04,-3.734500000000000000e+04
1.128000000000000000e+04,-2.128400000000000000e+04,-1.681000000000000000e+04,-5.498000000000000000e+03,-1.265500000000000000e+04,1.362000000000000000e+03,-3.267400000000000000e+04,-5.554400000000000000e+04
-8.100000000000000000e+01,-1.147300000000000000e+04,-1.364800000000000000e+04,-7.665000000000000000e+03,5.987000000000000000e+03,-1.101100000000000000e+04,-2.462400000000000000e+04,-2.536800000000000000e+04
-3.655000000000000000e+03,-2.059500000000000000e+04,-9.999000000000000000e+03,-3.932000000000000000e+03,-4.025000000000000000e+03,-2.050800000000000000e+04,-2.071100000000000000e+04,-3.211900000000000000e+04
-1.963900000000000000e+04,-5.665000000000000000e+03,-4.963000000000000000e+03,-3.040000000000000000e+02,-3.726100000000000000e+04,-1.376400000000000000e+04,-1.585500000000000000e+04,-3.967500000000000000e+04
-7.728000000000000000e+03,-1.982900000000000000e+04,-1.200000000000000000e+03,-1.741000000000000000e+04,3.375000000000000000e+03,-2.318400000000000000e+04,-3.204300000000000000e+04,-7.818000000000000000e+03
-1.891200000000000000e+04,-2.278200000000000000e+04,-1.146700000000000000e+04,-2.866400000000000000e+04,-2.697500000000000000e+04,-2.765300000000000000e+04,-1.878600000000000000e+04,1.608200000000000000e+04
-1.418600000000000000e+04,7.276000000000000000e+03,-1.578700000000000000e+04,-1.750800000000000000e+04,-2.281700000000000000e+04,-2.002200000000000000e+04,-8.974000000000000000e+03,-3.358400000000000000e+04
-1.836500000000000000e+04,1.017000000000000000e+03,-2.284700000000000000e+04,-5.693000000000000000e+03,-3.415500000000000000e+04,6.857000000000000000e+03,-2.153500000000000000e+04,-1.707700000000000000e+04
-2.229600000000000000e+04,-2.317400000000000000e+04,-1.155800000000000000e+04,-1.774700000000000000e+04,6.196000000000000000e+03,-3.097900000000000000e+04,-2.494900000000000000e+04,-1.029600000000000000e+04
-1.607600000000000000e+04,-1.798200000000000000e+04,-1.403400000000000000e+04,-2.140400000000000000e+04,-2.571400000000000000e+04,-3.370000000000000000e+02,2.011700000000000000e+04,-2.266400000000000000e+04
-2.573500000000000000e+04,-1.886400000000000000e+04,-3.855000000000000000e+03,-3.447200000000000000e+04,-1.721700000000000000e+04,-2.532800000000000000e+04,-1.273200000000000000e+04,9.732000000000000000e+03
-1.781500000000000000e+04,9.582000000000000000e+03,-1.585700000000000000e+04,-2.812600000000000000e+04,-5.532500000000000000e+04,-6.504000000000000000e+03,-2.520400000000000000e+04,-4.259000000000000000e+04
-2.268000000000000000e+03,-1.533300000000000000e+04,-2.075200000000000000e+04,-1.533900000000000000e+04,-2.558200000000000000e+04,1.081500000000000000e+04,-1.830600000000000000e+04,-2.303500000000000000e+04
-1.642700000000000000e+04,-3.191000000000000000e+03,-4.234000000000000000e+03,-1.220300000000000000e+04,-8.807000000000000000e+03,-2.461700000000000000e+04,5.483000000000000000e+03,-3.035500000000000000e+04
-1.438700000000000000e+04,1.836700000000000000e+04,-1.397900000000000000e+04,-2.244800000000000000e+04,-3.076000000000000000e+04,-9.804000000000000000e+03,-2.797500000000000000e+04,-2.948600000000000000e+04
-2.443700000000000000e+04,-1.291000000000000000e+04,6.968000000000000000e+03,-1.385900000000000000e+04,-1.695700000000000000e+04,-1.521100000000000000e+04,-1.191000000000000000e+03,-2.880800000000000000e+04
-1.338900000000000000e+04,-9.569000000000000000e+03,7.118000000000000000e+03,-1.301700000000000000e+04,-1.478600000000000000e+04,-2.504700000000000000e+04,-7.629000000000000000e+03,-7.953000000000000000e+03
-1.090300000000000000e+04,1.754300000000000000e+04,-2.728000000000000000e+03,-1.407000000000000000e+04,-3.322900000000000000e+04,-2.891900000000000000e+04,-1.196400000000000000e+04,-3.300300000000000000e+04
-1.423900000000000000e+04,1.630000000000000000e+03,-9.350000000000000000e+03,-1.685700000000000000e+04,-1.697900000000000000e+04,-2.421300000000000000e+04,-1.036900000000000000e+04,-1.106900000000000000e+04
-1.967200000000000000e+04,-2.046400000000000000e+04,-2.485500000000000000e+04,6.184000000000000000e+03,-2.928900000000000000e+04,-9.757000000000000000e+03,-1.326900000000000000e+04,-2.774700000000000000e+04
-6.442000000000000000e+03,1.283100000000000000e+04,-1.360000000000000000e+04,-2.458900000000000000e+04,-2.964800000000000000e+04,-2.154700000000000000e+04,-2.099100000000000000e+04,-3.743900000000000000e+04
-1.552200000000000000e+04,-1.422700000000000000e+04,-3.669000000000000000e+03,-1.432000000000000000e+03,-1.942700000000000000e+04,-1.642300000000000000e+04,-1.835400000000000000e+04,-4.998400000000000000e+04
-3.287900000000000000e+04,-2.698000000000000000e+04,-1.270300000000000000e+04,-4.427000000000000000e+04,-2.807300000000000000e+04,-3.903800000000000000e+04,-2.960000000000000000e+04,1.693900000000000000e+04
-2.798500000000000000e+04,-1.928200000000000000e+04,-1.411700000000000000e+04,-2.793400000000000000e+04,-2.298200000000000000e+04,-2.195200000000000000e+04,-2.160200000000000000e+04,3.104000000000000000e+03
-6.872000000000000000e+03,-1.698200000000000000e+04,-1.675300000000000000e+04,6.310000000000000000e+02,-3.650900000000000000e+04,3.143000000000000000e+03,-2.877600000000000000e+04,-3.784800000000000000e+04
-1.075700000000000000e+04,1.650500000000000000e+04,-1.462700000000000000e+04,-2.489400000000000000e+04,-4.249400000000000000e+04,-1.325700000000000000e+04,-2.144300000000000000e+04,-1.607800000000000000e+04
-2.687400000000000000e+04,-5.019000000000000000e+03,-9.196000000000000000e+03,-1.122200000000000000e+04,-3.247400000000000000e+04,9.877000000000000000e+03,-8.922000000000000000e+03,-2.915700000000000000e+04
-1.077600000000000000e+04,-1.674400000000000000e+04,-1.381200000000000000e+04,-3.663000000000000000e+03,-9.326000000000000000e+03,7.434000000000000000e+03,-1.652600000000000000e+04,-9.040000000000000000e+03
8.002000000000000000e+03,-1.942300000000000000e+04,-1.180000000000000000e+04,-1.150000000000000000e+04,-1.743200000000000000e+04,-9.828000000000000000e+03,-3.056000000000000000e+04,-3.405700000000000000e+04
-2.160200000000000000e+04,-1.431400000000000000e+04,1.917500000000000000e+04,1.074000000000000000e+03,-1.928300000000000000e+04,-1.828800000000000000e+04,-1.260700000000000000e+04,-2.172600000000000000e+04
-1.567100000000000000e+04,-2.107300000000000000e+04,-1.621700000000000000e+04,1.417000000000000000e+03,-1.939700000000000000e+04,7.501000000000000000e+03,-9.956000000000000000e+03,-2.723200000000000000e+04
-3.012200000000000000e+04,-2.496800000000000000e+04,-7.227000000000000000e+03,-3.222600000000000000e+04,-2.617800000000000000e+04,-2.655400000000000000e+04,-2.574700000000000000e+04,1.409300000000000000e+04
-1.350200000000000000e+04,-3.102500000000000000e+04,-2.021000000000000000e+03,-1.442900000000000000e+04,9.003000000000000000e+03,-1.100900000000000000e+04,-2.427500000000000000e+04,-2.031200000000000000e+04
-1.459800000000000000e+04,6.335000000000000000e+03,-1.326000000000000000e+04,-1.281300000000000000e+04,-3.074800000000000000e+04,-7.575000000000000000e+03,-1.918700000000000000e+04,-7.616000000000000000e+03
-1.964400000000000000e+04,-1.308800000000000000e+04,-1.146900000000000000e+04,-2.755200000000000000e+04,-7.583000000000000000e+03,-2.513200000000000000e+04,-1.944600000000000000e+04,1.400700000000000000e+04
-3.242800000000000000e+04,-1.963300000000000000e+04,-1.317800000000000000e+04,-2.511100000000000000e+04,-2.608500000000000000e+04,-2.272900000000000000e+04,-1.876400000000000000e+04,4.469000000000000000e+03
-1.786000000000000000e+04,-2.019100000000000000e+04,-6.756000000000000000e+03,-2.816300000000000000e+04,9.459000000000000000e+03,-2.704800000000000000e+04,-2.099900000000000000e+04,-9.097000000000000000e+03
-1.088500000000000000e+04,2.113200000000000000e+04,-1.358100000000000000e+04,-3.829000000000000000e+03,-3.908100000000000000e+04,-1.543700000000000000e+04,-3.073500000000000000e+04,-4.070100000000000000e+04
-2.059300000000000000e+04,-1.486900000000000000e+04,-1.893400000000000000e+04,-6.897000000000000000e+03,-2.659300000000000000e+04,7.007000000000000000e+03,-1.669400000000000000e+04,-8.647000000000000000e+03
-1.081900000000000000e+04,-1.331400000000000000e+04,-1.436300000000000000e+04,-4.708000000000000000e+03,-9.723000000000000000e+03,3.142000000000000000e+03,-8.026000000000000000e+03,-1.434900000000000000e+04
9.783000000000000000e+03,-1.449100000000000000e+04,-9.804000000000000000e+03,-1.473300000000000000e+04,-1.146300000000000000e+04,-2.189000000000000000e+03,-2.304400000000000000e+04,-1.979000000000000000e+04
-1.252400000000000000e+04,-7.050000000000000000e+02,-1.637800000000000000e+04,2.930000000000000000e+02,-2.175200000000000000e+04,-5.290000000000000000e+03,-1.191800000000000000e+04,-3.117700000000000000e+04
-1.323800000000000000e+04,4.239000000000000000e+03,-2.697500000000000000e+04,-1.991000000000000000e+04,-1.647000000000000000e+04,4.872000000000000000e+03,-1.828400000000000000e+04,-1.673700000000000000e+04
-1.100800000000000000e+04,5.988000000000000000e+03,-9.057000000000000000e+03,-2.902900000000000000e+04,-2.076500000000000000e+04,-1.457800000000000000e+04,4.255000000000000000e+03,-3.061000000000000000e+04
-2.246000000000000000e+03,-1.587500000000000000e+04,-2.503300000000000000e+04,-7.650000000000000000e+03,-2.261900000000000000e+04,1.254300000000000000e+04,-2.011000000000000000e+04,-8.136000000000000000e+03
-2.290900000000000000e+04,-2.061500000000000000e+04,1.018200000000000000e+04,-2.347500000000000000e+04,-2.232500000000000000e+04,-2.753700000000000000e+04,-1.395700000000000000e+04,-2.475000000000000000e+03
-2.307900000000000000e+04,-1.564200000000000000e+04,-1.339900000000000000e+04,-2.666000000000000000e+03,-2.726000000000000000e+03,-2.270400000000000000e+04,-2.970000000000000000e+03,-1.911400000000000000e+04
-3.521900000000000000e+04,-1.182500000000000000e+04,-2.187400000000000000e+04,-4.991000000000000000e+03,-1.754400000000000000e+04,-1.478500000000000000e+04,1.196000000000000000e+04,-1.603200000000000000e+04
-9.944000000000000000e+03,1.240000000000000000e+02,-2.075700000000000000e+04,-1.922500000000000000e+04,-3.289800000000000000e+04,-3.784200000000000000e+04,-1.056300000000000000e+04,-3.580100000000000000e+04
-2.941100000000000000e+04,-1.489400000000000000e+04,-2.157900000000000000e+04,-1.545200000000000000e+04,-2.471000000000000000e+04,-1.487200000000000000e+04,9.442000000000000000e+03,-1.413700000000000000e+04
-2.586600000000000000e+04,-2.613500000000000000e+04,-2.085900000000000000e+04,-4.061000000000000000e+04,-2.788900000000000000e+04,-2.358000000000000000e+04,-2.283700000000000000e+04,2.746300000000000000e+04
-1.972000000000000000e+04,-1.477200000000000000e+04,-1.048900000000000000e+04,-2.416300000000000000e+04,-3.270600000000000000e+04,8.460000000000000000e+03,5.720000000000000000e+02,-2.459100000000000000e+04
1.319900000000000000e+04,-2.646600000000000000e+04,-2.998900000000000000e+04,1.200000000000000000e+03,-7.463000000000000000e+03,-5.573000000000000000e+03,-2.824700000000000000e+04,-4.080000000000000000e+04
-5.197000000000000000e+03,-1.318100000000000000e+04,-1.046500000000000000e+04,-1.412300000000000000e+04,1.332900000000000000e+04,-1.573600000000000000e+04,-2.033500000000000000e+04,-1.809100000000000000e+04
-1.232900000000000000e+04,-1.713600000000000000e+04,-1.356800000000000000e+04,-2.845900000000000000e+04,-1.528100000000000000e+04,-1.954800000000000000e+04,-1.964600000000000000e+04,1.806600000000000000e+04
1.424000000000000000e+04,-1.988100000000000000e+04,-6.954000000000000000e+03,-1.580400000000000000e+04,-1.204100000000000000e+04,-3.270000000000000000e+02,-3.899600000000000000e+04,-3.350300000000000000e+04
-3.850200000000000000e+04,-2.780100000000000000e+04,-5.740000000000000000e+02,-3.357200000000000000e+04,-2.576100000000000000e+04,-3.739500000000000000e+04,-3.181400000000000000e+04,1.245800000000000000e+04
-1.810100000000000000e+04,-2.001900000000000000e+04,-9.993000000000000000e+03,-2.606000000000000000e+04,-3.314300000000000000e+04,-1.361300000000000000e+04,2.071400000000000000e+04,-2.233300000000000000e+04
-2.766600000000000000e+04,-1.316200000000000000e+04,-1.016600000000000000e+04,-2.755700000000000000e+04,-2.744700000000000000e+04,-3.009300000000000000e+04,-2.303000000000000000e+04,1.897000000000000000e+04
9.140000000000000000e+02,-1.438300000000000000e+04,-1.923300000000000000e+04,-8.980000000000000000e+03,-9.611000000000000000e+03,7.461000000000000000e+03,-1.503900000000000000e+04,-2.069800000000000000e+04
1.126300000000000000e+04,-1.369600000000000000e+04,-1.408400000000000000e+04,-2.286300000000000000e+04,-9.193000000000000000e+03,-8.877000000000000000e+03,-1.956600000000000000e+04,-3.075100000000000000e+04
-1.738800000000000000e+04,3.057200000000000000e+04,-2.604500000000000000e+04,-3.384500000000000000e+04,-4.091400000000000000e+04,-1.213300000000000000e+04,-2.099700000000000000e+04,-2.125000000000000000e+04
-1.839800000000000000e+04,-2.092600000000000000e+04,-2.400000000000000000e+01,-1.870500000000000000e+04,-1.060700000000000000e+04,-3.403100000000000000e+04,-1.705300000000000000e+04,-7.840000000000000000e+02
-1.479900000000000000e+04,-2.701100000000000000e+04,-2.076100000000000000e+04,-2.039500000000000000e+04,8.365000000000000000e+03,-3.070800000000000000e+04,-2.622900000000000000e+04,-7.869000000000000000e+03
-7.448000000000000000e+03,-1.738200000000000000e+04,-1.920300000000000000e+04,-1.149700000000000000e+04,-8.605000000000000000e+03,1.253400000000000000e+04,-1.124300000000000000e+04,-2.297200000000000000e+04
-3.599000000000000000e+04,-1.446600000000000000e+04,-1.977000000000000000e+04,-1.621800000000000000e+04,-3.586100000000000000e+04,-1.275700000000000000e+04,2.284600000000000000e+04,-3.300600000000000000e+04
-2.939200000000000000e+04,-1.779000000000000000e+04,-1.338900000000000000e+04,-1.243000000000000000e+04,-2.333000000000000000e+04,-2.489300000000000000e+04,2.186200000000000000e+04,-2.260000000000000000e+04
-1.172300000000000000e+04,-1.377900000000000000e+04,-8.057000000000000000e+03,1.158300000000000000e+04,-2.215900000000000000e+04,-4.070000000000000000e+03,-2.676200000000000000e+04,-3.927900000000000000e+04
1.376000000000000000e+03,1.435600000000000000e+04,-1.206800000000000000e+04,-2.340400000000000000e+04,-2.002100000000000000e+04,-1.722200000000000000e+04,-2.421700000000000000e+04,-2.657300000000000000e+04
-2.853200000000000000e+04,-1.563000000000000000e+04,-1.182800000000000000e+04,-2.975000000000000000e+04,-1.795400000000000000e+04,-1.937500000000000000e+04,1.971800000000000000e+04,-1.640600000000000000e+04
-6.628000000000000000e+03,-1.819900000000000000e+04,-1.966900000000000000e+04,-3.088300000000000000e+04,1.361600000000000000e+04,-2.306200000000000000e+04,-2.605000000000000000e+04,-2.229300000000000000e+04
-3.826600000000000000e+04,-1.831900000000000000e+04,-4.522000000000000000e+03,-2.728000000000000000e+04,-3.045600000000000000e+04,-2.179500000000000000e+04,1.251800000000000000e+04,-1.382900000000000000e+04
-2.006100000000000000e+04,-1.771600000000000000e+04,-1.751500000000000000e+04,-3.259600000000000000e+04,-3.352900000000000000e+04,-3.349100000000000000e+04,-3.048300000000000000e+04,1.915300000000000000e+04
-1.823600000000000000e+04,-1.848200000000000000e+04,-9.551000000000000000e+03,-1.587800000000000000e+04,5.371000000000000000e+03,-1.249800000000000000e+04,-2.030000000000000000e+04,-2.246400000000000000e+04
-1.478000000000000000e+03,-1.943900000000000000e+04,-8.010000000000000000e+03,-1.222900000000000000e+04,9.873000000000000000e+03,-2.608400000000000000e+04,-2.484700000000000000e+04,-1.686100000000000000e+04
-2.615000000000000000e+03,-2.002000000000000000e+03,-1.241300000000000000e+04,3.470000000000000000e+02,-3.048300000000000000e+04,-3.066000000000000000e+03,-2.017100000000000000e+04,-2.851200000000000000e+04
-2.989900000000000000e+04,-3.050500000000000000e+04,-9.051000000000000000e+03,-3.275300000000000000e+04,-3.268800000000000000e+04,-3.818400000000000000e+04,-2.389500000000000000e+04,1.226700000000000000e+04
-2.162000000000000000e+04,-1.109800000000000000e+04,-6.451000000000000000e+03,-1.742300000000000000e+04,-1.894400000000000000e+04,-2.159800000000000000e+04,1.587800000000000000e+04,-1.855600000000000000e+04
-1.342500000000000000e+04,-1.379800000000000000e+04,-1.707000000000000000e+04,1.021000000000000000e+03,-1.600400000000000000e+04,1.212700000000000000e+04,-1.528900000000000000e+04,-2.434100000000000000e+04
-1.146900000000000000e+04,-2.112400000000000000e+04,-2.395500000000000000e+04,-1.776100000000000000e+04,-1.523100000000000000e+04,1.498100000000000000e+04,-8.170000000000000000e+03,-1.867300000000000000e+04
-2.399000000000000000e+03,-2.214400000000000000e+04,-1.078500000000000000e+04,1.342000000000000000e+03,-2.077500000000000000e+04,1.055500000000000000e+04,-2.568200000000000000e+04,-1.430300000000000000e+04
-2.520800000000000000e+04,1.781300000000000000e+04,-1.472700000000000000e+04,-8.435000000000000000e+03,-4.905700000000000000e+04,-9.458000000000000000e+03,-1.506100000000000000e+04,-3.634500000000000000e+04
1.312700000000000000e+04,-1.900900000000000000e+04,-1.320100000000000000e+04,-8.020000000000000000e+02,-3.163200000000000000e+04,2.637000000000000000e+03,-2.517700000000000000e+04,-3.619600000000000000e+04
-7.740000000000000000e+02,-5.525000000000000000e+03,-1.150300000000000000e+04,-7.202000000000000000e+03,-1.328900000000000000e+04,-6.883000000000000000e+03,-2.889100000000000000e+04,-3.386000000000000000e+04
-3.759500000000000000e+04,-2.157400000000000000e+04,-1.576100000000000000e+04,-3.852200000000000000e+04,-2.784600000000000000e+04,-2.978400000000000000e+04,-2.185000000000000000e+04,1.709000000000000000e+04
-2.988100000000000000e+04,-2.973800000000000000e+04,-3.029000000000000000e+03,-2.813600000000000000e+04,-3.057700000000000000e+04,-2.025200000000000000e+04,-2.023300000000000000e+04,9.341000000000000000e+03
-1.809000000000000000e+04,-2.121500000000000000e+04,-9.698000000000000000e+03,-2.204500000000000000e+04,-1.900000000000000000e+04,-3.237300000000000000e+04,-2.334200000000000000e+04,1.513900000000000000e+04
-1.601300000000000000e+04,-1.538900000000000000e+04,-2.453900000000000000e+04,-2.986200000000000000e+04,-1.757500000000000000e+04,-1.761600000000000000e+04,-1.835000000000000000e+04,1.962900000000000000e+04
-2.114300000000000000e+04,-8.303000000000000000e+03,6.718000000000000000e+03,-2.229900000000000000e+04,-3.024600000000000000e+04,-3.449900000000000000e+04,-2.624400000000000000e+04,1.079500000000000000e+04
6.021000000000000000e+03,-1.583600000000000000e+04,-2.954000000000000000e+03,-1.347100000000000000e+04,-1.346400000000000000e+04,-5.156000000000000000e+03,-2.535800000000000000e+04,-2.928200000000000000e+04
-2.360400000000000000e+04,-1.647800000000000000e+04,-1.548800000000000000e+04,1.142200000000000000e+04,-2.517900000000000000e+04,-2.333000000000000000e+03,-1.673000000000000000e+04,-2.762400000000000000e+04
-4.777000000000000000e+03,-1.651400000000000000e+04,-1.648800000000000000e+04,-1.782000000000000000e+04,-1.937900000000000000e+04,2.734500000000000000e+04,-1.995100000000000000e+04,-1.394100000000000000e+04
1.406000000000000000e+03,-1.478000000000000000e+04,4.070000000000000000e+03,-5.754000000000000000e+03,-2.975000000000000000e+03,-1.368400000000000000e+04,-3.379700000000000000e+04,-2.263600000000000000e+04
7.766000000000000000e+03,-1.607100000000000000e+04,-1.601600000000000000e+04,-2.048000000000000000e+03,-8.700000000000000000e+01,-9.933000000000000000e+03,-3.622200000000000000e+04,-4.205600000000000000e+04
-1.380500000000000000e+04,-2.343900000000000000e+04,-1.151600000000000000e+04,-1.257800000000000000e+04,1.312500000000000000e+04,-2.317400000000000000e+04,-1.867500000000000000e+04,-2.529600000000000000e+04
-7.205000000000000000e+03,-6.758000000000000000e+03,-4.809000000000000000e+03,-1.792400000000000000e+04,-6.516000000000000000e+03,-1.765300000000000000e+04,-1.230100000000000000e+04,-1.769000000000000000e+04
-2.360000000000000000e+03,-1.395000000000000000e+04,-6.846000000000000000e+03,-4.056000000000000000e+03,-7.826000000000000000e+03,-5.491000000000000000e+03,-2.414500000000000000e+04,-3.172600000000000000e+04
-2.292000000000000000e+03,-1.935800000000000000e+04,-3.831000000000000000e+03,-1.163900000000000000e+04,5.180000000000000000e+02,-1.541300000000000000e+04,-1.862300000000000000e+04,-2.113600000000000000e+04
-1.716600000000000000e+04,-8.656000000000000000e+03,-1.789600000000000000e+04,-3.235200000000000000e+04,-1.711600000000000000e+04,-1.942000000000000000e+04,-1.587700000000000000e+04,2.056700000000000000e+04
-1.321200000000000000e+04,1.801800000000000000e+04,-1.233500000000000000e+04,-2.496700000000000000e+04,-4.019900000000000000e+04,-2.079200000000000000e+04,-2.005700000000000000e+04,-2.970900000000000000e+04
-1.190000000000000000e+03,-6.517000000000000000e+03,-1.415600000000000000e+04,7.479000000000000000e+03,-4.502500000000000000e+04,-1.474000000000000000e+03,-3.402900000000000000e+04,-3.154400000000000000e+04
-1.698400000000000000e+04,-1.620900000000000000e+04,-1.000600000000000000e+04,-9.688000000000000000e+03,3.837000000000000000e+03,-2.682000000000000000e+04,-2.281200000000000000e+04,-1.143900000000000000e+04
-2.415900000000000000e+04,-2.304400000000000000e+04,-1.948200000000000000e+04,-3.338300000000000000e+04,-2.919700000000000000e+04,-2.097800000000000000e+04,-1.783200000000000000e+04,2.723200000000000000e+04
-2.055200000000000000e+04,-1.024300000000000000e+04,-8.580000000000000000e+03,-2.843600000000000000e+04,-1.737900000000000000e+04,-1.156600000000000000e+04,-5.025000000000000000e+03,-1.640700000000000000e+04
-1.464300000000000000e+04,-9.517000000000000000e+03,-1.092700000000000000e+04,-7.680000000000000000e+02,-2.247700000000000000e+04,-2.322700000000000000e+04,3.981000000000000000e+03,-1.960800000000000000e+04
-1.115200000000000000e+04,-1.090600000000000000e+04,-1.763400000000000000e+04,-2.109200000000000000e+04,-2.634200000000000000e+04,-1.275400000000000000e+04,-2.276600000000000000e+04,3.009000000000000000e+03
-3.706800000000000000e+04,-1.551200000000000000e+04,-1.982000000000000000e+03,-2.348700000000000000e+04,-3.474300000000000000e+04,-1.843200000000000000e+04,3.136000000000000000e+04,-2.740100000000000000e+04
1.308300000000000000e+04,-1.546000000000000000e+04,-1.158500000000000000e+04,-1.638900000000000000e+04,-6.629000000000000000e+03,-4.870000000000000000e+03,-3.347900000000000000e+04,-3.052200000000000000e+04
-5.155000000000000000e+03,-1.206000000000000000e+04,-1.745900000000000000e+04,3.130000000000000000e+02,-2.680500000000000000e+04,-1.269000000000000000e+03,-2.655500000000000000e+04,-2.835800000000000000e+04
4.712000000000000000e+03,-1.130400000000000000e+04,-1.582900000000000000e+04,-3.442000000000000000e+03,-2.863100000000000000e+04,-7.875000000000000000e+03,-2.931200000000000000e+04,-2.656900000000000000e+04
-2.023100000000000000e+04,-1.281700000000000000e+04,-1.025700000000000000e+04,-1.947400000000000000e+04,-1.405000000000000000e+04,-2.545900000000000000e+04,1.355900000000000000e+04,-1.121300000000000000e+04
-1.700300000000000000e+04,-1.261800000000000000e+04,-1.318700000000000000e+04,-3.259600000000000000e+04,-2.302300000000000000e+04,-1.491600000000000000e+04,2.182800000000000000e+04,-2.235900000000000000e+04
-2.051800000000000000e+04,-1.421600000000000000e+04,-1.849900000000000000e+04,-2.745000000000000000e+04,-2.317000000000000000e+04,-2.509800000000000000e+04,-2.471000000000000000e+04,1.846900000000000000e+04
-2.393400000000000000e+04,-1.601800000000000000e+04,-2.776000000000000000e+03,-3.683600000000000000e+04,-2.450300000000000000e+04,-2.962800000000000000e+04,-2.516200000000000000e+04,1.032900000000000000e+04
-1.231400000000000000e+04,1.227700000000000000e+04,-2.636600000000000000e+04,-1.634000000000000000e+04,-3.127500000000000000e+04,-1.437200000000000000e+04,-1.138800000000000000e+04,-2.358500000000000000e+04
-6.500000000000000000e+01,-1.909100000000000000e+04,-6.088000000000000000e+03,-8.864000000000000000e+03,-1.179900000000000000e+04,-1.167300000000000000e+04,-2.454600000000000000e+04,-3.397600000000000000e+04
-9.635000000000000000e+03,2.149600000000000000e+04,-1.004200000000000000e+04,-2.328500000000000000e+04,-3.243600000000000000e+04,-1.944500000000000000e+04,-2.686900000000000000e+04,-3.542300000000000000e+04
-1.030100000000000000e+04,-1.462500000000000000e+04,-1.788500000000000000e+04,-3.708000000000000000e+03,-3.940000000000000000e+02,-1.634100000000000000e+04,-2.159200000000000000e+04,-2.660600000000000000e+04
-1.759400000000000000e+04,2.136100000000000000e+04,-2.001800000000000000e+04,-2.160500000000000000e+04,-3.495900000000000000e+04,-2.348100000000000000e+04,-1.873900000000000000e+04,-2.428100000000000000e+04
1.315100000000000000e+04,-1.056400000000000000e+04,-3.423000000000000000e+03,-2.089000000000000000e+03,-9.326000000000000000e+03,-1.904700000000000000e+04,-3.122900000000000000e+04,-2.752300000000000000e+04
-2.975500000000000000e+04,1.485200000000000000e+04,-1.496800000000000000e+04,-4.363000000000000000e+03,-3.417100000000000000e+04,-1.991400000000000000e+04,-3.313200000000000000e+04,-4.293900000000000000e+04
-1.540400000000000000e+04,-1.931500000000000000e+04,-1.147900000000000000e+04,-3.283500000000000000e+04,3.920000000000000000e+02,-3.493500000000000000e+04,-2.632500000000000000e+04,-1.724000000000000000e+03
-9.880000000000000000e+03,-2.097200000000000000e+04,-1.141400000000000000e+04,-2.039600000000000000e+04,9.519000000000000000e+03,-1.572300000000000000e+04,-2.444100000000000000e+04,-2.041800000000000000e+04
-2.795800000000000000e+04,-2.014400000000000000e+04,1.424200000000000000e+04,-2.547200000000000000e+04,-1.874400000000000000e+04,-3.209400000000000000e+04,-2.406400000000000000e+04,-3.419000000000000000e+03
-1.184200000000000000e+04,-2.640500000000000000e+04,-1.625600000000000000e+04,-1.457200000000000000e+04,1.471400000000000000e+04,-8.484000000000000000e+03,-1.437300000000000000e+04,-2.136300000000000000e+04
-1.377900000000000000e+04,-1.559900000000000000e+04,-1.335200000000000000e+04,-8.277000000000000000e+03,-3.125200000000000000e+04,7.798000000000000000e+03,-1.809300000000000000e+04,-3.283400000000000000e+04
-2.327500000000000000e+04,-1.721500000000000000e+04,2.294000000000000000e+03,-1.906500000000000000e+04,-2.123500000000000000e+04,-2.644700000000000000e+04,-4.112000000000000000e+03,-1.071300000000000000e+04
-1.177600000000000000e+04,1.644900000000000000e+04,-1.030400000000000000e+04,-2.172600000000000000e+04,-3.108400000000000000e+04,-2.267800000000000000e+04,-2.809200000000000000e+04,-1.134300000000000000e+04
-2.789300000000000000e+04,-9.449000000000000000e+03,-1.667900000000000000e+04,-1.020000000000000000e+02,-2.898100000000000000e+04,-2.156000000000000000e+04,1.209700000000000000e+04,-3.575200000000000000e+04
-2.571600000000000000e+04,-2.125100000000000000e+04,-1.073600000000000000e+04,-2.184700000000000000e+04,-1.968300000000000000e+04,-2.194500000000000000e+04,1.568700000000000000e+04,-1.624000000000000000e+04
-1.999800000000000000e+04,-1.983000000000000000e+04,-1.840100000000000000e+04,-2.978900000000000000e+04,-2.459800000000000000e+04,-1.692300000000000000e+04,-1.750700000000000000e+04,1.877200000000000000e+04
-2.325700000000000000e+04,-5.479000000000000000e+03,-1.584100000000000000e+04,-2.207500000000000000e+04,-2.945400000000000000e+04,-1.754000000000000000e+04,1.794500000000000000e+04,-3.397800000000000000e+04
-2.337300000000000000e+04,-1.386300000000000000e+04,-5.916000000000000000e+03,-1.175900000000000000e+04,-1.854600000000000000e+04,-1.384200000000000000e+04,-1.499200000000000000e+04,-3.311000000000000000e+03
-7.013000000000000000e+03,-9.834000000000000000e+03,-1.944800000000000000e+04,-1.883800000000000000e+04,-2.566400000000000000e+04,-8.675000000000000000e+03,-1.158000000000000000e+03,-3.071900000000000000e+04
-2.037500000000000000e+04,-5.259000000000000000e+03,-7.954000000000000000e+03,-1.057100000000000000e+04,-2.352200000000000000e+04,-9.373000000000000000e+03,-1.124300000000000000e+04,-3.160100000000000000e+04
-1.160400000000000000e+04,2.458800000000000000e+04,-2.068300000000000000e+04,-1.912200000000000000e+04,-3.691300000000000000e+04,-1.156200000000000000e+04,-2.739000000000000000e+04,-3.434200000000000000e+04
-2.919800000000000000e+04,-1.500000000000000000e+04,-1.391300000000000000e+04,-3.071800000000000000e+04,-2.479400000000000000e+04,-1.380900000000000000e+04,1.120200000000000000e+04,-1.222000000000000000e+04
-2.180700000000000000e+04,2.342100000000000000e+04,-2.015500000000000000e+04,-1.232500000000000000e+04,-2.985900000000000000e+04,-1.721600000000000000e+04,-1.095500000000000000e+04,-3.842300000000000000e+04
-1.014000000000000000e+04,-1.840300000000000000e+04,-7.375000000000000000e+03,-1.447200000000000000e+04,2.401000000000000000e+03,-2.488800000000000000e+04,-2.186600000000000000e+04,-1.622000000000000000e+03
-2.738200000000000000e+04,-9.234000000000000000e+03,-1.464200000000000000e+04,-1.908600000000000000e+04,-2.859000000000000000e+04,-1.613100000000000000e+04,1.735200000000000000e+04,-2.729400000000000000e+04
-8.120000000000000000e+03,-7.682000000000000000e+03,-2.182500000000000000e+04,-6.359000000000000000e+03,-1.334400000000000000e+04,-6.489000000000000000e+03,-1.243100000000000000e+04,-2.481100000000000000e+04
-1.787900000000000000e+04,-1.797500000000000000e+04,-1.936500000000000000e+04,-9.230000000000000000e+03,-1.876300000000000000e+04,1.850000000000000000e+04,-9.876000000000000000e+03,-1.056700000000000000e+04
-2.892000000000000000e+03,1.953500000000000000e+04,-1.546400000000000000e+04,-1.709200000000000000e+04,-2.419500000000000000e+04,-2.597600000000000000e+04,-2.255500000000000000e+04,-3.406800000000000000e+04
-2.533300000000000000e+04,-1.578800000000000000e+04,-1.581900000000000000e+04,-1.638800000000000000e+04,-1.895400000000000000e+04,-5.853000000000000000e+03,6.904000000000000000e+03,-1.088200000000000000e+04
-2.644800000000000000e+04,-3.062000000000000000e+03,-1.459200000000000000e+04,-8.155000000000000000e+03,-1.656100000000000000e+04,-1.129300000000000000e+04,1.406000000000000000e+03,-2.082000000000000000e+04
-1.358700000000000000e+04,-1.346800000000000000e+04,-1.302300000000000000e+04,-2.930000000000000000e+02,-1.564500000000000000e+04,-2.100000000000000000e+03,-1.916300000000000000e+04,-3.782800000000000000e+04
-2.630000000000000000e+02,-1.917900000000000000e+04,-6.298000000000000000e+03,-1.154800000000000000e+04,1.062200000000000000e+04,-2.291300000000000000e+04,-3.135700000000000000e+04,-1.850200000000000000e+04
-7.123000000000000000e+03,-1.270000000000000000e+04,-1.368900000000000000e+04,-7.985000000000000000e+03,-2.184600000000000000e+04,2.370000000000000000e+02,-8.645000000000000000e+03,-3.008000000000000000e+04
-3.008100000000000000e+04,-2.155600000000000000e+04,1.194000000000000000e+03,-3.030800000000000000e+04,-3.047100000000000000e+04,-3.436900000000000000e+04,-2.320400000000000000e+04,1.077300000000000000e+04
-1.730800000000000000e+04,-1.854600000000000000e+04,-1.549500000000000000e+04,-2.227200000000000000e+04,-1.817700000000000000e+04,-1.370100000000000000e+04,-1.201300000000000000e+04,1.787100000000000000e+04
-3.918400000000000000e+04,-2.349100000000000000e+04,-8.603000000000000000e+03,-2.609500000000000000e+04,-3.352000000000000000e+04,-3.403100000000000000e+04,-2.210300000000000000e+04,1.552400000000000000e+04
-1.545700000000000000e+04,-1.299700000000000000e+04,-1.169500000000000000e+04,-2.705800000000000000e+04,-1.656400000000000000e+04,-2.522800000000000000e+04,1.034700000000000000e+04,-2.088200000000000000e+04
-2.510800000000000000e+04,-1.119100000000000000e+04,-1.110500000000000000e+04,-6.302000000000000000e+03,-3.611500000000000000e+04,-2.290000000000000000e+04,2.018900000000000000e+04,-3.058000000000000000e+04
-1.691400000000000000e+04,-1.416800000000000000e+04,-1.800000000000000000e+04,-1.565700000000000000e+04,-2.339700000000000000e+04,-1.215800000000000000e+04,2.070100000000000000e+04,-2.140200000000000000e+04
-9.808000000000000000e+03,-1.301300000000000000e+04,-7.556000000000000000e+03,-2.127800000000000000e+04,-1.150100000000000000e+04,-2.435800000000000000e+04,-2.717900000000000000e+04,1.758300000000000000e+04
-2.378200000000000000e+04,-3.320100000000000000e+04,-1.549500000000000000e+04,-2.909000000000000000e+04,-3.140300000000000000e+04,-1.787400000000000000e+04,-2.178100000000000000e+04,1.606300000000000000e+04
-2.453800000000000000e+04,-8.345000000000000000e+03,-1.083700000000000000e+04,-1.074800000000000000e+04,-3.201100000000000000e+04,-1.254100000000000000e+04,1.100100000000000000e+04,-3.385500000000000000e+04
1.428600000000000000e+04,-1.707900000000000000e+04,-1.508900000000000000e+04,-9.902000000000000000e+03,-5.890000000000000000e+02,-2.103200000000000000e+04,-2.236400000000000000e+04,-4.020800000000000000e+04
-6.750000000000000000e+03,-1.773600000000000000e+04,-1.029300000000000000e+04,-1.112900000000000000e+04,-9.204000000000000000e+03,-2.256000000000000000e+04,-2.040000000000000000e+04,-2.371800000000000000e+04
-1.579200000000000000e+04,2.376000000000000000e+04,-7.798000000000000000e+03,-2.322400000000000000e+04,-3.694400000000000000e+04,-2.656500000000000000e+04,-2.702600000000000000e+04,-3.004600000000000000e+04
-3.892400000000000000e+04,-2.790600000000000000e+04,-4.200000000000000000e+01,-2.465400000000000000e+04,-1.799100000000000000e+04,-3.917800000000000000e+04,-1.763800000000000000e+04,4.253000000000000000e+03
-2.758000000000000000e+04,-9.579000000000000000e+03,-1.650600000000000000e+04,-1.952300000000000000e+04,-2.240700000000000000e+04,-8.907000000000000000e+03,1.928500000000000000e+04,-3.083700000000000000e+04
-2.112700000000000000e+04,-7.970000000000000000e+03,-8.010000000000000000e+03,-1.305700000000000000e+04,-2.287500000000000000e+04,-2.230400000000000000e+04,1.340800000000000000e+04,-1.794200000000000000e+04
-2.076200000000000000e+04,-2.550100000000000000e+04,-7.698000000000000000e+03,-3.148800000000000000e+04,1.565200000000000000e+04,-2.320400000000000000e+04,-2.706000000000000000e+04,-1.019800000000000000e+04
-2.657500000000000000e+04,-1.293200000000000000e+04,-1.587700000000000000e+04,-7.834000000000000000e+03,-2.209700000000000000e+04,5.572000000000000000e+03,-7.949000000000000000e+03,-2.194600000000000000e+04
8.515000000000000000e+03,-1.795000000000000000e+03,-2.239400000000000000e+04,-2.316700000000000000e+04,-2.499700000000000000e+04,-1.181500000000000000e+04,-2.654600000000000000e+04,-1.922100000000000000e+04
-1.302200000000000000e+04,-3.901000000000000000e+03,-1.285000000000000000e+04,-2.793000000000000000e+03,-2.437100000000000000e+04,1.087900000000000000e+04,-1.228800000000000000e+04,-3.399600000000000000e+04
-1.829000000000000000e+04,-1.326400000000000000e+04,-1.287800000000000000e+04,-1.154700000000000000e+04,-1.448100000000000000e+04,-1.020900000000000000e+04,4.146000000000000000e+03,-2.463500000000000000e+04
-8.965000000000000000e+03,-2.190300000000000000e+04,6.745000000000000000e+03,-1.698800000000000000e+04,-2.070000000000000000e+02,-2.717500000000000000e+04,-1.010200000000000000e+04,-1.215800000000000000e+04
-3.297000000000000000e+04,-1.101400000000000000e+04,-2.194200000000000000e+04,-2.675700000000000000e+04,-3.038900000000000000e+04,-1.167200000000000000e+04,1.489900000000000000e+04,-2.453000000000000000e+04
-1.636300000000000000e+04,-2.292200000000000000e+04,6.488000000000000000e+03,-2.820700000000000000e+04,-1.783100000000000000e+04,-1.948100000000000000e+04,-1.075900000000000000e+04,-2.690000000000000000e+03
-1.451200000000000000e+04,-2.093400000000000000e+04,2.323000000000000000e+03,-8.087000000000000000e+03,2.200000000000000000e+03,-3.769300000000000000e+04,-3.052600000000000000e+04,-8.744000000000000000e+03
-7.005000000000000000e+03,9.543000000000000000e+03,-1.432800000000000000e+04,-1.323100000000000000e+04,-3.529500000000000000e+04,-1.913300000000000000e+04,-1.571900000000000000e+04,-4.161000000000000000e+04
1.582800000000000000e+04,-1.667400000000000000e+04,-1.862700000000000000e+04,-1.602000000000000000e+04,-2.347200000000000000e+04,-1.275000000000000000e+03,-2.676000000000000000e+04,-4.465700000000000000e+04
1.680000000000000000e+03,-1.695500000000000000e+04,-9.430000000000000000e+03,-3.052000000000000000e+03,-1.572200000000000000e+04,3.200000000000000000e+02,-3.413900000000000000e+04,-4.876800000000000000e+04
-2.323500000000000000e+04,-1.654800000000000000e+04,-3.720000000000000000e+02,-1.144500000000000000e+04,-7.298000000000000000e+03,-2.331500000000000000e+04,-5.791000000000000000e+03,-1.344100000000000000e+04
-7.095000000000000000e+03,-1.001900000000000000e+04,-1.608100000000000000e+04,1.654000000000000000e+03,-1.907000000000000000e+04,3.123000000000000000e+03,-2.388800000000000000e+04,-2.356000000000000000e+04
-3.030300000000000000e+04,-5.548000000000000000e+03,-1.776700000000000000e+04,-2.296200000000000000e+04,-2.253500000000000000e+04,-1.548100000000000000e+04,2.588800000000000000e+04,-2.272600000000000000e+04
7.271000000000000000e+03,2.282000000000000000e+03,-2.090000000000000000e+04,-1.933700000000000000e+04,-2.856000000000000000e+04,-1.284200000000000000e+04,-3.219200000000000000e+04,-2.715300000000000000e+04
-2.905200000000000000e+04,-2.154500000000000000e+04,-1.107000000000000000e+03,-3.058000000000000000e+04,-2.449900000000000000e+04,-3.144400000000000000e+04,-2.027500000000000000e+04,1.620100000000000000e+04
-3.490500000000000000e+04,-1.956700000000000000e+04,1.950000000000000000e+02,-1.694200000000000000e+04,-2.497100000000000000e+04,-8.814000000000000000e+03,9.980000000000000000e+03,-2.889100000000000000e+04
-5.826000000000000000e+03,-2.259600000000000000e+04,-1.838300000000000000e+04,-3.241000000000000000e+03,-5.453000000000000000e+03,1.036300000000000000e+04,-1.330000000000000000e+04,-2.450900000000000000e+04
-5.904000000000000000e+03,-1.887400000000000000e+04,-1.568300000000000000e+04,-2.293500000000000000e+04,1.171500000000000000e+04,-1.612900000000000000e+04,-1.770400000000000000e+04,-1.638700000000000000e+04
-1.406400000000000000e+04,2.705500000000000000e+04,-2.196700000000000000e+04,-2.712300000000000000e+04,-4.882800000000000000e+04,-2.119800000000000000e+04,-2.145400000000000000e+04,-2.915600000000000000e+04
-9.408000000000000000e+03,-7.415000000000000000e+03,-6.708000000000000000e+03,8.750000000000000000e+03,-1.888700000000000000e+04,-2.667000000000000000e+03,-3.038300000000000000e+04,-4.105700000000000000e+04
1.334900000000000000e+04,-1.172000000000000000e+03,-1.754500000000000000e+04,-8.319000000000000000e+03,-2.068000000000000000e+04,-1.278800000000000000e+04,-2.790300000000000000e+04,-3.829100000000000000e+04
-2.497000000000000000e+04,-2.629300000000000000e+04,-2.789000000000000000e+03,-3.399700000000000000e+04,-2.449700000000000000e+04,-4.649800000000000000e+04,-2.504000000000000000e+04,1.721700000000000000e+04
-1.359300000000000000e+04,-1.641700000000000000e+04,-2.184500000000000000e+04,-1.854400000000000000e+04,-2.447800000000000000e+04,-4.961000000000000000e+03,4.160000000000000000e+03,-2.288400000000000000e+04
-2.536600000000000000e+04,-2.196500000000000000e+04,-1.375600000000000000e+04,-2.737900000000000000e+04,-3.661100000000000000e+04,-1.881000000000000000e+04,-2.477200000000000000e+04,1.068900000000000000e+04
-2.330400000000000000e+04,-2.112100000000000000e+04,-9.359000000000000000e+03,-1.545000000000000000e+04,-2.635800000000000000e+04,-2.821400000000000000e+04,8.369000000000000000e+03,-2.313500000000000000e+04
3.390000000000000000e+02,-1.641300000000000000e+04,-1.130000000000000000e+04,-6.144000000000000000e+03,-2.796000000000000000e+04,-2.811000000000000000e+03,-2.346000000000000000e+04,-2.629700000000000000e+04
-1.763400000000000000e+04,-1.582900000000000000e+04,-1.042800000000000000e+04,-1.045900000000000000e+04,-2.391200000000000000e+04,-1.291300000000000000e+04,-1.849000000000000000e+03,-1.802200000000000000e+04
-7.004000000000000000e+03,-1.940000000000000000e+03,-9.973000000000000000e+03,-2.021500000000000000e+04,-2.097800000000000000e+04,-9.817000000000000000e+03,-4.127000000000000000e+03,-1.699200000000000000e+04
-1.144400000000000000e+04,-1.485600000000000000e+04,-2.220900000000000000e+04,-2.723000000000000000e+03,-3.404700000000000000e+04,-1.890000000000000000e+02,-1.519600000000000000e+04,-2.515500000000000000e+04
-2.065000000000000000e+03,-1.497500000000000000e+04,-2.184900000000000000e+04,-3.224400000000000000e+04,1.715400000000000000e+04,-2.424800000000000000e+04,-2.146200000000000000e+04,-1.301400000000000000e+04
6.948000000000000000e+03,-7.041000000000000000e+03,-1.929600000000000000e+04,-1.417500000000000000e+04,-9.212000000000000000e+03,-1.328800000000000000e+04,-1.733600000000000000e+04,-2.354400000000000000e+04
-1.728000000000000000e+03,-2.372000000000000000e+04,-1.670900000000000000e+04,-2.874700000000000000e+04,7.739000000000000000e+03,-3.192200000000000000e+04,-1.602500000000000000e+04,-2.205700000000000000e+04
-1.435900000000000000e+04,1.836500000000000000e+04,-2.005100000000000000e+04,-1.130100000000000000e+04,-3.454000000000000000e+04,-2.820300000000000000e+04,-1.265400000000000000e+04,-2.784600000000000000e+04
-9.643000000000000000e+03,-2.493200000000000000e+04,-1.987200000000000000e+04,5.729000000000000000e+03,-2.698000000000000000e+03,-1.175500000000000000e+04,-2.237000000000000000e+04,-2.766900000000000000e+04
-1.084300000000000000e+04,-1.544600000000000000e+04,-9.317000000000000000e+03,8.735000000000000000e+03,-5.730000000000000000e+02,-1.671500000000000000e+04,-2.001000000000000000e+04,-2.656200000000000000e+04
-2.466000000000000000e+03,3.439900000000000000e+04,-1.158900000000000000e+04,-1.200500000000000000e+04,-4.587700000000000000e+04,-2.531700000000000000e+04,-2.636500000000000000e+04,-4.066400000000000000e+04
-1.673700000000000000e+04,-1.800500000000000000e+04,-2.303400000000000000e+04,-2.272100000000000000e+04,-2.611100000000000000e+04,-2.598700000000000000e+04,-2.341700000000000000e+04,2.222400000000000000e+04
-6.479000000000000000e+03,-1.317700000000000000e+04,-2.355300000000000000e+04,-2.812000000000000000e+03,-1.913200000000000000e+04,6.572000000000000000e+03,-1.460000000000000000e+04,-2.376500000000000000e+04
-1.694200000000000000e+04,-2.133800000000000000e+04,-2.155400000000000000e+04,-4.294000000000000000e+03,-1.988100000000000000e+04,1.518600000000000000e+04,-2.640900000000000000e+04,-2.696500000000000000e+04
1.301000000000000000e+04,-2.665700000000000000e+04,-1.916200000000000000e+04,1.842000000000000000e+03,-2.831700000000000000e+04,-4.799000000000000000e+03,-3.218700000000000000e+04,-4.746800000000000000e+04
-2.701000000000000000e+03,1.441600000000000000e+04,-2.013700000000000000e+04,-2.402800000000000000e+04,-3.907900000000000000e+04,-1.085600000000000000e+04,-2.991100000000000000e+04,-3.002900000000000000e+04
-2.855000000000000000e+03,-5.687000000000000000e+03,-3.275000000000000000e+03,-7.083000000000000000e+03,-2.664000000000000000e+04,-2.478900000000000000e+04,-1.819800000000000000e+04,-3.897900000000000000e+04
-1.698200000000000000e+04,-1.389100000000000000e+04,-1.528600000000000000e+04,-1.869800000000000000e+04,-1.786400000000000000e+04,-1.990500000000000000e+04,-1.416700000000000000e+04,1.468800000000000000e+04
-2.277600000000000000e+04,2.351900000000000000e+04,-1.335100000000000000e+04,-2.029800000000000000e+04,-3.275900000000000000e+04,-1.783400000000000000e+04,-2.284900000000000000e+04,-3.111800000000000000e+04
-9.216000000000000000e+03,-6.533000000000000000e+03,-1.683800000000000000e+04,-1.177400000000000000e+04,-3.485000000000000000e+03,-9.806000000000000000e+03,-4.155000000000000000e+03,-1.397800000000000000e+04
-1.846400000000000000e+04,-1.403900000000000000e+04,-2.326800000000000000e+04,1.450000000000000000e+03,-3.210700000000000000e+04,2.200000000000000000e+01,-2.446100000000000000e+04,-3.220300000000000000e+04
-3.999000000000000000e+03,5.887000000000000000e+03,-1.063500000000000000e+04,-2.855000000000000000e+04,-3.196000000000000000e+04,-2.388000000000000000e+03,-1.811000000000000000e+04,-2.334800000000000000e+04
-9.988000000000000000e+03,-1.494900000000000000e+04,-1.212000000000000000e+04,-1.608700000000000000e+04,-1.246000000000000000e+04,-2.138000000000000000e+04,9.621000000000000000e+03,-8.398000000000000000e+03
-8.970000000000000000e+02,-1.301200000000000000e+04,-6.445000000000000000e+03,-1.061600000000000000e+04,-3.175000000000000000e+03,-1.001400000000000000e+04,-2.998000000000000000e+04,-2.914800000000000000e+04
-1.709900000000000000e+04,-1.194200000000000000e+04,-1.123100000000000000e+04,-8.027000000000000000e+03,-1.786500000000000000e+04,-2.335600000000000000e+04,8.418000000000000000e+03,-2.117100000000000000e+04
-1.739800000000000000e+04,9.897000000000000000e+03,-1.970700000000000000e+04,-1.419700000000000000e+04,-2.713800000000000000e+04,-1.245700000000000000e+04,-1.423200000000000000e+04,-2.705900000000000000e+04
-8.170000000000000000e+03,6.200000000000000000e+02,-1.108300000000000000e+04,-2.943500000000000000e+04,-1.457300000000000000e+04,-2.566100000000000000e+04,-2.500400000000000000e+04,-2.265700000000000000e+04
-2.356800000000000000e+04,1.153500000000000000e+04,-1.760500000000000000e+04,-1.735600000000000000e+04,-3.630000000000000000e+04,-1.414000000000000000e+04,-1.143100000000000000e+04,-1.567000000000000000e+04
5.447000000000000000e+03,-2.106000000000000000e+04,-1.638900000000000000e+04,-2.041200000000000000e+04,-9.561000000000000000e+03,-1.510000000000000000e+02,-2.502200000000000000e+04,-3.480000000000000000e+04
-1.238200000000000000e+04,7.102000000000000000e+03,-1.658600000000000000e+04,-1.766300000000000000e+04,-2.716100000000000000e+04,-2.566000000000000000e+03,-8.926000000000000000e+03,-2.302000000000000000e+04
-1.814100000000000000e+04,-2.013400000000000000e+04,-1.962000000000000000e+03,-1.086500000000000000e+04,-1.263200000000000000e+04,-1.146700000000000000e+04,1.143000000000000000e+04,-8.784000000000000000e+03
1.770700000000000000e+04,-2.483500000000000000e+04,-1.210200000000000000e+04,-1.183300000000000000e+04,-3.022000000000000000e+04,6.561000000000000000e+03,-2.691400000000000000e+04,-4.196200000000000000e+04
-5.853000000000000000e+03,-1.506000000000000000e+04,-1.652000000000000000e+04,-4.178000000000000000e+03,-3.075000000000000000e+04,4.370000000000000000e+03,-1.851400000000000000e+04,-4.241100000000000000e+04
6.319000000000000000e+03,3.093000000000000000e+03,-1.452900000000000000e+04,-2.753600000000000000e+04,-1.861700000000000000e+04,-1.744500000000000000e+04,-3.233900000000000000e+04,-3.448700000000000000e+04
-5.760000000000000000e+03,7.109000000000000000e+03,-1.628200000000000000e+04,-2.028300000000000000e+04,-2.951100000000000000e+04,-1.084900000000000000e+04,-1.714800000000000000e+04,-3.041000000000000000e+04
-1.406900000000000000e+04,-1.044600000000000000e+04,-1.254200000000000000e+04,-2.099200000000000000e+04,-2.717400000000000000e+04,-2.117300000000000000e+04,-8.432000000000000000e+03,1.004900000000000000e+04
-2.147400000000000000e+04,-1.156000000000000000e+04,4.465000000000000000e+03,-2.480600000000000000e+04,-1.721500000000000000e+04,-1.467300000000000000e+04,-8.161000000000000000e+03,6.232000000000000000e+03
-1.690100000000000000e+04,-8.663000000000000000e+03,-2.496200000000000000e+04,5.839000000000000000e+03,-4.059800000000000000e+04,4.897000000000000000e+03,-2.833200000000000000e+04,-4.666900000000000000e+04
-2.953700000000000000e+04,-1.439300000000000000e+04,-9.629000000000000000e+03,-3.638600000000000000e+04,-2.405300000000000000e+04,-3.544800000000000000e+04,-2.580300000000000000e+04,1.485500000000000000e+04
-6.172000000000000000e+03,4.508000000000000000e+03,-1.754700000000000000e+04,-1.713600000000000000e+04,-2.369400000000000000e+04,-1.661900000000000000e+04,-7.841000000000000000e+03,-2.223700000000000000e+04
-3.286700000000000000e+04,2.163400000000000000e+04,-2.516100000000000000e+04,-2.627200000000000000e+04,-5.068400000000000000e+04,-4.620000000000000000e+03,-2.664500000000000000e+04,-2.666300000000000000e+04
-6.573000000000000000e+03,-2.750700000000000000e+04,2.160000000000000000e+02,-1.621700000000000000e+04,1.056300000000000000e+04,-2.587400000000000000e+04,-3.700100000000000000e+04,-2.231600000000000000e+04
-2.574300000000000000e+04,-1.704500000000000000e+04,-2.742000000000000000e+03,-1.834800000000000000e+04,-8.441000000000000000e+03,-1.848500000000000000e+04,-2.571300000000000000e+04,-1.930000000000000000e+02
-9.165000000000000000e+03,1.120000000000000000e+02,-1.622200000000000000e+04,6.287000000000000000e+03,-2.383500000000000000e+04,-2.408000000000000000e+04,-3.292200000000000000e+04,-3.977400000000000000e+04
-3.276000000000000000e+03,-1.522100000000000000e+04,1.944000000000000000e+03,-2.853000000000000000e+04,-1.445000000000000000e+03,-3.190600000000000000e+04,-3.046100000000000000e+04,-1.343900000000000000e+04
-1.727900000000000000e+04,-1.757000000000000000e+04,-4.900000000000000000e+01,-1.998500000000000000e+04,-2.621000000000000000e+03,-3.136400000000000000e+04,-1.699300000000000000e+04,1.409000000000000000e+03
-2.865000000000000000e+03,5.973000000000000000e+03,-1.566100000000000000e+04,-1.500000000000000000e+04,-2.998700000000000000e+04,-1.087600000000000000e+04,-1.102000000000000000e+04,-3.297400000000000000e+04
-1.856400000000000000e+04,1.766200000000000000e+04,-3.037000000000000000e+03,-1.662300000000000000e+04,-3.462600000000000000e+04,-1.606500000000000000e+04,-1.459200000000000000e+04,-2.324500000000000000e+04
-1.315400000000000000e+04,-1.131300000000000000e+04,-1.354300000000000000e+04,-6.270000000000000000e+02,-2.972700000000000000e+04,-8.190000000000000000e+02,-2.227700000000000000e+04,-3.004700000000000000e+04
-7.817000000000000000e+03,-1.387100000000000000e+04,-1.154000000000000000e+04,-9.168000000000000000e+03,-3.810000000000000000e+02,2.040000000000000000e+03,-9.822000000000000000e+03,5.901000000000000000e+03
-3.090000000000000000e+03,-3.260000000000000000e+02,-1.394300000000000000e+04,-1.383700000000000000e+04,-2.235600000000000000e+04,-3.183000000000000000e+03,2.820000000000000000e+02,-2.501300000000000000e+04
-5.892000000000000000e+03,-9.352000000000000000e+03,-1.620200000000000000e+04,2.150000000000000000e+03,-2.331200000000000000e+04,-6.685000000000000000e+03,-1.512900000000000000e+04,-2.141500000000000000e+04
-1.424600000000000000e+04,-9.985000000000000000e+03,-5.878000000000000000e+03,-1.751600000000000000e+04,-1.802900000000000000e+04,-1.203800000000000000e+04,7.385000000000000000e+03,-1.024900000000000000e+04
-2.044100000000000000e+04,-1.596600000000000000e+04,-2.170000000000000000e+02,-2.813300000000000000e+04,-1.485300000000000000e+04,-3.788700000000000000e+04,-5.354000000000000000e+03,-6.928000000000000000e+03
-2.040800000000000000e+04,1.295200000000000000e+04,-2.262900000000000000e+04,-8.726000000000000000e+03,-3.753700000000000000e+04,-1.831700000000000000e+04,-2.181500000000000000e+04,-2.211900000000000000e+04
-7.793000000000000000e+03,-7.065000000000000000e+03,-2.087100000000000000e+04,8.561000000000000000e+03,-1.706200000000000000e+04,-7.203000000000000000e+03,-2.353000000000000000e+04,-2.518700000000000000e+04
-2.842000000000000000e+03,-8.157000000000000000e+03,-1.358500000000000000e+04,-4.797000000000000000e+03,-3.488100000000000000e+04,9.278000000000000000e+03,-1.293900000000000000e+04,-2.870900000000000000e+04
6.866000000000000000e+03,-9.008000000000000000e+03,-3.015000000000000000e+04,-2.577000000000000000e+03,-1.721600000000000000e+04,-6.395000000000000000e+03,-1.879900000000000000e+04,-2.251900000000000000e+04
-9.360000000000000000e+03,-8.295000000000000000e+03,-1.487900000000000000e+04,1.346000000000000000e+03,-1.646600000000000000e+04,-1.748100000000000000e+04,-4.035000000000000000e+03,-2.258700000000000000e+04
-2.703200000000000000e+04,-1.432500000000000000e+04,-1.374900000000000000e+04,-3.781000000000000000e+04,-2.893500000000000000e+04,-1.968900000000000000e+04,-2.512500000000000000e+04,2.309500000000000000e+04
-1.504700000000000000e+04,1.820000000000000000e+03,-1.754200000000000000e+04,-1.395700000000000000e+04,-2.634500000000000000e+04,1.467000000000000000e+03,-1.194900000000000000e+04,-1.591600000000000000e+04
-1.046800000000000000e+04,1.103200000000000000e+04,-2.340800000000000000e+04,-6.144000000000000000e+03,-3.851700000000000000e+04,-2.056300000000000000e+04,-1.422000000000000000e+04,-1.676300000000000000e+04
-1.429600000000000000e+04,-4.167000000000000000e+03,-1.909400000000000000e+04,1.176000000000000000e+03,-2.835000000000000000e+04,-1.475100000000000000e+04,1.112300000000000000e+04,-2.394700000000000000e+04
-3.480000000000000000e+03,-2.807500000000000000e+04,-5.889000000000000000e+03,-1.963800000000000000e+04,2.075700000000000000e+04,-2.771800000000000000e+04,-3.727900000000000000e+04,-1.196600000000000000e+04
-1.392200000000000000e+04,-1.329800000000000000e+04,-8.162000000000000000e+03,-1.233200000000000000e+04,-8.271000000000000000e+03,-2.270900000000000000e+04,6.304000000000000000e+03,-2.031800000000000000e+04
-6.799000000000000000e+03,1.075000000000000000e+03,-3.102400000000000000e+04,-1.007300000000000000e+04,-3.596200000000000000e+04,5.360000000000000000e+02,-1.912700000000000000e+04,-2.187600000000000000e+04
-2.877900000000000000e+04,-1.637900000000000000e+04,-2.721800000000000000e+04,-4.026400000000000000e+04,-2.733600000000000000e+04,-1.771200000000000000e+04,-1.869000000000000000e+04,1.584700000000000000e+04
-2.164200000000000000e+04,2.296400000000000000e+04,-2.496100000000000000e+04,-2.305000000000000000e+04,-4.990900000000000000e+04,-1.870800000000000000e+04,-2.575900000000000000e+04,-3.810600000000000000e+04
-8.880000000000000000e+02,-2.035000000000000000e+04,-9.635000000000000000e+03,-1.065200000000000000e+04,4.792000000000000000e+03,-1.015500000000000000e+04,-2.901300000000000000e+04,-1.740800000000000000e+04
-2.674400000000000000e+04,-2.183400000000000000e+04,-6.830000000000000000e+03,-2.796400000000000000e+04,-1.686700000000000000e+04,-3.303400000000000000e+04,-2.739200000000000000e+04,9.345000000000000000e+03
-2.039500000000000000e+04,-1.496700000000000000e+04,-1.411300000000000000e+04,-1.511800000000000000e+04,-2.705700000000000000e+04,-1.925100000000000000e+04,9.041000000000000000e+03,-9.049000000000000000e+03
-1.673800000000000000e+04,-1.727900000000000000e+04,-8.395000000000000000e+03,-1.978900000000000000e+04,-2.202900000000000000e+04,-1.237600000000000000e+04,5.641000000000000000e+03,-2.609500000000000000e+04
-2.472800000000000000e+04,-2.260500000000000000e+04,-1.875500000000000000e+04,-2.970700000000000000e+04,-1.969600000000000000e+04,-1.902700000000000000e+04,1.495000000000000000e+04,-9.439000000000000000e+03
-2.927900000000000000e+04,-9.924000000000000000e+03,-1.816800000000000000e+04,-5.895000000000000000e+03,-3.651400000000000000e+04,-1.830300000000000000e+04,1.318500000000000000e+04,-3.663200000000000000e+04
9.670000000000000000e+02,1.700000000000000000e+01,-5.630000000000000000e+02,-1.138600000000000000e+04,-3.266800000000000000e+04,-5.871000000000000000e+03,-3.617600000000000000e+04,-3.685400000000000000e+04
-3.408000000000000000e+04,-1.108700000000000000e+04,-8.071000000000000000e+03,-5.341000000000000000e+03,-4.742700000000000000e+04,-1.275700000000000000e+04,1.859400000000000000e+04,-3.426800000000000000e+04
-2.523500000000000000e+04,-1.413500000000000000e+04,-1.102900000000000000e+04,-2.613700000000000000e+04,-3.827900000000000000e+04,-2.101600000000000000e+04,-2.710300000000000000e+04,1.547500000000000000e+04
-3.259600000000000000e+04,-2.371200000000000000e+04,4.968000000000000000e+03,-2.131700000000000000e+04,-1.395400000000000000e+04,-2.699600000000000000e+04,-2.131100000000000000e+04,1.810000000000000000e+03
-1.222300000000000000e+04,-2.035200000000000000e+04,-7.591000000000000000e+03,-1.065900000000000000e+04,-1.886000000000000000e+03,-2.052200000000000000e+04,-5.155000000000000000e+03,-1.469800000000000000e+04
-1.154100000000000000e+04,-7.909000000000000000e+03,-1.022700000000000000e+04,-1.494900000000000000e+04,-2.040600000000000000e+04,-1.112000000000000000e+03,9.470000000000000000e+02,-2.241900000000000000e+04
-3.309300000000000000e+04,-1.645500000000000000e+04,-3.689000000000000000e+03,-1.980300000000000000e+04,-2.432300000000000000e+04,-3.464500000000000000e+04,-1.649200000000000000e+04,1.459000000000000000e+03
-4.857000000000000000e+03,-1.570900000000000000e+04,-2.159000000000000000e+04,-4.645000000000000000e+03,-3.566000000000000000e+04,3.211000000000000000e+03,-1.963100000000000000e+04,-2.966400000000000000e+04
-1.446600000000000000e+04,-2.568800000000000000e+04,6.360000000000000000e+02,-2.406400000000000000e+04,-8.866000000000000000e+03,-1.514000000000000000e+04,-1.544000000000000000e+04,2.180000000000000000e+02
-1.707500000000000000e+04,2.134000000000000000e+04,-2.330100000000000000e+04,-1.914500000000000000e+04,-4.357600000000000000e+04,-2.139600000000000000e+04,-2.898100000000000000e+04,-2.494500000000000000e+04
-9.467000000000000000e+03,8.610000000000000000e+03,-6.848000000000000000e+03,-5.041000000000000000e+03,-2.705200000000000000e+04,-1.649800000000000000e+04,-1.285600000000000000e+04,-3.757800000000000000e+04
3.043000000000000000e+03,-2.262200000000000000e+04,-1.105100000000000000e+04,-2.046300000000000000e+04,8.751000000000000000e+03,-1.075500000000000000e+04,-2.559300000000000000e+04,-3.912500000000000000e+04
-1.867500000000000000e+04,-1.697900000000000000e+04,-1.677300000000000000e+04,-3.998600000000000000e+04,-2.267500000000000000e+04,-2.147600000000000000e+04,-2.227600000000000000e+04,2.137100000000000000e+04
-1.587200000000000000e+04,-1.882000000000000000e+04,1.305500000000000000e+04,-1.775800000000000000e+04,-8.421000000000000000e+03,-3.059200000000000000e+04,-2.153800000000000000e+04,-1.078800000000000000e+04
-1.102600000000000000e+04,-1.999500000000000000e+04,-1.508300000000000000e+04,-1.827500000000000000e+04,-2.060800000000000000e+04,-1.500900000000000000e+04,8.986000000000000000e+03,-1.423300000000000000e+04
-2.790800000000000000e+04,-2.055300000000000000e+04,-1.354500000000000000e+04,-1.016000000000000000e+04,-2.071900000000000000e+04,-1.692000000000000000e+04,1.247900000000000000e+04,-1.055700000000000000e+04
3.158000000000000000e+03,-1.574800000000000000e+04,-1.479700000000000000e+04,-2.385000000000000000e+03,-1.489800000000000000e+04,-8.154000000000000000e+03,-1.286600000000000000e+04,-1.964000000000000000e+04
-1.961800000000000000e+04,-1.485600000000000000e+04,2.500000000000000000e+02,-1.265800000000000000e+04,-1.741000000000000000e+04,-2.566200000000000000e+04,-2.122800000000000000e+04,3.589000000000000000e+03
-1.084500000000000000e+04,-1.464300000000000000e+04,-1.215500000000000000e+04,-2.316600000000000000e+04,-9.237000000000000000e+03,-7.864000000000000000e+03,-2.327000000000000000e+04,8.703000000000000000e+03
-1.900100000000000000e+04,-2.148500000000000000e+04,-2.371500000000000000e+04,-2.237800000000000000e+04,-2.867500000000000000e+04,-5.982000000000000000e+03,9.001000000000000000e+03,-1.076400000000000000e+04
-4.108000000000000000e+03,-1.963800000000000000e+04,-2.108400000000000000e+04,-1.006400000000000000e+04,-3.637100000000000000e+04,5.198000000000000000e+03,-1.229200000000000000e+04,-3.762700000000000000e+04
-4.779000000000000000e+03,-1.438200000000000000e+04,-1.791700000000000000e+04,-7.245000000000000000e+03,-2.540000000000000000e+03,-1.591500000000000000e+04,-1.260700000000000000e+04,-2.716200000000000000e+04
-5.888000000000000000e+03,-1.895500000000000000e+04,-2.096300000000000000e+04,-1.047800000000000000e+04,-4.484000000000000000e+03,1.009500000000000000e+04,-1.948800000000000000e+04,-1.588200000000000000e+04
-1.442300000000000000e+04,-2.390200000000000000e+04,-9.022000000000000000e+03,6.177000000000000000e+03,-1.471100000000000000e+04,-1.124000000000000000e+03,-1.192400000000000000e+04,-3.427800000000000000e+04
-4.466000000000000000e+03,-1.652400000000000000e+04,-2.861100000000000000e+04,-7.244000000000000000e+03,-2.079100000000000000e+04,6.775000000000000000e+03,-3.088200000000000000e+04,-2.736400000000000000e+04
-1.508900000000000000e+04,-1.096600000000000000e+04,1.411600000000000000e+04,-2.005600000000000000e+04,-4.099000000000000000e+03,-3.041100000000000000e+04,-2.079800000000000000e+04,-1.253200000000000000e+04
-4.798000000000000000e+03,-1.283500000000000000e+04,-9.798000000000000000e+03,-1.314100000000000000e+04,-1.844200000000000000e+04,-1.913000000000000000e+03,-1.840400000000000000e+04,-3.194400000000000000e+04
-1.015700000000000000e+04,-2.318900000000000000e+04,-8.484000000000000000e+03,-2.779200000000000000e+04,1.431700000000000000e+04,-1.943500000000000000e+04,-3.225100000000000000e+04,-2.166600000000000000e+04
-1.229300000000000000e+04,-1.234600000000000000e+04,-1.133300000000000000e+04,4.884000000000000000e+03,-2.305100000000000000e+04,-1.176300000000000000e+04,-1.573500000000000000e+04,-3.032300000000000000e+04
-2.158700000000000000e+04,-1.444300000000000000e+04,-1.151000000000000000e+04,-3.896700000000000000e+04,-1.729400000000000000e+04,-3.269500000000000000e+04,-2.363100000000000000e+04,1.628400000000000000e+04
-1.999800000000000000e+04,-9.065000000000000000e+03,-2.970800000000000000e+04,-2.193900000000000000e+04,-3.516900000000000000e+04,-1.200300000000000000e+04,1.492400000000000000e+04,-3.337200000000000000e+04
-1.194500000000000000e+04,-2.277300000000000000e+04,-1.952900000000000000e+04,-4.462000000000000000e+03,-1.950000000000000000e+04,1.568800000000000000e+04,-1.905300000000000000e+04,-2.352600000000000000e+04
-2.099500000000000000e+04,-2.099500000000000000e+04,3.062000000000000000e+03,-9.753000000000000000e+03,-1.269700000000000000e+04,-2.402700000000000000e+04,-6.523000000000000000e+03,-2.343600000000000000e+04
-2.802200000000000000e+04,6.746000000000000000e+03,-9.026000000000000000e+03,-2.903900000000000000e+04,-2.244000000000000000e+04,-1.443900000000000000e+04,-3.234500000000000000e+04,-2.026400000000000000e+04
-2.667500000000000000e+04,-1.290400000000000000e+04,-5.004000000000000000e+03,-1.310200000000000000e+04,-1.963900000000000000e+04,-1.765100000000000000e+04,1.308200000000000000e+04,-1.883100000000000000e+04
1.070400000000000000e+04,-1.582100000000000000e+04,-1.891200000000000000e+04,-7.592000000000000000e+03,-2.401100000000000000e+04,4.452000000000000000e+03,-2.868200000000000000e+04,-4.452700000000000000e+04
-2.727000000000000000e+03,-4.929000000000000000e+03,-1.472100000000000000e+04,4.461000000000000000e+03,-1.937700000000000000e+04,-1.221500000000000000e+04,-6.930000000000000000e+03,-2.875700000000000000e+04
-1.416400000000000000e+04,-1.454400000000000000e+04,-7.870000000000000000e+03,-1.559900000000000000e+04,-1.463300000000000000e+04,-2.021200000000000000e+04,1.393000000000000000e+03,-6.806000000000000000e+03
-1.747200000000000000e+04,4.931000000000000000e+03,-2.512700000000000000e+04,-1.944100000000000000e+04,-3.688100000000000000e+04,-9.190000000000000000e+03,-9.683000000000000000e+03,-3.360300000000000000e+04
-2.649700000000000000e+04,-2.530000000000000000e+02,-1.672700000000000000e+04,-1.004000000000000000e+04,-2.830100000000000000e+04,-1.083300000000000000e+04,2.101700000000000000e+04,-2.857900000000000000e+04
-1.188200000000000000e+04,-5.184000000000000000e+03,1.005400000000000000e+04,-2.131700000000000000e+04,-1.623700000000000000e+04,-2.112600000000000000e+04,-1.880800000000000000e+04,9.060000000000000000e+02
-1.803200000000000000e+04,1.260600000000000000e+04,-2.032900000000000000e+04,-1.468600000000000000e+04,-3.400500000000000000e+04,-1.709600000000000000e+04,-2.312900000000000000e+04,-1.102200000000000000e+04
-1.839200000000000000e+04,1.329500000000000000e+04,-1.103200000000000000e+04,-2.554700000000000000e+04,-3.266700000000000000e+04,-2.271900000000000000e+04,-1.336900000000000000e+04,-3.102700000000000000e+04
-8.578000000000000000e+03,-1.683700000000000000e+04,-2.206700000000000000e+04,8.128000000000000000e+03,-2.266700000000000000e+04,1.051300000000000000e+04,-2.206100000000000000e+04,-2.703900000000000000e+04
-1.622900000000000000e+04,2.567000000000000000e+04,-2.623500000000000000e+04,-2.280600000000000000e+04,-4.379700000000000000e+04,-1.740100000000000000e+04,-2.058400000000000000e+04,-4.305200000000000000e+04
7.235000000000000000e+03,-2.101700000000000000e+04,-1.555300000000000000e+04,2.197000000000000000e+03,-1.880300000000000000e+04,-4.422000000000000000e+03,-2.600800000000000000e+04,-3.713500000000000000e+04
-1.474000000000000000e+04,-1.129300000000000000e+04,-2.033700000000000000e+04,-1.682900000000000000e+04,-1.689600000000000000e+04,-1.636000000000000000e+04,6.469000000000000000e+03,-1.469300000000000000e+04
-1.911700000000000000e+04,-1.644500000000000000e+04,-2.221900000000000000e+04,-3.050800000000000000e+04,-1.718700000000000000e+04,-6.099000000000000000e+03,5.697000000000000000e+03,-2.366100000000000000e+04
6.800000000000000000e+02,-1.789800000000000000e+04,-2.517200000000000000e+04,-1.698600000000000000e+04,-2.564000000000000000e+03,-1.095600000000000000e+04,-2.448000000000000000e+04,-2.569200000000000000e+04
-2.470500000000000000e+04,1.148800000000000000e+04,-1.343900000000000000e+04,-2.097600000000000000e+04,-3.184700000000000000e+04,-9.455000000000000000e+03,-2.343200000000000000e+04,-6.022000000000000000e+03
-1.024600000000000000e+04,7.640000000000000000e+03,-1.772900000000000000e+04,-1.086600000000000000e+04,-3.450000000000000000e+04,-6.888000000000000000e+03,-1.232000000000000000e+04,-2.327300000000000000e+04
-1.585100000000000000e+04,-1.427000000000000000e+04,-2.239000000000000000e+03,-1.594500000000000000e+04,-9.447000000000000000e+03,-2.264500000000000000e+04,1.067200000000000000e+04,-1.126500000000000000e+04
-3.446700000000000000e+04,-1.341500000000000000e+04,-2.525000000000000000e+03,-2.824400000000000000e+04,-1.892700000000000000e+04,-1.307100000000000000e+04,7.534000000000000000e+03,-1.537700000000000000e+04
-1.665500000000000000e+04,1.472600000000000000e+04,-1.689500000000000000e+04,-1.570600000000000000e+04,-4.974400000000000000e+04,-1.088700000000000000e+04,-2.764800000000000000e+04,-3.538800000000000000e+04
-1.130700000000000000e+04,-1.809700000000000000e+04,8.781000000000000000e+03,-1.948000000000000000e+04,-9.154000000000000000e+03,-3.795300000000000000e+04,-2.047300000000000000e+04,-7.987000000000000000e+03
-2.351900000000000000e+04,-1.986300000000000000e+04,-1.422100000000000000e+04,-1.312800000000000000e+04,8.372000000000000000e+03,-3.124800000000000000e+04,-1.779900000000000000e+04,-2.079900000000000000e+04
-1.228200000000000000e+04,1.377000000000000000e+03,-1.176200000000000000e+04,-7.431000000000000000e+03,-5.092500000000000000e+04,-5.107000000000000000e+03,-2.406600000000000000e+04,-4.028900000000000000e+04
-3.629400000000000000e+04,-2.091400000000000000e+04,-7.800000000000000000e+01,-2.327500000000000000e+04,-3.026400000000000000e+04,-4.224300000000000000e+04,-2.701300000000000000e+04,1.267600000000000000e+04
-8.561000000000000000e+03,-1.863200000000000000e+04,-1.189800000000000000e+04,-2.697500000000000000e+04,1.478900000000000000e+04,-2.990000000000000000e+04,-2.001700000000000000e+04,-1.939900000000000000e+04
-2.975500000000000000e+04,-1.887900000000000000e+04,1.840000000000000000e+03,-2.040200000000000000e+04,-1.099700000000000000e+04,-1.216300000000000000e+04,-1.537400000000000000e+04,-4.088000000000000000e+03
-1.938400000000000000e+04,-1.824400000000000000e+04,-1.215800000000000000e+04,-2.337600000000000000e+04,-2.983400000000000000e+04,-1.236500000000000000e+04,-2.132300000000000000e+04,1.327300000000000000e+04
-1.718200000000000000e+04,-1.429800000000000000e+04,1.235000000000000000e+03,-3.116300000000000000e+04,-1.656400000000000000e+04,-2.320300000000000000e+04,-1.896200000000000000e+04,9.553000000000000000e+03
-1.824500000000000000e+04,1.576800000000000000e+04,-1.673700000000000000e+04,-1.450200000000000000e+04,-4.150700000000000000e+04,-7.622000000000000000e+03,-7.465000000000000000e+03,-3.350400000000000000e+04
-1.558700000000000000e+04,6.836000000000000000e+03,-1.367500000000000000e+04,-7.968000000000000000e+03,-2.742900000000000000e+04,-1.857200000000000000e+04,-1.995100000000000000e+04,-3.608900000000000000e+04
-2.315200000000000000e+04,-9.497000000000000000e+03,-2.098000000000000000e+04,-1.825200000000000000e+04,-2.075000000000000000e+04,-1.166200000000000000e+04,-2.943000000000000000e+03,-2.799000000000000000e+04
-1.655200000000000000e+04,-1.467300000000000000e+04,-2.523600000000000000e+04,-4.171000000000000000e+03,-3.629800000000000000e+04,1.867100000000000000e+04,-1.654000000000000000e+04,-2.333200000000000000e+04
-1.336200000000000000e+04,-9.970000000000000000e+03,-1.294700000000000000e+04,-1.929000000000000000e+03,-2.479800000000000000e+04,-1.614000000000000000e+03,-1.264700000000000000e+04,-3.974600000000000000e+04
-2.194500000000000000e+04,-2.311100000000000000e+04,-1.772900000000000000e+04,-1.827000000000000000e+04,-2.323200000000000000e+04,-1.138900000000000000e+04,2.400000000000000000e+04,-1.809900000000000000e+04
-1.241100000000000000e+04,1.970300000000000000e+04,-1.954400000000000000e+04,-1.734700000000000000e+04,-3.174300000000000000e+04,-1.662400000000000000e+04,-2.252800000000000000e+04,-3.390600000000000000e+04
-1.827100000000000000e+04,-3.921000000000000000e+03,-2.320700000000000000e+04,-1.067600000000000000e+04,-2.799900000000000000e+04,-1.239800000000000000e+04,6.960000000000000000e+03,-2.650400000000000000e+04
-2.180800000000000000e+04,-8.340000000000000000e+02,-8.860000000000000000e+03,1.081000000000000000e+04,-2.216300000000000000e+04,1.852000000000000000e+03,-1.691300000000000000e+04,-2.774800000000000000e+04
9.444000000000000000e+03,-1.473400000000000000e+04,-1.003700000000000000e+04,-2.441000000000000000e+03,-9.037000000000000000e+03,3.300000000000000000e+01,-3.460900000000000000e+04,-4.647300000000000000e+04
-2.343600000000000000e+04,-1.853100000000000000e+04,-1.629200000000000000e+04,-3.192900000000000000e+04,-2.308800000000000000e+04,-2.238000000000000000e+04,-2.132200000000000000e+04,1.884900000000000000e+04
-1.493900000000000000e+04,6.613000000000000000e+03,-1.857300000000000000e+04,-6.880000000000000000e+02,-3.541900000000000000e+04,-9.011000000000000000e+03,-2.102600000000000000e+04,-3.093100000000000000e+04
-3.198000000000000000e+04,-2.089900000000000000e+04,-1.390000000000000000e+02,-2.576800000000000000e+04,-2.415500000000000000e+04,-2.529100000000000000e+04,-2.570100000000000000e+04,1.208800000000000000e+04
-1.337600000000000000e+04,-1.436400000000000000e+04,-1.697300000000000000e+04,3.828000000000000000e+03,-8.026000000000000000e+03,-4.532000000000000000e+03,-2.146200000000000000e+04,-2.852700000000000000e+04
-2.995000000000000000e+04,-1.960000000000000000e+04,-7.417000000000000000e+03,-2.970000000000000000e+04,-2.954500000000000000e+04,-2.668600000000000000e+04,-2.191100000000000000e+04,1.071500000000000000e+04
-1.932100000000000000e+04,-1.762800000000000000e+04,-1.085300000000000000e+04,-6.702000000000000000e+03,1.459500000000000000e+04,-2.276100000000000000e+04,-2.057400000000000000e+04,-1.133000000000000000e+04
-3.463000000000000000e+04,-1.902800000000000000e+04,-5.838000000000000000e+03,-2.442200000000000000e+04,-1.953500000000000000e+04,-1.247500000000000000e+04,1.683600000000000000e+04,-2.024800000000000000e+04
-2.362100000000000000e+04,2.620000000000000000e+02,-9.926000000000000000e+03,-2.745800000000000000e+04,-2.615700000000000000e+04,-2.119100000000000000e+04,8.423000000000000000e+03,-2.483500000000000000e+04
-2.692000000000000000e+04,-1.491500000000000000e+04,-1.581600000000000000e+04,-1.095400000000000000e+04,-3.291600000000000000e+04,-1.755200000000000000e+04,9.744000000000000000e+03,-2.978200000000000000e+04
-3.201500000000000000e+04,-7.515000000000000000e+03,-1.859800000000000000e+04,-2.135800000000000000e+04,-2.895600000000000000e+04,-1.808600000000000000e+04,2.296300000000000000e+04,-3.681500000000000000e+04
-1.307500000000000000e+04,2.438700000000000000e+04,-2.577300000000000000e+04,-2.238300000000000000e+04,-3.227200000000000000e+04,-2.017800000000000000e+04,-6.281000000000000000e+03,-2.375700000000000000e+04
-6.928000000000000000e+03,-2.094600000000000000e+04,-1.731900000000000000e+04,-6.336000000000000000e+03,3.650000000000000000e+02,-4.310000000000000000e+03,-9.662000000000000000e+03,-3.450000000000000000e+04
-7.910000000000000000e+03,-2.099700000000000000e+04,-6.646000000000000000e+03,-1.679100000000000000e+04,1.289900000000000000e+04,-1.129500000000000000e+04,-2.995000000000000000e+04,-2.985300000000000000e+04
-3.524100000000000000e+04,-3.284100000000000000e+04,-3.593000000000000000e+03,-3.653500000000000000e+04,-3.315500000000000000e+04,-2.750100000000000000e+04,-1.879300000000000000e+04,1.891600000000000000e+04
1.390400000000000000e+04,-1.259200000000000000e+04,-7.017000000000000000e+03,-2.915400000000000000e+04,-1.181000000000000000e+04,-5.847000000000000000e+03,-2.667600000000000000e+04,-2.891600000000000000e+04
-2.968000000000000000e+04,1.458200000000000000e+04,-4.026000000000000000e+03,-1.298900000000000000e+04,-3.302200000000000000e+04,-2.513500000000000000e+04,-1.050400000000000000e+04,-2.747400000000000000e+04
-2.405700000000000000e+04,-1.793300000000000000e+04,-1.695500000000000000e+04,-2.733300000000000000e+04,-3.163400000000000000e+04,-2.129500000000000000e+04,-1.730700000000000000e+04,1.217800000000000000e+04
-5.173000000000000000e+03,-9.190000000000000000e+02,-1.478400000000000000e+04,-8.510000000000000000e+02,-2.385200000000000000e+04,-6.861000000000000000e+03,-2.902300000000000000e+04,-3.242200000000000000e+04
-5.920000000000000000e+03,5.789000000000000000e+03,-2.660500000000000000e+04,-1.640400000000000000e+04,-2.489300000000000000e+04,3.807000000000000000e+03,-2.827200000000000000e+04,-4.010500000000000000e+04
-3.080900000000000000e+04,-2.009800000000000000e+04,6.647000000000000000e+03,-1.850300000000000000e+04,-1.388200000000000000e+04,-2.519900000000000000e+04,-1.732400000000000000e+04,-1.447600000000000000e+04
-2.383800000000000000e+04,-1.593900000000000000e+04,-1.686100000000000000e+04,-1.238500000000000000e+04,-2.215800000000000000e+04,-4.087000000000000000e+03,4.317000000000000000e+03,-1.495800000000000000e+04
-3.376400000000000000e+04,-2.313800000000000000e+04,-1.183000000000000000e+04,-3.269500000000000000e+04,-2.894200000000000000e+04,-2.916300000000000000e+04,-2.684700000000000000e+04,1.267900000000000000e+04
-1.234800000000000000e+04,2.284000000000000000e+04,-1.510400000000000000e+04,-1.235700000000000000e+04,-4.625400000000000000e+04,-1.873100000000000000e+04,-2.753900000000000000e+04,-2.745300000000000000e+04
-1.978600000000000000e+04,7.078000000000000000e+03,-3.643600000000000000e+04,-1.384100000000000000e+04,-3.549800000000000000e+04,-1.303600000000000000e+04,-4.024000000000000000e+03,-2.792200000000000000e+04
-1.207800000000000000e+04,1.803600000000000000e+04,-2.412700000000000000e+04,-2.096900000000000000e+04,-3.505600000000000000e+04,-1.660400000000000000e+04,-2.053900000000000000e+04,-3.121600000000000000e+04
-2.153100000000000000e+04,-2.628200000000000000e+04,-1.622400000000000000e+04,-2.668000000000000000e+04,-2.592100000000000000e+04,-7.587000000000000000e+03,-1.945600000000000000e+04,1.330300000000000000e+04
-6.758000000000000000e+03,-2.668100000000000000e+04,-2.165400000000000000e+04,-2.040000000000000000e+03,-9.774000000000000000e+03,-1.690500000000000000e+04,-1.790400000000000000e+04,-3.193300000000000000e+04
-2.771200000000000000e+04,-1.683300000000000000e+04,1.190700000000000000e+04,-2.524100000000000000e+04,-1.127700000000000000e+04,-3.067400000000000000e+04,-1.816500000000000000e+04,-4.279000000000000000e+03
-9.215000000000000000e+03,-8.957000000000000000e+03,-1.684300000000000000e+04,8.810000000000000000e+03,-3.307400000000000000e+04,2.631000000000000000e+03,-2.049800000000000000e+04,-1.388700000000000000e+04
-6.061000000000000000e+03,-1.226800000000000000e+04,-1.022000000000000000e+04,-1.671400000000000000e+04,-2.206200000000000000e+04,8.390000000000000000e+02,-2.521600000000000000e+04,-2.792500000000000000e+04
-2.567400000000000000e+04,-1.399700000000000000e+04,5.571000000000000000e+03,-9.394000000000000000e+03,-2.319900000000000000e+04,-2.464500000000000000e+04,1.586600000000000000e+04,-3.251900000000000000e+04
1.237500000000000000e+04,-1.922600000000000000e+04,-1.634300000000000000e+04,-1.542000000000000000e+03,-1.498500000000000000e+04,-1.114300000000000000e+04,-2.662600000000000000e+04,-3.677600000000000000e+04
-4.797000000000000000e+03,-1.272900000000000000e+04,-2.537600000000000000e+04,-6.320000000000000000e+02,-2.262000000000000000e+04,9.066000000000000000e+03,-1.186900000000000000e+04,-2.971400000000000000e+04
-1.179400000000000000e+04,-1.188300000000000000e+04,-1.872700000000000000e+04,-1.470300000000000000e+04,-2.154200000000000000e+04,-5.468000000000000000e+03,-1.699900000000000000e+04,-3.500500000000000000e+04
-1.602400000000000000e+04,-1.818900000000000000e+04,-5.647000000000000000e+03,-8.832000000000000000e+03,-5.570000000000000000e+02,-3.819000000000000000e+04,-1.778000000000000000e+04,-6.000000000000000000e+03
-1.620300000000000000e+04,-4.363000000000000000e+03,-1.912900000000000000e+04,-1.331700000000000000e+04,-3.638300000000000000e+04,-1.426400000000000000e+04,1.908200000000000000e+04,-3.143600000000000000e+04
-2.091000000000000000e+04,-1.309800000000000000e+04,-7.181000000000000000e+03,-5.864000000000000000e+03,-2.785600000000000000e+04,-1.569000000000000000e+03,-1.501400000000000000e+04,-3.629300000000000000e+04
-1.518800000000000000e+04,-4.680000000000000000e+03,-1.964700000000000000e+04,1.877400000000000000e+04,-3.082800000000000000e+04,2.264000000000000000e+03,-1.858200000000000000e+04,-3.786500000000000000e+04
-1.990800000000000000e+04,1.452700000000000000e+04,-1.774300000000000000e+04,-1.723300000000000000e+04,-3.281300000000000000e+04,2.980000000000000000e+02,-2.071800000000000000e+04,-1.834100000000000000e+04
-1.699800000000000000e+04,-1.541200000000000000e+04,5.400000000000000000e+01,-1.907500000000000000e+04,-8.930000000000000000e+02,-2.733700000000000000e+04,-2.738900000000000000e+04,4.251000000000000000e+03
