-1.538500000000000000e+04,-1.533400000000000000e+04,-2.030300000000000000e+04,6.607000000000000000e+03,-3.353500000000000000e+04,-9.970000000000000000e+02,-2.621300000000000000e+04,-3.560100000000000000e+04
1.799000000000000000e+03,-1.394200000000000000e+04,-2.720200000000000000e+04,-9.626000000000000000e+03,-3.089900000000000000e+04,-2.027700000000000000e+04,-2.890100000000000000e+04,-3.419200000000000000e+04
-1.469900000000000000e+04,1.564700000000000000e+04,-2.617900000000000000e+04,-1.636800000000000000e+04,-4.806200000000000000e+04,-1.240000000000000000e+04,-1.293600000000000000e+04,-3.476100000000000000e+04
-9.304000000000000000e+03,-2.422800000000000000e+04,-4.014000000000000000e+03,-4.284000000000000000e+03,-5.986000000000000000e+03,-2.384700000000000000e+04,-5.309000000000000000e+03,-2.388600000000000000e+04
-1.403300000000000000e+04,-1.235000000000000000e+03,-4.552000000000000000e+03,-1.192500000000000000e+04,-3.621700000000000000e+04,-1.622000000000000000e+04,-1.694200000000000000e+04,-2.237400000000000000e+04
-1.171000000000000000e+03,6.824000000000000000e+03,-1.700000000000000000e+04,-1.239000000000000000e+04,-3.370700000000000000e+04,-1.908500000000000000e+04,-2.424800000000000000e+04,-4.016600000000000000e+04
-1.297600000000000000e+04,-1.738500000000000000e+04,-2.432000000000000000e+03,1.383900000000000000e+04,-9.379000000000000000e+03,-1.597900000000000000e+04,-1.671900000000000000e+04,-2.912300000000000000e+04
-2.532500000000000000e+04,2.216400000000000000e+04,-9.001000000000000000e+03,-7.775000000000000000e+03,-3.008900000000000000e+04,-3.038500000000000000e+04,-2.792900000000000000e+04,-3.703900000000000000e+04
-1.920100000000000000e+04,-1.385300000000000000e+04,-5.367000000000000000e+03,-3.127100000000000000e+04,-2.173900000000000000e+04,-8.761000000000000000e+03,1.422800000000000000e+04,-3.493200000000000000e+04
2.153000000000000000e+03,-1.308400000000000000e+04,-5.816000000000000000e+03,-6.582000000000000000e+03,-7.860000000000000000e+03,-1.132800000000000000e+04,-3.193200000000000000e+04,-3.890800000000000000e+04
-6.111000000000000000e+03,-1.344800000000000000e+04,-3.049800000000000000e+04,-8.866000000000000000e+03,-2.069100000000000000e+04,2.211800000000000000e+04,-1.854100000000000000e+04,-2.657600000000000000e+04
-1.547500000000000000e+04,-1.130200000000000000e+04,-1.441600000000000000e+04,-7.420000000000000000e+03,-1.001800000000000000e+04,-3.058600000000000000e+04,1.145800000000000000e+04,-2.137700000000000000e+04
-4.743600000000000000e+04,-1.378900000000000000e+04,-9.311000000000000000e+03,-1.903700000000000000e+04,-3.209800000000000000e+04,-1.436900000000000000e+04,1.892100000000000000e+04,-2.437400000000000000e+04
-4.029200000000000000e+04,-2.152200000000000000e+04,-2.697800000000000000e+04,-1.430400000000000000e+04,-3.557300000000000000e+04,1.852000000000000000e+03,7.905000000000000000e+03,-2.734100000000000000e+04
3.929000000000000000e+03,-2.802900000000000000e+04,-1.095400000000000000e+04,-2.262000000000000000e+03,-9.291000000000000000e+03,-1.537100000000000000e+04,-3.345300000000000000e+04,-4.718500000000000000e+04
-1.260700000000000000e+04,-2.399400000000000000e+04,-2.138300000000000000e+04,-1.462100000000000000e+04,1.789000000000000000e+04,-2.850100000000000000e+04,-4.154600000000000000e+04,-2.112100000000000000e+04
-1.974000000000000000e+04,-2.226900000000000000e+04,1.084700000000000000e+04,8.653000000000000000e+03,-5.900000000000000000e+02,-1.290700000000000000e+04,-3.518700000000000000e+04,-2.977200000000000000e+04
-2.981200000000000000e+04,-1.392000000000000000e+03,-1.301500000000000000e+04,-1.396000000000000000e+03,-1.688900000000000000e+04,-1.562800000000000000e+04,-2.127000000000000000e+03,-3.440600000000000000e+04
-3.307700000000000000e+04,-1.486300000000000000e+04,-1.564600000000000000e+04,-1.527600000000000000e+04,-2.906600000000000000e+04,-1.057500000000000000e+04,2.183400000000000000e+04,-2.338900000000000000e+04
-5.021000000000000000e+03,-2.817000000000000000e+04,-1.819300000000000000e+04,1.063600000000000000e+04,-8.584000000000000000e+03,-2.086300000000000000e+04,-2.544500000000000000e+04,-3.091700000000000000e+04
-3.666600000000000000e+04,-1.075800000000000000e+04,-8.847000000000000000e+03,-2.570800000000000000e+04,-3.037300000000000000e+04,-2.502100000000000000e+04,8.524000000000000000e+03,-1.926000000000000000e+04
-3.136100000000000000e+04,-1.647900000000000000e+04,-2.656400000000000000e+04,-3.109900000000000000e+04,-3.331500000000000000e+04,-2.166100000000000000e+04,2.733900000000000000e+04,-1.264100000000000000e+04
-9.808000000000000000e+03,-1.792100000000000000e+04,-2.099200000000000000e+04,5.418000000000000000e+03,-3.543900000000000000e+04,-3.609000000000000000e+03,-2.407500000000000000e+04,-4.377500000000000000e+04
-3.654000000000000000e+03,-1.901100000000000000e+04,-1.274000000000000000e+04,-2.372300000000000000e+04,-8.896000000000000000e+03,3.036000000000000000e+03,-2.070100000000000000e+04,-1.545800000000000000e+04
-2.042500000000000000e+04,1.400500000000000000e+04,-2.421900000000000000e+04,-2.936600000000000000e+04,-4.765500000000000000e+04,4.041000000000000000e+03,-2.133900000000000000e+04,-2.747000000000000000e+04
-2.413600000000000000e+04,-2.212500000000000000e+04,-1.150200000000000000e+04,-1.758200000000000000e+04,-3.037300000000000000e+04,-8.558000000000000000e+03,-7.144000000000000000e+03,-8.989000000000000000e+03
-3.602000000000000000e+04,-1.780200000000000000e+04,-6.095000000000000000e+03,-3.812000000000000000e+04,-3.791300000000000000e+04,-1.657900000000000000e+04,-2.228400000000000000e+04,1.076200000000000000e+04
-2.310300000000000000e+04,1.927000000000000000e+04,-2.103800000000000000e+04,-1.766100000000000000e+04,-2.901300000000000000e+04,-1.501200000000000000e+04,-3.343800000000000000e+04,-1.628200000000000000e+04
1.005300000000000000e+04,-2.916700000000000000e+04,-3.204800000000000000e+04,-1.027000000000000000e+03,-5.851000000000000000e+03,-4.160000000000000000e+02,-2.091400000000000000e+04,-4.441200000000000000e+04
-1.474800000000000000e+04,1.008700000000000000e+04,-1.808200000000000000e+04,-1.941400000000000000e+04,-3.500200000000000000e+04,-2.026000000000000000e+04,-2.224700000000000000e+04,-3.081800000000000000e+04
-1.369100000000000000e+04,-1.535500000000000000e+04,-1.086300000000000000e+04,-4.354000000000000000e+03,-1.359600000000000000e+04,-8.610000000000000000e+03,-3.001000000000000000e+03,-3.347300000000000000e+04
-3.938100000000000000e+04,-3.037500000000000000e+04,-2.170500000000000000e+04,-5.456700000000000000e+04,-4.055000000000000000e+04,-3.533500000000000000e+04,-3.317600000000000000e+04,2.330600000000000000e+04
-2.548800000000000000e+04,-7.485000000000000000e+03,-1.217100000000000000e+04,-1.029100000000000000e+04,-2.516200000000000000e+04,-2.591800000000000000e+04,8.735000000000000000e+03,-1.818600000000000000e+04
-1.128400000000000000e+04,-1.411900000000000000e+04,-2.576600000000000000e+04,-6.301000000000000000e+03,-3.104200000000000000e+04,7.859000000000000000e+03,-1.101100000000000000e+04,-2.711500000000000000e+04
-2.970100000000000000e+04,-1.493000000000000000e+04,-1.259800000000000000e+04,-1.292800000000000000e+04,-2.068700000000000000e+04,-1.126900000000000000e+04,1.504800000000000000e+04,-1.340100000000000000e+04
-1.939900000000000000e+04,-2.095200000000000000e+04,-1.931700000000000000e+04,-1.149000000000000000e+03,-3.523000000000000000e+03,-1.303400000000000000e+04,-6.653000000000000000e+03,-3.312800000000000000e+04
-2.682000000000000000e+03,-6.056000000000000000e+03,-2.842000000000000000e+04,7.640000000000000000e+02,-3.673000000000000000e+04,-3.640000000000000000e+02,-3.070300000000000000e+04,-2.809700000000000000e+04
-5.526000000000000000e+03,-1.491800000000000000e+04,-2.324900000000000000e+04,1.329700000000000000e+04,-2.989500000000000000e+04,-6.338000000000000000e+03,-2.873100000000000000e+04,-4.363900000000000000e+04
-2.647400000000000000e+04,1.907400000000000000e+04,-1.998200000000000000e+04,-2.828000000000000000e+04,-4.339900000000000000e+04,-2.442500000000000000e+04,-1.815100000000000000e+04,-2.609900000000000000e+04
-1.631500000000000000e+04,-3.148000000000000000e+03,-2.212500000000000000e+04,-3.409700000000000000e+04,-2.899700000000000000e+04,-1.801700000000000000e+04,7.564000000000000000e+03,-2.781300000000000000e+04
-7.560000000000000000e+03,2.743600000000000000e+04,-2.571400000000000000e+04,-2.027600000000000000e+04,-4.345000000000000000e+04,-7.662000000000000000e+03,-3.096000000000000000e+04,-4.040600000000000000e+04
-2.847000000000000000e+04,-2.027400000000000000e+04,-4.356000000000000000e+03,-2.109500000000000000e+04,-1.018900000000000000e+04,-3.998900000000000000e+04,-2.200600000000000000e+04,1.403900000000000000e+04
-2.213400000000000000e+04,-9.801000000000000000e+03,-1.814600000000000000e+04,-4.343400000000000000e+04,-2.239100000000000000e+04,-2.440800000000000000e+04,-2.762500000000000000e+04,1.292500000000000000e+04
-1.738400000000000000e+04,-1.295400000000000000e+04,-2.577200000000000000e+04,-3.299900000000000000e+04,-1.486000000000000000e+03,-2.373900000000000000e+04,-2.391100000000000000e+04,1.968000000000000000e+04
-1.181800000000000000e+04,-1.786000000000000000e+04,-1.769700000000000000e+04,1.858000000000000000e+03,-1.378800000000000000e+04,-2.013000000000000000e+03,-1.078400000000000000e+04,-3.663100000000000000e+04
-2.473700000000000000e+04,-1.244600000000000000e+04,-1.749300000000000000e+04,9.109000000000000000e+03,-4.205900000000000000e+04,-1.587900000000000000e+04,-1.787700000000000000e+04,-5.405000000000000000e+04
1.428200000000000000e+04,-2.201700000000000000e+04,-2.088000000000000000e+04,-1.337300000000000000e+04,-6.378000000000000000e+03,-1.405000000000000000e+03,-1.914000000000000000e+04,-4.736700000000000000e+04
-2.349700000000000000e+04,1.829500000000000000e+04,-1.344500000000000000e+04,-2.132900000000000000e+04,-3.881400000000000000e+04,-3.372000000000000000e+04,-2.575400000000000000e+04,-4.673000000000000000e+04
-2.086400000000000000e+04,-1.430200000000000000e+04,-1.389400000000000000e+04,5.771000000000000000e+03,-1.787600000000000000e+04,-1.111200000000000000e+04,-2.102900000000000000e+04,-3.355300000000000000e+04
-1.866400000000000000e+04,2.833400000000000000e+04,-2.003500000000000000e+04,-3.986200000000000000e+04,-4.323800000000000000e+04,-2.174300000000000000e+04,-1.514600000000000000e+04,-3.867200000000000000e+04
1.020700000000000000e+04,-2.131100000000000000e+04,-2.101500000000000000e+04,-1.044100000000000000e+04,-9.087000000000000000e+03,-1.563900000000000000e+04,-3.361900000000000000e+04,-4.729600000000000000e+04
-3.271800000000000000e+04,2.260600000000000000e+04,-2.626700000000000000e+04,-3.096300000000000000e+04,-6.116500000000000000e+04,-1.167000000000000000e+04,-2.524900000000000000e+04,-2.963900000000000000e+04
-2.835400000000000000e+04,-1.237000000000000000e+04,1.095700000000000000e+04,-1.960600000000000000e+04,-1.566100000000000000e+04,-2.451300000000000000e+04,-2.412800000000000000e+04,-2.130000000000000000e+03
-6.692000000000000000e+03,-1.676000000000000000e+04,-1.666900000000000000e+04,-4.950000000000000000e+03,-1.117200000000000000e+04,1.542000000000000000e+03,-3.128700000000000000e+04,-4.237800000000000000e+04
-1.863000000000000000e+04,-7.889000000000000000e+03,-1.296100000000000000e+04,7.486000000000000000e+03,-1.245400000000000000e+04,-1.917900000000000000e+04,-1.633000000000000000e+04,-1.985700000000000000e+04
-2.178800000000000000e+04,-1.127700000000000000e+04,-2.459800000000000000e+04,-7.687000000000000000e+03,-5.793000000000000000e+03,2.112000000000000000e+04,-1.090800000000000000e+04,-7.915000000000000000e+03
-4.833300000000000000e+04,-2.344500000000000000e+04,-1.375600000000000000e+04,-4.175700000000000000e+04,-3.768700000000000000e+04,-2.610900000000000000e+04,-1.464100000000000000e+04,-1.781700000000000000e+04
-1.079500000000000000e+04,1.190800000000000000e+04,-1.536300000000000000e+04,-1.911600000000000000e+04,-4.354700000000000000e+04,-5.406000000000000000e+03,-3.795000000000000000e+04,-4.133300000000000000e+04
-3.064200000000000000e+04,-8.981000000000000000e+03,-7.124000000000000000e+03,-6.719000000000000000e+03,-3.712200000000000000e+04,-9.516000000000000000e+03,-1.386000000000000000e+03,-4.322500000000000000e+04
-1.292500000000000000e+04,-2.005200000000000000e+04,-2.321800000000000000e+04,-2.134700000000000000e+04,-3.687700000000000000e+04,-4.634000000000000000e+03,-2.810000000000000000e+02,-1.640600000000000000e+04
-7.962000000000000000e+03,-2.803300000000000000e+04,-1.472000000000000000e+04,-1.789200000000000000e+04,1.670200000000000000e+04,-3.985600000000000000e+04,-3.105600000000000000e+04,-1.653000000000000000e+04
-3.064600000000000000e+04,-2.282600000000000000e+04,-2.541000000000000000e+04,2.910000000000000000e+03,-1.087100000000000000e+04,8.261000000000000000e+03,-6.360000000000000000e+03,-4.243200000000000000e+04
-3.113900000000000000e+04,-2.255100000000000000e+04,6.440000000000000000e+02,-2.661100000000000000e+04,-7.740000000000000000e+03,-1.357500000000000000e+04,-1.605400000000000000e+04,-1.302400000000000000e+04
-1.063400000000000000e+04,-1.178400000000000000e+04,-3.301000000000000000e+03,-1.370200000000000000e+04,-9.196000000000000000e+03,-2.647300000000000000e+04,-2.625500000000000000e+04,2.126000000000000000e+03
-2.147900000000000000e+04,-2.794100000000000000e+04,-1.545000000000000000e+04,-2.862500000000000000e+04,-2.230400000000000000e+04,-1.543200000000000000e+04,-2.329500000000000000e+04,7.116000000000000000e+03
1.110000000000000000e+03,-2.456700000000000000e+04,-2.192300000000000000e+04,3.187000000000000000e+03,-8.183000000000000000e+03,-5.031000000000000000e+03,-2.970300000000000000e+04,-3.524300000000000000e+04
-1.765500000000000000e+04,-2.184300000000000000e+04,-1.067200000000000000e+04,-1.131500000000000000e+04,1.367800000000000000e+04,-1.487200000000000000e+04,-3.370200000000000000e+04,-8.830000000000000000e+03
-3.378700000000000000e+04,1.293700000000000000e+04,-2.548600000000000000e+04,-2.025000000000000000e+03,-5.788000000000000000e+04,-2.544500000000000000e+04,-2.859100000000000000e+04,-4.398900000000000000e+04
-1.882700000000000000e+04,-2.067400000000000000e+04,-1.222900000000000000e+04,-2.377000000000000000e+04,-2.123000000000000000e+04,-2.150200000000000000e+04,-2.832800000000000000e+04,2.407600000000000000e+04
-3.252800000000000000e+04,-1.527400000000000000e+04,5.130000000000000000e+03,-1.846400000000000000e+04,-5.887000000000000000e+03,-3.398900000000000000e+04,-3.050600000000000000e+04,8.809000000000000000e+03
-3.116400000000000000e+04,2.520600000000000000e+04,-2.926400000000000000e+04,-1.869000000000000000e+04,-3.835900000000000000e+04,-2.661400000000000000e+04,-2.908500000000000000e+04,-4.084300000000000000e+04
-7.797000000000000000e+03,-2.063500000000000000e+04,-2.051800000000000000e+04,1.156800000000000000e+04,-1.999000000000000000e+04,-4.926000000000000000e+03,-1.010100000000000000e+04,-3.890700000000000000e+04
-2.315400000000000000e+04,-6.569000000000000000e+03,-2.175400000000000000e+04,-9.550000000000000000e+02,-2.638800000000000000e+04,-5.774000000000000000e+03,-1.570400000000000000e+04,-1.095600000000000000e+04
-1.958400000000000000e+04,-2.274300000000000000e+04,-1.493800000000000000e+04,-1.627200000000000000e+04,6.394000000000000000e+03,-2.565600000000000000e+04,-2.772900000000000000e+04,-2.433900000000000000e+04
-1.792600000000000000e+04,-2.084700000000000000e+04,-1.247700000000000000e+04,7.534000000000000000e+03,-3.298400000000000000e+04,7.910000000000000000e+02,-1.038500000000000000e+04,-3.035300000000000000e+04
-3.674800000000000000e+04,-1.471500000000000000e+04,-2.263800000000000000e+04,-1.750700000000000000e+04,-3.522200000000000000e+04,-1.874000000000000000e+04,8.527000000000000000e+03,-2.393800000000000000e+04
-1.203900000000000000e+04,1.560100000000000000e+04,-1.806200000000000000e+04,-1.191000000000000000e+04,-4.878800000000000000e+04,-2.725200000000000000e+04,-2.881300000000000000e+04,-3.935000000000000000e+04
-1.059600000000000000e+04,-1.274000000000000000e+03,-1.763700000000000000e+04,-1.503600000000000000e+04,-3.828000000000000000e+04,-9.247000000000000000e+03,-2.123600000000000000e+04,-2.032200000000000000e+04
-2.112100000000000000e+04,-1.502100000000000000e+04,-1.693200000000000000e+04,-9.281000000000000000e+03,-1.530300000000000000e+04,-1.138200000000000000e+04,4.394000000000000000e+03,-2.618000000000000000e+04
-2.891000000000000000e+04,8.656000000000000000e+03,-1.746200000000000000e+04,-2.006400000000000000e+04,-2.556800000000000000e+04,-8.055000000000000000e+03,-3.492000000000000000e+03,-2.619400000000000000e+04
-2.633000000000000000e+04,-2.104100000000000000e+04,-1.669300000000000000e+04,6.374000000000000000e+03,-4.199400000000000000e+04,4.496000000000000000e+03,-2.976300000000000000e+04,-5.844500000000000000e+04
5.758000000000000000e+03,-1.503800000000000000e+04,-8.515000000000000000e+03,-2.245400000000000000e+04,-2.221700000000000000e+04,1.251300000000000000e+04,-3.393900000000000000e+04,-4.703700000000000000e+04
-2.255600000000000000e+04,-3.850000000000000000e+03,-2.577700000000000000e+04,-1.720200000000000000e+04,-2.225700000000000000e+04,-6.937000000000000000e+03,-1.122700000000000000e+04,-5.366000000000000000e+03
-2.298000000000000000e+04,-2.774800000000000000e+04,-2.126300000000000000e+04,-1.969000000000000000e+04,-3.074400000000000000e+04,-2.714900000000000000e+04,-1.981300000000000000e+04,2.195900000000000000e+04
-2.139200000000000000e+04,-1.136300000000000000e+04,-3.134800000000000000e+04,4.159000000000000000e+03,-2.658300000000000000e+04,-6.917000000000000000e+03,-2.033000000000000000e+03,-2.741900000000000000e+04
-3.639000000000000000e+03,-8.513000000000000000e+03,-1.930000000000000000e+04,-3.551000000000000000e+03,-3.215000000000000000e+03,-1.518600000000000000e+04,-3.025000000000000000e+04,-2.844600000000000000e+04
-2.000500000000000000e+04,-3.235000000000000000e+04,-1.141300000000000000e+04,-3.520000000000000000e+04,-1.731200000000000000e+04,-2.777700000000000000e+04,-2.228100000000000000e+04,1.146700000000000000e+04
-2.251200000000000000e+04,1.606600000000000000e+04,-2.265900000000000000e+04,-2.814200000000000000e+04,-3.641400000000000000e+04,-1.491500000000000000e+04,-1.125300000000000000e+04,-3.413500000000000000e+04
1.082000000000000000e+03,-1.095100000000000000e+04,-1.981600000000000000e+04,4.992000000000000000e+03,-4.446800000000000000e+04,-1.658200000000000000e+04,-3.418700000000000000e+04,-3.883200000000000000e+04
-2.490000000000000000e+02,-1.248000000000000000e+04,8.191000000000000000e+03,7.540000000000000000e+03,-1.428300000000000000e+04,-1.924400000000000000e+04,-3.721400000000000000e+04,-4.786100000000000000e+04
-2.495700000000000000e+04,-1.664800000000000000e+04,8.310000000000000000e+02,-2.270200000000000000e+04,-2.306100000000000000e+04,-3.528800000000000000e+04,-5.429000000000000000e+03,-3.706600000000000000e+04
-2.932700000000000000e+04,-2.061600000000000000e+04,2.234000000000000000e+03,-2.301800000000000000e+04,-1.969300000000000000e+04,-3.001000000000000000e+04,-2.332200000000000000e+04,-1.070000000000000000e+02
1.768000000000000000e+03,-9.648000000000000000e+03,-1.525400000000000000e+04,-1.455900000000000000e+04,4.818000000000000000e+03,-2.035300000000000000e+04,-1.502600000000000000e+04,-2.754800000000000000e+04
-1.077000000000000000e+03,-3.140200000000000000e+04,-1.463800000000000000e+04,-2.641700000000000000e+04,1.170200000000000000e+04,-1.548500000000000000e+04,-3.159300000000000000e+04,-4.095000000000000000e+04
-2.659400000000000000e+04,-2.543000000000000000e+04,-1.558000000000000000e+04,2.227300000000000000e+04,-3.097100000000000000e+04,-1.145500000000000000e+04,-8.589000000000000000e+03,-4.050500000000000000e+04
-2.990500000000000000e+04,5.844000000000000000e+03,-7.377000000000000000e+03,-1.783600000000000000e+04,-3.033500000000000000e+04,-1.685100000000000000e+04,-1.663300000000000000e+04,-2.544400000000000000e+04
-1.857900000000000000e+04,-1.604900000000000000e+04,1.813900000000000000e+04,-2.238300000000000000e+04,-1.937200000000000000e+04,-2.710000000000000000e+04,-2.252400000000000000e+04,-1.570000000000000000e+04
-2.522800000000000000e+04,1.582000000000000000e+04,-2.644500000000000000e+04,-3.410900000000000000e+04,-3.442000000000000000e+04,-2.084000000000000000e+03,-1.899000000000000000e+04,-2.094100000000000000e+04
-1.698300000000000000e+04,-1.800900000000000000e+04,-2.005400000000000000e+04,-3.934800000000000000e+04,-1.366600000000000000e+04,-2.132100000000000000e+04,-1.558800000000000000e+04,1.661100000000000000e+04
-4.105700000000000000e+04,-2.470700000000000000e+04,-1.119700000000000000e+04,-2.659500000000000000e+04,-2.052300000000000000e+04,-3.268500000000000000e+04,-2.676100000000000000e+04,2.400300000000000000e+04
-3.101700000000000000e+04,-2.243500000000000000e+04,1.202600000000000000e+04,-2.729100000000000000e+04,-1.953300000000000000e+04,-3.154600000000000000e+04,-3.056500000000000000e+04,3.910000000000000000e+02
-3.383500000000000000e+04,-2.220000000000000000e+04,-1.566000000000000000e+04,-1.553600000000000000e+04,-1.115600000000000000e+04,1.410800000000000000e+04,-1.446200000000000000e+04,-2.093700000000000000e+04
-1.807000000000000000e+03,-2.307300000000000000e+04,-2.321200000000000000e+04,1.981000000000000000e+03,-9.508000000000000000e+03,-6.790000000000000000e+02,-3.034600000000000000e+04,-5.052200000000000000e+04
-1.767300000000000000e+04,-2.515600000000000000e+04,-1.123900000000000000e+04,-1.818000000000000000e+04,7.050000000000000000e+02,-3.299900000000000000e+04,-1.895300000000000000e+04,-1.570700000000000000e+04
-2.391600000000000000e+04,-1.407500000000000000e+04,-4.989000000000000000e+03,-2.425500000000000000e+04,-2.766100000000000000e+04,-2.205900000000000000e+04,-2.592100000000000000e+04,1.539600000000000000e+04
-2.175200000000000000e+04,-1.341500000000000000e+04,-7.632000000000000000e+03,1.221000000000000000e+03,-4.198500000000000000e+04,3.134000000000000000e+03,-2.502500000000000000e+04,-4.063700000000000000e+04
-2.523000000000000000e+04,-2.642300000000000000e+04,2.383400000000000000e+04,-1.176300000000000000e+04,1.870000000000000000e+03,-3.669400000000000000e+04,-2.604100000000000000e+04,-2.444000000000000000e+04
-2.226600000000000000e+04,-1.214400000000000000e+04,-1.417400000000000000e+04,-3.014000000000000000e+04,-2.696900000000000000e+04,-5.767000000000000000e+03,1.299000000000000000e+04,-2.433200000000000000e+04
-2.296300000000000000e+04,-1.215500000000000000e+04,1.639500000000000000e+04,-2.080000000000000000e+02,-1.049400000000000000e+04,-1.730700000000000000e+04,-3.335800000000000000e+04,-3.430900000000000000e+04
-1.529400000000000000e+04,-1.132200000000000000e+04,-2.357100000000000000e+04,1.122300000000000000e+04,-2.193400000000000000e+04,-2.417000000000000000e+03,-1.367500000000000000e+04,-2.343200000000000000e+04
-8.781000000000000000e+03,-1.463500000000000000e+04,-1.304500000000000000e+04,8.830000000000000000e+03,-4.001000000000000000e+03,-8.777000000000000000e+03,-2.152100000000000000e+04,-2.736200000000000000e+04
-3.097100000000000000e+04,-5.789000000000000000e+03,-1.389800000000000000e+04,-3.000400000000000000e+04,-2.498000000000000000e+04,-1.347900000000000000e+04,7.010000000000000000e+03,-3.747600000000000000e+04
-1.365500000000000000e+04,-1.030300000000000000e+04,-3.553000000000000000e+04,-2.218700000000000000e+04,-2.952700000000000000e+04,5.946000000000000000e+03,-9.454000000000000000e+03,-2.915800000000000000e+04
-1.019500000000000000e+04,-2.249000000000000000e+04,-1.779200000000000000e+04,-2.742000000000000000e+04,-1.040700000000000000e+04,-2.964600000000000000e+04,3.203000000000000000e+03,-1.716000000000000000e+03
-3.169600000000000000e+04,-1.321200000000000000e+04,-2.368200000000000000e+04,-1.117300000000000000e+04,-1.458000000000000000e+04,-1.129900000000000000e+04,7.082000000000000000e+03,-2.813500000000000000e+04
8.711000000000000000e+03,-2.225100000000000000e+04,-2.324800000000000000e+04,7.000000000000000000e+02,-2.932000000000000000e+04,-1.185800000000000000e+04,-2.965000000000000000e+04,-4.499100000000000000e+04
-7.822000000000000000e+03,-1.094900000000000000e+04,-1.857800000000000000e+04,-6.864000000000000000e+03,-1.818700000000000000e+04,-1.855000000000000000e+03,-2.513000000000000000e+04,-3.341700000000000000e+04
-4.113700000000000000e+04,-1.138900000000000000e+04,-1.676600000000000000e+04,-3.261000000000000000e+03,-3.861000000000000000e+04,-1.974600000000000000e+04,-3.474000000000000000e+03,-4.672600000000000000e+04
-2.141000000000000000e+03,-2.205600000000000000e+04,-1.072700000000000000e+04,-1.447000000000000000e+03,-4.973000000000000000e+03,4.909000000000000000e+03,-1.864200000000000000e+04,-4.863000000000000000e+03
-1.825600000000000000e+04,-1.817800000000000000e+04,-2.604900000000000000e+04,-9.848000000000000000e+03,-1.905900000000000000e+04,-2.544100000000000000e+04,2.143100000000000000e+04,-2.234500000000000000e+04
-3.822600000000000000e+04,-2.055200000000000000e+04,-2.765300000000000000e+04,4.705000000000000000e+03,-4.987500000000000000e+04,1.213800000000000000e+04,-1.370700000000000000e+04,-5.336900000000000000e+04
-3.159800000000000000e+04,-1.440100000000000000e+04,-1.482900000000000000e+04,-4.153400000000000000e+04,-2.457400000000000000e+04,-3.163400000000000000e+04,-2.915000000000000000e+04,1.557200000000000000e+04
-1.209100000000000000e+04,-2.769000000000000000e+04,-1.651300000000000000e+04,5.643000000000000000e+03,-8.793000000000000000e+03,-3.017000000000000000e+03,-2.380200000000000000e+04,-4.244900000000000000e+04
-1.915600000000000000e+04,1.302600000000000000e+04,-1.390900000000000000e+04,-2.459900000000000000e+04,-2.589700000000000000e+04,-2.248200000000000000e+04,-2.154400000000000000e+04,-3.077900000000000000e+04
-3.765600000000000000e+04,-3.424000000000000000e+04,-1.436000000000000000e+04,-5.081700000000000000e+04,-4.050000000000000000e+04,-1.864000000000000000e+04,-1.345300000000000000e+04,2.082100000000000000e+04
-1.291700000000000000e+04,1.061900000000000000e+04,-2.105200000000000000e+04,-2.542600000000000000e+04,-2.041600000000000000e+04,-1.791800000000000000e+04,-2.200000000000000000e+03,-3.586000000000000000e+04
-1.192300000000000000e+04,-1.719800000000000000e+04,-1.408300000000000000e+04,-2.229700000000000000e+04,1.038700000000000000e+04,-3.700000000000000000e+03,-2.676100000000000000e+04,-2.764400000000000000e+04
-3.440700000000000000e+04,-1.931800000000000000e+04,-1.168600000000000000e+04,-2.946700000000000000e+04,-3.707500000000000000e+04,-3.405000000000000000e+04,-2.530800000000000000e+04,1.678600000000000000e+04
-1.884200000000000000e+04,-1.739000000000000000e+04,1.336800000000000000e+04,-2.388600000000000000e+04,-3.302000000000000000e+03,-3.007300000000000000e+04,-2.634700000000000000e+04,-1.478100000000000000e+04
-4.489100000000000000e+04,-2.447100000000000000e+04,1.525600000000000000e+04,-4.837000000000000000e+03,-3.327800000000000000e+04,-3.379800000000000000e+04,-1.485400000000000000e+04,-1.499400000000000000e+04
-2.167000000000000000e+04,-1.507300000000000000e+04,-1.040700000000000000e+04,-2.519500000000000000e+04,7.943000000000000000e+03,-3.040100000000000000e+04,-2.789300000000000000e+04,-1.026000000000000000e+04
-3.881000000000000000e+03,-2.184100000000000000e+04,-1.805200000000000000e+04,-2.714000000000000000e+03,-8.513000000000000000e+03,1.327000000000000000e+03,-3.027300000000000000e+04,-4.926200000000000000e+04
-2.684200000000000000e+04,-2.009000000000000000e+04,-3.064700000000000000e+04,1.608000000000000000e+03,-4.064900000000000000e+04,1.345000000000000000e+04,-2.090800000000000000e+04,-2.611700000000000000e+04
-7.270000000000000000e+03,-1.471700000000000000e+04,-1.531100000000000000e+04,-9.437000000000000000e+03,-1.724700000000000000e+04,-1.478000000000000000e+04,-9.809000000000000000e+03,-1.819100000000000000e+04
-1.467300000000000000e+04,-9.486000000000000000e+03,-1.587600000000000000e+04,-1.730000000000000000e+04,-3.570400000000000000e+04,-1.004000000000000000e+04,-1.679000000000000000e+03,-5.151600000000000000e+04
-1.500900000000000000e+04,-2.935100000000000000e+04,-2.292900000000000000e+04,8.956000000000000000e+03,-1.949900000000000000e+04,1.553200000000000000e+04,-2.046800000000000000e+04,-2.878300000000000000e+04
-2.649500000000000000e+04,1.313000000000000000e+03,-2.602400000000000000e+04,-1.146900000000000000e+04,-3.984200000000000000e+04,-2.209500000000000000e+04,-4.338000000000000000e+03,-3.647100000000000000e+04
-1.599300000000000000e+04,-2.514100000000000000e+04,-8.338000000000000000e+03,-3.019400000000000000e+04,1.700200000000000000e+04,-2.611700000000000000e+04,-3.748300000000000000e+04,-2.804700000000000000e+04
-2.335200000000000000e+04,1.071200000000000000e+04,-1.836100000000000000e+04,-7.815000000000000000e+03,-4.110400000000000000e+04,-1.455500000000000000e+04,-2.284500000000000000e+04,-4.003300000000000000e+04
-2.993100000000000000e+04,-1.190800000000000000e+04,6.833000000000000000e+03,-1.206100000000000000e+04,-2.404700000000000000e+04,-2.412600000000000000e+04,-1.419500000000000000e+04,-1.076300000000000000e+04
-2.684100000000000000e+04,1.454800000000000000e+04,-2.713100000000000000e+04,-2.008000000000000000e+03,-4.609600000000000000e+04,-1.917500000000000000e+04,-1.803300000000000000e+04,-3.982000000000000000e+04
-2.514300000000000000e+04,-3.952000000000000000e+03,-2.070500000000000000e+04,-2.193900000000000000e+04,-2.631900000000000000e+04,-1.390700000000000000e+04,-2.580000000000000000e+02,-2.199900000000000000e+04
-3.441400000000000000e+04,-1.917900000000000000e+04,1.002000000000000000e+03,-1.899900000000000000e+04,-2.298500000000000000e+04,-2.286100000000000000e+04,-3.400000000000000000e+01,-2.103700000000000000e+04
-3.092800000000000000e+04,-1.631500000000000000e+04,-1.262900000000000000e+04,-1.519000000000000000e+04,-3.199400000000000000e+04,-1.619800000000000000e+04,1.732500000000000000e+04,-2.128600000000000000e+04
-1.535200000000000000e+04,1.204900000000000000e+04,-3.028600000000000000e+04,-1.664500000000000000e+04,-3.477400000000000000e+04,-4.900000000000000000e+03,-2.462000000000000000e+04,-2.745900000000000000e+04
3.160000000000000000e+02,-1.499500000000000000e+04,-2.345300000000000000e+04,-4.405000000000000000e+03,6.833000000000000000e+03,-1.636000000000000000e+04,-1.942600000000000000e+04,-2.942500000000000000e+04
-1.508100000000000000e+04,1.296300000000000000e+04,-2.647200000000000000e+04,-1.164900000000000000e+04,-4.886200000000000000e+04,-2.052200000000000000e+04,-7.960000000000000000e+03,-3.058100000000000000e+04
-9.745000000000000000e+03,2.102100000000000000e+04,-1.869600000000000000e+04,-2.602400000000000000e+04,-4.692500000000000000e+04,-1.923000000000000000e+04,-3.432900000000000000e+04,-2.473000000000000000e+04
-9.490000000000000000e+03,-1.729600000000000000e+04,-1.271900000000000000e+04,6.700000000000000000e+01,-4.236900000000000000e+04,-4.861000000000000000e+03,-1.632800000000000000e+04,-3.862500000000000000e+04
-2.230600000000000000e+04,1.412700000000000000e+04,-2.580000000000000000e+04,-3.206100000000000000e+04,-4.913300000000000000e+04,-2.606800000000000000e+04,-2.076500000000000000e+04,-3.151300000000000000e+04
-2.540400000000000000e+04,2.886100000000000000e+04,-2.110000000000000000e+04,-2.190700000000000000e+04,-3.070500000000000000e+04,-2.344000000000000000e+04,-1.872600000000000000e+04,-3.450900000000000000e+04
-3.194200000000000000e+04,-2.538600000000000000e+04,-2.841700000000000000e+04,-2.470200000000000000e+04,-2.502900000000000000e+04,-2.208200000000000000e+04,2.858000000000000000e+04,-2.594500000000000000e+04
-4.043400000000000000e+04,-2.209500000000000000e+04,1.578400000000000000e+04,-1.452200000000000000e+04,-3.048900000000000000e+04,-2.073000000000000000e+04,-1.473200000000000000e+04,-1.920000000000000000e+04
-2.503000000000000000e+04,1.707300000000000000e+04,-2.397500000000000000e+04,-9.942000000000000000e+03,-3.937600000000000000e+04,-8.202000000000000000e+03,-1.629100000000000000e+04,-1.938800000000000000e+04
8.211000000000000000e+03,-1.464000000000000000e+04,-7.551000000000000000e+03,-1.363900000000000000e+04,-1.354500000000000000e+04,-8.133000000000000000e+03,-2.317300000000000000e+04,-3.102900000000000000e+04
-3.100700000000000000e+04,-2.563000000000000000e+03,-7.560000000000000000e+03,-4.949000000000000000e+03,-3.251800000000000000e+04,-1.323800000000000000e+04,2.560000000000000000e+03,-2.227700000000000000e+04
-3.321900000000000000e+04,1.553300000000000000e+04,-2.399100000000000000e+04,-1.672400000000000000e+04,-5.821800000000000000e+04,-1.820600000000000000e+04,-2.053900000000000000e+04,-3.565300000000000000e+04
-2.688500000000000000e+04,-1.742500000000000000e+04,-2.218900000000000000e+04,-3.767200000000000000e+04,-2.367200000000000000e+04,-2.310400000000000000e+04,-2.340600000000000000e+04,1.704400000000000000e+04
-1.199700000000000000e+04,-1.968800000000000000e+04,-1.009600000000000000e+04,-1.424700000000000000e+04,6.700000000000000000e+03,-3.121300000000000000e+04,-4.234200000000000000e+04,-3.506600000000000000e+04
-1.501800000000000000e+04,9.453000000000000000e+03,-1.338700000000000000e+04,-2.887500000000000000e+04,-3.500900000000000000e+04,-2.014200000000000000e+04,-2.285100000000000000e+04,-3.242800000000000000e+04
-1.426300000000000000e+04,1.991800000000000000e+04,-2.258000000000000000e+04,-2.081600000000000000e+04,-5.131400000000000000e+04,-2.967100000000000000e+04,-2.986400000000000000e+04,-1.841600000000000000e+04
-5.513000000000000000e+03,-1.513900000000000000e+04,-2.554100000000000000e+04,1.827000000000000000e+03,-2.295100000000000000e+04,2.939000000000000000e+03,-1.951100000000000000e+04,-2.600900000000000000e+04
-1.953000000000000000e+04,1.242200000000000000e+04,-2.461900000000000000e+04,-2.112200000000000000e+04,-3.391400000000000000e+04,-8.480000000000000000e+02,-2.270000000000000000e+04,-1.345300000000000000e+04
-1.076600000000000000e+04,-1.548000000000000000e+04,-1.428100000000000000e+04,-4.821000000000000000e+03,-3.359000000000000000e+03,-9.810000000000000000e+03,-2.108200000000000000e+04,-3.772800000000000000e+04
5.800000000000000000e+02,-2.277100000000000000e+04,-1.334500000000000000e+04,-4.378000000000000000e+03,-2.891000000000000000e+03,-1.335800000000000000e+04,-3.628500000000000000e+04,-4.919900000000000000e+04
-2.736500000000000000e+04,-1.995800000000000000e+04,-2.548600000000000000e+04,-1.870000000000000000e+04,-2.558600000000000000e+04,-3.214100000000000000e+04,-2.440800000000000000e+04,9.318000000000000000e+03
-1.410300000000000000e+04,1.848700000000000000e+04,-2.134400000000000000e+04,-1.505000000000000000e+04,-3.861200000000000000e+04,-2.508200000000000000e+04,-1.952900000000000000e+04,-6.233000000000000000e+03
-3.310200000000000000e+04,-9.047000000000000000e+03,-1.372000000000000000e+04,-2.314400000000000000e+04,-1.427100000000000000e+04,-1.407000000000000000e+04,9.080000000000000000e+03,-1.119000000000000000e+04
-4.213400000000000000e+04,-2.800100000000000000e+04,-2.797000000000000000e+04,-3.832900000000000000e+04,-2.470400000000000000e+04,-2.656400000000000000e+04,-2.907500000000000000e+04,2.071500000000000000e+04
-2.620200000000000000e+04,-1.456300000000000000e+04,-1.986900000000000000e+04,-4.476000000000000000e+03,-3.331100000000000000e+04,1.401300000000000000e+04,-2.175000000000000000e+04,-3.223300000000000000e+04
-2.124300000000000000e+04,-1.860500000000000000e+04,-1.874400000000000000e+04,3.524000000000000000e+03,-3.549700000000000000e+04,4.518000000000000000e+03,-2.383600000000000000e+04,-2.643200000000000000e+04
-2.780100000000000000e+04,-2.215900000000000000e+04,-2.979900000000000000e+04,-2.749500000000000000e+04,-2.775100000000000000e+04,-2.924500000000000000e+04,-2.080900000000000000e+04,2.053100000000000000e+04
-2.156000000000000000e+03,-9.836000000000000000e+03,-9.198000000000000000e+03,-2.953000000000000000e+03,-1.281100000000000000e+04,-2.542100000000000000e+04,-2.237100000000000000e+04,-3.835000000000000000e+04
-1.987600000000000000e+04,-5.841000000000000000e+03,-1.452500000000000000e+04,-3.578000000000000000e+03,-1.608000000000000000e+04,-1.138700000000000000e+04,-4.145000000000000000e+03,-3.378600000000000000e+04
-2.058900000000000000e+04,-5.665000000000000000e+03,-2.737200000000000000e+04,-3.500700000000000000e+04,-3.626300000000000000e+04,-8.460000000000000000e+02,-1.382400000000000000e+04,-2.859700000000000000e+04
-2.168400000000000000e+04,-1.488600000000000000e+04,-1.479600000000000000e+04,-8.714000000000000000e+03,-3.933500000000000000e+04,4.749000000000000000e+03,-1.769300000000000000e+04,-2.789700000000000000e+04
-2.935200000000000000e+04,-1.130900000000000000e+04,-2.911700000000000000e+04,-3.106500000000000000e+04,-1.667700000000000000e+04,-1.709400000000000000e+04,2.243900000000000000e+04,-2.745000000000000000e+04
-3.320400000000000000e+04,-1.378300000000000000e+04,-2.491800000000000000e+04,-2.253300000000000000e+04,-2.535500000000000000e+04,-1.940800000000000000e+04,2.497700000000000000e+04,-2.699300000000000000e+04
-1.568700000000000000e+04,-1.750000000000000000e+04,-1.663800000000000000e+04,-1.695500000000000000e+04,-1.553400000000000000e+04,-1.716000000000000000e+04,1.394500000000000000e+04,-1.698500000000000000e+04
-2.258800000000000000e+04,1.803000000000000000e+03,-1.751100000000000000e+04,-4.015000000000000000e+03,-1.362400000000000000e+04,-1.784700000000000000e+04,-9.835000000000000000e+03,-3.534500000000000000e+04
-1.877000000000000000e+04,-1.062000000000000000e+03,-1.887700000000000000e+04,-8.885000000000000000e+03,-1.993800000000000000e+04,-1.468400000000000000e+04,-1.809100000000000000e+04,-2.208200000000000000e+04
-4.366600000000000000e+04,-2.383900000000000000e+04,2.350000000000000000e+02,-4.396000000000000000e+04,-3.164900000000000000e+04,-4.642700000000000000e+04,-2.912200000000000000e+04,8.413000000000000000e+03
-3.928700000000000000e+04,-1.541900000000000000e+04,-7.464000000000000000e+03,-1.880800000000000000e+04,-2.866500000000000000e+04,-3.641200000000000000e+04,-2.276500000000000000e+04,1.187000000000000000e+04
-2.111600000000000000e+04,1.688900000000000000e+04,-2.389500000000000000e+04,-2.167500000000000000e+04,-4.679300000000000000e+04,-1.238200000000000000e+04,-3.641300000000000000e+04,-3.572900000000000000e+04
-1.873200000000000000e+04,-1.046500000000000000e+04,-2.344100000000000000e+04,-1.543600000000000000e+04,-2.457300000000000000e+04,-2.057800000000000000e+04,-1.351500000000000000e+04,1.489600000000000000e+04
-2.528300000000000000e+04,1.712800000000000000e+04,-1.609000000000000000e+04,-2.024600000000000000e+04,-5.611900000000000000e+04,-2.438200000000000000e+04,-2.706100000000000000e+04,-5.422800000000000000e+04
-6.994000000000000000e+03,-1.812900000000000000e+04,-2.211800000000000000e+04,-9.589000000000000000e+03,-1.091800000000000000e+04,1.341600000000000000e+04,-1.646900000000000000e+04,-1.782700000000000000e+04
-4.091000000000000000e+03,-1.665300000000000000e+04,-1.216800000000000000e+04,-1.558000000000000000e+03,-3.404000000000000000e+03,-1.271400000000000000e+04,-2.672500000000000000e+04,-3.687100000000000000e+04
-1.906200000000000000e+04,-1.505300000000000000e+04,1.733000000000000000e+03,-2.263300000000000000e+04,-2.331600000000000000e+04,-1.697300000000000000e+04,-1.692500000000000000e+04,-6.563000000000000000e+03
-2.773800000000000000e+04,-1.063800000000000000e+04,-2.355000000000000000e+04,1.804000000000000000e+03,-4.753400000000000000e+04,6.290000000000000000e+03,-1.764700000000000000e+04,-4.809800000000000000e+04
-4.732100000000000000e+04,-3.166400000000000000e+04,-1.434200000000000000e+04,-3.099900000000000000e+04,-4.228700000000000000e+04,-3.594600000000000000e+04,-3.224100000000000000e+04,1.746700000000000000e+04
-1.500900000000000000e+04,9.816000000000000000e+03,-1.953200000000000000e+04,-8.281000000000000000e+03,-3.757800000000000000e+04,-1.853900000000000000e+04,-1.183200000000000000e+04,-2.305900000000000000e+04
-2.126800000000000000e+04,-1.285600000000000000e+04,-7.758000000000000000e+03,-2.665200000000000000e+04,-8.870000000000000000e+03,-2.691700000000000000e+04,8.961000000000000000e+03,-2.004400000000000000e+04
-2.310200000000000000e+04,-7.964000000000000000e+03,-1.966700000000000000e+04,1.083300000000000000e+04,-2.726700000000000000e+04,-1.734200000000000000e+04,-1.578200000000000000e+04,-4.622500000000000000e+04
-2.449500000000000000e+04,-1.136500000000000000e+04,-1.737800000000000000e+04,-9.999000000000000000e+03,-3.398000000000000000e+04,-4.600000000000000000e+01,-4.590000000000000000e+03,-2.511900000000000000e+04
-2.306800000000000000e+04,-1.214000000000000000e+04,1.936300000000000000e+04,-2.625000000000000000e+03,-1.730600000000000000e+04,-3.065700000000000000e+04,-1.109700000000000000e+04,-3.021800000000000000e+04
-3.025500000000000000e+04,-2.067900000000000000e+04,-1.266500000000000000e+04,-2.298100000000000000e+04,-2.152100000000000000e+04,-2.397500000000000000e+04,-8.756000000000000000e+03,3.379000000000000000e+03
-1.986700000000000000e+04,-1.520400000000000000e+04,-2.652800000000000000e+04,7.377000000000000000e+03,-1.070000000000000000e+04,-6.818000000000000000e+03,-1.750500000000000000e+04,-2.262200000000000000e+04
-2.152800000000000000e+04,-4.332000000000000000e+03,-1.479600000000000000e+04,-7.752000000000000000e+03,-2.691300000000000000e+04,-1.641700000000000000e+04,2.350000000000000000e+03,-2.574900000000000000e+04
-2.076100000000000000e+04,-2.625400000000000000e+04,-2.390300000000000000e+04,-2.897600000000000000e+04,-2.323200000000000000e+04,-2.744100000000000000e+04,-1.453000000000000000e+04,2.722100000000000000e+04
-5.258000000000000000e+03,7.492000000000000000e+03,-9.799000000000000000e+03,-1.950900000000000000e+04,-4.958100000000000000e+04,-1.052700000000000000e+04,-3.295000000000000000e+03,-3.808000000000000000e+04
-2.328600000000000000e+04,-1.822200000000000000e+04,-1.981000000000000000e+04,-2.145400000000000000e+04,6.350000000000000000e+03,-2.096600000000000000e+04,-1.544800000000000000e+04,-1.703800000000000000e+04
-2.525200000000000000e+04,-1.788100000000000000e+04,-2.878200000000000000e+04,-3.587000000000000000e+03,-1.390000000000000000e+03,1.110800000000000000e+04,-5.563000000000000000e+03,-1.795800000000000000e+04
-2.762700000000000000e+04,-1.199700000000000000e+04,-1.419800000000000000e+04,-1.056000000000000000e+03,-2.545200000000000000e+04,-1.451000000000000000e+03,-2.198500000000000000e+04,-2.882300000000000000e+04
-1.670300000000000000e+04,-7.862000000000000000e+03,-1.781700000000000000e+04,-1.208600000000000000e+04,-2.556000000000000000e+04,-1.671300000000000000e+04,8.626000000000000000e+03,-2.132000000000000000e+04
-4.737300000000000000e+04,-1.094900000000000000e+04,-1.547800000000000000e+04,-1.134900000000000000e+04,-2.779700000000000000e+04,-2.485100000000000000e+04,2.071400000000000000e+04,-2.313000000000000000e+04
-1.642400000000000000e+04,-1.480000000000000000e+02,-1.893400000000000000e+04,-1.114700000000000000e+04,-3.010900000000000000e+04,-2.638000000000000000e+03,-8.820000000000000000e+03,-3.737400000000000000e+04
-2.090200000000000000e+04,-1.288100000000000000e+04,-7.229000000000000000e+03,-1.285300000000000000e+04,-2.778200000000000000e+04,-8.832000000000000000e+03,5.725000000000000000e+03,-2.744500000000000000e+04
-1.486000000000000000e+03,-5.041000000000000000e+03,-8.893000000000000000e+03,-1.326000000000000000e+03,-2.368300000000000000e+04,-1.493000000000000000e+04,-1.596600000000000000e+04,-2.883900000000000000e+04
-2.684200000000000000e+04,-1.403300000000000000e+04,-1.377200000000000000e+04,7.209000000000000000e+03,-2.085700000000000000e+04,-2.185200000000000000e+04,3.102000000000000000e+03,-3.837900000000000000e+04
-2.132500000000000000e+04,1.550400000000000000e+04,-2.035500000000000000e+04,-1.763300000000000000e+04,-3.520400000000000000e+04,-2.027800000000000000e+04,-1.229600000000000000e+04,-9.906000000000000000e+03
-3.453300000000000000e+04,-4.060000000000000000e+02,-2.620700000000000000e+04,-1.128600000000000000e+04,-5.036000000000000000e+04,2.939000000000000000e+03,-2.152400000000000000e+04,-3.376200000000000000e+04
-1.895700000000000000e+04,9.223000000000000000e+03,-1.981200000000000000e+04,1.927000000000000000e+03,-2.178400000000000000e+04,-1.505200000000000000e+04,-1.211300000000000000e+04,-4.725700000000000000e+04
-1.649300000000000000e+04,-1.039000000000000000e+04,-3.202500000000000000e+04,-7.130000000000000000e+02,-3.548400000000000000e+04,2.096900000000000000e+04,-1.639300000000000000e+04,-2.975900000000000000e+04
-2.676900000000000000e+04,-2.104500000000000000e+04,-1.280200000000000000e+04,-2.009300000000000000e+04,-1.786100000000000000e+04,-9.688000000000000000e+03,-1.374900000000000000e+04,-2.265900000000000000e+04
-2.393600000000000000e+04,-1.667300000000000000e+04,-9.760000000000000000e+03,-2.262200000000000000e+04,-1.980900000000000000e+04,-2.342700000000000000e+04,2.098000000000000000e+03,-1.559300000000000000e+04
1.775000000000000000e+03,-2.117500000000000000e+04,-1.369900000000000000e+04,-4.073000000000000000e+03,-1.489200000000000000e+04,-1.066000000000000000e+03,-2.631700000000000000e+04,-3.963000000000000000e+04
-3.011900000000000000e+04,-1.203100000000000000e+04,-1.591200000000000000e+04,-2.804000000000000000e+04,-1.979500000000000000e+04,2.038500000000000000e+04,-2.121100000000000000e+04,1.973000000000000000e+03
-1.083800000000000000e+04,-1.225200000000000000e+04,-7.029000000000000000e+03,-1.899300000000000000e+04,-3.418800000000000000e+04,-1.688700000000000000e+04,1.200000000000000000e+02,-3.778500000000000000e+04
-2.054700000000000000e+04,-2.455200000000000000e+04,-1.838600000000000000e+04,-6.473000000000000000e+03,-3.377900000000000000e+04,1.970200000000000000e+04,-2.269300000000000000e+04,-4.864000000000000000e+04
-1.362900000000000000e+04,-2.247400000000000000e+04,-3.274800000000000000e+04,-5.009000000000000000e+03,-1.962100000000000000e+04,-1.212500000000000000e+04,-1.298000000000000000e+04,-2.251900000000000000e+04
-3.339000000000000000e+04,2.519400000000000000e+04,-2.188100000000000000e+04,-1.827600000000000000e+04,-5.105500000000000000e+04,-1.753500000000000000e+04,-2.675300000000000000e+04,-4.276400000000000000e+04
-3.097900000000000000e+04,1.003600000000000000e+04,-2.757000000000000000e+03,-1.493800000000000000e+04,-4.355100000000000000e+04,-1.669000000000000000e+04,-2.491100000000000000e+04,-3.336000000000000000e+04
-2.457500000000000000e+04,-3.080000000000000000e+04,-1.672400000000000000e+04,-1.733800000000000000e+04,2.477200000000000000e+04,-3.834500000000000000e+04,-3.435000000000000000e+04,-1.515100000000000000e+04
-2.266900000000000000e+04,-1.398000000000000000e+04,-1.692700000000000000e+04,-2.513000000000000000e+04,-1.887700000000000000e+04,-1.959900000000000000e+04,5.760000000000000000e+02,-6.762000000000000000e+03
-4.732000000000000000e+03,-9.714000000000000000e+03,-2.733200000000000000e+04,1.001800000000000000e+04,-2.375000000000000000e+04,-1.092400000000000000e+04,-2.261600000000000000e+04,-4.019700000000000000e+04
-1.722300000000000000e+04,-1.906800000000000000e+04,-6.443000000000000000e+03,8.735000000000000000e+03,-2.939900000000000000e+04,-4.206000000000000000e+03,-1.811300000000000000e+04,-4.018300000000000000e+04
-3.675300000000000000e+04,-2.237800000000000000e+04,-6.302000000000000000e+03,-3.003900000000000000e+04,-4.109700000000000000e+04,-3.737500000000000000e+04,-2.515900000000000000e+04,5.712000000000000000e+03
-1.991500000000000000e+04,-1.761200000000000000e+04,-2.261500000000000000e+04,-3.924900000000000000e+04,-1.830000000000000000e+04,-1.861000000000000000e+04,8.205000000000000000e+03,4.166000000000000000e+03
-1.409900000000000000e+04,-1.214200000000000000e+04,-2.138600000000000000e+04,-1.438000000000000000e+03,-3.213700000000000000e+04,-9.315000000000000000e+03,-2.070000000000000000e+04,-4.259600000000000000e+04
-2.040700000000000000e+04,-1.306200000000000000e+04,-2.967200000000000000e+04,-1.977600000000000000e+04,-3.025500000000000000e+04,-8.752000000000000000e+03,7.991000000000000000e+03,-1.750800000000000000e+04
-3.027500000000000000e+04,-3.427000000000000000e+04,6.700000000000000000e+01,-2.941500000000000000e+04,-2.603900000000000000e+04,-4.610300000000000000e+04,-3.351200000000000000e+04,1.999900000000000000e+04
-4.178800000000000000e+04,2.540000000000000000e+02,-2.181400000000000000e+04,-2.620100000000000000e+04,-3.719800000000000000e+04,-2.902000000000000000e+03,-2.620000000000000000e+03,-2.641500000000000000e+04
-3.271000000000000000e+03,-1.238100000000000000e+04,-1.652200000000000000e+04,3.628000000000000000e+03,-2.486900000000000000e+04,-6.321000000000000000e+03,-2.305800000000000000e+04,-3.424600000000000000e+04
-5.214000000000000000e+03,1.869600000000000000e+04,-1.070900000000000000e+04,-3.272300000000000000e+04,-5.141400000000000000e+04,-1.404800000000000000e+04,-1.899300000000000000e+04,-3.228400000000000000e+04
-1.487300000000000000e+04,-2.834000000000000000e+04,-2.030700000000000000e+04,4.047000000000000000e+03,-3.569300000000000000e+04,3.375000000000000000e+03,-2.999300000000000000e+04,-5.209100000000000000e+04
-4.723200000000000000e+04,-3.849300000000000000e+04,-1.836900000000000000e+04,-4.452200000000000000e+04,-4.022600000000000000e+04,-3.952400000000000000e+04,-2.893700000000000000e+04,1.345200000000000000e+04
-2.433300000000000000e+04,-2.345500000000000000e+04,-1.825400000000000000e+04,-1.840100000000000000e+04,-1.910200000000000000e+04,-2.020800000000000000e+04,-2.142300000000000000e+04,2.095300000000000000e+04
2.672000000000000000e+03,-2.652900000000000000e+04,-1.220700000000000000e+04,-7.521000000000000000e+03,7.419000000000000000e+03,-2.846300000000000000e+04,-3.106500000000000000e+04,-4.059300000000000000e+04
-3.936600000000000000e+04,-1.360600000000000000e+04,-1.731400000000000000e+04,-8.757000000000000000e+03,-2.867000000000000000e+04,-1.324600000000000000e+04,6.598000000000000000e+03,-2.063000000000000000e+04
-1.213600000000000000e+04,-5.108000000000000000e+03,-1.617000000000000000e+04,-3.559000000000000000e+03,-3.383600000000000000e+04,-1.901000000000000000e+03,-3.182700000000000000e+04,-4.563400000000000000e+04
-1.901300000000000000e+04,-2.842300000000000000e+04,-1.547000000000000000e+04,-4.186000000000000000e+03,-1.284000000000000000e+04,-2.069200000000000000e+04,-1.037500000000000000e+04,-3.904300000000000000e+04
-2.833500000000000000e+04,-7.749000000000000000e+03,-6.068000000000000000e+03,-1.369600000000000000e+04,-1.484200000000000000e+04,-1.632500000000000000e+04,5.460000000000000000e+03,-4.059800000000000000e+04
-8.700000000000000000e+03,-1.474000000000000000e+04,-3.016700000000000000e+04,-4.370000000000000000e+03,-1.255400000000000000e+04,1.586800000000000000e+04,-1.535800000000000000e+04,-1.578200000000000000e+04
-1.511100000000000000e+04,1.497100000000000000e+04,-3.604700000000000000e+04,-2.458600000000000000e+04,-5.458600000000000000e+04,-1.682300000000000000e+04,-3.142000000000000000e+04,-3.387200000000000000e+04
-3.175800000000000000e+04,-1.385600000000000000e+04,3.037000000000000000e+03,-4.468000000000000000e+03,-1.085900000000000000e+04,-1.766500000000000000e+04,-4.247000000000000000e+03,-3.199600000000000000e+04
-3.156900000000000000e+04,-2.001800000000000000e+04,-1.153400000000000000e+04,-4.433000000000000000e+03,-1.108900000000000000e+04,-1.181100000000000000e+04,-2.989000000000000000e+03,-2.919000000000000000e+04
-2.501200000000000000e+04,1.525000000000000000e+03,-1.977200000000000000e+04,-8.206000000000000000e+03,-4.037200000000000000e+04,-6.230000000000000000e+03,-2.990400000000000000e+04,-4.933500000000000000e+04
-1.587500000000000000e+04,-7.056000000000000000e+03,-1.855400000000000000e+04,-2.642200000000000000e+04,-1.566000000000000000e+04,-1.189000000000000000e+04,5.451000000000000000e+03,-2.486000000000000000e+03
-9.377000000000000000e+03,-1.559800000000000000e+04,-2.073200000000000000e+04,-2.834000000000000000e+03,-9.632000000000000000e+03,1.143100000000000000e+04,-2.275500000000000000e+04,-2.624100000000000000e+04
-1.250500000000000000e+04,-1.848400000000000000e+04,-5.584000000000000000e+03,-1.072000000000000000e+03,-4.115100000000000000e+04,-6.530000000000000000e+03,-1.513100000000000000e+04,-3.215500000000000000e+04
-2.095600000000000000e+04,-1.381900000000000000e+04,-6.796000000000000000e+03,-2.629200000000000000e+04,-1.376500000000000000e+04,-2.436500000000000000e+04,-2.394000000000000000e+04,6.016000000000000000e+03
-2.156800000000000000e+04,-1.695100000000000000e+04,-1.560800000000000000e+04,-1.681700000000000000e+04,-2.944700000000000000e+04,-1.469900000000000000e+04,1.750800000000000000e+04,-2.436700000000000000e+04
-2.762200000000000000e+04,2.266000000000000000e+03,-1.838600000000000000e+04,-3.141500000000000000e+04,-2.584000000000000000e+04,-2.065200000000000000e+04,-1.845000000000000000e+04,5.478000000000000000e+03
-3.437600000000000000e+04,2.711200000000000000e+04,-1.691900000000000000e+04,-1.729000000000000000e+04,-4.484500000000000000e+04,-1.340400000000000000e+04,-1.975500000000000000e+04,-4.623200000000000000e+04
-2.890600000000000000e+04,-1.503500000000000000e+04,-1.697300000000000000e+04,1.135300000000000000e+04,-3.979200000000000000e+04,6.790000000000000000e+03,-3.055600000000000000e+04,-4.255300000000000000e+04
-2.191100000000000000e+04,-6.658000000000000000e+03,-2.581200000000000000e+04,-1.376200000000000000e+04,-3.683100000000000000e+04,-1.809200000000000000e+04,1.763200000000000000e+04,-4.183500000000000000e+04
-2.472400000000000000e+04,2.553000000000000000e+04,-2.621900000000000000e+04,-1.665900000000000000e+04,-4.538100000000000000e+04,-1.298800000000000000e+04,-2.728800000000000000e+04,-4.261400000000000000e+04
-3.498000000000000000e+04,2.179000000000000000e+04,-1.887900000000000000e+04,-2.004800000000000000e+04,-4.353100000000000000e+04,-2.090200000000000000e+04,-2.766900000000000000e+04,-3.417900000000000000e+04
-3.472400000000000000e+04,-2.498400000000000000e+04,-6.388000000000000000e+03,3.480000000000000000e+02,-8.453000000000000000e+03,-1.708800000000000000e+04,-3.056900000000000000e+04,-1.846800000000000000e+04
-2.155400000000000000e+04,-2.498100000000000000e+04,-1.578600000000000000e+04,-1.323200000000000000e+04,-2.263800000000000000e+04,-1.310000000000000000e+04,-5.458000000000000000e+03,-2.729400000000000000e+04
-2.420500000000000000e+04,-9.709000000000000000e+03,-1.398000000000000000e+04,1.682000000000000000e+03,-3.245000000000000000e+04,1.630400000000000000e+04,-2.722300000000000000e+04,-2.350100000000000000e+04
-2.839700000000000000e+04,-1.723400000000000000e+04,-3.746000000000000000e+03,-2.770300000000000000e+04,-1.529600000000000000e+04,-2.706700000000000000e+04,-2.533000000000000000e+04,1.291400000000000000e+04
-5.680000000000000000e+03,-1.807200000000000000e+04,-1.149200000000000000e+04,-7.390000000000000000e+03,8.070000000000000000e+03,-3.206600000000000000e+04,-2.973600000000000000e+04,-8.182000000000000000e+03
-1.383300000000000000e+04,-1.706200000000000000e+04,-7.472000000000000000e+03,-2.333900000000000000e+04,-1.988300000000000000e+04,-9.576000000000000000e+03,1.020300000000000000e+04,-2.522300000000000000e+04
-1.943000000000000000e+04,-2.497100000000000000e+04,-1.415900000000000000e+04,-2.105700000000000000e+04,-2.406200000000000000e+04,-1.777000000000000000e+04,-1.687900000000000000e+04,2.439100000000000000e+04
-1.656800000000000000e+04,-2.015500000000000000e+04,-2.376700000000000000e+04,1.077800000000000000e+04,-4.799100000000000000e+04,-2.787000000000000000e+03,-2.467000000000000000e+04,-2.353300000000000000e+04
-4.642500000000000000e+04,-3.220900000000000000e+04,-1.421600000000000000e+04,-4.225600000000000000e+04,-4.243500000000000000e+04,-3.193500000000000000e+04,-3.272800000000000000e+04,2.116800000000000000e+04
-4.230000000000000000e+02,-1.647400000000000000e+04,-2.231700000000000000e+04,-9.803000000000000000e+03,-3.288700000000000000e+04,2.715000000000000000e+03,-3.682400000000000000e+04,-4.426100000000000000e+04
-2.106500000000000000e+04,-2.455500000000000000e+04,-1.864100000000000000e+04,-1.196900000000000000e+04,1.729700000000000000e+04,-2.562900000000000000e+04,-2.966400000000000000e+04,-2.181200000000000000e+04
-2.648700000000000000e+04,-1.044900000000000000e+04,-1.501000000000000000e+04,-1.994300000000000000e+04,-2.090900000000000000e+04,-2.260700000000000000e+04,1.332800000000000000e+04,-2.574300000000000000e+04
-1.983100000000000000e+04,-1.210900000000000000e+04,-1.074400000000000000e+04,-1.452100000000000000e+04,2.328000000000000000e+03,-2.358700000000000000e+04,-1.306800000000000000e+04,-1.495200000000000000e+04
-2.711700000000000000e+04,-1.427400000000000000e+04,-1.453400000000000000e+04,-2.656200000000000000e+04,-9.564000000000000000e+03,-1.439100000000000000e+04,1.021000000000000000e+04,-7.227000000000000000e+03
-2.520300000000000000e+04,-1.577100000000000000e+04,-1.593900000000000000e+04,-1.291300000000000000e+04,-2.340100000000000000e+04,-1.499500000000000000e+04,1.845600000000000000e+04,-2.576500000000000000e+04
-3.040600000000000000e+04,-4.878000000000000000e+03,-2.124900000000000000e+04,-2.066200000000000000e+04,-3.488800000000000000e+04,-1.941000000000000000e+04,1.590400000000000000e+04,-4.331000000000000000e+04
-2.868500000000000000e+04,-1.453000000000000000e+04,-2.405500000000000000e+04,1.164800000000000000e+04,-3.184600000000000000e+04,2.238000000000000000e+03,-1.623500000000000000e+04,-3.733600000000000000e+04
-2.773800000000000000e+04,-1.691800000000000000e+04,-1.633000000000000000e+04,1.332000000000000000e+04,-3.444200000000000000e+04,-1.255400000000000000e+04,-1.468900000000000000e+04,-3.927300000000000000e+04
-1.418000000000000000e+03,-2.018900000000000000e+04,-1.907400000000000000e+04,-1.202300000000000000e+04,-1.469900000000000000e+04,-1.031900000000000000e+04,-2.930700000000000000e+04,-3.541400000000000000e+04
-4.882000000000000000e+03,-2.059600000000000000e+04,-1.921100000000000000e+04,1.920200000000000000e+04,-6.088000000000000000e+03,-1.844900000000000000e+04,-2.387500000000000000e+04,-3.302800000000000000e+04
-2.153100000000000000e+04,3.134000000000000000e+04,-2.311500000000000000e+04,-1.457400000000000000e+04,-5.638800000000000000e+04,-2.994100000000000000e+04,-3.024800000000000000e+04,-3.866200000000000000e+04
-1.873000000000000000e+04,-2.390600000000000000e+04,6.090000000000000000e+02,-1.377000000000000000e+04,6.509000000000000000e+03,-2.044100000000000000e+04,-2.870700000000000000e+04,-2.040800000000000000e+04
-2.136900000000000000e+04,1.189000000000000000e+03,-1.529000000000000000e+04,9.900000000000000000e+02,-3.024400000000000000e+04,-1.458500000000000000e+04,-4.801000000000000000e+03,-3.994900000000000000e+04
-1.895400000000000000e+04,-2.700500000000000000e+04,-3.150000000000000000e+02,-1.433700000000000000e+04,1.798800000000000000e+04,-3.848900000000000000e+04,-2.688100000000000000e+04,-1.188600000000000000e+04
-1.223200000000000000e+04,-7.363000000000000000e+03,-9.656000000000000000e+03,-1.078000000000000000e+03,-1.958800000000000000e+04,-5.590000000000000000e+03,-2.797500000000000000e+04,-4.112900000000000000e+04
-3.275000000000000000e+04,-6.260000000000000000e+03,-1.806200000000000000e+04,2.032000000000000000e+03,-4.619700000000000000e+04,-3.947000000000000000e+03,-3.311300000000000000e+04,-2.798100000000000000e+04
-2.708200000000000000e+04,-1.181200000000000000e+04,-2.087700000000000000e+04,-2.348100000000000000e+04,-1.885700000000000000e+04,-1.552000000000000000e+03,1.618900000000000000e+04,-1.488700000000000000e+04
9.735000000000000000e+03,-2.288600000000000000e+04,-2.456900000000000000e+04,2.745000000000000000e+03,-3.409000000000000000e+04,-2.734000000000000000e+03,-2.881800000000000000e+04,-4.544800000000000000e+04
-2.921000000000000000e+04,1.451100000000000000e+04,-2.829700000000000000e+04,-1.758000000000000000e+04,-3.717500000000000000e+04,-1.557500000000000000e+04,-9.602000000000000000e+03,-3.923500000000000000e+04
-1.145300000000000000e+04,-8.771000000000000000e+03,-2.236300000000000000e+04,1.035000000000000000e+03,-1.928400000000000000e+04,-1.690300000000000000e+04,-2.945100000000000000e+04,-2.273600000000000000e+04
-3.532000000000000000e+04,-1.735400000000000000e+04,-2.846500000000000000e+04,-1.046400000000000000e+04,-3.628800000000000000e+04,1.562100000000000000e+04,6.018000000000000000e+03,-2.479500000000000000e+04
-1.780700000000000000e+04,-1.466300000000000000e+04,-1.298000000000000000e+04,-6.300000000000000000e+03,-4.996900000000000000e+04,7.738000000000000000e+03,-2.591200000000000000e+04,-3.837500000000000000e+04
-2.675400000000000000e+04,-1.304500000000000000e+04,2.866000000000000000e+03,-3.635000000000000000e+03,-9.683000000000000000e+03,-2.417100000000000000e+04,-6.494000000000000000e+03,-3.460800000000000000e+04
-2.045400000000000000e+04,-1.788200000000000000e+04,-1.133200000000000000e+04,-1.994500000000000000e+04,2.249000000000000000e+03,-2.981400000000000000e+04,-2.037300000000000000e+04,-2.353900000000000000e+04
-9.300000000000000000e+01,-2.576300000000000000e+04,-1.213900000000000000e+04,-1.309200000000000000e+04,1.562000000000000000e+03,-2.087900000000000000e+04,-3.071900000000000000e+04,-4.401200000000000000e+04
-1.609200000000000000e+04,-1.283000000000000000e+04,-9.491000000000000000e+03,7.975000000000000000e+03,-2.608900000000000000e+04,-5.824000000000000000e+03,-1.898600000000000000e+04,-2.612800000000000000e+04
-3.764800000000000000e+04,-2.094700000000000000e+04,-1.516200000000000000e+04,-3.122100000000000000e+04,-2.909600000000000000e+04,-4.066300000000000000e+04,-3.032600000000000000e+04,1.575100000000000000e+04
-1.731400000000000000e+04,-1.141600000000000000e+04,-1.071100000000000000e+04,-1.419000000000000000e+03,-2.470100000000000000e+04,-1.253200000000000000e+04,-2.175200000000000000e+04,-4.320500000000000000e+04
-1.686600000000000000e+04,-1.816700000000000000e+04,-1.270100000000000000e+04,6.468000000000000000e+03,-5.762000000000000000e+03,-1.174000000000000000e+04,-1.678400000000000000e+04,-1.496600000000000000e+04
-4.115200000000000000e+04,1.653600000000000000e+04,-1.861700000000000000e+04,-2.435800000000000000e+04,-5.874300000000000000e+04,-1.542500000000000000e+04,-1.837100000000000000e+04,-4.589000000000000000e+04
-2.057600000000000000e+04,-2.367200000000000000e+04,-5.406000000000000000e+03,-2.487000000000000000e+04,-2.240200000000000000e+04,-2.766500000000000000e+04,6.866000000000000000e+03,-1.795900000000000000e+04
2.349000000000000000e+03,-9.106000000000000000e+03,-1.943300000000000000e+04,-2.977000000000000000e+03,-2.231100000000000000e+04,6.396000000000000000e+03,-3.069100000000000000e+04,-4.336300000000000000e+04
-1.397300000000000000e+04,-1.545600000000000000e+04,5.308000000000000000e+03,-3.179200000000000000e+04,-9.181000000000000000e+03,-2.480900000000000000e+04,-9.370000000000000000e+03,-3.915000000000000000e+03
4.366000000000000000e+03,-4.549000000000000000e+03,-1.983500000000000000e+04,-1.383900000000000000e+04,-3.113800000000000000e+04,-1.317900000000000000e+04,-1.463400000000000000e+04,-3.627300000000000000e+04
-2.819900000000000000e+04,2.284500000000000000e+04,-1.368000000000000000e+04,-1.318900000000000000e+04,-3.531600000000000000e+04,-1.944600000000000000e+04,-2.339500000000000000e+04,-3.300400000000000000e+04
-1.515600000000000000e+04,-2.560800000000000000e+04,-2.885700000000000000e+04,-2.535600000000000000e+04,-2.748200000000000000e+04,-2.710700000000000000e+04,-1.808200000000000000e+04,2.055400000000000000e+04
-2.238300000000000000e+04,2.120400000000000000e+04,-1.464600000000000000e+04,-1.635500000000000000e+04,-3.435200000000000000e+04,-3.038700000000000000e+04,-2.299800000000000000e+04,-3.485600000000000000e+04
-1.976800000000000000e+04,1.643700000000000000e+04,-2.599900000000000000e+04,-1.397400000000000000e+04,-4.190100000000000000e+04,-2.319200000000000000e+04,-3.680000000000000000e+02,-2.716800000000000000e+04
-3.955900000000000000e+04,-2.460400000000000000e+04,-2.564400000000000000e+04,-2.170500000000000000e+04,-2.582200000000000000e+04,-1.500100000000000000e+04,1.738300000000000000e+04,-1.919700000000000000e+04
1.029500000000000000e+04,-5.989000000000000000e+03,-2.436800000000000000e+04,-3.942000000000000000e+03,-1.836500000000000000e+04,-2.339500000000000000e+04,-3.016200000000000000e+04,-3.535100000000000000e+04
-1.810300000000000000e+04,-2.923900000000000000e+04,-3.771000000000000000e+03,-1.146600000000000000e+04,1.043300000000000000e+04,-3.591600000000000000e+04,-3.052100000000000000e+04,-8.351000000000000000e+03
-2.140700000000000000e+04,1.977200000000000000e+04,-8.053000000000000000e+03,-6.133000000000000000e+03,-4.390900000000000000e+04,-2.616200000000000000e+04,-1.510200000000000000e+04,-4.384100000000000000e+04
-2.666500000000000000e+04,-1.703200000000000000e+04,-8.402000000000000000e+03,-1.905000000000000000e+04,-6.011000000000000000e+03,-3.265700000000000000e+04,-2.589100000000000000e+04,-7.614000000000000000e+03
-3.157500000000000000e+04,-2.780400000000000000e+04,-1.044800000000000000e+04,-3.063300000000000000e+04,-2.424700000000000000e+04,-2.968700000000000000e+04,-2.791800000000000000e+04,1.214600000000000000e+04
-2.815500000000000000e+04,1.230000000000000000e+04,-2.197300000000000000e+04,-3.777600000000000000e+04,-4.853600000000000000e+04,-8.895000000000000000e+03,-2.124500000000000000e+04,-4.259700000000000000e+04
-1.747000000000000000e+04,-2.076200000000000000e+04,-2.720900000000000000e+04,-2.097100000000000000e+04,-2.427600000000000000e+04,-2.388900000000000000e+04,-2.776500000000000000e+04,2.459700000000000000e+04
-1.134800000000000000e+04,1.934000000000000000e+03,-2.424300000000000000e+04,-2.467900000000000000e+04,-3.631000000000000000e+04,-1.283500000000000000e+04,-3.674600000000000000e+04,-4.312100000000000000e+04
-1.293200000000000000e+04,-1.498300000000000000e+04,-2.181900000000000000e+04,-2.458600000000000000e+04,-1.642700000000000000e+04,-1.166600000000000000e+04,3.941000000000000000e+03,-9.012000000000000000e+03
-2.306600000000000000e+04,-2.253700000000000000e+04,-7.310000000000000000e+03,-1.043000000000000000e+03,2.411000000000000000e+03,-1.558400000000000000e+04,-2.542300000000000000e+04,-2.240000000000000000e+04
-1.877700000000000000e+04,-2.137600000000000000e+04,-1.848600000000000000e+04,-1.672800000000000000e+04,1.482600000000000000e+04,-2.589600000000000000e+04,-2.791900000000000000e+04,-1.587000000000000000e+04
-3.559700000000000000e+04,-2.861800000000000000e+04,6.130000000000000000e+02,-2.400600000000000000e+04,-2.123600000000000000e+04,-4.288400000000000000e+04,-2.478400000000000000e+04,2.353000000000000000e+03
-1.065400000000000000e+04,-6.492000000000000000e+03,3.620000000000000000e+02,-1.099200000000000000e+04,-8.041000000000000000e+03,-2.795400000000000000e+04,-2.019300000000000000e+04,-2.696300000000000000e+04
-2.083200000000000000e+04,-2.006400000000000000e+04,-2.040900000000000000e+04,-2.356200000000000000e+04,-2.560900000000000000e+04,-1.926800000000000000e+04,8.696000000000000000e+03,-1.834900000000000000e+04
-2.046200000000000000e+04,-9.595000000000000000e+03,-1.649200000000000000e+04,-1.632700000000000000e+04,-1.345600000000000000e+04,-3.492300000000000000e+04,1.027600000000000000e+04,-1.403400000000000000e+04
-1.473600000000000000e+04,-1.102400000000000000e+04,-2.730200000000000000e+04,5.370000000000000000e+03,-3.315400000000000000e+04,-1.182000000000000000e+03,-2.965800000000000000e+04,-5.200300000000000000e+04
-1.982500000000000000e+04,-1.093500000000000000e+04,-1.852100000000000000e+04,-2.257300000000000000e+04,-1.652000000000000000e+04,5.132000000000000000e+03,-7.527000000000000000e+03,-1.442000000000000000e+04
-3.876800000000000000e+04,-1.938800000000000000e+04,-7.630000000000000000e+02,-1.832300000000000000e+04,-3.151400000000000000e+04,-2.558600000000000000e+04,-1.306500000000000000e+04,-6.981000000000000000e+03
-3.283800000000000000e+04,-1.900100000000000000e+04,-1.264000000000000000e+04,-1.201800000000000000e+04,-2.031400000000000000e+04,-1.471600000000000000e+04,1.859800000000000000e+04,-2.243100000000000000e+04
-3.232000000000000000e+04,8.817000000000000000e+03,-2.785200000000000000e+04,-1.584200000000000000e+04,-2.790000000000000000e+04,-1.426000000000000000e+04,-7.400000000000000000e+02,-1.589800000000000000e+04
-1.394900000000000000e+04,-2.094000000000000000e+04,-1.818500000000000000e+04,-1.115000000000000000e+04,-1.193000000000000000e+04,-6.834000000000000000e+03,3.700000000000000000e+01,-1.460700000000000000e+04
-1.150400000000000000e+04,-1.340000000000000000e+04,-2.460200000000000000e+04,-2.002100000000000000e+04,-2.203600000000000000e+04,-1.740200000000000000e+04,1.265600000000000000e+04,-2.949700000000000000e+04
-7.833000000000000000e+03,-1.498100000000000000e+04,-1.411400000000000000e+04,-3.106600000000000000e+04,8.631000000000000000e+03,-2.776200000000000000e+04,-2.598600000000000000e+04,-2.395400000000000000e+04
-2.349600000000000000e+04,-1.411500000000000000e+04,1.216000000000000000e+04,-1.102000000000000000e+03,-6.643000000000000000e+03,-3.696100000000000000e+04,-1.157100000000000000e+04,-2.911400000000000000e+04
-2.572800000000000000e+04,-2.169100000000000000e+04,-6.135000000000000000e+03,-2.240400000000000000e+04,-8.662000000000000000e+03,-3.051800000000000000e+04,-1.905300000000000000e+04,3.850000000000000000e+03
-5.286900000000000000e+04,-1.927600000000000000e+04,-8.165000000000000000e+03,-6.924000000000000000e+03,-1.998800000000000000e+04,-1.418200000000000000e+04,7.620000000000000000e+03,-3.696900000000000000e+04
-2.453100000000000000e+04,-7.282000000000000000e+03,-1.383300000000000000e+04,4.511000000000000000e+03,-4.778800000000000000e+04,-6.573000000000000000e+03,-2.542600000000000000e+04,-4.431800000000000000e+04
-1.632200000000000000e+04,-1.590600000000000000e+04,-1.693700000000000000e+04,2.659000000000000000e+03,-2.253000000000000000e+04,1.209600000000000000e+04,-2.667000000000000000e+04,-2.163100000000000000e+04
-3.022200000000000000e+04,-1.462000000000000000e+04,-1.777000000000000000e+04,9.002000000000000000e+03,-3.334200000000000000e+04,-1.244000000000000000e+03,-2.547500000000000000e+04,-4.339600000000000000e+04
-1.283500000000000000e+04,-1.218100000000000000e+04,-3.022900000000000000e+04,-2.419000000000000000e+03,-2.340600000000000000e+04,2.480000000000000000e+02,-2.388600000000000000e+04,-2.435100000000000000e+04
-2.045000000000000000e+04,1.811000000000000000e+04,-1.680000000000000000e+04,-2.092800000000000000e+04,-3.470600000000000000e+04,-2.717900000000000000e+04,-3.447800000000000000e+04,-4.617300000000000000e+04
-3.964400000000000000e+04,-2.391400000000000000e+04,-6.374000000000000000e+03,-1.842900000000000000e+04,-1.774400000000000000e+04,-3.676600000000000000e+04,-2.312800000000000000e+04,-3.530000000000000000e+03
-3.710100000000000000e+04,-1.179700000000000000e+04,-2.079000000000000000e+04,-2.336000000000000000e+03,-3.708900000000000000e+04,-8.665000000000000000e+03,5.137000000000000000e+03,-3.395600000000000000e+04
-2.591400000000000000e+04,-1.092500000000000000e+04,-2.091000000000000000e+04,-5.464000000000000000e+03,-3.154500000000000000e+04,2.284400000000000000e+04,-2.712600000000000000e+04,-3.364600000000000000e+04
4.515000000000000000e+03,-8.084000000000000000e+03,-1.998900000000000000e+04,-1.323000000000000000e+04,-2.724000000000000000e+03,-1.400800000000000000e+04,-2.804400000000000000e+04,-3.371500000000000000e+04
-1.778500000000000000e+04,-1.935800000000000000e+04,-1.254000000000000000e+04,-3.161200000000000000e+04,-1.294500000000000000e+04,-2.182200000000000000e+04,9.612000000000000000e+03,-2.180600000000000000e+04
-1.657200000000000000e+04,-1.766700000000000000e+04,-2.508100000000000000e+04,-1.343200000000000000e+04,-9.356000000000000000e+03,-2.189100000000000000e+04,1.246800000000000000e+04,-1.621600000000000000e+04
-4.882000000000000000e+03,-2.071200000000000000e+04,-1.877300000000000000e+04,-2.033200000000000000e+04,1.879000000000000000e+03,-9.895000000000000000e+03,-2.087100000000000000e+04,-2.880900000000000000e+04
5.704000000000000000e+03,-1.003200000000000000e+04,-2.282300000000000000e+04,-1.245100000000000000e+04,-8.980000000000000000e+03,-1.833000000000000000e+04,-1.157000000000000000e+04,-4.154600000000000000e+04
-2.438300000000000000e+04,2.781000000000000000e+04,-2.493600000000000000e+04,-1.823800000000000000e+04,-6.228000000000000000e+04,-1.550400000000000000e+04,-2.262100000000000000e+04,-4.200900000000000000e+04
-1.376900000000000000e+04,-2.381900000000000000e+04,-1.197000000000000000e+03,-6.333000000000000000e+03,-6.445000000000000000e+03,-5.404000000000000000e+03,-2.287600000000000000e+04,-5.270200000000000000e+04
-1.598300000000000000e+04,-7.643000000000000000e+03,8.130000000000000000e+02,-2.931000000000000000e+03,-9.743000000000000000e+03,-2.916900000000000000e+04,-1.029300000000000000e+04,-9.334000000000000000e+03
-1.717800000000000000e+04,-1.010200000000000000e+04,-1.891800000000000000e+04,-2.183500000000000000e+04,-1.252700000000000000e+04,-2.052700000000000000e+04,6.865000000000000000e+03,-1.104600000000000000e+04
-2.628800000000000000e+04,-2.352100000000000000e+04,-2.226300000000000000e+04,-1.197600000000000000e+04,-2.225100000000000000e+04,-1.798300000000000000e+04,-2.259900000000000000e+04,1.978900000000000000e+04
-2.687600000000000000e+04,-1.104000000000000000e+03,-1.647500000000000000e+04,-1.961300000000000000e+04,-2.794100000000000000e+04,-3.092600000000000000e+04,-1.694900000000000000e+04,-2.034700000000000000e+04
-6.562000000000000000e+03,-1.278100000000000000e+04,-1.248100000000000000e+04,-2.146900000000000000e+04,-4.725000000000000000e+03,2.985000000000000000e+03,-3.025100000000000000e+04,-3.680300000000000000e+04
-3.834700000000000000e+04,-2.761700000000000000e+04,-1.827700000000000000e+04,-3.659600000000000000e+04,-3.727000000000000000e+04,-3.184300000000000000e+04,-2.780500000000000000e+04,1.885300000000000000e+04
-2.111400000000000000e+04,-7.600000000000000000e+01,-1.215000000000000000e+04,-1.274600000000000000e+04,-4.056200000000000000e+04,-2.369400000000000000e+04,9.876000000000000000e+03,-4.115000000000000000e+04
-2.693200000000000000e+04,1.397100000000000000e+04,-2.327900000000000000e+04,-1.968700000000000000e+04,-5.158900000000000000e+04,-1.191200000000000000e+04,-3.214500000000000000e+04,-2.287600000000000000e+04
-1.309700000000000000e+04,-2.813000000000000000e+03,-2.031400000000000000e+04,5.773000000000000000e+03,-3.815000000000000000e+04,8.230000000000000000e+03,-2.493900000000000000e+04,-2.578500000000000000e+04
-1.931300000000000000e+04,-1.655300000000000000e+04,-1.975400000000000000e+04,9.993000000000000000e+03,-3.354700000000000000e+04,1.145700000000000000e+04,-2.150100000000000000e+04,-1.918900000000000000e+04
-2.377800000000000000e+04,-1.725100000000000000e+04,-1.232200000000000000e+04,-2.649400000000000000e+04,-1.331500000000000000e+04,-1.989400000000000000e+04,-2.522400000000000000e+04,6.621000000000000000e+03
-2.620800000000000000e+04,-1.439700000000000000e+04,-1.102300000000000000e+04,-2.710600000000000000e+04,-3.102200000000000000e+04,-3.369600000000000000e+04,-2.082200000000000000e+04,-5.850000000000000000e+03
-1.222700000000000000e+04,-2.101500000000000000e+04,-1.293000000000000000e+03,-2.295400000000000000e+04,-5.889000000000000000e+03,-3.233300000000000000e+04,-2.231400000000000000e+04,-1.694000000000000000e+03
-4.468000000000000000e+03,-9.181000000000000000e+03,-1.982500000000000000e+04,-7.410000000000000000e+03,7.120000000000000000e+02,-1.652700000000000000e+04,-2.823600000000000000e+04,-2.731000000000000000e+04
-2.020800000000000000e+04,-1.763100000000000000e+04,-9.301000000000000000e+03,-2.874500000000000000e+04,-2.409200000000000000e+04,-2.017400000000000000e+04,1.542800000000000000e+04,-2.285000000000000000e+04
-2.667500000000000000e+04,6.361000000000000000e+03,-1.609200000000000000e+04,-1.567800000000000000e+04,-1.980600000000000000e+04,-1.621100000000000000e+04,-1.400200000000000000e+04,-3.077000000000000000e+04
-3.796700000000000000e+04,-2.119300000000000000e+04,-1.626600000000000000e+04,-3.728400000000000000e+04,-3.345100000000000000e+04,-3.732800000000000000e+04,-3.467200000000000000e+04,1.993100000000000000e+04
-3.724800000000000000e+04,1.738600000000000000e+04,-2.496600000000000000e+04,-2.016300000000000000e+04,-3.961100000000000000e+04,-2.418300000000000000e+04,-1.925600000000000000e+04,-3.191700000000000000e+04
-1.876400000000000000e+04,-1.700700000000000000e+04,-1.283200000000000000e+04,-9.929000000000000000e+03,-1.645400000000000000e+04,4.841000000000000000e+03,-1.582000000000000000e+04,-1.567000000000000000e+04
-1.308000000000000000e+04,-2.101900000000000000e+04,-1.864900000000000000e+04,-1.637600000000000000e+04,7.352000000000000000e+03,-6.441000000000000000e+03,-1.852700000000000000e+04,-2.180200000000000000e+04
-3.260700000000000000e+04,-1.695200000000000000e+04,-1.701200000000000000e+04,-3.443700000000000000e+04,-2.559200000000000000e+04,-3.251800000000000000e+04,-2.451500000000000000e+04,1.034800000000000000e+04
-2.929100000000000000e+04,-2.752200000000000000e+04,-3.629000000000000000e+04,-1.750000000000000000e+03,-1.750700000000000000e+04,-4.384000000000000000e+03,-1.055700000000000000e+04,-3.927600000000000000e+04
-2.962700000000000000e+04,-4.840000000000000000e+03,-2.398700000000000000e+04,2.624000000000000000e+03,-4.844200000000000000e+04,2.436000000000000000e+03,-2.487900000000000000e+04,-5.239800000000000000e+04
-9.666000000000000000e+03,-1.652100000000000000e+04,-1.127400000000000000e+04,2.201000000000000000e+03,-1.987600000000000000e+04,-2.155500000000000000e+04,-2.072400000000000000e+04,-2.458500000000000000e+04
-2.477900000000000000e+04,3.705000000000000000e+03,-2.106300000000000000e+04,-1.803000000000000000e+03,-2.969100000000000000e+04,-2.943100000000000000e+04,-5.797000000000000000e+03,-3.511000000000000000e+04
-9.799000000000000000e+03,-2.101100000000000000e+04,-1.893400000000000000e+04,-1.427200000000000000e+04,-3.314600000000000000e+04,6.138000000000000000e+03,-3.147200000000000000e+04,-4.680400000000000000e+04
-2.202400000000000000e+04,-1.797800000000000000e+04,-2.136000000000000000e+03,-3.119900000000000000e+04,-7.140000000000000000e+03,-3.634500000000000000e+04,-2.123300000000000000e+04,-1.791900000000000000e+04
-3.657500000000000000e+04,-2.873900000000000000e+04,-9.119000000000000000e+03,-3.199700000000000000e+04,-1.952400000000000000e+04,-4.352300000000000000e+04,-2.665700000000000000e+04,8.844000000000000000e+03
-1.379400000000000000e+04,-2.010200000000000000e+04,-1.864600000000000000e+04,5.523000000000000000e+03,-3.745100000000000000e+04,1.944000000000000000e+03,-2.639000000000000000e+04,-4.648900000000000000e+04
-9.047000000000000000e+03,-1.432800000000000000e+04,-1.219700000000000000e+04,4.188000000000000000e+03,-3.471700000000000000e+04,-1.794500000000000000e+04,-1.857900000000000000e+04,-3.523600000000000000e+04
-1.455400000000000000e+04,-1.014900000000000000e+04,-8.690000000000000000e+03,3.295000000000000000e+03,-3.031300000000000000e+04,2.364000000000000000e+03,-2.768000000000000000e+04,-4.754800000000000000e+04
-1.675900000000000000e+04,-5.285000000000000000e+03,-1.693400000000000000e+04,-1.984900000000000000e+04,-2.713600000000000000e+04,-2.261700000000000000e+04,2.014600000000000000e+04,-4.785000000000000000e+03
-1.971200000000000000e+04,-1.511900000000000000e+04,1.130300000000000000e+04,-1.033800000000000000e+04,-2.388200000000000000e+04,-3.206600000000000000e+04,-2.022200000000000000e+04,-3.424800000000000000e+04
-7.473000000000000000e+03,-1.218900000000000000e+04,-1.583500000000000000e+04,3.122000000000000000e+03,-3.292900000000000000e+04,-1.371900000000000000e+04,-3.735500000000000000e+04,-6.047900000000000000e+04
-1.455800000000000000e+04,7.346000000000000000e+03,-1.111100000000000000e+04,-4.370000000000000000e+03,-3.267900000000000000e+04,-2.770900000000000000e+04,-1.575300000000000000e+04,-3.276100000000000000e+04
1.409600000000000000e+04,-2.156400000000000000e+04,-1.989200000000000000e+04,-6.177000000000000000e+03,-3.521900000000000000e+04,1.479000000000000000e+03,-3.652700000000000000e+04,-5.190200000000000000e+04
-3.137000000000000000e+04,-2.043100000000000000e+04,-1.933200000000000000e+04,-2.400500000000000000e+04,-1.652900000000000000e+04,-2.617900000000000000e+04,-1.205300000000000000e+04,1.720400000000000000e+04
-1.589700000000000000e+04,-3.309500000000000000e+04,-1.323100000000000000e+04,-2.019900000000000000e+04,8.090000000000000000e+03,-2.645500000000000000e+04,-3.706600000000000000e+04,-2.524700000000000000e+04
-2.570300000000000000e+04,1.497600000000000000e+04,-6.313000000000000000e+03,-5.760000000000000000e+03,-3.781100000000000000e+04,-1.999800000000000000e+04,-1.049100000000000000e+04,-2.838200000000000000e+04
-3.512000000000000000e+04,-7.817000000000000000e+03,-2.496900000000000000e+04,-1.083800000000000000e+04,-4.078300000000000000e+04,-1.034200000000000000e+04,1.021700000000000000e+04,-3.332200000000000000e+04
-3.436400000000000000e+04,-1.081100000000000000e+04,-1.772600000000000000e+04,-1.133200000000000000e+04,-2.374000000000000000e+04,-1.616200000000000000e+04,1.274800000000000000e+04,-2.409500000000000000e+04
-1.198400000000000000e+04,-1.688600000000000000e+04,-1.706800000000000000e+04,-1.140000000000000000e+03,-8.476000000000000000e+03,-9.165000000000000000e+03,-1.960700000000000000e+04,-1.448800000000000000e+04
-7.983000000000000000e+03,1.063200000000000000e+04,-1.520700000000000000e+04,-2.387700000000000000e+04,-3.065600000000000000e+04,-1.890400000000000000e+04,-1.215600000000000000e+04,-3.781900000000000000e+04
-1.389200000000000000e+04,-2.906600000000000000e+04,-1.010300000000000000e+04,-2.459800000000000000e+04,1.131900000000000000e+04,-2.361300000000000000e+04,-3.436600000000000000e+04,-1.579100000000000000e+04
5.286000000000000000e+03,-1.512400000000000000e+04,-2.391000000000000000e+04,-2.929000000000000000e+03,-1.492100000000000000e+04,-1.898000000000000000e+04,-2.551200000000000000e+04,-3.603300000000000000e+04
-2.377200000000000000e+04,1.261000000000000000e+04,-3.068100000000000000e+04,-9.486000000000000000e+03,-2.742200000000000000e+04,-1.767300000000000000e+04,-1.413900000000000000e+04,-2.276700000000000000e+04
-2.656500000000000000e+04,-8.567000000000000000e+03,-3.818400000000000000e+04,-1.377900000000000000e+04,-2.539500000000000000e+04,1.264600000000000000e+04,3.700000000000000000e+02,-2.076300000000000000e+04
1.220700000000000000e+04,-2.017000000000000000e+04,-1.893200000000000000e+04,2.504000000000000000e+03,-3.153200000000000000e+04,-7.256000000000000000e+03,-4.273400000000000000e+04,-4.618600000000000000e+04
-2.835000000000000000e+04,-1.905000000000000000e+04,-9.446000000000000000e+03,8.292000000000000000e+03,-3.715900000000000000e+04,9.060000000000000000e+02,-1.328200000000000000e+04,-4.600400000000000000e+04
-1.182900000000000000e+04,-1.159600000000000000e+04,-7.565000000000000000e+03,-1.907800000000000000e+04,-2.719000000000000000e+03,-2.411700000000000000e+04,6.822000000000000000e+03,-1.529400000000000000e+04
-3.258500000000000000e+04,-2.333500000000000000e+04,-2.649000000000000000e+03,-2.522900000000000000e+04,-2.967400000000000000e+04,-3.879500000000000000e+04,-2.836000000000000000e+04,1.364300000000000000e+04
-1.293000000000000000e+03,-1.824700000000000000e+04,-1.528500000000000000e+04,-7.645000000000000000e+03,-2.814400000000000000e+04,1.373000000000000000e+03,-3.486500000000000000e+04,-5.612000000000000000e+04
-2.225000000000000000e+04,2.134900000000000000e+04,-2.096800000000000000e+04,-3.187300000000000000e+04,-4.383400000000000000e+04,-1.386900000000000000e+04,-1.717200000000000000e+04,-2.740200000000000000e+04
-1.810000000000000000e+04,-1.592100000000000000e+04,-4.233000000000000000e+03,-1.581200000000000000e+04,-1.441600000000000000e+04,-7.501000000000000000e+03,3.674000000000000000e+03,-2.569400000000000000e+04
-1.835900000000000000e+04,-1.583700000000000000e+04,-1.815000000000000000e+04,-1.644300000000000000e+04,-3.018200000000000000e+04,-2.091700000000000000e+04,1.372900000000000000e+04,-3.036800000000000000e+04
-3.045600000000000000e+04,-7.545000000000000000e+03,-1.836300000000000000e+04,-1.461300000000000000e+04,-1.678200000000000000e+04,-1.544200000000000000e+04,1.033800000000000000e+04,-2.293100000000000000e+04
-4.150000000000000000e+04,-2.503100000000000000e+04,-2.084700000000000000e+04,-4.365000000000000000e+03,-2.043700000000000000e+04,-8.323000000000000000e+03,1.612700000000000000e+04,-3.192900000000000000e+04
-2.697000000000000000e+04,-9.073000000000000000e+03,-3.123900000000000000e+04,-1.403300000000000000e+04,-1.721200000000000000e+04,-2.596600000000000000e+04,1.949700000000000000e+04,-2.574200000000000000e+04
2.219000000000000000e+03,7.731000000000000000e+03,-2.610900000000000000e+04,-1.638000000000000000e+03,-2.522700000000000000e+04,-1.166300000000000000e+04,-2.493700000000000000e+04,-1.468700000000000000e+04
-2.856100000000000000e+04,-1.796400000000000000e+04,1.369200000000000000e+04,-8.422000000000000000e+03,-8.270000000000000000e+02,-2.363200000000000000e+04,-2.561600000000000000e+04,-1.224400000000000000e+04
-1.945300000000000000e+04,-1.322800000000000000e+04,-2.055000000000000000e+04,-1.910400000000000000e+04,-2.261900000000000000e+04,-9.494000000000000000e+03,4.881000000000000000e+03,-1.709400000000000000e+04
-2.504200000000000000e+04,-3.060400000000000000e+04,-1.651500000000000000e+04,-2.497000000000000000e+04,-1.978600000000000000e+04,-1.861200000000000000e+04,2.802300000000000000e+04,-1.550000000000000000e+04
-2.921400000000000000e+04,-1.365900000000000000e+04,-1.227500000000000000e+04,-2.593300000000000000e+04,-1.295200000000000000e+04,-1.406300000000000000e+04,-1.040000000000000000e+03,-2.274000000000000000e+03
-1.361300000000000000e+04,-6.805000000000000000e+03,1.011000000000000000e+03,-3.453000000000000000e+03,-9.003000000000000000e+03,-3.040400000000000000e+04,-3.337400000000000000e+04,-2.991000000000000000e+04
-4.827100000000000000e+04,-2.277800000000000000e+04,-3.957000000000000000e+03,-2.981300000000000000e+04,-2.839800000000000000e+04,-3.806400000000000000e+04,-3.034500000000000000e+04,5.551000000000000000e+03
-4.430300000000000000e+04,-2.228300000000000000e+04,-4.620000000000000000e+03,-3.769000000000000000e+03,-2.327300000000000000e+04,-3.847100000000000000e+04,-1.987600000000000000e+04,-8.397000000000000000e+03
-4.190900000000000000e+04,-1.768100000000000000e+04,-9.659000000000000000e+03,-2.129500000000000000e+04,-3.097400000000000000e+04,3.604000000000000000e+03,1.073000000000000000e+03,4.025000000000000000e+03
-2.599100000000000000e+04,-3.935000000000000000e+03,-9.104000000000000000e+03,-1.619100000000000000e+04,-3.592900000000000000e+04,-1.467900000000000000e+04,-4.671000000000000000e+03,-9.625000000000000000e+03
-3.298400000000000000e+04,-1.655600000000000000e+04,-5.657000000000000000e+03,-3.225600000000000000e+04,-2.033800000000000000e+04,-4.971100000000000000e+04,-2.538500000000000000e+04,1.492300000000000000e+04
-1.542600000000000000e+04,-3.301000000000000000e+03,-2.743400000000000000e+04,-1.754600000000000000e+04,-3.294800000000000000e+04,8.193000000000000000e+03,-1.566900000000000000e+04,-1.068300000000000000e+04
2.665000000000000000e+03,-1.544900000000000000e+04,-2.382600000000000000e+04,-1.344300000000000000e+04,-1.084500000000000000e+04,-9.953000000000000000e+03,-2.230200000000000000e+04,-2.769900000000000000e+04
9.271000000000000000e+03,-1.914900000000000000e+04,-2.109800000000000000e+04,4.785000000000000000e+03,-1.276900000000000000e+04,-3.065000000000000000e+03,-2.727800000000000000e+04,-4.483900000000000000e+04
-3.298700000000000000e+04,-1.436200000000000000e+04,2.078200000000000000e+04,-1.121000000000000000e+04,-1.753900000000000000e+04,-4.118100000000000000e+04,-1.628300000000000000e+04,-1.897700000000000000e+04
-1.115000000000000000e+03,-9.900000000000000000e+01,-1.647600000000000000e+04,-8.679000000000000000e+03,-2.602200000000000000e+04,-1.182100000000000000e+04,-1.558900000000000000e+04,-2.865100000000000000e+04
-3.025000000000000000e+04,-1.350600000000000000e+04,-4.183000000000000000e+03,-1.390000000000000000e+02,-2.816100000000000000e+04,-2.844600000000000000e+04,6.995000000000000000e+03,-2.366800000000000000e+04
1.225200000000000000e+04,-2.294000000000000000e+04,-1.478000000000000000e+04,4.720000000000000000e+02,-1.602900000000000000e+04,-4.175000000000000000e+03,-3.413800000000000000e+04,-4.687500000000000000e+04
-2.671700000000000000e+04,-1.552200000000000000e+04,-1.332300000000000000e+04,-3.309400000000000000e+04,-2.609300000000000000e+04,-2.269800000000000000e+04,-1.662300000000000000e+04,2.173500000000000000e+04
-9.733000000000000000e+03,-2.399400000000000000e+04,-1.297400000000000000e+04,3.206000000000000000e+03,-3.210000000000000000e+02,-9.792000000000000000e+03,-1.169400000000000000e+04,-4.524100000000000000e+04
-3.159000000000000000e+04,1.530800000000000000e+04,-2.844700000000000000e+04,-9.830000000000000000e+02,-4.548000000000000000e+04,-1.371500000000000000e+04,-2.154500000000000000e+04,-4.155900000000000000e+04
-1.002400000000000000e+04,-1.599800000000000000e+04,-1.907900000000000000e+04,-1.948000000000000000e+03,-1.889600000000000000e+04,1.054300000000000000e+04,-2.208500000000000000e+04,-3.029000000000000000e+04
-1.180000000000000000e+04,-1.001800000000000000e+04,-2.063200000000000000e+04,5.019000000000000000e+03,-4.849700000000000000e+04,-3.974000000000000000e+03,-3.431600000000000000e+04,-4.192900000000000000e+04
-3.302400000000000000e+04,3.260000000000000000e+02,-1.610900000000000000e+04,-8.458000000000000000e+03,-2.931400000000000000e+04,-1.950900000000000000e+04,-9.264000000000000000e+03,-3.781700000000000000e+04
-8.767000000000000000e+03,-2.314100000000000000e+04,-1.814500000000000000e+04,4.444000000000000000e+03,-2.935500000000000000e+04,3.664000000000000000e+03,-1.568000000000000000e+04,-4.238500000000000000e+04
-1.932000000000000000e+04,-1.249900000000000000e+04,-1.901400000000000000e+04,-5.982000000000000000e+03,-3.880500000000000000e+04,-9.560000000000000000e+02,-3.829900000000000000e+04,-4.251900000000000000e+04
1.329000000000000000e+03,-1.971900000000000000e+04,-1.695500000000000000e+04,-4.746000000000000000e+03,-2.579000000000000000e+04,4.399000000000000000e+03,-1.983200000000000000e+04,-5.301500000000000000e+04
-2.385700000000000000e+04,2.336600000000000000e+04,-3.053300000000000000e+04,-1.604900000000000000e+04,-2.948300000000000000e+04,-2.411700000000000000e+04,-1.620500000000000000e+04,-3.517900000000000000e+04
-3.848000000000000000e+04,-2.663700000000000000e+04,-8.899000000000000000e+03,-4.407800000000000000e+04,-2.851600000000000000e+04,-3.462100000000000000e+04,-4.015500000000000000e+04,1.632200000000000000e+04
-3.238200000000000000e+04,-2.494800000000000000e+04,-1.931000000000000000e+03,-1.919700000000000000e+04,-1.771800000000000000e+04,-3.790300000000000000e+04,-1.575000000000000000e+04,-1.210800000000000000e+04
-3.450900000000000000e+04,-2.183000000000000000e+04,-2.319000000000000000e+04,-1.035600000000000000e+04,-3.047300000000000000e+04,-1.954500000000000000e+04,2.467300000000000000e+04,-1.486000000000000000e+04
-1.238300000000000000e+04,-1.841800000000000000e+04,-4.023000000000000000e+03,-9.004000000000000000e+03,-4.998000000000000000e+03,-1.573600000000000000e+04,-1.733000000000000000e+04,-2.107000000000000000e+04
-2.461200000000000000e+04,-1.251200000000000000e+04,-1.244200000000000000e+04,1.157100000000000000e+04,-3.421600000000000000e+04,1.194400000000000000e+04,-3.341300000000000000e+04,-4.435300000000000000e+04
-2.603200000000000000e+04,2.329000000000000000e+03,-1.508900000000000000e+04,-6.565000000000000000e+03,-3.982500000000000000e+04,-2.175000000000000000e+04,-1.501000000000000000e+03,-4.475000000000000000e+04
-1.029900000000000000e+04,-2.687100000000000000e+04,-3.381000000000000000e+03,-1.051900000000000000e+04,6.336000000000000000e+03,-1.347400000000000000e+04,-2.775000000000000000e+04,-3.850000000000000000e+04
-1.465700000000000000e+04,-1.185000000000000000e+04,-1.163700000000000000e+04,1.447700000000000000e+04,-2.914700000000000000e+04,-2.416900000000000000e+04,-1.098700000000000000e+04,-2.429100000000000000e+04
-1.202300000000000000e+04,-2.628400000000000000e+04,9.787000000000000000e+03,-1.247800000000000000e+04,9.500000000000000000e+02,-3.282500000000000000e+04,-3.111400000000000000e+04,-8.069000000000000000e+03
-1.417800000000000000e+04,9.522000000000000000e+03,-1.964500000000000000e+04,-6.370000000000000000e+03,-2.839400000000000000e+04,-2.658900000000000000e+04,-3.582400000000000000e+04,-2.026300000000000000e+04
-8.125000000000000000e+03,-2.160200000000000000e+04,-9.887000000000000000e+03,-1.441600000000000000e+04,1.048700000000000000e+04,-1.020600000000000000e+04,-3.146300000000000000e+04,-2.849500000000000000e+04
-1.573000000000000000e+04,-1.535200000000000000e+04,-1.084300000000000000e+04,-2.924500000000000000e+04,-8.401000000000000000e+03,-2.797600000000000000e+04,3.997000000000000000e+03,-1.693400000000000000e+04
-3.472000000000000000e+04,-3.043300000000000000e+04,-1.239100000000000000e+04,-3.584900000000000000e+04,-3.855500000000000000e+04,-3.018000000000000000e+04,-2.911900000000000000e+04,2.330000000000000000e+04
-4.328700000000000000e+04,-2.062900000000000000e+04,-3.981000000000000000e+03,-3.706700000000000000e+04,-3.038700000000000000e+04,-3.523600000000000000e+04,-3.068400000000000000e+04,1.188300000000000000e+04
-2.190200000000000000e+04,-1.865700000000000000e+04,-2.637800000000000000e+04,-1.067500000000000000e+04,-2.132200000000000000e+04,7.974000000000000000e+03,-1.225400000000000000e+04,-2.098300000000000000e+04
-1.490300000000000000e+04,1.520300000000000000e+04,-2.582400000000000000e+04,-1.671400000000000000e+04,-3.500200000000000000e+04,-1.099900000000000000e+04,-1.098300000000000000e+04,-2.584500000000000000e+04
-1.247800000000000000e+04,-8.689000000000000000e+03,-1.684400000000000000e+04,-9.426000000000000000e+03,-1.678400000000000000e+04,-4.900000000000000000e+02,-3.210400000000000000e+04,-3.536100000000000000e+04
-2.224300000000000000e+04,-1.608300000000000000e+04,-3.160000000000000000e+02,-6.070000000000000000e+03,-1.887000000000000000e+03,-4.416200000000000000e+04,-1.784000000000000000e+04,-1.816000000000000000e+04
-2.294400000000000000e+04,-1.771100000000000000e+04,-1.370700000000000000e+04,-1.021600000000000000e+04,1.393700000000000000e+04,-1.448200000000000000e+04,-2.686200000000000000e+04,-1.637000000000000000e+04
-7.797000000000000000e+03,-1.264100000000000000e+04,-1.629700000000000000e+04,-1.222000000000000000e+04,3.110000000000000000e+02,5.760000000000000000e+03,-1.714900000000000000e+04,-1.143200000000000000e+04
-2.272500000000000000e+04,-1.473800000000000000e+04,-1.799300000000000000e+04,-1.645500000000000000e+04,-3.602200000000000000e+04,-3.807000000000000000e+03,1.370200000000000000e+04,-3.305200000000000000e+04
-5.678300000000000000e+04,-3.141700000000000000e+04,-1.527700000000000000e+04,-3.228500000000000000e+04,-4.319800000000000000e+04,-4.947300000000000000e+04,-2.904800000000000000e+04,1.728300000000000000e+04
-2.666100000000000000e+04,-2.214000000000000000e+04,-6.585000000000000000e+03,-2.417800000000000000e+04,-1.360000000000000000e+03,-3.129000000000000000e+04,-1.557800000000000000e+04,2.914000000000000000e+03
-3.073400000000000000e+04,-1.731600000000000000e+04,-5.527000000000000000e+03,-2.955800000000000000e+04,-3.360800000000000000e+04,-1.304700000000000000e+04,8.936000000000000000e+03,-2.835100000000000000e+04
-2.610400000000000000e+04,-2.607700000000000000e+04,1.123100000000000000e+04,-5.713000000000000000e+03,1.811000000000000000e+03,-2.339500000000000000e+04,-1.893100000000000000e+04,-1.260700000000000000e+04
-1.095200000000000000e+04,-2.164300000000000000e+04,-1.853400000000000000e+04,-1.661600000000000000e+04,9.341000000000000000e+03,-2.368300000000000000e+04,-3.090800000000000000e+04,-2.641600000000000000e+04
-1.869300000000000000e+04,-9.902000000000000000e+03,-2.317700000000000000e+04,3.688000000000000000e+03,-5.531100000000000000e+04,-7.074000000000000000e+03,-1.640600000000000000e+04,-4.238700000000000000e+04
-1.519200000000000000e+04,-1.625400000000000000e+04,-2.887400000000000000e+04,-7.438000000000000000e+03,-3.150300000000000000e+04,1.773000000000000000e+04,-1.810000000000000000e+04,-3.473400000000000000e+04
-3.834000000000000000e+04,-2.454400000000000000e+04,-7.778000000000000000e+03,-4.948700000000000000e+04,-4.552800000000000000e+04,-3.177200000000000000e+04,-1.923500000000000000e+04,-6.086000000000000000e+03
-2.045300000000000000e+04,2.170700000000000000e+04,-2.264700000000000000e+04,-2.498300000000000000e+04,-5.334700000000000000e+04,-1.482200000000000000e+04,-2.728700000000000000e+04,-4.314400000000000000e+04
-2.679100000000000000e+04,-6.323000000000000000e+03,-1.609300000000000000e+04,-1.713400000000000000e+04,-2.601500000000000000e+04,-3.505000000000000000e+03,2.786000000000000000e+03,-2.223700000000000000e+04
-2.695300000000000000e+04,-5.650000000000000000e+03,-9.812000000000000000e+03,-2.689700000000000000e+04,-3.092900000000000000e+04,-1.041900000000000000e+04,6.000000000000000000e+02,-3.547900000000000000e+04
-4.338000000000000000e+04,-3.620100000000000000e+04,-5.446000000000000000e+03,-3.490600000000000000e+04,-3.329900000000000000e+04,-3.645400000000000000e+04,-1.744200000000000000e+04,7.863000000000000000e+03
-2.350100000000000000e+04,6.164000000000000000e+03,-1.748300000000000000e+04,-1.538700000000000000e+04,-4.298200000000000000e+04,-2.572600000000000000e+04,-6.227000000000000000e+03,-2.238000000000000000e+04
-3.966700000000000000e+04,-2.238400000000000000e+04,-8.803000000000000000e+03,-2.753100000000000000e+04,-3.322700000000000000e+04,-2.773300000000000000e+04,-2.690600000000000000e+04,1.347600000000000000e+04
-1.037500000000000000e+04,8.876000000000000000e+03,-1.792500000000000000e+04,-3.118000000000000000e+03,-3.430600000000000000e+04,-1.966400000000000000e+04,-2.634000000000000000e+03,-3.161100000000000000e+04
-9.948000000000000000e+03,-1.840400000000000000e+04,-1.490900000000000000e+04,-2.324000000000000000e+03,-3.780800000000000000e+04,9.634000000000000000e+03,-3.435800000000000000e+04,-5.344700000000000000e+04
6.857000000000000000e+03,-1.311700000000000000e+04,-1.758000000000000000e+04,-5.461000000000000000e+03,-2.029100000000000000e+04,-1.719000000000000000e+03,-3.328000000000000000e+04,-5.377800000000000000e+04
-3.870000000000000000e+04,-3.085400000000000000e+04,-8.112000000000000000e+03,-2.790400000000000000e+04,-2.201200000000000000e+04,-4.709000000000000000e+04,-2.291000000000000000e+04,5.666000000000000000e+03
-2.938400000000000000e+04,-1.722600000000000000e+04,-1.698500000000000000e+04,-3.166600000000000000e+04,-2.086800000000000000e+04,-2.282700000000000000e+04,-1.987100000000000000e+04,1.018100000000000000e+04
4.274000000000000000e+03,-2.369300000000000000e+04,-2.647500000000000000e+04,-3.047000000000000000e+03,9.594000000000000000e+03,-3.115700000000000000e+04,-3.126900000000000000e+04,-3.290100000000000000e+04
-1.147000000000000000e+04,-2.726200000000000000e+04,-1.598600000000000000e+04,8.668000000000000000e+03,-6.692000000000000000e+03,-2.076800000000000000e+04,-1.008700000000000000e+04,-3.170900000000000000e+04
-5.808000000000000000e+03,9.601000000000000000e+03,-1.916600000000000000e+04,-1.790300000000000000e+04,-3.103200000000000000e+04,-2.808700000000000000e+04,-3.609100000000000000e+04,-3.996000000000000000e+04
-4.774000000000000000e+03,-2.634900000000000000e+04,-2.001700000000000000e+04,-3.284400000000000000e+04,1.943700000000000000e+04,-2.677400000000000000e+04,-2.939700000000000000e+04,-1.247800000000000000e+04
-4.626800000000000000e+04,-2.087600000000000000e+04,-1.219400000000000000e+04,-4.042800000000000000e+04,-3.531200000000000000e+04,-3.860700000000000000e+04,-3.115000000000000000e+04,1.232000000000000000e+04
-7.502000000000000000e+03,-1.954000000000000000e+04,-2.954400000000000000e+04,-4.413000000000000000e+03,-2.109600000000000000e+04,5.147000000000000000e+03,-1.744100000000000000e+04,-2.625900000000000000e+04
-9.087000000000000000e+03,-2.546200000000000000e+04,-1.954500000000000000e+04,-6.365000000000000000e+03,-1.153200000000000000e+04,-1.220700000000000000e+04,-1.858300000000000000e+04,-4.099000000000000000e+04
-1.719200000000000000e+04,-2.842000000000000000e+04,-7.994000000000000000e+03,-1.526200000000000000e+04,6.759000000000000000e+03,-2.611300000000000000e+04,-2.469100000000000000e+04,-1.339000000000000000e+04
-1.595900000000000000e+04,-3.029800000000000000e+04,-2.093400000000000000e+04,-2.238900000000000000e+04,-2.528900000000000000e+04,-1.924500000000000000e+04,-1.779100000000000000e+04,5.365000000000000000e+03
-3.553500000000000000e+04,-2.785500000000000000e+04,-7.595000000000000000e+03,-1.278000000000000000e+04,-6.540000000000000000e+03,-3.762100000000000000e+04,-2.930100000000000000e+04,-1.063600000000000000e+04
-2.947000000000000000e+04,-2.086300000000000000e+04,-1.190700000000000000e+04,-3.055200000000000000e+04,-1.691500000000000000e+04,-2.037900000000000000e+04,-5.557000000000000000e+03,-1.043400000000000000e+04
-1.494700000000000000e+04,1.562200000000000000e+04,-1.682600000000000000e+04,-1.505300000000000000e+04,-3.559700000000000000e+04,-1.074000000000000000e+04,-3.144400000000000000e+04,-3.466100000000000000e+04
-4.628900000000000000e+04,-1.603200000000000000e+04,-1.678000000000000000e+04,8.933000000000000000e+03,-2.680200000000000000e+04,-1.878700000000000000e+04,-1.716000000000000000e+03,-4.058100000000000000e+04
-1.313800000000000000e+04,1.756600000000000000e+04,-2.046600000000000000e+04,-3.730000000000000000e+02,-4.455900000000000000e+04,-2.156300000000000000e+04,-1.967600000000000000e+04,-1.803500000000000000e+04
-2.257900000000000000e+04,3.032600000000000000e+04,-1.786800000000000000e+04,-1.910000000000000000e+04,-5.296900000000000000e+04,-2.230600000000000000e+04,-1.393000000000000000e+04,-3.444100000000000000e+04
-2.931600000000000000e+04,2.663700000000000000e+04,-2.759400000000000000e+04,-1.905500000000000000e+04,-4.798600000000000000e+04,-2.247500000000000000e+04,-3.690900000000000000e+04,-4.354600000000000000e+04
-4.902700000000000000e+04,-2.775000000000000000e+04,3.773000000000000000e+03,-3.385000000000000000e+04,-2.722000000000000000e+04,-3.255900000000000000e+04,-1.897200000000000000e+04,-2.613000000000000000e+03
-3.132500000000000000e+04,-2.225000000000000000e+03,-4.651000000000000000e+03,-4.182000000000000000e+03,-3.173300000000000000e+04,-1.091500000000000000e+04,-5.791000000000000000e+03,-3.338400000000000000e+04
-2.545100000000000000e+04,-1.773000000000000000e+04,-2.367000000000000000e+04,6.340000000000000000e+03,-2.556100000000000000e+04,2.506000000000000000e+03,-1.700600000000000000e+04,-3.962400000000000000e+04
-2.778800000000000000e+04,-2.569100000000000000e+04,-1.880000000000000000e+04,-3.093500000000000000e+04,-2.263200000000000000e+04,-1.968900000000000000e+04,3.667000000000000000e+03,-4.376000000000000000e+03
-2.392400000000000000e+04,-4.182000000000000000e+03,-1.860800000000000000e+04,1.913000000000000000e+03,-3.094000000000000000e+04,-8.710000000000000000e+02,-3.932500000000000000e+04,-2.062700000000000000e+04
-1.163000000000000000e+04,-1.865400000000000000e+04,-1.181200000000000000e+04,-6.449000000000000000e+03,2.111000000000000000e+03,-1.521900000000000000e+04,-2.056400000000000000e+04,-2.010600000000000000e+04
-1.819700000000000000e+04,-1.698100000000000000e+04,-3.635600000000000000e+04,-1.189800000000000000e+04,-1.889300000000000000e+04,1.860800000000000000e+04,-6.970000000000000000e+03,-1.960700000000000000e+04
-2.471900000000000000e+04,-2.078500000000000000e+04,-2.053000000000000000e+04,-2.134000000000000000e+04,-2.758700000000000000e+04,-4.370000000000000000e+03,1.904700000000000000e+04,-2.862100000000000000e+04
-1.996400000000000000e+04,-1.412300000000000000e+04,-8.095000000000000000e+03,-2.740400000000000000e+04,-3.111300000000000000e+04,-2.608300000000000000e+04,1.325400000000000000e+04,-9.343000000000000000e+03
-9.443000000000000000e+03,-1.994400000000000000e+04,-1.774300000000000000e+04,6.550000000000000000e+03,-1.352200000000000000e+04,-8.510000000000000000e+03,-3.345900000000000000e+04,-4.683300000000000000e+04
-3.297000000000000000e+03,-2.190800000000000000e+04,-1.449900000000000000e+04,-7.496000000000000000e+03,4.710000000000000000e+03,-1.992600000000000000e+04,-2.747700000000000000e+04,-3.116700000000000000e+04
-3.132000000000000000e+04,-2.411000000000000000e+04,-2.418000000000000000e+04,1.912300000000000000e+04,-2.971400000000000000e+04,-3.700000000000000000e+03,-1.985500000000000000e+04,-4.346300000000000000e+04
-3.769600000000000000e+04,-1.373800000000000000e+04,-1.656800000000000000e+04,-3.061800000000000000e+04,-2.383600000000000000e+04,-2.204400000000000000e+04,2.349800000000000000e+04,-2.333600000000000000e+04
-3.696500000000000000e+04,-2.670400000000000000e+04,-1.463000000000000000e+04,-3.998300000000000000e+04,-4.236300000000000000e+04,-4.034600000000000000e+04,-3.157500000000000000e+04,2.199700000000000000e+04
-2.348500000000000000e+04,1.082000000000000000e+03,-1.415600000000000000e+04,2.564000000000000000e+03,-3.062100000000000000e+04,-2.506000000000000000e+03,-5.003000000000000000e+03,-4.072000000000000000e+04
-1.912600000000000000e+04,-1.693600000000000000e+04,-7.030000000000000000e+03,-3.219000000000000000e+04,-1.760600000000000000e+04,-3.056700000000000000e+04,-2.189200000000000000e+04,1.251000000000000000e+04
-1.644400000000000000e+04,1.547200000000000000e+04,-2.117400000000000000e+04,-1.402800000000000000e+04,-3.530400000000000000e+04,-1.190300000000000000e+04,-2.243000000000000000e+04,-2.600200000000000000e+04
-2.299400000000000000e+04,-1.310600000000000000e+04,-1.640700000000000000e+04,-3.095000000000000000e+03,-4.404100000000000000e+04,1.264100000000000000e+04,-1.268100000000000000e+04,-5.108200000000000000e+04
-2.597000000000000000e+03,-7.454000000000000000e+03,-2.786500000000000000e+04,-1.463100000000000000e+04,-1.650900000000000000e+04,-4.340000000000000000e+03,-1.082700000000000000e+04,-3.854800000000000000e+04
-2.624300000000000000e+04,-1.964400000000000000e+04,8.929000000000000000e+03,-4.917000000000000000e+03,-2.627800000000000000e+04,-1.651100000000000000e+04,-7.466000000000000000e+03,-2.418800000000000000e+04
-2.004200000000000000e+04,-1.427100000000000000e+04,-1.450300000000000000e+04,-2.721000000000000000e+04,-2.114200000000000000e+04,-1.482900000000000000e+04,-1.677000000000000000e+04,1.292000000000000000e+04
5.283000000000000000e+03,-1.798900000000000000e+04,-2.044900000000000000e+04,-7.570000000000000000e+03,-1.455000000000000000e+03,-6.594000000000000000e+03,-3.123300000000000000e+04,-3.855000000000000000e+04
-2.514000000000000000e+04,-1.864100000000000000e+04,-1.603300000000000000e+04,-2.014700000000000000e+04,-2.157100000000000000e+04,-2.148800000000000000e+04,1.637900000000000000e+04,-2.861500000000000000e+04
-2.547700000000000000e+04,3.031700000000000000e+04,-3.326600000000000000e+04,-2.551300000000000000e+04,-6.513800000000000000e+04,-1.857600000000000000e+04,-3.047700000000000000e+04,-4.334800000000000000e+04
-2.231400000000000000e+04,-2.685700000000000000e+04,-4.014300000000000000e+04,-4.065000000000000000e+04,-2.550200000000000000e+04,-3.011000000000000000e+04,-1.546700000000000000e+04,2.169800000000000000e+04
-1.058600000000000000e+04,-1.644300000000000000e+04,-1.773200000000000000e+04,-1.427100000000000000e+04,-2.229300000000000000e+04,2.310000000000000000e+02,-1.712500000000000000e+04,-2.444300000000000000e+04
4.917000000000000000e+03,-2.707700000000000000e+04,-1.240700000000000000e+04,-5.449000000000000000e+03,-1.074100000000000000e+04,-4.764000000000000000e+03,-3.476900000000000000e+04,-4.442600000000000000e+04
-1.677400000000000000e+04,-7.287000000000000000e+03,-1.536400000000000000e+04,1.021400000000000000e+04,-2.820500000000000000e+04,-5.587000000000000000e+03,-2.031100000000000000e+04,-3.988700000000000000e+04
-2.452300000000000000e+04,-2.120700000000000000e+04,-2.254900000000000000e+04,6.915000000000000000e+03,-1.258400000000000000e+04,4.011000000000000000e+03,-1.652800000000000000e+04,-2.683500000000000000e+04
-2.066800000000000000e+04,8.209000000000000000e+03,-2.317900000000000000e+04,-3.381600000000000000e+04,-2.270300000000000000e+04,-2.189100000000000000e+04,-8.354000000000000000e+03,-2.932500000000000000e+04
-1.437700000000000000e+04,-1.227700000000000000e+04,-5.393000000000000000e+03,-3.003600000000000000e+04,-1.057000000000000000e+04,-1.896000000000000000e+04,-1.496900000000000000e+04,8.953000000000000000e+03
-2.038700000000000000e+04,-9.782000000000000000e+03,-1.118800000000000000e+04,-1.698300000000000000e+04,-2.033700000000000000e+04,-3.403000000000000000e+03,-1.147500000000000000e+04,-2.432000000000000000e+03
-2.886900000000000000e+04,-1.341500000000000000e+04,-1.358500000000000000e+04,-2.732800000000000000e+04,-6.243000000000000000e+03,-1.944900000000000000e+04,-2.301600000000000000e+04,-1.235000000000000000e+03
-2.264400000000000000e+04,-1.251900000000000000e+04,-2.412200000000000000e+04,-2.662400000000000000e+04,-4.257100000000000000e+04,1.371000000000000000e+03,1.046400000000000000e+04,-3.993500000000000000e+04
-1.927400000000000000e+04,-8.651000000000000000e+03,-1.319500000000000000e+04,-2.523700000000000000e+04,-2.112200000000000000e+04,-2.476200000000000000e+04,9.089000000000000000e+03,-2.704900000000000000e+04
-2.578400000000000000e+04,-2.108800000000000000e+04,3.472000000000000000e+03,-1.468100000000000000e+04,-1.730400000000000000e+04,-2.653800000000000000e+04,-1.965300000000000000e+04,3.460000000000000000e+02
-2.217300000000000000e+04,-1.846700000000000000e+04,-2.599600000000000000e+04,-2.080700000000000000e+04,-3.129800000000000000e+04,-2.934900000000000000e+04,-1.695600000000000000e+04,1.450800000000000000e+04
-2.161400000000000000e+04,-9.636000000000000000e+03,-2.002300000000000000e+04,8.990000000000000000e+02,-4.570100000000000000e+04,3.380000000000000000e+02,-3.026100000000000000e+04,-2.894100000000000000e+04
9.850000000000000000e+02,-1.490000000000000000e+04,4.335000000000000000e+03,-9.211000000000000000e+03,-2.739000000000000000e+03,-2.542000000000000000e+04,-3.624700000000000000e+04,-4.003900000000000000e+04
-1.065200000000000000e+04,-1.820300000000000000e+04,-3.235000000000000000e+04,3.209000000000000000e+03,-3.016100000000000000e+04,-4.381000000000000000e+03,-2.129400000000000000e+04,-3.462100000000000000e+04
-1.539500000000000000e+04,-1.020500000000000000e+04,-3.163700000000000000e+04,-3.234000000000000000e+03,-2.816500000000000000e+04,5.948000000000000000e+03,-1.834500000000000000e+04,-3.901400000000000000e+04
-3.191900000000000000e+04,-2.399100000000000000e+04,-7.275000000000000000e+03,-3.338100000000000000e+04,-1.878400000000000000e+04,-2.338300000000000000e+04,1.108500000000000000e+04,-2.855300000000000000e+04
-2.003500000000000000e+04,-1.320400000000000000e+04,-3.064900000000000000e+04,2.080000000000000000e+02,-1.990200000000000000e+04,6.716000000000000000e+03,-1.967000000000000000e+04,-3.034000000000000000e+04
-1.598400000000000000e+04,-1.446100000000000000e+04,-1.511300000000000000e+04,7.231000000000000000e+03,-1.157900000000000000e+04,-8.626000000000000000e+03,-2.488300000000000000e+04,-3.701700000000000000e+04
-1.744700000000000000e+04,-1.293500000000000000e+04,-5.546000000000000000e+03,-1.166900000000000000e+04,-1.833500000000000000e+04,-1.681500000000000000e+04,-9.435000000000000000e+03,-1.982100000000000000e+04
-2.761300000000000000e+04,-2.612800000000000000e+04,-1.765700000000000000e+04,-3.177000000000000000e+03,-1.828500000000000000e+04,3.482000000000000000e+03,-1.603300000000000000e+04,-3.800200000000000000e+04
-2.629300000000000000e+04,-1.454500000000000000e+04,-1.421400000000000000e+04,-7.530000000000000000e+03,-2.192700000000000000e+04,-1.190400000000000000e+04,-2.386000000000000000e+03,-2.369500000000000000e+04
-1.136800000000000000e+04,1.824400000000000000e+04,-2.257800000000000000e+04,-8.944000000000000000e+03,-4.088600000000000000e+04,-9.699000000000000000e+03,-2.554300000000000000e+04,-4.508300000000000000e+04
-1.174600000000000000e+04,-1.624400000000000000e+04,-9.769000000000000000e+03,6.170000000000000000e+03,-3.608000000000000000e+03,1.737000000000000000e+03,-1.257300000000000000e+04,-1.609100000000000000e+04
-5.311600000000000000e+04,-1.347500000000000000e+04,-1.364700000000000000e+04,5.742000000000000000e+03,-3.812400000000000000e+04,-2.264400000000000000e+04,1.204000000000000000e+04,-4.307300000000000000e+04
-2.279200000000000000e+04,-8.333000000000000000e+03,-2.752100000000000000e+04,-3.000800000000000000e+04,-3.779200000000000000e+04,2.420000000000000000e+02,-6.211000000000000000e+03,-1.347700000000000000e+04
4.720000000000000000e+03,-1.968000000000000000e+03,-6.885000000000000000e+03,-1.357000000000000000e+04,-1.702600000000000000e+04,-2.938300000000000000e+04,-3.228600000000000000e+04,-4.360800000000000000e+04
-3.176300000000000000e+04,-7.631000000000000000e+03,-3.199900000000000000e+04,-1.512800000000000000e+04,-2.422600000000000000e+04,-1.529100000000000000e+04,4.217000000000000000e+03,-3.495700000000000000e+04
-2.514400000000000000e+04,-1.016900000000000000e+04,-2.335600000000000000e+04,3.290000000000000000e+02,-3.746700000000000000e+04,-2.530900000000000000e+04,6.590000000000000000e+03,-1.819500000000000000e+04
-2.533500000000000000e+04,-2.109500000000000000e+04,-1.893600000000000000e+04,-2.777000000000000000e+03,-1.980500000000000000e+04,1.796000000000000000e+03,-2.541500000000000000e+04,-2.770600000000000000e+04
-9.225000000000000000e+03,6.344000000000000000e+03,-3.149600000000000000e+04,-9.948000000000000000e+03,-5.920000000000000000e+04,-1.525200000000000000e+04,-3.204700000000000000e+04,-3.722300000000000000e+04
-5.027000000000000000e+04,-1.855700000000000000e+04,-2.455800000000000000e+04,-2.303500000000000000e+04,-3.558900000000000000e+04,-9.359000000000000000e+03,1.232900000000000000e+04,-3.366800000000000000e+04
-2.447700000000000000e+04,-1.273300000000000000e+04,-2.454500000000000000e+04,-1.574500000000000000e+04,-2.957000000000000000e+04,-2.123500000000000000e+04,1.781200000000000000e+04,-1.202200000000000000e+04
-1.943100000000000000e+04,-1.772000000000000000e+04,-2.035700000000000000e+04,6.851000000000000000e+03,-1.612900000000000000e+04,-5.154000000000000000e+03,-1.253500000000000000e+04,-3.606600000000000000e+04
-1.568200000000000000e+04,-2.903600000000000000e+04,-2.478400000000000000e+04,-1.315800000000000000e+04,2.152100000000000000e+04,-1.632000000000000000e+04,-2.942100000000000000e+04,-2.920700000000000000e+04
-1.442900000000000000e+04,-1.809900000000000000e+04,-2.668700000000000000e+04,1.407000000000000000e+03,-1.296900000000000000e+04,-9.984000000000000000e+03,-2.282300000000000000e+04,-3.272700000000000000e+04
-8.513000000000000000e+03,5.140000000000000000e+03,-1.745400000000000000e+04,-1.879900000000000000e+04,-5.358700000000000000e+04,-1.378400000000000000e+04,-1.091800000000000000e+04,-4.570600000000000000e+04
-2.000300000000000000e+04,-1.247800000000000000e+04,-1.481000000000000000e+04,-2.484400000000000000e+04,-1.241100000000000000e+04,-1.423900000000000000e+04,8.041000000000000000e+03,-7.451000000000000000e+03
-1.955300000000000000e+04,-1.911400000000000000e+04,-1.192500000000000000e+04,-1.142500000000000000e+04,-7.778000000000000000e+03,-1.305500000000000000e+04,9.635000000000000000e+03,-1.434000000000000000e+04
-1.740000000000000000e+04,-2.077200000000000000e+04,-1.516600000000000000e+04,-9.689000000000000000e+03,4.472000000000000000e+03,-1.891900000000000000e+04,-1.770500000000000000e+04,-1.723000000000000000e+04
-7.710000000000000000e+02,-8.771000000000000000e+03,-2.485200000000000000e+04,-3.284000000000000000e+03,-2.178800000000000000e+04,-1.296700000000000000e+04,-2.421100000000000000e+04,-3.476600000000000000e+04
-2.727300000000000000e+04,-1.400300000000000000e+04,-1.187200000000000000e+04,-1.943600000000000000e+04,-3.600100000000000000e+04,-1.935500000000000000e+04,1.433300000000000000e+04,-2.650600000000000000e+04
-1.521200000000000000e+04,-1.894300000000000000e+04,-1.740400000000000000e+04,1.368000000000000000e+04,-3.970100000000000000e+04,-2.993000000000000000e+03,-2.769700000000000000e+04,-4.429500000000000000e+04
-2.287400000000000000e+04,-1.869400000000000000e+04,-2.102000000000000000e+04,4.902000000000000000e+03,-3.097500000000000000e+04,8.920000000000000000e+02,-1.318500000000000000e+04,-4.245100000000000000e+04
-3.069800000000000000e+04,1.398800000000000000e+04,-2.532100000000000000e+04,-1.518600000000000000e+04,-4.755700000000000000e+04,-1.695800000000000000e+04,-1.688800000000000000e+04,-2.885300000000000000e+04
-2.514800000000000000e+04,-3.440900000000000000e+04,-3.300200000000000000e+04,-2.821800000000000000e+04,-3.271900000000000000e+04,-2.438500000000000000e+04,-2.462700000000000000e+04,1.951100000000000000e+04
-2.171800000000000000e+04,2.808200000000000000e+04,-2.019800000000000000e+04,-2.564000000000000000e+04,-5.375400000000000000e+04,-1.704400000000000000e+04,-3.646100000000000000e+04,-4.334000000000000000e+04
1.549600000000000000e+04,-1.768300000000000000e+04,-2.330300000000000000e+04,-7.140000000000000000e+03,-2.716900000000000000e+04,-8.544000000000000000e+03,-2.851400000000000000e+04,-4.129800000000000000e+04
-5.763000000000000000e+03,-3.151000000000000000e+03,-2.175800000000000000e+04,8.287000000000000000e+03,-2.748500000000000000e+04,-1.755000000000000000e+04,-2.246200000000000000e+04,-2.869300000000000000e+04
-1.213800000000000000e+04,-2.168900000000000000e+04,-2.173100000000000000e+04,-1.117000000000000000e+03,-3.762700000000000000e+04,4.956000000000000000e+03,-2.899400000000000000e+04,-5.085200000000000000e+04
-2.676600000000000000e+04,1.332900000000000000e+04,-2.261400000000000000e+04,-3.735500000000000000e+04,-3.699400000000000000e+04,-8.713000000000000000e+03,-2.897900000000000000e+04,-2.976800000000000000e+04
-2.286400000000000000e+04,2.857300000000000000e+04,-2.122400000000000000e+04,-1.947400000000000000e+04,-4.827100000000000000e+04,-2.531300000000000000e+04,-3.796600000000000000e+04,-4.533000000000000000e+04
-2.839300000000000000e+04,-1.834500000000000000e+04,5.889000000000000000e+03,-1.457500000000000000e+04,-3.145000000000000000e+03,-2.758900000000000000e+04,-8.143000000000000000e+03,-1.996600000000000000e+04
-1.832800000000000000e+04,-7.470000000000000000e+03,-1.463500000000000000e+04,-1.552600000000000000e+04,-2.308400000000000000e+04,-1.807200000000000000e+04,7.494000000000000000e+03,-1.865000000000000000e+04
-2.270700000000000000e+04,-1.872100000000000000e+04,-1.867500000000000000e+04,-3.498200000000000000e+04,-2.279400000000000000e+04,-1.297900000000000000e+04,-2.655000000000000000e+04,1.813600000000000000e+04
-1.674000000000000000e+03,-2.820000000000000000e+04,-1.365000000000000000e+04,1.627000000000000000e+03,-3.630900000000000000e+04,-8.790000000000000000e+02,-3.357100000000000000e+04,-5.665200000000000000e+04
-1.109200000000000000e+04,-7.058000000000000000e+03,-4.886000000000000000e+03,-4.388000000000000000e+03,-7.100000000000000000e+02,-7.176000000000000000e+03,-2.831800000000000000e+04,-4.168300000000000000e+04
-2.008600000000000000e+04,-2.516500000000000000e+04,-6.104000000000000000e+03,-3.043600000000000000e+04,4.966000000000000000e+03,-3.584100000000000000e+04,-3.249000000000000000e+04,-1.755400000000000000e+04
-1.448900000000000000e+04,-7.017000000000000000e+03,-2.026000000000000000e+04,5.880000000000000000e+03,-2.584300000000000000e+04,-2.215000000000000000e+03,-2.722800000000000000e+04,-9.143000000000000000e+03
1.455000000000000000e+03,-1.985300000000000000e+04,-1.450800000000000000e+04,-1.987000000000000000e+03,-4.612700000000000000e+04,7.032000000000000000e+03,-3.757300000000000000e+04,-5.369300000000000000e+04
-1.694900000000000000e+04,-1.547700000000000000e+04,-1.871200000000000000e+04,-2.761400000000000000e+04,-1.354700000000000000e+04,2.587000000000000000e+03,-1.040800000000000000e+04,-3.538700000000000000e+04
-8.530000000000000000e+03,-2.032400000000000000e+04,-1.396700000000000000e+04,-7.690000000000000000e+02,-2.224200000000000000e+04,2.207300000000000000e+04,-2.342200000000000000e+04,-2.428100000000000000e+04
-2.718000000000000000e+03,-2.332000000000000000e+04,-2.403000000000000000e+04,-4.264000000000000000e+03,-1.418000000000000000e+04,-5.394000000000000000e+03,-3.549800000000000000e+04,-4.753400000000000000e+04
-2.092900000000000000e+04,-1.197000000000000000e+04,-2.509800000000000000e+04,7.973000000000000000e+03,-3.683800000000000000e+04,1.138900000000000000e+04,-2.742900000000000000e+04,-4.764900000000000000e+04
-2.373800000000000000e+04,-1.741000000000000000e+03,-2.537500000000000000e+04,-9.287000000000000000e+03,-1.871900000000000000e+04,-2.704100000000000000e+04,6.431000000000000000e+03,-2.846200000000000000e+04
1.450500000000000000e+04,-3.051500000000000000e+04,-1.658000000000000000e+04,-1.882300000000000000e+04,-1.637900000000000000e+04,3.480000000000000000e+02,-3.371700000000000000e+04,-4.219400000000000000e+04
-2.437200000000000000e+04,-1.209700000000000000e+04,-2.418300000000000000e+04,3.551000000000000000e+03,-1.083000000000000000e+04,-9.917000000000000000e+03,-1.488000000000000000e+04,-1.777500000000000000e+04
-7.534000000000000000e+03,-1.006000000000000000e+04,-5.367000000000000000e+03,-6.414000000000000000e+03,-2.644600000000000000e+04,-2.927300000000000000e+04,1.135000000000000000e+03,-3.639900000000000000e+04
-1.584500000000000000e+04,4.994000000000000000e+03,-1.103000000000000000e+04,-1.567500000000000000e+04,-3.351900000000000000e+04,-1.196500000000000000e+04,-1.942700000000000000e+04,-4.537500000000000000e+04
-1.466900000000000000e+04,2.095000000000000000e+03,-1.456300000000000000e+04,-4.324000000000000000e+03,-2.521200000000000000e+04,-1.268800000000000000e+04,-1.515700000000000000e+04,-3.805500000000000000e+04
-3.874500000000000000e+04,-9.731000000000000000e+03,-1.558400000000000000e+04,-3.846000000000000000e+03,-2.898600000000000000e+04,-1.463700000000000000e+04,-1.600000000000000000e+01,-3.446600000000000000e+04
-3.680800000000000000e+04,-2.243500000000000000e+04,-1.665400000000000000e+04,-3.737300000000000000e+04,-2.465300000000000000e+04,-2.972600000000000000e+04,-2.014700000000000000e+04,9.883000000000000000e+03
-1.309000000000000000e+04,7.187000000000000000e+03,-2.155900000000000000e+04,-8.788000000000000000e+03,-4.233600000000000000e+04,-1.131700000000000000e+04,-2.666800000000000000e+04,-2.510300000000000000e+04
-1.687200000000000000e+04,-2.182700000000000000e+04,-4.072000000000000000e+03,-1.273200000000000000e+04,-2.775000000000000000e+03,-1.558100000000000000e+04,-2.128200000000000000e+04,-3.916100000000000000e+04
-2.742200000000000000e+04,-1.871400000000000000e+04,-2.423100000000000000e+04,-1.429000000000000000e+03,-8.937000000000000000e+03,-2.723000000000000000e+03,1.387000000000000000e+03,-2.612000000000000000e+04
-3.119800000000000000e+04,-1.183600000000000000e+04,-2.927000000000000000e+04,9.785000000000000000e+03,-4.470400000000000000e+04,-4.287000000000000000e+03,-3.257100000000000000e+04,-4.357000000000000000e+04
-3.740600000000000000e+04,1.500900000000000000e+04,-1.095600000000000000e+04,-1.175600000000000000e+04,-3.915600000000000000e+04,-1.862100000000000000e+04,-9.586000000000000000e+03,-5.074800000000000000e+04
-4.715000000000000000e+03,-2.190300000000000000e+04,-1.707000000000000000e+04,-4.340000000000000000e+02,-6.570000000000000000e+03,3.718000000000000000e+03,-1.772100000000000000e+04,-3.328300000000000000e+04
-3.091000000000000000e+04,-6.660000000000000000e+03,-2.312200000000000000e+04,-2.617200000000000000e+04,-3.207900000000000000e+04,-1.112500000000000000e+04,4.430000000000000000e+02,-3.416200000000000000e+04
-2.228100000000000000e+04,-1.176300000000000000e+04,-9.393000000000000000e+03,9.751000000000000000e+03,-2.050000000000000000e+04,-2.686000000000000000e+03,-1.258900000000000000e+04,-3.846400000000000000e+04
-3.691700000000000000e+04,-1.279700000000000000e+04,-1.232000000000000000e+04,-1.731600000000000000e+04,-4.003300000000000000e+04,-6.920000000000000000e+03,2.572800000000000000e+04,-2.553100000000000000e+04
-2.420400000000000000e+04,-1.372500000000000000e+04,-2.206100000000000000e+04,4.292000000000000000e+03,-1.680800000000000000e+04,5.707000000000000000e+03,-1.763700000000000000e+04,-2.423600000000000000e+04
-1.315000000000000000e+04,-1.330900000000000000e+04,-1.200800000000000000e+04,-4.076000000000000000e+03,-1.214100000000000000e+04,-1.080600000000000000e+04,-1.920100000000000000e+04,-2.661300000000000000e+04
-3.305200000000000000e+04,-1.537600000000000000e+04,-2.114700000000000000e+04,-3.146500000000000000e+04,-1.620400000000000000e+04,-3.474700000000000000e+04,-2.091400000000000000e+04,1.346100000000000000e+04
-3.479900000000000000e+04,-1.660400000000000000e+04,-5.600000000000000000e+02,-9.097000000000000000e+03,-4.282000000000000000e+03,-3.260800000000000000e+04,-2.622400000000000000e+04,-8.417000000000000000e+03
-4.179300000000000000e+04,3.075300000000000000e+04,-3.852100000000000000e+04,-7.721000000000000000e+03,-5.265100000000000000e+04,-1.562000000000000000e+04,-3.134900000000000000e+04,-4.504500000000000000e+04
-2.257900000000000000e+04,-5.304000000000000000e+03,-1.640600000000000000e+04,5.595000000000000000e+03,-4.472000000000000000e+04,-3.430000000000000000e+02,-2.273000000000000000e+04,-3.312500000000000000e+04
-9.787000000000000000e+03,-8.593000000000000000e+03,-1.521300000000000000e+04,6.846000000000000000e+03,-3.078900000000000000e+04,-1.252000000000000000e+03,-1.400300000000000000e+04,-3.325600000000000000e+04
-2.423600000000000000e+04,2.157900000000000000e+04,-3.055500000000000000e+04,-3.117000000000000000e+04,-3.515200000000000000e+04,-7.805000000000000000e+03,-1.121100000000000000e+04,-3.947700000000000000e+04
-3.258300000000000000e+04,-7.851000000000000000e+03,-2.737600000000000000e+04,7.131000000000000000e+03,-2.784900000000000000e+04,8.586000000000000000e+03,-1.881200000000000000e+04,-3.149800000000000000e+04
-2.759200000000000000e+04,-1.613100000000000000e+04,-1.836600000000000000e+04,-2.107300000000000000e+04,-1.273000000000000000e+04,-7.407000000000000000e+03,1.622400000000000000e+04,-1.747100000000000000e+04
-3.874100000000000000e+04,-2.461900000000000000e+04,-6.380000000000000000e+03,-2.399100000000000000e+04,-1.231200000000000000e+04,-2.925200000000000000e+04,-2.586300000000000000e+04,-5.132000000000000000e+03
3.748000000000000000e+03,-1.416600000000000000e+04,-2.485400000000000000e+04,-8.142000000000000000e+03,-1.667300000000000000e+04,1.372000000000000000e+03,-2.030300000000000000e+04,-4.166500000000000000e+04
-1.033800000000000000e+04,-1.132900000000000000e+04,-1.180900000000000000e+04,9.443000000000000000e+03,-1.711900000000000000e+04,-5.827000000000000000e+03,-2.194700000000000000e+04,-3.614600000000000000e+04
-3.178700000000000000e+04,-2.649800000000000000e+04,-2.023400000000000000e+04,-2.807600000000000000e+04,-3.227800000000000000e+04,-2.640700000000000000e+04,-1.848600000000000000e+04,1.916400000000000000e+04
-2.799500000000000000e+04,-8.971000000000000000e+03,-2.235700000000000000e+04,-2.466900000000000000e+04,-2.826400000000000000e+04,-2.048500000000000000e+04,9.123000000000000000e+03,-1.802900000000000000e+04
-3.078800000000000000e+04,-3.536300000000000000e+04,1.043000000000000000e+03,-2.791700000000000000e+04,-1.617500000000000000e+04,-5.367200000000000000e+04,-3.050800000000000000e+04,1.260100000000000000e+04
-2.121500000000000000e+04,-1.555000000000000000e+04,-2.446400000000000000e+04,-1.628000000000000000e+03,-3.546900000000000000e+04,-1.215200000000000000e+04,-1.352100000000000000e+04,-3.165500000000000000e+04
-1.775400000000000000e+04,1.149900000000000000e+04,-2.466600000000000000e+04,-1.949400000000000000e+04,-4.468200000000000000e+04,-9.478000000000000000e+03,-3.094200000000000000e+04,-3.726700000000000000e+04
-1.322700000000000000e+04,-2.457500000000000000e+04,-2.088200000000000000e+04,9.020000000000000000e+03,-1.939000000000000000e+03,-9.719000000000000000e+03,-1.538300000000000000e+04,-2.846900000000000000e+04
5.769000000000000000e+03,-1.695500000000000000e+04,-1.669700000000000000e+04,-1.450900000000000000e+04,-1.812600000000000000e+04,2.182700000000000000e+04,-3.884900000000000000e+04,-4.305000000000000000e+04
-1.380300000000000000e+04,1.061900000000000000e+04,-1.685100000000000000e+04,-2.448100000000000000e+04,-3.623900000000000000e+04,-1.550000000000000000e+04,-1.012800000000000000e+04,-2.255000000000000000e+04
-1.471200000000000000e+04,7.820000000000000000e+03,-2.081200000000000000e+04,-3.404600000000000000e+04,-3.758900000000000000e+04,-1.840400000000000000e+04,-1.909000000000000000e+04,-3.135600000000000000e+04
-4.349400000000000000e+04,-7.616000000000000000e+03,-2.359500000000000000e+04,-8.782000000000000000e+03,-4.209600000000000000e+04,-1.816000000000000000e+03,7.175000000000000000e+03,-3.333500000000000000e+04
-5.250700000000000000e+04,-2.566600000000000000e+04,-2.597000000000000000e+03,-4.226000000000000000e+04,-3.387300000000000000e+04,-3.740800000000000000e+04,-2.875400000000000000e+04,1.304300000000000000e+04
-1.252500000000000000e+04,-2.571900000000000000e+04,-9.843000000000000000e+03,-4.128000000000000000e+03,-3.848000000000000000e+04,1.632900000000000000e+04,-3.750800000000000000e+04,-5.430000000000000000e+04
-1.539300000000000000e+04,-1.218100000000000000e+04,-2.279100000000000000e+04,2.195000000000000000e+03,-3.229200000000000000e+04,1.446200000000000000e+04,-3.148600000000000000e+04,-3.177800000000000000e+04
-3.292700000000000000e+04,2.127200000000000000e+04,-2.850400000000000000e+04,-3.142200000000000000e+04,-6.560500000000000000e+04,-1.418700000000000000e+04,-2.235900000000000000e+04,-4.060900000000000000e+04
-2.277100000000000000e+04,-1.576700000000000000e+04,-1.186200000000000000e+04,2.205000000000000000e+03,-6.003000000000000000e+03,-1.401300000000000000e+04,-2.352200000000000000e+04,-2.612500000000000000e+04
-3.404900000000000000e+04,-2.542000000000000000e+04,-1.774800000000000000e+04,-3.625100000000000000e+04,-3.605900000000000000e+04,-4.779100000000000000e+04,-3.129500000000000000e+04,2.401100000000000000e+04
-4.292000000000000000e+03,-2.460800000000000000e+04,-2.241900000000000000e+04,4.825000000000000000e+03,-3.105400000000000000e+04,9.055000000000000000e+03,-1.512800000000000000e+04,-4.189700000000000000e+04
-2.162300000000000000e+04,-1.537100000000000000e+04,-6.005000000000000000e+03,-1.104200000000000000e+04,-1.932100000000000000e+04,1.883000000000000000e+03,-1.404400000000000000e+04,-1.594800000000000000e+04
-2.133400000000000000e+04,2.884200000000000000e+04,-3.046800000000000000e+04,-2.222800000000000000e+04,-5.099500000000000000e+04,-1.749000000000000000e+04,-3.034200000000000000e+04,-3.287600000000000000e+04
-2.392500000000000000e+04,3.073500000000000000e+04,-3.656000000000000000e+04,-2.661200000000000000e+04,-6.821900000000000000e+04,-2.302700000000000000e+04,-3.674200000000000000e+04,-2.969300000000000000e+04
-2.674700000000000000e+04,-2.072500000000000000e+04,3.829000000000000000e+03,-8.600000000000000000e+03,-1.260000000000000000e+03,-1.830600000000000000e+04,-1.938800000000000000e+04,-3.155200000000000000e+04
-2.096300000000000000e+04,-2.306800000000000000e+04,-1.172000000000000000e+04,-2.963600000000000000e+04,-2.027100000000000000e+04,-3.224900000000000000e+04,2.677200000000000000e+04,-1.174600000000000000e+04
-2.330300000000000000e+04,-2.030400000000000000e+04,-2.163300000000000000e+04,4.870000000000000000e+02,-1.693300000000000000e+04,7.318000000000000000e+03,-1.295700000000000000e+04,-2.885400000000000000e+04
-1.409600000000000000e+04,-1.116700000000000000e+04,-9.739000000000000000e+03,-8.690000000000000000e+02,-2.723900000000000000e+04,-1.351700000000000000e+04,-1.179800000000000000e+04,-2.615500000000000000e+04
9.193000000000000000e+03,-1.987600000000000000e+04,-9.074000000000000000e+03,-1.462100000000000000e+04,-4.574000000000000000e+03,1.742000000000000000e+03,-2.070000000000000000e+04,-4.125200000000000000e+04
2.795000000000000000e+03,-2.400500000000000000e+04,-2.288200000000000000e+04,-2.140700000000000000e+04,-1.508300000000000000e+04,-7.643000000000000000e+03,-2.639100000000000000e+04,-3.818500000000000000e+04
-1.641500000000000000e+04,2.630000000000000000e+03,-1.355900000000000000e+04,-1.193600000000000000e+04,-3.745200000000000000e+04,-9.746000000000000000e+03,-4.807000000000000000e+03,-3.032900000000000000e+04
-1.572000000000000000e+03,-2.001400000000000000e+04,-1.824700000000000000e+04,-1.342000000000000000e+03,-1.325300000000000000e+04,-9.658000000000000000e+03,-3.122900000000000000e+04,-4.404400000000000000e+04
-2.115300000000000000e+04,1.431000000000000000e+03,-2.186100000000000000e+04,-6.641000000000000000e+03,-3.740400000000000000e+04,-1.709500000000000000e+04,-5.659000000000000000e+03,-2.259300000000000000e+04
-3.751100000000000000e+04,-2.222300000000000000e+04,3.219000000000000000e+03,-2.940400000000000000e+04,-1.810900000000000000e+04,-2.771100000000000000e+04,-6.731000000000000000e+03,-2.041000000000000000e+03
3.650000000000000000e+02,2.326000000000000000e+03,-2.277300000000000000e+04,-3.041200000000000000e+04,-4.151100000000000000e+04,-2.605400000000000000e+04,-2.015300000000000000e+04,-3.543900000000000000e+04
-2.073400000000000000e+04,-2.022800000000000000e+04,-6.859000000000000000e+03,-1.850100000000000000e+04,4.830000000000000000e+02,-2.988800000000000000e+04,-2.855300000000000000e+04,-9.106000000000000000e+03
-1.476900000000000000e+04,-9.322000000000000000e+03,-1.924200000000000000e+04,3.060000000000000000e+02,-1.125800000000000000e+04,-2.740000000000000000e+03,-2.823500000000000000e+04,-3.798000000000000000e+03
-7.857000000000000000e+03,-1.682000000000000000e+04,-1.466400000000000000e+04,1.115000000000000000e+03,-7.045000000000000000e+03,1.966000000000000000e+03,-1.930900000000000000e+04,-3.624200000000000000e+04
-2.733800000000000000e+04,-1.370000000000000000e+04,-2.012000000000000000e+04,6.720000000000000000e+02,-3.138800000000000000e+04,1.311500000000000000e+04,-1.129000000000000000e+04,-2.425300000000000000e+04
-1.484600000000000000e+04,-1.041300000000000000e+04,4.358000000000000000e+03,-1.676700000000000000e+04,-7.925000000000000000e+03,-2.926200000000000000e+04,-2.648400000000000000e+04,-1.107400000000000000e+04
-1.683400000000000000e+04,3.098400000000000000e+04,-2.075900000000000000e+04,-2.362600000000000000e+04,-5.304900000000000000e+04,-2.617600000000000000e+04,-3.320300000000000000e+04,-5.403900000000000000e+04
-2.237300000000000000e+04,2.162800000000000000e+04,-2.336900000000000000e+04,-2.284800000000000000e+04,-4.358100000000000000e+04,-2.941200000000000000e+04,-2.798100000000000000e+04,-3.674600000000000000e+04
-5.605800000000000000e+04,-2.683000000000000000e+04,-3.275900000000000000e+04,-2.298200000000000000e+04,-3.162400000000000000e+04,-1.069000000000000000e+04,3.372500000000000000e+04,-2.524900000000000000e+04
-2.266800000000000000e+04,-1.230100000000000000e+04,-2.215500000000000000e+04,-1.084200000000000000e+04,-2.105900000000000000e+04,1.582000000000000000e+04,-1.931900000000000000e+04,-1.461500000000000000e+04
-2.708300000000000000e+04,-2.555000000000000000e+03,-2.087100000000000000e+04,-1.313000000000000000e+03,-2.761600000000000000e+04,-1.464700000000000000e+04,-1.424800000000000000e+04,-4.684100000000000000e+04
-2.828900000000000000e+04,-1.952100000000000000e+04,-2.012900000000000000e+04,-1.242100000000000000e+04,-3.474400000000000000e+04,-1.699800000000000000e+04,7.452000000000000000e+03,-2.499300000000000000e+04
-2.254300000000000000e+04,-1.815500000000000000e+04,-1.224700000000000000e+04,-1.603000000000000000e+04,-1.781800000000000000e+04,-1.138100000000000000e+04,-3.699000000000000000e+03,-2.353700000000000000e+04
-1.942200000000000000e+04,-2.543300000000000000e+04,-1.420800000000000000e+04,-2.230700000000000000e+04,1.266000000000000000e+04,-2.678600000000000000e+04,-3.479500000000000000e+04,-1.468500000000000000e+04
-3.538000000000000000e+04,-2.550300000000000000e+04,5.005000000000000000e+03,-2.480500000000000000e+04,-1.451500000000000000e+04,-4.866800000000000000e+04,-2.620400000000000000e+04,9.883000000000000000e+03
-3.026500000000000000e+04,1.805000000000000000e+03,-2.715700000000000000e+04,-7.204000000000000000e+03,-3.735500000000000000e+04,-9.132000000000000000e+03,-2.503800000000000000e+04,-2.570600000000000000e+04
-2.893500000000000000e+04,-1.901500000000000000e+04,-1.148700000000000000e+04,-2.198000000000000000e+04,-2.923900000000000000e+04,-1.030700000000000000e+04,1.077500000000000000e+04,-3.162200000000000000e+04
-2.775900000000000000e+04,-2.241200000000000000e+04,-2.249600000000000000e+04,-2.994300000000000000e+04,-2.816100000000000000e+04,-3.152800000000000000e+04,-2.406600000000000000e+04,1.962900000000000000e+04
-2.543200000000000000e+04,-3.784000000000000000e+03,-1.535000000000000000e+03,-3.221000000000000000e+03,-2.710000000000000000e+04,-8.511000000000000000e+03,3.526000000000000000e+03,-3.464800000000000000e+04
-2.147600000000000000e+04,-2.081000000000000000e+04,-2.135900000000000000e+04,-1.642100000000000000e+04,-1.264600000000000000e+04,-1.162900000000000000e+04,-1.432200000000000000e+04,1.435200000000000000e+04
-6.285000000000000000e+03,-1.072000000000000000e+04,4.755000000000000000e+03,8.515000000000000000e+03,-2.042400000000000000e+04,-2.053600000000000000e+04,-3.005300000000000000e+04,-3.593800000000000000e+04
-9.140000000000000000e+02,-2.141300000000000000e+04,-1.547200000000000000e+04,-9.495000000000000000e+03,-4.640000000000000000e+03,-7.592000000000000000e+03,-3.482700000000000000e+04,-5.008600000000000000e+04
-3.160500000000000000e+04,-2.013000000000000000e+04,-1.664500000000000000e+04,-2.961400000000000000e+04,-2.871900000000000000e+04,-4.375600000000000000e+04,-3.131400000000000000e+04,1.832800000000000000e+04
-3.278100000000000000e+04,-1.869400000000000000e+04,-1.268000000000000000e+03,-4.191600000000000000e+04,-3.015500000000000000e+04,-3.471400000000000000e+04,-2.690100000000000000e+04,9.864000000000000000e+03
-1.627700000000000000e+04,2.475600000000000000e+04,-2.360900000000000000e+04,-2.079000000000000000e+04,-6.136200000000000000e+04,-1.913600000000000000e+04,-3.673000000000000000e+04,-5.645000000000000000e+04
-3.624000000000000000e+04,-2.226000000000000000e+04,-8.930000000000000000e+03,-3.229000000000000000e+04,-3.210600000000000000e+04,-4.464300000000000000e+04,-2.875900000000000000e+04,1.411900000000000000e+04
-2.836500000000000000e+04,-1.489400000000000000e+04,-9.602000000000000000e+03,-2.215000000000000000e+04,-3.128300000000000000e+04,-1.847600000000000000e+04,-2.307200000000000000e+04,1.534300000000000000e+04
-4.433000000000000000e+03,-2.562500000000000000e+04,-1.344400000000000000e+04,-4.942000000000000000e+03,-1.325000000000000000e+04,6.732000000000000000e+03,-3.280300000000000000e+04,-4.282000000000000000e+04
-9.093000000000000000e+03,-2.309700000000000000e+04,-4.750000000000000000e+03,-1.177100000000000000e+04,-2.430000000000000000e+03,-2.646400000000000000e+04,-1.211000000000000000e+04,-3.351200000000000000e+04
-2.176200000000000000e+04,2.007400000000000000e+04,-1.527700000000000000e+04,-1.770700000000000000e+04,-4.419300000000000000e+04,-1.359000000000000000e+04,-2.192600000000000000e+04,-4.997800000000000000e+04
-2.828200000000000000e+04,-2.455700000000000000e+04,-2.671300000000000000e+04,-1.963400000000000000e+04,-3.543200000000000000e+04,-3.438300000000000000e+04,-1.181900000000000000e+04,8.198000000000000000e+03
-1.520300000000000000e+04,-1.329500000000000000e+04,-1.882500000000000000e+04,1.576000000000000000e+03,-4.117300000000000000e+04,1.019500000000000000e+04,-2.928400000000000000e+04,-2.991200000000000000e+04
-7.723000000000000000e+03,-5.040000000000000000e+03,-2.164700000000000000e+04,-2.748300000000000000e+04,-1.717200000000000000e+04,1.801400000000000000e+04,-1.755700000000000000e+04,-7.279000000000000000e+03
-8.733000000000000000e+03,-2.805200000000000000e+04,-2.893000000000000000e+03,-9.222000000000000000e+03,6.899000000000000000e+03,-2.798300000000000000e+04,-2.607400000000000000e+04,-2.918300000000000000e+04
6.216000000000000000e+03,-1.188900000000000000e+04,-3.045700000000000000e+04,2.070000000000000000e+03,-4.040000000000000000e+03,-1.441000000000000000e+04,-3.089700000000000000e+04,-4.431800000000000000e+04
-2.311900000000000000e+04,-3.250600000000000000e+04,7.078000000000000000e+03,-1.797900000000000000e+04,-5.122000000000000000e+03,-3.537300000000000000e+04,-1.434300000000000000e+04,-3.458000000000000000e+03
-2.837600000000000000e+04,-1.677000000000000000e+04,-2.377400000000000000e+04,-2.047100000000000000e+04,-2.178400000000000000e+04,-2.276900000000000000e+04,-1.777200000000000000e+04,2.482300000000000000e+04
-2.103800000000000000e+04,1.850200000000000000e+04,-2.122700000000000000e+04,-1.237600000000000000e+04,-6.355600000000000000e+04,-1.750200000000000000e+04,-3.156000000000000000e+04,-5.308400000000000000e+04
-2.183300000000000000e+04,1.724800000000000000e+04,-1.809000000000000000e+04,-1.106400000000000000e+04,-4.435900000000000000e+04,-2.376800000000000000e+04,-1.112800000000000000e+04,-3.861900000000000000e+04
-8.767000000000000000e+03,-1.517100000000000000e+04,-1.508800000000000000e+04,6.490000000000000000e+02,-2.319800000000000000e+04,-4.856000000000000000e+03,-3.830300000000000000e+04,-4.490700000000000000e+04
-2.408300000000000000e+04,-2.366100000000000000e+04,-2.343000000000000000e+04,-3.127600000000000000e+04,-2.487200000000000000e+04,-2.389000000000000000e+04,-2.423500000000000000e+04,1.678000000000000000e+04
-2.372300000000000000e+04,-1.509400000000000000e+04,-1.669500000000000000e+04,-3.321000000000000000e+03,-1.435600000000000000e+04,-6.407000000000000000e+03,1.990000000000000000e+02,-2.283900000000000000e+04
-6.390000000000000000e+03,-2.358200000000000000e+04,-1.419500000000000000e+04,1.840700000000000000e+04,-1.315200000000000000e+04,-2.195100000000000000e+04,-2.282000000000000000e+04,-4.021300000000000000e+04
-1.675000000000000000e+03,-2.761700000000000000e+04,-2.479000000000000000e+04,-6.606000000000000000e+03,-1.924100000000000000e+04,-4.966000000000000000e+03,-1.901600000000000000e+04,-4.124500000000000000e+04
-2.954300000000000000e+04,1.705100000000000000e+04,-2.216800000000000000e+04,-1.810300000000000000e+04,-5.298800000000000000e+04,-1.132000000000000000e+04,-2.816100000000000000e+04,-4.024100000000000000e+04
-2.247600000000000000e+04,-1.428800000000000000e+04,-1.549600000000000000e+04,1.595600000000000000e+04,-1.130500000000000000e+04,6.370000000000000000e+02,-2.072800000000000000e+04,-2.878200000000000000e+04
-2.821700000000000000e+04,-2.748700000000000000e+04,-2.384000000000000000e+03,-4.125000000000000000e+03,1.000300000000000000e+04,-3.258500000000000000e+04,-3.099900000000000000e+04,-1.427900000000000000e+04
-3.069600000000000000e+04,-1.860500000000000000e+04,1.569200000000000000e+04,-2.855800000000000000e+04,-2.348000000000000000e+04,-3.237200000000000000e+04,-4.728000000000000000e+03,-4.473000000000000000e+03
-2.188400000000000000e+04,2.044700000000000000e+04,-2.323300000000000000e+04,-2.751800000000000000e+04,-3.572200000000000000e+04,-2.267100000000000000e+04,-2.223900000000000000e+04,-3.736900000000000000e+04
-1.964700000000000000e+04,-1.816200000000000000e+04,6.076000000000000000e+03,-1.059500000000000000e+04,-7.535000000000000000e+03,-2.819100000000000000e+04,-2.406800000000000000e+04,-2.310100000000000000e+04
-3.085600000000000000e+04,9.910000000000000000e+02,-2.346100000000000000e+04,-6.639000000000000000e+03,-4.146100000000000000e+04,-2.232000000000000000e+04,-1.757000000000000000e+04,-2.892900000000000000e+04
-1.363500000000000000e+04,3.285000000000000000e+03,-3.374300000000000000e+04,-3.334000000000000000e+03,-3.396800000000000000e+04,-1.536100000000000000e+04,-2.268200000000000000e+04,-1.986000000000000000e+04
-3.163700000000000000e+04,-1.271700000000000000e+04,-1.010800000000000000e+04,-4.580000000000000000e+02,-2.744100000000000000e+04,-7.436000000000000000e+03,-7.373000000000000000e+03,-3.416700000000000000e+04
-9.854000000000000000e+03,2.258800000000000000e+04,-1.867300000000000000e+04,-3.258700000000000000e+04,-2.783400000000000000e+04,-2.123300000000000000e+04,-2.306800000000000000e+04,-2.720500000000000000e+04
-2.370900000000000000e+04,-3.557000000000000000e+03,-1.539600000000000000e+04,-1.781800000000000000e+04,-3.753600000000000000e+04,-2.481500000000000000e+04,1.904500000000000000e+04,-3.885600000000000000e+04
-2.656100000000000000e+04,-1.233900000000000000e+04,-1.407600000000000000e+04,-1.517000000000000000e+04,-3.515600000000000000e+04,-2.991700000000000000e+04,1.643000000000000000e+04,-3.837900000000000000e+04
-4.269000000000000000e+04,-1.804900000000000000e+04,-1.767100000000000000e+04,-1.894800000000000000e+04,-4.706100000000000000e+04,-1.265000000000000000e+04,2.323600000000000000e+04,-4.148800000000000000e+04
-8.419000000000000000e+03,-2.852100000000000000e+04,-1.388500000000000000e+04,-1.301100000000000000e+04,4.544000000000000000e+03,-1.900600000000000000e+04,-2.071800000000000000e+04,-3.042500000000000000e+04
-2.313400000000000000e+04,-1.791000000000000000e+04,-9.775000000000000000e+03,1.131900000000000000e+04,-1.142700000000000000e+04,-5.283000000000000000e+03,-6.645000000000000000e+03,-3.395900000000000000e+04
-8.879000000000000000e+03,-1.687300000000000000e+04,-3.201000000000000000e+03,2.188000000000000000e+03,-1.238000000000000000e+04,-2.636200000000000000e+04,-1.889300000000000000e+04,-3.340200000000000000e+04
-6.617000000000000000e+03,-1.473600000000000000e+04,-2.354000000000000000e+04,-8.256000000000000000e+03,-1.236400000000000000e+04,-7.330000000000000000e+02,-2.768900000000000000e+04,-3.664700000000000000e+04
-6.387000000000000000e+03,2.477500000000000000e+04,-2.527900000000000000e+04,-1.830900000000000000e+04,-3.958700000000000000e+04,-1.356500000000000000e+04,-2.680600000000000000e+04,-4.435900000000000000e+04
4.883000000000000000e+03,-2.089400000000000000e+04,-1.199500000000000000e+04,-5.719000000000000000e+03,-2.695700000000000000e+04,-3.554000000000000000e+03,-3.230800000000000000e+04,-4.150200000000000000e+04
-1.710300000000000000e+04,9.083000000000000000e+03,-1.300200000000000000e+04,-1.003900000000000000e+04,-3.209500000000000000e+04,-2.299100000000000000e+04,-2.579600000000000000e+04,-2.016400000000000000e+04
-2.261700000000000000e+04,-2.247900000000000000e+04,2.392100000000000000e+04,-1.771200000000000000e+04,-1.787300000000000000e+04,-3.256900000000000000e+04,-1.602400000000000000e+04,-1.200700000000000000e+04
-1.305700000000000000e+04,-2.230800000000000000e+04,-1.550800000000000000e+04,-4.350000000000000000e+02,-2.130500000000000000e+04,5.241000000000000000e+03,-2.095400000000000000e+04,-2.110300000000000000e+04
-2.481300000000000000e+04,1.086000000000000000e+03,-3.013500000000000000e+04,-1.653400000000000000e+04,-3.086400000000000000e+04,8.000000000000000000e+01,-1.395800000000000000e+04,-1.806200000000000000e+04
-2.464000000000000000e+04,-2.058400000000000000e+04,-1.698700000000000000e+04,-3.756200000000000000e+04,-1.671200000000000000e+04,-2.626600000000000000e+04,3.830600000000000000e+04,-1.665000000000000000e+04
-7.153000000000000000e+03,-3.250000000000000000e+03,-2.215000000000000000e+04,-5.888000000000000000e+03,-3.897600000000000000e+04,-3.346500000000000000e+04,-2.147500000000000000e+04,-2.151800000000000000e+04
-2.330300000000000000e+04,-2.061800000000000000e+04,-4.139000000000000000e+03,-2.350000000000000000e+04,-3.550000000000000000e+02,-1.327300000000000000e+04,-1.284300000000000000e+04,-1.337500000000000000e+04
-2.589700000000000000e+04,-1.712500000000000000e+04,-2.343100000000000000e+04,-2.608200000000000000e+04,-3.330100000000000000e+04,-9.871000000000000000e+03,1.294100000000000000e+04,-2.015100000000000000e+04
-3.461200000000000000e+04,-1.479400000000000000e+04,-1.343600000000000000e+04,-2.142100000000000000e+04,-1.250200000000000000e+04,-2.762500000000000000e+04,-2.021500000000000000e+04,-7.005000000000000000e+03
-1.522200000000000000e+04,-2.718200000000000000e+04,-1.242800000000000000e+04,-2.331400000000000000e+04,1.717100000000000000e+04,-2.819800000000000000e+04,-3.062500000000000000e+04,-1.383100000000000000e+04
-2.499900000000000000e+04,-9.748000000000000000e+03,-1.309900000000000000e+04,-6.768000000000000000e+03,-2.913600000000000000e+04,-2.579600000000000000e+04,7.883000000000000000e+03,-2.387600000000000000e+04
-1.817600000000000000e+04,-8.815000000000000000e+03,-1.431200000000000000e+04,-6.269000000000000000e+03,-2.082100000000000000e+04,-7.030000000000000000e+03,-3.390000000000000000e+03,-4.617200000000000000e+04
1.202000000000000000e+03,-2.818300000000000000e+04,-1.455700000000000000e+04,1.330400000000000000e+04,-3.074000000000000000e+04,5.148000000000000000e+03,-1.862800000000000000e+04,-3.780100000000000000e+04
-3.300200000000000000e+04,-9.513000000000000000e+03,-2.485800000000000000e+04,5.668000000000000000e+03,-4.249200000000000000e+04,1.994500000000000000e+04,-1.970300000000000000e+04,-3.268500000000000000e+04
-1.810200000000000000e+04,-1.935300000000000000e+04,-9.247000000000000000e+03,5.492000000000000000e+03,1.100500000000000000e+04,-2.256000000000000000e+04,-2.665500000000000000e+04,-1.925000000000000000e+04
-2.560200000000000000e+04,-2.352400000000000000e+04,8.310000000000000000e+03,-1.400100000000000000e+04,1.425200000000000000e+04,-3.300100000000000000e+04,-2.194000000000000000e+04,-2.174700000000000000e+04
-2.994100000000000000e+04,-2.318600000000000000e+04,-2.509600000000000000e+04,-4.336600000000000000e+04,-3.814700000000000000e+04,-2.808300000000000000e+04,-3.623700000000000000e+04,2.272500000000000000e+04
-3.358600000000000000e+04,-2.309000000000000000e+04,-2.074700000000000000e+04,-1.567100000000000000e+04,-2.622900000000000000e+04,-2.333500000000000000e+04,1.125300000000000000e+04,-1.709200000000000000e+04
-3.923500000000000000e+04,-2.201300000000000000e+04,-2.044700000000000000e+04,-1.950000000000000000e+02,-2.875200000000000000e+04,-1.832400000000000000e+04,7.316000000000000000e+03,-2.164200000000000000e+04
-2.832000000000000000e+04,-1.328100000000000000e+04,-2.611900000000000000e+04,-2.592800000000000000e+04,-3.059000000000000000e+04,-2.238200000000000000e+04,1.302300000000000000e+04,-2.893200000000000000e+04
-2.716600000000000000e+04,-2.323500000000000000e+04,-1.823000000000000000e+04,-2.178800000000000000e+04,-2.018400000000000000e+04,-2.315500000000000000e+04,-1.588300000000000000e+04,1.823700000000000000e+04
-4.094000000000000000e+04,-9.129000000000000000e+03,-1.294000000000000000e+04,6.345000000000000000e+03,-2.453500000000000000e+04,-1.008800000000000000e+04,-1.051100000000000000e+04,-4.083100000000000000e+04
-2.163400000000000000e+04,-1.377600000000000000e+04,-1.078500000000000000e+04,-2.037400000000000000e+04,-1.577300000000000000e+04,-2.426300000000000000e+04,1.715500000000000000e+04,-2.145000000000000000e+04
-2.409000000000000000e+04,-5.462000000000000000e+03,-1.245100000000000000e+04,6.445000000000000000e+03,-3.577800000000000000e+04,3.122000000000000000e+03,-3.218400000000000000e+04,-2.631600000000000000e+04
-2.334500000000000000e+04,2.429200000000000000e+04,-3.511700000000000000e+04,-2.881300000000000000e+04,-4.244700000000000000e+04,-1.148600000000000000e+04,-3.414900000000000000e+04,-3.147000000000000000e+04
-2.640100000000000000e+04,-1.506300000000000000e+04,-1.752100000000000000e+04,-1.364200000000000000e+04,-2.379600000000000000e+04,-2.444300000000000000e+04,1.180200000000000000e+04,-1.551300000000000000e+04
-1.788300000000000000e+04,1.853900000000000000e+04,-2.292700000000000000e+04,-1.283100000000000000e+04,-3.846100000000000000e+04,-8.397000000000000000e+03,-3.380500000000000000e+04,-3.347000000000000000e+04
-1.419000000000000000e+04,-1.401700000000000000e+04,-1.874000000000000000e+04,5.100000000000000000e+02,-1.969100000000000000e+04,-3.038000000000000000e+03,-1.855900000000000000e+04,-3.271300000000000000e+04
-2.085400000000000000e+04,-1.581600000000000000e+04,-9.850000000000000000e+03,-2.101900000000000000e+04,-2.063900000000000000e+04,-1.993700000000000000e+04,-2.161900000000000000e+04,1.857900000000000000e+04
-1.004400000000000000e+04,-1.338300000000000000e+04,-1.859900000000000000e+04,-2.124100000000000000e+04,-3.760000000000000000e+04,1.497100000000000000e+04,1.309000000000000000e+03,-2.782300000000000000e+04
-7.696000000000000000e+03,-4.043000000000000000e+03,-4.347000000000000000e+03,-1.345900000000000000e+04,-1.125200000000000000e+04,9.480000000000000000e+02,-2.268700000000000000e+04,-1.944800000000000000e+04
-1.782200000000000000e+04,-8.968000000000000000e+03,-1.591000000000000000e+04,-9.795000000000000000e+03,-2.053600000000000000e+04,-2.128200000000000000e+04,7.147000000000000000e+03,-1.971200000000000000e+04
-2.480000000000000000e+04,8.309000000000000000e+03,-2.976000000000000000e+03,-1.363200000000000000e+04,-2.205800000000000000e+04,-1.134600000000000000e+04,-7.372000000000000000e+03,-4.126000000000000000e+03
-1.849900000000000000e+04,-2.165100000000000000e+04,-2.495200000000000000e+04,1.652000000000000000e+03,-1.271400000000000000e+04,1.176200000000000000e+04,-1.534800000000000000e+04,-2.118100000000000000e+04
-1.819400000000000000e+04,-2.182500000000000000e+04,-1.417000000000000000e+03,-6.274000000000000000e+03,-4.250000000000000000e+03,-1.527500000000000000e+04,-1.028800000000000000e+04,-3.593100000000000000e+04
-2.387000000000000000e+04,-1.628200000000000000e+04,1.599900000000000000e+04,-9.768000000000000000e+03,-1.561000000000000000e+04,-2.351700000000000000e+04,-1.139800000000000000e+04,-2.828700000000000000e+04
-2.254900000000000000e+04,-2.011900000000000000e+04,9.260000000000000000e+03,-3.946300000000000000e+04,-2.383400000000000000e+04,-3.100300000000000000e+04,-2.510900000000000000e+04,-1.968000000000000000e+03
-3.021600000000000000e+04,-1.735100000000000000e+04,-1.393800000000000000e+04,-1.238300000000000000e+04,-6.162000000000000000e+03,-7.330000000000000000e+03,-1.795800000000000000e+04,-2.371100000000000000e+04
-1.731800000000000000e+04,-2.588900000000000000e+04,-1.363800000000000000e+04,4.007000000000000000e+03,-8.232000000000000000e+03,6.446000000000000000e+03,-1.656300000000000000e+04,-4.400200000000000000e+04
-8.769000000000000000e+03,-2.362600000000000000e+04,-6.837000000000000000e+03,-1.573700000000000000e+04,-1.573000000000000000e+03,-1.741500000000000000e+04,-3.230000000000000000e+04,-3.133400000000000000e+04
-1.948300000000000000e+04,-1.761400000000000000e+04,-1.729300000000000000e+04,-1.408300000000000000e+04,-1.066500000000000000e+04,-2.951100000000000000e+04,-3.863000000000000000e+03,-3.381800000000000000e+04
-3.835000000000000000e+03,-6.182000000000000000e+03,3.777000000000000000e+03,-8.203000000000000000e+03,-8.526000000000000000e+03,-2.571300000000000000e+04,-2.675800000000000000e+04,-3.878900000000000000e+04
-2.532000000000000000e+04,-1.948100000000000000e+04,-1.969800000000000000e+04,-3.637900000000000000e+04,-3.070300000000000000e+04,-2.942400000000000000e+04,-2.125300000000000000e+04,1.976800000000000000e+04
-2.004300000000000000e+04,-4.554000000000000000e+03,-1.422900000000000000e+04,-4.763000000000000000e+03,-9.621000000000000000e+03,-2.323200000000000000e+04,-3.014000000000000000e+03,-2.237700000000000000e+04
-1.514500000000000000e+04,-1.044800000000000000e+04,-2.265900000000000000e+04,-1.370500000000000000e+04,-2.377900000000000000e+04,1.435200000000000000e+04,-1.525200000000000000e+04,-1.242000000000000000e+04
-2.258800000000000000e+04,-2.310200000000000000e+04,-2.614000000000000000e+04,-3.588000000000000000e+04,-2.443000000000000000e+04,-1.442000000000000000e+04,-2.202900000000000000e+04,2.101000000000000000e+04
-2.175900000000000000e+04,-2.507400000000000000e+04,-7.347000000000000000e+03,-3.095000000000000000e+04,-2.437200000000000000e+04,-3.279900000000000000e+04,-3.151400000000000000e+04,8.113000000000000000e+03
-1.073300000000000000e+04,2.783000000000000000e+03,-1.963300000000000000e+04,-1.717400000000000000e+04,-5.523700000000000000e+04,-1.546600000000000000e+04,-2.680800000000000000e+04,-3.289200000000000000e+04
-2.436300000000000000e+04,-1.201600000000000000e+04,-1.244200000000000000e+04,-1.929400000000000000e+04,-2.045600000000000000e+04,-2.722800000000000000e+04,2.270500000000000000e+04,-2.114200000000000000e+04
-1.296100000000000000e+04,1.122500000000000000e+04,-1.672500000000000000e+04,-2.651700000000000000e+04,-2.808700000000000000e+04,-2.427800000000000000e+04,-2.337000000000000000e+04,-2.013700000000000000e+04
-3.693000000000000000e+03,-1.593900000000000000e+04,-2.290700000000000000e+04,-5.743000000000000000e+03,-3.458000000000000000e+03,-1.000000000000000000e+04,-2.800300000000000000e+04,-3.813100000000000000e+04
-1.568200000000000000e+04,-1.726900000000000000e+04,-1.645500000000000000e+04,-1.745100000000000000e+04,-2.534600000000000000e+04,1.183200000000000000e+04,-1.576800000000000000e+04,-3.284100000000000000e+04
-3.168300000000000000e+04,-6.661000000000000000e+03,-2.228600000000000000e+04,2.355500000000000000e+04,-3.830100000000000000e+04,-7.830000000000000000e+02,-2.555300000000000000e+04,-3.927700000000000000e+04
-3.073600000000000000e+04,1.115100000000000000e+04,-9.556000000000000000e+03,-2.230400000000000000e+04,-2.791600000000000000e+04,-1.964500000000000000e+04,-1.099600000000000000e+04,-1.741000000000000000e+04
-2.891000000000000000e+04,8.703000000000000000e+03,-2.160900000000000000e+04,-1.891700000000000000e+04,-4.290800000000000000e+04,-2.267000000000000000e+03,-1.401300000000000000e+04,-4.913300000000000000e+04
-3.074800000000000000e+04,-1.836800000000000000e+04,-1.164300000000000000e+04,9.435000000000000000e+03,-8.141000000000000000e+03,-1.213000000000000000e+03,-1.546600000000000000e+04,-2.389100000000000000e+04
-2.283700000000000000e+04,9.009000000000000000e+03,-2.686800000000000000e+04,5.315000000000000000e+03,-4.587300000000000000e+04,-2.020400000000000000e+04,-1.328500000000000000e+04,-1.963800000000000000e+04
-3.458200000000000000e+04,-3.076900000000000000e+04,-2.183600000000000000e+04,-3.489400000000000000e+04,-4.003900000000000000e+04,-3.903900000000000000e+04,-2.328200000000000000e+04,1.158700000000000000e+04
-1.248700000000000000e+04,-5.934000000000000000e+03,-1.566000000000000000e+04,-1.430000000000000000e+02,-2.493100000000000000e+04,-5.890000000000000000e+02,-1.293700000000000000e+04,-3.132800000000000000e+04
-2.252600000000000000e+04,-2.594400000000000000e+04,-2.104400000000000000e+04,-2.351300000000000000e+04,-2.519400000000000000e+04,-3.333900000000000000e+04,-1.862300000000000000e+04,2.024900000000000000e+04
-2.105100000000000000e+04,-1.112200000000000000e+04,-2.138500000000000000e+04,-9.604000000000000000e+03,-2.605900000000000000e+04,-1.626600000000000000e+04,-6.913000000000000000e+03,-2.331300000000000000e+04
-1.337300000000000000e+04,-1.231000000000000000e+04,-6.503000000000000000e+03,-1.167000000000000000e+03,-5.151000000000000000e+03,-1.280100000000000000e+04,-1.981000000000000000e+03,-2.925600000000000000e+04
-1.985300000000000000e+04,-1.292000000000000000e+04,-1.618200000000000000e+04,-2.114800000000000000e+04,-1.609000000000000000e+04,-1.001800000000000000e+04,9.389000000000000000e+03,-2.256900000000000000e+04
-3.516500000000000000e+04,8.692000000000000000e+03,-9.044000000000000000e+03,-2.454600000000000000e+04,-3.717400000000000000e+04,-8.705000000000000000e+03,-1.724600000000000000e+04,-4.243200000000000000e+04
-6.033000000000000000e+03,-1.200900000000000000e+04,-1.917200000000000000e+04,-3.149000000000000000e+03,-3.857000000000000000e+03,-2.322000000000000000e+03,-2.530200000000000000e+04,-4.072600000000000000e+04
-3.378100000000000000e+04,-2.314500000000000000e+04,-1.574200000000000000e+04,-3.002700000000000000e+04,-2.693200000000000000e+04,-1.895700000000000000e+04,-2.734500000000000000e+04,1.654400000000000000e+04
-4.393600000000000000e+04,-2.076500000000000000e+04,3.018000000000000000e+03,-3.079400000000000000e+04,-3.889200000000000000e+04,-3.777800000000000000e+04,-2.456200000000000000e+04,-8.174000000000000000e+03
-1.506400000000000000e+04,-2.359400000000000000e+04,8.811000000000000000e+03,-6.075000000000000000e+03,5.262000000000000000e+03,-6.610000000000000000e+03,-6.894000000000000000e+03,-3.754900000000000000e+04
-4.439000000000000000e+03,-1.240600000000000000e+04,-1.274900000000000000e+04,-1.361600000000000000e+04,2.933000000000000000e+03,-2.201300000000000000e+04,-2.173000000000000000e+04,-1.439400000000000000e+04
-3.023800000000000000e+04,-2.809800000000000000e+04,-2.902000000000000000e+03,-1.533400000000000000e+04,-4.686000000000000000e+03,-2.137000000000000000e+04,-1.046700000000000000e+04,-2.578400000000000000e+04
-1.056200000000000000e+04,-7.578000000000000000e+03,-1.640200000000000000e+04,-1.470000000000000000e+03,-1.918400000000000000e+04,-8.881000000000000000e+03,-1.264600000000000000e+04,-3.239100000000000000e+04
-2.598000000000000000e+04,1.787400000000000000e+04,-2.324900000000000000e+04,-1.604000000000000000e+04,-4.144400000000000000e+04,-2.064400000000000000e+04,-1.515300000000000000e+04,-2.661300000000000000e+04
-3.583700000000000000e+04,-4.061600000000000000e+04,-1.877500000000000000e+04,-3.728700000000000000e+04,-3.386800000000000000e+04,-1.764300000000000000e+04,-2.016200000000000000e+04,2.180200000000000000e+04
-1.990500000000000000e+04,-1.837600000000000000e+04,-2.365200000000000000e+04,-5.046000000000000000e+03,-6.363000000000000000e+03,1.475800000000000000e+04,-2.492700000000000000e+04,-1.675000000000000000e+04
-1.360800000000000000e+04,-2.310500000000000000e+04,-9.373000000000000000e+03,-1.212100000000000000e+04,1.208200000000000000e+04,-2.612500000000000000e+04,-2.937700000000000000e+04,-1.856500000000000000e+04
-2.743900000000000000e+04,1.526500000000000000e+04,-2.148900000000000000e+04,-1.707500000000000000e+04,-3.343800000000000000e+04,-1.762100000000000000e+04,-2.838600000000000000e+04,-4.540500000000000000e+04
-2.341400000000000000e+04,-1.651000000000000000e+03,-1.572500000000000000e+04,-1.389500000000000000e+04,-3.526400000000000000e+04,-1.299100000000000000e+04,-1.150900000000000000e+04,-1.176400000000000000e+04
-1.916700000000000000e+04,-1.431000000000000000e+04,-2.808900000000000000e+04,-3.093500000000000000e+04,-2.957500000000000000e+04,2.169300000000000000e+04,-1.829000000000000000e+03,-2.175200000000000000e+04
-1.455000000000000000e+04,-1.181800000000000000e+04,-4.256000000000000000e+03,-1.939200000000000000e+04,-2.700600000000000000e+04,-2.230000000000000000e+04,-8.666000000000000000e+03,-1.086100000000000000e+04
-2.455600000000000000e+04,-8.614000000000000000e+03,-1.102900000000000000e+04,-8.992000000000000000e+03,-3.135200000000000000e+04,-1.698000000000000000e+04,1.542300000000000000e+04,-1.825600000000000000e+04
-1.524900000000000000e+04,1.401600000000000000e+04,-1.989800000000000000e+04,-1.191400000000000000e+04,-5.412000000000000000e+04,-1.735000000000000000e+04,-2.233900000000000000e+04,-5.119200000000000000e+04
-2.343400000000000000e+04,-1.891000000000000000e+04,-3.295100000000000000e+04,-2.783800000000000000e+04,-2.648600000000000000e+04,-3.357800000000000000e+04,-2.067500000000000000e+04,2.052100000000000000e+04
-1.508500000000000000e+04,7.167000000000000000e+03,-2.461000000000000000e+04,-1.440400000000000000e+04,-3.191000000000000000e+04,-1.861900000000000000e+04,4.100000000000000000e+01,-1.957800000000000000e+04
-1.566000000000000000e+03,-1.664400000000000000e+04,-1.609100000000000000e+04,7.112000000000000000e+03,-2.135600000000000000e+04,7.381000000000000000e+03,-2.253400000000000000e+04,-2.121500000000000000e+04
-3.921400000000000000e+04,-1.902000000000000000e+04,1.344000000000000000e+03,-1.224100000000000000e+04,-1.258600000000000000e+04,-4.142100000000000000e+04,-2.514300000000000000e+04,-7.806000000000000000e+03
-2.349500000000000000e+04,-2.673100000000000000e+04,-2.278500000000000000e+04,-2.543600000000000000e+04,-2.590600000000000000e+04,-2.091900000000000000e+04,-2.627200000000000000e+04,1.748900000000000000e+04
-5.733000000000000000e+03,-2.666400000000000000e+04,-1.239700000000000000e+04,-1.696400000000000000e+04,-1.753000000000000000e+04,2.106000000000000000e+04,-2.090800000000000000e+04,-4.043900000000000000e+04
-3.102000000000000000e+03,-1.359100000000000000e+04,1.184900000000000000e+04,-2.118000000000000000e+03,-1.989000000000000000e+03,-1.784600000000000000e+04,-3.760100000000000000e+04,-3.168000000000000000e+04
-3.314600000000000000e+04,-2.014300000000000000e+04,-1.211200000000000000e+04,-2.749900000000000000e+04,-2.609200000000000000e+04,-4.559200000000000000e+04,4.600000000000000000e+01,-7.005000000000000000e+03
-1.776400000000000000e+04,-1.520000000000000000e+03,-1.730800000000000000e+04,8.311000000000000000e+03,-3.096200000000000000e+04,-2.119100000000000000e+04,-1.042400000000000000e+04,-4.975600000000000000e+04
-4.600000000000000000e+03,-1.510100000000000000e+04,-2.025500000000000000e+04,7.610000000000000000e+02,-6.389000000000000000e+03,-1.922600000000000000e+04,-1.518600000000000000e+04,-3.390100000000000000e+04
-1.610600000000000000e+04,-1.463100000000000000e+04,-2.321800000000000000e+04,-1.577400000000000000e+04,-1.520600000000000000e+04,1.001800000000000000e+04,-2.233100000000000000e+04,-1.426300000000000000e+04
-1.632400000000000000e+04,-1.833300000000000000e+04,-1.966600000000000000e+04,-3.860300000000000000e+04,-1.443400000000000000e+04,-1.740000000000000000e+04,4.011000000000000000e+03,-6.622000000000000000e+03
-2.500200000000000000e+04,-1.765900000000000000e+04,-2.217700000000000000e+04,-1.285700000000000000e+04,-2.816500000000000000e+04,-2.509700000000000000e+04,7.629000000000000000e+03,-2.574100000000000000e+04
-2.354600000000000000e+04,-1.622100000000000000e+04,-2.309800000000000000e+04,-2.602000000000000000e+04,-1.515100000000000000e+04,-1.611000000000000000e+04,-1.218000000000000000e+04,1.919400000000000000e+04
-2.144200000000000000e+04,-1.467400000000000000e+04,-2.054700000000000000e+04,-6.590000000000000000e+03,-1.792400000000000000e+04,-2.379600000000000000e+04,-3.748000000000000000e+03,-2.624800000000000000e+04
-2.696300000000000000e+04,-1.779500000000000000e+04,-1.890800000000000000e+04,-3.070000000000000000e+02,-2.203100000000000000e+04,1.194500000000000000e+04,-6.386000000000000000e+03,-2.689900000000000000e+04
-1.459800000000000000e+04,-1.477900000000000000e+04,-1.827400000000000000e+04,1.036300000000000000e+04,-4.724700000000000000e+04,-5.370000000000000000e+03,-2.474000000000000000e+04,-4.174400000000000000e+04
-2.491100000000000000e+04,-1.977300000000000000e+04,-2.037200000000000000e+04,-2.538500000000000000e+04,-1.651900000000000000e+04,-2.227800000000000000e+04,3.068200000000000000e+04,-2.459400000000000000e+04
-4.042000000000000000e+03,-6.714000000000000000e+03,-5.220000000000000000e+03,-5.523000000000000000e+03,-1.816600000000000000e+04,-2.005400000000000000e+04,-1.800100000000000000e+04,-2.969300000000000000e+04
1.045600000000000000e+04,-1.577800000000000000e+04,-1.696100000000000000e+04,1.007700000000000000e+04,-2.789200000000000000e+04,-1.355800000000000000e+04,-2.475600000000000000e+04,-3.389400000000000000e+04
-2.955000000000000000e+03,-3.370300000000000000e+04,-2.082600000000000000e+04,-1.390200000000000000e+04,1.652100000000000000e+04,-3.438100000000000000e+04,-3.603000000000000000e+04,-2.048000000000000000e+04
4.078000000000000000e+03,-1.480500000000000000e+04,-2.073000000000000000e+04,-3.997000000000000000e+03,-1.332500000000000000e+04,-5.907000000000000000e+03,-1.909100000000000000e+04,-2.340400000000000000e+04
-2.282700000000000000e+04,-2.439500000000000000e+04,-1.984400000000000000e+04,-1.956600000000000000e+04,-2.570600000000000000e+04,-3.109800000000000000e+04,-2.479600000000000000e+04,2.375600000000000000e+04
-1.851400000000000000e+04,1.093900000000000000e+04,-2.129100000000000000e+04,-8.463000000000000000e+03,-3.949700000000000000e+04,-2.491100000000000000e+04,-2.199200000000000000e+04,-4.516600000000000000e+04
-2.119300000000000000e+04,-3.230300000000000000e+04,-7.417000000000000000e+03,-4.122800000000000000e+04,-3.353500000000000000e+04,-5.060900000000000000e+04,-2.630500000000000000e+04,2.058800000000000000e+04
-2.773600000000000000e+04,-1.322800000000000000e+04,-9.336000000000000000e+03,-1.049900000000000000e+04,-1.710100000000000000e+04,-1.437600000000000000e+04,-7.029000000000000000e+03,-3.651900000000000000e+04
-2.542800000000000000e+04,-1.616500000000000000e+04,-2.307400000000000000e+04,-2.125900000000000000e+04,-3.086000000000000000e+04,2.767000000000000000e+03,1.269800000000000000e+04,-1.435300000000000000e+04
-1.655900000000000000e+04,-7.306000000000000000e+03,-2.610500000000000000e+04,-7.052000000000000000e+03,-3.642700000000000000e+04,-2.088000000000000000e+04,4.336000000000000000e+03,-3.049100000000000000e+04
-2.769700000000000000e+04,-1.888800000000000000e+04,-1.286600000000000000e+04,-1.939400000000000000e+04,-2.229100000000000000e+04,-3.333600000000000000e+04,1.490000000000000000e+04,-1.790100000000000000e+04
-1.073100000000000000e+04,-2.361000000000000000e+03,-2.337200000000000000e+04,-1.812300000000000000e+04,-1.752700000000000000e+04,-1.559800000000000000e+04,1.510300000000000000e+04,-3.109300000000000000e+04
-1.926600000000000000e+04,-2.386600000000000000e+04,-1.140600000000000000e+04,-1.158000000000000000e+04,-1.994000000000000000e+04,-6.045000000000000000e+03,2.117000000000000000e+03,-3.086200000000000000e+04
-2.282000000000000000e+04,-1.157100000000000000e+04,-2.573800000000000000e+04,4.261000000000000000e+03,-1.380500000000000000e+04,1.887000000000000000e+03,-1.645500000000000000e+04,-2.633900000000000000e+04
-1.296800000000000000e+04,-1.617300000000000000e+04,-3.417000000000000000e+03,-8.444000000000000000e+03,-1.585400000000000000e+04,-2.102900000000000000e+04,-1.490000000000000000e+03,-1.651000000000000000e+03
-1.515000000000000000e+04,-1.534000000000000000e+04,-3.472000000000000000e+03,-2.338900000000000000e+04,-1.067500000000000000e+04,-3.964000000000000000e+03,-2.854000000000000000e+04,-1.239700000000000000e+04
-3.101100000000000000e+04,-6.731000000000000000e+03,-1.616400000000000000e+04,-1.137600000000000000e+04,-3.846100000000000000e+04,-2.327300000000000000e+04,6.305000000000000000e+03,-2.598100000000000000e+04
-3.061200000000000000e+04,-7.899000000000000000e+03,-2.170300000000000000e+04,-7.185000000000000000e+03,-3.675400000000000000e+04,-2.048500000000000000e+04,1.064600000000000000e+04,-3.585200000000000000e+04
-4.353200000000000000e+04,-1.710700000000000000e+04,1.118300000000000000e+04,-1.231500000000000000e+04,-2.480800000000000000e+04,-2.635100000000000000e+04,-6.507000000000000000e+03,-1.200300000000000000e+04
-5.680000000000000000e+02,-2.056300000000000000e+04,-2.710800000000000000e+04,-2.180000000000000000e+02,-1.367200000000000000e+04,6.458000000000000000e+03,-3.034400000000000000e+04,-3.542500000000000000e+04
-1.350100000000000000e+04,1.071900000000000000e+04,-1.919800000000000000e+04,-1.827000000000000000e+04,-4.472400000000000000e+04,-6.467000000000000000e+03,-1.879300000000000000e+04,-2.623600000000000000e+04
-3.057000000000000000e+04,-2.527300000000000000e+04,-9.377000000000000000e+03,-7.448000000000000000e+03,-2.904400000000000000e+04,-1.222400000000000000e+04,-7.556000000000000000e+03,-1.891100000000000000e+04
-2.131900000000000000e+04,-1.461400000000000000e+04,-7.675000000000000000e+03,-3.060000000000000000e+04,-2.016900000000000000e+04,-2.261400000000000000e+04,4.450000000000000000e+02,-2.355000000000000000e+04
-2.797000000000000000e+04,9.571000000000000000e+03,-1.650400000000000000e+04,-1.890000000000000000e+04,-4.883200000000000000e+04,-2.547500000000000000e+04,4.453000000000000000e+03,-3.309800000000000000e+04
-1.968300000000000000e+04,-1.153200000000000000e+04,-1.210400000000000000e+04,-5.396000000000000000e+03,-7.859000000000000000e+03,-1.777100000000000000e+04,-1.202800000000000000e+04,-3.711900000000000000e+04
-3.251800000000000000e+04,-1.786700000000000000e+04,-2.610400000000000000e+04,-2.036900000000000000e+04,-2.558900000000000000e+04,-1.769900000000000000e+04,2.309100000000000000e+04,-2.553300000000000000e+04
-7.888000000000000000e+03,-2.076700000000000000e+04,4.600000000000000000e+03,-2.146900000000000000e+04,-4.385000000000000000e+03,-2.647400000000000000e+04,-3.834200000000000000e+04,-2.415400000000000000e+04
-1.462100000000000000e+04,-1.267500000000000000e+04,3.415000000000000000e+03,-4.866000000000000000e+03,-1.583000000000000000e+04,-1.342000000000000000e+04,-3.169800000000000000e+04,-3.442400000000000000e+04
-2.046500000000000000e+04,-1.634100000000000000e+04,-9.910000000000000000e+03,-1.415500000000000000e+04,-3.035300000000000000e+04,-1.929900000000000000e+04,1.525300000000000000e+04,-2.395500000000000000e+04
-2.474700000000000000e+04,-1.160800000000000000e+04,-1.202200000000000000e+04,3.326000000000000000e+03,-3.592000000000000000e+04,2.603000000000000000e+03,-1.321200000000000000e+04,-3.736000000000000000e+04
-1.851200000000000000e+04,-2.545200000000000000e+04,3.550000000000000000e+02,-1.655400000000000000e+04,-1.083800000000000000e+04,-2.050000000000000000e+04,-1.141900000000000000e+04,-2.051600000000000000e+04
-1.124000000000000000e+04,-1.821200000000000000e+04,-1.114500000000000000e+04,-6.855000000000000000e+03,3.035000000000000000e+03,-1.693100000000000000e+04,-1.852100000000000000e+04,-3.461100000000000000e+04
4.666000000000000000e+03,-2.691100000000000000e+04,-2.838300000000000000e+04,2.584000000000000000e+03,-3.898200000000000000e+04,-8.519000000000000000e+03,-3.192300000000000000e+04,-4.834900000000000000e+04
-1.959300000000000000e+04,-2.322400000000000000e+04,-1.440700000000000000e+04,1.688700000000000000e+04,-3.004900000000000000e+04,-4.475000000000000000e+03,-1.388800000000000000e+04,-4.763200000000000000e+04
-8.993000000000000000e+03,5.571000000000000000e+03,-2.115100000000000000e+04,-2.170200000000000000e+04,-3.493300000000000000e+04,-2.349200000000000000e+04,-1.179400000000000000e+04,-2.617400000000000000e+04
-3.736400000000000000e+04,-7.693000000000000000e+03,-2.602700000000000000e+04,-1.738900000000000000e+04,-3.268200000000000000e+04,-1.326000000000000000e+04,1.605200000000000000e+04,-2.994100000000000000e+04
-2.843800000000000000e+04,-6.357000000000000000e+03,-1.940900000000000000e+04,2.630000000000000000e+02,-3.273500000000000000e+04,2.916000000000000000e+03,-9.102000000000000000e+03,-5.391200000000000000e+04
-1.129200000000000000e+04,-2.457800000000000000e+04,4.240000000000000000e+02,-5.179000000000000000e+03,-1.176100000000000000e+04,-1.788100000000000000e+04,-1.892000000000000000e+04,-2.627400000000000000e+04
-2.783700000000000000e+04,-2.367500000000000000e+04,-2.180500000000000000e+04,-3.414200000000000000e+04,-2.638800000000000000e+04,-2.002300000000000000e+04,-1.859200000000000000e+04,2.232200000000000000e+04
-9.991000000000000000e+03,-1.952500000000000000e+04,-2.185300000000000000e+04,-6.725000000000000000e+03,-1.429000000000000000e+03,-2.493800000000000000e+04,-2.567800000000000000e+04,-3.792200000000000000e+04
-3.334800000000000000e+04,-1.969100000000000000e+04,-1.187000000000000000e+04,-3.201500000000000000e+04,-9.685000000000000000e+03,-2.641400000000000000e+04,-2.318600000000000000e+04,5.928000000000000000e+03
-9.257000000000000000e+03,-2.040000000000000000e+04,-1.530900000000000000e+04,-2.878000000000000000e+03,5.009000000000000000e+03,-9.871000000000000000e+03,-3.065900000000000000e+04,-3.744100000000000000e+04
-2.843900000000000000e+04,-6.693000000000000000e+03,-2.011300000000000000e+04,-5.021000000000000000e+03,-3.756600000000000000e+04,-1.836900000000000000e+04,1.445400000000000000e+04,-3.421800000000000000e+04
-7.240000000000000000e+02,-2.823500000000000000e+04,-1.304800000000000000e+04,-9.974000000000000000e+03,9.655000000000000000e+03,-7.678000000000000000e+03,-3.043300000000000000e+04,-2.767100000000000000e+04
-3.993200000000000000e+04,2.799000000000000000e+03,-8.849000000000000000e+03,-5.430000000000000000e+03,-5.029500000000000000e+04,-1.062900000000000000e+04,-3.014900000000000000e+04,-5.126400000000000000e+04
-1.668600000000000000e+04,-1.231000000000000000e+03,-2.885900000000000000e+04,-1.929000000000000000e+04,-3.204600000000000000e+04,2.246000000000000000e+03,-1.675600000000000000e+04,-3.903300000000000000e+04
-3.741500000000000000e+04,-2.747800000000000000e+04,-8.600000000000000000e+01,-2.093300000000000000e+04,-2.543300000000000000e+04,-3.445200000000000000e+04,-1.990600000000000000e+04,5.750000000000000000e+02
-2.824600000000000000e+04,-1.919500000000000000e+04,-7.853000000000000000e+03,-8.594000000000000000e+03,-1.961100000000000000e+04,-1.779900000000000000e+04,1.939000000000000000e+03,-2.077300000000000000e+04
-2.034800000000000000e+04,-1.831300000000000000e+04,-1.989900000000000000e+04,-2.764900000000000000e+04,-2.489200000000000000e+04,-2.248200000000000000e+04,1.070000000000000000e+04,-2.063000000000000000e+04
-3.399000000000000000e+04,-3.043000000000000000e+04,-1.401700000000000000e+04,-3.532600000000000000e+04,-1.905500000000000000e+04,-2.509500000000000000e+04,-2.133600000000000000e+04,1.738900000000000000e+04
-1.229000000000000000e+03,-1.096800000000000000e+04,-2.503700000000000000e+04,3.661000000000000000e+03,-4.340500000000000000e+04,-5.876000000000000000e+03,-3.181300000000000000e+04,-3.228100000000000000e+04
-2.678000000000000000e+04,-9.121000000000000000e+03,-8.886000000000000000e+03,2.356000000000000000e+03,1.793000000000000000e+03,-1.603900000000000000e+04,-9.807000000000000000e+03,-1.846900000000000000e+04
-2.029800000000000000e+04,-1.078600000000000000e+04,-1.850200000000000000e+04,-2.194900000000000000e+04,-2.839400000000000000e+04,-8.951000000000000000e+03,6.263000000000000000e+03,-3.013500000000000000e+04
-2.655900000000000000e+04,4.428000000000000000e+03,-2.206400000000000000e+04,-2.331300000000000000e+04,-4.770800000000000000e+04,-1.401100000000000000e+04,-7.314000000000000000e+03,-2.711000000000000000e+04
-1.822900000000000000e+04,-1.658700000000000000e+04,-3.705000000000000000e+03,-1.882400000000000000e+04,-1.388500000000000000e+04,-2.232600000000000000e+04,-2.200000000000000000e+03,-1.747400000000000000e+04
-1.673100000000000000e+04,-1.181600000000000000e+04,-1.581800000000000000e+04,5.659000000000000000e+03,-3.680300000000000000e+04,1.285000000000000000e+03,-2.345100000000000000e+04,-3.141700000000000000e+04
-3.992900000000000000e+04,-2.025400000000000000e+04,-9.752000000000000000e+03,-2.710000000000000000e+04,-1.880300000000000000e+04,-3.462800000000000000e+04,-3.223200000000000000e+04,8.622000000000000000e+03
-2.014500000000000000e+04,-2.259200000000000000e+04,-1.979900000000000000e+04,-2.701000000000000000e+03,-1.506500000000000000e+04,4.757000000000000000e+03,-1.930500000000000000e+04,-2.852600000000000000e+04
-2.175100000000000000e+04,-4.473000000000000000e+03,-2.211700000000000000e+04,-5.023000000000000000e+03,-2.995400000000000000e+04,-1.517800000000000000e+04,6.577000000000000000e+03,-2.451300000000000000e+04
-1.403500000000000000e+04,-2.009200000000000000e+04,-2.161400000000000000e+04,-2.428800000000000000e+04,-2.000400000000000000e+04,-8.370000000000000000e+02,-9.495000000000000000e+03,1.091900000000000000e+04
-1.276500000000000000e+04,-1.562900000000000000e+04,3.208000000000000000e+03,-1.640500000000000000e+04,-1.589000000000000000e+03,-2.748900000000000000e+04,-3.365400000000000000e+04,-9.012000000000000000e+03
-3.202800000000000000e+04,-2.346800000000000000e+04,1.513000000000000000e+03,-2.958100000000000000e+04,-2.921800000000000000e+04,-3.744000000000000000e+03,1.322400000000000000e+04,-2.247100000000000000e+04
8.121000000000000000e+03,-2.069400000000000000e+04,-1.200200000000000000e+04,-7.216000000000000000e+03,-5.227000000000000000e+03,-1.345500000000000000e+04,-3.316900000000000000e+04,-4.251400000000000000e+04
-3.780300000000000000e+04,-2.345300000000000000e+04,7.203000000000000000e+03,-1.226000000000000000e+04,-2.843200000000000000e+04,-3.150900000000000000e+04,-1.925000000000000000e+03,-2.184000000000000000e+04
-3.360200000000000000e+04,-1.782500000000000000e+04,-1.324800000000000000e+04,-3.443600000000000000e+04,-1.912600000000000000e+04,-2.095600000000000000e+04,1.130400000000000000e+04,-5.468000000000000000e+03
-1.816500000000000000e+04,-1.213900000000000000e+04,-7.051000000000000000e+03,2.520000000000000000e+02,-1.413700000000000000e+04,-1.362300000000000000e+04,-1.857700000000000000e+04,-3.021000000000000000e+04
-3.180400000000000000e+04,-1.733700000000000000e+04,-2.484400000000000000e+04,-1.881400000000000000e+04,-2.052500000000000000e+04,-1.167900000000000000e+04,9.211000000000000000e+03,-4.487700000000000000e+04
-3.214000000000000000e+04,-8.278000000000000000e+03,-6.941000000000000000e+03,8.290000000000000000e+02,-2.228100000000000000e+04,-1.843900000000000000e+04,-8.716000000000000000e+03,-3.463400000000000000e+04
-4.250700000000000000e+04,-3.538600000000000000e+04,-9.267000000000000000e+03,-2.935200000000000000e+04,-3.823900000000000000e+04,-3.257100000000000000e+04,-3.472700000000000000e+04,1.217500000000000000e+04
-2.331000000000000000e+04,-1.156300000000000000e+04,-9.883000000000000000e+03,-1.285300000000000000e+04,-1.538600000000000000e+04,-1.249700000000000000e+04,6.032000000000000000e+03,-2.349600000000000000e+04
-3.601500000000000000e+04,-1.518600000000000000e+04,1.981000000000000000e+03,-2.643200000000000000e+04,-9.245000000000000000e+03,-3.370100000000000000e+04,-3.186300000000000000e+04,1.597300000000000000e+04
-2.062400000000000000e+04,-1.990000000000000000e+03,-1.294500000000000000e+04,-8.752000000000000000e+03,-1.907200000000000000e+04,-1.529600000000000000e+04,-1.165900000000000000e+04,-1.457800000000000000e+04
-3.327400000000000000e+04,7.528000000000000000e+03,-9.284000000000000000e+03,-2.119100000000000000e+04,-3.378700000000000000e+04,-1.575800000000000000e+04,-1.090400000000000000e+04,-3.093300000000000000e+04
-7.069000000000000000e+03,-1.112200000000000000e+04,-2.011700000000000000e+04,-2.463600000000000000e+04,-1.051000000000000000e+04,-9.723000000000000000e+03,-1.262800000000000000e+04,1.310100000000000000e+04
-1.601500000000000000e+04,-1.360400000000000000e+04,-1.448500000000000000e+04,5.028000000000000000e+03,-1.821100000000000000e+04,-1.439700000000000000e+04,-1.648400000000000000e+04,-3.761200000000000000e+04
-2.527300000000000000e+04,1.387300000000000000e+04,-1.690100000000000000e+04,-1.650800000000000000e+04,-4.753800000000000000e+04,-5.371000000000000000e+03,-3.323600000000000000e+04,-3.735900000000000000e+04
-4.678600000000000000e+04,-1.697100000000000000e+04,-1.419600000000000000e+04,-1.365500000000000000e+04,-2.810300000000000000e+04,-7.024000000000000000e+03,7.816000000000000000e+03,-2.669600000000000000e+04
-8.441000000000000000e+03,-1.341500000000000000e+04,-2.147500000000000000e+04,1.255000000000000000e+03,-2.971200000000000000e+04,-4.692000000000000000e+03,-1.605000000000000000e+04,-3.038500000000000000e+04
-1.496500000000000000e+04,1.119400000000000000e+04,-1.920100000000000000e+04,-1.370700000000000000e+04,-3.824000000000000000e+04,-2.617200000000000000e+04,-1.793800000000000000e+04,-3.810400000000000000e+04
-2.065100000000000000e+04,2.017000000000000000e+03,-1.834900000000000000e+04,-1.704100000000000000e+04,-2.583700000000000000e+04,-1.412100000000000000e+04,-1.394100000000000000e+04,-6.682000000000000000e+03
-1.388900000000000000e+04,-1.130900000000000000e+04,-1.023800000000000000e+04,-6.530000000000000000e+03,-4.199600000000000000e+04,-7.370000000000000000e+02,-2.240200000000000000e+04,-5.277500000000000000e+04
-2.752400000000000000e+04,-1.594100000000000000e+04,-2.027500000000000000e+04,-1.900900000000000000e+04,-1.164900000000000000e+04,-2.553700000000000000e+04,-1.678800000000000000e+04,2.385300000000000000e+04
-2.383000000000000000e+04,-2.186000000000000000e+04,7.230000000000000000e+03,-9.852000000000000000e+03,-2.026300000000000000e+04,-1.374900000000000000e+04,-1.631200000000000000e+04,-7.712000000000000000e+03
-1.774000000000000000e+04,1.290700000000000000e+04,-1.436400000000000000e+04,-2.222700000000000000e+04,-4.879400000000000000e+04,-2.525700000000000000e+04,-3.025800000000000000e+04,-3.680500000000000000e+04
-1.865400000000000000e+04,-1.479500000000000000e+04,6.695000000000000000e+03,-2.915200000000000000e+04,3.402000000000000000e+03,-2.560500000000000000e+04,-1.915000000000000000e+04,-2.454400000000000000e+04
-2.303600000000000000e+04,3.185600000000000000e+04,-1.819200000000000000e+04,-1.943300000000000000e+04,-5.573700000000000000e+04,-2.756800000000000000e+04,-3.563400000000000000e+04,-4.783600000000000000e+04
4.928000000000000000e+03,-2.496100000000000000e+04,-1.966400000000000000e+04,-5.364000000000000000e+03,-3.172900000000000000e+04,6.618000000000000000e+03,-2.191500000000000000e+04,-3.110100000000000000e+04
-2.451600000000000000e+04,-1.019400000000000000e+04,-2.029600000000000000e+04,-9.384000000000000000e+03,-2.057900000000000000e+04,-2.674700000000000000e+04,7.654000000000000000e+03,-8.504000000000000000e+03
-2.465300000000000000e+04,-1.361700000000000000e+04,-5.944000000000000000e+03,-2.712000000000000000e+03,-1.609000000000000000e+04,1.727000000000000000e+04,-2.352400000000000000e+04,-1.657600000000000000e+04
-4.516400000000000000e+04,-2.812100000000000000e+04,-7.790000000000000000e+02,-2.957500000000000000e+04,-2.645300000000000000e+04,-4.254500000000000000e+04,-2.585700000000000000e+04,1.150600000000000000e+04
-3.547700000000000000e+04,-1.602600000000000000e+04,-1.556600000000000000e+04,-8.656000000000000000e+03,-3.201800000000000000e+04,-2.085200000000000000e+04,1.302200000000000000e+04,-2.095300000000000000e+04
-1.306900000000000000e+04,-1.394100000000000000e+04,1.778700000000000000e+04,-3.224400000000000000e+04,-1.387300000000000000e+04,-3.693800000000000000e+04,-3.000200000000000000e+04,-9.815000000000000000e+03
-2.040000000000000000e+03,-2.375200000000000000e+04,-1.773400000000000000e+04,-1.308400000000000000e+04,-9.906000000000000000e+03,-2.932000000000000000e+03,-1.279300000000000000e+04,-3.441400000000000000e+04
-1.403400000000000000e+04,7.929000000000000000e+03,-1.186000000000000000e+04,-2.187600000000000000e+04,-3.420500000000000000e+04,-1.083600000000000000e+04,-1.178100000000000000e+04,-1.882500000000000000e+04
-4.007000000000000000e+03,1.172000000000000000e+03,-1.853400000000000000e+04,-1.759300000000000000e+04,-1.431200000000000000e+04,-4.426000000000000000e+03,-7.148000000000000000e+03,-7.171000000000000000e+03
-2.339400000000000000e+04,1.628600000000000000e+04,-1.602700000000000000e+04,-8.910000000000000000e+03,-4.954000000000000000e+04,-1.966500000000000000e+04,-2.567700000000000000e+04,-4.455900000000000000e+04
-1.186300000000000000e+04,-1.147800000000000000e+04,-2.612700000000000000e+04,-8.350000000000000000e+03,-2.506800000000000000e+04,-2.081100000000000000e+04,1.858900000000000000e+04,-2.924000000000000000e+04
-4.995000000000000000e+03,-2.573200000000000000e+04,-1.725600000000000000e+04,-4.232000000000000000e+03,-3.183000000000000000e+03,-3.579000000000000000e+03,-2.232200000000000000e+04,-1.982500000000000000e+04
-1.182700000000000000e+04,-2.167800000000000000e+04,-2.773400000000000000e+04,3.499000000000000000e+03,-4.981500000000000000e+04,5.645000000000000000e+03,-3.507500000000000000e+04,-4.886400000000000000e+04
-3.095800000000000000e+04,-2.729200000000000000e+04,-1.905600000000000000e+04,-1.712400000000000000e+04,-2.776800000000000000e+04,-2.882700000000000000e+04,-2.177200000000000000e+04,2.415300000000000000e+04
-4.857500000000000000e+04,-8.171000000000000000e+03,-1.416900000000000000e+04,9.139000000000000000e+03,-4.508400000000000000e+04,-8.892000000000000000e+03,-9.048000000000000000e+03,-4.792600000000000000e+04
-3.649500000000000000e+04,-5.646000000000000000e+03,-8.673000000000000000e+03,-1.668600000000000000e+04,-3.038600000000000000e+04,-2.123900000000000000e+04,-1.930000000000000000e+02,-3.818600000000000000e+04
1.980000000000000000e+03,-1.694100000000000000e+04,-1.068900000000000000e+04,7.315000000000000000e+03,-1.088700000000000000e+04,-1.557000000000000000e+04,-3.331300000000000000e+04,-3.960300000000000000e+04
-4.355000000000000000e+03,-2.299500000000000000e+04,-1.861000000000000000e+04,-2.810000000000000000e+03,-3.901200000000000000e+04,6.222000000000000000e+03,-3.518600000000000000e+04,-5.662200000000000000e+04
-1.325500000000000000e+04,-1.785700000000000000e+04,-2.025700000000000000e+04,-8.240000000000000000e+02,-2.315400000000000000e+04,3.820000000000000000e+03,-2.406400000000000000e+04,-3.979900000000000000e+04
-1.140300000000000000e+04,-1.987500000000000000e+04,-2.458400000000000000e+04,1.912000000000000000e+03,-2.532000000000000000e+03,-7.334000000000000000e+03,-2.505400000000000000e+04,-3.459800000000000000e+04
-3.598900000000000000e+04,-1.942800000000000000e+04,-5.745000000000000000e+03,-2.737800000000000000e+04,-3.209300000000000000e+04,-1.786000000000000000e+04,7.082000000000000000e+03,-2.911700000000000000e+04
-4.267900000000000000e+04,-5.371000000000000000e+03,-1.621700000000000000e+04,-1.650000000000000000e+04,-3.427300000000000000e+04,-9.246000000000000000e+03,1.953100000000000000e+04,-3.224900000000000000e+04
-2.950900000000000000e+04,2.844700000000000000e+04,-3.215600000000000000e+04,-2.163300000000000000e+04,-5.438700000000000000e+04,-8.212000000000000000e+03,-3.454300000000000000e+04,-5.541100000000000000e+04
-2.442500000000000000e+04,-1.750600000000000000e+04,-1.553900000000000000e+04,-1.640700000000000000e+04,-2.596200000000000000e+04,-1.453300000000000000e+04,2.054100000000000000e+04,-1.885700000000000000e+04
-2.458700000000000000e+04,-2.052300000000000000e+04,-1.780000000000000000e+04,1.470000000000000000e+03,-2.292400000000000000e+04,8.310000000000000000e+03,-2.697500000000000000e+04,-3.915200000000000000e+04
-2.141900000000000000e+04,-1.295200000000000000e+04,2.148000000000000000e+04,-2.393000000000000000e+04,-2.074200000000000000e+04,-2.663500000000000000e+04,-2.434200000000000000e+04,-1.062600000000000000e+04
-3.745700000000000000e+04,-3.104200000000000000e+04,-2.174700000000000000e+04,-3.639900000000000000e+04,-2.815000000000000000e+04,-2.241800000000000000e+04,-1.649800000000000000e+04,2.154300000000000000e+04
-2.010800000000000000e+04,5.813000000000000000e+03,-3.295300000000000000e+04,-2.107100000000000000e+04,-4.575300000000000000e+04,3.968000000000000000e+03,-1.140300000000000000e+04,-1.807700000000000000e+04
-2.283100000000000000e+04,-1.951900000000000000e+04,-2.026900000000000000e+04,-1.523800000000000000e+04,-1.452100000000000000e+04,1.053100000000000000e+04,3.572000000000000000e+03,-3.369400000000000000e+04
-1.966700000000000000e+04,-2.365500000000000000e+04,-2.653200000000000000e+04,-1.310400000000000000e+04,-2.613700000000000000e+04,1.324200000000000000e+04,-2.061700000000000000e+04,-2.649500000000000000e+04
-2.686800000000000000e+04,2.071800000000000000e+04,-2.123500000000000000e+04,-1.400800000000000000e+04,-4.274000000000000000e+04,-1.444700000000000000e+04,-1.171300000000000000e+04,-3.804200000000000000e+04
-1.239000000000000000e+04,-1.517800000000000000e+04,-1.906200000000000000e+04,1.294900000000000000e+04,-3.868700000000000000e+04,-2.780000000000000000e+03,-2.552200000000000000e+04,-4.271000000000000000e+04
-2.037500000000000000e+04,-1.068400000000000000e+04,-8.894000000000000000e+03,-3.081400000000000000e+04,-2.725700000000000000e+04,-3.572000000000000000e+03,7.153000000000000000e+03,-1.741900000000000000e+04
-2.834300000000000000e+04,-1.113200000000000000e+04,-2.539600000000000000e+04,1.261000000000000000e+04,-3.435300000000000000e+04,-1.531000000000000000e+03,-1.588000000000000000e+04,-4.922800000000000000e+04
-5.604000000000000000e+03,-1.314900000000000000e+04,-2.101500000000000000e+04,1.012500000000000000e+04,-2.605100000000000000e+04,-2.902000000000000000e+03,-1.949300000000000000e+04,-1.454900000000000000e+04
1.010700000000000000e+04,-2.095300000000000000e+04,-2.108200000000000000e+04,-2.769000000000000000e+03,-1.361300000000000000e+04,-4.244000000000000000e+03,-3.485800000000000000e+04,-5.392000000000000000e+04
-1.658200000000000000e+04,2.984200000000000000e+04,-3.016300000000000000e+04,-2.465400000000000000e+04,-5.190900000000000000e+04,-1.716100000000000000e+04,-3.200200000000000000e+04,-2.805500000000000000e+04
-3.214600000000000000e+04,-1.157900000000000000e+04,-1.499600000000000000e+04,-2.496100000000000000e+04,-3.575000000000000000e+04,-2.377700000000000000e+04,-2.689700000000000000e+04,7.381000000000000000e+03
-4.443100000000000000e+04,-3.160000000000000000e+02,-1.731900000000000000e+04,-1.056800000000000000e+04,-5.105900000000000000e+04,-1.082700000000000000e+04,8.070000000000000000e+03,-3.648800000000000000e+04
-2.586700000000000000e+04,-9.750000000000000000e+03,-1.663000000000000000e+04,8.220000000000000000e+02,-4.304100000000000000e+04,-1.830000000000000000e+04,1.641100000000000000e+04,-3.634600000000000000e+04
-4.037700000000000000e+04,-9.400000000000000000e+03,-1.762700000000000000e+04,8.170000000000000000e+03,-2.924600000000000000e+04,-9.437000000000000000e+03,-3.423000000000000000e+03,-2.388900000000000000e+04
-4.361400000000000000e+04,-2.063000000000000000e+04,-2.936100000000000000e+04,-1.016000000000000000e+04,-3.658200000000000000e+04,-1.572700000000000000e+04,2.538300000000000000e+04,-2.608100000000000000e+04
-1.962100000000000000e+04,-2.555700000000000000e+04,-2.321300000000000000e+04,-9.719000000000000000e+03,7.603000000000000000e+03,-2.062900000000000000e+04,-2.442900000000000000e+04,-1.249300000000000000e+04
-9.033000000000000000e+03,1.262200000000000000e+04,-2.281000000000000000e+04,-1.792200000000000000e+04,-5.341400000000000000e+04,-2.216700000000000000e+04,-3.573300000000000000e+04,-2.883900000000000000e+04
-1.620400000000000000e+04,-2.682000000000000000e+04,-1.370500000000000000e+04,-3.315000000000000000e+04,1.483000000000000000e+04,-2.841500000000000000e+04,-2.750800000000000000e+04,-1.408100000000000000e+04
-3.951800000000000000e+04,-2.051700000000000000e+04,5.900000000000000000e+03,-3.285300000000000000e+04,-3.861700000000000000e+04,-3.221200000000000000e+04,-2.948200000000000000e+04,5.371000000000000000e+03
-3.056600000000000000e+04,2.779700000000000000e+04,-1.799900000000000000e+04,-1.840900000000000000e+04,-4.868000000000000000e+04,-2.187600000000000000e+04,-3.722000000000000000e+04,-3.143000000000000000e+04
-2.849400000000000000e+04,-3.064300000000000000e+04,-2.333900000000000000e+04,-3.098700000000000000e+04,-3.056200000000000000e+04,-3.107400000000000000e+04,-2.329100000000000000e+04,2.062900000000000000e+04
-3.670500000000000000e+04,-2.044900000000000000e+04,-2.446400000000000000e+04,-1.349200000000000000e+04,-3.629900000000000000e+04,-1.707900000000000000e+04,1.526100000000000000e+04,-3.452500000000000000e+04
-3.541600000000000000e+04,-2.830400000000000000e+04,-1.411200000000000000e+04,-1.669500000000000000e+04,-3.033500000000000000e+04,-1.472300000000000000e+04,3.737300000000000000e+04,-2.489200000000000000e+04
-1.879200000000000000e+04,-1.019000000000000000e+03,-2.490700000000000000e+04,-1.000000000000000000e+00,-2.263900000000000000e+04,-1.721400000000000000e+04,-2.134900000000000000e+04,-1.932400000000000000e+04
1.124100000000000000e+04,-1.847500000000000000e+04,-2.838200000000000000e+04,-7.150000000000000000e+02,-6.625000000000000000e+03,-8.832000000000000000e+03,-2.529500000000000000e+04,-4.987300000000000000e+04
-3.714900000000000000e+04,-1.889400000000000000e+04,-2.474300000000000000e+04,-2.562500000000000000e+04,-2.057500000000000000e+04,-9.993000000000000000e+03,1.338100000000000000e+04,-1.414900000000000000e+04
-2.364100000000000000e+04,-2.547600000000000000e+04,-9.040000000000000000e+02,-2.856400000000000000e+04,-2.506300000000000000e+04,-2.446800000000000000e+04,-2.410100000000000000e+04,9.515000000000000000e+03
6.679000000000000000e+03,-1.785300000000000000e+04,-1.817700000000000000e+04,1.604000000000000000e+03,-2.102500000000000000e+04,-6.683000000000000000e+03,-2.785200000000000000e+04,-4.781000000000000000e+04
-2.703000000000000000e+03,9.913000000000000000e+03,-1.684200000000000000e+04,-1.900000000000000000e+04,-4.215500000000000000e+04,-1.919300000000000000e+04,-1.311800000000000000e+04,-4.445100000000000000e+04
-2.736700000000000000e+04,-2.662400000000000000e+04,-1.990500000000000000e+04,1.180900000000000000e+04,-1.862500000000000000e+04,1.807000000000000000e+03,-5.798000000000000000e+03,-3.737900000000000000e+04
-1.930700000000000000e+04,-1.950800000000000000e+04,-1.663200000000000000e+04,5.400000000000000000e+02,-2.687300000000000000e+04,-1.367100000000000000e+04,-1.539700000000000000e+04,-3.728900000000000000e+04
-1.754600000000000000e+04,-1.278900000000000000e+04,-8.824000000000000000e+03,3.916000000000000000e+03,1.910000000000000000e+02,-9.170000000000000000e+02,-1.529500000000000000e+04,-4.010600000000000000e+04
-1.213000000000000000e+04,-1.075200000000000000e+04,-1.875300000000000000e+04,7.859000000000000000e+03,-3.701000000000000000e+04,2.250000000000000000e+02,-2.573900000000000000e+04,-4.553500000000000000e+04
-1.812200000000000000e+04,-1.409400000000000000e+04,-1.701200000000000000e+04,-2.011300000000000000e+04,-2.276100000000000000e+04,-2.096000000000000000e+04,1.499600000000000000e+04,-1.968300000000000000e+04
6.785000000000000000e+03,-2.765900000000000000e+04,-1.657500000000000000e+04,3.474000000000000000e+03,-4.848800000000000000e+04,-1.138000000000000000e+03,-3.108300000000000000e+04,-4.614000000000000000e+04
-3.307000000000000000e+03,-2.057400000000000000e+04,-1.430600000000000000e+04,-1.530600000000000000e+04,1.061000000000000000e+04,-1.791100000000000000e+04,-3.001000000000000000e+04,-3.402600000000000000e+04
-3.557900000000000000e+04,-2.208600000000000000e+04,-5.218000000000000000e+03,-2.995900000000000000e+04,-3.857600000000000000e+04,-2.497700000000000000e+04,-2.807600000000000000e+04,1.085400000000000000e+04
-1.917300000000000000e+04,-2.282300000000000000e+04,-1.817000000000000000e+04,-4.192000000000000000e+03,-1.737600000000000000e+04,-4.598000000000000000e+03,-1.630200000000000000e+04,-1.799900000000000000e+04
-8.885000000000000000e+03,4.151000000000000000e+03,-1.351700000000000000e+04,-1.252600000000000000e+04,-3.822000000000000000e+04,-2.268800000000000000e+04,-2.087600000000000000e+04,-3.357900000000000000e+04
-3.724500000000000000e+04,-1.541800000000000000e+04,-1.695400000000000000e+04,-2.042700000000000000e+04,-2.366800000000000000e+04,-1.137200000000000000e+04,-1.295200000000000000e+04,1.355000000000000000e+04
-2.262300000000000000e+04,-1.882200000000000000e+04,-2.204600000000000000e+04,-2.154800000000000000e+04,-1.335200000000000000e+04,-1.741000000000000000e+04,-1.852100000000000000e+04,1.713700000000000000e+04
-1.771500000000000000e+04,-2.517000000000000000e+03,-1.765300000000000000e+04,-2.388300000000000000e+04,-3.198100000000000000e+04,-1.747200000000000000e+04,-7.706000000000000000e+03,-2.632900000000000000e+04
-2.775500000000000000e+04,-7.279000000000000000e+03,-5.668000000000000000e+03,1.515000000000000000e+03,-2.895200000000000000e+04,3.411000000000000000e+03,-1.181500000000000000e+04,-5.191400000000000000e+04
-3.711300000000000000e+04,3.308000000000000000e+03,-1.999300000000000000e+04,-1.855400000000000000e+04,-4.462800000000000000e+04,-9.120000000000000000e+03,-1.046200000000000000e+04,-2.626400000000000000e+04
-1.922200000000000000e+04,-2.179600000000000000e+04,-9.974000000000000000e+03,-3.310000000000000000e+04,-1.382700000000000000e+04,-3.051200000000000000e+04,1.605100000000000000e+04,-8.940000000000000000e+03
-2.587300000000000000e+04,1.556000000000000000e+03,-2.283000000000000000e+04,-4.389000000000000000e+03,-3.399700000000000000e+04,-1.259000000000000000e+04,-1.745400000000000000e+04,-3.067200000000000000e+04
-3.100300000000000000e+04,-2.154500000000000000e+04,-8.054000000000000000e+03,-1.922500000000000000e+04,-2.253900000000000000e+04,-3.485700000000000000e+04,1.858500000000000000e+04,-2.459500000000000000e+04
-2.847300000000000000e+04,2.245200000000000000e+04,-1.425400000000000000e+04,-3.882300000000000000e+04,-4.895100000000000000e+04,-2.065100000000000000e+04,-3.175700000000000000e+04,-3.072700000000000000e+04
6.322000000000000000e+03,-1.633900000000000000e+04,-2.023000000000000000e+04,-6.173000000000000000e+03,4.374000000000000000e+03,-1.414900000000000000e+04,-2.860700000000000000e+04,-4.497300000000000000e+04
-3.208100000000000000e+04,-4.808000000000000000e+03,-2.622900000000000000e+04,-6.741000000000000000e+03,-3.719000000000000000e+04,-1.658100000000000000e+04,3.386000000000000000e+03,-3.736000000000000000e+04
-1.246700000000000000e+04,-1.007900000000000000e+04,-1.974400000000000000e+04,-9.656000000000000000e+03,-3.429300000000000000e+04,-4.895000000000000000e+03,-2.639400000000000000e+04,-3.512300000000000000e+04
-3.266000000000000000e+04,-1.169400000000000000e+04,-1.977400000000000000e+04,-2.071800000000000000e+04,-3.853600000000000000e+04,-3.360000000000000000e+02,-2.315200000000000000e+04,1.723200000000000000e+04
-2.393300000000000000e+04,-1.732000000000000000e+04,-2.478600000000000000e+04,-1.172600000000000000e+04,-3.344300000000000000e+04,4.904000000000000000e+03,-8.547000000000000000e+03,-3.642000000000000000e+04
-3.892200000000000000e+04,-2.055500000000000000e+04,-1.618400000000000000e+04,-3.236900000000000000e+04,-3.426300000000000000e+04,-3.302500000000000000e+04,-2.000600000000000000e+04,1.534000000000000000e+04
-4.296400000000000000e+04,-3.151400000000000000e+04,-6.503000000000000000e+03,-2.246700000000000000e+04,-3.708000000000000000e+04,-3.806300000000000000e+04,-3.319800000000000000e+04,7.439000000000000000e+03
-1.724300000000000000e+04,-8.232000000000000000e+03,-2.076700000000000000e+04,2.502000000000000000e+03,-2.930600000000000000e+04,1.183900000000000000e+04,-1.659400000000000000e+04,-3.284700000000000000e+04
-3.273000000000000000e+04,-1.997600000000000000e+04,-8.693000000000000000e+03,-3.278200000000000000e+04,-2.908800000000000000e+04,-3.500000000000000000e+04,-1.708800000000000000e+04,8.328000000000000000e+03
-3.239200000000000000e+04,-1.957600000000000000e+04,-2.278200000000000000e+04,5.420000000000000000e+02,-3.479800000000000000e+04,-1.486500000000000000e+04,-2.471000000000000000e+03,-3.138600000000000000e+04
-1.556800000000000000e+04,-2.095000000000000000e+04,-5.777000000000000000e+03,-3.285300000000000000e+04,-9.923000000000000000e+03,-3.209500000000000000e+04,-1.510400000000000000e+04,6.310000000000000000e+02
-8.137000000000000000e+03,-1.418100000000000000e+04,-2.641100000000000000e+04,-3.190000000000000000e+02,-2.795600000000000000e+04,3.513000000000000000e+03,-1.766100000000000000e+04,-2.554100000000000000e+04
-2.791600000000000000e+04,2.277600000000000000e+04,-3.423300000000000000e+04,-1.043200000000000000e+04,-4.966700000000000000e+04,-1.439900000000000000e+04,-2.445000000000000000e+04,-4.352600000000000000e+04
-4.208100000000000000e+04,-1.477500000000000000e+04,-1.319000000000000000e+04,-1.156200000000000000e+04,-2.398800000000000000e+04,-2.125400000000000000e+04,2.552900000000000000e+04,-2.818900000000000000e+04
-2.775000000000000000e+04,-1.340900000000000000e+04,-1.867500000000000000e+04,-2.160000000000000000e+04,-1.676300000000000000e+04,-5.693000000000000000e+03,3.880000000000000000e+03,-3.090600000000000000e+04
-3.750000000000000000e+04,-1.825500000000000000e+04,-1.546200000000000000e+04,-2.010000000000000000e+03,-2.765000000000000000e+04,-1.307300000000000000e+04,2.125700000000000000e+04,-3.583200000000000000e+04
5.122000000000000000e+03,-2.685300000000000000e+04,-1.631100000000000000e+04,-2.296300000000000000e+04,5.075000000000000000e+03,-1.960000000000000000e+04,-3.524200000000000000e+04,-3.897100000000000000e+04
-2.152300000000000000e+04,-2.891500000000000000e+04,-2.710900000000000000e+04,-2.762200000000000000e+04,-3.019700000000000000e+04,-2.938700000000000000e+04,-2.270600000000000000e+04,2.234200000000000000e+04
-8.365000000000000000e+03,-5.908000000000000000e+03,-1.707200000000000000e+04,-3.725000000000000000e+03,-3.851100000000000000e+04,-3.913000000000000000e+03,-1.393900000000000000e+04,-4.655900000000000000e+04
-3.142800000000000000e+04,-2.693500000000000000e+04,-1.254000000000000000e+03,-2.653200000000000000e+04,-3.550000000000000000e+03,-4.942000000000000000e+04,-3.271900000000000000e+04,9.416000000000000000e+03
-9.053000000000000000e+03,-1.610900000000000000e+04,-1.770900000000000000e+04,-9.308000000000000000e+03,3.690000000000000000e+02,-1.957100000000000000e+04,-3.670300000000000000e+04,-3.810500000000000000e+04
-9.426000000000000000e+03,-9.397000000000000000e+03,-3.244800000000000000e+04,3.850000000000000000e+02,-4.992500000000000000e+04,1.038800000000000000e+04,-2.743500000000000000e+04,-3.529800000000000000e+04
7.300000000000000000e+03,-8.133000000000000000e+03,-2.040200000000000000e+04,4.709000000000000000e+03,-2.368800000000000000e+04,-1.701200000000000000e+04,-3.230700000000000000e+04,-4.571500000000000000e+04
-3.406800000000000000e+04,-1.590000000000000000e+02,-2.361700000000000000e+04,-2.326600000000000000e+04,-3.061200000000000000e+04,-7.035000000000000000e+03,-1.382800000000000000e+04,-2.560000000000000000e+02
-9.576000000000000000e+03,-2.604700000000000000e+04,-1.876900000000000000e+04,-1.270800000000000000e+04,5.934000000000000000e+03,-9.730000000000000000e+03,-2.959500000000000000e+04,-3.057300000000000000e+04
-2.347900000000000000e+04,-1.253100000000000000e+04,1.042000000000000000e+04,-1.317100000000000000e+04,-1.149400000000000000e+04,-2.232300000000000000e+04,-8.240000000000000000e+03,-2.387900000000000000e+04
-1.042900000000000000e+04,-1.796400000000000000e+04,-1.423700000000000000e+04,-2.540500000000000000e+04,-1.444000000000000000e+04,-2.231100000000000000e+04,-1.584400000000000000e+04,9.908000000000000000e+03
-1.413000000000000000e+04,-1.524300000000000000e+04,-4.313000000000000000e+03,-1.616700000000000000e+04,-3.119500000000000000e+04,-6.022000000000000000e+03,3.950000000000000000e+02,-3.731300000000000000e+04
-2.965700000000000000e+04,1.067000000000000000e+04,-2.144900000000000000e+04,-9.102000000000000000e+03,-2.924900000000000000e+04,-7.416000000000000000e+03,-1.229100000000000000e+04,-3.418800000000000000e+04
-2.432500000000000000e+04,3.844900000000000000e+04,-3.214300000000000000e+04,-1.325700000000000000e+04,-5.626600000000000000e+04,-2.030200000000000000e+04,-3.075500000000000000e+04,-3.850600000000000000e+04
-2.381200000000000000e+04,-1.198300000000000000e+04,1.191000000000000000e+04,-1.075400000000000000e+04,-6.917000000000000000e+03,-3.127200000000000000e+04,-2.275400000000000000e+04,-2.287100000000000000e+04
-1.065200000000000000e+04,-2.352800000000000000e+04,-2.402900000000000000e+04,-1.197200000000000000e+04,-1.345300000000000000e+04,7.876000000000000000e+03,-1.392000000000000000e+04,-1.911100000000000000e+04
4.617000000000000000e+03,-2.458800000000000000e+04,-1.897000000000000000e+04,-1.176400000000000000e+04,-3.321200000000000000e+04,6.073000000000000000e+03,-2.982300000000000000e+04,-3.650000000000000000e+04
-7.652000000000000000e+03,-7.828000000000000000e+03,-1.660900000000000000e+04,-1.142500000000000000e+04,-1.047700000000000000e+04,-1.486700000000000000e+04,8.029000000000000000e+03,-1.610400000000000000e+04
2.610000000000000000e+02,-2.320200000000000000e+04,-1.407600000000000000e+04,-7.526000000000000000e+03,7.751000000000000000e+03,-2.185400000000000000e+04,-2.856700000000000000e+04,-2.270500000000000000e+04
-1.844200000000000000e+04,-1.534100000000000000e+04,-2.288600000000000000e+04,-3.710000000000000000e+02,-2.810000000000000000e+04,4.608000000000000000e+03,-8.700000000000000000e+03,-3.502800000000000000e+04
-1.675200000000000000e+04,-2.102100000000000000e+04,-9.622000000000000000e+03,-1.936700000000000000e+04,-1.919000000000000000e+04,-1.421500000000000000e+04,1.574000000000000000e+03,-9.255000000000000000e+03
-2.706200000000000000e+04,-2.832600000000000000e+04,-2.391000000000000000e+03,-2.123400000000000000e+04,-3.199700000000000000e+04,-2.822800000000000000e+04,-1.342400000000000000e+04,2.796000000000000000e+03
-1.314700000000000000e+04,-1.171400000000000000e+04,-1.877700000000000000e+04,-9.679000000000000000e+03,-4.221000000000000000e+03,-1.686800000000000000e+04,-3.886000000000000000e+03,-1.709300000000000000e+04
-1.161500000000000000e+04,2.211000000000000000e+03,-1.028700000000000000e+04,-1.597100000000000000e+04,-1.876100000000000000e+04,-8.088000000000000000e+03,-2.940000000000000000e+04,-3.250000000000000000e+03
-2.035300000000000000e+04,2.317100000000000000e+04,-1.973200000000000000e+04,-1.985800000000000000e+04,-5.192700000000000000e+04,-1.683200000000000000e+04,-2.584900000000000000e+04,-3.267600000000000000e+04
8.981000000000000000e+03,-2.138300000000000000e+04,-1.834600000000000000e+04,-3.364000000000000000e+03,-1.691100000000000000e+04,-6.041000000000000000e+03,-3.139900000000000000e+04,-2.896500000000000000e+04
-1.432200000000000000e+04,-2.733900000000000000e+04,-1.634800000000000000e+04,-2.473300000000000000e+04,1.487600000000000000e+04,-1.101500000000000000e+04,-2.095600000000000000e+04,-2.011900000000000000e+04
-2.053100000000000000e+04,2.187000000000000000e+03,-1.669400000000000000e+04,-3.091600000000000000e+04,-3.051100000000000000e+04,-1.169800000000000000e+04,-2.149200000000000000e+04,-4.553000000000000000e+04
2.817000000000000000e+03,-1.643900000000000000e+04,-1.143800000000000000e+04,-1.090900000000000000e+04,-2.560000000000000000e+04,-3.026600000000000000e+04,-1.953900000000000000e+04,-3.480200000000000000e+04
-2.439700000000000000e+04,2.197900000000000000e+04,-2.269300000000000000e+04,-1.840200000000000000e+04,-6.212000000000000000e+04,-1.952900000000000000e+04,-3.515900000000000000e+04,-3.678600000000000000e+04
-3.090300000000000000e+04,-1.871700000000000000e+04,-1.892600000000000000e+04,-2.802000000000000000e+04,-3.842600000000000000e+04,-2.205400000000000000e+04,1.842300000000000000e+04,-1.047500000000000000e+04
-2.529000000000000000e+04,-1.417400000000000000e+04,-2.094800000000000000e+04,-2.271300000000000000e+04,-3.050600000000000000e+04,-1.448400000000000000e+04,1.739800000000000000e+04,-3.404700000000000000e+04
-1.157600000000000000e+04,-1.885000000000000000e+03,-1.378400000000000000e+04,1.443200000000000000e+04,-3.088000000000000000e+04,-9.707000000000000000e+03,-3.302900000000000000e+04,-2.908900000000000000e+04
-2.325900000000000000e+04,-1.559100000000000000e+04,-1.869000000000000000e+04,-6.654000000000000000e+03,-2.386400000000000000e+04,1.838600000000000000e+04,-9.561000000000000000e+03,-2.999500000000000000e+04
-9.800000000000000000e+02,-1.646400000000000000e+04,-1.497000000000000000e+04,1.001000000000000000e+03,-3.703000000000000000e+03,-1.927900000000000000e+04,-3.047900000000000000e+04,-3.009200000000000000e+04
-4.252100000000000000e+04,-1.649700000000000000e+04,-2.659300000000000000e+04,-9.037000000000000000e+03,-4.883500000000000000e+04,1.256800000000000000e+04,4.024000000000000000e+03,-4.186600000000000000e+04
-2.309000000000000000e+04,2.450200000000000000e+04,-3.473600000000000000e+04,-3.023900000000000000e+04,-5.072700000000000000e+04,-1.673400000000000000e+04,-2.997400000000000000e+04,-3.699200000000000000e+04
-1.615000000000000000e+04,-5.332000000000000000e+03,2.131000000000000000e+03,-4.994000000000000000e+03,-1.366100000000000000e+04,-1.340400000000000000e+04,-1.996800000000000000e+04,-5.419300000000000000e+04
-2.760500000000000000e+04,-9.623000000000000000e+03,-1.816000000000000000e+04,1.928800000000000000e+04,-2.512400000000000000e+04,-4.560000000000000000e+02,-2.504600000000000000e+04,-4.262100000000000000e+04
8.890000000000000000e+03,-9.256000000000000000e+03,-3.343700000000000000e+04,3.635000000000000000e+03,-3.961900000000000000e+04,-9.058000000000000000e+03,-2.101000000000000000e+04,-4.107200000000000000e+04
-2.096600000000000000e+04,-2.985200000000000000e+04,-1.132200000000000000e+04,-9.798000000000000000e+03,9.318000000000000000e+03,-2.313200000000000000e+04,-2.121100000000000000e+04,-2.265900000000000000e+04
-2.636600000000000000e+04,-1.251600000000000000e+04,-2.542100000000000000e+04,-2.263800000000000000e+04,-2.693500000000000000e+04,-5.710000000000000000e+03,2.153200000000000000e+04,-2.207800000000000000e+04
-2.826300000000000000e+04,1.347000000000000000e+03,-7.607000000000000000e+03,-5.970000000000000000e+03,-3.828700000000000000e+04,-2.104600000000000000e+04,-1.224200000000000000e+04,-4.557000000000000000e+04
-3.014400000000000000e+04,-2.014700000000000000e+04,-4.003000000000000000e+03,-3.854600000000000000e+04,-2.200700000000000000e+04,-3.395000000000000000e+04,-2.732400000000000000e+04,1.402200000000000000e+04
-1.942800000000000000e+04,-8.596000000000000000e+03,-2.196000000000000000e+04,-2.515000000000000000e+03,-2.639900000000000000e+04,1.546000000000000000e+03,-1.684000000000000000e+04,-1.832400000000000000e+04
-2.240500000000000000e+04,6.565000000000000000e+03,-2.646900000000000000e+04,-3.280000000000000000e+03,-3.440100000000000000e+04,-1.228500000000000000e+04,-2.038600000000000000e+04,-3.924200000000000000e+04
-3.669400000000000000e+04,-2.477800000000000000e+04,-1.744700000000000000e+04,-2.754100000000000000e+04,-3.458500000000000000e+04,-3.037900000000000000e+04,-3.083800000000000000e+04,2.243300000000000000e+04
-4.782000000000000000e+03,-1.666300000000000000e+04,-1.946300000000000000e+04,-1.336000000000000000e+03,-1.202800000000000000e+04,-1.489100000000000000e+04,-1.677400000000000000e+04,-2.074500000000000000e+04
-1.642800000000000000e+04,-1.286700000000000000e+04,-9.980000000000000000e+03,1.416500000000000000e+04,-2.050800000000000000e+04,-6.368000000000000000e+03,-1.555000000000000000e+04,-4.688600000000000000e+04
-1.651100000000000000e+04,-1.451900000000000000e+04,-2.009900000000000000e+04,-9.406000000000000000e+03,-2.019600000000000000e+04,4.496000000000000000e+03,-2.355800000000000000e+04,-3.385900000000000000e+04
-2.580400000000000000e+04,-2.127000000000000000e+04,-1.869400000000000000e+04,-3.545800000000000000e+04,-1.871700000000000000e+04,-1.820500000000000000e+04,-9.155000000000000000e+03,8.435000000000000000e+03
-1.029500000000000000e+04,-1.294600000000000000e+04,-1.369300000000000000e+04,1.222500000000000000e+04,-2.444800000000000000e+04,2.110000000000000000e+03,-1.331300000000000000e+04,-2.390600000000000000e+04
-1.962400000000000000e+04,1.485100000000000000e+04,-1.685700000000000000e+04,-8.104000000000000000e+03,-4.887400000000000000e+04,-1.386100000000000000e+04,-2.775200000000000000e+04,-3.486400000000000000e+04
-1.812100000000000000e+04,-6.324000000000000000e+03,-2.464100000000000000e+04,4.200000000000000000e+02,-5.000000000000000000e+04,6.351000000000000000e+03,-3.912300000000000000e+04,-3.917800000000000000e+04
-2.810200000000000000e+04,-2.236500000000000000e+04,-5.584000000000000000e+03,-2.158900000000000000e+04,-1.134600000000000000e+04,-2.724800000000000000e+04,-2.891700000000000000e+04,-1.419200000000000000e+04
-3.233300000000000000e+04,1.186600000000000000e+04,-2.572400000000000000e+04,-1.005000000000000000e+04,-4.664300000000000000e+04,-2.706900000000000000e+04,-2.798500000000000000e+04,-2.893000000000000000e+04
-4.401600000000000000e+04,-2.586500000000000000e+04,-3.045300000000000000e+04,-1.897800000000000000e+04,-4.186700000000000000e+04,-6.600000000000000000e+03,2.056700000000000000e+04,-3.058100000000000000e+04
-1.448700000000000000e+04,-2.935900000000000000e+04,-2.603300000000000000e+04,-2.564500000000000000e+04,-1.926800000000000000e+04,-1.699200000000000000e+04,-2.377600000000000000e+04,2.511300000000000000e+04
-2.432200000000000000e+04,-1.101800000000000000e+04,-3.016700000000000000e+04,-1.749600000000000000e+04,-2.238600000000000000e+04,-1.884200000000000000e+04,1.378000000000000000e+04,-2.015700000000000000e+04
-2.228100000000000000e+04,2.151300000000000000e+04,-9.695000000000000000e+03,-1.796800000000000000e+04,-2.939400000000000000e+04,-2.089400000000000000e+04,-1.585000000000000000e+04,-4.277800000000000000e+04
-3.379800000000000000e+04,-1.339000000000000000e+04,-1.888600000000000000e+04,-2.998200000000000000e+04,-2.431400000000000000e+04,-1.962100000000000000e+04,-1.276500000000000000e+04,1.841600000000000000e+04
-2.066900000000000000e+04,-1.830300000000000000e+04,-2.668600000000000000e+04,-4.902000000000000000e+03,-1.020300000000000000e+04,1.980400000000000000e+04,-2.030500000000000000e+04,-3.532200000000000000e+04
-2.163400000000000000e+04,-8.713000000000000000e+03,-1.348400000000000000e+04,-1.727200000000000000e+04,-2.258800000000000000e+04,-1.883200000000000000e+04,1.212400000000000000e+04,-2.964600000000000000e+04
-3.017100000000000000e+04,-2.720200000000000000e+04,-6.788000000000000000e+03,-3.270300000000000000e+04,-1.685600000000000000e+04,-2.061500000000000000e+04,1.136700000000000000e+04,-1.187300000000000000e+04
-1.877800000000000000e+04,-6.050000000000000000e+02,-1.062400000000000000e+04,-1.946000000000000000e+03,-3.542800000000000000e+04,-1.372200000000000000e+04,-5.192000000000000000e+03,-3.394100000000000000e+04
-9.166000000000000000e+03,-2.017400000000000000e+04,-1.596100000000000000e+04,5.135000000000000000e+03,-3.032800000000000000e+04,3.192000000000000000e+03,-2.331800000000000000e+04,-3.355900000000000000e+04
-3.225500000000000000e+04,-1.127200000000000000e+04,-2.199500000000000000e+04,-1.660200000000000000e+04,-2.470600000000000000e+04,-2.000800000000000000e+04,1.396100000000000000e+04,-1.713500000000000000e+04
1.441800000000000000e+04,-2.164300000000000000e+04,-2.534900000000000000e+04,-3.837000000000000000e+03,-2.824500000000000000e+04,-7.981000000000000000e+03,-3.411000000000000000e+04,-4.533500000000000000e+04
-3.380700000000000000e+04,4.264000000000000000e+03,-1.619200000000000000e+04,-2.736400000000000000e+04,-3.961100000000000000e+04,-4.570000000000000000e+03,1.141000000000000000e+03,-3.257800000000000000e+04
-2.486600000000000000e+04,2.494600000000000000e+04,-2.459000000000000000e+04,-8.411000000000000000e+03,-4.516900000000000000e+04,-2.664000000000000000e+04,-2.194000000000000000e+04,-2.390500000000000000e+04
-1.567400000000000000e+04,-7.898000000000000000e+03,-3.024500000000000000e+04,7.800000000000000000e+03,-1.639000000000000000e+04,-6.661000000000000000e+03,-1.422900000000000000e+04,-3.975800000000000000e+04
-2.214100000000000000e+04,-1.410000000000000000e+04,-1.887200000000000000e+04,-7.980000000000000000e+03,-3.179000000000000000e+04,-2.235800000000000000e+04,7.527000000000000000e+03,-1.537300000000000000e+04
-1.439200000000000000e+04,1.282200000000000000e+04,-2.007900000000000000e+04,-3.555000000000000000e+04,-2.548300000000000000e+04,-2.410900000000000000e+04,-1.734100000000000000e+04,-2.365300000000000000e+04
-7.544000000000000000e+03,-9.490000000000000000e+03,-2.133900000000000000e+04,-3.056300000000000000e+04,-4.167700000000000000e+04,-6.617000000000000000e+03,-6.733000000000000000e+03,-4.377500000000000000e+04
-2.686900000000000000e+04,-1.190800000000000000e+04,-1.104100000000000000e+04,-1.974700000000000000e+04,-1.443900000000000000e+04,-2.270500000000000000e+04,1.148200000000000000e+04,-2.664700000000000000e+04
-1.928500000000000000e+04,-1.506600000000000000e+04,4.067000000000000000e+03,-3.136600000000000000e+04,-9.512000000000000000e+03,-2.717100000000000000e+04,-2.461000000000000000e+03,-9.372000000000000000e+03
-1.042400000000000000e+04,-5.285000000000000000e+03,-2.010600000000000000e+04,-7.738000000000000000e+03,-4.415200000000000000e+04,-6.298000000000000000e+03,-2.717600000000000000e+04,-2.038800000000000000e+04
-2.563000000000000000e+03,-2.112300000000000000e+04,-1.529000000000000000e+04,-1.891000000000000000e+03,-2.069400000000000000e+04,-7.511000000000000000e+03,-2.039600000000000000e+04,-2.544100000000000000e+04
1.118700000000000000e+04,-9.628000000000000000e+03,-2.330700000000000000e+04,-9.548000000000000000e+03,-2.776100000000000000e+04,-1.235400000000000000e+04,-3.180600000000000000e+04,-4.020200000000000000e+04
-3.067200000000000000e+04,-3.186800000000000000e+04,-2.282700000000000000e+04,-4.049400000000000000e+04,-3.474700000000000000e+04,-3.932200000000000000e+04,-3.519600000000000000e+04,2.588000000000000000e+04
-9.988000000000000000e+03,-1.177700000000000000e+04,-8.788000000000000000e+03,-1.445000000000000000e+03,-1.048600000000000000e+04,-2.268100000000000000e+04,-1.627600000000000000e+04,-4.011300000000000000e+04
-4.900000000000000000e+04,-2.923000000000000000e+04,-7.162000000000000000e+03,-3.650600000000000000e+04,-4.348900000000000000e+04,-4.231400000000000000e+04,-3.063800000000000000e+04,1.289800000000000000e+04
1.689000000000000000e+03,-2.456300000000000000e+04,-1.342200000000000000e+04,-3.225000000000000000e+03,4.548000000000000000e+03,-1.358400000000000000e+04,-2.646600000000000000e+04,-4.817200000000000000e+04
-1.790100000000000000e+04,-1.960000000000000000e+04,-7.027000000000000000e+03,-1.867200000000000000e+04,-2.429200000000000000e+04,-1.844700000000000000e+04,9.828000000000000000e+03,-2.390000000000000000e+04
-3.290700000000000000e+04,-1.620700000000000000e+04,-2.070900000000000000e+04,-7.359000000000000000e+03,-2.058200000000000000e+04,4.496000000000000000e+03,9.750000000000000000e+02,-2.086300000000000000e+04
4.238000000000000000e+03,-1.569600000000000000e+04,-3.186500000000000000e+04,-1.013500000000000000e+04,-3.026500000000000000e+04,-9.830000000000000000e+02,-3.397000000000000000e+04,-4.590400000000000000e+04
-1.536600000000000000e+04,-2.113000000000000000e+04,2.026000000000000000e+03,3.334000000000000000e+03,-1.700000000000000000e+04,-1.426500000000000000e+04,-2.256800000000000000e+04,-3.285900000000000000e+04
-9.912000000000000000e+03,-1.342400000000000000e+04,-1.840800000000000000e+04,-5.198000000000000000e+03,-1.737500000000000000e+04,8.421000000000000000e+03,-2.867400000000000000e+04,-1.705200000000000000e+04
-1.089100000000000000e+04,-1.544500000000000000e+04,-9.901000000000000000e+03,-1.135000000000000000e+03,-2.272700000000000000e+04,-1.307100000000000000e+04,-4.131000000000000000e+03,-3.063300000000000000e+04
-2.263600000000000000e+04,-1.363800000000000000e+04,1.714900000000000000e+04,-7.727000000000000000e+03,-2.191300000000000000e+04,-1.888400000000000000e+04,-1.540200000000000000e+04,-1.679300000000000000e+04
-1.287700000000000000e+04,-1.820500000000000000e+04,-8.730000000000000000e+03,-1.926800000000000000e+04,-1.266000000000000000e+04,-2.451000000000000000e+03,7.087000000000000000e+03,-2.059100000000000000e+04
-3.016400000000000000e+04,-2.437300000000000000e+04,-2.372000000000000000e+04,-3.957200000000000000e+04,-3.168200000000000000e+04,-3.489700000000000000e+04,-2.703800000000000000e+04,2.450400000000000000e+04
-8.603000000000000000e+03,-8.251000000000000000e+03,-2.257900000000000000e+04,1.727000000000000000e+03,-6.444000000000000000e+03,1.552000000000000000e+03,-2.013800000000000000e+04,-3.472100000000000000e+04
-1.761700000000000000e+04,-2.995800000000000000e+04,-1.797300000000000000e+04,-3.681100000000000000e+04,-3.874900000000000000e+04,-6.754000000000000000e+03,-1.741400000000000000e+04,7.396000000000000000e+03
-3.185900000000000000e+04,-6.900000000000000000e+01,-1.146700000000000000e+04,-3.809900000000000000e+04,-2.375200000000000000e+04,-2.351000000000000000e+04,-2.511200000000000000e+04,-2.104000000000000000e+03
-2.252900000000000000e+04,-1.689700000000000000e+04,-1.700900000000000000e+04,-2.876400000000000000e+04,-1.841600000000000000e+04,-1.954300000000000000e+04,7.550000000000000000e+03,-1.274300000000000000e+04
-2.048200000000000000e+04,-1.215700000000000000e+04,-3.118800000000000000e+04,-1.878900000000000000e+04,-4.878000000000000000e+03,2.507300000000000000e+04,-1.197700000000000000e+04,-2.454500000000000000e+04
-1.256300000000000000e+04,2.390000000000000000e+03,-2.444800000000000000e+04,-1.966100000000000000e+04,-3.645500000000000000e+04,-1.355000000000000000e+03,-2.177900000000000000e+04,-3.763700000000000000e+04
-1.901000000000000000e+04,2.774000000000000000e+03,-3.499000000000000000e+04,-3.195000000000000000e+03,-2.652600000000000000e+04,-9.030000000000000000e+02,-2.114600000000000000e+04,-3.998500000000000000e+04
-2.864300000000000000e+04,3.442200000000000000e+04,-3.513600000000000000e+04,-2.647500000000000000e+04,-4.804500000000000000e+04,-2.466800000000000000e+04,-2.807000000000000000e+04,-4.027300000000000000e+04
-1.739600000000000000e+04,1.848400000000000000e+04,-2.054500000000000000e+04,-2.107400000000000000e+04,-3.478900000000000000e+04,-1.847300000000000000e+04,-4.252000000000000000e+03,-3.750600000000000000e+04
-2.938000000000000000e+03,-2.106800000000000000e+04,-1.816700000000000000e+04,-1.378200000000000000e+04,-1.037200000000000000e+04,1.186100000000000000e+04,-2.457000000000000000e+04,-3.586000000000000000e+04
-9.510000000000000000e+03,1.052100000000000000e+04,-3.252300000000000000e+04,-1.381300000000000000e+04,-4.759100000000000000e+04,-1.865500000000000000e+04,-2.666200000000000000e+04,-4.510200000000000000e+04
-6.040000000000000000e+03,7.055000000000000000e+03,-1.668500000000000000e+04,-8.701000000000000000e+03,-4.016900000000000000e+04,-2.307700000000000000e+04,-3.598200000000000000e+04,-4.296100000000000000e+04
-1.385000000000000000e+04,-1.470100000000000000e+04,4.028000000000000000e+03,-2.938800000000000000e+04,-2.650000000000000000e+03,-2.332000000000000000e+04,-2.818000000000000000e+04,-2.038100000000000000e+04
-1.448000000000000000e+04,1.481300000000000000e+04,-1.120000000000000000e+04,-3.548200000000000000e+04,-4.012700000000000000e+04,-1.416300000000000000e+04,-1.247900000000000000e+04,-2.408000000000000000e+04
-3.936400000000000000e+04,-2.729000000000000000e+03,-2.422400000000000000e+04,1.017300000000000000e+04,-3.478400000000000000e+04,-6.232000000000000000e+03,-2.006800000000000000e+04,-4.207700000000000000e+04
-2.658100000000000000e+04,-3.150000000000000000e+02,-1.177700000000000000e+04,-2.239200000000000000e+04,-2.982000000000000000e+04,-6.830000000000000000e+02,-3.516000000000000000e+03,-2.087300000000000000e+04
-1.178200000000000000e+04,-9.605000000000000000e+03,-1.441500000000000000e+04,-2.043400000000000000e+04,-1.973100000000000000e+04,-2.754700000000000000e+04,-1.872000000000000000e+04,2.817000000000000000e+03
-2.025200000000000000e+04,-2.195700000000000000e+04,-2.160100000000000000e+04,-2.456000000000000000e+04,-1.747800000000000000e+04,-3.454900000000000000e+04,-2.508100000000000000e+04,1.226700000000000000e+04
-4.299200000000000000e+04,-1.794600000000000000e+04,-2.036700000000000000e+04,6.454000000000000000e+03,-1.371800000000000000e+04,-2.181100000000000000e+04,1.126300000000000000e+04,-2.067300000000000000e+04
-1.861500000000000000e+04,2.709600000000000000e+04,-2.350900000000000000e+04,-1.406800000000000000e+04,-5.498900000000000000e+04,-3.164200000000000000e+04,-2.196200000000000000e+04,-4.017400000000000000e+04
-1.930100000000000000e+04,-9.273000000000000000e+03,1.897000000000000000e+03,-1.969700000000000000e+04,5.504000000000000000e+03,-3.008300000000000000e+04,-3.956000000000000000e+04,-1.550300000000000000e+04
-1.973800000000000000e+04,-1.737900000000000000e+04,-1.935200000000000000e+04,2.596000000000000000e+03,-2.572700000000000000e+04,1.129800000000000000e+04,-1.901600000000000000e+04,-5.060700000000000000e+04
-1.287500000000000000e+04,-5.790000000000000000e+03,-9.840000000000000000e+02,8.191000000000000000e+03,-3.484000000000000000e+04,-1.363600000000000000e+04,-3.291700000000000000e+04,-3.875600000000000000e+04
-1.057800000000000000e+04,-1.119000000000000000e+04,-1.779000000000000000e+04,-1.240600000000000000e+04,-1.980800000000000000e+04,-1.395900000000000000e+04,-1.988700000000000000e+04,-3.812100000000000000e+04
-2.799000000000000000e+04,-1.595400000000000000e+04,-2.195900000000000000e+04,-1.227100000000000000e+04,-3.430000000000000000e+04,-4.589000000000000000e+03,8.017000000000000000e+03,-1.579400000000000000e+04
-1.043400000000000000e+04,-1.433100000000000000e+04,-2.096600000000000000e+04,-9.907000000000000000e+03,-2.928900000000000000e+04,-5.795000000000000000e+03,-8.935000000000000000e+03,-1.984900000000000000e+04
-4.578900000000000000e+04,-2.710000000000000000e+04,-2.327100000000000000e+04,-4.611000000000000000e+04,-3.169800000000000000e+04,-5.403300000000000000e+04,-3.564800000000000000e+04,2.121900000000000000e+04
-1.050300000000000000e+04,2.157300000000000000e+04,-2.686500000000000000e+04,-2.671100000000000000e+04,-4.184700000000000000e+04,-3.104400000000000000e+04,-1.425800000000000000e+04,-3.252100000000000000e+04
-3.990400000000000000e+04,-1.753800000000000000e+04,-1.677900000000000000e+04,-3.847100000000000000e+04,-2.645400000000000000e+04,-3.310300000000000000e+04,-2.551700000000000000e+04,8.857000000000000000e+03
-1.945000000000000000e+04,-1.381800000000000000e+04,-2.135900000000000000e+04,-3.524300000000000000e+04,-3.044600000000000000e+04,-1.354200000000000000e+04,-2.445300000000000000e+04,1.607700000000000000e+04
-2.974300000000000000e+04,-1.750700000000000000e+04,-1.655800000000000000e+04,-2.217500000000000000e+04,-2.814900000000000000e+04,-2.924500000000000000e+04,-1.928500000000000000e+04,1.295300000000000000e+04
-1.029100000000000000e+04,-4.280000000000000000e+03,-2.899800000000000000e+04,-8.591000000000000000e+03,-1.995600000000000000e+04,2.422000000000000000e+03,-2.139200000000000000e+04,-2.513100000000000000e+04
-2.489000000000000000e+04,-1.113800000000000000e+04,-9.628000000000000000e+03,4.798000000000000000e+03,-1.881800000000000000e+04,-4.280000000000000000e+02,-8.796000000000000000e+03,-3.970200000000000000e+04
-2.167700000000000000e+04,-1.161200000000000000e+04,-6.217000000000000000e+03,-2.183400000000000000e+04,-1.667400000000000000e+04,-2.292400000000000000e+04,1.992400000000000000e+04,-1.799500000000000000e+04
-1.401800000000000000e+04,-1.834000000000000000e+04,-1.041800000000000000e+04,-1.339500000000000000e+04,-5.660000000000000000e+03,-1.776800000000000000e+04,6.891000000000000000e+03,-1.841300000000000000e+04
-3.946600000000000000e+04,-2.929700000000000000e+04,-1.841600000000000000e+04,-3.643700000000000000e+04,-4.044800000000000000e+04,-2.972500000000000000e+04,-2.594600000000000000e+04,1.628700000000000000e+04
-6.385000000000000000e+03,-4.884000000000000000e+03,-1.168900000000000000e+04,-3.157400000000000000e+04,-2.569400000000000000e+04,-6.561000000000000000e+03,-1.463700000000000000e+04,-2.905300000000000000e+04
-6.258000000000000000e+03,-2.048400000000000000e+04,-2.251300000000000000e+04,-8.000000000000000000e+01,-2.178500000000000000e+04,5.151000000000000000e+03,-2.275900000000000000e+04,-2.609200000000000000e+04
-2.405700000000000000e+04,-2.621400000000000000e+04,-1.445200000000000000e+04,-1.712700000000000000e+04,-2.652300000000000000e+04,-2.052100000000000000e+04,1.680200000000000000e+04,-2.022600000000000000e+04
-1.758200000000000000e+04,-2.401000000000000000e+04,-1.457800000000000000e+04,-3.002400000000000000e+04,-1.894300000000000000e+04,-2.756900000000000000e+04,-2.331700000000000000e+04,2.221400000000000000e+04
-3.388100000000000000e+04,-3.654400000000000000e+04,-2.563800000000000000e+04,-3.939000000000000000e+04,-2.132800000000000000e+04,-2.512400000000000000e+04,-2.612400000000000000e+04,1.670900000000000000e+04
-2.541300000000000000e+04,-1.877500000000000000e+04,-1.587400000000000000e+04,-1.098900000000000000e+04,-2.923700000000000000e+04,1.019100000000000000e+04,-1.391300000000000000e+04,-2.736400000000000000e+04
-2.961500000000000000e+04,-1.504600000000000000e+04,1.557800000000000000e+04,-1.907200000000000000e+04,-2.297400000000000000e+04,-2.408500000000000000e+04,-1.744500000000000000e+04,-2.105400000000000000e+04
-3.093600000000000000e+04,-2.698000000000000000e+03,-1.119300000000000000e+04,-4.578000000000000000e+03,-3.588300000000000000e+04,-8.095000000000000000e+03,6.728000000000000000e+03,-3.918900000000000000e+04
-2.962500000000000000e+04,-5.748000000000000000e+03,-4.121000000000000000e+03,-8.065000000000000000e+03,-4.969900000000000000e+04,-1.511000000000000000e+03,-2.640000000000000000e+02,-2.650300000000000000e+04
-2.280500000000000000e+04,-1.272700000000000000e+04,-2.163500000000000000e+04,-2.183800000000000000e+04,-3.109300000000000000e+04,-2.391500000000000000e+04,2.469700000000000000e+04,-1.802900000000000000e+04
7.386000000000000000e+03,-2.505400000000000000e+04,-2.013200000000000000e+04,-6.270000000000000000e+02,-1.057800000000000000e+04,1.718000000000000000e+03,-3.047900000000000000e+04,-3.327100000000000000e+04
-2.108400000000000000e+04,-2.155200000000000000e+04,-1.960200000000000000e+04,-1.118700000000000000e+04,1.423400000000000000e+04,-1.353900000000000000e+04,-3.217500000000000000e+04,-3.892100000000000000e+04
-3.052200000000000000e+04,-1.158200000000000000e+04,3.137000000000000000e+03,-1.068800000000000000e+04,-1.477200000000000000e+04,-2.424300000000000000e+04,6.319000000000000000e+03,-2.732200000000000000e+04
-2.603900000000000000e+04,-9.172000000000000000e+03,-1.170200000000000000e+04,4.000000000000000000e+00,-2.017700000000000000e+04,5.943000000000000000e+03,-1.641400000000000000e+04,-4.003500000000000000e+04
-1.275400000000000000e+04,-1.288900000000000000e+04,-1.077900000000000000e+04,-6.902000000000000000e+03,-1.765800000000000000e+04,-1.190200000000000000e+04,-1.614500000000000000e+04,-2.603100000000000000e+04
-2.635500000000000000e+04,-1.456800000000000000e+04,-3.521200000000000000e+04,2.163200000000000000e+04,-3.852100000000000000e+04,-2.241000000000000000e+03,-3.384200000000000000e+04,-5.362800000000000000e+04
-4.660300000000000000e+04,-7.482000000000000000e+03,-1.367100000000000000e+04,-3.687000000000000000e+03,-2.724600000000000000e+04,-1.290800000000000000e+04,2.081500000000000000e+04,-2.803800000000000000e+04
-2.665100000000000000e+04,-1.662500000000000000e+04,-2.091900000000000000e+04,-2.476500000000000000e+04,-1.902000000000000000e+04,-1.333600000000000000e+04,1.539900000000000000e+04,-2.508400000000000000e+04
-2.983300000000000000e+04,-2.076700000000000000e+04,-1.355500000000000000e+04,-2.123000000000000000e+03,-2.577000000000000000e+04,7.601000000000000000e+03,-5.006000000000000000e+03,-4.241000000000000000e+04
-1.726700000000000000e+04,-2.619400000000000000e+04,-1.698300000000000000e+04,-1.402700000000000000e+04,1.723800000000000000e+04,-2.338300000000000000e+04,-3.764100000000000000e+04,-1.635500000000000000e+04
-3.717800000000000000e+04,-1.923300000000000000e+04,-4.768000000000000000e+03,-2.510000000000000000e+04,-3.936700000000000000e+04,-3.858100000000000000e+04,-2.782900000000000000e+04,1.335300000000000000e+04
-2.274900000000000000e+04,-1.664500000000000000e+04,-1.138600000000000000e+04,-1.876000000000000000e+03,-6.589000000000000000e+03,-7.066000000000000000e+03,-1.914600000000000000e+04,-1.582600000000000000e+04
-2.198700000000000000e+04,1.450900000000000000e+04,-2.258000000000000000e+04,-2.645700000000000000e+04,-2.174500000000000000e+04,-1.438700000000000000e+04,-2.934500000000000000e+04,-3.467900000000000000e+04
-3.080600000000000000e+04,-9.490000000000000000e+03,-1.133800000000000000e+04,2.563000000000000000e+03,-3.378500000000000000e+04,-7.568000000000000000e+03,1.021000000000000000e+03,-4.481200000000000000e+04
-4.681800000000000000e+04,-1.682100000000000000e+04,-1.967800000000000000e+04,-1.220200000000000000e+04,-4.029500000000000000e+04,-1.921200000000000000e+04,2.536300000000000000e+04,-3.858700000000000000e+04
-3.442700000000000000e+04,2.625000000000000000e+04,-2.557500000000000000e+04,-1.649300000000000000e+04,-3.398700000000000000e+04,-1.940800000000000000e+04,-1.423400000000000000e+04,-3.407600000000000000e+04
-2.611700000000000000e+04,-1.378200000000000000e+04,-2.774800000000000000e+04,-1.159100000000000000e+04,-3.389100000000000000e+04,-2.385700000000000000e+04,2.743500000000000000e+04,-2.225300000000000000e+04
-3.303900000000000000e+04,-2.256700000000000000e+04,-1.093400000000000000e+04,-3.499800000000000000e+04,-2.880300000000000000e+04,-1.760600000000000000e+04,-2.628000000000000000e+04,1.747300000000000000e+04
-1.221200000000000000e+04,-1.196500000000000000e+04,-2.684300000000000000e+04,-1.530900000000000000e+04,-2.015900000000000000e+04,-8.479000000000000000e+03,-1.440100000000000000e+04,-3.834900000000000000e+04
-3.776300000000000000e+04,-2.646400000000000000e+04,-2.008000000000000000e+04,-2.487300000000000000e+04,-2.255600000000000000e+04,-2.712000000000000000e+04,-2.140700000000000000e+04,8.314000000000000000e+03
-2.258500000000000000e+04,1.104000000000000000e+03,-2.213400000000000000e+04,4.776000000000000000e+03,-3.041000000000000000e+04,-1.237300000000000000e+04,-1.146300000000000000e+04,-3.528900000000000000e+04
-2.970900000000000000e+04,-2.540300000000000000e+04,-1.593400000000000000e+04,-5.125700000000000000e+04,-3.129200000000000000e+04,-3.813800000000000000e+04,-3.131500000000000000e+04,9.800000000000000000e+03
-1.617800000000000000e+04,-1.348700000000000000e+04,-1.355000000000000000e+03,3.237000000000000000e+03,-1.768000000000000000e+04,-1.621000000000000000e+04,-1.726500000000000000e+04,-2.376700000000000000e+04
-2.771700000000000000e+04,-2.074700000000000000e+04,-8.683000000000000000e+03,-1.483100000000000000e+04,-1.606200000000000000e+04,-2.140600000000000000e+04,7.913000000000000000e+03,-2.266700000000000000e+04
-1.895000000000000000e+04,2.281500000000000000e+04,-2.201300000000000000e+04,-1.849800000000000000e+04,-4.117000000000000000e+04,-9.176000000000000000e+03,-3.458800000000000000e+04,-3.737800000000000000e+04
3.028000000000000000e+03,-1.582900000000000000e+04,-1.881900000000000000e+04,-1.805900000000000000e+04,-2.934000000000000000e+04,-1.294200000000000000e+04,-9.271000000000000000e+03,-3.338900000000000000e+04
-1.692800000000000000e+04,-1.200000000000000000e+04,7.221000000000000000e+03,-1.011900000000000000e+04,-2.159700000000000000e+04,-2.949900000000000000e+04,1.313000000000000000e+03,-1.889300000000000000e+04
-3.314400000000000000e+04,-2.622000000000000000e+04,-2.109900000000000000e+04,-1.702700000000000000e+04,-2.110000000000000000e+04,-1.690500000000000000e+04,1.381400000000000000e+04,-2.306000000000000000e+04
-4.611900000000000000e+04,-2.983300000000000000e+04,-1.587600000000000000e+04,-4.010100000000000000e+04,-4.396800000000000000e+04,-3.384200000000000000e+04,-2.731700000000000000e+04,2.402500000000000000e+04
-2.137300000000000000e+04,-4.807000000000000000e+03,-1.182900000000000000e+04,-1.840700000000000000e+04,-1.094300000000000000e+04,-1.109900000000000000e+04,-1.265800000000000000e+04,8.625000000000000000e+03
-4.197700000000000000e+04,-1.547900000000000000e+04,-1.156800000000000000e+04,-2.963400000000000000e+04,-2.618400000000000000e+04,-1.952400000000000000e+04,-1.678300000000000000e+04,8.711000000000000000e+03
-2.402100000000000000e+04,-2.748700000000000000e+04,-1.913500000000000000e+04,-2.263200000000000000e+04,-2.903800000000000000e+04,-2.854900000000000000e+04,-2.215100000000000000e+04,1.651500000000000000e+04
-2.563500000000000000e+04,-1.350700000000000000e+04,-1.754000000000000000e+03,-4.171200000000000000e+04,-2.924100000000000000e+04,-3.814100000000000000e+04,-2.162200000000000000e+04,1.163200000000000000e+04
-4.086400000000000000e+04,-1.224700000000000000e+04,-2.059300000000000000e+04,-1.148200000000000000e+04,-3.185100000000000000e+04,-7.145000000000000000e+03,1.606300000000000000e+04,-3.482000000000000000e+04
-3.797500000000000000e+04,-3.510200000000000000e+04,-1.202400000000000000e+04,-4.680800000000000000e+04,-2.723100000000000000e+04,-3.829700000000000000e+04,-3.498300000000000000e+04,1.723300000000000000e+04
-2.662400000000000000e+04,-1.843100000000000000e+04,-2.055400000000000000e+04,-2.438000000000000000e+03,-3.261300000000000000e+04,2.314600000000000000e+04,-1.330200000000000000e+04,-2.694800000000000000e+04
-1.664500000000000000e+04,-2.055600000000000000e+04,-2.712100000000000000e+04,9.179000000000000000e+03,-2.815900000000000000e+04,-8.701000000000000000e+03,-2.066800000000000000e+04,-3.263600000000000000e+04
-2.331600000000000000e+04,-1.478300000000000000e+04,-1.916500000000000000e+04,-2.819700000000000000e+04,-2.493200000000000000e+04,-1.947700000000000000e+04,2.241400000000000000e+04,-2.218200000000000000e+04
-3.486600000000000000e+04,-1.644100000000000000e+04,-1.644200000000000000e+04,-1.513400000000000000e+04,-2.648500000000000000e+04,-2.744800000000000000e+04,2.024000000000000000e+04,-2.082200000000000000e+04
-1.811500000000000000e+04,-6.835000000000000000e+03,-1.327000000000000000e+04,1.038200000000000000e+04,-3.200600000000000000e+04,-1.950000000000000000e+03,-1.571200000000000000e+04,-4.042500000000000000e+04
-3.716400000000000000e+04,-2.681300000000000000e+04,-6.018000000000000000e+03,-3.429600000000000000e+04,-3.347600000000000000e+04,-4.302200000000000000e+04,-2.890200000000000000e+04,1.330700000000000000e+04
-1.142200000000000000e+04,2.658700000000000000e+04,-2.689200000000000000e+04,-1.837100000000000000e+04,-4.872000000000000000e+04,-2.049300000000000000e+04,-2.174800000000000000e+04,-3.222800000000000000e+04
-4.588200000000000000e+04,-1.913400000000000000e+04,-1.829700000000000000e+04,-5.331000000000000000e+04,-3.285400000000000000e+04,-3.894700000000000000e+04,-3.421000000000000000e+04,2.451300000000000000e+04
-2.950100000000000000e+04,-4.137000000000000000e+03,-1.665400000000000000e+04,-2.188000000000000000e+03,-2.731600000000000000e+04,-1.537600000000000000e+04,8.709000000000000000e+03,-3.556000000000000000e+04
-5.427000000000000000e+03,-2.621100000000000000e+04,-1.517500000000000000e+04,-1.695900000000000000e+04,2.424000000000000000e+04,-2.401300000000000000e+04,-3.426700000000000000e+04,-2.185400000000000000e+04
-4.311600000000000000e+04,-2.165700000000000000e+04,5.560000000000000000e+02,-2.112900000000000000e+04,-2.410100000000000000e+04,-1.779700000000000000e+04,4.446000000000000000e+03,-2.714500000000000000e+04
-1.443800000000000000e+04,-1.298100000000000000e+04,-8.805000000000000000e+03,-1.652200000000000000e+04,-1.789500000000000000e+04,-2.366500000000000000e+04,-1.609800000000000000e+04,-2.056000000000000000e+03
2.176000000000000000e+03,-1.573600000000000000e+04,-1.596600000000000000e+04,-1.360500000000000000e+04,-1.858700000000000000e+04,4.297000000000000000e+03,-3.379100000000000000e+04,-3.105700000000000000e+04
-3.479700000000000000e+04,-2.193300000000000000e+04,-4.891000000000000000e+03,-2.568600000000000000e+04,-1.374700000000000000e+04,-3.874400000000000000e+04,-1.707300000000000000e+04,3.397000000000000000e+03
-4.417600000000000000e+04,-1.546100000000000000e+04,-2.222300000000000000e+04,-2.068500000000000000e+04,-4.066100000000000000e+04,-1.963600000000000000e+04,9.579000000000000000e+03,-3.953200000000000000e+04
-3.565600000000000000e+04,-1.251800000000000000e+04,1.475000000000000000e+03,-2.572000000000000000e+04,-3.760200000000000000e+04,-3.320300000000000000e+04,-9.731000000000000000e+03,-2.435600000000000000e+04
-1.625300000000000000e+04,-1.129400000000000000e+04,-3.720000000000000000e+03,1.763000000000000000e+03,-2.847900000000000000e+04,-8.388000000000000000e+03,-4.159000000000000000e+04,-3.891100000000000000e+04
-1.806500000000000000e+04,-1.224000000000000000e+04,-1.258000000000000000e+04,4.535000000000000000e+03,-4.316200000000000000e+04,-6.343000000000000000e+03,-2.812000000000000000e+04,-3.893500000000000000e+04
-3.433000000000000000e+03,-1.300100000000000000e+04,-1.499200000000000000e+04,4.518000000000000000e+03,-1.092400000000000000e+04,1.027900000000000000e+04,-2.023300000000000000e+04,-1.196400000000000000e+04
-2.643400000000000000e+04,-2.227900000000000000e+04,-7.907000000000000000e+03,2.832000000000000000e+03,-1.352800000000000000e+04,-2.160100000000000000e+04,4.457000000000000000e+03,-3.264200000000000000e+04
-3.228300000000000000e+04,2.502200000000000000e+04,-2.909900000000000000e+04,-2.234300000000000000e+04,-5.850200000000000000e+04,-7.047000000000000000e+03,-2.714400000000000000e+04,-3.776800000000000000e+04
-2.394000000000000000e+04,2.709600000000000000e+04,-2.196700000000000000e+04,-2.028700000000000000e+04,-5.492400000000000000e+04,-2.350400000000000000e+04,-3.137600000000000000e+04,-3.811600000000000000e+04
-2.755900000000000000e+04,2.157100000000000000e+04,-2.069100000000000000e+04,-1.988500000000000000e+04,-6.137300000000000000e+04,-3.501600000000000000e+04,-3.690900000000000000e+04,-5.272500000000000000e+04
-3.024900000000000000e+04,-2.775000000000000000e+04,-8.545000000000000000e+03,-2.213100000000000000e+04,-9.140000000000000000e+02,-3.604100000000000000e+04,-3.305600000000000000e+04,-3.362000000000000000e+03
-2.461800000000000000e+04,-2.555600000000000000e+04,-1.024700000000000000e+04,-2.701100000000000000e+04,-2.131300000000000000e+04,-1.760200000000000000e+04,2.081900000000000000e+04,-2.500300000000000000e+04
-2.952500000000000000e+04,-1.041800000000000000e+04,-2.050600000000000000e+04,-2.191200000000000000e+04,-2.935700000000000000e+04,2.269200000000000000e+04,-3.954000000000000000e+03,-2.102600000000000000e+04
-1.556700000000000000e+04,-2.647800000000000000e+04,-7.006000000000000000e+03,-1.540200000000000000e+04,5.756000000000000000e+03,-3.019000000000000000e+04,-2.777500000000000000e+04,-1.736100000000000000e+04
-3.030200000000000000e+04,-2.338100000000000000e+04,-2.510300000000000000e+04,-7.810000000000000000e+03,5.645000000000000000e+03,-2.212500000000000000e+04,-2.101000000000000000e+04,-1.038800000000000000e+04
-1.826900000000000000e+04,-1.167500000000000000e+04,-1.789000000000000000e+04,1.779000000000000000e+03,-1.555100000000000000e+04,-1.567000000000000000e+03,-2.270700000000000000e+04,-1.553000000000000000e+04
-4.413300000000000000e+04,-3.188300000000000000e+04,2.749100000000000000e+04,-1.697000000000000000e+04,-2.487800000000000000e+04,-3.971000000000000000e+04,-2.134000000000000000e+04,-8.606000000000000000e+03
-2.997000000000000000e+03,-1.673100000000000000e+04,-1.868200000000000000e+04,-1.290000000000000000e+02,-2.765000000000000000e+03,-2.305500000000000000e+04,-9.482000000000000000e+03,-2.951200000000000000e+04
-1.653900000000000000e+04,-2.222200000000000000e+04,-1.358600000000000000e+04,-1.562600000000000000e+04,-1.866500000000000000e+04,7.132000000000000000e+03,-8.418000000000000000e+03,-1.655500000000000000e+04
-1.792000000000000000e+04,-1.806200000000000000e+04,-1.984500000000000000e+04,3.994000000000000000e+03,-1.926100000000000000e+04,-1.722000000000000000e+03,-2.294600000000000000e+04,-3.894100000000000000e+04
-2.597200000000000000e+04,-2.641800000000000000e+04,-3.811000000000000000e+03,-3.179600000000000000e+04,4.175000000000000000e+03,-3.155100000000000000e+04,-1.735900000000000000e+04,-5.494000000000000000e+03
-3.322900000000000000e+04,2.554000000000000000e+04,-2.742900000000000000e+04,-1.734600000000000000e+04,-4.270200000000000000e+04,-1.480400000000000000e+04,-2.184500000000000000e+04,-3.027700000000000000e+04
-2.569400000000000000e+04,-8.533000000000000000e+03,-3.109000000000000000e+04,3.913000000000000000e+03,-3.914100000000000000e+04,-3.597000000000000000e+03,-2.413500000000000000e+04,-3.630800000000000000e+04
-4.455000000000000000e+03,-1.573100000000000000e+04,-1.266200000000000000e+04,-1.125600000000000000e+04,-1.567700000000000000e+04,7.926000000000000000e+03,-1.917000000000000000e+04,-3.702800000000000000e+04
-4.052400000000000000e+04,-1.509300000000000000e+04,8.910000000000000000e+03,-1.869000000000000000e+04,-2.186900000000000000e+04,-2.874800000000000000e+04,-1.356900000000000000e+04,-2.341700000000000000e+04
-3.649700000000000000e+04,-2.431700000000000000e+04,-2.201800000000000000e+04,-3.204400000000000000e+04,-3.256900000000000000e+04,-3.373500000000000000e+04,-1.604900000000000000e+04,2.737900000000000000e+04
-7.880000000000000000e+03,-2.520100000000000000e+04,-3.725100000000000000e+04,-3.330000000000000000e+03,-2.475500000000000000e+04,1.532200000000000000e+04,-1.800000000000000000e+04,-2.868200000000000000e+04
-2.362200000000000000e+04,2.376000000000000000e+04,-2.186900000000000000e+04,-1.457900000000000000e+04,-5.599000000000000000e+04,-1.412100000000000000e+04,-3.138800000000000000e+04,-4.118400000000000000e+04
-2.424000000000000000e+03,-1.405000000000000000e+04,-1.068000000000000000e+04,3.453000000000000000e+03,-1.275100000000000000e+04,-6.039000000000000000e+03,-3.137900000000000000e+04,-3.989200000000000000e+04
-3.963700000000000000e+04,-2.623400000000000000e+04,-1.452200000000000000e+04,-3.464400000000000000e+04,-3.051300000000000000e+04,-3.150600000000000000e+04,-3.116300000000000000e+04,9.274000000000000000e+03
-2.257000000000000000e+04,-2.532400000000000000e+04,-1.446200000000000000e+04,-1.960700000000000000e+04,-1.042300000000000000e+04,-7.790000000000000000e+03,-1.964200000000000000e+04,-2.051000000000000000e+03
-1.779400000000000000e+04,-1.909700000000000000e+04,-1.101800000000000000e+04,-2.290300000000000000e+04,-2.532600000000000000e+04,-9.800000000000000000e+03,1.362200000000000000e+04,-1.750000000000000000e+04
-3.515500000000000000e+04,-1.360700000000000000e+04,3.241000000000000000e+03,-2.721700000000000000e+04,-1.077400000000000000e+04,-3.847500000000000000e+04,-1.348600000000000000e+04,-8.159000000000000000e+03
-3.309300000000000000e+04,-1.829100000000000000e+04,1.875200000000000000e+04,-1.383800000000000000e+04,-2.799600000000000000e+04,-3.864400000000000000e+04,1.423000000000000000e+03,-3.669300000000000000e+04
-3.498000000000000000e+04,-1.874800000000000000e+04,-1.201800000000000000e+04,-3.019400000000000000e+04,-2.889800000000000000e+04,-1.988500000000000000e+04,2.452300000000000000e+04,-2.429900000000000000e+04
-1.691100000000000000e+04,-1.168600000000000000e+04,-2.261000000000000000e+04,-4.700000000000000000e+03,-7.274000000000000000e+03,1.967600000000000000e+04,-4.198000000000000000e+03,-3.921100000000000000e+04
-2.650100000000000000e+04,-2.467200000000000000e+04,-1.107500000000000000e+04,-2.401200000000000000e+04,-1.688900000000000000e+04,-2.537700000000000000e+04,8.514000000000000000e+03,-1.378900000000000000e+04
-2.488400000000000000e+04,-1.666600000000000000e+04,-2.614000000000000000e+03,-2.808500000000000000e+04,-1.399000000000000000e+04,-2.756000000000000000e+04,-2.499500000000000000e+04,-6.820000000000000000e+02
-1.225400000000000000e+04,9.309000000000000000e+03,-2.412500000000000000e+04,1.077000000000000000e+03,-4.411200000000000000e+04,-2.254900000000000000e+04,-3.216500000000000000e+04,-3.848200000000000000e+04
-1.932300000000000000e+04,-2.814500000000000000e+04,-2.585800000000000000e+04,-6.560000000000000000e+03,1.326400000000000000e+04,-2.447900000000000000e+04,-2.561100000000000000e+04,-2.320300000000000000e+04
-2.933200000000000000e+04,-1.590700000000000000e+04,-1.808000000000000000e+04,-3.149300000000000000e+04,-2.639100000000000000e+04,-2.889900000000000000e+04,-2.474600000000000000e+04,1.898100000000000000e+04
1.299000000000000000e+03,-1.045600000000000000e+04,-2.218100000000000000e+04,-1.300000000000000000e+04,1.420200000000000000e+04,-1.564300000000000000e+04,-2.961300000000000000e+04,-2.698600000000000000e+04
-4.149200000000000000e+04,-1.884000000000000000e+04,-1.326000000000000000e+03,-6.946000000000000000e+03,-1.724700000000000000e+04,-2.451600000000000000e+04,-1.818900000000000000e+04,-1.293700000000000000e+04
-1.582400000000000000e+04,6.465000000000000000e+03,-4.906000000000000000e+03,-1.802000000000000000e+04,-7.018000000000000000e+03,-3.046300000000000000e+04,-3.237600000000000000e+04,-2.368600000000000000e+04
-3.120900000000000000e+04,2.434900000000000000e+04,-1.964700000000000000e+04,-1.285400000000000000e+04,-5.702200000000000000e+04,-2.303200000000000000e+04,-2.162600000000000000e+04,-3.666800000000000000e+04
-3.760400000000000000e+04,-3.421400000000000000e+04,-6.359000000000000000e+03,-3.693100000000000000e+04,-2.602700000000000000e+04,-3.655800000000000000e+04,-3.406900000000000000e+04,2.035800000000000000e+04
-1.128300000000000000e+04,-2.018600000000000000e+04,-1.591700000000000000e+04,-3.520000000000000000e+02,-2.171000000000000000e+03,-7.160000000000000000e+02,-1.766900000000000000e+04,-1.830300000000000000e+04
-1.996400000000000000e+04,-1.920600000000000000e+04,-5.507000000000000000e+03,2.836000000000000000e+03,4.226000000000000000e+03,-2.214000000000000000e+04,-2.088600000000000000e+04,-1.878800000000000000e+04
-5.435000000000000000e+03,1.000000000000000000e+00,-1.252300000000000000e+04,-1.352100000000000000e+04,-8.335000000000000000e+03,-7.587000000000000000e+03,-2.838800000000000000e+04,-3.268200000000000000e+04
-3.249400000000000000e+04,-2.322000000000000000e+04,-1.547700000000000000e+04,7.597000000000000000e+03,-2.585300000000000000e+04,-2.122800000000000000e+04,-1.355100000000000000e+04,-5.011800000000000000e+04
-1.489600000000000000e+04,-1.740200000000000000e+04,-2.553200000000000000e+04,-5.707000000000000000e+03,-7.483000000000000000e+03,9.686000000000000000e+03,-2.496200000000000000e+04,-2.359800000000000000e+04
-1.755300000000000000e+04,-1.340200000000000000e+04,-8.522000000000000000e+03,-2.178500000000000000e+04,-2.524200000000000000e+04,-2.859100000000000000e+04,-1.971300000000000000e+04,1.125700000000000000e+04
-2.994700000000000000e+04,-1.773000000000000000e+04,-1.594600000000000000e+04,-3.783200000000000000e+04,-2.101100000000000000e+04,-1.290100000000000000e+04,1.901500000000000000e+04,-2.297600000000000000e+04
-3.039300000000000000e+04,-2.327200000000000000e+04,-1.200600000000000000e+04,8.072000000000000000e+03,-3.786100000000000000e+04,1.676000000000000000e+03,-2.903300000000000000e+04,-4.603600000000000000e+04
-2.031900000000000000e+04,-2.145000000000000000e+04,4.571000000000000000e+03,-2.291200000000000000e+04,-1.856000000000000000e+04,-3.186900000000000000e+04,-1.124000000000000000e+03,-2.621700000000000000e+04
-3.412300000000000000e+04,-5.729000000000000000e+03,-1.735600000000000000e+04,-4.557000000000000000e+03,-3.095200000000000000e+04,1.856000000000000000e+03,-1.356300000000000000e+04,-5.057100000000000000e+04
-2.758300000000000000e+04,-9.127000000000000000e+03,1.167100000000000000e+04,-3.864700000000000000e+04,-1.234600000000000000e+04,-3.893800000000000000e+04,-3.319500000000000000e+04,-1.476100000000000000e+04
-4.978000000000000000e+03,-1.145400000000000000e+04,-2.164800000000000000e+04,-5.945000000000000000e+03,-1.926800000000000000e+04,5.745000000000000000e+03,-2.470100000000000000e+04,-3.477600000000000000e+04
-2.582200000000000000e+04,-6.024000000000000000e+03,-1.571300000000000000e+04,1.008100000000000000e+04,-3.392100000000000000e+04,-4.498000000000000000e+03,-2.004600000000000000e+04,-2.665900000000000000e+04
-3.057400000000000000e+04,-2.382000000000000000e+04,-4.785000000000000000e+03,-1.917100000000000000e+04,-2.072000000000000000e+04,-3.374100000000000000e+04,-1.227000000000000000e+03,-1.891000000000000000e+04
-3.682100000000000000e+04,-2.871100000000000000e+04,-1.224200000000000000e+04,-4.348100000000000000e+04,-3.968800000000000000e+04,-2.512700000000000000e+04,-1.244600000000000000e+04,1.449800000000000000e+04
-7.379000000000000000e+03,-1.368600000000000000e+04,-2.111100000000000000e+04,7.905000000000000000e+03,-2.366100000000000000e+04,1.286000000000000000e+04,-2.976700000000000000e+04,-2.478000000000000000e+04
-2.435000000000000000e+04,-2.397700000000000000e+04,6.990000000000000000e+02,-9.661000000000000000e+03,-1.597400000000000000e+04,-2.800100000000000000e+04,-7.515000000000000000e+03,-2.550900000000000000e+04
-3.434300000000000000e+04,-2.595600000000000000e+04,-1.844800000000000000e+04,-1.808000000000000000e+04,-1.705300000000000000e+04,-2.145500000000000000e+04,1.668200000000000000e+04,-2.188600000000000000e+04
-2.545600000000000000e+04,1.670000000000000000e+03,-1.999300000000000000e+04,4.687000000000000000e+03,-4.743600000000000000e+04,-3.966000000000000000e+03,-2.199700000000000000e+04,-3.969500000000000000e+04
2.628000000000000000e+03,-2.580400000000000000e+04,-1.635300000000000000e+04,-3.520000000000000000e+02,-1.833900000000000000e+04,-9.159000000000000000e+03,-3.334300000000000000e+04,-4.091800000000000000e+04
3.918000000000000000e+03,-1.691200000000000000e+04,-8.135000000000000000e+03,-6.377000000000000000e+03,-1.491400000000000000e+04,-6.767000000000000000e+03,-3.686300000000000000e+04,-4.660700000000000000e+04
-7.159000000000000000e+03,-2.217000000000000000e+04,-2.086800000000000000e+04,1.199000000000000000e+03,-3.396900000000000000e+04,2.310000000000000000e+03,-2.372500000000000000e+04,-4.215500000000000000e+04
-2.095100000000000000e+04,-1.731500000000000000e+04,-1.315500000000000000e+04,1.254700000000000000e+04,-2.857600000000000000e+04,-6.905000000000000000e+03,-2.880900000000000000e+04,-3.156800000000000000e+04
-2.348000000000000000e+03,-2.407300000000000000e+04,-1.341900000000000000e+04,2.034000000000000000e+03,-2.022300000000000000e+04,-6.596000000000000000e+03,-2.763000000000000000e+04,-3.662300000000000000e+04
-1.358400000000000000e+04,-2.877200000000000000e+04,-5.008000000000000000e+03,-5.215000000000000000e+03,1.329100000000000000e+04,-1.646400000000000000e+04,-1.427400000000000000e+04,-1.786700000000000000e+04
-7.602000000000000000e+03,-2.465500000000000000e+04,-3.446000000000000000e+03,-2.465700000000000000e+04,1.143700000000000000e+04,-3.396200000000000000e+04,-3.632900000000000000e+04,-3.036500000000000000e+04
-2.301300000000000000e+04,8.418000000000000000e+03,-2.083700000000000000e+04,-1.562500000000000000e+04,-4.250500000000000000e+04,-1.480900000000000000e+04,-8.576000000000000000e+03,-2.185900000000000000e+04
-1.555300000000000000e+04,-7.510000000000000000e+03,-1.179100000000000000e+04,2.863000000000000000e+03,-1.430700000000000000e+04,-7.498000000000000000e+03,-1.120500000000000000e+04,-2.758400000000000000e+04
-5.328500000000000000e+04,-2.402500000000000000e+04,1.566000000000000000e+03,-1.963000000000000000e+04,-4.831900000000000000e+04,-4.309700000000000000e+04,-1.973000000000000000e+04,-7.172000000000000000e+03
-2.642900000000000000e+04,-1.486000000000000000e+04,-1.083500000000000000e+04,-2.401000000000000000e+04,-3.324900000000000000e+04,-9.678000000000000000e+03,3.894000000000000000e+03,-2.065100000000000000e+04
-1.307900000000000000e+04,-1.378000000000000000e+04,-1.668500000000000000e+04,-1.872000000000000000e+03,-2.295600000000000000e+04,-1.115000000000000000e+03,-2.190400000000000000e+04,-4.462700000000000000e+04
-2.143100000000000000e+04,-1.308200000000000000e+04,-2.494900000000000000e+04,-3.824000000000000000e+03,-3.226200000000000000e+04,5.052000000000000000e+03,-3.928000000000000000e+03,-2.415000000000000000e+04
-2.330100000000000000e+04,-1.179100000000000000e+04,-1.534200000000000000e+04,8.673000000000000000e+03,-3.062000000000000000e+04,5.029000000000000000e+03,-2.375800000000000000e+04,-4.296300000000000000e+04
-1.583200000000000000e+04,8.331000000000000000e+03,-2.261700000000000000e+04,-1.068800000000000000e+04,-1.935400000000000000e+04,-1.880400000000000000e+04,-2.898200000000000000e+04,-5.355500000000000000e+04
-1.737300000000000000e+04,-1.116900000000000000e+04,-9.694000000000000000e+03,2.454000000000000000e+03,-3.434500000000000000e+04,1.367000000000000000e+03,-2.143900000000000000e+04,-4.685800000000000000e+04
-2.309900000000000000e+04,-2.921100000000000000e+04,2.525100000000000000e+04,-2.376400000000000000e+04,-1.263100000000000000e+04,-2.725200000000000000e+04,-1.872400000000000000e+04,-2.152600000000000000e+04
-3.575900000000000000e+04,-2.239300000000000000e+04,-1.921700000000000000e+04,-4.341300000000000000e+04,-2.667500000000000000e+04,-3.092200000000000000e+04,-2.179900000000000000e+04,2.034700000000000000e+04
-2.455600000000000000e+04,-1.934800000000000000e+04,1.684300000000000000e+04,-1.971700000000000000e+04,-8.053000000000000000e+03,-3.849800000000000000e+04,-1.089100000000000000e+04,-2.171600000000000000e+04
-2.842300000000000000e+04,-2.790100000000000000e+04,-1.444400000000000000e+04,-5.389000000000000000e+03,-3.483300000000000000e+04,4.424000000000000000e+03,3.390000000000000000e+02,-3.616800000000000000e+04
-1.732900000000000000e+04,1.281200000000000000e+04,-2.746900000000000000e+04,-2.466400000000000000e+04,-5.273200000000000000e+04,-1.025600000000000000e+04,-3.623200000000000000e+04,-5.468600000000000000e+04
-3.522200000000000000e+04,-1.570700000000000000e+04,7.547000000000000000e+03,-1.233300000000000000e+04,-1.321600000000000000e+04,-3.217300000000000000e+04,-2.619900000000000000e+04,-1.638000000000000000e+03
-2.601000000000000000e+04,5.708000000000000000e+03,-1.507400000000000000e+04,-2.248700000000000000e+04,-4.749800000000000000e+04,2.322000000000000000e+03,-3.231100000000000000e+04,-4.717100000000000000e+04
-2.529800000000000000e+04,-2.323200000000000000e+04,-5.370000000000000000e+03,-2.276700000000000000e+04,-2.312900000000000000e+04,-1.148400000000000000e+04,1.368900000000000000e+04,-2.546700000000000000e+04
-2.332700000000000000e+04,-9.939000000000000000e+03,-1.521000000000000000e+04,-1.691200000000000000e+04,-2.566800000000000000e+04,-2.166200000000000000e+04,1.353600000000000000e+04,-2.914600000000000000e+04
-2.883900000000000000e+04,-2.963800000000000000e+04,8.090000000000000000e+03,-1.379400000000000000e+04,-1.307600000000000000e+04,-4.036200000000000000e+04,-2.989700000000000000e+04,-3.310000000000000000e+02
-1.217000000000000000e+04,-1.313900000000000000e+04,9.380000000000000000e+02,-5.713000000000000000e+03,-1.228500000000000000e+04,-2.384000000000000000e+04,-2.029200000000000000e+04,-3.242900000000000000e+04
-2.171600000000000000e+04,-1.359800000000000000e+04,-1.725500000000000000e+04,-2.142300000000000000e+04,-3.690000000000000000e+04,-2.057900000000000000e+04,1.179300000000000000e+04,-2.143000000000000000e+04
-1.895400000000000000e+04,-2.088900000000000000e+04,-1.895200000000000000e+04,-2.425800000000000000e+04,-1.853600000000000000e+04,-3.133000000000000000e+04,-1.403800000000000000e+04,1.474400000000000000e+04
-2.375000000000000000e+04,-1.216600000000000000e+04,-1.211500000000000000e+04,-1.112200000000000000e+04,-1.665100000000000000e+04,1.164300000000000000e+04,-1.202200000000000000e+04,-2.339200000000000000e+04
-2.694500000000000000e+04,-2.061600000000000000e+04,-5.028000000000000000e+03,-1.742700000000000000e+04,-1.519500000000000000e+04,-2.966900000000000000e+04,5.450000000000000000e+03,-2.346300000000000000e+04
3.160000000000000000e+03,-1.828600000000000000e+04,-2.485800000000000000e+04,-1.524700000000000000e+04,-2.189700000000000000e+04,1.120200000000000000e+04,-1.659800000000000000e+04,-3.084700000000000000e+04
-2.103600000000000000e+04,-1.469700000000000000e+04,-1.307300000000000000e+04,-8.328000000000000000e+03,-3.057700000000000000e+04,-3.204900000000000000e+04,1.442300000000000000e+04,-3.483700000000000000e+04
-1.360900000000000000e+04,-5.414000000000000000e+03,-1.926700000000000000e+04,-6.281000000000000000e+03,-3.592600000000000000e+04,4.761000000000000000e+03,-2.666600000000000000e+04,-3.411700000000000000e+04
-1.178800000000000000e+04,-5.288000000000000000e+03,-1.952500000000000000e+04,3.747000000000000000e+03,-4.058600000000000000e+04,-1.890000000000000000e+03,-2.695700000000000000e+04,-2.327800000000000000e+04
-4.257100000000000000e+04,-2.027900000000000000e+04,-2.509300000000000000e+04,-1.818200000000000000e+04,-4.218400000000000000e+04,-3.615000000000000000e+03,2.325800000000000000e+04,-3.413600000000000000e+04
6.202000000000000000e+03,-8.694000000000000000e+03,-2.044800000000000000e+04,1.235000000000000000e+03,-2.532100000000000000e+04,-5.478000000000000000e+03,-2.215100000000000000e+04,-1.955200000000000000e+04
-1.901000000000000000e+03,-1.733900000000000000e+04,-1.893300000000000000e+04,-1.423100000000000000e+04,-7.640000000000000000e+03,2.227000000000000000e+04,-2.053600000000000000e+04,-3.026600000000000000e+04
5.201000000000000000e+03,-1.410000000000000000e+04,-1.413000000000000000e+04,-1.979500000000000000e+04,-8.874000000000000000e+03,-8.600000000000000000e+02,-2.116600000000000000e+04,-2.372500000000000000e+04
-2.376800000000000000e+04,-8.937000000000000000e+03,3.570000000000000000e+02,-2.053000000000000000e+03,-3.458400000000000000e+04,-3.228000000000000000e+03,-2.355400000000000000e+04,-4.001700000000000000e+04
-3.448300000000000000e+04,-1.451800000000000000e+04,-1.531500000000000000e+04,-2.796800000000000000e+04,-4.888000000000000000e+03,-3.059200000000000000e+04,-3.667700000000000000e+04,5.156000000000000000e+03
-2.017000000000000000e+04,-2.231800000000000000e+04,-1.112100000000000000e+04,-2.604800000000000000e+04,-2.115800000000000000e+04,4.200000000000000000e+01,2.454500000000000000e+04,-2.443400000000000000e+04
-2.662400000000000000e+04,-1.409500000000000000e+04,-1.410500000000000000e+04,-7.137000000000000000e+03,-2.727500000000000000e+04,7.284000000000000000e+03,-1.449100000000000000e+04,-1.861900000000000000e+04
-3.663400000000000000e+04,-8.415000000000000000e+03,-2.450600000000000000e+04,-1.930400000000000000e+04,-3.153900000000000000e+04,-2.474300000000000000e+04,2.026200000000000000e+04,-3.984900000000000000e+04
-2.779300000000000000e+04,-1.435800000000000000e+04,4.678000000000000000e+03,-2.837000000000000000e+03,2.846000000000000000e+03,-2.920700000000000000e+04,-2.005600000000000000e+04,-1.867000000000000000e+04
-2.729000000000000000e+04,-1.510600000000000000e+04,1.159000000000000000e+04,-7.140000000000000000e+02,-2.497400000000000000e+04,-4.448100000000000000e+04,-2.159200000000000000e+04,-1.352200000000000000e+04
-1.196400000000000000e+04,-1.412200000000000000e+04,-2.133500000000000000e+04,-4.742000000000000000e+03,-1.236500000000000000e+04,3.789000000000000000e+03,-2.831200000000000000e+04,-3.208900000000000000e+04
-3.248400000000000000e+04,1.387000000000000000e+03,-1.936900000000000000e+04,-6.945000000000000000e+03,-4.516300000000000000e+04,-4.989000000000000000e+03,-1.914900000000000000e+04,-4.487300000000000000e+04
-2.379000000000000000e+04,-1.270100000000000000e+04,-1.198300000000000000e+04,-1.626300000000000000e+04,-2.256400000000000000e+04,-1.403800000000000000e+04,2.180000000000000000e+02,-1.439400000000000000e+04
-3.773400000000000000e+04,-1.746500000000000000e+04,-1.658600000000000000e+04,3.430000000000000000e+03,-1.965700000000000000e+04,-1.758400000000000000e+04,1.372100000000000000e+04,-3.128300000000000000e+04
-1.591300000000000000e+04,3.041500000000000000e+04,-1.749500000000000000e+04,-2.565800000000000000e+04,-5.574000000000000000e+04,-3.119400000000000000e+04,-3.582100000000000000e+04,-3.947200000000000000e+04
-2.509700000000000000e+04,-2.259100000000000000e+04,4.061800000000000000e+04,-1.182100000000000000e+04,-1.694600000000000000e+04,-3.048200000000000000e+04,-1.969400000000000000e+04,-3.615100000000000000e+04
-2.443300000000000000e+04,1.249300000000000000e+04,-1.796200000000000000e+04,-5.288000000000000000e+03,-4.028200000000000000e+04,-2.545800000000000000e+04,-2.122600000000000000e+04,-3.692100000000000000e+04
5.973000000000000000e+03,-2.393000000000000000e+04,-1.208900000000000000e+04,-9.451000000000000000e+03,-1.863200000000000000e+04,-2.100000000000000000e+01,-2.939200000000000000e+04,-5.001000000000000000e+04
-1.189300000000000000e+04,3.088000000000000000e+03,-2.300100000000000000e+04,-1.536500000000000000e+04,-3.500300000000000000e+04,-5.990000000000000000e+02,-2.595500000000000000e+04,-3.475400000000000000e+04
-3.230700000000000000e+04,-2.097400000000000000e+04,-1.290800000000000000e+04,-2.919900000000000000e+04,-1.868500000000000000e+04,-2.313600000000000000e+04,-2.349700000000000000e+04,1.168700000000000000e+04
-3.176500000000000000e+04,-2.405600000000000000e+04,-8.300000000000000000e+02,-2.229100000000000000e+04,-2.040300000000000000e+04,-2.002500000000000000e+04,1.006100000000000000e+04,-3.310900000000000000e+04
-2.670600000000000000e+04,-2.377100000000000000e+04,-1.605600000000000000e+04,-2.005600000000000000e+04,-2.797900000000000000e+04,-2.140200000000000000e+04,1.896400000000000000e+04,-2.053900000000000000e+04
-1.331300000000000000e+04,-2.051200000000000000e+04,-2.179800000000000000e+04,-3.233000000000000000e+04,-2.213400000000000000e+04,-3.100200000000000000e+04,1.498400000000000000e+04,-8.272000000000000000e+03
-5.530000000000000000e+02,-1.746000000000000000e+04,-2.078200000000000000e+04,-1.128800000000000000e+04,-6.752000000000000000e+03,2.148000000000000000e+03,-3.255100000000000000e+04,-4.374500000000000000e+04
-2.463700000000000000e+04,8.231000000000000000e+03,-3.569100000000000000e+04,-9.620000000000000000e+03,-3.137700000000000000e+04,-9.279000000000000000e+03,-2.640900000000000000e+04,-2.990700000000000000e+04
-1.420600000000000000e+04,-1.517600000000000000e+04,2.018000000000000000e+03,-1.513400000000000000e+04,-2.254000000000000000e+03,-2.004700000000000000e+04,-1.534800000000000000e+04,-2.755800000000000000e+04
-7.283000000000000000e+03,-2.278000000000000000e+04,-1.329300000000000000e+04,-2.300000000000000000e+03,-3.324500000000000000e+04,3.442000000000000000e+03,-3.812300000000000000e+04,-5.911900000000000000e+04
-1.187800000000000000e+04,-1.915500000000000000e+04,-1.087100000000000000e+04,-2.809000000000000000e+03,-1.136500000000000000e+04,-1.213200000000000000e+04,-2.924500000000000000e+04,-3.555000000000000000e+04
-3.395700000000000000e+04,-2.390300000000000000e+04,-1.400200000000000000e+04,-2.519600000000000000e+04,2.456100000000000000e+04,-3.317100000000000000e+04,-3.306700000000000000e+04,-1.858800000000000000e+04
-3.002000000000000000e+04,-1.693800000000000000e+04,-1.722200000000000000e+04,-1.465200000000000000e+04,-2.995900000000000000e+04,-8.169000000000000000e+03,2.220100000000000000e+04,-2.114000000000000000e+04
-2.434500000000000000e+04,-4.229000000000000000e+03,-1.807900000000000000e+04,-5.517000000000000000e+03,-3.260100000000000000e+04,9.396000000000000000e+03,-2.082400000000000000e+04,-3.963200000000000000e+04
-3.181600000000000000e+04,-1.448000000000000000e+04,-1.055400000000000000e+04,-1.562000000000000000e+03,-3.704200000000000000e+04,-2.957200000000000000e+04,6.544000000000000000e+03,-2.761500000000000000e+04
-9.376000000000000000e+03,-2.374800000000000000e+04,-1.055400000000000000e+04,-9.140000000000000000e+03,2.230000000000000000e+02,-1.648400000000000000e+04,-3.484700000000000000e+04,-2.507600000000000000e+04
-2.613000000000000000e+04,-1.383600000000000000e+04,9.479000000000000000e+03,-1.240900000000000000e+04,-4.121000000000000000e+03,-9.800000000000000000e+03,-2.404400000000000000e+04,-2.047600000000000000e+04
-1.987500000000000000e+04,-1.606600000000000000e+04,-2.409200000000000000e+04,7.730000000000000000e+03,-3.145100000000000000e+04,-6.310000000000000000e+02,-2.189100000000000000e+04,-3.375700000000000000e+04
-4.113200000000000000e+04,-1.522800000000000000e+04,-3.079100000000000000e+04,-4.263800000000000000e+04,-3.721100000000000000e+04,-3.565500000000000000e+04,-2.995300000000000000e+04,2.506900000000000000e+04
-3.986900000000000000e+04,-2.008800000000000000e+04,1.313100000000000000e+04,-7.523000000000000000e+03,6.520000000000000000e+02,-3.284500000000000000e+04,-2.181800000000000000e+04,-2.014000000000000000e+04
-4.235400000000000000e+04,-2.830900000000000000e+04,-1.478200000000000000e+04,-2.736900000000000000e+04,-2.854700000000000000e+04,-1.951100000000000000e+04,1.782200000000000000e+04,-2.697600000000000000e+04
-2.832100000000000000e+04,-1.739700000000000000e+04,-1.241600000000000000e+04,-1.385700000000000000e+04,-1.955700000000000000e+04,-3.753000000000000000e+04,9.591000000000000000e+03,-1.761800000000000000e+04
-2.448600000000000000e+04,1.852900000000000000e+04,-2.020700000000000000e+04,-1.359600000000000000e+04,-5.411100000000000000e+04,-1.198600000000000000e+04,-2.086700000000000000e+04,-3.662100000000000000e+04
-3.085300000000000000e+04,-1.268300000000000000e+04,-2.060800000000000000e+04,-2.210400000000000000e+04,-3.067800000000000000e+04,-2.377200000000000000e+04,-1.390000000000000000e+02,-2.578800000000000000e+04
-5.333900000000000000e+04,-3.136200000000000000e+04,-8.446000000000000000e+03,-3.247000000000000000e+04,-4.542900000000000000e+04,-4.924400000000000000e+04,-2.139400000000000000e+04,7.154000000000000000e+03
-2.833500000000000000e+04,-2.904200000000000000e+04,-7.370000000000000000e+03,-3.575400000000000000e+04,-1.992700000000000000e+04,-1.989700000000000000e+04,2.883800000000000000e+04,-1.746600000000000000e+04
-1.056800000000000000e+04,2.134900000000000000e+04,-2.459600000000000000e+04,-5.973000000000000000e+03,-3.255000000000000000e+04,-1.842000000000000000e+04,-2.895800000000000000e+04,-2.497500000000000000e+04
-1.436800000000000000e+04,1.337400000000000000e+04,-2.178100000000000000e+04,-5.260000000000000000e+03,-3.343900000000000000e+04,-1.043200000000000000e+04,-3.502500000000000000e+04,-4.870800000000000000e+04
-1.145000000000000000e+04,-1.458300000000000000e+04,-1.799300000000000000e+04,1.658200000000000000e+04,-2.186600000000000000e+04,-8.321000000000000000e+03,-1.771700000000000000e+04,-4.416700000000000000e+04
-3.238000000000000000e+04,-1.480200000000000000e+04,-2.485700000000000000e+04,-3.395800000000000000e+04,-1.719500000000000000e+04,-2.210900000000000000e+04,-1.404300000000000000e+04,2.142100000000000000e+04
-1.925800000000000000e+04,5.625000000000000000e+03,-2.437000000000000000e+04,-1.953200000000000000e+04,-2.967500000000000000e+04,5.174000000000000000e+03,-8.331000000000000000e+03,-2.566300000000000000e+04
-2.806800000000000000e+04,2.295600000000000000e+04,-3.390400000000000000e+04,-1.909100000000000000e+04,-4.778300000000000000e+04,-2.348700000000000000e+04,-2.155700000000000000e+04,-2.394000000000000000e+04
-2.419900000000000000e+04,-1.848300000000000000e+04,-9.254000000000000000e+03,4.416000000000000000e+03,-4.423700000000000000e+04,1.141600000000000000e+04,-2.223300000000000000e+04,-3.979200000000000000e+04
-1.781500000000000000e+04,-8.921000000000000000e+03,-1.876600000000000000e+04,-1.671200000000000000e+04,-3.488000000000000000e+04,2.022000000000000000e+03,-1.417200000000000000e+04,-3.045700000000000000e+04
2.100000000000000000e+03,-2.124800000000000000e+04,-1.452200000000000000e+04,1.429000000000000000e+03,-1.987000000000000000e+04,-1.498000000000000000e+03,-3.053200000000000000e+04,-3.806700000000000000e+04
-3.789400000000000000e+04,-2.587700000000000000e+04,9.750000000000000000e+02,-2.459800000000000000e+04,-2.965600000000000000e+04,-2.297100000000000000e+04,-9.350000000000000000e+03,-2.585000000000000000e+03
-1.062200000000000000e+04,-1.135000000000000000e+04,-9.410000000000000000e+03,-1.812900000000000000e+04,-1.628900000000000000e+04,-2.680000000000000000e+04,1.095100000000000000e+04,-2.410700000000000000e+04
-1.711200000000000000e+04,-1.955900000000000000e+04,-9.972000000000000000e+03,-2.988300000000000000e+04,-2.648300000000000000e+04,-6.156000000000000000e+03,6.228000000000000000e+03,-1.498700000000000000e+04
-5.090000000000000000e+02,-1.641200000000000000e+04,-1.626200000000000000e+04,-4.000000000000000000e+01,-1.938100000000000000e+04,2.420000000000000000e+03,-1.961100000000000000e+04,-4.603400000000000000e+04
-1.581300000000000000e+04,-1.934300000000000000e+04,-1.344900000000000000e+04,1.458000000000000000e+03,-1.519800000000000000e+04,-1.034700000000000000e+04,-1.760200000000000000e+04,-3.877700000000000000e+04
-2.010000000000000000e+04,1.369400000000000000e+04,-2.423800000000000000e+04,-1.720500000000000000e+04,-4.706600000000000000e+04,-6.410000000000000000e+03,-2.881900000000000000e+04,-2.951700000000000000e+04
-2.640000000000000000e+04,-1.910200000000000000e+04,-1.920000000000000000e+02,-2.421700000000000000e+04,-9.910000000000000000e+02,-2.615800000000000000e+04,-2.153900000000000000e+04,-2.475000000000000000e+03
-2.307500000000000000e+04,-3.248000000000000000e+03,-1.022300000000000000e+04,9.869000000000000000e+03,-5.117400000000000000e+04,-6.211000000000000000e+03,-3.236200000000000000e+04,-4.828200000000000000e+04
-1.609500000000000000e+04,-2.255200000000000000e+04,-3.746000000000000000e+03,-8.732000000000000000e+03,-1.394700000000000000e+04,-2.314100000000000000e+04,8.609000000000000000e+03,-2.671600000000000000e+04
-9.330000000000000000e+02,-1.124000000000000000e+04,-1.715900000000000000e+04,-1.121000000000000000e+03,-1.780200000000000000e+04,-7.248000000000000000e+03,-1.994200000000000000e+04,-3.809700000000000000e+04
-3.473200000000000000e+04,2.952200000000000000e+04,-2.164100000000000000e+04,-1.293000000000000000e+04,-4.170200000000000000e+04,-1.949000000000000000e+04,-2.565200000000000000e+04,-3.574100000000000000e+04
-9.055000000000000000e+03,-2.667300000000000000e+04,-1.521900000000000000e+04,3.432000000000000000e+03,-1.152600000000000000e+04,-1.058600000000000000e+04,-2.187400000000000000e+04,-4.142000000000000000e+04
-1.784100000000000000e+04,-1.249300000000000000e+04,-2.191400000000000000e+04,9.751000000000000000e+03,-1.610500000000000000e+04,-8.935000000000000000e+03,-1.082700000000000000e+04,-3.997000000000000000e+04
-3.451700000000000000e+04,2.224800000000000000e+04,-2.750300000000000000e+04,-2.021900000000000000e+04,-4.665500000000000000e+04,-2.032000000000000000e+04,-5.053000000000000000e+03,-3.232300000000000000e+04
-9.711000000000000000e+03,-1.294100000000000000e+04,-2.474500000000000000e+04,-4.080000000000000000e+02,-3.677400000000000000e+04,-1.987000000000000000e+03,-2.655500000000000000e+04,-4.138800000000000000e+04
-1.467600000000000000e+04,-2.584900000000000000e+04,-1.847900000000000000e+04,-5.978000000000000000e+03,-3.144400000000000000e+04,1.650800000000000000e+04,-3.016700000000000000e+04,-4.071600000000000000e+04
-1.357700000000000000e+04,-2.608200000000000000e+04,-1.226700000000000000e+04,1.820700000000000000e+04,-6.560000000000000000e+02,-2.054800000000000000e+04,-1.212800000000000000e+04,-3.002000000000000000e+04
-1.313200000000000000e+04,-3.000100000000000000e+04,-8.030000000000000000e+02,-2.130300000000000000e+04,1.361000000000000000e+04,-2.799000000000000000e+04,-2.188700000000000000e+04,-2.643300000000000000e+04
-1.235000000000000000e+04,-1.316700000000000000e+04,-6.823000000000000000e+03,9.876000000000000000e+03,-9.038000000000000000e+03,-1.658000000000000000e+04,-2.038000000000000000e+04,-3.695200000000000000e+04
-2.330000000000000000e+04,-1.265700000000000000e+04,-1.370900000000000000e+04,-7.750000000000000000e+03,5.500000000000000000e+02,-1.823900000000000000e+04,-3.924900000000000000e+04,-2.699600000000000000e+04
-2.093200000000000000e+04,-1.758800000000000000e+04,-1.951500000000000000e+04,6.052000000000000000e+03,-3.120400000000000000e+04,1.122400000000000000e+04,-2.581100000000000000e+04,-4.308800000000000000e+04
-1.943800000000000000e+04,-1.608900000000000000e+04,-1.621100000000000000e+04,-7.113000000000000000e+03,-2.941500000000000000e+04,1.770700000000000000e+04,-1.913200000000000000e+04,-3.484800000000000000e+04
-2.472500000000000000e+04,-2.191000000000000000e+04,-3.096000000000000000e+04,-1.547600000000000000e+04,-2.039400000000000000e+04,1.375600000000000000e+04,-1.478400000000000000e+04,-3.134300000000000000e+04
-1.375500000000000000e+04,-1.023900000000000000e+04,-2.687500000000000000e+04,-1.507000000000000000e+04,-1.723700000000000000e+04,5.877000000000000000e+03,-7.986000000000000000e+03,-3.267300000000000000e+04
-2.246900000000000000e+04,-2.269000000000000000e+04,-1.095000000000000000e+04,-2.531000000000000000e+04,-2.930200000000000000e+04,-2.728000000000000000e+04,9.562000000000000000e+03,-1.875500000000000000e+04
-4.036700000000000000e+04,-6.689000000000000000e+03,-2.801900000000000000e+04,-7.347000000000000000e+03,-2.514100000000000000e+04,-1.224600000000000000e+04,1.048600000000000000e+04,-3.309000000000000000e+04
-4.175600000000000000e+04,-2.862000000000000000e+03,-6.083000000000000000e+03,-4.872000000000000000e+03,-4.538000000000000000e+04,7.300000000000000000e+01,-3.346600000000000000e+04,-4.507400000000000000e+04
-1.180600000000000000e+04,-6.876000000000000000e+03,-1.774900000000000000e+04,2.660000000000000000e+02,-3.993800000000000000e+04,-1.123800000000000000e+04,-2.521400000000000000e+04,-3.646200000000000000e+04
-2.305000000000000000e+04,-2.358600000000000000e+04,-6.242000000000000000e+03,-4.428700000000000000e+04,-2.889700000000000000e+04,-2.595200000000000000e+04,-2.760500000000000000e+04,1.489200000000000000e+04
-1.420000000000000000e+04,1.456700000000000000e+04,-2.365800000000000000e+04,-3.273700000000000000e+04,-4.601600000000000000e+04,-1.253000000000000000e+04,-1.929900000000000000e+04,-2.683100000000000000e+04
-1.396400000000000000e+04,3.579700000000000000e+04,-1.596200000000000000e+04,-2.679000000000000000e+04,-4.111200000000000000e+04,-2.729900000000000000e+04,-3.214000000000000000e+04,-3.656000000000000000e+04
-4.364000000000000000e+03,-8.240000000000000000e+03,-1.570300000000000000e+04,-4.459000000000000000e+03,8.149000000000000000e+03,8.301000000000000000e+03,-1.422500000000000000e+04,-4.778000000000000000e+03
-1.254000000000000000e+04,2.736500000000000000e+04,-2.054400000000000000e+04,-1.738500000000000000e+04,-4.633100000000000000e+04,-1.490000000000000000e+04,-3.502800000000000000e+04,-4.457700000000000000e+04
-2.492900000000000000e+04,2.632900000000000000e+04,-2.231000000000000000e+04,-1.247200000000000000e+04,-4.392800000000000000e+04,-1.803700000000000000e+04,-2.018500000000000000e+04,-3.916300000000000000e+04
-1.883300000000000000e+04,-1.865400000000000000e+04,-1.359300000000000000e+04,-2.272300000000000000e+04,-2.073100000000000000e+04,-1.868800000000000000e+04,-2.008900000000000000e+04,2.639200000000000000e+04
-1.939600000000000000e+04,-2.239200000000000000e+04,1.430000000000000000e+03,-3.381300000000000000e+04,-3.180000000000000000e+02,-4.627800000000000000e+04,-3.907000000000000000e+04,-1.865100000000000000e+04
-7.942000000000000000e+03,-2.406400000000000000e+04,-1.842500000000000000e+04,9.632000000000000000e+03,-2.468000000000000000e+04,7.403000000000000000e+03,-2.161500000000000000e+04,-4.198100000000000000e+04
-2.572100000000000000e+04,-1.700300000000000000e+04,-1.820600000000000000e+04,-2.098600000000000000e+04,-1.825500000000000000e+04,-2.040300000000000000e+04,6.797000000000000000e+03,-2.707900000000000000e+04
-2.950500000000000000e+04,-5.034000000000000000e+03,-8.735000000000000000e+03,-1.670900000000000000e+04,-1.495300000000000000e+04,-1.673600000000000000e+04,-1.431800000000000000e+04,9.518000000000000000e+03
-2.450900000000000000e+04,-1.812700000000000000e+04,-1.290200000000000000e+04,-2.065200000000000000e+04,-1.235500000000000000e+04,-1.839900000000000000e+04,1.141900000000000000e+04,-9.148000000000000000e+03
-2.018700000000000000e+04,-3.200000000000000000e+03,-1.765400000000000000e+04,-1.614700000000000000e+04,-3.829000000000000000e+04,-6.806000000000000000e+03,-2.339200000000000000e+04,-3.583300000000000000e+04
-1.587800000000000000e+04,-2.088000000000000000e+04,-1.129900000000000000e+04,-2.728000000000000000e+03,-2.126500000000000000e+04,1.707700000000000000e+04,-2.395500000000000000e+04,-2.941900000000000000e+04
-1.908300000000000000e+04,-1.243400000000000000e+04,-1.440100000000000000e+04,-1.110000000000000000e+03,-1.953800000000000000e+04,-9.035000000000000000e+03,-1.560100000000000000e+04,-5.283900000000000000e+04
1.128300000000000000e+04,-1.186700000000000000e+04,-2.708900000000000000e+04,-2.095200000000000000e+04,-2.009900000000000000e+04,-2.844100000000000000e+04,-2.604500000000000000e+04,-3.095300000000000000e+04
-8.524000000000000000e+03,5.484000000000000000e+03,-1.842500000000000000e+04,-1.336800000000000000e+04,-2.571200000000000000e+04,-9.397000000000000000e+03,-1.346500000000000000e+04,-2.856200000000000000e+04
-3.119200000000000000e+04,-8.360000000000000000e+03,-5.452000000000000000e+03,-2.056800000000000000e+04,-2.215800000000000000e+04,-2.299500000000000000e+04,-6.329000000000000000e+03,-3.970000000000000000e+03
-3.442000000000000000e+04,-2.624000000000000000e+04,-1.947300000000000000e+04,-3.116700000000000000e+04,-2.858600000000000000e+04,-1.387500000000000000e+04,2.140500000000000000e+04,-1.917100000000000000e+04
-1.522500000000000000e+04,-5.500000000000000000e+02,-1.161500000000000000e+04,-2.830600000000000000e+04,-2.448900000000000000e+04,-7.687000000000000000e+03,7.136000000000000000e+03,-3.620200000000000000e+04
-2.930500000000000000e+04,-8.766000000000000000e+03,-2.292100000000000000e+04,-2.711400000000000000e+04,-4.177400000000000000e+04,-1.419700000000000000e+04,1.061900000000000000e+04,-3.870100000000000000e+04
1.119800000000000000e+04,-1.794300000000000000e+04,-1.303500000000000000e+04,1.237000000000000000e+03,-4.395700000000000000e+04,-3.409000000000000000e+03,-3.348000000000000000e+04,-4.894400000000000000e+04
-1.198300000000000000e+04,-1.084800000000000000e+04,-1.032700000000000000e+04,-1.527000000000000000e+04,7.129000000000000000e+03,-1.464700000000000000e+04,-1.293000000000000000e+04,-1.626600000000000000e+04
-1.569900000000000000e+04,-1.507100000000000000e+04,-1.459200000000000000e+04,6.865000000000000000e+03,-1.093000000000000000e+04,-1.048200000000000000e+04,-2.155800000000000000e+04,-4.011200000000000000e+04
-2.238600000000000000e+04,-1.617100000000000000e+04,-1.898000000000000000e+04,-1.801000000000000000e+03,-3.758300000000000000e+04,8.561000000000000000e+03,-1.103800000000000000e+04,-3.383300000000000000e+04
-1.303800000000000000e+04,-1.785700000000000000e+04,-8.501000000000000000e+03,-2.449200000000000000e+04,-2.015100000000000000e+04,-4.858000000000000000e+03,5.205000000000000000e+03,-7.416000000000000000e+03
-1.143800000000000000e+04,-1.181700000000000000e+04,-1.904600000000000000e+04,-6.093000000000000000e+03,-3.093700000000000000e+04,1.362500000000000000e+04,-3.739800000000000000e+04,-4.574500000000000000e+04
-1.509300000000000000e+04,-1.470000000000000000e+04,-5.573000000000000000e+03,3.092000000000000000e+03,-1.463300000000000000e+04,-7.331000000000000000e+03,-1.863400000000000000e+04,-4.074500000000000000e+04
-3.086400000000000000e+04,-1.495200000000000000e+04,-3.243000000000000000e+03,-2.467600000000000000e+04,-2.715200000000000000e+04,1.205000000000000000e+03,-1.376100000000000000e+04,-6.096000000000000000e+03
-3.557000000000000000e+03,-1.966400000000000000e+04,-2.307100000000000000e+04,-7.724000000000000000e+03,1.105600000000000000e+04,-1.897100000000000000e+04,-2.515800000000000000e+04,-2.826700000000000000e+04
-3.452600000000000000e+04,-1.595400000000000000e+04,-1.560900000000000000e+04,-3.064000000000000000e+04,-1.698100000000000000e+04,-3.256000000000000000e+04,-2.526000000000000000e+04,8.905000000000000000e+03
-1.202300000000000000e+04,-1.232900000000000000e+04,-1.716800000000000000e+04,-1.285500000000000000e+04,-1.763600000000000000e+04,9.924000000000000000e+03,-1.013700000000000000e+04,-2.931700000000000000e+04
-8.232000000000000000e+03,-1.820800000000000000e+04,-1.220600000000000000e+04,-1.058600000000000000e+04,-1.394400000000000000e+04,-1.698900000000000000e+04,-2.032000000000000000e+03,-3.781300000000000000e+04
-2.007200000000000000e+04,-2.668000000000000000e+03,-1.934900000000000000e+04,9.980000000000000000e+03,-2.897100000000000000e+04,-3.441000000000000000e+03,-1.000500000000000000e+04,-2.013800000000000000e+04
-1.474100000000000000e+04,-2.289500000000000000e+04,-2.369400000000000000e+04,-2.036200000000000000e+04,2.263500000000000000e+04,-2.802500000000000000e+04,-3.138600000000000000e+04,-1.720300000000000000e+04
-2.509300000000000000e+04,-2.215300000000000000e+04,-1.809700000000000000e+04,-3.023700000000000000e+04,-2.555600000000000000e+04,-2.710100000000000000e+04,-2.000200000000000000e+04,1.657400000000000000e+04
-1.637000000000000000e+03,-2.315200000000000000e+04,-1.410500000000000000e+04,-1.434200000000000000e+04,-1.793200000000000000e+04,2.628000000000000000e+03,-2.375700000000000000e+04,-4.007400000000000000e+04
3.859000000000000000e+03,-3.010600000000000000e+04,-1.783000000000000000e+04,-4.504000000000000000e+03,-1.422600000000000000e+04,-7.456000000000000000e+03,-2.596600000000000000e+04,-3.305100000000000000e+04
-1.062400000000000000e+04,-1.588600000000000000e+04,-2.168000000000000000e+03,-3.909000000000000000e+03,-4.884000000000000000e+03,-2.909000000000000000e+04,-1.898300000000000000e+04,-1.223900000000000000e+04
-2.639100000000000000e+04,-2.896000000000000000e+03,-2.522600000000000000e+04,-2.208800000000000000e+04,-3.056500000000000000e+04,-1.596700000000000000e+04,8.611000000000000000e+03,-2.826400000000000000e+04
-3.531000000000000000e+04,-1.994600000000000000e+04,1.590500000000000000e+04,-2.503500000000000000e+04,-1.880700000000000000e+04,-2.471900000000000000e+04,-1.111500000000000000e+04,-2.246300000000000000e+04
-3.232600000000000000e+04,-3.018100000000000000e+04,-2.335000000000000000e+04,-2.406100000000000000e+04,-3.367500000000000000e+04,-2.888600000000000000e+04,-2.351800000000000000e+04,3.087200000000000000e+04
-1.005200000000000000e+04,-2.762100000000000000e+04,-2.717600000000000000e+04,-1.353200000000000000e+04,-7.751000000000000000e+03,2.213000000000000000e+03,-3.589200000000000000e+04,-4.202500000000000000e+04
-2.379400000000000000e+04,-9.633000000000000000e+03,-1.573800000000000000e+04,-2.132300000000000000e+04,-4.022500000000000000e+04,3.320000000000000000e+02,1.537000000000000000e+03,-1.691600000000000000e+04
-2.834000000000000000e+03,-1.752200000000000000e+04,-9.728000000000000000e+03,-3.273000000000000000e+03,-1.775700000000000000e+04,1.990000000000000000e+02,-3.065400000000000000e+04,-3.201900000000000000e+04
-2.282500000000000000e+04,-1.990300000000000000e+04,-8.300000000000000000e+02,-1.946000000000000000e+04,-1.760100000000000000e+04,-2.552200000000000000e+04,-7.078000000000000000e+03,-1.560900000000000000e+04
-1.949400000000000000e+04,-1.216300000000000000e+04,-2.927000000000000000e+03,-8.539000000000000000e+03,-1.435000000000000000e+04,-6.859000000000000000e+03,-9.807000000000000000e+03,-1.247000000000000000e+04
1.922000000000000000e+03,-1.769500000000000000e+04,-2.455500000000000000e+04,-1.315800000000000000e+04,-2.855700000000000000e+04,1.027100000000000000e+04,-2.401700000000000000e+04,-5.316100000000000000e+04
-2.126600000000000000e+04,-1.357200000000000000e+04,-5.557000000000000000e+03,-1.607300000000000000e+04,-1.814700000000000000e+04,-1.507800000000000000e+04,3.977000000000000000e+03,-1.258800000000000000e+04
-3.128800000000000000e+04,8.760000000000000000e+03,-3.310000000000000000e+04,3.735000000000000000e+03,-4.301800000000000000e+04,-2.507100000000000000e+04,4.742000000000000000e+03,-4.318500000000000000e+04
-5.147000000000000000e+03,-1.674300000000000000e+04,-7.671000000000000000e+03,-1.745500000000000000e+04,-1.020200000000000000e+04,-2.077000000000000000e+04,-1.137900000000000000e+04,-1.273500000000000000e+04
-2.184300000000000000e+04,-1.891500000000000000e+04,-3.630000000000000000e+03,-9.253000000000000000e+03,-7.346000000000000000e+03,-2.267000000000000000e+04,-1.156700000000000000e+04,-2.328900000000000000e+04
-2.176100000000000000e+04,-1.786800000000000000e+04,-8.350000000000000000e+03,-3.124900000000000000e+04,-2.273700000000000000e+04,-4.150500000000000000e+04,1.354200000000000000e+04,-1.120600000000000000e+04
-3.002200000000000000e+04,-8.144000000000000000e+03,-1.410000000000000000e+04,-1.425200000000000000e+04,-3.727600000000000000e+04,-1.634000000000000000e+04,1.031600000000000000e+04,-3.765800000000000000e+04
-3.795100000000000000e+04,2.882000000000000000e+04,-2.344100000000000000e+04,-9.686000000000000000e+03,-5.947400000000000000e+04,-1.550400000000000000e+04,-1.970000000000000000e+04,-2.814200000000000000e+04
-3.462700000000000000e+04,-1.086300000000000000e+04,-1.445100000000000000e+04,-2.316300000000000000e+04,-2.921900000000000000e+04,-1.437700000000000000e+04,1.302000000000000000e+03,-2.352400000000000000e+04
-2.681100000000000000e+04,-1.680000000000000000e+03,-1.777300000000000000e+04,-1.054000000000000000e+04,-2.441500000000000000e+04,-3.049000000000000000e+03,-8.208000000000000000e+03,-1.224400000000000000e+04
9.033000000000000000e+03,-1.695900000000000000e+04,-1.130800000000000000e+04,-1.439200000000000000e+04,-2.853800000000000000e+04,-8.189000000000000000e+03,-3.225900000000000000e+04,-4.332200000000000000e+04
-1.787900000000000000e+04,-1.874800000000000000e+04,-2.070500000000000000e+04,-2.369600000000000000e+04,-1.321900000000000000e+04,-2.026100000000000000e+04,2.111800000000000000e+04,-2.136100000000000000e+04
-2.252100000000000000e+04,-1.378800000000000000e+04,-3.691200000000000000e+04,-2.471800000000000000e+04,-3.042500000000000000e+04,1.534200000000000000e+04,-1.750900000000000000e+04,-1.810600000000000000e+04
-2.876000000000000000e+03,-2.044800000000000000e+04,-2.057500000000000000e+04,-3.963000000000000000e+03,-9.556000000000000000e+03,1.614600000000000000e+04,-1.708300000000000000e+04,-2.310700000000000000e+04
-1.401500000000000000e+04,5.468000000000000000e+03,-1.949300000000000000e+04,-1.265000000000000000e+04,-2.556300000000000000e+04,-8.462000000000000000e+03,7.759000000000000000e+03,-3.468100000000000000e+04
-2.035800000000000000e+04,-1.739600000000000000e+04,-1.391400000000000000e+04,-2.120400000000000000e+04,-1.611800000000000000e+04,-2.020500000000000000e+04,9.139000000000000000e+03,-1.168100000000000000e+04
-3.126300000000000000e+04,-2.154000000000000000e+04,5.002000000000000000e+03,-2.467500000000000000e+04,-2.227800000000000000e+04,-3.971600000000000000e+04,-1.246100000000000000e+04,-5.305000000000000000e+03
-3.462700000000000000e+04,2.805000000000000000e+03,-3.088700000000000000e+04,-9.480000000000000000e+02,-4.169200000000000000e+04,-2.007800000000000000e+04,-2.042700000000000000e+04,-2.558300000000000000e+04
-3.819700000000000000e+04,-1.298300000000000000e+04,-1.200000000000000000e+01,-2.089700000000000000e+04,-3.440100000000000000e+04,9.700000000000000000e+01,1.061600000000000000e+04,-3.148000000000000000e+04
-1.810300000000000000e+04,-1.675700000000000000e+04,-1.636500000000000000e+04,-1.525800000000000000e+04,-3.653500000000000000e+04,8.872000000000000000e+03,-1.577800000000000000e+04,-2.928400000000000000e+04
1.358000000000000000e+03,-1.357800000000000000e+04,3.853000000000000000e+03,-5.819000000000000000e+03,-8.359000000000000000e+03,-1.154000000000000000e+04,-1.966900000000000000e+04,-3.305400000000000000e+04
-8.690000000000000000e+02,-1.278600000000000000e+04,-1.500000000000000000e+03,1.068900000000000000e+04,-1.865000000000000000e+04,-5.553000000000000000e+03,-3.670400000000000000e+04,-3.897600000000000000e+04
-2.529100000000000000e+04,-1.256700000000000000e+04,-1.318300000000000000e+04,-2.350500000000000000e+04,-3.226800000000000000e+04,-1.076000000000000000e+04,1.090300000000000000e+04,-3.357000000000000000e+04
-3.818000000000000000e+03,-1.559300000000000000e+04,-3.040500000000000000e+04,2.157000000000000000e+03,-2.619000000000000000e+04,-3.810000000000000000e+03,-2.803600000000000000e+04,-2.638400000000000000e+04
-3.067500000000000000e+04,-2.070900000000000000e+04,-2.363900000000000000e+04,1.940000000000000000e+03,-3.522300000000000000e+04,1.614500000000000000e+04,-1.331100000000000000e+04,-2.091100000000000000e+04
-1.573300000000000000e+04,-1.038300000000000000e+04,-2.304400000000000000e+04,8.239000000000000000e+03,-4.237800000000000000e+04,1.749000000000000000e+03,-3.045500000000000000e+04,-5.220200000000000000e+04
-3.532900000000000000e+04,-2.512900000000000000e+04,-1.091500000000000000e+04,-3.271500000000000000e+04,-2.935000000000000000e+04,-4.438400000000000000e+04,-2.575600000000000000e+04,1.516000000000000000e+04
-2.430000000000000000e+04,-2.623300000000000000e+04,-4.743000000000000000e+03,-2.654100000000000000e+04,-1.342700000000000000e+04,-3.486000000000000000e+04,-1.972000000000000000e+04,-2.789000000000000000e+03
-1.236200000000000000e+04,-2.408000000000000000e+04,-7.386000000000000000e+03,-6.468000000000000000e+03,6.532000000000000000e+03,-3.095600000000000000e+04,-1.264100000000000000e+04,-2.803300000000000000e+04
-2.287600000000000000e+04,-2.475500000000000000e+04,-6.744000000000000000e+03,-7.596000000000000000e+03,-3.512000000000000000e+03,-3.181800000000000000e+04,-1.857700000000000000e+04,-5.683000000000000000e+03
-2.656400000000000000e+04,2.146600000000000000e+04,-2.709200000000000000e+04,-1.986100000000000000e+04,-6.005600000000000000e+04,-1.117800000000000000e+04,-2.932100000000000000e+04,-2.948900000000000000e+04
-2.357700000000000000e+04,-1.663500000000000000e+04,-2.680100000000000000e+04,-2.649700000000000000e+04,-2.097500000000000000e+04,-2.107500000000000000e+04,1.569500000000000000e+04,-5.413000000000000000e+03
-2.934700000000000000e+04,-2.672400000000000000e+04,-1.473700000000000000e+04,-2.049200000000000000e+04,-2.594200000000000000e+04,-1.927300000000000000e+04,1.698700000000000000e+04,-2.653900000000000000e+04
-3.828200000000000000e+04,2.666600000000000000e+04,-1.859100000000000000e+04,2.712000000000000000e+03,-4.830500000000000000e+04,-1.480600000000000000e+04,-3.721200000000000000e+04,-3.566900000000000000e+04
-2.419200000000000000e+04,-1.181700000000000000e+04,1.385600000000000000e+04,-8.963000000000000000e+03,-1.246000000000000000e+04,-4.292000000000000000e+04,-1.521800000000000000e+04,-1.316400000000000000e+04
3.556000000000000000e+03,-2.149400000000000000e+04,-3.168100000000000000e+04,-6.006000000000000000e+03,-2.267900000000000000e+04,-5.833000000000000000e+03,-1.917900000000000000e+04,-3.414200000000000000e+04
-3.455200000000000000e+04,-1.462400000000000000e+04,-3.068000000000000000e+03,-1.919200000000000000e+04,-3.420400000000000000e+04,-2.795700000000000000e+04,5.713000000000000000e+03,-2.200600000000000000e+04
1.765000000000000000e+03,-2.301700000000000000e+04,-1.541000000000000000e+04,7.281000000000000000e+03,-4.527800000000000000e+04,1.389000000000000000e+03,-3.301700000000000000e+04,-5.013000000000000000e+04
-3.106500000000000000e+04,-2.690600000000000000e+04,-5.850000000000000000e+03,-2.545700000000000000e+04,1.659300000000000000e+04,-3.466500000000000000e+04,-2.594400000000000000e+04,-1.035300000000000000e+04
-2.597700000000000000e+04,-1.851200000000000000e+04,-1.434800000000000000e+04,-1.218700000000000000e+04,-3.939700000000000000e+04,-2.714100000000000000e+04,1.838500000000000000e+04,-1.565700000000000000e+04
-2.563600000000000000e+04,-2.224300000000000000e+04,8.358000000000000000e+03,-1.163200000000000000e+04,-3.526000000000000000e+03,-2.960300000000000000e+04,-1.718700000000000000e+04,-3.811800000000000000e+04
-2.507100000000000000e+04,3.453400000000000000e+04,-4.021400000000000000e+04,-2.385300000000000000e+04,-5.403700000000000000e+04,-1.552500000000000000e+04,-3.355100000000000000e+04,-3.956400000000000000e+04
-2.873000000000000000e+04,2.206500000000000000e+04,-2.309300000000000000e+04,-1.624700000000000000e+04,-5.286700000000000000e+04,-1.732700000000000000e+04,-2.209100000000000000e+04,-4.198800000000000000e+04
-2.377000000000000000e+04,-2.325700000000000000e+04,-1.333300000000000000e+04,2.130000000000000000e+03,-3.520400000000000000e+04,4.507000000000000000e+03,-3.487700000000000000e+04,-5.129400000000000000e+04
-3.811100000000000000e+04,-3.361900000000000000e+04,1.760000000000000000e+02,-3.843300000000000000e+04,-3.188800000000000000e+04,-3.972600000000000000e+04,-3.037600000000000000e+04,1.247600000000000000e+04
-3.884300000000000000e+04,-2.446900000000000000e+04,-1.946100000000000000e+04,-4.395200000000000000e+04,-2.935400000000000000e+04,-3.388800000000000000e+04,-3.285100000000000000e+04,2.683300000000000000e+04
-1.192500000000000000e+04,-1.586800000000000000e+04,-2.762000000000000000e+04,-2.898000000000000000e+03,-2.018400000000000000e+04,9.958000000000000000e+03,-1.980300000000000000e+04,-4.357100000000000000e+04
-1.749900000000000000e+04,-1.349200000000000000e+04,-2.166400000000000000e+04,-8.338000000000000000e+03,-1.566500000000000000e+04,-1.137600000000000000e+04,9.562000000000000000e+03,-2.826000000000000000e+04
-2.248500000000000000e+04,2.680500000000000000e+04,-2.575100000000000000e+04,-2.540500000000000000e+04,-3.223200000000000000e+04,-2.475600000000000000e+04,-2.618600000000000000e+04,-3.933700000000000000e+04
-3.804000000000000000e+04,2.900100000000000000e+04,-2.233600000000000000e+04,-1.893300000000000000e+04,-5.703900000000000000e+04,-2.069600000000000000e+04,-1.682200000000000000e+04,-3.236100000000000000e+04
-1.327000000000000000e+04,-2.226600000000000000e+04,-1.392200000000000000e+04,-2.473000000000000000e+04,-1.603700000000000000e+04,-2.152600000000000000e+04,7.105000000000000000e+03,-2.055800000000000000e+04
-2.687000000000000000e+04,-1.833700000000000000e+04,-9.496000000000000000e+03,-2.455500000000000000e+04,-1.025400000000000000e+04,-2.497100000000000000e+04,1.166300000000000000e+04,-1.337500000000000000e+04
-5.275500000000000000e+04,-3.692300000000000000e+04,-4.270000000000000000e+02,-3.943300000000000000e+04,-3.587300000000000000e+04,-3.492000000000000000e+04,-3.046500000000000000e+04,6.027000000000000000e+03
-3.061000000000000000e+04,-1.869600000000000000e+04,-1.955900000000000000e+04,-8.800000000000000000e+02,-1.329700000000000000e+04,9.677000000000000000e+03,-1.226900000000000000e+04,-2.852600000000000000e+04
-4.603600000000000000e+04,-3.566000000000000000e+04,-7.172000000000000000e+03,-3.166700000000000000e+04,-3.986000000000000000e+04,-4.430800000000000000e+04,-3.016100000000000000e+04,6.700000000000000000e+03
-1.160400000000000000e+04,-1.169200000000000000e+04,-1.698700000000000000e+04,7.321000000000000000e+03,-2.274500000000000000e+04,-3.801000000000000000e+03,-3.116100000000000000e+04,-5.302100000000000000e+04
-1.402900000000000000e+04,-2.426800000000000000e+04,-1.483000000000000000e+03,-1.595100000000000000e+04,1.670200000000000000e+04,-3.026600000000000000e+04,-3.097900000000000000e+04,-9.414000000000000000e+03
-2.394800000000000000e+04,9.114000000000000000e+03,-1.249800000000000000e+04,-7.002000000000000000e+03,-4.388800000000000000e+04,-8.519000000000000000e+03,-7.631000000000000000e+03,-4.350600000000000000e+04
-4.948000000000000000e+03,-1.829500000000000000e+04,-1.816500000000000000e+04,7.116000000000000000e+03,-1.228800000000000000e+04,-1.830300000000000000e+04,-2.046500000000000000e+04,-3.904100000000000000e+04
-1.667000000000000000e+04,3.781000000000000000e+03,-2.680500000000000000e+04,-2.339100000000000000e+04,-3.784900000000000000e+04,-1.030100000000000000e+04,-2.390000000000000000e+04,-2.013500000000000000e+04
-2.829200000000000000e+04,1.926000000000000000e+03,-1.671200000000000000e+04,-2.273200000000000000e+04,-1.036500000000000000e+04,-2.387900000000000000e+04,-1.138300000000000000e+04,-1.196200000000000000e+04
-4.751600000000000000e+04,-2.998600000000000000e+04,1.607800000000000000e+04,-3.280100000000000000e+04,-4.438100000000000000e+04,-3.422800000000000000e+04,-2.113100000000000000e+04,-3.337000000000000000e+03
-2.210800000000000000e+04,-1.893000000000000000e+04,-1.023100000000000000e+04,-1.988000000000000000e+03,-3.906000000000000000e+03,-1.288300000000000000e+04,-1.060100000000000000e+04,-1.307600000000000000e+04
-2.339900000000000000e+04,-1.392900000000000000e+04,-1.307300000000000000e+04,3.300000000000000000e+02,-3.372900000000000000e+04,-5.762000000000000000e+03,-2.164200000000000000e+04,-3.769500000000000000e+04
-2.386000000000000000e+04,-1.096200000000000000e+04,-1.341800000000000000e+04,-3.574000000000000000e+03,-3.979600000000000000e+04,1.074500000000000000e+04,-1.442600000000000000e+04,-2.703400000000000000e+04
-2.008300000000000000e+04,-1.478900000000000000e+04,-2.070900000000000000e+04,1.062600000000000000e+04,-2.643100000000000000e+04,3.027000000000000000e+03,-1.506400000000000000e+04,-1.782500000000000000e+04
-1.277600000000000000e+04,-1.952500000000000000e+04,-1.992100000000000000e+04,-1.753200000000000000e+04,-1.048100000000000000e+04,2.395000000000000000e+03,-2.962400000000000000e+04,-3.785100000000000000e+04
-5.822000000000000000e+03,-1.241800000000000000e+04,-1.571800000000000000e+04,5.304000000000000000e+03,-2.575900000000000000e+04,2.937000000000000000e+03,-2.755000000000000000e+04,-2.898500000000000000e+04
-1.366300000000000000e+04,-1.759400000000000000e+04,-1.287700000000000000e+04,-1.870800000000000000e+04,-2.009500000000000000e+04,-1.273500000000000000e+04,1.401300000000000000e+04,-1.618800000000000000e+04
-2.715900000000000000e+04,-1.669800000000000000e+04,-2.331100000000000000e+04,1.204900000000000000e+04,-2.264200000000000000e+04,1.800000000000000000e+02,-2.547700000000000000e+04,-5.173600000000000000e+04
-1.131200000000000000e+04,-1.271800000000000000e+04,-2.001700000000000000e+04,-1.792900000000000000e+04,-3.171600000000000000e+04,1.159500000000000000e+04,-2.315500000000000000e+04,-4.126100000000000000e+04
-2.876400000000000000e+04,-5.720000000000000000e+02,-1.375100000000000000e+04,-2.781200000000000000e+04,-3.303600000000000000e+04,-2.200600000000000000e+04,-1.196100000000000000e+04,-1.168900000000000000e+04
-4.535500000000000000e+04,-1.855100000000000000e+04,-1.117800000000000000e+04,-2.192800000000000000e+04,-3.654900000000000000e+04,-2.208100000000000000e+04,2.793300000000000000e+04,-2.323100000000000000e+04
-7.568000000000000000e+03,-1.871200000000000000e+04,-1.430000000000000000e+04,4.108000000000000000e+03,-6.363000000000000000e+03,2.605000000000000000e+03,-2.494500000000000000e+04,-1.744200000000000000e+04
-2.657800000000000000e+04,-1.325000000000000000e+04,-1.803000000000000000e+04,-2.131700000000000000e+04,-3.932000000000000000e+04,-2.099000000000000000e+04,-2.008500000000000000e+04,1.060100000000000000e+04
-3.139700000000000000e+04,-2.067100000000000000e+04,-1.572100000000000000e+04,-3.139000000000000000e+04,-3.106100000000000000e+04,-2.253200000000000000e+04,-2.289100000000000000e+04,1.770800000000000000e+04
-2.454700000000000000e+04,-3.820000000000000000e+03,-3.104200000000000000e+04,-1.606500000000000000e+04,-4.432200000000000000e+04,-1.381100000000000000e+04,-2.811000000000000000e+03,-3.812200000000000000e+04
-4.328500000000000000e+04,-1.852000000000000000e+04,-1.974500000000000000e+04,-1.525200000000000000e+04,-4.054200000000000000e+04,-1.079600000000000000e+04,1.494200000000000000e+04,-3.314100000000000000e+04
-1.319700000000000000e+04,-1.117800000000000000e+04,-7.500000000000000000e+03,5.745000000000000000e+03,-1.718000000000000000e+04,-1.186500000000000000e+04,-1.974700000000000000e+04,-4.491200000000000000e+04
-2.769500000000000000e+04,-1.507500000000000000e+04,-1.269500000000000000e+04,-2.265800000000000000e+04,-1.399700000000000000e+04,-2.587500000000000000e+04,2.040900000000000000e+04,-2.410200000000000000e+04
-2.728300000000000000e+04,-2.346100000000000000e+04,-7.869000000000000000e+03,-3.760400000000000000e+04,-3.025200000000000000e+04,-1.681800000000000000e+04,-2.084100000000000000e+04,8.730000000000000000e+03
-2.731500000000000000e+04,-2.409100000000000000e+04,-2.149100000000000000e+04,-2.509300000000000000e+04,-2.434200000000000000e+04,-2.806900000000000000e+04,-2.102000000000000000e+04,2.430600000000000000e+04
-1.701500000000000000e+04,-9.489000000000000000e+03,-2.317000000000000000e+04,-4.639000000000000000e+03,-1.804100000000000000e+04,-1.928700000000000000e+04,1.452800000000000000e+04,-1.677100000000000000e+04
-1.250600000000000000e+04,-1.293700000000000000e+04,-9.213000000000000000e+03,-5.136000000000000000e+03,-6.517000000000000000e+03,-3.975000000000000000e+03,-2.283500000000000000e+04,-3.687200000000000000e+04
-2.698100000000000000e+04,-1.478300000000000000e+04,-1.196000000000000000e+04,-5.088200000000000000e+04,-2.800400000000000000e+04,-3.229900000000000000e+04,-3.160100000000000000e+04,7.248000000000000000e+03
-2.346500000000000000e+04,-2.315400000000000000e+04,-9.607000000000000000e+03,-8.649000000000000000e+03,-1.858500000000000000e+04,-1.560100000000000000e+04,-1.513100000000000000e+04,-3.010000000000000000e+04
-1.024700000000000000e+04,1.789300000000000000e+04,-1.838500000000000000e+04,-2.104900000000000000e+04,-4.783100000000000000e+04,-2.116700000000000000e+04,-3.025500000000000000e+04,-3.900200000000000000e+04
-1.600700000000000000e+04,-1.170700000000000000e+04,-1.602100000000000000e+04,3.826000000000000000e+03,-1.750700000000000000e+04,2.480000000000000000e+02,-1.938400000000000000e+04,-2.809700000000000000e+04
-3.720100000000000000e+04,-1.287800000000000000e+04,-1.032100000000000000e+04,-2.037900000000000000e+04,-2.821700000000000000e+04,-3.798800000000000000e+04,-2.480500000000000000e+04,1.740200000000000000e+04
5.967000000000000000e+03,-2.414000000000000000e+04,-1.579500000000000000e+04,-1.698900000000000000e+04,2.092000000000000000e+03,-1.972300000000000000e+04,-2.991100000000000000e+04,-3.410800000000000000e+04
-2.346300000000000000e+04,-1.578500000000000000e+04,-1.164100000000000000e+04,-7.124000000000000000e+03,-3.340000000000000000e+04,-2.067400000000000000e+04,1.421600000000000000e+04,-2.026600000000000000e+04
-2.406100000000000000e+04,1.580000000000000000e+03,-1.798900000000000000e+04,-1.207400000000000000e+04,-2.704400000000000000e+04,-2.206500000000000000e+04,-7.974000000000000000e+03,-3.444800000000000000e+04
-3.707000000000000000e+04,-2.356600000000000000e+04,3.558000000000000000e+03,-1.260700000000000000e+04,-1.851900000000000000e+04,-3.826300000000000000e+04,-2.010600000000000000e+04,-4.757000000000000000e+03
-3.413500000000000000e+04,-1.736800000000000000e+04,-2.556400000000000000e+04,1.910000000000000000e+03,-8.719000000000000000e+03,-9.540000000000000000e+03,-9.488000000000000000e+03,-3.672800000000000000e+04
-2.448200000000000000e+04,-1.975000000000000000e+04,-2.302600000000000000e+04,-3.196000000000000000e+04,-2.504700000000000000e+04,-2.389700000000000000e+04,2.458300000000000000e+04,-1.784200000000000000e+04
-2.451400000000000000e+04,-1.433600000000000000e+04,-1.420000000000000000e+04,-2.304800000000000000e+04,-1.961300000000000000e+04,-3.156200000000000000e+04,-2.974400000000000000e+04,1.416500000000000000e+04
-3.228900000000000000e+04,-2.612100000000000000e+04,-1.606400000000000000e+04,-3.863200000000000000e+04,-3.108800000000000000e+04,-2.623100000000000000e+04,-2.510800000000000000e+04,1.135000000000000000e+04
-4.018300000000000000e+04,-2.852700000000000000e+04,-1.339400000000000000e+04,-3.495300000000000000e+04,-3.230600000000000000e+04,-4.346200000000000000e+04,-2.740300000000000000e+04,1.377100000000000000e+04
-3.260900000000000000e+04,-2.995800000000000000e+04,-2.000200000000000000e+04,-1.927700000000000000e+04,-1.111800000000000000e+04,-2.648100000000000000e+04,-3.044500000000000000e+04,1.141300000000000000e+04
-9.502000000000000000e+03,1.079700000000000000e+04,-2.348500000000000000e+04,-7.248000000000000000e+03,-2.060100000000000000e+04,-1.504500000000000000e+04,-3.266300000000000000e+04,-2.607400000000000000e+04
-2.073100000000000000e+04,-2.028400000000000000e+04,-1.111600000000000000e+04,-1.380000000000000000e+04,-2.276500000000000000e+04,-2.582000000000000000e+04,1.624000000000000000e+04,-2.212200000000000000e+04
-1.906200000000000000e+04,-4.287000000000000000e+03,-2.481900000000000000e+04,4.357000000000000000e+03,-2.351300000000000000e+04,-2.031000000000000000e+03,-1.114200000000000000e+04,-4.047200000000000000e+04
-1.823800000000000000e+04,1.684600000000000000e+04,-1.156500000000000000e+04,-1.076500000000000000e+04,-4.771600000000000000e+04,-1.333500000000000000e+04,-3.368200000000000000e+04,-4.170800000000000000e+04
-1.578700000000000000e+04,-1.580500000000000000e+04,-1.589400000000000000e+04,-7.901000000000000000e+03,-1.444700000000000000e+04,-6.536000000000000000e+03,-1.357700000000000000e+04,-2.140400000000000000e+04
-3.629100000000000000e+04,-1.395300000000000000e+04,-1.663000000000000000e+04,-8.661000000000000000e+03,-3.114700000000000000e+04,-3.549000000000000000e+03,-2.260000000000000000e+02,-3.751000000000000000e+04
-1.029400000000000000e+04,-1.006200000000000000e+04,-8.153000000000000000e+03,-9.329000000000000000e+03,-4.195000000000000000e+03,1.916000000000000000e+03,-1.539800000000000000e+04,-1.322700000000000000e+04
-2.758800000000000000e+04,-1.045700000000000000e+04,-2.938900000000000000e+04,-2.148800000000000000e+04,-4.596400000000000000e+04,-7.462000000000000000e+03,4.441000000000000000e+03,-2.909800000000000000e+04
-1.379100000000000000e+04,-7.180000000000000000e+03,-1.167000000000000000e+04,-2.897800000000000000e+04,3.273000000000000000e+03,-1.013300000000000000e+04,-2.126500000000000000e+04,-2.088000000000000000e+03
-3.617100000000000000e+04,-2.000300000000000000e+04,-1.927000000000000000e+04,-3.281100000000000000e+04,-3.544100000000000000e+04,-3.199500000000000000e+04,-2.854100000000000000e+04,1.075100000000000000e+04
-2.558400000000000000e+04,-2.101200000000000000e+04,-1.211000000000000000e+03,-2.055600000000000000e+04,-6.608000000000000000e+03,-3.607900000000000000e+04,-5.169000000000000000e+03,-2.071400000000000000e+04
-1.674300000000000000e+04,-2.175000000000000000e+04,-2.102900000000000000e+04,1.681000000000000000e+03,-1.356200000000000000e+04,-5.530000000000000000e+03,-1.708400000000000000e+04,-3.042200000000000000e+04
-1.858500000000000000e+04,-2.173800000000000000e+04,-1.769300000000000000e+04,-1.571500000000000000e+04,-3.243200000000000000e+04,1.803000000000000000e+04,-1.672800000000000000e+04,-3.900900000000000000e+04
-1.356300000000000000e+04,2.153000000000000000e+03,-1.305200000000000000e+04,-2.040800000000000000e+04,-3.856000000000000000e+04,-9.039000000000000000e+03,-1.824900000000000000e+04,-3.554200000000000000e+04
-4.149100000000000000e+04,2.868200000000000000e+04,-3.005500000000000000e+04,-2.553800000000000000e+04,-6.800300000000000000e+04,-3.072300000000000000e+04,-3.291500000000000000e+04,-2.400000000000000000e+04
-1.835500000000000000e+04,1.207000000000000000e+04,-2.917700000000000000e+04,-2.778900000000000000e+04,-5.213600000000000000e+04,-1.164200000000000000e+04,-3.665500000000000000e+04,-4.424000000000000000e+04
-4.860600000000000000e+04,-3.012500000000000000e+04,-2.055000000000000000e+04,-3.341800000000000000e+04,-2.491900000000000000e+04,-3.427200000000000000e+04,-3.036400000000000000e+04,1.984900000000000000e+04
-1.491200000000000000e+04,-1.277800000000000000e+04,-5.983000000000000000e+03,6.607000000000000000e+03,-6.603000000000000000e+03,-1.323100000000000000e+04,-2.424400000000000000e+04,-3.824800000000000000e+04
-9.321000000000000000e+03,-2.828500000000000000e+04,-1.899600000000000000e+04,-1.868300000000000000e+04,1.072200000000000000e+04,-1.728000000000000000e+04,-3.526200000000000000e+04,-2.842800000000000000e+04
-2.020900000000000000e+04,-1.136300000000000000e+04,3.938000000000000000e+03,-2.127700000000000000e+04,-2.945000000000000000e+03,-2.338500000000000000e+04,-2.587000000000000000e+04,-1.413000000000000000e+04
-2.333100000000000000e+04,-8.699000000000000000e+03,-2.448700000000000000e+04,-9.017000000000000000e+03,-2.945500000000000000e+04,-2.822100000000000000e+04,1.663200000000000000e+04,-2.959000000000000000e+04
-2.655000000000000000e+04,-2.398800000000000000e+04,-7.950000000000000000e+03,-2.586400000000000000e+04,-2.181900000000000000e+04,-2.725000000000000000e+04,-2.129400000000000000e+04,8.021000000000000000e+03
-1.924800000000000000e+04,-1.834000000000000000e+03,-7.508000000000000000e+03,6.106000000000000000e+03,-3.265600000000000000e+04,-1.212600000000000000e+04,-1.272700000000000000e+04,-5.153700000000000000e+04
-3.595100000000000000e+04,-2.505500000000000000e+04,-1.513100000000000000e+04,-3.388300000000000000e+04,-3.718000000000000000e+04,-1.759700000000000000e+04,-2.496300000000000000e+04,1.619100000000000000e+04
-1.631400000000000000e+04,-1.635100000000000000e+04,-1.076100000000000000e+04,-1.132300000000000000e+04,-2.158100000000000000e+04,-1.119300000000000000e+04,-2.245000000000000000e+03,-2.993600000000000000e+04
-2.392700000000000000e+04,1.850500000000000000e+04,-3.597400000000000000e+04,-6.445000000000000000e+03,-2.361600000000000000e+04,-1.688200000000000000e+04,-1.635500000000000000e+04,-2.262500000000000000e+04
-2.219400000000000000e+04,-2.219900000000000000e+04,6.463000000000000000e+03,-1.411900000000000000e+04,-6.823000000000000000e+03,-2.747200000000000000e+04,-2.490100000000000000e+04,-8.357000000000000000e+03
-3.017800000000000000e+04,-5.523000000000000000e+03,-6.336000000000000000e+03,-1.150000000000000000e+02,-2.199700000000000000e+04,3.269000000000000000e+03,-1.255800000000000000e+04,-3.521900000000000000e+04
-3.174200000000000000e+04,-2.065800000000000000e+04,-5.322000000000000000e+03,-2.337200000000000000e+04,6.501000000000000000e+03,-2.785900000000000000e+04,-2.175100000000000000e+04,-1.472800000000000000e+04
-5.383000000000000000e+03,-8.338000000000000000e+03,-2.222900000000000000e+04,-2.354900000000000000e+04,-2.875800000000000000e+04,-7.867000000000000000e+03,-1.698200000000000000e+04,-2.048900000000000000e+04
-3.153600000000000000e+04,-1.710200000000000000e+04,-1.885100000000000000e+04,-2.254800000000000000e+04,-3.586600000000000000e+04,-8.173000000000000000e+03,5.318000000000000000e+03,-1.740100000000000000e+04
-3.648600000000000000e+04,-2.497000000000000000e+03,-7.772000000000000000e+03,-9.194000000000000000e+03,-2.771600000000000000e+04,-1.225000000000000000e+04,-1.436000000000000000e+03,-2.696600000000000000e+04
-1.318000000000000000e+04,1.350400000000000000e+04,-1.493200000000000000e+04,-2.112200000000000000e+04,-4.412200000000000000e+04,-1.128300000000000000e+04,-1.855800000000000000e+04,-3.363400000000000000e+04
-3.870200000000000000e+04,-2.708000000000000000e+04,2.395000000000000000e+03,-2.281600000000000000e+04,-2.462500000000000000e+04,-3.146900000000000000e+04,-1.461300000000000000e+04,-5.270000000000000000e+03
-2.296700000000000000e+04,-1.236200000000000000e+04,-1.084000000000000000e+04,-3.361800000000000000e+04,-8.012000000000000000e+03,-2.474500000000000000e+04,-2.444000000000000000e+04,1.233100000000000000e+04
-1.078700000000000000e+04,1.704600000000000000e+04,-4.789000000000000000e+03,-3.491300000000000000e+04,-4.634200000000000000e+04,-1.526600000000000000e+04,-3.157200000000000000e+04,-3.137300000000000000e+04
-1.096500000000000000e+04,-2.485200000000000000e+04,-1.010900000000000000e+04,-2.197200000000000000e+04,1.165500000000000000e+04,-3.142600000000000000e+04,-4.131800000000000000e+04,-2.173300000000000000e+04
-1.780400000000000000e+04,-6.027000000000000000e+03,-8.275000000000000000e+03,1.682000000000000000e+03,-1.649700000000000000e+04,1.550000000000000000e+03,-2.546300000000000000e+04,-4.782500000000000000e+04
8.361000000000000000e+03,-3.171700000000000000e+04,-2.920700000000000000e+04,-4.891000000000000000e+03,-2.989600000000000000e+04,1.181100000000000000e+04,-3.366500000000000000e+04,-5.246800000000000000e+04
-1.157400000000000000e+04,1.727600000000000000e+04,-2.061900000000000000e+04,-2.302600000000000000e+04,-4.287400000000000000e+04,-1.822500000000000000e+04,-3.187400000000000000e+04,-2.065400000000000000e+04
-3.165700000000000000e+04,-1.407300000000000000e+04,-2.970900000000000000e+04,1.061200000000000000e+04,-4.726100000000000000e+04,8.974000000000000000e+03,-1.455400000000000000e+04,-4.280000000000000000e+04
-1.631600000000000000e+04,-2.961300000000000000e+04,-2.769600000000000000e+04,-2.077100000000000000e+04,-2.488300000000000000e+04,-2.063100000000000000e+04,-2.467400000000000000e+04,2.216500000000000000e+04
-2.094600000000000000e+04,-1.067200000000000000e+04,-7.783000000000000000e+03,-1.358800000000000000e+04,-1.613400000000000000e+04,-6.140000000000000000e+03,-1.447700000000000000e+04,4.095000000000000000e+03
-3.300300000000000000e+04,2.559200000000000000e+04,-2.203100000000000000e+04,-2.888500000000000000e+04,-4.936400000000000000e+04,-2.133200000000000000e+04,-3.357000000000000000e+04,-2.754200000000000000e+04
-1.928900000000000000e+04,-1.239000000000000000e+03,-7.079000000000000000e+03,-6.725000000000000000e+03,-2.098300000000000000e+04,-1.263700000000000000e+04,-2.547600000000000000e+04,-1.440900000000000000e+04
1.292300000000000000e+04,-2.065600000000000000e+04,-1.977200000000000000e+04,2.584000000000000000e+03,-5.523000000000000000e+03,-1.578700000000000000e+04,-2.939000000000000000e+04,-5.111500000000000000e+04
-2.438500000000000000e+04,-2.153300000000000000e+04,-1.912500000000000000e+04,-5.304000000000000000e+03,-1.472600000000000000e+04,4.852000000000000000e+03,-1.591900000000000000e+04,-1.908400000000000000e+04
-2.631500000000000000e+04,8.488000000000000000e+03,-2.807900000000000000e+04,-1.718000000000000000e+04,-5.321800000000000000e+04,-3.189000000000000000e+03,-1.837900000000000000e+04,-3.627900000000000000e+04
-2.749500000000000000e+04,-1.474600000000000000e+04,-2.067900000000000000e+04,3.264000000000000000e+03,-2.905800000000000000e+04,-1.087000000000000000e+03,-2.294200000000000000e+04,-3.592000000000000000e+04
-5.148000000000000000e+03,-1.441700000000000000e+04,-2.049200000000000000e+04,-3.440000000000000000e+03,-1.700500000000000000e+04,-2.460000000000000000e+02,-2.567400000000000000e+04,-3.398800000000000000e+04
-2.428300000000000000e+04,-1.033200000000000000e+04,-6.413000000000000000e+03,2.500000000000000000e+03,-1.377600000000000000e+04,-1.656900000000000000e+04,-8.520000000000000000e+03,-3.083800000000000000e+04
-1.144300000000000000e+04,-1.272900000000000000e+04,-2.046600000000000000e+04,1.195200000000000000e+04,-2.669900000000000000e+04,1.658200000000000000e+04,-1.695900000000000000e+04,-1.485600000000000000e+04
-3.475000000000000000e+04,-2.113400000000000000e+04,-1.574600000000000000e+04,-4.616400000000000000e+04,-2.594200000000000000e+04,-1.615100000000000000e+04,-2.269400000000000000e+04,1.577500000000000000e+04
-1.186300000000000000e+04,-3.670000000000000000e+02,-1.624700000000000000e+04,-1.085800000000000000e+04,-2.267300000000000000e+04,-2.667000000000000000e+03,-8.280000000000000000e+03,-3.021900000000000000e+04
-2.125900000000000000e+04,-2.038000000000000000e+04,-1.694700000000000000e+04,-3.629000000000000000e+03,-3.143400000000000000e+04,9.166000000000000000e+03,-1.848300000000000000e+04,-3.344600000000000000e+04
-3.642600000000000000e+04,-2.325000000000000000e+04,-2.830800000000000000e+04,-3.400000000000000000e+02,-1.934200000000000000e+04,1.451000000000000000e+04,-1.792600000000000000e+04,-2.327300000000000000e+04
-3.420000000000000000e+03,-5.380000000000000000e+03,-2.400900000000000000e+04,-4.123000000000000000e+03,-3.738100000000000000e+04,-1.405000000000000000e+03,-3.268900000000000000e+04,-3.198900000000000000e+04
-3.149800000000000000e+04,1.607800000000000000e+04,-2.048200000000000000e+04,-1.566600000000000000e+04,-4.152900000000000000e+04,-1.256900000000000000e+04,-2.877900000000000000e+04,-4.724600000000000000e+04
-2.547500000000000000e+04,-2.568600000000000000e+04,-1.194300000000000000e+04,-2.490300000000000000e+04,-2.605700000000000000e+04,-2.970500000000000000e+04,-2.206500000000000000e+04,1.834200000000000000e+04
-3.252200000000000000e+04,-5.340000000000000000e+03,-1.776800000000000000e+04,-2.000900000000000000e+04,-3.447000000000000000e+04,-1.382000000000000000e+04,1.030700000000000000e+04,-1.427600000000000000e+04
-1.650700000000000000e+04,-2.490800000000000000e+04,-8.117000000000000000e+03,-2.495600000000000000e+04,1.588400000000000000e+04,-2.748200000000000000e+04,-3.179600000000000000e+04,-7.617000000000000000e+03
-4.217600000000000000e+04,-1.668200000000000000e+04,-2.000800000000000000e+04,-1.357400000000000000e+04,-2.753700000000000000e+04,-1.906100000000000000e+04,1.783900000000000000e+04,-1.315100000000000000e+04
-1.165400000000000000e+04,-2.436000000000000000e+04,-8.342000000000000000e+03,-6.889000000000000000e+03,7.270000000000000000e+02,-1.731900000000000000e+04,-3.275200000000000000e+04,-2.263600000000000000e+04
3.904000000000000000e+03,-1.718200000000000000e+04,-1.063000000000000000e+04,-6.340000000000000000e+02,-1.287000000000000000e+03,-1.720500000000000000e+04,-2.164200000000000000e+04,-2.401100000000000000e+04
-2.951600000000000000e+04,1.191100000000000000e+04,-1.841400000000000000e+04,-1.506100000000000000e+04,-4.253000000000000000e+04,-1.164800000000000000e+04,-1.678700000000000000e+04,-5.053100000000000000e+04
-1.690900000000000000e+04,-9.234000000000000000e+03,-3.054300000000000000e+04,-2.159300000000000000e+04,-1.556900000000000000e+04,-2.126900000000000000e+04,-1.842100000000000000e+04,1.940200000000000000e+04
-2.616000000000000000e+04,-1.134600000000000000e+04,-1.780900000000000000e+04,-3.239600000000000000e+04,-1.436100000000000000e+04,-1.623800000000000000e+04,-2.456600000000000000e+04,2.029100000000000000e+04
-4.379200000000000000e+04,-9.503000000000000000e+03,-5.558000000000000000e+03,1.545000000000000000e+03,-2.789700000000000000e+04,-1.125700000000000000e+04,9.339000000000000000e+03,-2.714400000000000000e+04
-1.715000000000000000e+04,-1.568100000000000000e+04,-1.083000000000000000e+04,5.366000000000000000e+03,-2.462200000000000000e+04,-1.130400000000000000e+04,-1.080400000000000000e+04,-2.904100000000000000e+04
4.235000000000000000e+03,-2.574500000000000000e+04,-1.825100000000000000e+04,-1.116000000000000000e+03,-2.196600000000000000e+04,-3.965000000000000000e+03,-3.262800000000000000e+04,-5.435100000000000000e+04
-1.571000000000000000e+04,-2.099900000000000000e+04,-1.102000000000000000e+03,-1.516700000000000000e+04,-5.258000000000000000e+03,-1.527900000000000000e+04,-2.173300000000000000e+04,-2.121800000000000000e+04
-7.699000000000000000e+03,-2.142000000000000000e+04,7.024000000000000000e+03,-1.560200000000000000e+04,-6.250000000000000000e+02,-2.075300000000000000e+04,-2.707600000000000000e+04,-3.116200000000000000e+04
-2.262800000000000000e+04,8.796000000000000000e+03,-1.741600000000000000e+04,-2.085100000000000000e+04,-4.844000000000000000e+04,-2.116000000000000000e+04,-3.597000000000000000e+03,-4.197600000000000000e+04
-1.028000000000000000e+03,-7.895000000000000000e+03,-1.737200000000000000e+04,-7.246000000000000000e+03,-1.425200000000000000e+04,-2.708900000000000000e+04,-9.594000000000000000e+03,-2.312800000000000000e+04
-1.251200000000000000e+04,-2.182100000000000000e+04,-2.333400000000000000e+04,-6.962000000000000000e+03,-1.846900000000000000e+04,2.149800000000000000e+04,-2.085500000000000000e+04,-2.500800000000000000e+04
-7.726000000000000000e+03,-2.450400000000000000e+04,-2.208000000000000000e+04,-8.303000000000000000e+03,-2.968100000000000000e+04,2.175100000000000000e+04,-2.210500000000000000e+04,-3.595400000000000000e+04
-4.352100000000000000e+04,-1.678100000000000000e+04,-1.574500000000000000e+04,2.434000000000000000e+03,-2.575700000000000000e+04,-4.739000000000000000e+03,-1.146200000000000000e+04,-4.489300000000000000e+04
-3.131600000000000000e+04,-2.336100000000000000e+04,-3.901900000000000000e+04,7.978000000000000000e+03,-3.412300000000000000e+04,1.265200000000000000e+04,-1.186400000000000000e+04,-3.452300000000000000e+04
-3.128000000000000000e+04,3.718700000000000000e+04,-3.642000000000000000e+04,-2.818800000000000000e+04,-3.975800000000000000e+04,-1.626300000000000000e+04,-4.161500000000000000e+04,-4.320400000000000000e+04
-1.890800000000000000e+04,-2.058200000000000000e+04,-2.041400000000000000e+04,-2.952600000000000000e+04,-2.949100000000000000e+04,-2.754800000000000000e+04,-2.353800000000000000e+04,2.598300000000000000e+04
-2.894400000000000000e+04,7.165000000000000000e+03,-2.324200000000000000e+04,-1.213900000000000000e+04,-5.073100000000000000e+04,-6.541000000000000000e+03,-4.110800000000000000e+04,-2.064200000000000000e+04
2.487000000000000000e+03,-1.837600000000000000e+04,-9.194000000000000000e+03,-4.934000000000000000e+03,-1.442300000000000000e+04,-1.523600000000000000e+04,-2.184700000000000000e+04,-3.768800000000000000e+04
-3.220300000000000000e+04,-2.805100000000000000e+04,2.024400000000000000e+04,-3.650800000000000000e+04,-3.313900000000000000e+04,-3.878600000000000000e+04,-1.225500000000000000e+04,-1.387500000000000000e+04
-2.294000000000000000e+04,-2.126900000000000000e+04,-9.812000000000000000e+03,-1.446000000000000000e+03,2.531000000000000000e+03,-2.887200000000000000e+04,-3.213600000000000000e+04,-2.399700000000000000e+04
-1.691900000000000000e+04,-1.960400000000000000e+04,1.953000000000000000e+03,-2.411900000000000000e+04,-7.099000000000000000e+03,-3.588000000000000000e+04,-2.927500000000000000e+04,-1.643900000000000000e+04
-2.496700000000000000e+04,-1.719600000000000000e+04,-2.710200000000000000e+04,-3.005900000000000000e+04,-2.295500000000000000e+04,-2.713400000000000000e+04,-2.006900000000000000e+04,1.618000000000000000e+04
-2.935500000000000000e+04,2.686300000000000000e+04,-2.047300000000000000e+04,-3.290500000000000000e+04,-4.073500000000000000e+04,-2.421100000000000000e+04,-3.389000000000000000e+04,-4.157900000000000000e+04
-3.251200000000000000e+04,-2.524000000000000000e+04,1.421300000000000000e+04,-1.075300000000000000e+04,-2.003500000000000000e+04,-3.151300000000000000e+04,-1.316000000000000000e+04,-1.190900000000000000e+04
-4.971000000000000000e+03,-1.933900000000000000e+04,-3.330000000000000000e+03,-8.279000000000000000e+03,-1.587700000000000000e+04,-1.463700000000000000e+04,-2.518000000000000000e+04,-3.245200000000000000e+04
-2.017900000000000000e+04,1.081800000000000000e+04,-2.830300000000000000e+04,-1.789000000000000000e+03,-5.730400000000000000e+04,-1.224900000000000000e+04,-3.016000000000000000e+04,-2.946200000000000000e+04
-2.574500000000000000e+04,-1.636200000000000000e+04,-1.883300000000000000e+04,2.951000000000000000e+03,-4.303200000000000000e+04,5.267000000000000000e+03,-1.481500000000000000e+04,-3.569200000000000000e+04
-4.002500000000000000e+04,-9.772000000000000000e+03,-1.826400000000000000e+04,3.241000000000000000e+03,-2.911000000000000000e+04,-1.356100000000000000e+04,2.647000000000000000e+03,-2.051500000000000000e+04
-2.245500000000000000e+04,-1.817500000000000000e+04,-2.451000000000000000e+03,-1.991600000000000000e+04,-2.710500000000000000e+04,-2.950400000000000000e+04,7.519000000000000000e+03,-2.712100000000000000e+04
-3.403400000000000000e+04,-2.854100000000000000e+04,-9.017000000000000000e+03,-3.589200000000000000e+04,-3.942000000000000000e+04,-2.532400000000000000e+04,-2.903200000000000000e+04,1.272900000000000000e+04
-6.324000000000000000e+03,-1.901000000000000000e+04,-1.648800000000000000e+04,2.024000000000000000e+03,-3.511000000000000000e+04,-5.555000000000000000e+03,-3.359200000000000000e+04,-4.460800000000000000e+04
-2.264800000000000000e+04,-2.139300000000000000e+04,-2.255900000000000000e+04,-5.939000000000000000e+03,-2.134600000000000000e+04,6.935000000000000000e+03,-1.720200000000000000e+04,-1.175100000000000000e+04
-1.627300000000000000e+04,-1.113900000000000000e+04,-1.375700000000000000e+04,3.037000000000000000e+03,-2.292100000000000000e+04,-1.944000000000000000e+03,-2.407100000000000000e+04,-4.597100000000000000e+04
-3.342500000000000000e+04,-4.236000000000000000e+03,-2.529900000000000000e+04,-6.106000000000000000e+03,-2.878400000000000000e+04,-1.629900000000000000e+04,1.067900000000000000e+04,-2.001800000000000000e+04
-1.730500000000000000e+04,-1.570300000000000000e+04,-1.736200000000000000e+04,-1.881300000000000000e+04,6.003000000000000000e+03,-2.486300000000000000e+04,-2.744000000000000000e+04,-9.229000000000000000e+03
2.878000000000000000e+03,-1.274700000000000000e+04,-1.204100000000000000e+04,3.152000000000000000e+03,-1.339000000000000000e+04,-1.079500000000000000e+04,-2.445800000000000000e+04,-3.304100000000000000e+04
-3.098000000000000000e+04,-2.058800000000000000e+04,2.523000000000000000e+03,-2.541000000000000000e+04,-2.397500000000000000e+04,-3.509400000000000000e+04,-2.273300000000000000e+04,1.267400000000000000e+04
-2.929400000000000000e+04,-2.324100000000000000e+04,-9.372000000000000000e+03,-2.728900000000000000e+04,-1.814400000000000000e+04,-1.642000000000000000e+04,1.607800000000000000e+04,-9.651000000000000000e+03
-1.518100000000000000e+04,-1.397700000000000000e+04,-1.966100000000000000e+04,9.363000000000000000e+03,-3.072700000000000000e+04,-1.347300000000000000e+04,-1.705500000000000000e+04,-3.896500000000000000e+04
-2.587900000000000000e+04,-2.102700000000000000e+04,-9.950000000000000000e+03,-3.551900000000000000e+04,-2.202200000000000000e+04,-2.729500000000000000e+04,1.082600000000000000e+04,-1.356200000000000000e+04
-1.270100000000000000e+04,-9.953000000000000000e+03,-1.959100000000000000e+04,8.261000000000000000e+03,-2.976600000000000000e+04,1.700000000000000000e+01,-2.647200000000000000e+04,-5.849400000000000000e+04
-3.235300000000000000e+04,-4.666000000000000000e+03,-1.121100000000000000e+04,-3.850200000000000000e+04,-2.591900000000000000e+04,-3.287200000000000000e+04,-2.946000000000000000e+04,1.054200000000000000e+04
-2.323900000000000000e+04,-1.763900000000000000e+04,3.150000000000000000e+03,-3.098200000000000000e+04,-1.038800000000000000e+04,-1.874200000000000000e+04,5.182000000000000000e+03,-1.381000000000000000e+04
-9.951000000000000000e+03,-1.916600000000000000e+04,-2.425500000000000000e+04,-5.024000000000000000e+03,-2.390500000000000000e+04,8.150000000000000000e+03,-2.655400000000000000e+04,-2.670400000000000000e+04
-2.773300000000000000e+04,-2.275200000000000000e+04,-1.412900000000000000e+04,-1.740100000000000000e+04,-2.888000000000000000e+04,-2.754700000000000000e+04,9.164000000000000000e+03,-3.694100000000000000e+04
-2.304000000000000000e+04,-2.590900000000000000e+04,-1.439600000000000000e+04,-3.834500000000000000e+04,-2.844800000000000000e+04,-2.181800000000000000e+04,-2.083800000000000000e+04,1.902400000000000000e+04
-1.102200000000000000e+04,-1.670400000000000000e+04,-5.867000000000000000e+03,-4.893000000000000000e+03,-9.887000000000000000e+03,-1.926900000000000000e+04,-2.219100000000000000e+04,-3.960500000000000000e+04
-7.221000000000000000e+03,-1.684200000000000000e+04,-2.472200000000000000e+04,1.798500000000000000e+04,-4.202400000000000000e+04,-1.189600000000000000e+04,-2.818800000000000000e+04,-3.968300000000000000e+04
-1.150800000000000000e+04,2.400800000000000000e+04,-2.120600000000000000e+04,-3.121900000000000000e+04,-4.720900000000000000e+04,-2.389400000000000000e+04,-2.314800000000000000e+04,-4.362400000000000000e+04
-1.401700000000000000e+04,-1.135800000000000000e+04,-1.410600000000000000e+04,1.212700000000000000e+04,-2.033100000000000000e+04,-1.217300000000000000e+04,-2.068000000000000000e+04,-2.147900000000000000e+04
-2.296600000000000000e+04,-1.356000000000000000e+04,-1.765900000000000000e+04,-7.444000000000000000e+03,-3.252800000000000000e+04,-2.080000000000000000e+04,1.600100000000000000e+04,-1.156400000000000000e+04
-5.358000000000000000e+03,-2.228500000000000000e+04,-2.019900000000000000e+04,-4.506000000000000000e+03,-4.017400000000000000e+04,1.113700000000000000e+04,-2.962400000000000000e+04,-4.350900000000000000e+04
-2.170900000000000000e+04,-8.942000000000000000e+03,-1.674600000000000000e+04,-2.481000000000000000e+03,-1.653900000000000000e+04,1.205300000000000000e+04,-2.376900000000000000e+04,-3.018100000000000000e+04
-1.681900000000000000e+04,1.429000000000000000e+04,-3.089700000000000000e+04,-1.175100000000000000e+04,-3.321400000000000000e+04,-2.746200000000000000e+04,-3.402500000000000000e+04,-3.024400000000000000e+04
-2.616800000000000000e+04,-2.456100000000000000e+04,-1.786300000000000000e+04,-2.567800000000000000e+04,-2.768700000000000000e+04,-3.011500000000000000e+04,-2.394000000000000000e+04,2.318800000000000000e+04
-3.021400000000000000e+04,-1.947500000000000000e+04,-2.203100000000000000e+04,-1.561400000000000000e+04,-1.986500000000000000e+04,-2.010500000000000000e+04,-7.500000000000000000e+03,9.698000000000000000e+03
-2.507200000000000000e+04,2.676600000000000000e+04,-3.156800000000000000e+04,-2.121200000000000000e+04,-5.181200000000000000e+04,-2.547300000000000000e+04,-2.547200000000000000e+04,-4.103800000000000000e+04
-9.605000000000000000e+03,-8.531000000000000000e+03,-1.461700000000000000e+04,7.897000000000000000e+03,-2.734800000000000000e+04,-1.318800000000000000e+04,-2.721900000000000000e+04,-3.432900000000000000e+04
-2.840000000000000000e+04,-1.319900000000000000e+04,-2.053100000000000000e+04,6.398000000000000000e+03,-2.968300000000000000e+04,2.350000000000000000e+03,-1.170500000000000000e+04,-2.289900000000000000e+04
-3.783900000000000000e+04,-2.926500000000000000e+04,-1.617700000000000000e+04,-4.148600000000000000e+04,-3.429200000000000000e+04,-2.604900000000000000e+04,-1.601900000000000000e+04,5.725000000000000000e+03
-1.224000000000000000e+03,-1.522600000000000000e+04,-1.035000000000000000e+04,-1.331100000000000000e+04,5.033000000000000000e+03,-8.767000000000000000e+03,-1.984600000000000000e+04,-2.323500000000000000e+04
9.963000000000000000e+03,-1.661900000000000000e+04,-1.996600000000000000e+04,-1.843500000000000000e+04,-2.411100000000000000e+04,-5.556000000000000000e+03,-2.752900000000000000e+04,-4.653000000000000000e+04
-2.568400000000000000e+04,-1.054000000000000000e+04,-3.561000000000000000e+03,-8.378000000000000000e+03,-6.994000000000000000e+03,-2.407600000000000000e+04,-4.240000000000000000e+02,-2.267500000000000000e+04
-5.790000000000000000e+03,-6.579000000000000000e+03,-2.283000000000000000e+04,-2.078300000000000000e+04,-4.224900000000000000e+04,1.350400000000000000e+04,-2.722000000000000000e+04,-3.848600000000000000e+04
-1.943600000000000000e+04,-1.470000000000000000e+04,-6.870000000000000000e+03,-1.795100000000000000e+04,7.356000000000000000e+03,-1.533700000000000000e+04,-1.582400000000000000e+04,-8.810000000000000000e+02
-2.455900000000000000e+04,2.249000000000000000e+03,-1.470800000000000000e+04,-1.585700000000000000e+04,-3.176500000000000000e+04,-1.046000000000000000e+03,-9.068000000000000000e+03,-3.730800000000000000e+04
-8.498000000000000000e+03,2.140500000000000000e+04,-2.657400000000000000e+04,-2.178600000000000000e+04,-4.154200000000000000e+04,-1.215900000000000000e+04,-3.018200000000000000e+04,-3.635100000000000000e+04
-2.773700000000000000e+04,-3.157300000000000000e+04,-1.905800000000000000e+04,-2.528400000000000000e+04,-2.299100000000000000e+04,-2.831100000000000000e+04,-2.341600000000000000e+04,4.881000000000000000e+03
-3.221200000000000000e+04,-4.953000000000000000e+03,-1.489700000000000000e+04,8.450000000000000000e+03,-3.989700000000000000e+04,-5.331000000000000000e+03,-1.563600000000000000e+04,-4.871100000000000000e+04
-2.662200000000000000e+04,1.425000000000000000e+04,-2.179900000000000000e+04,-1.940300000000000000e+04,-4.282000000000000000e+04,-1.867300000000000000e+04,-2.703400000000000000e+04,-4.781700000000000000e+04
-1.528000000000000000e+04,1.352200000000000000e+04,-2.057700000000000000e+04,-3.328800000000000000e+04,-4.356400000000000000e+04,-2.931700000000000000e+04,-9.255000000000000000e+03,-2.885400000000000000e+04
-3.249600000000000000e+04,-2.097600000000000000e+04,-2.116900000000000000e+04,-3.320000000000000000e+04,-3.158500000000000000e+04,-1.239900000000000000e+04,1.182300000000000000e+04,-1.950700000000000000e+04
-1.756100000000000000e+04,-7.494000000000000000e+03,-1.973100000000000000e+04,-4.454000000000000000e+03,-2.765600000000000000e+04,9.394000000000000000e+03,-2.500100000000000000e+04,-3.042000000000000000e+04
-3.455400000000000000e+04,-1.111400000000000000e+04,-7.994000000000000000e+03,-2.639300000000000000e+04,-2.349100000000000000e+04,-1.084700000000000000e+04,1.301400000000000000e+04,-2.361200000000000000e+04
9.750000000000000000e+02,-2.068200000000000000e+04,-2.594400000000000000e+04,-1.983000000000000000e+04,-8.594000000000000000e+03,7.923000000000000000e+03,-3.603000000000000000e+04,-3.065700000000000000e+04
-2.708200000000000000e+04,-1.510800000000000000e+04,-1.766900000000000000e+04,-9.302000000000000000e+03,-3.929600000000000000e+04,-1.126100000000000000e+04,5.806000000000000000e+03,-3.224000000000000000e+04
-3.020600000000000000e+04,1.469900000000000000e+04,-1.608600000000000000e+04,-2.098700000000000000e+04,-3.760100000000000000e+04,-2.649000000000000000e+04,-1.928400000000000000e+04,-2.872200000000000000e+04
-2.226500000000000000e+04,-1.623700000000000000e+04,-1.675700000000000000e+04,-1.413900000000000000e+04,-2.973000000000000000e+04,1.619400000000000000e+04,-2.077300000000000000e+04,-2.236300000000000000e+04
-2.352800000000000000e+04,7.954000000000000000e+03,-1.379300000000000000e+04,-2.112400000000000000e+04,-2.461100000000000000e+04,-2.236100000000000000e+04,-1.301900000000000000e+04,-3.822700000000000000e+04
-1.669700000000000000e+04,-1.747200000000000000e+04,-5.097000000000000000e+03,-1.721800000000000000e+04,-8.038000000000000000e+03,-2.505100000000000000e+04,-2.136500000000000000e+04,3.534000000000000000e+03
-2.241500000000000000e+04,-2.462400000000000000e+04,-1.453200000000000000e+04,-2.589000000000000000e+04,-2.442800000000000000e+04,-2.353400000000000000e+04,-2.209800000000000000e+04,2.063600000000000000e+04
-1.741900000000000000e+04,-9.512000000000000000e+03,-2.374000000000000000e+04,3.252000000000000000e+03,-4.589800000000000000e+04,1.057300000000000000e+04,-3.382400000000000000e+04,-4.289700000000000000e+04
-2.723500000000000000e+04,-2.122900000000000000e+04,2.228000000000000000e+03,-1.060900000000000000e+04,-8.702000000000000000e+03,-2.603200000000000000e+04,-1.206100000000000000e+04,-3.696000000000000000e+03
-1.682200000000000000e+04,-1.461500000000000000e+04,-1.047400000000000000e+04,-2.783700000000000000e+04,-2.458700000000000000e+04,-2.852600000000000000e+04,4.423000000000000000e+03,-5.523000000000000000e+03
-1.458100000000000000e+04,-1.715700000000000000e+04,-1.116500000000000000e+04,-5.099000000000000000e+03,-1.475800000000000000e+04,-3.155000000000000000e+03,-1.207900000000000000e+04,-2.218200000000000000e+04
-2.021600000000000000e+04,-1.368500000000000000e+04,-1.978900000000000000e+04,5.840000000000000000e+03,-3.253500000000000000e+04,-4.302000000000000000e+03,-1.504000000000000000e+04,-3.594000000000000000e+04
-2.050400000000000000e+04,-3.105200000000000000e+04,-1.499900000000000000e+04,-1.246900000000000000e+04,-2.052300000000000000e+04,-1.765000000000000000e+04,-9.824000000000000000e+03,1.674300000000000000e+04
-2.729800000000000000e+04,-1.393400000000000000e+04,-3.001600000000000000e+04,-1.378900000000000000e+04,-2.664400000000000000e+04,-1.671400000000000000e+04,6.521000000000000000e+03,-1.926800000000000000e+04
-1.230000000000000000e+02,-2.662700000000000000e+04,-1.794700000000000000e+04,-7.565000000000000000e+03,5.048000000000000000e+03,-1.229400000000000000e+04,-3.432700000000000000e+04,-2.798400000000000000e+04
-2.160700000000000000e+04,-9.422000000000000000e+03,-1.628000000000000000e+04,-6.700000000000000000e+03,-1.581700000000000000e+04,-1.284900000000000000e+04,3.166000000000000000e+03,-3.272700000000000000e+04
4.460000000000000000e+03,-2.004100000000000000e+04,-7.450000000000000000e+03,-6.689000000000000000e+03,-6.124000000000000000e+03,-8.624000000000000000e+03,-2.034800000000000000e+04,-2.600500000000000000e+04
-4.160000000000000000e+03,-2.357800000000000000e+04,5.179000000000000000e+03,-1.951900000000000000e+04,6.990000000000000000e+03,-3.303600000000000000e+04,-2.821200000000000000e+04,-2.525700000000000000e+04
-2.460100000000000000e+04,5.293000000000000000e+03,-8.311000000000000000e+03,-1.389500000000000000e+04,-4.848200000000000000e+04,-9.304000000000000000e+03,-1.041600000000000000e+04,-3.643700000000000000e+04
-1.417200000000000000e+04,2.807400000000000000e+04,-2.252800000000000000e+04,-1.671500000000000000e+04,-6.250700000000000000e+04,-2.886100000000000000e+04,-2.879300000000000000e+04,-4.180000000000000000e+04
-1.921200000000000000e+04,-1.306200000000000000e+04,-3.014900000000000000e+04,-1.497900000000000000e+04,-2.529100000000000000e+04,-1.593800000000000000e+04,1.989400000000000000e+04,-9.664000000000000000e+03
-2.918400000000000000e+04,-7.858000000000000000e+03,-2.188500000000000000e+04,-1.492400000000000000e+04,-1.977500000000000000e+04,-6.086000000000000000e+03,1.070500000000000000e+04,-2.507300000000000000e+04
-3.520600000000000000e+04,1.548200000000000000e+04,-1.528700000000000000e+04,-2.054200000000000000e+04,-5.092700000000000000e+04,-1.720000000000000000e+04,-2.962500000000000000e+04,-3.740300000000000000e+04
-6.544000000000000000e+03,-2.485700000000000000e+04,-2.793300000000000000e+04,-2.485400000000000000e+04,1.325700000000000000e+04,-1.962100000000000000e+04,-3.051200000000000000e+04,-1.416000000000000000e+04
-2.437000000000000000e+03,-1.007600000000000000e+04,-3.539100000000000000e+04,-4.882000000000000000e+03,-3.601000000000000000e+04,-1.587000000000000000e+03,-2.058600000000000000e+04,-3.864100000000000000e+04
-6.969000000000000000e+03,-2.203100000000000000e+04,-1.239500000000000000e+04,-1.005500000000000000e+04,3.531000000000000000e+03,-1.446300000000000000e+04,-3.537000000000000000e+04,-2.698300000000000000e+04
-3.211100000000000000e+04,1.087600000000000000e+04,-3.245000000000000000e+04,-5.273000000000000000e+03,-4.842200000000000000e+04,-1.530000000000000000e+04,-2.882200000000000000e+04,-2.944200000000000000e+04
-1.501900000000000000e+04,-1.831400000000000000e+04,-1.676000000000000000e+04,-3.028100000000000000e+04,-1.767000000000000000e+04,-2.503100000000000000e+04,1.736500000000000000e+04,-1.428400000000000000e+04
-2.625700000000000000e+04,-1.723000000000000000e+04,-8.457000000000000000e+03,-1.382100000000000000e+04,-1.942200000000000000e+04,-7.779000000000000000e+03,5.040000000000000000e+02,-3.064900000000000000e+04
1.014500000000000000e+04,-1.172600000000000000e+04,-1.346900000000000000e+04,1.241900000000000000e+04,-1.795600000000000000e+04,-6.996000000000000000e+03,-3.754000000000000000e+04,-4.466300000000000000e+04
-1.445000000000000000e+03,-2.403400000000000000e+04,-1.658400000000000000e+04,-6.410000000000000000e+03,-1.630200000000000000e+04,2.040000000000000000e+02,-2.292800000000000000e+04,-4.093800000000000000e+04
-2.158300000000000000e+04,-9.969000000000000000e+03,-3.193000000000000000e+03,-1.904100000000000000e+04,-3.207800000000000000e+04,-1.974500000000000000e+04,1.449200000000000000e+04,-1.407400000000000000e+04
-6.207000000000000000e+03,-5.331000000000000000e+03,-2.100200000000000000e+04,-1.183300000000000000e+04,-1.937700000000000000e+04,-5.355000000000000000e+03,-2.551700000000000000e+04,-2.598600000000000000e+04
-3.299000000000000000e+04,-1.978600000000000000e+04,-2.261600000000000000e+04,8.224000000000000000e+03,-4.396600000000000000e+04,1.022800000000000000e+04,-2.157700000000000000e+04,-3.772500000000000000e+04
-2.405900000000000000e+04,-8.592000000000000000e+03,-1.491300000000000000e+04,-1.415800000000000000e+04,-1.748300000000000000e+04,1.317700000000000000e+04,-2.872100000000000000e+04,-2.764300000000000000e+04
-1.971500000000000000e+04,-1.544700000000000000e+04,-8.470000000000000000e+02,-1.624300000000000000e+04,-2.951000000000000000e+03,-2.184400000000000000e+04,-3.623900000000000000e+04,-2.365600000000000000e+04
-1.485900000000000000e+04,-7.350000000000000000e+02,-1.499700000000000000e+04,-4.301000000000000000e+03,-2.229300000000000000e+04,-1.487400000000000000e+04,-1.138500000000000000e+04,-3.747000000000000000e+03
-2.311800000000000000e+04,-3.233900000000000000e+04,-3.773000000000000000e+03,-1.921100000000000000e+04,1.258900000000000000e+04,-3.992600000000000000e+04,-3.464000000000000000e+04,-2.062800000000000000e+04
-2.438400000000000000e+04,-1.848500000000000000e+04,-2.658200000000000000e+04,-2.769300000000000000e+04,-2.531400000000000000e+04,-2.933700000000000000e+04,-2.651400000000000000e+04,1.875700000000000000e+04
-3.041800000000000000e+04,-2.826700000000000000e+04,-3.442000000000000000e+03,-3.198400000000000000e+04,-3.589700000000000000e+04,-3.007800000000000000e+04,-2.328000000000000000e+04,4.469000000000000000e+03
-7.426000000000000000e+03,-2.506000000000000000e+03,-1.373500000000000000e+04,2.292000000000000000e+03,-2.449400000000000000e+04,-1.926800000000000000e+04,-2.283400000000000000e+04,-3.276700000000000000e+04
-2.250700000000000000e+04,1.802600000000000000e+04,-2.364900000000000000e+04,-2.249800000000000000e+04,-3.815800000000000000e+04,-1.680000000000000000e+02,-3.459700000000000000e+04,-2.220400000000000000e+04
-3.093500000000000000e+04,2.301400000000000000e+04,-1.929100000000000000e+04,-2.017400000000000000e+04,-2.666000000000000000e+04,-1.767300000000000000e+04,-1.349300000000000000e+04,-2.484000000000000000e+04
-2.028500000000000000e+04,-1.860700000000000000e+04,1.116000000000000000e+03,-3.159000000000000000e+04,-1.480700000000000000e+04,-2.757500000000000000e+04,-1.602200000000000000e+04,-1.335700000000000000e+04
-3.661900000000000000e+04,-2.024400000000000000e+04,2.297000000000000000e+03,-2.386100000000000000e+04,-1.369400000000000000e+04,-2.606500000000000000e+04,-2.468000000000000000e+03,-1.837100000000000000e+04
-3.972600000000000000e+04,-2.518000000000000000e+03,-2.379600000000000000e+04,-1.837000000000000000e+04,-3.701600000000000000e+04,-1.227100000000000000e+04,1.185500000000000000e+04,-3.013300000000000000e+04
-2.185000000000000000e+04,-1.648900000000000000e+04,-6.721000000000000000e+03,-3.197000000000000000e+04,-2.016500000000000000e+04,-2.623300000000000000e+04,-9.513000000000000000e+03,-1.878000000000000000e+03
-2.300900000000000000e+04,2.790100000000000000e+04,-2.070700000000000000e+04,-2.009900000000000000e+04,-4.234400000000000000e+04,-2.735600000000000000e+04,-3.025000000000000000e+04,-4.130500000000000000e+04
-1.910300000000000000e+04,-1.673800000000000000e+04,-3.330000000000000000e+04,-6.272000000000000000e+03,-1.277000000000000000e+03,-1.084500000000000000e+04,-5.248000000000000000e+03,-3.459000000000000000e+04
-2.751800000000000000e+04,2.099400000000000000e+04,-3.525700000000000000e+04,-2.842200000000000000e+04,-6.011900000000000000e+04,-2.282800000000000000e+04,-1.945500000000000000e+04,-3.170900000000000000e+04
-1.087300000000000000e+04,-5.001000000000000000e+03,-1.852900000000000000e+04,-2.941100000000000000e+04,-1.599500000000000000e+04,-1.907900000000000000e+04,-7.269000000000000000e+03,-2.957000000000000000e+04
-2.729400000000000000e+04,-1.541300000000000000e+04,-6.179000000000000000e+03,-1.838000000000000000e+04,-8.875000000000000000e+03,-2.068600000000000000e+04,2.236000000000000000e+04,-1.688700000000000000e+04
-1.941600000000000000e+04,-1.168100000000000000e+04,-2.392100000000000000e+04,-2.221600000000000000e+04,-2.884600000000000000e+04,-1.710200000000000000e+04,-1.611900000000000000e+04,7.144000000000000000e+03
-2.360200000000000000e+04,4.293000000000000000e+03,-1.807500000000000000e+04,-2.295400000000000000e+04,-4.775200000000000000e+04,-9.186000000000000000e+03,-7.860000000000000000e+03,-3.452900000000000000e+04
-3.400900000000000000e+04,-2.723100000000000000e+04,-9.775000000000000000e+03,-2.327400000000000000e+04,-1.751700000000000000e+04,-2.365700000000000000e+04,1.802500000000000000e+04,-2.028100000000000000e+04
-2.654900000000000000e+04,-2.309000000000000000e+04,-8.621000000000000000e+03,-7.396000000000000000e+03,-1.415700000000000000e+04,-3.403900000000000000e+04,-2.188600000000000000e+04,-3.814000000000000000e+03
-2.966300000000000000e+04,-1.378400000000000000e+04,-1.094000000000000000e+04,-1.836800000000000000e+04,-3.181300000000000000e+04,-3.209300000000000000e+04,1.457800000000000000e+04,-3.345300000000000000e+04
9.319000000000000000e+03,-1.971600000000000000e+04,-2.283000000000000000e+04,-1.388100000000000000e+04,-2.503800000000000000e+04,6.493000000000000000e+03,-2.977200000000000000e+04,-4.678500000000000000e+04
-3.191000000000000000e+03,-1.384900000000000000e+04,-3.118100000000000000e+04,-8.014000000000000000e+03,2.581000000000000000e+03,-2.370000000000000000e+04,-2.941700000000000000e+04,-3.066300000000000000e+04
-1.762100000000000000e+04,-1.231400000000000000e+04,-1.054500000000000000e+04,-7.925000000000000000e+03,-3.432400000000000000e+04,2.390000000000000000e+03,-1.837600000000000000e+04,-5.036400000000000000e+04
-4.575200000000000000e+04,-3.660000000000000000e+04,-4.310000000000000000e+03,-3.986400000000000000e+04,-3.156000000000000000e+04,-3.803600000000000000e+04,-2.821000000000000000e+04,9.141000000000000000e+03
-3.103500000000000000e+04,-1.449300000000000000e+04,-2.419800000000000000e+04,-2.091200000000000000e+04,-3.198900000000000000e+04,-1.539000000000000000e+04,1.427400000000000000e+04,-2.860300000000000000e+04
-4.255000000000000000e+03,-1.555300000000000000e+04,-2.437800000000000000e+04,-2.856000000000000000e+03,-1.242500000000000000e+04,1.472600000000000000e+04,-1.906500000000000000e+04,-4.837400000000000000e+04
-1.896100000000000000e+04,-2.702500000000000000e+04,-4.797000000000000000e+03,-2.321400000000000000e+04,-4.530000000000000000e+02,-3.246200000000000000e+04,-2.158800000000000000e+04,-1.302000000000000000e+03
4.959000000000000000e+03,-1.666400000000000000e+04,-2.395500000000000000e+04,-4.047000000000000000e+03,-2.008400000000000000e+04,-1.490000000000000000e+02,-1.902300000000000000e+04,-3.124300000000000000e+04
-2.217400000000000000e+04,-1.707600000000000000e+04,-2.179600000000000000e+04,-3.203500000000000000e+04,-1.910500000000000000e+04,-2.380700000000000000e+04,-1.954100000000000000e+04,2.246100000000000000e+04
-3.277300000000000000e+04,-1.144200000000000000e+04,-1.144900000000000000e+04,-1.594000000000000000e+04,-2.386500000000000000e+04,-1.032900000000000000e+04,1.691800000000000000e+04,-2.612900000000000000e+04
-2.790600000000000000e+04,-2.451000000000000000e+04,-2.620700000000000000e+04,-2.970400000000000000e+04,-1.781500000000000000e+04,-2.434900000000000000e+04,-1.689000000000000000e+04,1.689600000000000000e+04
-1.394200000000000000e+04,-2.196700000000000000e+04,-2.805000000000000000e+03,-1.863400000000000000e+04,1.582400000000000000e+04,-1.086400000000000000e+04,-9.092000000000000000e+03,-3.482600000000000000e+04
-3.061300000000000000e+04,-1.346000000000000000e+04,-1.123400000000000000e+04,-1.981200000000000000e+04,-3.680000000000000000e+04,-4.007600000000000000e+04,-3.159300000000000000e+04,9.415000000000000000e+03
-2.240300000000000000e+04,-2.429600000000000000e+04,-6.320000000000000000e+02,-2.571600000000000000e+04,-8.580000000000000000e+03,-4.836700000000000000e+04,-3.824200000000000000e+04,1.758300000000000000e+04
-2.294600000000000000e+04,1.127200000000000000e+04,-1.718500000000000000e+04,-9.945000000000000000e+03,-4.637000000000000000e+04,-1.321200000000000000e+04,-2.118800000000000000e+04,-1.995400000000000000e+04
-2.137000000000000000e+04,1.064900000000000000e+04,-8.691000000000000000e+03,-1.510200000000000000e+04,-3.898500000000000000e+04,-2.064700000000000000e+04,-1.970600000000000000e+04,-3.506900000000000000e+04
-3.280900000000000000e+04,-2.410100000000000000e+04,-1.793700000000000000e+04,-3.623700000000000000e+04,-3.184300000000000000e+04,-3.911400000000000000e+04,-3.237300000000000000e+04,1.895700000000000000e+04
-3.532300000000000000e+04,-8.562000000000000000e+03,-1.231200000000000000e+04,-3.670200000000000000e+04,-2.168700000000000000e+04,-3.411700000000000000e+04,7.077000000000000000e+03,-2.005200000000000000e+04
-1.096300000000000000e+04,-1.342600000000000000e+04,-2.037200000000000000e+04,-3.145000000000000000e+03,-1.464800000000000000e+04,-1.412700000000000000e+04,-1.754500000000000000e+04,-3.647600000000000000e+04
-1.783000000000000000e+04,1.791200000000000000e+04,-1.654400000000000000e+04,-2.625100000000000000e+04,-4.622000000000000000e+04,-2.036300000000000000e+04,-1.799200000000000000e+04,-2.259800000000000000e+04
-2.239500000000000000e+04,-1.349800000000000000e+04,1.874200000000000000e+04,-1.693700000000000000e+04,-1.829300000000000000e+04,-3.819300000000000000e+04,-1.976600000000000000e+04,-2.761800000000000000e+04
-1.582000000000000000e+04,-5.540000000000000000e+03,-9.845000000000000000e+03,4.653000000000000000e+03,-2.927000000000000000e+03,-3.289000000000000000e+03,-1.255500000000000000e+04,-1.884700000000000000e+04
-2.259200000000000000e+04,-5.137000000000000000e+03,-1.562200000000000000e+04,1.756100000000000000e+04,-2.753500000000000000e+04,-6.671000000000000000e+03,-1.330900000000000000e+04,-3.612600000000000000e+04
-1.241300000000000000e+04,-1.841700000000000000e+04,-3.115100000000000000e+04,1.648000000000000000e+03,-1.005500000000000000e+04,9.183000000000000000e+03,-1.453400000000000000e+04,-1.979300000000000000e+04
-1.894000000000000000e+04,-2.288000000000000000e+04,-2.521100000000000000e+04,-1.143900000000000000e+04,2.539000000000000000e+03,-1.842200000000000000e+04,-2.383500000000000000e+04,-2.803200000000000000e+04
-3.336500000000000000e+04,-2.282200000000000000e+04,-1.164700000000000000e+04,1.670000000000000000e+02,1.301300000000000000e+04,-3.120800000000000000e+04,-2.132200000000000000e+04,-2.626000000000000000e+04
-2.528100000000000000e+04,-8.550000000000000000e+03,-1.615900000000000000e+04,-1.287400000000000000e+04,-1.423000000000000000e+04,-6.566000000000000000e+03,-2.712000000000000000e+03,-3.489900000000000000e+04
-2.674400000000000000e+04,1.914500000000000000e+04,-2.897100000000000000e+04,-3.036500000000000000e+04,-3.421800000000000000e+04,-1.925200000000000000e+04,-1.437800000000000000e+04,-2.938200000000000000e+04
-3.126400000000000000e+04,-3.451300000000000000e+04,-1.586000000000000000e+04,-3.037700000000000000e+04,-2.397000000000000000e+04,-3.351300000000000000e+04,-1.814700000000000000e+04,1.797200000000000000e+04
-1.567800000000000000e+04,1.504400000000000000e+04,-1.738700000000000000e+04,-1.223400000000000000e+04,-5.001100000000000000e+04,-2.368800000000000000e+04,-8.626000000000000000e+03,-3.482700000000000000e+04
-2.586900000000000000e+04,-5.907000000000000000e+03,-1.935400000000000000e+04,-1.266800000000000000e+04,-2.068900000000000000e+04,-4.696000000000000000e+03,-1.160100000000000000e+04,-3.021000000000000000e+04
-2.184300000000000000e+04,-2.806200000000000000e+04,-3.737000000000000000e+03,-2.209200000000000000e+04,-6.012000000000000000e+03,-3.455700000000000000e+04,-3.166500000000000000e+04,4.892000000000000000e+03
1.131400000000000000e+04,-1.661700000000000000e+04,-1.102000000000000000e+04,-6.420000000000000000e+02,-1.220500000000000000e+04,-1.970000000000000000e+04,-3.485800000000000000e+04,-3.138100000000000000e+04
-2.252700000000000000e+04,-1.923200000000000000e+04,-1.706000000000000000e+04,-3.259700000000000000e+04,-1.640800000000000000e+04,-1.918900000000000000e+04,-9.534000000000000000e+03,1.747000000000000000e+04
-3.703800000000000000e+04,-1.215200000000000000e+04,-1.933800000000000000e+04,-2.769000000000000000e+04,-2.235500000000000000e+04,-2.664900000000000000e+04,3.082700000000000000e+04,-3.128700000000000000e+04
8.906000000000000000e+03,-2.150700000000000000e+04,-2.060400000000000000e+04,-2.021000000000000000e+03,-1.607800000000000000e+04,9.200000000000000000e+01,-2.691800000000000000e+04,-4.697700000000000000e+04
-1.899200000000000000e+04,-1.344200000000000000e+04,-1.145100000000000000e+04,-1.897800000000000000e+04,-1.391100000000000000e+04,-1.531400000000000000e+04,-1.838000000000000000e+03,-2.750100000000000000e+04
-3.279900000000000000e+04,-2.624800000000000000e+04,3.008000000000000000e+03,-1.661500000000000000e+04,-1.656400000000000000e+04,-4.073800000000000000e+04,-3.336700000000000000e+04,-6.210000000000000000e+03
-2.582400000000000000e+04,-2.050900000000000000e+04,-2.610100000000000000e+04,-2.433500000000000000e+04,-2.206300000000000000e+04,-1.737300000000000000e+04,-1.750500000000000000e+04,2.644700000000000000e+04
-2.743700000000000000e+04,-1.368200000000000000e+04,-1.728400000000000000e+04,-3.765100000000000000e+04,-4.096500000000000000e+04,-1.777800000000000000e+04,1.292400000000000000e+04,-3.479700000000000000e+04
-3.309800000000000000e+04,-3.781300000000000000e+04,-2.883100000000000000e+04,-2.031900000000000000e+04,-2.238900000000000000e+04,-1.564700000000000000e+04,-2.921200000000000000e+04,2.303800000000000000e+04
-8.217000000000000000e+03,-1.802600000000000000e+04,-1.575400000000000000e+04,-3.066700000000000000e+04,2.416900000000000000e+04,-3.036000000000000000e+04,-3.661600000000000000e+04,-2.332600000000000000e+04
-3.869300000000000000e+04,2.538800000000000000e+04,-1.265000000000000000e+04,-3.167800000000000000e+04,-4.550700000000000000e+04,-2.179300000000000000e+04,-2.307600000000000000e+04,-3.509800000000000000e+04
-2.596900000000000000e+04,-1.361900000000000000e+04,-2.257400000000000000e+04,-2.768000000000000000e+03,-3.360100000000000000e+04,8.905000000000000000e+03,-2.105100000000000000e+04,-2.663700000000000000e+04
-3.826400000000000000e+04,-2.417100000000000000e+04,-1.968600000000000000e+04,-4.352600000000000000e+04,-3.815100000000000000e+04,-3.532400000000000000e+04,-1.635800000000000000e+04,1.630900000000000000e+04
-2.222800000000000000e+04,-2.028000000000000000e+03,-1.409600000000000000e+04,-1.161000000000000000e+04,-3.008000000000000000e+04,-1.139200000000000000e+04,-2.151600000000000000e+04,-2.237500000000000000e+04
-4.000000000000000000e+03,-1.435300000000000000e+04,-1.011100000000000000e+04,-9.816000000000000000e+03,1.491000000000000000e+03,-1.557000000000000000e+04,-3.280800000000000000e+04,-3.018900000000000000e+04
-2.425400000000000000e+04,-9.256000000000000000e+03,-2.398200000000000000e+04,6.909000000000000000e+03,-1.778400000000000000e+04,-5.345000000000000000e+03,-1.547000000000000000e+04,-3.455700000000000000e+04
-1.346800000000000000e+04,-4.100000000000000000e+02,-1.538700000000000000e+04,-2.663300000000000000e+04,-2.753100000000000000e+04,-7.795000000000000000e+03,-2.740000000000000000e+02,-2.860000000000000000e+04
-1.601800000000000000e+04,-1.458700000000000000e+04,-2.065800000000000000e+04,6.019000000000000000e+03,-3.842800000000000000e+04,6.368000000000000000e+03,-2.493100000000000000e+04,-5.582300000000000000e+04
-2.789000000000000000e+04,-1.999800000000000000e+04,-1.881900000000000000e+04,-3.124600000000000000e+04,-2.690900000000000000e+04,-3.073200000000000000e+04,-2.273100000000000000e+04,1.641700000000000000e+04
-1.532300000000000000e+04,-2.387000000000000000e+04,-1.860400000000000000e+04,-2.540800000000000000e+04,-3.345100000000000000e+04,-2.533800000000000000e+04,-2.205300000000000000e+04,2.122900000000000000e+04
-7.416000000000000000e+03,-2.353700000000000000e+04,-3.546000000000000000e+03,8.140000000000000000e+03,-2.479000000000000000e+03,-1.885700000000000000e+04,-2.624700000000000000e+04,-1.757100000000000000e+04
-2.479300000000000000e+04,-7.056000000000000000e+03,-9.864000000000000000e+03,-5.354000000000000000e+03,-3.024800000000000000e+04,-5.428000000000000000e+03,4.150000000000000000e+02,-4.508800000000000000e+04
-1.416200000000000000e+04,-1.001400000000000000e+04,-2.873400000000000000e+04,-5.807000000000000000e+03,-5.184900000000000000e+04,2.643000000000000000e+03,-3.174800000000000000e+04,-3.970200000000000000e+04
-2.997500000000000000e+04,-6.979000000000000000e+03,-1.605600000000000000e+04,-1.514700000000000000e+04,-2.955600000000000000e+04,-1.271600000000000000e+04,8.503000000000000000e+03,-2.972800000000000000e+04
7.367000000000000000e+03,-8.074000000000000000e+03,-2.603500000000000000e+04,-1.260100000000000000e+04,-8.791000000000000000e+03,-5.971000000000000000e+03,-1.943400000000000000e+04,-3.576900000000000000e+04
-1.659600000000000000e+04,-9.031000000000000000e+03,-1.201100000000000000e+04,-8.979000000000000000e+03,-4.274200000000000000e+04,1.839200000000000000e+04,-1.500600000000000000e+04,-5.143200000000000000e+04
-1.039600000000000000e+04,-1.329700000000000000e+04,-2.514600000000000000e+04,7.165000000000000000e+03,-2.508300000000000000e+04,9.017000000000000000e+03,-2.392900000000000000e+04,-3.517200000000000000e+04
-1.747300000000000000e+04,2.212700000000000000e+04,-1.279900000000000000e+04,-8.428000000000000000e+03,-4.673900000000000000e+04,-1.885500000000000000e+04,-1.775300000000000000e+04,-3.603300000000000000e+04
-2.172400000000000000e+04,-1.049300000000000000e+04,-2.281000000000000000e+04,-2.905600000000000000e+04,-2.345600000000000000e+04,-2.380700000000000000e+04,1.176400000000000000e+04,-2.754900000000000000e+04
7.646000000000000000e+03,-2.241400000000000000e+04,-2.053100000000000000e+04,-7.890000000000000000e+03,-3.044500000000000000e+04,3.625000000000000000e+03,-2.931300000000000000e+04,-4.640300000000000000e+04
-1.763500000000000000e+04,2.221200000000000000e+04,-3.672200000000000000e+04,-3.048400000000000000e+04,-4.186000000000000000e+04,-2.149500000000000000e+04,-1.607300000000000000e+04,-1.250000000000000000e+04
-1.970100000000000000e+04,-2.458800000000000000e+04,-1.798000000000000000e+03,-3.600700000000000000e+04,1.711000000000000000e+04,-2.756100000000000000e+04,-3.509800000000000000e+04,-1.516500000000000000e+04
-6.335000000000000000e+03,-3.069300000000000000e+04,-1.309100000000000000e+04,-1.182500000000000000e+04,-1.039400000000000000e+04,3.054000000000000000e+03,-9.590000000000000000e+02,-2.919100000000000000e+04
-2.702000000000000000e+03,-3.936000000000000000e+03,-1.151600000000000000e+04,-2.723000000000000000e+03,-2.786400000000000000e+04,-1.342700000000000000e+04,-2.865500000000000000e+04,-4.299800000000000000e+04
-3.295600000000000000e+04,-6.506000000000000000e+03,-2.050200000000000000e+04,-6.410000000000000000e+02,-1.040400000000000000e+04,-8.240000000000000000e+02,-1.514500000000000000e+04,-1.870200000000000000e+04
-3.069000000000000000e+04,-2.262800000000000000e+04,-1.337400000000000000e+04,-3.257600000000000000e+04,-2.750100000000000000e+04,-2.830900000000000000e+04,-2.138600000000000000e+04,1.560500000000000000e+04
-4.012100000000000000e+04,-1.265500000000000000e+04,-1.138000000000000000e+04,2.690000000000000000e+02,-1.524200000000000000e+04,-2.180400000000000000e+04,-1.415100000000000000e+04,-3.538000000000000000e+04
-3.407000000000000000e+04,-2.100300000000000000e+04,-2.160000000000000000e+04,-2.384900000000000000e+04,-2.283900000000000000e+04,-1.810900000000000000e+04,3.004400000000000000e+04,-2.340100000000000000e+04
-2.404100000000000000e+04,1.031200000000000000e+04,-1.227700000000000000e+04,-5.047000000000000000e+03,-3.583700000000000000e+04,-2.065100000000000000e+04,-1.588900000000000000e+04,-3.623900000000000000e+04
-2.217400000000000000e+04,-1.702000000000000000e+04,-2.024100000000000000e+04,-3.208300000000000000e+04,-1.772000000000000000e+04,-1.029000000000000000e+04,-1.748400000000000000e+04,1.534500000000000000e+04
-4.220200000000000000e+04,-1.982500000000000000e+04,-2.678300000000000000e+04,-1.762800000000000000e+04,-3.280700000000000000e+04,-4.681000000000000000e+03,1.745400000000000000e+04,-3.761700000000000000e+04
-1.349000000000000000e+04,-2.510600000000000000e+04,-1.967500000000000000e+04,-1.126900000000000000e+04,1.335500000000000000e+04,-2.912600000000000000e+04,-2.498400000000000000e+04,-1.716000000000000000e+04
-1.647200000000000000e+04,2.786900000000000000e+04,-3.057600000000000000e+04,-1.689000000000000000e+04,-5.067100000000000000e+04,-1.272900000000000000e+04,-3.966300000000000000e+04,-4.372600000000000000e+04
-2.642600000000000000e+04,-2.951400000000000000e+04,1.290000000000000000e+02,3.720000000000000000e+02,-1.597000000000000000e+03,-1.831600000000000000e+04,-1.677300000000000000e+04,-3.902700000000000000e+04
-1.682300000000000000e+04,-2.034800000000000000e+04,-1.095500000000000000e+04,-1.883400000000000000e+04,-2.154500000000000000e+04,-8.268000000000000000e+03,1.081100000000000000e+04,-1.896400000000000000e+04
1.906000000000000000e+03,-1.157900000000000000e+04,-1.304100000000000000e+04,-7.179000000000000000e+03,-7.708000000000000000e+03,-1.340200000000000000e+04,-2.558200000000000000e+04,-4.191000000000000000e+04
-1.983000000000000000e+03,-1.249300000000000000e+04,-7.199000000000000000e+03,-1.301100000000000000e+04,-7.691000000000000000e+03,-2.260600000000000000e+04,-3.485700000000000000e+04,-3.498900000000000000e+04
-1.067200000000000000e+04,1.901600000000000000e+04,-2.350800000000000000e+04,-1.757800000000000000e+04,-3.509300000000000000e+04,-1.673800000000000000e+04,-1.417900000000000000e+04,-2.676900000000000000e+04
-3.258800000000000000e+04,1.876600000000000000e+04,-1.803600000000000000e+04,-1.460500000000000000e+04,-5.391100000000000000e+04,-1.856400000000000000e+04,-2.272300000000000000e+04,-4.104600000000000000e+04
-1.070300000000000000e+04,-2.226000000000000000e+04,-2.084100000000000000e+04,7.193000000000000000e+03,-3.324100000000000000e+04,1.928000000000000000e+03,-3.079200000000000000e+04,-4.797300000000000000e+04
-3.317900000000000000e+04,-1.919200000000000000e+04,-1.208100000000000000e+04,-3.775300000000000000e+04,-2.699100000000000000e+04,-2.161300000000000000e+04,-2.894500000000000000e+04,1.513400000000000000e+04
-3.669100000000000000e+04,1.500000000000000000e+02,-2.555000000000000000e+04,-1.935500000000000000e+04,-2.476400000000000000e+04,-9.626000000000000000e+03,-1.350600000000000000e+04,-3.272700000000000000e+04
-3.751300000000000000e+04,1.982000000000000000e+03,-1.695700000000000000e+04,-1.064700000000000000e+04,-3.864800000000000000e+04,1.736000000000000000e+03,-1.829000000000000000e+03,-3.969000000000000000e+04
-4.995100000000000000e+04,-1.999800000000000000e+04,8.132000000000000000e+03,-1.164200000000000000e+04,-2.248500000000000000e+04,-4.636500000000000000e+04,-2.003800000000000000e+04,-1.009800000000000000e+04
6.628000000000000000e+03,-2.105100000000000000e+04,-2.028500000000000000e+04,1.886000000000000000e+03,-2.335300000000000000e+04,3.077000000000000000e+03,-3.106500000000000000e+04,-3.629900000000000000e+04
-1.525000000000000000e+04,-1.166300000000000000e+04,-1.599900000000000000e+04,-7.460000000000000000e+02,-3.018000000000000000e+04,5.500000000000000000e+03,-1.739700000000000000e+04,-2.468200000000000000e+04
-3.548500000000000000e+04,1.780300000000000000e+04,-1.686700000000000000e+04,-1.681400000000000000e+04,-5.435500000000000000e+04,-1.635600000000000000e+04,-2.546800000000000000e+04,-4.592700000000000000e+04
-3.118800000000000000e+04,-2.293900000000000000e+04,-1.983000000000000000e+04,-1.885300000000000000e+04,-2.531400000000000000e+04,-1.252900000000000000e+04,2.254200000000000000e+04,-1.776700000000000000e+04
-9.883000000000000000e+03,-2.668600000000000000e+04,-1.764100000000000000e+04,-1.409000000000000000e+03,-1.650200000000000000e+04,-1.321800000000000000e+04,-2.472500000000000000e+04,-5.744600000000000000e+04
-2.251500000000000000e+04,4.018000000000000000e+03,-2.760500000000000000e+04,-6.823000000000000000e+03,-2.895500000000000000e+04,-1.464800000000000000e+04,-1.328100000000000000e+04,-2.696200000000000000e+04
-2.474500000000000000e+04,2.362100000000000000e+04,-1.645900000000000000e+04,-3.387000000000000000e+04,-4.807000000000000000e+04,-2.021400000000000000e+04,-2.044700000000000000e+04,-3.718400000000000000e+04
-5.047900000000000000e+04,-3.696600000000000000e+04,-5.539000000000000000e+03,-2.651200000000000000e+04,-4.155200000000000000e+04,-3.713700000000000000e+04,-2.807800000000000000e+04,9.012000000000000000e+03
-1.569500000000000000e+04,-4.431000000000000000e+03,-1.432400000000000000e+04,-2.255300000000000000e+04,-2.121800000000000000e+04,-1.145400000000000000e+04,-2.319000000000000000e+03,-1.103200000000000000e+04
-2.140800000000000000e+04,-1.946000000000000000e+04,-2.575200000000000000e+04,-1.798300000000000000e+04,-2.573700000000000000e+04,-1.631500000000000000e+04,1.133200000000000000e+04,-1.686600000000000000e+04
-2.101600000000000000e+04,-1.959000000000000000e+04,-1.630700000000000000e+04,-6.520000000000000000e+02,-9.667000000000000000e+03,-4.836000000000000000e+03,-2.121200000000000000e+04,-3.079400000000000000e+04
-1.428800000000000000e+04,-2.572700000000000000e+04,-1.315900000000000000e+04,-1.692800000000000000e+04,2.221500000000000000e+04,-2.538800000000000000e+04,-4.021800000000000000e+04,-1.527400000000000000e+04
-2.971200000000000000e+04,-7.259000000000000000e+03,-1.965800000000000000e+04,-1.847000000000000000e+04,-2.755600000000000000e+04,-8.681000000000000000e+03,1.559100000000000000e+04,-2.725800000000000000e+04
-2.403000000000000000e+03,-1.820500000000000000e+04,-1.480000000000000000e+02,-1.075200000000000000e+04,-1.047900000000000000e+04,-2.008300000000000000e+04,-3.439600000000000000e+04,-4.756700000000000000e+04
-4.299100000000000000e+04,-1.668400000000000000e+04,2.695700000000000000e+04,-1.205300000000000000e+04,-3.206900000000000000e+04,-2.974000000000000000e+04,-1.797900000000000000e+04,-2.256100000000000000e+04
3.044000000000000000e+03,-1.267000000000000000e+04,-5.863000000000000000e+03,4.676000000000000000e+03,-1.103000000000000000e+04,-1.934400000000000000e+04,-3.620300000000000000e+04,-2.782500000000000000e+04
-2.469100000000000000e+04,-9.600000000000000000e+03,-1.896800000000000000e+04,-2.065000000000000000e+03,-3.154800000000000000e+04,5.870000000000000000e+02,-2.458700000000000000e+04,-1.685200000000000000e+04
-6.458000000000000000e+03,1.013400000000000000e+04,-1.236200000000000000e+04,-2.469000000000000000e+04,-3.409600000000000000e+04,-7.714000000000000000e+03,-2.443100000000000000e+04,-3.663700000000000000e+04
4.209000000000000000e+03,6.040000000000000000e+02,-2.134000000000000000e+04,-1.208400000000000000e+04,-2.984500000000000000e+04,-9.580000000000000000e+03,-2.541200000000000000e+04,-3.265900000000000000e+04
-1.312100000000000000e+04,-5.204000000000000000e+03,-5.844000000000000000e+03,6.240000000000000000e+02,-1.272600000000000000e+04,-1.864000000000000000e+04,-3.164700000000000000e+04,-1.808300000000000000e+04
-1.822500000000000000e+04,1.132300000000000000e+04,-7.001000000000000000e+03,-1.063000000000000000e+04,-5.694200000000000000e+04,-2.100000000000000000e+04,-2.729100000000000000e+04,-3.838500000000000000e+04
-2.707500000000000000e+04,-1.573200000000000000e+04,-3.145000000000000000e+04,-2.740800000000000000e+04,-3.547000000000000000e+04,-1.610600000000000000e+04,2.127200000000000000e+04,-3.047100000000000000e+04
-1.550100000000000000e+04,-1.966400000000000000e+04,-2.721900000000000000e+04,2.322000000000000000e+03,-4.002000000000000000e+03,1.151200000000000000e+04,-8.940000000000000000e+03,-2.567700000000000000e+04
-1.321200000000000000e+04,1.073100000000000000e+04,-1.842100000000000000e+04,-1.958000000000000000e+04,-3.464500000000000000e+04,-1.761000000000000000e+04,-3.369000000000000000e+04,-4.870400000000000000e+04
-2.677900000000000000e+04,-2.498900000000000000e+04,-1.771200000000000000e+04,-2.669600000000000000e+04,-2.785900000000000000e+04,-2.426500000000000000e+04,-1.442800000000000000e+04,6.990000000000000000e+02
-1.598400000000000000e+04,-1.543800000000000000e+04,-2.078100000000000000e+04,-1.332200000000000000e+04,-6.005000000000000000e+03,1.244400000000000000e+04,-1.736300000000000000e+04,-2.601900000000000000e+04
-4.859000000000000000e+03,-5.209000000000000000e+03,-1.488400000000000000e+04,-1.923900000000000000e+04,-3.412600000000000000e+04,-7.900000000000000000e+02,-2.260500000000000000e+04,-3.180200000000000000e+04
-1.820400000000000000e+04,1.221300000000000000e+04,-3.242200000000000000e+04,-9.130000000000000000e+03,-6.236100000000000000e+04,-1.564400000000000000e+04,-3.501100000000000000e+04,-4.099200000000000000e+04
-2.046000000000000000e+03,-1.134400000000000000e+04,-1.510200000000000000e+04,-5.809000000000000000e+03,-2.455900000000000000e+04,-7.840000000000000000e+02,-2.811500000000000000e+04,-3.552500000000000000e+04
-1.882300000000000000e+04,-1.526800000000000000e+04,-9.100000000000000000e+02,-2.955100000000000000e+04,9.130000000000000000e+02,-2.788100000000000000e+04,-2.730200000000000000e+04,-1.643600000000000000e+04
-1.684700000000000000e+04,-1.080100000000000000e+04,-1.050300000000000000e+04,-2.171300000000000000e+04,-1.567100000000000000e+04,-2.612500000000000000e+04,1.208500000000000000e+04,-6.367000000000000000e+03
-2.998900000000000000e+04,2.040900000000000000e+04,-2.712200000000000000e+04,-2.983700000000000000e+04,-5.754200000000000000e+04,-1.117200000000000000e+04,-3.990600000000000000e+04,-3.245600000000000000e+04
-6.237000000000000000e+03,-1.548600000000000000e+04,-1.851000000000000000e+04,1.132000000000000000e+03,-2.919200000000000000e+04,-3.410000000000000000e+03,-3.151800000000000000e+04,-4.316300000000000000e+04
3.405000000000000000e+03,-1.890000000000000000e+03,-1.056700000000000000e+04,-3.816000000000000000e+03,-3.360900000000000000e+04,-1.914400000000000000e+04,-2.121100000000000000e+04,-3.772000000000000000e+04
-2.740000000000000000e+04,-1.937000000000000000e+04,-6.505000000000000000e+03,-7.808000000000000000e+03,-1.809500000000000000e+04,-1.085300000000000000e+04,-7.417000000000000000e+03,-2.805600000000000000e+04
-2.023400000000000000e+04,-1.640700000000000000e+04,-1.731200000000000000e+04,-1.864800000000000000e+04,-1.918900000000000000e+04,-1.629800000000000000e+04,1.504600000000000000e+04,-7.688000000000000000e+03
-4.275300000000000000e+04,-1.278200000000000000e+04,-7.827000000000000000e+03,-1.307500000000000000e+04,-3.030400000000000000e+04,-1.022100000000000000e+04,1.708600000000000000e+04,-2.005500000000000000e+04
-2.693200000000000000e+04,-1.612600000000000000e+04,1.636700000000000000e+04,-2.339200000000000000e+04,-8.923000000000000000e+03,-3.417700000000000000e+04,-1.691400000000000000e+04,-1.826000000000000000e+04
8.104000000000000000e+03,-2.916000000000000000e+04,-1.648900000000000000e+04,-1.625900000000000000e+04,-4.076000000000000000e+03,3.738000000000000000e+03,-2.636500000000000000e+04,-3.371800000000000000e+04
-3.293300000000000000e+04,-8.612000000000000000e+03,-2.384300000000000000e+04,-2.084500000000000000e+04,-2.644700000000000000e+04,-2.390600000000000000e+04,1.670900000000000000e+04,-2.732400000000000000e+04
-2.067000000000000000e+04,-2.203300000000000000e+04,-9.712000000000000000e+03,-3.952600000000000000e+04,-1.979900000000000000e+04,-3.767500000000000000e+04,-2.801500000000000000e+04,1.266300000000000000e+04
1.460000000000000000e+02,-1.072300000000000000e+04,-2.275200000000000000e+04,-1.422300000000000000e+04,-8.545000000000000000e+03,-1.604000000000000000e+03,-2.722500000000000000e+04,-4.278500000000000000e+04
-2.843500000000000000e+04,-2.303100000000000000e+04,-1.895900000000000000e+04,-1.305000000000000000e+04,-3.157900000000000000e+04,-2.091700000000000000e+04,1.822200000000000000e+04,-2.328600000000000000e+04
-6.973000000000000000e+03,-1.433900000000000000e+04,-1.759500000000000000e+04,5.212000000000000000e+03,-4.445100000000000000e+04,-6.553000000000000000e+03,-3.454000000000000000e+04,-4.191700000000000000e+04
-3.094800000000000000e+04,-2.657200000000000000e+04,-1.148200000000000000e+04,-2.872200000000000000e+04,-3.631000000000000000e+04,-4.597000000000000000e+04,-2.581900000000000000e+04,1.329900000000000000e+04
-5.674000000000000000e+03,-5.118000000000000000e+03,-1.620100000000000000e+04,-1.239600000000000000e+04,-3.238400000000000000e+04,-1.940000000000000000e+04,-1.173100000000000000e+04,-4.348600000000000000e+04
3.147000000000000000e+03,-1.209700000000000000e+04,-2.750500000000000000e+04,-7.842000000000000000e+03,-1.506300000000000000e+04,1.620000000000000000e+03,-2.087000000000000000e+04,-3.849700000000000000e+04
-1.896900000000000000e+04,2.273300000000000000e+04,-3.442500000000000000e+04,-3.384100000000000000e+04,-5.685000000000000000e+04,-1.104600000000000000e+04,-2.034100000000000000e+04,-4.009000000000000000e+04
-1.044100000000000000e+04,-2.248300000000000000e+04,-1.203700000000000000e+04,-1.612400000000000000e+04,5.249000000000000000e+03,-4.400000000000000000e+02,-9.919000000000000000e+03,-2.485200000000000000e+04
-3.550000000000000000e+04,-1.661900000000000000e+04,-1.301900000000000000e+04,-9.110000000000000000e+03,-3.788700000000000000e+04,-1.225500000000000000e+04,5.923000000000000000e+03,-4.172000000000000000e+04
-3.546200000000000000e+04,-1.675200000000000000e+04,-2.565500000000000000e+04,-4.085900000000000000e+04,-2.831300000000000000e+04,-1.622000000000000000e+04,-2.254100000000000000e+04,2.143800000000000000e+04
-1.306000000000000000e+04,-1.550500000000000000e+04,-1.002100000000000000e+04,-7.629000000000000000e+03,-2.166800000000000000e+04,-5.109000000000000000e+03,-1.832600000000000000e+04,-3.578400000000000000e+04
-1.913400000000000000e+04,-1.400600000000000000e+04,-2.246500000000000000e+04,1.140000000000000000e+02,-2.850900000000000000e+04,-2.936000000000000000e+03,-1.841100000000000000e+04,-4.634100000000000000e+04
-1.869400000000000000e+04,-1.585900000000000000e+04,-1.680200000000000000e+04,-2.232100000000000000e+04,-2.052800000000000000e+04,-1.097200000000000000e+04,8.055000000000000000e+03,-2.597900000000000000e+04
-2.424700000000000000e+04,-7.461000000000000000e+03,-2.940900000000000000e+04,-1.135500000000000000e+04,-3.098000000000000000e+04,-2.447800000000000000e+04,3.028900000000000000e+04,-2.775000000000000000e+04
-2.981000000000000000e+04,-2.171700000000000000e+04,-2.318600000000000000e+04,-1.958000000000000000e+04,-2.714400000000000000e+04,-1.587000000000000000e+04,1.232700000000000000e+04,-1.559400000000000000e+04
-2.834600000000000000e+04,-2.853000000000000000e+04,-7.224000000000000000e+03,-2.919200000000000000e+04,-4.044600000000000000e+04,-1.592800000000000000e+04,-2.458100000000000000e+04,-8.620000000000000000e+02
3.114000000000000000e+03,-2.963400000000000000e+04,-7.343000000000000000e+03,-6.484000000000000000e+03,4.041000000000000000e+03,-2.450700000000000000e+04,-2.976300000000000000e+04,-3.671800000000000000e+04
-2.486300000000000000e+04,-3.532200000000000000e+04,-2.701000000000000000e+03,-1.222500000000000000e+04,1.016800000000000000e+04,-3.691800000000000000e+04,-2.536200000000000000e+04,-1.198100000000000000e+04
-3.158200000000000000e+04,-2.689300000000000000e+04,-1.861600000000000000e+04,-4.757700000000000000e+04,-2.903400000000000000e+04,-2.831700000000000000e+04,-2.344700000000000000e+04,1.968300000000000000e+04
-3.692700000000000000e+04,2.574700000000000000e+04,-2.417500000000000000e+04,-5.295000000000000000e+03,-5.061500000000000000e+04,-2.246100000000000000e+04,-2.057300000000000000e+04,-4.476000000000000000e+04
-3.359800000000000000e+04,2.519100000000000000e+04,-1.342600000000000000e+04,-1.454100000000000000e+04,-4.704300000000000000e+04,-3.121600000000000000e+04,-2.826600000000000000e+04,-3.401000000000000000e+04
2.269000000000000000e+03,-1.052200000000000000e+04,-2.565300000000000000e+04,-4.760000000000000000e+03,-2.620900000000000000e+04,-6.870000000000000000e+03,-3.375400000000000000e+04,-4.946500000000000000e+04
-1.850900000000000000e+04,-1.314700000000000000e+04,-1.708300000000000000e+04,1.426700000000000000e+04,-9.471000000000000000e+03,-2.271900000000000000e+04,-2.310000000000000000e+03,-4.511100000000000000e+04
-1.960000000000000000e+04,-9.110000000000000000e+03,-5.320000000000000000e+03,3.169000000000000000e+03,-2.533900000000000000e+04,-9.801000000000000000e+03,-2.366900000000000000e+04,-4.111600000000000000e+04
-3.233100000000000000e+04,-1.464100000000000000e+04,-1.365500000000000000e+04,-1.865500000000000000e+04,-2.764000000000000000e+04,-1.381700000000000000e+04,1.712400000000000000e+04,-3.076700000000000000e+04
8.540000000000000000e+03,-1.358000000000000000e+04,-2.070500000000000000e+04,1.206000000000000000e+03,-3.452800000000000000e+04,1.285000000000000000e+03,-2.688900000000000000e+04,-3.418300000000000000e+04
-4.508500000000000000e+04,-2.244700000000000000e+04,-1.444700000000000000e+04,-2.685100000000000000e+04,-3.086100000000000000e+04,-1.533200000000000000e+04,2.287600000000000000e+04,-2.346800000000000000e+04
-1.557900000000000000e+04,-1.940100000000000000e+04,-7.529000000000000000e+03,5.742000000000000000e+03,-2.450100000000000000e+04,-3.915000000000000000e+03,-2.693900000000000000e+04,-1.394400000000000000e+04
-8.505000000000000000e+03,-1.518000000000000000e+04,-1.244600000000000000e+04,-5.788000000000000000e+03,-1.654800000000000000e+04,-1.990000000000000000e+04,-1.769900000000000000e+04,-3.156600000000000000e+04
-1.446100000000000000e+04,-1.316500000000000000e+04,-1.427300000000000000e+04,-1.321200000000000000e+04,-6.116000000000000000e+03,6.610000000000000000e+02,-2.367300000000000000e+04,-4.419000000000000000e+04
-1.884900000000000000e+04,-2.560300000000000000e+04,-9.186000000000000000e+03,-9.939000000000000000e+03,9.350000000000000000e+03,-3.468200000000000000e+04,-3.514500000000000000e+04,-8.152000000000000000e+03
-1.815900000000000000e+04,-1.930500000000000000e+04,-1.450400000000000000e+04,1.112400000000000000e+04,-3.815800000000000000e+04,6.431000000000000000e+03,-2.074800000000000000e+04,-3.669900000000000000e+04
-1.273000000000000000e+04,-6.470000000000000000e+03,-6.766000000000000000e+03,-1.487800000000000000e+04,-6.167000000000000000e+03,3.936000000000000000e+03,-1.812700000000000000e+04,-1.722200000000000000e+04
-1.665900000000000000e+04,-2.531600000000000000e+04,-4.612000000000000000e+03,-1.662000000000000000e+04,7.861000000000000000e+03,-2.950100000000000000e+04,-3.618800000000000000e+04,-1.567700000000000000e+04
-2.769500000000000000e+04,-1.675000000000000000e+04,4.967000000000000000e+03,-2.980600000000000000e+04,-2.788600000000000000e+04,-3.704300000000000000e+04,-2.659400000000000000e+04,1.500200000000000000e+04
-4.896000000000000000e+03,-1.783000000000000000e+04,-4.908000000000000000e+03,1.014400000000000000e+04,-1.128700000000000000e+04,-3.426000000000000000e+03,-3.184500000000000000e+04,-3.915200000000000000e+04
-2.419000000000000000e+03,-2.029200000000000000e+04,-1.774400000000000000e+04,-5.720000000000000000e+03,-2.738700000000000000e+04,2.485000000000000000e+03,-2.665300000000000000e+04,-4.817200000000000000e+04
-1.574100000000000000e+04,-2.267900000000000000e+04,-9.600000000000000000e+03,3.001000000000000000e+03,-2.208200000000000000e+04,3.317000000000000000e+03,-3.090900000000000000e+04,-3.811400000000000000e+04
-2.038200000000000000e+04,4.370000000000000000e+02,-2.754200000000000000e+04,-5.271000000000000000e+03,-2.241200000000000000e+04,-7.065000000000000000e+03,-2.193000000000000000e+04,-4.248600000000000000e+04
-1.013800000000000000e+04,-2.348600000000000000e+04,-2.076900000000000000e+04,1.534500000000000000e+04,-3.376800000000000000e+04,-6.996000000000000000e+03,-1.190700000000000000e+04,-3.978400000000000000e+04
-1.168300000000000000e+04,-2.512400000000000000e+04,-1.855100000000000000e+04,-8.370000000000000000e+02,-1.486400000000000000e+04,6.850000000000000000e+03,-2.017000000000000000e+04,-3.280900000000000000e+04
-1.429300000000000000e+04,-8.486000000000000000e+03,-1.717600000000000000e+04,4.152000000000000000e+03,-4.365600000000000000e+04,5.598000000000000000e+03,-3.046300000000000000e+04,-5.413800000000000000e+04
-2.816600000000000000e+04,-1.880700000000000000e+04,1.321700000000000000e+04,-2.136900000000000000e+04,-2.214500000000000000e+04,-3.659800000000000000e+04,-1.853500000000000000e+04,8.640000000000000000e+02
-2.034100000000000000e+04,-1.651100000000000000e+04,-5.167000000000000000e+03,-1.517500000000000000e+04,-2.737700000000000000e+04,-3.588000000000000000e+04,-1.559800000000000000e+04,1.105000000000000000e+04
-5.300000000000000000e+02,-2.223500000000000000e+04,-8.180000000000000000e+02,-1.944200000000000000e+04,2.940000000000000000e+02,-2.252400000000000000e+04,-2.956300000000000000e+04,-2.636000000000000000e+04
-3.403600000000000000e+04,-3.540800000000000000e+04,-1.126500000000000000e+04,-1.857600000000000000e+04,-1.421000000000000000e+04,-1.535900000000000000e+04,2.322000000000000000e+03,-2.468400000000000000e+04
-1.947400000000000000e+04,2.307000000000000000e+04,-5.416000000000000000e+03,-1.121500000000000000e+04,-4.354300000000000000e+04,-2.265500000000000000e+04,-3.129100000000000000e+04,-4.369800000000000000e+04
-1.458500000000000000e+04,-9.816000000000000000e+03,-2.297600000000000000e+04,1.274600000000000000e+04,-2.547300000000000000e+04,-4.761000000000000000e+03,-2.859700000000000000e+04,-1.430200000000000000e+04
-2.129000000000000000e+03,-2.345500000000000000e+04,-7.827000000000000000e+03,-3.725700000000000000e+04,9.968000000000000000e+03,-1.507900000000000000e+04,-2.436000000000000000e+04,-2.247300000000000000e+04
8.424000000000000000e+03,-2.038200000000000000e+04,-1.981700000000000000e+04,-1.078700000000000000e+04,-4.165000000000000000e+03,-6.105000000000000000e+03,-3.221500000000000000e+04,-4.687100000000000000e+04
-3.246100000000000000e+04,2.084200000000000000e+04,-2.689400000000000000e+04,-1.810000000000000000e+04,-4.378100000000000000e+04,-2.247300000000000000e+04,-6.108000000000000000e+03,-4.038600000000000000e+04
-2.370000000000000000e+04,-1.204000000000000000e+03,-2.163100000000000000e+04,-1.355000000000000000e+04,-3.046500000000000000e+04,-4.712000000000000000e+03,5.345000000000000000e+03,-2.852600000000000000e+04
-8.714000000000000000e+03,3.371500000000000000e+04,-2.072200000000000000e+04,-1.664200000000000000e+04,-3.634800000000000000e+04,-3.671100000000000000e+04,-2.446200000000000000e+04,-2.880300000000000000e+04
-4.436000000000000000e+03,-2.363300000000000000e+04,-1.494300000000000000e+04,-1.172400000000000000e+04,1.276500000000000000e+04,-2.294600000000000000e+04,-3.298500000000000000e+04,-2.727800000000000000e+04
-2.667500000000000000e+04,-9.075000000000000000e+03,-1.614800000000000000e+04,-4.893000000000000000e+03,-1.478700000000000000e+04,2.693000000000000000e+03,-1.923700000000000000e+04,-1.402700000000000000e+04
-2.174700000000000000e+04,-1.064500000000000000e+04,-1.625400000000000000e+04,-1.121000000000000000e+04,-2.155400000000000000e+04,-2.491300000000000000e+04,-1.750000000000000000e+02,-2.164700000000000000e+04
-3.726300000000000000e+04,1.736300000000000000e+04,-2.598700000000000000e+04,-1.477500000000000000e+04,-5.156600000000000000e+04,-1.295400000000000000e+04,-2.902300000000000000e+04,-2.574100000000000000e+04
-3.540800000000000000e+04,-2.656900000000000000e+04,-1.655200000000000000e+04,-4.167700000000000000e+04,-2.785200000000000000e+04,-2.197700000000000000e+04,-1.772700000000000000e+04,1.976600000000000000e+04
-2.784000000000000000e+04,-1.659900000000000000e+04,1.129800000000000000e+04,-1.635800000000000000e+04,-1.878800000000000000e+04,-2.540900000000000000e+04,-2.606300000000000000e+04,3.384000000000000000e+03
-1.071100000000000000e+04,-1.882800000000000000e+04,-1.977700000000000000e+04,1.270000000000000000e+02,-2.380200000000000000e+04,2.311000000000000000e+03,-2.991000000000000000e+04,-4.308300000000000000e+04
-4.544300000000000000e+04,-1.657300000000000000e+04,-2.342100000000000000e+04,-1.613600000000000000e+04,-3.875100000000000000e+04,-1.006300000000000000e+04,2.622600000000000000e+04,-2.048400000000000000e+04
-2.673500000000000000e+04,-1.148400000000000000e+04,-2.609400000000000000e+04,-2.400000000000000000e+03,-2.869900000000000000e+04,-2.158200000000000000e+04,1.175400000000000000e+04,-1.965700000000000000e+04
-4.420600000000000000e+04,-2.622100000000000000e+04,-8.390000000000000000e+02,-3.232700000000000000e+04,-3.968300000000000000e+04,-3.739900000000000000e+04,-2.991700000000000000e+04,3.917000000000000000e+03
-2.188100000000000000e+04,-2.651400000000000000e+04,-1.838300000000000000e+04,-3.379100000000000000e+04,-2.179600000000000000e+04,-2.091100000000000000e+04,-1.798400000000000000e+04,1.988900000000000000e+04
-2.760100000000000000e+04,-2.436700000000000000e+04,-1.933500000000000000e+04,-2.587300000000000000e+04,-2.035300000000000000e+04,-2.640800000000000000e+04,-1.915500000000000000e+04,2.065300000000000000e+04
-1.456200000000000000e+04,-1.941800000000000000e+04,-2.080600000000000000e+04,-1.585200000000000000e+04,-3.383100000000000000e+04,3.024000000000000000e+04,-3.099000000000000000e+04,-4.419100000000000000e+04
-1.423500000000000000e+04,2.595700000000000000e+04,-2.853400000000000000e+04,-1.431700000000000000e+04,-4.170800000000000000e+04,-2.116300000000000000e+04,-2.305600000000000000e+04,-2.345200000000000000e+04
-7.317000000000000000e+03,-1.069900000000000000e+04,-1.849200000000000000e+04,-8.229000000000000000e+03,-1.939600000000000000e+04,-1.153800000000000000e+04,-1.491700000000000000e+04,-1.131000000000000000e+04
-1.649200000000000000e+04,-1.965900000000000000e+04,-1.848700000000000000e+04,4.650000000000000000e+02,-2.101400000000000000e+04,1.687400000000000000e+04,-1.812300000000000000e+04,-3.269500000000000000e+04
-2.666800000000000000e+04,-1.114200000000000000e+04,-9.875000000000000000e+03,-1.421700000000000000e+04,-7.080000000000000000e+03,-1.769200000000000000e+04,-1.021400000000000000e+04,-7.460000000000000000e+02
-2.926400000000000000e+04,-1.990900000000000000e+04,4.972000000000000000e+03,-2.449600000000000000e+04,-4.963000000000000000e+03,-3.328000000000000000e+04,-3.875000000000000000e+03,-1.705300000000000000e+04
-5.670000000000000000e+03,-2.681700000000000000e+04,-1.968100000000000000e+04,-4.093000000000000000e+03,-1.792700000000000000e+04,1.506400000000000000e+04,-3.218200000000000000e+04,-5.970800000000000000e+04
-3.242100000000000000e+04,-1.856700000000000000e+04,-2.000700000000000000e+04,-6.049000000000000000e+03,-3.730600000000000000e+04,-1.040300000000000000e+04,2.110600000000000000e+04,-2.985600000000000000e+04
-5.313000000000000000e+03,-2.005200000000000000e+04,-2.416100000000000000e+04,1.974000000000000000e+03,-3.287600000000000000e+04,4.026000000000000000e+03,-3.470100000000000000e+04,-5.435500000000000000e+04
-1.507400000000000000e+04,-9.003000000000000000e+03,-8.013000000000000000e+03,-2.585300000000000000e+04,-1.770100000000000000e+04,-1.923000000000000000e+04,9.676000000000000000e+03,-1.631300000000000000e+04
-1.827300000000000000e+04,-1.343900000000000000e+04,-2.584300000000000000e+04,-1.311000000000000000e+03,-3.834800000000000000e+04,-4.330000000000000000e+03,-2.721700000000000000e+04,-5.912600000000000000e+04
2.872000000000000000e+03,-2.169500000000000000e+04,-1.066400000000000000e+04,-1.492000000000000000e+04,-7.878000000000000000e+03,1.736000000000000000e+03,-4.165300000000000000e+04,-5.204600000000000000e+04
1.243000000000000000e+03,-1.746700000000000000e+04,-6.657000000000000000e+03,-1.833500000000000000e+04,1.674200000000000000e+04,-9.031000000000000000e+03,-1.634800000000000000e+04,-3.703100000000000000e+04
-1.032400000000000000e+04,-1.822300000000000000e+04,-1.263000000000000000e+04,-8.798000000000000000e+03,1.548000000000000000e+03,-2.218000000000000000e+03,-2.225000000000000000e+04,-2.969500000000000000e+04
-4.400000000000000000e+03,-2.169500000000000000e+04,-2.020000000000000000e+04,-1.280500000000000000e+04,1.305200000000000000e+04,-4.612000000000000000e+03,-3.385400000000000000e+04,-2.449300000000000000e+04
-2.993500000000000000e+04,-1.726000000000000000e+04,-5.793000000000000000e+03,1.164900000000000000e+04,-1.554800000000000000e+04,-1.286700000000000000e+04,-8.565000000000000000e+03,-3.197800000000000000e+04
-1.277300000000000000e+04,-2.511200000000000000e+04,-7.667000000000000000e+03,-2.024800000000000000e+04,4.904000000000000000e+03,-2.063600000000000000e+04,-2.370600000000000000e+04,-2.157800000000000000e+04
-3.859100000000000000e+04,-2.980600000000000000e+04,-1.358200000000000000e+04,-3.128800000000000000e+04,-4.058200000000000000e+04,-3.945000000000000000e+04,-1.651800000000000000e+04,7.627000000000000000e+03
-7.002000000000000000e+03,-1.137400000000000000e+04,-1.845700000000000000e+04,5.162000000000000000e+03,-4.174300000000000000e+04,-2.511000000000000000e+03,-3.010100000000000000e+04,-4.820300000000000000e+04
-4.243600000000000000e+04,-2.465100000000000000e+04,-3.511700000000000000e+04,-1.825000000000000000e+04,-3.131400000000000000e+04,-1.027600000000000000e+04,1.565300000000000000e+04,-2.233100000000000000e+04
-3.111000000000000000e+04,-2.248300000000000000e+04,-1.673200000000000000e+04,-6.730000000000000000e+02,-1.421400000000000000e+04,-9.678000000000000000e+03,5.233000000000000000e+03,-2.239200000000000000e+04
-1.136300000000000000e+04,-2.219300000000000000e+04,-1.761200000000000000e+04,-3.009000000000000000e+03,-1.086100000000000000e+04,-6.354000000000000000e+03,-1.621300000000000000e+04,-1.520300000000000000e+04
-4.254900000000000000e+04,-3.339900000000000000e+04,-2.509800000000000000e+04,-4.300500000000000000e+04,-3.803200000000000000e+04,-3.045200000000000000e+04,-2.906000000000000000e+04,2.580400000000000000e+04
-2.936800000000000000e+04,-8.976000000000000000e+03,-1.259100000000000000e+04,-3.047600000000000000e+04,-1.622200000000000000e+04,-1.519800000000000000e+04,-3.467000000000000000e+03,-1.982300000000000000e+04
-2.008100000000000000e+04,1.010800000000000000e+04,-1.363400000000000000e+04,-3.694700000000000000e+04,-2.210800000000000000e+04,-3.132000000000000000e+03,-2.984500000000000000e+04,-3.372300000000000000e+04
-2.554600000000000000e+04,1.915000000000000000e+04,-2.473100000000000000e+04,-2.417500000000000000e+04,-6.212400000000000000e+04,-1.872500000000000000e+04,-2.430100000000000000e+04,-3.991800000000000000e+04
-3.015200000000000000e+04,-2.255000000000000000e+04,-2.617000000000000000e+04,-2.491900000000000000e+04,-2.052400000000000000e+04,-4.695000000000000000e+03,9.260000000000000000e+03,-1.790000000000000000e+04
-6.471000000000000000e+03,-2.081100000000000000e+04,-1.545200000000000000e+04,-3.207500000000000000e+04,7.621000000000000000e+03,-2.565100000000000000e+04,-2.839400000000000000e+04,-2.746500000000000000e+04
-1.902500000000000000e+04,-1.471700000000000000e+04,-7.801000000000000000e+03,-1.205800000000000000e+04,-1.903300000000000000e+04,-2.935900000000000000e+04,1.284700000000000000e+04,-1.897900000000000000e+04
-8.412000000000000000e+03,-2.096600000000000000e+04,-1.866000000000000000e+04,-3.658000000000000000e+03,-1.899000000000000000e+04,2.029200000000000000e+04,-2.694300000000000000e+04,-2.733900000000000000e+04
-4.232100000000000000e+04,-4.734000000000000000e+03,-1.849600000000000000e+04,-4.310000000000000000e+03,-5.179900000000000000e+04,-4.890000000000000000e+02,-2.721300000000000000e+04,-3.700300000000000000e+04
-3.415500000000000000e+04,-1.805800000000000000e+04,1.051100000000000000e+04,-5.842000000000000000e+03,-1.154100000000000000e+04,-3.278000000000000000e+04,-6.070000000000000000e+02,-3.232500000000000000e+04
-2.820800000000000000e+04,3.392300000000000000e+04,-2.663900000000000000e+04,-3.356600000000000000e+04,-4.951800000000000000e+04,-1.828400000000000000e+04,-2.469500000000000000e+04,-3.276700000000000000e+04
-2.700400000000000000e+04,-1.533200000000000000e+04,-1.590500000000000000e+04,4.841000000000000000e+03,-1.812200000000000000e+04,-1.577700000000000000e+04,-1.708100000000000000e+04,-4.056800000000000000e+04
-1.800900000000000000e+04,-1.694200000000000000e+04,-3.058500000000000000e+04,-3.731000000000000000e+03,-3.446400000000000000e+04,1.613100000000000000e+04,-2.065000000000000000e+04,-2.219100000000000000e+04
-9.486000000000000000e+03,-1.448600000000000000e+04,-2.500200000000000000e+04,-2.749000000000000000e+03,-1.211800000000000000e+04,-1.210000000000000000e+02,-1.081400000000000000e+04,-1.449700000000000000e+04
-5.009000000000000000e+03,-1.706100000000000000e+04,-1.405600000000000000e+04,-9.604000000000000000e+03,8.650000000000000000e+02,-2.005400000000000000e+04,-3.097500000000000000e+04,-2.107700000000000000e+04
-1.818100000000000000e+04,1.394300000000000000e+04,-1.066300000000000000e+04,-2.438300000000000000e+04,-3.788600000000000000e+04,-1.998900000000000000e+04,-2.276600000000000000e+04,-3.798000000000000000e+04
-3.815500000000000000e+04,-1.715500000000000000e+04,-8.464000000000000000e+03,-2.207300000000000000e+04,-3.159000000000000000e+04,-3.247000000000000000e+04,-2.959300000000000000e+04,1.528500000000000000e+04
-2.770400000000000000e+04,-2.930600000000000000e+04,-1.220800000000000000e+04,5.853000000000000000e+03,-1.008200000000000000e+04,-3.220500000000000000e+04,-1.833000000000000000e+04,-1.906700000000000000e+04
-4.417900000000000000e+04,-2.516700000000000000e+04,-1.884000000000000000e+03,-3.352600000000000000e+04,-1.530800000000000000e+04,-5.132200000000000000e+04,-3.264000000000000000e+04,5.105000000000000000e+03
-6.376000000000000000e+03,2.077600000000000000e+04,-1.715400000000000000e+04,-1.546200000000000000e+04,-2.841500000000000000e+04,-2.528200000000000000e+04,-2.260500000000000000e+04,-3.188100000000000000e+04
-1.196800000000000000e+04,5.962000000000000000e+03,-2.987300000000000000e+04,-2.524100000000000000e+04,-3.943400000000000000e+04,-6.465000000000000000e+03,-1.790400000000000000e+04,-2.090700000000000000e+04
-3.005000000000000000e+04,-1.709800000000000000e+04,-1.878100000000000000e+04,-5.027000000000000000e+03,-7.753000000000000000e+03,-2.454100000000000000e+04,2.433600000000000000e+04,-1.552900000000000000e+04
-2.566200000000000000e+04,-5.999000000000000000e+03,-1.280300000000000000e+04,7.897000000000000000e+03,-3.609700000000000000e+04,-1.121900000000000000e+04,-2.417000000000000000e+03,-4.600700000000000000e+04
-9.053000000000000000e+03,-1.274900000000000000e+04,-8.983000000000000000e+03,-1.307000000000000000e+03,-4.071700000000000000e+04,1.700900000000000000e+04,-3.066000000000000000e+04,-5.140400000000000000e+04
-9.285000000000000000e+03,-1.021300000000000000e+04,-1.117000000000000000e+04,8.287000000000000000e+03,-2.789300000000000000e+04,-2.626800000000000000e+04,-8.641000000000000000e+03,-2.167400000000000000e+04
-2.533400000000000000e+04,-1.171400000000000000e+04,-2.143700000000000000e+04,-4.316900000000000000e+04,-2.603800000000000000e+04,-2.616000000000000000e+04,-1.904800000000000000e+04,9.660000000000000000e+03
-1.494300000000000000e+04,-9.813000000000000000e+03,-2.088300000000000000e+04,2.663000000000000000e+03,-3.652700000000000000e+04,1.558800000000000000e+04,-2.377700000000000000e+04,-4.752600000000000000e+04
-2.919900000000000000e+04,-1.426700000000000000e+04,-1.246200000000000000e+04,1.505000000000000000e+03,-1.612100000000000000e+04,2.635000000000000000e+03,-2.400000000000000000e+01,-3.597700000000000000e+04
-2.162400000000000000e+04,-1.804100000000000000e+04,-2.579000000000000000e+03,-2.843800000000000000e+04,-1.948800000000000000e+04,-2.668900000000000000e+04,1.303400000000000000e+04,-3.568700000000000000e+04
-9.821000000000000000e+03,-1.817100000000000000e+04,-2.155600000000000000e+04,7.700000000000000000e+01,-1.946000000000000000e+04,-3.580000000000000000e+02,-3.186600000000000000e+04,-2.468600000000000000e+04
-2.517100000000000000e+04,-8.301000000000000000e+03,-2.166100000000000000e+04,-1.157300000000000000e+04,-3.067200000000000000e+04,-2.056000000000000000e+04,1.086700000000000000e+04,-2.234000000000000000e+04
-2.498900000000000000e+04,-2.198600000000000000e+04,-1.451200000000000000e+04,-2.427600000000000000e+04,-1.052800000000000000e+04,-1.785900000000000000e+04,1.523300000000000000e+04,-2.791200000000000000e+04
-3.468000000000000000e+04,3.290700000000000000e+04,-2.197200000000000000e+04,-2.023500000000000000e+04,-5.614700000000000000e+04,-1.400400000000000000e+04,-2.860500000000000000e+04,-3.466100000000000000e+04
-3.220700000000000000e+04,-9.888000000000000000e+03,-9.643000000000000000e+03,-1.070600000000000000e+04,-2.613800000000000000e+04,-1.421000000000000000e+04,-1.821000000000000000e+03,-2.645600000000000000e+04
-5.323000000000000000e+03,-1.166000000000000000e+04,-9.433000000000000000e+03,5.400000000000000000e+03,-6.559000000000000000e+03,-1.643400000000000000e+04,-1.029100000000000000e+04,-2.050300000000000000e+04
-1.386200000000000000e+04,-2.472800000000000000e+04,-2.581100000000000000e+04,4.803000000000000000e+03,-1.244000000000000000e+04,-4.352000000000000000e+03,-1.608300000000000000e+04,-2.335300000000000000e+04
-3.473900000000000000e+04,-2.652800000000000000e+04,-1.843300000000000000e+04,-1.438300000000000000e+04,-1.955000000000000000e+04,-1.502700000000000000e+04,-1.101300000000000000e+04,-1.978000000000000000e+03
-1.446600000000000000e+04,9.049000000000000000e+03,-1.691400000000000000e+04,-2.109700000000000000e+04,-2.662300000000000000e+04,-7.605000000000000000e+03,-7.407000000000000000e+03,-2.564800000000000000e+04
-2.387300000000000000e+04,-5.445000000000000000e+03,-2.661700000000000000e+04,-5.185000000000000000e+03,-3.486300000000000000e+04,-7.484000000000000000e+03,-1.584700000000000000e+04,-3.762500000000000000e+04
-2.964500000000000000e+04,3.900000000000000000e+02,-1.999800000000000000e+04,-1.677000000000000000e+04,-3.889200000000000000e+04,-1.401900000000000000e+04,8.605000000000000000e+03,-3.836200000000000000e+04
-3.115800000000000000e+04,-1.500900000000000000e+04,-2.090400000000000000e+04,-2.272400000000000000e+04,-4.238300000000000000e+04,-1.030700000000000000e+04,2.324200000000000000e+04,-1.855600000000000000e+04
-1.594700000000000000e+04,-6.874000000000000000e+03,-1.889100000000000000e+04,1.580000000000000000e+02,-3.670500000000000000e+04,7.035000000000000000e+03,-3.175200000000000000e+04,-3.060300000000000000e+04
-4.684000000000000000e+03,-2.912200000000000000e+04,-1.615300000000000000e+04,-1.308300000000000000e+04,4.804000000000000000e+03,-1.976800000000000000e+04,-1.379800000000000000e+04,-3.331100000000000000e+04
-1.933800000000000000e+04,-1.111800000000000000e+04,2.240000000000000000e+02,8.011000000000000000e+03,-2.106900000000000000e+04,-6.474000000000000000e+03,-2.014800000000000000e+04,-2.420600000000000000e+04
-4.220100000000000000e+04,-2.856200000000000000e+04,-2.614600000000000000e+04,-4.415000000000000000e+04,-4.012500000000000000e+04,-4.722000000000000000e+04,-3.131300000000000000e+04,2.700000000000000000e+04
-2.973500000000000000e+04,-3.448700000000000000e+04,-5.901000000000000000e+03,-2.665400000000000000e+04,-6.273000000000000000e+03,-3.058400000000000000e+04,-2.884400000000000000e+04,1.843000000000000000e+03
-2.527800000000000000e+04,6.824000000000000000e+03,-2.381700000000000000e+04,-1.511500000000000000e+04,-2.793400000000000000e+04,-5.829000000000000000e+03,-2.509100000000000000e+04,-9.761000000000000000e+03
-1.469800000000000000e+04,-1.995900000000000000e+04,-1.319200000000000000e+04,-3.740000000000000000e+03,-2.360700000000000000e+04,1.177200000000000000e+04,-2.083000000000000000e+04,-1.952100000000000000e+04
-1.274400000000000000e+04,-2.766600000000000000e+04,-1.035100000000000000e+04,1.598600000000000000e+04,-6.348000000000000000e+03,-5.505000000000000000e+03,-9.409000000000000000e+03,-4.972000000000000000e+04
-2.449600000000000000e+04,2.130000000000000000e+02,-2.000100000000000000e+04,1.646200000000000000e+04,-2.936500000000000000e+04,-1.369600000000000000e+04,-7.702000000000000000e+03,-5.249300000000000000e+04
-2.390300000000000000e+04,1.636800000000000000e+04,-1.747800000000000000e+04,-2.304700000000000000e+04,-3.807000000000000000e+04,-1.819000000000000000e+04,-5.830000000000000000e+03,-3.988800000000000000e+04
9.906000000000000000e+03,-2.206500000000000000e+04,-2.355900000000000000e+04,-1.204700000000000000e+04,-1.800400000000000000e+04,3.720000000000000000e+03,-2.131300000000000000e+04,-2.491600000000000000e+04
-1.748000000000000000e+04,-2.093300000000000000e+04,-1.928700000000000000e+04,-1.459500000000000000e+04,-2.090700000000000000e+04,-1.531600000000000000e+04,-7.530000000000000000e+02,-2.975700000000000000e+04
-3.357700000000000000e+04,6.213000000000000000e+03,-2.136300000000000000e+04,-1.238500000000000000e+04,-4.018300000000000000e+04,2.010000000000000000e+03,-2.469800000000000000e+04,-1.947900000000000000e+04
-2.472700000000000000e+04,-1.963100000000000000e+04,-1.626900000000000000e+04,-1.828000000000000000e+03,-2.449500000000000000e+04,3.167000000000000000e+03,-1.395900000000000000e+04,-3.853200000000000000e+04
-3.399400000000000000e+04,2.242100000000000000e+04,-2.155400000000000000e+04,-3.994800000000000000e+04,-5.769700000000000000e+04,-1.192800000000000000e+04,-2.694600000000000000e+04,-2.399600000000000000e+04
-3.702000000000000000e+04,-2.111000000000000000e+03,-1.129400000000000000e+04,-4.630000000000000000e+02,-2.594900000000000000e+04,-9.164000000000000000e+03,-3.122000000000000000e+03,-3.030800000000000000e+04
-5.162000000000000000e+04,-2.851900000000000000e+04,-5.250000000000000000e+02,-3.987100000000000000e+04,-3.339700000000000000e+04,-3.017500000000000000e+04,-2.916200000000000000e+04,1.145300000000000000e+04
-2.024900000000000000e+04,-2.016700000000000000e+04,-2.048300000000000000e+04,-3.022900000000000000e+04,-2.398500000000000000e+04,-2.620900000000000000e+04,2.132300000000000000e+04,-2.521900000000000000e+04
-2.239600000000000000e+04,-1.305900000000000000e+04,-2.667800000000000000e+04,5.098000000000000000e+03,-1.588000000000000000e+04,-1.136000000000000000e+03,-2.158100000000000000e+04,-4.105100000000000000e+04
-2.778200000000000000e+04,-6.332000000000000000e+03,-1.936200000000000000e+04,-1.803400000000000000e+04,-3.988400000000000000e+04,-1.107200000000000000e+04,2.162000000000000000e+04,-3.725700000000000000e+04
-1.280100000000000000e+04,-1.495000000000000000e+04,-1.807600000000000000e+04,-2.172700000000000000e+04,-2.340300000000000000e+04,-1.120700000000000000e+04,-2.757500000000000000e+04,1.231500000000000000e+04
-1.255300000000000000e+04,-3.643000000000000000e+03,-1.618600000000000000e+04,-2.895000000000000000e+03,-3.836900000000000000e+04,3.329000000000000000e+03,-1.320300000000000000e+04,-6.170400000000000000e+04
-3.167200000000000000e+04,-1.710000000000000000e+03,-1.884600000000000000e+04,-1.857200000000000000e+04,-2.065500000000000000e+04,-5.293000000000000000e+03,1.000800000000000000e+04,-3.113300000000000000e+04
-9.398000000000000000e+03,8.476000000000000000e+03,-2.119100000000000000e+04,-2.953300000000000000e+04,-3.628100000000000000e+04,-3.528000000000000000e+03,-2.788400000000000000e+04,-1.183200000000000000e+04
-9.237000000000000000e+03,-1.944200000000000000e+04,-1.455200000000000000e+04,1.150000000000000000e+02,-1.837000000000000000e+03,-2.665000000000000000e+04,-2.032900000000000000e+04,-1.438800000000000000e+04
1.040800000000000000e+04,-1.153200000000000000e+04,-1.286900000000000000e+04,-1.412200000000000000e+04,-4.127000000000000000e+03,-1.938300000000000000e+04,-1.880300000000000000e+04,-2.431900000000000000e+04
-2.396500000000000000e+04,-9.781000000000000000e+03,-2.152900000000000000e+04,-1.999400000000000000e+04,-2.506600000000000000e+04,-6.975000000000000000e+03,-6.958000000000000000e+03,-3.401600000000000000e+04
-2.342000000000000000e+04,-2.822000000000000000e+03,-1.687100000000000000e+04,1.612800000000000000e+04,-4.409900000000000000e+04,-5.109000000000000000e+03,-2.285300000000000000e+04,-5.456300000000000000e+04
-2.868400000000000000e+04,2.742900000000000000e+04,-1.972400000000000000e+04,-1.187900000000000000e+04,-5.721400000000000000e+04,-2.618500000000000000e+04,-2.410000000000000000e+04,-4.128400000000000000e+04
-1.179200000000000000e+04,-1.511200000000000000e+04,9.725000000000000000e+03,-2.216300000000000000e+04,-1.002800000000000000e+04,-3.635700000000000000e+04,-1.698700000000000000e+04,-6.480000000000000000e+03
-3.476900000000000000e+04,-6.753000000000000000e+03,-1.549100000000000000e+04,-2.806600000000000000e+04,-4.061700000000000000e+04,-1.184600000000000000e+04,2.017800000000000000e+04,-3.966600000000000000e+04
-2.364500000000000000e+04,-1.098200000000000000e+04,-1.023300000000000000e+04,-1.484000000000000000e+03,-2.696200000000000000e+04,-9.674000000000000000e+03,1.076200000000000000e+04,-2.404900000000000000e+04
-3.449500000000000000e+04,-2.214600000000000000e+04,-1.270900000000000000e+04,-9.095000000000000000e+03,-2.374800000000000000e+04,-1.024300000000000000e+04,8.823000000000000000e+03,-2.802000000000000000e+04
-2.739200000000000000e+04,-2.104200000000000000e+04,-1.260100000000000000e+04,1.134000000000000000e+03,-3.129400000000000000e+04,-5.815000000000000000e+03,-3.353000000000000000e+03,-4.005900000000000000e+04
-1.969700000000000000e+04,1.416400000000000000e+04,-2.171600000000000000e+04,-1.879500000000000000e+04,-3.942600000000000000e+04,-1.295800000000000000e+04,-1.191800000000000000e+04,-3.606500000000000000e+04
-1.621700000000000000e+04,-2.321300000000000000e+04,-1.426500000000000000e+04,-4.107800000000000000e+04,-1.822100000000000000e+04,-2.531900000000000000e+04,-2.786800000000000000e+04,1.345500000000000000e+04
-1.094400000000000000e+04,-2.190000000000000000e+03,-1.317900000000000000e+04,-3.157400000000000000e+04,-9.242000000000000000e+03,-2.612000000000000000e+03,-2.959400000000000000e+04,-1.073600000000000000e+04
-2.488800000000000000e+04,-1.993100000000000000e+04,-1.267400000000000000e+04,-3.618100000000000000e+04,-2.130700000000000000e+04,-1.753400000000000000e+04,7.610000000000000000e+03,-1.874000000000000000e+04
-1.735600000000000000e+04,-2.321900000000000000e+04,-1.806800000000000000e+04,-3.834700000000000000e+04,-2.042500000000000000e+04,-1.955000000000000000e+04,1.368500000000000000e+04,-1.399900000000000000e+04
-1.913700000000000000e+04,-1.910000000000000000e+04,-1.380600000000000000e+04,3.050000000000000000e+02,-2.182100000000000000e+04,-3.712000000000000000e+03,-1.413200000000000000e+04,-2.584800000000000000e+04
-2.394300000000000000e+04,1.607600000000000000e+04,-1.377600000000000000e+04,-2.213200000000000000e+04,-4.118900000000000000e+04,-1.984500000000000000e+04,-8.197000000000000000e+03,-1.551900000000000000e+04
-2.099100000000000000e+04,-1.827200000000000000e+04,-7.951000000000000000e+03,-1.488800000000000000e+04,4.939000000000000000e+03,-1.994000000000000000e+04,-2.862500000000000000e+04,-2.856000000000000000e+03
-3.619100000000000000e+04,-2.475700000000000000e+04,-1.143300000000000000e+04,-3.057100000000000000e+04,-3.417700000000000000e+04,-3.595800000000000000e+04,-2.688600000000000000e+04,1.022300000000000000e+04
-1.885400000000000000e+04,-1.369400000000000000e+04,-1.337400000000000000e+04,-1.431400000000000000e+04,-3.362700000000000000e+04,-3.422000000000000000e+03,-1.120000000000000000e+03,-3.358400000000000000e+04
-1.979700000000000000e+04,-1.400200000000000000e+04,-2.098100000000000000e+04,7.102000000000000000e+03,-1.236900000000000000e+04,-1.494000000000000000e+03,-1.926400000000000000e+04,-2.913100000000000000e+04
-1.558600000000000000e+04,4.502000000000000000e+03,-2.596600000000000000e+04,-1.274900000000000000e+04,-2.341100000000000000e+04,-2.114500000000000000e+04,-2.563100000000000000e+04,-3.200700000000000000e+04
-3.921000000000000000e+03,-1.603600000000000000e+04,-6.711000000000000000e+03,-7.770000000000000000e+03,2.510000000000000000e+02,-1.014600000000000000e+04,-2.987400000000000000e+04,-2.407500000000000000e+04
9.130000000000000000e+03,-1.343800000000000000e+04,-5.796000000000000000e+03,-4.207000000000000000e+03,-1.647000000000000000e+04,-2.081700000000000000e+04,-3.114900000000000000e+04,-4.623500000000000000e+04
-5.459000000000000000e+03,-1.356000000000000000e+04,-1.650600000000000000e+04,-8.214000000000000000e+03,-3.377400000000000000e+04,-2.963000000000000000e+03,-2.777700000000000000e+04,-3.349500000000000000e+04
-2.696100000000000000e+04,-1.035600000000000000e+04,-1.047700000000000000e+04,-2.755000000000000000e+03,-1.139200000000000000e+04,-4.225000000000000000e+03,-9.004000000000000000e+03,-2.708500000000000000e+04
-3.724300000000000000e+04,2.784000000000000000e+03,-3.259200000000000000e+04,-1.216500000000000000e+04,-3.459100000000000000e+04,1.897000000000000000e+03,-2.312300000000000000e+04,-9.154000000000000000e+03
-1.336900000000000000e+04,-1.639600000000000000e+04,-9.963000000000000000e+03,-4.420000000000000000e+03,-9.121000000000000000e+03,-1.772200000000000000e+04,-2.025400000000000000e+04,-2.048200000000000000e+04
-4.374900000000000000e+04,-1.485100000000000000e+04,-8.837000000000000000e+03,-2.499600000000000000e+04,-3.239700000000000000e+04,-3.169300000000000000e+04,-9.822000000000000000e+03,-4.837000000000000000e+03
-8.045000000000000000e+03,-2.049000000000000000e+04,-2.017300000000000000e+04,-2.630000000000000000e+03,1.389100000000000000e+04,-9.910000000000000000e+03,-3.205500000000000000e+04,-2.848500000000000000e+04
-1.876900000000000000e+04,-2.934200000000000000e+04,-1.481600000000000000e+04,-2.261000000000000000e+04,9.395000000000000000e+03,-1.544700000000000000e+04,-2.079200000000000000e+04,-3.536000000000000000e+04
-4.950400000000000000e+04,-2.526900000000000000e+04,-2.518000000000000000e+03,8.090000000000000000e+02,-2.751500000000000000e+04,-2.561300000000000000e+04,-1.736000000000000000e+03,-2.166900000000000000e+04
-8.565000000000000000e+03,-1.984600000000000000e+04,-2.201700000000000000e+04,-1.083600000000000000e+04,-5.757000000000000000e+03,-1.097300000000000000e+04,-2.717000000000000000e+04,-4.106700000000000000e+04
-1.943300000000000000e+04,-1.733600000000000000e+04,-3.382000000000000000e+03,1.721800000000000000e+04,-2.350200000000000000e+04,-6.978000000000000000e+03,-2.034100000000000000e+04,-3.704100000000000000e+04
-1.361200000000000000e+04,9.712000000000000000e+03,-1.883700000000000000e+04,-1.283200000000000000e+04,-3.865300000000000000e+04,-2.431900000000000000e+04,-2.032700000000000000e+04,-3.330400000000000000e+04
-1.303900000000000000e+04,2.312200000000000000e+04,-1.148400000000000000e+04,-1.987800000000000000e+04,-2.940900000000000000e+04,-2.786200000000000000e+04,-3.574100000000000000e+04,-2.776200000000000000e+04
-9.581000000000000000e+03,6.633000000000000000e+03,-1.487500000000000000e+04,1.300000000000000000e+03,-3.638700000000000000e+04,-1.955400000000000000e+04,-7.443000000000000000e+03,-3.982300000000000000e+04
-2.867100000000000000e+04,3.186100000000000000e+04,-2.394200000000000000e+04,-1.986100000000000000e+04,-5.497900000000000000e+04,-2.490300000000000000e+04,-3.661100000000000000e+04,-3.636900000000000000e+04
-1.785400000000000000e+04,-2.431400000000000000e+04,-2.275500000000000000e+04,-2.945500000000000000e+04,-2.230400000000000000e+04,-1.561700000000000000e+04,1.447500000000000000e+04,-2.142200000000000000e+04
-3.198200000000000000e+04,-8.103000000000000000e+03,-1.648800000000000000e+04,-2.076100000000000000e+04,-2.166700000000000000e+04,-4.240700000000000000e+04,1.822500000000000000e+04,-3.016500000000000000e+04
-2.053900000000000000e+04,-1.477400000000000000e+04,-1.646300000000000000e+04,-2.016500000000000000e+04,-1.367200000000000000e+04,-9.264000000000000000e+03,1.410300000000000000e+04,-2.110900000000000000e+04
-2.830600000000000000e+04,-2.785700000000000000e+04,-3.025200000000000000e+04,-3.844300000000000000e+04,-3.017900000000000000e+04,-2.674600000000000000e+04,-3.124500000000000000e+04,2.535000000000000000e+04
-1.518100000000000000e+04,-2.760000000000000000e+02,-2.196000000000000000e+04,3.353000000000000000e+03,-2.171100000000000000e+04,-1.523700000000000000e+04,-2.072200000000000000e+04,-1.950700000000000000e+04
-3.695000000000000000e+04,-1.883700000000000000e+04,2.358200000000000000e+04,-1.077100000000000000e+04,-1.928600000000000000e+04,-2.842100000000000000e+04,-1.579500000000000000e+04,-3.020300000000000000e+04
-2.419700000000000000e+04,-2.409700000000000000e+04,-1.664100000000000000e+04,-2.434600000000000000e+04,-1.777800000000000000e+04,-2.372100000000000000e+04,-1.593700000000000000e+04,8.114000000000000000e+03
-3.337000000000000000e+04,-2.512900000000000000e+04,-7.137000000000000000e+03,-8.304000000000000000e+03,-9.023000000000000000e+03,-1.134100000000000000e+04,-2.188000000000000000e+03,-4.189100000000000000e+04
6.528000000000000000e+03,-2.833000000000000000e+04,-1.601900000000000000e+04,-6.387000000000000000e+03,-9.630000000000000000e+03,-4.108000000000000000e+03,-2.659900000000000000e+04,-4.198800000000000000e+04
4.889000000000000000e+03,-2.009500000000000000e+04,-9.552000000000000000e+03,-1.368200000000000000e+04,-1.457900000000000000e+04,4.536000000000000000e+03,-3.529100000000000000e+04,-5.080000000000000000e+04
-2.417300000000000000e+04,-1.207200000000000000e+04,-9.704000000000000000e+03,-1.331600000000000000e+04,-1.548400000000000000e+04,-1.957000000000000000e+04,2.166000000000000000e+03,-1.660700000000000000e+04
-1.226100000000000000e+04,1.052000000000000000e+04,-1.250000000000000000e+04,-1.618600000000000000e+04,-3.943300000000000000e+04,-2.030600000000000000e+04,-1.473100000000000000e+04,-4.405500000000000000e+04
-2.429300000000000000e+04,2.877400000000000000e+04,-2.414500000000000000e+04,-2.628400000000000000e+04,-5.588800000000000000e+04,-1.506700000000000000e+04,-3.297900000000000000e+04,-3.670000000000000000e+04
-1.912800000000000000e+04,-2.896600000000000000e+04,-1.624600000000000000e+04,-2.019200000000000000e+04,-2.542400000000000000e+04,-1.647700000000000000e+04,1.591000000000000000e+04,-2.102700000000000000e+04
-3.237900000000000000e+04,-1.706800000000000000e+04,-2.564300000000000000e+04,-3.863700000000000000e+04,-2.275900000000000000e+04,-2.319200000000000000e+04,-2.204600000000000000e+04,2.535100000000000000e+04
-2.069900000000000000e+04,-2.272000000000000000e+04,2.190000000000000000e+02,-1.770000000000000000e+04,-1.072900000000000000e+04,-1.838800000000000000e+04,-3.506000000000000000e+03,-2.425600000000000000e+04
-3.264900000000000000e+04,-7.730000000000000000e+02,-2.235900000000000000e+04,-1.095300000000000000e+04,-4.007300000000000000e+04,-6.470000000000000000e+02,1.230000000000000000e+02,-2.790100000000000000e+04
1.173000000000000000e+03,-1.829300000000000000e+04,-1.665800000000000000e+04,-8.319000000000000000e+03,1.069000000000000000e+03,-2.133200000000000000e+04,-2.419400000000000000e+04,-3.441800000000000000e+04
-1.826700000000000000e+04,1.227400000000000000e+04,-1.846000000000000000e+04,-1.305700000000000000e+04,-3.913100000000000000e+04,-2.073400000000000000e+04,-9.714000000000000000e+03,-4.200800000000000000e+04
-3.295900000000000000e+04,-1.965300000000000000e+04,-1.192200000000000000e+04,-1.292200000000000000e+04,-9.551000000000000000e+03,1.660400000000000000e+04,-4.358000000000000000e+03,-2.148900000000000000e+04
-2.483600000000000000e+04,-1.635600000000000000e+04,-1.397000000000000000e+04,-2.200300000000000000e+04,-2.352000000000000000e+04,-3.949000000000000000e+03,3.430000000000000000e+03,-9.958000000000000000e+03
-1.292000000000000000e+04,3.843000000000000000e+03,-2.348600000000000000e+04,-2.507700000000000000e+04,-4.102100000000000000e+04,-2.194200000000000000e+04,-2.769700000000000000e+04,-2.587200000000000000e+04
-3.529400000000000000e+04,3.323000000000000000e+04,-2.724900000000000000e+04,-2.912100000000000000e+04,-4.958400000000000000e+04,-1.488100000000000000e+04,-2.510400000000000000e+04,-2.651900000000000000e+04
-5.982000000000000000e+03,-1.771500000000000000e+04,-1.314600000000000000e+04,3.382000000000000000e+03,-3.557900000000000000e+04,-3.404000000000000000e+03,-2.850500000000000000e+04,-4.521200000000000000e+04
-1.527500000000000000e+04,-8.702000000000000000e+03,-1.008100000000000000e+04,-2.938800000000000000e+04,-2.088700000000000000e+04,-2.413000000000000000e+04,-1.992800000000000000e+04,7.465000000000000000e+03
-3.821200000000000000e+04,-2.424000000000000000e+04,-2.968600000000000000e+04,-4.134600000000000000e+04,-2.896300000000000000e+04,-2.602600000000000000e+04,-2.726100000000000000e+04,1.410300000000000000e+04
-1.818500000000000000e+04,-1.417200000000000000e+04,-1.749200000000000000e+04,1.460000000000000000e+03,-7.087000000000000000e+03,-7.458000000000000000e+03,-1.245400000000000000e+04,-2.708000000000000000e+04
-2.829500000000000000e+04,1.795700000000000000e+04,-1.901600000000000000e+04,-2.122200000000000000e+04,-4.783300000000000000e+04,-1.227800000000000000e+04,-7.466000000000000000e+03,-4.661600000000000000e+04
-3.591200000000000000e+04,-4.158000000000000000e+03,-1.323400000000000000e+04,-2.099500000000000000e+04,-3.316300000000000000e+04,-1.645300000000000000e+04,2.889500000000000000e+04,-3.406200000000000000e+04
-2.667800000000000000e+04,-8.021000000000000000e+03,-1.293000000000000000e+03,1.891000000000000000e+03,-3.253200000000000000e+04,-2.475800000000000000e+04,-7.867000000000000000e+03,-3.776000000000000000e+04
-2.751200000000000000e+04,-1.799200000000000000e+04,-1.456100000000000000e+04,-3.658800000000000000e+04,-2.274100000000000000e+04,-1.492100000000000000e+04,2.438900000000000000e+04,-2.086200000000000000e+04
-2.555300000000000000e+04,-2.535300000000000000e+04,-4.859000000000000000e+03,-2.812600000000000000e+04,-2.578500000000000000e+04,-2.038900000000000000e+04,6.404000000000000000e+03,-1.946700000000000000e+04
-2.157400000000000000e+04,-8.387000000000000000e+03,-1.592100000000000000e+04,6.372000000000000000e+03,-1.201100000000000000e+04,-1.105200000000000000e+04,-1.078100000000000000e+04,-3.953700000000000000e+04
-2.036300000000000000e+04,-1.757700000000000000e+04,-2.244200000000000000e+04,-2.725600000000000000e+04,-1.743700000000000000e+04,-4.329700000000000000e+04,-2.208900000000000000e+04,1.659600000000000000e+04
-2.222800000000000000e+04,-2.661400000000000000e+04,-6.321000000000000000e+03,-1.862300000000000000e+04,-2.259900000000000000e+04,-4.085100000000000000e+04,-8.597000000000000000e+03,-4.990000000000000000e+02
-4.333200000000000000e+04,-1.682900000000000000e+04,-9.497000000000000000e+03,3.519000000000000000e+03,-3.556000000000000000e+04,-1.877800000000000000e+04,8.901000000000000000e+03,-4.174000000000000000e+04
-2.276200000000000000e+04,-6.587000000000000000e+03,-1.668200000000000000e+04,-6.428000000000000000e+03,-3.273600000000000000e+04,-1.053400000000000000e+04,1.753800000000000000e+04,-3.638500000000000000e+04
-3.626000000000000000e+04,-2.074500000000000000e+04,-1.036900000000000000e+04,-5.397000000000000000e+03,-5.959000000000000000e+03,-1.078200000000000000e+04,-1.116600000000000000e+04,-2.969500000000000000e+04
-4.059000000000000000e+03,-2.392200000000000000e+04,-7.523000000000000000e+03,-1.702800000000000000e+04,6.130000000000000000e+03,-1.137700000000000000e+04,-2.494700000000000000e+04,-3.808400000000000000e+04
-2.509100000000000000e+04,2.091400000000000000e+04,-3.250300000000000000e+04,-7.638000000000000000e+03,-5.405900000000000000e+04,-3.179700000000000000e+04,-2.121500000000000000e+04,-3.271200000000000000e+04
-3.446600000000000000e+04,-1.757500000000000000e+04,-1.766500000000000000e+04,-2.890200000000000000e+04,-2.730300000000000000e+04,-1.758500000000000000e+04,9.949000000000000000e+03,-2.136800000000000000e+04
-6.161000000000000000e+03,-2.293800000000000000e+04,-1.687100000000000000e+04,-9.363000000000000000e+03,-2.027600000000000000e+04,-2.645000000000000000e+03,-2.359000000000000000e+04,-3.665900000000000000e+04
-1.469900000000000000e+04,-3.007400000000000000e+04,-9.958000000000000000e+03,-2.289700000000000000e+04,5.618000000000000000e+03,-1.985200000000000000e+04,-2.055100000000000000e+04,-9.633000000000000000e+03
-1.075900000000000000e+04,-2.045400000000000000e+04,-1.876800000000000000e+04,-5.798000000000000000e+03,5.876000000000000000e+03,-8.163000000000000000e+03,-1.481000000000000000e+04,-2.519500000000000000e+04
-1.764800000000000000e+04,-1.731600000000000000e+04,-2.467500000000000000e+04,-4.395000000000000000e+03,-2.344300000000000000e+04,1.478800000000000000e+04,-1.687800000000000000e+04,-4.396800000000000000e+04
-2.501200000000000000e+04,-1.932500000000000000e+04,-3.274400000000000000e+04,-1.966600000000000000e+04,-2.031900000000000000e+04,-6.986000000000000000e+03,-2.824000000000000000e+03,-3.343000000000000000e+03
-5.844000000000000000e+03,-1.633300000000000000e+04,-1.443800000000000000e+04,-4.159000000000000000e+03,-1.454100000000000000e+04,-8.923000000000000000e+03,-2.929100000000000000e+04,-3.295800000000000000e+04
1.723800000000000000e+04,-6.748000000000000000e+03,-1.749200000000000000e+04,-1.616600000000000000e+04,-3.237200000000000000e+04,-1.158100000000000000e+04,-3.990600000000000000e+04,-5.003200000000000000e+04
-3.624600000000000000e+04,-3.295000000000000000e+04,-1.837900000000000000e+04,-4.196100000000000000e+04,-3.329400000000000000e+04,-3.697300000000000000e+04,-2.936400000000000000e+04,1.326500000000000000e+04
-4.208900000000000000e+04,2.018100000000000000e+04,-2.004500000000000000e+04,-3.725500000000000000e+04,-5.746500000000000000e+04,-8.817000000000000000e+03,-2.431200000000000000e+04,-4.510100000000000000e+04
-1.715400000000000000e+04,-2.108300000000000000e+04,-1.322100000000000000e+04,2.504000000000000000e+03,-2.419000000000000000e+04,3.198000000000000000e+03,-2.371700000000000000e+04,-3.356400000000000000e+04
-1.455900000000000000e+04,-2.290100000000000000e+04,-2.076500000000000000e+04,-1.885900000000000000e+04,1.817100000000000000e+04,-1.558700000000000000e+04,-2.484000000000000000e+04,-2.615600000000000000e+04
-1.470500000000000000e+04,-1.588900000000000000e+04,-1.813900000000000000e+04,-1.913300000000000000e+04,7.501000000000000000e+03,-3.070900000000000000e+04,-2.484000000000000000e+03,-9.968000000000000000e+03
-3.780000000000000000e+02,-2.651100000000000000e+04,-1.522800000000000000e+04,-1.150900000000000000e+04,7.375000000000000000e+03,-9.468000000000000000e+03,-2.754300000000000000e+04,-3.256600000000000000e+04
-2.337000000000000000e+04,-1.288800000000000000e+04,5.814000000000000000e+03,-1.315100000000000000e+04,-2.146600000000000000e+04,-2.577900000000000000e+04,-5.015000000000000000e+03,-2.187400000000000000e+04
-2.354400000000000000e+04,-1.432100000000000000e+04,-3.550000000000000000e+04,1.970000000000000000e+03,-2.959000000000000000e+04,5.231000000000000000e+03,-7.837000000000000000e+03,-1.925100000000000000e+04
-3.480000000000000000e+02,-1.125200000000000000e+04,-2.011200000000000000e+04,-1.282600000000000000e+04,5.180000000000000000e+02,-1.867700000000000000e+04,-3.277500000000000000e+04,-2.849400000000000000e+04
-8.127000000000000000e+03,-2.561800000000000000e+04,-5.185000000000000000e+03,-1.122400000000000000e+04,9.109000000000000000e+03,-2.813300000000000000e+04,-1.928600000000000000e+04,-2.365700000000000000e+04
-2.575200000000000000e+04,-1.420900000000000000e+04,-3.404500000000000000e+04,-7.529000000000000000e+03,-3.304800000000000000e+04,1.006100000000000000e+04,-1.207000000000000000e+04,-3.497800000000000000e+04
-9.242000000000000000e+03,-1.752700000000000000e+04,-3.513000000000000000e+04,9.573000000000000000e+03,-1.724900000000000000e+04,-8.694000000000000000e+03,-1.724700000000000000e+04,-2.963000000000000000e+04
-2.755500000000000000e+04,-1.698800000000000000e+04,-2.377700000000000000e+04,1.249700000000000000e+04,-2.202300000000000000e+04,-2.222000000000000000e+03,-9.492000000000000000e+03,-2.329600000000000000e+04
-2.300600000000000000e+04,-2.756000000000000000e+04,-1.125400000000000000e+04,-4.435000000000000000e+03,-2.259700000000000000e+04,1.399000000000000000e+04,-1.228700000000000000e+04,-4.521600000000000000e+04
-3.576900000000000000e+04,-3.077300000000000000e+04,-1.137500000000000000e+04,-3.604100000000000000e+04,-3.864200000000000000e+04,-2.862800000000000000e+04,-2.119100000000000000e+04,2.510300000000000000e+04
-1.082700000000000000e+04,-2.118200000000000000e+04,-1.323200000000000000e+04,2.529000000000000000e+03,-3.033500000000000000e+04,6.564000000000000000e+03,-3.222600000000000000e+04,-4.132900000000000000e+04
-2.475900000000000000e+04,-1.040800000000000000e+04,-1.878900000000000000e+04,-1.816200000000000000e+04,-6.506000000000000000e+03,-2.370400000000000000e+04,1.394400000000000000e+04,-1.342600000000000000e+04
-1.806700000000000000e+04,-1.639700000000000000e+04,-7.656000000000000000e+03,-3.739000000000000000e+03,1.877000000000000000e+03,-2.652100000000000000e+04,-2.727600000000000000e+04,-1.959000000000000000e+04
-1.987500000000000000e+04,1.540300000000000000e+04,-2.913200000000000000e+04,-1.839000000000000000e+04,-3.658300000000000000e+04,-1.921100000000000000e+04,-2.884100000000000000e+04,-1.832600000000000000e+04
-3.688600000000000000e+04,-3.974000000000000000e+03,-2.238000000000000000e+04,-5.018000000000000000e+03,-3.458400000000000000e+04,-2.412200000000000000e+04,1.494500000000000000e+04,-2.434300000000000000e+04
-2.800100000000000000e+04,-1.978000000000000000e+04,2.975000000000000000e+03,-2.653200000000000000e+04,-2.760000000000000000e+02,-3.617400000000000000e+04,-3.178600000000000000e+04,-2.541000000000000000e+03
-1.791200000000000000e+04,-2.001900000000000000e+04,-4.876000000000000000e+03,-2.727900000000000000e+04,-1.555000000000000000e+04,-3.398400000000000000e+04,-1.437700000000000000e+04,-2.088000000000000000e+03
-1.329100000000000000e+04,-2.161800000000000000e+04,-7.710000000000000000e+03,-1.616600000000000000e+04,1.116200000000000000e+04,-3.253000000000000000e+04,-3.026000000000000000e+04,-1.336500000000000000e+04
-1.310300000000000000e+04,-1.916200000000000000e+04,-1.699400000000000000e+04,4.157000000000000000e+03,-3.967200000000000000e+04,1.397500000000000000e+04,-2.808700000000000000e+04,-4.751800000000000000e+04
-3.273300000000000000e+04,-4.703000000000000000e+03,4.890000000000000000e+03,-2.874000000000000000e+03,-1.022300000000000000e+04,-1.700400000000000000e+04,-1.332700000000000000e+04,-2.309700000000000000e+04
-2.609700000000000000e+04,-7.827000000000000000e+03,-2.017100000000000000e+04,-1.501000000000000000e+03,-1.151200000000000000e+04,-1.421100000000000000e+04,-3.494000000000000000e+03,-2.776800000000000000e+04
-2.091900000000000000e+04,-8.308000000000000000e+03,-1.271400000000000000e+04,-1.490000000000000000e+02,-2.448100000000000000e+04,-1.011400000000000000e+04,-1.234300000000000000e+04,-3.516400000000000000e+04
-1.990300000000000000e+04,-1.586300000000000000e+04,-2.217900000000000000e+04,-7.317000000000000000e+03,-2.919300000000000000e+04,1.088600000000000000e+04,-2.279900000000000000e+04,-2.169400000000000000e+04
-1.879200000000000000e+04,9.252000000000000000e+03,-1.647500000000000000e+04,-1.515000000000000000e+04,-2.612300000000000000e+04,-1.463600000000000000e+04,-3.531900000000000000e+04,-2.508400000000000000e+04
-2.446900000000000000e+04,-1.667900000000000000e+04,-1.754500000000000000e+04,9.133000000000000000e+03,-9.947000000000000000e+03,-2.117000000000000000e+03,-1.596600000000000000e+04,-2.555200000000000000e+04
-3.329200000000000000e+04,-2.629000000000000000e+04,-2.598800000000000000e+04,-1.200800000000000000e+04,-1.000300000000000000e+04,-1.844100000000000000e+04,-1.626000000000000000e+03,-2.526100000000000000e+04
-1.487700000000000000e+04,-1.814300000000000000e+04,-1.891400000000000000e+04,-2.633700000000000000e+04,-1.217800000000000000e+04,-1.989500000000000000e+04,-1.674000000000000000e+04,1.364000000000000000e+04
-1.880400000000000000e+04,-1.708400000000000000e+04,-3.026500000000000000e+04,-1.493800000000000000e+04,-1.792100000000000000e+04,1.991300000000000000e+04,-9.126000000000000000e+03,-3.349800000000000000e+04
-1.801600000000000000e+04,-1.965900000000000000e+04,3.629000000000000000e+03,-2.168000000000000000e+03,-3.461000000000000000e+03,-2.570400000000000000e+04,-6.780000000000000000e+03,-1.620200000000000000e+04
-2.216100000000000000e+04,-1.058800000000000000e+04,-1.365600000000000000e+04,-1.361600000000000000e+04,-1.320400000000000000e+04,-1.472200000000000000e+04,-3.648000000000000000e+03,-1.765700000000000000e+04
-1.800000000000000000e+04,-1.093700000000000000e+04,-1.397400000000000000e+04,3.412000000000000000e+03,-2.566700000000000000e+04,2.062000000000000000e+03,-2.597500000000000000e+04,-1.671500000000000000e+04
-9.984000000000000000e+03,-1.399100000000000000e+04,-6.868000000000000000e+03,-1.690000000000000000e+04,-1.022400000000000000e+04,-8.820000000000000000e+03,-2.667600000000000000e+04,-4.730600000000000000e+04
-1.884100000000000000e+04,-2.268200000000000000e+04,4.470000000000000000e+02,-1.933100000000000000e+04,-1.147800000000000000e+04,-2.955200000000000000e+04,7.790000000000000000e+03,-1.206400000000000000e+04
-8.467000000000000000e+03,-1.089300000000000000e+04,-2.441900000000000000e+04,-1.095800000000000000e+04,-2.086400000000000000e+04,1.244800000000000000e+04,-1.028600000000000000e+04,-2.717800000000000000e+04
-1.819300000000000000e+04,-2.117800000000000000e+04,-2.113000000000000000e+03,-2.205100000000000000e+04,-7.299000000000000000e+03,-3.122800000000000000e+04,-2.626300000000000000e+04,7.900000000000000000e+02
1.811000000000000000e+03,-2.368700000000000000e+04,-1.687000000000000000e+03,-1.333100000000000000e+04,9.757000000000000000e+03,-2.760900000000000000e+04,-2.649400000000000000e+04,-3.623500000000000000e+04
-2.017700000000000000e+04,-2.986400000000000000e+04,-7.820000000000000000e+03,4.372000000000000000e+03,-2.567400000000000000e+04,-1.110500000000000000e+04,-1.422900000000000000e+04,-4.635700000000000000e+04
-1.350000000000000000e+04,-1.084300000000000000e+04,-8.136000000000000000e+03,-1.406900000000000000e+04,-1.459600000000000000e+04,-1.561300000000000000e+04,2.058000000000000000e+03,-3.348000000000000000e+04
-3.679000000000000000e+03,-7.565000000000000000e+03,-2.731700000000000000e+04,-8.733000000000000000e+03,-2.893100000000000000e+04,-9.035000000000000000e+03,-1.684300000000000000e+04,-2.476600000000000000e+04
-5.073600000000000000e+04,-2.017500000000000000e+04,-4.661000000000000000e+03,-4.048000000000000000e+03,-3.937100000000000000e+04,-2.158300000000000000e+04,1.862900000000000000e+04,-4.745400000000000000e+04
-1.630000000000000000e+03,-2.178200000000000000e+04,-3.988700000000000000e+04,-1.142700000000000000e+04,-1.863100000000000000e+04,-3.849000000000000000e+03,-1.547500000000000000e+04,-4.050100000000000000e+04
-1.805000000000000000e+04,-2.057700000000000000e+04,-2.728400000000000000e+04,1.106200000000000000e+04,-2.085900000000000000e+04,-8.684000000000000000e+03,1.202000000000000000e+03,-4.771700000000000000e+04
-2.395700000000000000e+04,-1.800500000000000000e+04,4.143000000000000000e+03,-2.917000000000000000e+03,-7.856000000000000000e+03,-2.794000000000000000e+04,-2.459300000000000000e+04,-2.443000000000000000e+04
-5.036800000000000000e+04,-5.565000000000000000e+03,-1.086400000000000000e+04,-2.651000000000000000e+03,-2.650100000000000000e+04,-1.907300000000000000e+04,2.740000000000000000e+02,-2.446000000000000000e+04
-1.509900000000000000e+04,-6.474000000000000000e+03,-4.961000000000000000e+03,3.575000000000000000e+03,-1.777700000000000000e+04,-7.548000000000000000e+03,-2.101000000000000000e+04,-3.554300000000000000e+04
-2.828700000000000000e+04,2.922700000000000000e+04,-3.508000000000000000e+04,-2.535900000000000000e+04,-5.259100000000000000e+04,-2.699100000000000000e+04,-2.896500000000000000e+04,-4.136600000000000000e+04
-2.561500000000000000e+04,-2.041000000000000000e+03,-2.963000000000000000e+04,1.472500000000000000e+04,-4.927500000000000000e+04,-4.440000000000000000e+03,-2.520500000000000000e+04,-3.543400000000000000e+04
-2.240800000000000000e+04,2.581000000000000000e+03,-1.486700000000000000e+04,-1.032400000000000000e+04,-4.438500000000000000e+04,-2.758600000000000000e+04,-7.059000000000000000e+03,-3.782000000000000000e+04
-2.469800000000000000e+04,-5.084000000000000000e+03,-1.785600000000000000e+04,-1.204000000000000000e+04,-3.382500000000000000e+04,-1.280000000000000000e+04,8.972000000000000000e+03,-2.769100000000000000e+04
-3.520400000000000000e+04,-9.598000000000000000e+03,-2.606100000000000000e+04,-2.163000000000000000e+04,-4.073000000000000000e+04,-2.321500000000000000e+04,1.173100000000000000e+04,-2.642700000000000000e+04
-2.075400000000000000e+04,2.064900000000000000e+04,-1.533200000000000000e+04,-1.791900000000000000e+04,-4.055600000000000000e+04,-1.921500000000000000e+04,-2.809700000000000000e+04,-5.128700000000000000e+04
-2.046100000000000000e+04,2.073700000000000000e+04,-3.068400000000000000e+04,-1.733400000000000000e+04,-4.605100000000000000e+04,-1.283400000000000000e+04,-1.919400000000000000e+04,-3.930200000000000000e+04
-3.019300000000000000e+04,2.318900000000000000e+04,-2.964500000000000000e+04,-2.159300000000000000e+04,-3.949500000000000000e+04,-1.674800000000000000e+04,-1.802700000000000000e+04,-2.709700000000000000e+04
1.858000000000000000e+03,-2.026000000000000000e+04,-2.728500000000000000e+04,-1.646300000000000000e+04,-6.044000000000000000e+03,-1.620000000000000000e+03,-3.034700000000000000e+04,-3.212400000000000000e+04
-4.203400000000000000e+04,-2.018700000000000000e+04,-7.268000000000000000e+03,-3.123400000000000000e+04,-3.276000000000000000e+04,-3.906900000000000000e+04,-2.806800000000000000e+04,1.689000000000000000e+04
-1.674700000000000000e+04,-2.472000000000000000e+04,-8.830000000000000000e+03,-2.361500000000000000e+04,-1.491200000000000000e+04,-2.467900000000000000e+04,1.732800000000000000e+04,-1.631000000000000000e+04
-2.224500000000000000e+04,-2.598000000000000000e+03,-1.012000000000000000e+04,-1.458100000000000000e+04,-3.218500000000000000e+04,-2.835100000000000000e+04,8.810000000000000000e+03,-1.526800000000000000e+04
-3.384000000000000000e+04,-4.206000000000000000e+03,-1.214000000000000000e+04,-2.422900000000000000e+04,-3.325600000000000000e+04,-2.001800000000000000e+04,1.933700000000000000e+04,-1.089200000000000000e+04
-2.863100000000000000e+04,-1.633300000000000000e+04,-1.695100000000000000e+04,-5.738000000000000000e+03,-9.306000000000000000e+03,-1.298700000000000000e+04,-1.457000000000000000e+03,-1.607700000000000000e+04
-2.597600000000000000e+04,-1.811900000000000000e+04,-1.619400000000000000e+04,-8.898000000000000000e+03,-4.287100000000000000e+04,1.043400000000000000e+04,-1.010600000000000000e+04,-3.275700000000000000e+04
-4.404600000000000000e+04,-2.139100000000000000e+04,-2.801000000000000000e+03,1.800000000000000000e+02,-1.957600000000000000e+04,-1.984600000000000000e+04,-4.290000000000000000e+02,-3.665200000000000000e+04
1.262900000000000000e+04,-2.787000000000000000e+04,-2.092000000000000000e+04,3.073000000000000000e+03,-1.329600000000000000e+04,-1.255100000000000000e+04,-3.905400000000000000e+04,-4.622600000000000000e+04
-3.619400000000000000e+04,-1.720100000000000000e+04,-5.838000000000000000e+03,-2.757800000000000000e+04,-3.405600000000000000e+04,-1.270200000000000000e+04,2.123100000000000000e+04,-3.961300000000000000e+04
7.881000000000000000e+03,-2.295400000000000000e+04,-2.145100000000000000e+04,-9.988000000000000000e+03,-1.100100000000000000e+04,-8.874000000000000000e+03,-3.806600000000000000e+04,-4.686700000000000000e+04
-4.102800000000000000e+04,-2.895200000000000000e+04,-7.978000000000000000e+03,-1.489300000000000000e+04,-2.561000000000000000e+04,-5.168300000000000000e+04,-2.246400000000000000e+04,-6.339000000000000000e+03
-1.536100000000000000e+04,2.899800000000000000e+04,-2.334500000000000000e+04,-3.588900000000000000e+04,-5.953600000000000000e+04,-9.410000000000000000e+03,-3.291500000000000000e+04,-4.197300000000000000e+04
-2.882000000000000000e+04,-1.829200000000000000e+04,-2.529200000000000000e+04,-2.706000000000000000e+03,-2.367800000000000000e+04,-2.667100000000000000e+04,3.311000000000000000e+03,-2.582500000000000000e+04
-1.545800000000000000e+04,-7.260000000000000000e+03,-1.972300000000000000e+04,-5.690000000000000000e+03,-1.695400000000000000e+04,-4.225000000000000000e+03,3.175000000000000000e+03,-3.126100000000000000e+04
-1.265700000000000000e+04,-1.926900000000000000e+04,-2.088700000000000000e+04,6.256000000000000000e+03,-2.835500000000000000e+04,2.156000000000000000e+03,-1.960800000000000000e+04,-3.408600000000000000e+04
-3.730900000000000000e+04,-2.189700000000000000e+04,-2.075000000000000000e+04,-1.348600000000000000e+04,-4.013300000000000000e+04,-1.662100000000000000e+04,2.006900000000000000e+04,-2.394000000000000000e+04
-1.281800000000000000e+04,2.275700000000000000e+04,-1.776600000000000000e+04,-6.400000000000000000e+03,-3.376000000000000000e+04,-2.129300000000000000e+04,-1.342600000000000000e+04,-3.177700000000000000e+04
-2.774200000000000000e+04,7.594000000000000000e+03,-1.720700000000000000e+04,-5.969000000000000000e+03,-4.228200000000000000e+04,-1.906500000000000000e+04,1.213000000000000000e+03,-3.607800000000000000e+04
-1.909600000000000000e+04,-1.429000000000000000e+04,-1.619600000000000000e+04,-2.422300000000000000e+04,-3.213800000000000000e+04,-2.798200000000000000e+04,1.117600000000000000e+04,-3.025800000000000000e+04
-2.902900000000000000e+04,1.409000000000000000e+03,-1.257800000000000000e+04,-1.603100000000000000e+04,-3.489500000000000000e+04,-5.246000000000000000e+03,-1.324700000000000000e+04,-2.870000000000000000e+04
-2.082800000000000000e+04,-2.009500000000000000e+04,-8.717000000000000000e+03,1.831200000000000000e+04,-3.416300000000000000e+04,-1.140400000000000000e+04,-1.678400000000000000e+04,-5.244100000000000000e+04
-9.605000000000000000e+03,-2.274200000000000000e+04,-2.571000000000000000e+03,-7.898000000000000000e+03,2.091000000000000000e+03,-9.429000000000000000e+03,-1.316100000000000000e+04,-2.434100000000000000e+04
-3.001700000000000000e+04,-2.762200000000000000e+04,-2.357800000000000000e+04,-2.807700000000000000e+04,-3.430600000000000000e+04,-2.981300000000000000e+04,-2.803700000000000000e+04,2.480000000000000000e+04
-1.133200000000000000e+04,-2.309100000000000000e+04,-2.486200000000000000e+04,-3.279800000000000000e+04,-2.155300000000000000e+04,-2.772200000000000000e+04,-2.823700000000000000e+04,1.987400000000000000e+04
-9.291000000000000000e+03,-8.224000000000000000e+03,-9.403000000000000000e+03,-1.794000000000000000e+03,-2.109900000000000000e+04,-6.652000000000000000e+03,-2.396100000000000000e+04,-3.433100000000000000e+04
-2.147000000000000000e+04,-2.099100000000000000e+04,-9.901000000000000000e+03,-8.399000000000000000e+03,-3.054100000000000000e+04,-2.480100000000000000e+04,1.074100000000000000e+04,-2.166900000000000000e+04
-3.261200000000000000e+04,-1.409000000000000000e+04,-2.069000000000000000e+04,-1.061800000000000000e+04,-2.945900000000000000e+04,-1.382000000000000000e+04,1.360500000000000000e+04,-3.506600000000000000e+04
-2.142000000000000000e+04,-1.820100000000000000e+04,-2.034900000000000000e+04,-1.530900000000000000e+04,-1.412200000000000000e+04,-1.025600000000000000e+04,-1.031900000000000000e+04,2.318000000000000000e+04
-1.278800000000000000e+04,-3.291000000000000000e+03,-2.690100000000000000e+04,-1.357600000000000000e+04,-3.992300000000000000e+04,1.709000000000000000e+03,-1.007200000000000000e+04,-3.277400000000000000e+04
1.535000000000000000e+03,-2.032200000000000000e+04,-2.661900000000000000e+04,7.030000000000000000e+03,-3.006400000000000000e+04,-6.820000000000000000e+03,-3.446700000000000000e+04,-3.976900000000000000e+04
3.573000000000000000e+03,-1.585700000000000000e+04,-1.829800000000000000e+04,-6.643000000000000000e+03,8.828000000000000000e+03,-7.939000000000000000e+03,-9.552000000000000000e+03,-2.901300000000000000e+04
-2.925600000000000000e+04,2.208700000000000000e+04,-1.679600000000000000e+04,-2.704200000000000000e+04,-4.116700000000000000e+04,-1.796100000000000000e+04,-2.356500000000000000e+04,-4.537900000000000000e+04
-7.521000000000000000e+03,-1.865500000000000000e+04,-1.811100000000000000e+04,-3.916000000000000000e+03,-1.558700000000000000e+04,9.386000000000000000e+03,-1.035800000000000000e+04,-2.852000000000000000e+04
-3.090000000000000000e+02,-1.462800000000000000e+04,-6.218000000000000000e+03,-2.577000000000000000e+04,1.530000000000000000e+03,-1.982600000000000000e+04,-1.631900000000000000e+04,-2.255400000000000000e+04
-3.019600000000000000e+04,-1.793000000000000000e+04,9.000000000000000000e+00,-2.583800000000000000e+04,-1.837600000000000000e+04,-2.136300000000000000e+04,-1.703400000000000000e+04,-4.666000000000000000e+03
-3.187600000000000000e+04,-1.153300000000000000e+04,-1.226000000000000000e+04,-3.773000000000000000e+03,-1.307800000000000000e+04,-1.656700000000000000e+04,1.145000000000000000e+03,-2.774100000000000000e+04
-2.277600000000000000e+04,-2.559800000000000000e+04,8.864000000000000000e+03,-2.590000000000000000e+04,-1.716700000000000000e+04,-3.982100000000000000e+04,-2.973200000000000000e+04,-5.174000000000000000e+03
-3.093800000000000000e+04,-2.893400000000000000e+04,-1.895100000000000000e+04,-3.186400000000000000e+04,-2.379500000000000000e+04,-2.967100000000000000e+04,-3.110800000000000000e+04,2.135300000000000000e+04
-2.179600000000000000e+04,-1.000200000000000000e+04,1.898600000000000000e+04,-1.874000000000000000e+04,-6.722000000000000000e+03,-2.206400000000000000e+04,-1.573800000000000000e+04,-1.959200000000000000e+04
7.485000000000000000e+03,-2.359700000000000000e+04,-2.396700000000000000e+04,-1.242300000000000000e+04,3.836000000000000000e+03,-2.132200000000000000e+04,-2.177700000000000000e+04,-3.238800000000000000e+04
-2.904300000000000000e+04,-1.547400000000000000e+04,-9.136000000000000000e+03,-1.121900000000000000e+04,-2.919500000000000000e+04,-4.830000000000000000e+03,4.425000000000000000e+03,-1.826100000000000000e+04
-1.317800000000000000e+04,7.569000000000000000e+03,-3.091300000000000000e+04,-1.893000000000000000e+04,-2.803600000000000000e+04,-2.129500000000000000e+04,-2.307700000000000000e+04,-1.095500000000000000e+04
-2.591800000000000000e+04,-1.760700000000000000e+04,-1.533300000000000000e+04,9.790000000000000000e+02,-1.966400000000000000e+04,-3.132000000000000000e+03,-5.715000000000000000e+03,-1.979100000000000000e+04
-2.366400000000000000e+04,-1.259900000000000000e+04,-2.637600000000000000e+04,2.020000000000000000e+03,-4.383300000000000000e+04,7.703000000000000000e+03,-2.716000000000000000e+04,-3.727700000000000000e+04
-2.094500000000000000e+04,-1.283400000000000000e+04,-2.637100000000000000e+04,1.350000000000000000e+03,-3.973100000000000000e+04,1.054000000000000000e+04,-1.601100000000000000e+04,-3.546800000000000000e+04
-8.273000000000000000e+03,-6.674000000000000000e+03,-2.133100000000000000e+04,-1.909100000000000000e+04,-3.318800000000000000e+04,1.669800000000000000e+04,-1.465200000000000000e+04,-2.368000000000000000e+04
-1.147500000000000000e+04,1.262600000000000000e+04,-4.925000000000000000e+03,-2.838300000000000000e+04,-2.175600000000000000e+04,-2.681200000000000000e+04,-2.835500000000000000e+04,-2.563300000000000000e+04
-9.667000000000000000e+03,-1.783000000000000000e+04,-1.714000000000000000e+04,7.753000000000000000e+03,-2.903200000000000000e+04,-1.028300000000000000e+04,-2.896700000000000000e+04,-2.625200000000000000e+04
-3.454100000000000000e+04,-1.812900000000000000e+04,-1.309300000000000000e+04,-2.533700000000000000e+04,-2.334100000000000000e+04,-1.935800000000000000e+04,1.902300000000000000e+04,-2.051600000000000000e+04
-2.355200000000000000e+04,-5.473000000000000000e+03,-1.827800000000000000e+04,-2.671100000000000000e+04,-1.164800000000000000e+04,-1.062000000000000000e+04,8.974000000000000000e+03,-1.924200000000000000e+04
-7.030000000000000000e+02,-2.149400000000000000e+04,-1.648700000000000000e+04,-3.476000000000000000e+03,-2.423900000000000000e+04,4.470000000000000000e+03,-3.278700000000000000e+04,-4.359100000000000000e+04
-4.954000000000000000e+03,-1.081900000000000000e+04,-1.533000000000000000e+04,-1.550000000000000000e+03,-2.462800000000000000e+04,-1.441600000000000000e+04,-1.935200000000000000e+04,-2.916800000000000000e+04
-1.463500000000000000e+04,-2.569800000000000000e+04,-1.941800000000000000e+04,-1.655000000000000000e+03,-1.295500000000000000e+04,4.260000000000000000e+02,-1.183500000000000000e+04,-3.780300000000000000e+04
-5.328000000000000000e+03,-1.852800000000000000e+04,-1.810000000000000000e+02,-1.826100000000000000e+04,4.932000000000000000e+03,-2.031100000000000000e+04,-3.816300000000000000e+04,-2.984800000000000000e+04
1.220500000000000000e+04,-1.693800000000000000e+04,-1.651200000000000000e+04,-1.481400000000000000e+04,-6.018000000000000000e+03,-2.535000000000000000e+03,-1.972100000000000000e+04,4.076000000000000000e+03
-2.180000000000000000e+04,1.953100000000000000e+04,-1.388700000000000000e+04,-2.921000000000000000e+03,-4.405000000000000000e+04,-1.511300000000000000e+04,-1.145500000000000000e+04,-4.450700000000000000e+04
-3.547000000000000000e+04,-2.505300000000000000e+04,-1.906500000000000000e+04,-2.856800000000000000e+04,-3.412200000000000000e+04,-1.435300000000000000e+04,-2.697900000000000000e+04,1.652300000000000000e+04
-4.991600000000000000e+04,-2.436600000000000000e+04,-2.812000000000000000e+03,-3.356300000000000000e+04,-3.647300000000000000e+04,-3.609200000000000000e+04,-1.940700000000000000e+04,1.325500000000000000e+04
-3.375900000000000000e+04,-2.719800000000000000e+04,-5.741000000000000000e+03,-2.755400000000000000e+04,-3.453400000000000000e+04,-3.296500000000000000e+04,-2.198600000000000000e+04,9.820000000000000000e+03
-3.431100000000000000e+04,-3.032600000000000000e+04,-1.433200000000000000e+04,-3.245800000000000000e+04,-3.538000000000000000e+04,-3.398500000000000000e+04,-1.550400000000000000e+04,1.824400000000000000e+04
-2.935800000000000000e+04,-9.618000000000000000e+03,-1.528400000000000000e+04,4.427000000000000000e+03,-3.795700000000000000e+04,1.278200000000000000e+04,-2.036500000000000000e+04,-1.991300000000000000e+04
-2.584700000000000000e+04,-1.078700000000000000e+04,-1.904200000000000000e+04,-2.949000000000000000e+04,-2.131400000000000000e+04,-1.566200000000000000e+04,-1.230500000000000000e+04,7.427000000000000000e+03
-1.905000000000000000e+04,-1.357600000000000000e+04,-1.629600000000000000e+04,-1.248100000000000000e+04,-2.941200000000000000e+04,-2.604100000000000000e+04,1.462100000000000000e+04,-1.598600000000000000e+04
-1.824400000000000000e+04,-2.457200000000000000e+04,-1.402600000000000000e+04,-8.165000000000000000e+03,1.573700000000000000e+04,-3.029100000000000000e+04,-3.551200000000000000e+04,-3.082300000000000000e+04
-3.847000000000000000e+03,-1.462400000000000000e+04,-2.118000000000000000e+04,-1.410900000000000000e+04,-1.269400000000000000e+04,1.889000000000000000e+03,-2.364100000000000000e+04,-3.066500000000000000e+04
-1.067600000000000000e+04,-2.262400000000000000e+04,-1.266400000000000000e+04,-9.947000000000000000e+03,-2.438400000000000000e+04,-5.715000000000000000e+03,-1.474900000000000000e+04,-4.429400000000000000e+04
-1.559000000000000000e+03,-2.030300000000000000e+04,-1.027700000000000000e+04,-4.419000000000000000e+03,-9.932000000000000000e+03,-1.538700000000000000e+04,-2.689100000000000000e+04,-4.612600000000000000e+04
-3.212900000000000000e+04,-1.101700000000000000e+04,-2.695700000000000000e+04,-1.220800000000000000e+04,-1.676400000000000000e+04,-1.732500000000000000e+04,7.029000000000000000e+03,-2.760200000000000000e+04
-2.947700000000000000e+04,-2.660700000000000000e+04,-2.631800000000000000e+04,-3.779200000000000000e+04,-1.495000000000000000e+04,-3.590400000000000000e+04,-2.941200000000000000e+04,1.871800000000000000e+04
-2.832600000000000000e+04,-3.376700000000000000e+04,-1.254400000000000000e+04,-3.687300000000000000e+04,-3.193900000000000000e+04,-3.192700000000000000e+04,-3.199000000000000000e+04,2.491200000000000000e+04
-6.250000000000000000e+03,-1.965100000000000000e+04,-1.317400000000000000e+04,7.270000000000000000e+02,-1.779200000000000000e+04,-1.118600000000000000e+04,-3.506000000000000000e+03,-2.831500000000000000e+04
-2.670900000000000000e+04,-1.190100000000000000e+04,-4.276000000000000000e+03,-1.462500000000000000e+04,-2.487200000000000000e+04,-1.646400000000000000e+04,9.136000000000000000e+03,-2.959500000000000000e+04
-1.093300000000000000e+04,-2.142300000000000000e+04,-4.970000000000000000e+02,-2.067500000000000000e+04,1.384100000000000000e+04,-2.827200000000000000e+04,-3.604400000000000000e+04,-1.557200000000000000e+04
-4.528000000000000000e+03,-1.103700000000000000e+04,-1.586800000000000000e+04,-1.836900000000000000e+04,-2.364600000000000000e+04,1.519000000000000000e+04,-2.799300000000000000e+04,-3.655800000000000000e+04
-2.958200000000000000e+04,1.469400000000000000e+04,-2.151200000000000000e+04,-2.151000000000000000e+03,-4.058600000000000000e+04,-7.770000000000000000e+03,-1.369700000000000000e+04,-4.215400000000000000e+04
-2.542300000000000000e+04,-1.712400000000000000e+04,-2.485800000000000000e+04,-3.381800000000000000e+04,-2.535500000000000000e+04,-2.180500000000000000e+04,-2.383900000000000000e+04,1.686500000000000000e+04
-2.534800000000000000e+04,-2.043800000000000000e+04,-1.460400000000000000e+04,-3.229000000000000000e+03,-7.846000000000000000e+03,-8.793000000000000000e+03,-1.867700000000000000e+04,-3.826000000000000000e+04
-2.474100000000000000e+04,-1.730300000000000000e+04,2.946000000000000000e+03,-1.814900000000000000e+04,-9.824000000000000000e+03,-3.557200000000000000e+04,-1.106300000000000000e+04,-3.418000000000000000e+03
-2.866700000000000000e+04,-8.581000000000000000e+03,-8.486000000000000000e+03,-2.735700000000000000e+04,-1.813600000000000000e+04,-2.928000000000000000e+04,-2.727300000000000000e+04,1.429500000000000000e+04
-2.068900000000000000e+04,-1.545400000000000000e+04,-1.377400000000000000e+04,-1.188700000000000000e+04,-2.511800000000000000e+04,-2.032300000000000000e+04,1.105900000000000000e+04,-4.819600000000000000e+04
-4.114700000000000000e+04,9.743000000000000000e+03,-1.248100000000000000e+04,-7.190000000000000000e+03,-3.128600000000000000e+04,-2.392500000000000000e+04,-2.269700000000000000e+04,-2.016800000000000000e+04
-2.601400000000000000e+04,-3.224000000000000000e+03,-2.703200000000000000e+04,-2.217200000000000000e+04,-1.782200000000000000e+04,-2.681800000000000000e+04,-1.313000000000000000e+03,-1.298600000000000000e+04
-4.108100000000000000e+04,-2.070500000000000000e+04,-2.607100000000000000e+04,-1.983500000000000000e+04,-2.860900000000000000e+04,-2.790100000000000000e+04,1.637600000000000000e+04,-3.619700000000000000e+04
-3.082400000000000000e+04,-1.910000000000000000e+04,-9.228000000000000000e+03,-3.285700000000000000e+04,-3.047000000000000000e+04,-3.066700000000000000e+04,-2.730700000000000000e+04,1.563900000000000000e+04
-2.447400000000000000e+04,-1.875900000000000000e+04,-1.446800000000000000e+04,-2.301800000000000000e+04,-1.848100000000000000e+04,-2.270200000000000000e+04,9.377000000000000000e+03,-2.895100000000000000e+04
-1.496000000000000000e+04,1.626600000000000000e+04,-2.419100000000000000e+04,-1.495600000000000000e+04,-4.439600000000000000e+04,-1.771200000000000000e+04,-2.320200000000000000e+04,-3.854800000000000000e+04
-2.925600000000000000e+04,-1.309900000000000000e+04,-1.526800000000000000e+04,-4.736000000000000000e+03,-2.457300000000000000e+04,-1.790000000000000000e+04,1.062700000000000000e+04,-3.404900000000000000e+04
-3.069800000000000000e+04,-1.855300000000000000e+04,-1.949400000000000000e+04,-1.093000000000000000e+04,-3.108400000000000000e+04,-1.544000000000000000e+04,1.663600000000000000e+04,-3.363300000000000000e+04
-2.651200000000000000e+04,-2.196900000000000000e+04,-1.422300000000000000e+04,-2.411800000000000000e+04,-3.248300000000000000e+04,1.881000000000000000e+03,2.696000000000000000e+03,-2.311900000000000000e+04
-3.060200000000000000e+04,1.718400000000000000e+04,-2.530300000000000000e+04,-8.515000000000000000e+03,-4.342400000000000000e+04,-2.958700000000000000e+04,-2.486900000000000000e+04,-2.866700000000000000e+04
-3.981200000000000000e+04,9.075000000000000000e+03,-1.498200000000000000e+04,-1.387800000000000000e+04,-3.406200000000000000e+04,-1.675800000000000000e+04,-1.355000000000000000e+03,-3.706900000000000000e+04
-3.343500000000000000e+04,-1.669000000000000000e+04,-3.546800000000000000e+04,-2.327800000000000000e+04,-2.798700000000000000e+04,-1.784200000000000000e+04,2.662100000000000000e+04,-1.883300000000000000e+04
-1.417700000000000000e+04,-1.716600000000000000e+04,-1.971300000000000000e+04,-5.350000000000000000e+03,-1.506000000000000000e+04,-1.578900000000000000e+04,7.411000000000000000e+03,-2.119900000000000000e+04
-2.187100000000000000e+04,-1.559400000000000000e+04,-1.395100000000000000e+04,1.227300000000000000e+04,-3.268800000000000000e+04,-1.305100000000000000e+04,-1.327700000000000000e+04,-3.839000000000000000e+04
-4.166900000000000000e+04,-1.968700000000000000e+04,-1.688400000000000000e+04,-3.408000000000000000e+04,-2.436300000000000000e+04,-5.579800000000000000e+04,-2.169400000000000000e+04,8.291000000000000000e+03
-9.991000000000000000e+03,-6.594000000000000000e+03,-1.108200000000000000e+04,3.414000000000000000e+03,-2.240700000000000000e+04,-6.993000000000000000e+03,-2.966700000000000000e+04,-3.237000000000000000e+04
-1.794700000000000000e+04,2.380000000000000000e+02,-1.338200000000000000e+04,-2.152200000000000000e+04,-2.340400000000000000e+04,-2.014700000000000000e+04,-1.141500000000000000e+04,-1.528000000000000000e+04
-3.360700000000000000e+04,-1.972000000000000000e+04,-2.204400000000000000e+04,-2.621000000000000000e+04,-2.198100000000000000e+04,-2.527500000000000000e+04,-2.030800000000000000e+04,2.685700000000000000e+04
-2.896500000000000000e+04,-3.129000000000000000e+04,-1.166700000000000000e+04,-2.463000000000000000e+04,-3.574900000000000000e+04,-2.494400000000000000e+04,-1.881000000000000000e+04,1.517900000000000000e+04
-2.346000000000000000e+03,-1.006200000000000000e+04,-2.351000000000000000e+04,-1.325200000000000000e+04,-2.647800000000000000e+04,-4.348000000000000000e+03,-1.966000000000000000e+04,-3.214700000000000000e+04
-3.015600000000000000e+04,-1.517900000000000000e+04,-1.178800000000000000e+04,1.822800000000000000e+04,-4.269400000000000000e+04,-5.562000000000000000e+03,-3.527000000000000000e+04,-4.598700000000000000e+04
-2.687200000000000000e+04,1.787200000000000000e+04,-2.127300000000000000e+04,-1.434300000000000000e+04,-4.549000000000000000e+04,-1.302300000000000000e+04,-1.969500000000000000e+04,-4.374600000000000000e+04
-2.658100000000000000e+04,-1.277500000000000000e+04,-1.143400000000000000e+04,-2.715600000000000000e+04,-8.170000000000000000e+03,-2.633000000000000000e+04,-1.926200000000000000e+04,-6.618000000000000000e+03
1.357700000000000000e+04,-2.426200000000000000e+04,-1.745000000000000000e+04,-1.737000000000000000e+03,-1.277400000000000000e+04,-3.788000000000000000e+03,-3.704400000000000000e+04,-4.405400000000000000e+04
1.645100000000000000e+04,-2.163200000000000000e+04,-1.985900000000000000e+04,-2.157400000000000000e+04,-2.240300000000000000e+04,1.069800000000000000e+04,-2.955200000000000000e+04,-4.655100000000000000e+04
-2.849400000000000000e+04,-1.864500000000000000e+04,-9.226000000000000000e+03,-2.314900000000000000e+04,-2.348300000000000000e+04,-2.683600000000000000e+04,-1.831900000000000000e+04,4.975000000000000000e+03
-3.149000000000000000e+04,-2.577700000000000000e+04,1.442400000000000000e+04,-1.496000000000000000e+04,-1.719300000000000000e+04,-2.726500000000000000e+04,-2.745400000000000000e+04,-2.610000000000000000e+04
-2.751600000000000000e+04,-1.895500000000000000e+04,-1.668300000000000000e+04,-2.345500000000000000e+04,-2.349400000000000000e+04,-1.651100000000000000e+04,2.143600000000000000e+04,-1.382100000000000000e+04
-1.777600000000000000e+04,-2.702800000000000000e+04,-1.771800000000000000e+04,-2.902100000000000000e+04,-1.712400000000000000e+04,-2.954400000000000000e+04,-2.990200000000000000e+04,1.388500000000000000e+04
-3.388600000000000000e+04,1.278200000000000000e+04,-1.410600000000000000e+04,-1.321300000000000000e+04,-3.324200000000000000e+04,-1.771600000000000000e+04,-2.829000000000000000e+03,-3.992000000000000000e+04
-1.885400000000000000e+04,-1.600000000000000000e+04,-2.012100000000000000e+04,5.843000000000000000e+03,-1.807000000000000000e+04,2.462000000000000000e+03,-2.018200000000000000e+04,-3.255400000000000000e+04
-3.439400000000000000e+04,-2.241200000000000000e+04,-1.532100000000000000e+04,-1.702200000000000000e+04,-3.417600000000000000e+04,-1.307400000000000000e+04,2.439200000000000000e+04,-3.013800000000000000e+04
-1.216000000000000000e+03,-2.924300000000000000e+04,-1.813700000000000000e+04,-7.304000000000000000e+03,-1.914800000000000000e+04,2.497000000000000000e+03,-3.477200000000000000e+04,-6.514600000000000000e+04
-3.488600000000000000e+04,-1.260600000000000000e+04,-2.051000000000000000e+04,-5.840000000000000000e+03,-3.031200000000000000e+04,-1.101100000000000000e+04,1.990800000000000000e+04,-2.640100000000000000e+04
-1.873000000000000000e+03,2.203500000000000000e+04,-6.835000000000000000e+03,-2.400700000000000000e+04,-2.899000000000000000e+04,-3.413800000000000000e+04,-2.448200000000000000e+04,-4.152100000000000000e+04
-2.528200000000000000e+04,-2.438400000000000000e+04,-1.433400000000000000e+04,-2.230100000000000000e+04,-2.444800000000000000e+04,-2.006000000000000000e+04,2.373900000000000000e+04,-2.163200000000000000e+04
-1.481000000000000000e+03,-2.624300000000000000e+04,-1.607000000000000000e+04,-6.682000000000000000e+03,-9.814000000000000000e+03,-1.348400000000000000e+04,-3.467700000000000000e+04,-4.688600000000000000e+04
-2.745800000000000000e+04,-2.087400000000000000e+04,-2.614600000000000000e+04,-3.210000000000000000e+04,-3.049300000000000000e+04,-2.462000000000000000e+04,-2.009000000000000000e+04,2.906400000000000000e+04
-3.098700000000000000e+04,-2.414800000000000000e+04,-1.898800000000000000e+04,-2.615900000000000000e+04,-1.247400000000000000e+04,-1.024700000000000000e+04,2.562600000000000000e+04,-6.097000000000000000e+03
-9.403000000000000000e+03,-1.208100000000000000e+04,-2.088500000000000000e+04,-1.924200000000000000e+04,-3.382000000000000000e+03,-2.002100000000000000e+04,-8.011000000000000000e+03,-1.487400000000000000e+04
4.218000000000000000e+03,-1.892000000000000000e+03,-8.632000000000000000e+03,-6.908000000000000000e+03,-2.219900000000000000e+04,-1.893200000000000000e+04,-4.290000000000000000e+03,-2.965800000000000000e+04
-2.916800000000000000e+04,2.304900000000000000e+04,-1.961700000000000000e+04,-8.948000000000000000e+03,-2.846500000000000000e+04,-2.896200000000000000e+04,-2.594500000000000000e+04,-4.135400000000000000e+04
-4.049000000000000000e+04,-2.001200000000000000e+04,2.240000000000000000e+03,-2.445400000000000000e+04,-2.008500000000000000e+04,-4.506500000000000000e+04,-3.104300000000000000e+04,-1.260000000000000000e+02
-1.416400000000000000e+04,-1.047700000000000000e+04,-1.720900000000000000e+04,-3.026000000000000000e+03,-2.286000000000000000e+04,1.059000000000000000e+03,-2.506100000000000000e+04,-4.963900000000000000e+04
5.522000000000000000e+03,-2.105100000000000000e+04,-2.047100000000000000e+04,-4.697000000000000000e+03,-3.551600000000000000e+04,8.060000000000000000e+03,-2.752600000000000000e+04,-4.693600000000000000e+04
-8.606000000000000000e+03,-1.106000000000000000e+04,-1.869500000000000000e+04,5.060000000000000000e+03,-3.337800000000000000e+04,1.633000000000000000e+03,-2.358000000000000000e+04,-2.586200000000000000e+04
-2.860300000000000000e+04,1.402700000000000000e+04,-2.264100000000000000e+04,-6.820000000000000000e+03,-5.409400000000000000e+04,-8.365000000000000000e+03,-1.825900000000000000e+04,-3.618600000000000000e+04
-3.369600000000000000e+04,-2.393300000000000000e+04,-7.798000000000000000e+03,-2.673100000000000000e+04,-2.945800000000000000e+04,-2.965200000000000000e+04,-2.721600000000000000e+04,-2.289000000000000000e+03
-8.445000000000000000e+03,-2.094900000000000000e+04,-1.377600000000000000e+04,-1.225400000000000000e+04,-1.532900000000000000e+04,4.015000000000000000e+03,-1.008400000000000000e+04,-3.054700000000000000e+04
-2.010100000000000000e+04,-6.600000000000000000e+01,-2.329200000000000000e+04,-2.060500000000000000e+04,-3.743300000000000000e+04,1.664000000000000000e+03,-2.569800000000000000e+04,-3.669800000000000000e+04
-1.573700000000000000e+04,-9.539000000000000000e+03,-2.016000000000000000e+04,-8.147000000000000000e+03,-1.498500000000000000e+04,-2.358900000000000000e+04,1.869000000000000000e+04,-2.345500000000000000e+04
-2.472700000000000000e+04,-7.655000000000000000e+03,-2.925500000000000000e+04,-6.917000000000000000e+03,-2.427400000000000000e+04,-1.772900000000000000e+04,1.771200000000000000e+04,-2.554600000000000000e+04
-2.643700000000000000e+04,8.313000000000000000e+03,-2.123500000000000000e+04,-1.546100000000000000e+04,-6.045000000000000000e+04,1.152400000000000000e+04,-3.021800000000000000e+04,-4.872400000000000000e+04
-3.471500000000000000e+04,-2.985100000000000000e+04,-1.755800000000000000e+04,-4.988000000000000000e+03,-2.962100000000000000e+04,4.201000000000000000e+03,-6.988000000000000000e+03,-4.129700000000000000e+04
-1.758800000000000000e+04,-1.118400000000000000e+04,4.759000000000000000e+03,-2.105200000000000000e+04,-1.880300000000000000e+04,-3.752900000000000000e+04,-1.896000000000000000e+04,-2.869000000000000000e+03
-3.228000000000000000e+04,-2.258700000000000000e+04,1.324600000000000000e+04,-2.071200000000000000e+04,-5.908000000000000000e+03,-2.687000000000000000e+04,-2.049000000000000000e+03,-2.443100000000000000e+04
-4.855100000000000000e+04,-2.919500000000000000e+04,-1.095300000000000000e+04,-2.397500000000000000e+04,-1.412400000000000000e+04,-4.437000000000000000e+04,-2.480300000000000000e+04,-1.692000000000000000e+03
-2.415400000000000000e+04,-2.274700000000000000e+04,-2.441600000000000000e+04,-3.647700000000000000e+04,-2.628000000000000000e+04,-2.785200000000000000e+04,-2.417500000000000000e+04,2.149600000000000000e+04
-3.140000000000000000e+03,-1.820700000000000000e+04,-1.929700000000000000e+04,-1.108300000000000000e+04,-2.198000000000000000e+03,-1.651000000000000000e+04,-3.179200000000000000e+04,-2.289400000000000000e+04
-3.045100000000000000e+04,-1.800200000000000000e+04,-1.487800000000000000e+04,1.970800000000000000e+04,-2.557000000000000000e+03,-5.483000000000000000e+03,-1.353500000000000000e+04,-4.858900000000000000e+04
1.970100000000000000e+04,-1.563300000000000000e+04,-2.084700000000000000e+04,3.065000000000000000e+03,-8.690000000000000000e+03,-5.381000000000000000e+03,-2.983200000000000000e+04,-4.303800000000000000e+04
-2.054600000000000000e+04,-1.402000000000000000e+04,-1.894500000000000000e+04,-1.325600000000000000e+04,-2.174700000000000000e+04,-1.706900000000000000e+04,1.960700000000000000e+04,-2.156000000000000000e+04
-3.292800000000000000e+04,-1.212900000000000000e+04,-1.619600000000000000e+04,-2.917100000000000000e+04,-6.529000000000000000e+03,-1.042700000000000000e+04,1.667900000000000000e+04,-1.627800000000000000e+04
-2.283800000000000000e+04,-1.326900000000000000e+04,-2.672500000000000000e+04,9.876000000000000000e+03,-2.925200000000000000e+04,-6.980000000000000000e+03,-1.733500000000000000e+04,-2.543600000000000000e+04
-3.311200000000000000e+04,-4.294000000000000000e+03,-2.283600000000000000e+04,-1.424600000000000000e+04,-3.276300000000000000e+04,-2.174100000000000000e+04,2.407200000000000000e+04,-1.762100000000000000e+04
-1.463900000000000000e+04,-2.801600000000000000e+04,-1.993400000000000000e+04,-1.961900000000000000e+04,-7.108000000000000000e+03,-2.644600000000000000e+04,-1.243400000000000000e+04,-1.681300000000000000e+04
-9.378000000000000000e+03,-1.825000000000000000e+03,-2.304300000000000000e+04,-7.954000000000000000e+03,-3.813900000000000000e+04,-2.479500000000000000e+04,-1.359900000000000000e+04,-2.092000000000000000e+04
-3.125000000000000000e+04,-6.111000000000000000e+03,-1.263100000000000000e+04,-1.751000000000000000e+04,-3.215500000000000000e+04,-1.508200000000000000e+04,1.213600000000000000e+04,-3.188700000000000000e+04
-2.442400000000000000e+04,-1.582500000000000000e+04,-1.625200000000000000e+04,-2.704900000000000000e+04,-1.261400000000000000e+04,-2.914700000000000000e+04,1.360300000000000000e+04,-1.897300000000000000e+04
-3.013400000000000000e+04,-8.824000000000000000e+03,-1.625300000000000000e+04,1.084000000000000000e+03,-3.038800000000000000e+04,-1.115300000000000000e+04,-1.541200000000000000e+04,-3.435600000000000000e+04
-3.028100000000000000e+04,-2.056700000000000000e+04,-2.822900000000000000e+04,-8.634000000000000000e+03,-2.881300000000000000e+04,1.143200000000000000e+04,-2.880900000000000000e+04,-5.592000000000000000e+04
-3.419800000000000000e+04,-4.417000000000000000e+03,-2.211700000000000000e+04,-1.528600000000000000e+04,-3.312100000000000000e+04,-3.398300000000000000e+04,1.333400000000000000e+04,-2.868000000000000000e+04
-1.767700000000000000e+04,5.771000000000000000e+03,-1.229200000000000000e+04,-2.419800000000000000e+04,-3.311200000000000000e+04,-2.688200000000000000e+04,-1.437500000000000000e+04,-3.089300000000000000e+04
-1.771500000000000000e+04,-4.437000000000000000e+03,-1.750900000000000000e+04,-1.966000000000000000e+03,-2.491200000000000000e+04,-2.295100000000000000e+04,7.664000000000000000e+03,-1.736600000000000000e+04
-8.835000000000000000e+03,-1.744400000000000000e+04,-2.660800000000000000e+04,-9.151000000000000000e+03,-1.623500000000000000e+04,6.713000000000000000e+03,-1.534500000000000000e+04,-2.981300000000000000e+04
-2.940500000000000000e+04,-1.351900000000000000e+04,-3.010400000000000000e+04,-2.044400000000000000e+04,-2.105100000000000000e+04,-1.082700000000000000e+04,1.223000000000000000e+04,-2.713300000000000000e+04
-7.022000000000000000e+03,-2.514400000000000000e+04,-2.528900000000000000e+04,-1.176600000000000000e+04,-1.222900000000000000e+04,5.200000000000000000e+03,-1.746900000000000000e+04,-1.593800000000000000e+04
-2.937400000000000000e+04,-1.258800000000000000e+04,-2.131300000000000000e+04,-3.580300000000000000e+04,-2.468600000000000000e+04,-2.084800000000000000e+04,-1.828500000000000000e+04,1.807700000000000000e+04
-1.268900000000000000e+04,1.062100000000000000e+04,-1.753200000000000000e+04,-5.556000000000000000e+03,-4.419100000000000000e+04,-9.777000000000000000e+03,-3.427400000000000000e+04,-3.298100000000000000e+04
-3.824000000000000000e+04,-2.361900000000000000e+04,-2.116000000000000000e+04,-1.196800000000000000e+04,-2.663300000000000000e+04,-8.562000000000000000e+03,1.379600000000000000e+04,-2.850600000000000000e+04
-4.094000000000000000e+04,-2.867600000000000000e+04,-2.208700000000000000e+04,-4.891300000000000000e+04,-3.170700000000000000e+04,-5.090600000000000000e+04,-3.744300000000000000e+04,2.336600000000000000e+04
-3.661500000000000000e+04,-2.396500000000000000e+04,-1.478000000000000000e+04,-2.674600000000000000e+04,-2.049800000000000000e+04,-2.525200000000000000e+04,-2.229400000000000000e+04,3.229000000000000000e+03
-2.322900000000000000e+04,3.002200000000000000e+04,-2.291400000000000000e+04,-1.708400000000000000e+04,-6.284200000000000000e+04,-4.136800000000000000e+04,-3.906400000000000000e+04,-4.391400000000000000e+04
-3.069900000000000000e+04,-2.324400000000000000e+04,-1.936300000000000000e+04,-3.824100000000000000e+04,-2.506300000000000000e+04,-3.756100000000000000e+04,-3.600900000000000000e+04,1.633500000000000000e+04
-2.931200000000000000e+04,-2.274100000000000000e+04,-3.008700000000000000e+04,-2.501900000000000000e+04,-3.193800000000000000e+04,-2.162900000000000000e+04,-1.615100000000000000e+04,2.606800000000000000e+04
-2.561600000000000000e+04,-1.521100000000000000e+04,4.280000000000000000e+02,-3.012900000000000000e+04,-2.822300000000000000e+04,-1.644000000000000000e+03,2.128000000000000000e+04,-2.880400000000000000e+04
-1.946500000000000000e+04,-6.177000000000000000e+03,-1.327800000000000000e+04,6.174000000000000000e+03,-1.949900000000000000e+04,-2.650000000000000000e+03,-2.650600000000000000e+04,-3.945200000000000000e+04
-2.693100000000000000e+04,-1.128700000000000000e+04,-9.860000000000000000e+03,-2.303700000000000000e+04,-1.919200000000000000e+04,-5.932000000000000000e+03,1.364300000000000000e+04,-3.126600000000000000e+04
-7.878000000000000000e+03,-1.326700000000000000e+04,-2.003400000000000000e+04,9.241000000000000000e+03,-1.412000000000000000e+04,-2.697000000000000000e+03,-3.730300000000000000e+04,-5.126200000000000000e+04
-3.732300000000000000e+04,-2.702800000000000000e+04,-1.844000000000000000e+03,-3.605100000000000000e+04,-3.049700000000000000e+04,-4.414300000000000000e+04,-2.303100000000000000e+04,6.120000000000000000e+03
1.331400000000000000e+04,-2.275400000000000000e+04,-2.771500000000000000e+04,-1.352500000000000000e+04,-1.860700000000000000e+04,2.656000000000000000e+03,-2.869200000000000000e+04,-4.105800000000000000e+04
-1.372300000000000000e+04,-1.636500000000000000e+04,-1.266700000000000000e+04,8.450000000000000000e+02,-1.612200000000000000e+04,-1.132400000000000000e+04,-2.049200000000000000e+04,-4.418300000000000000e+04
-2.031600000000000000e+04,-2.613500000000000000e+04,-8.486000000000000000e+03,-2.237500000000000000e+04,1.425400000000000000e+04,-3.234500000000000000e+04,-2.887800000000000000e+04,-1.274100000000000000e+04
-3.252800000000000000e+04,1.740100000000000000e+04,-2.463500000000000000e+04,-1.573300000000000000e+04,-4.374000000000000000e+04,-2.583300000000000000e+04,-1.267300000000000000e+04,-3.175400000000000000e+04
-2.573700000000000000e+04,-1.725300000000000000e+04,-1.250000000000000000e+04,-2.999800000000000000e+04,-2.020400000000000000e+04,-3.077300000000000000e+04,-2.403800000000000000e+04,1.375200000000000000e+04
-3.431000000000000000e+03,-1.418600000000000000e+04,-1.381200000000000000e+04,1.480000000000000000e+02,-2.383700000000000000e+04,-1.369700000000000000e+04,-1.766100000000000000e+04,-3.858100000000000000e+04
-3.171200000000000000e+04,-2.679500000000000000e+04,-2.267800000000000000e+04,5.740000000000000000e+02,-1.628100000000000000e+04,-3.462000000000000000e+03,-1.343700000000000000e+04,-2.617100000000000000e+04
-4.206000000000000000e+04,-1.854100000000000000e+04,2.008100000000000000e+04,-2.280500000000000000e+04,-1.048800000000000000e+04,-2.998800000000000000e+04,-1.063400000000000000e+04,-2.951900000000000000e+04
-3.153600000000000000e+04,-3.256900000000000000e+04,-1.782000000000000000e+04,-1.282400000000000000e+04,1.121300000000000000e+04,-1.272200000000000000e+04,-2.731200000000000000e+04,-2.087400000000000000e+04
-2.595300000000000000e+04,-2.232900000000000000e+04,-1.344000000000000000e+03,-2.736400000000000000e+04,-1.800000000000000000e+01,-3.558500000000000000e+04,-2.576000000000000000e+04,-3.220000000000000000e+02
-4.412900000000000000e+04,-2.784800000000000000e+04,-7.777000000000000000e+03,-1.649700000000000000e+04,-1.725500000000000000e+04,-3.552900000000000000e+04,-3.001000000000000000e+04,5.323000000000000000e+03
-2.553600000000000000e+04,-2.135500000000000000e+04,-5.701000000000000000e+03,-3.895000000000000000e+03,6.893000000000000000e+03,-3.460900000000000000e+04,-2.496500000000000000e+04,-1.930900000000000000e+04
-2.401600000000000000e+04,-7.384000000000000000e+03,-2.272400000000000000e+04,-5.700000000000000000e+02,-4.156800000000000000e+04,-1.127500000000000000e+04,-1.712600000000000000e+04,-4.469100000000000000e+04
-2.859900000000000000e+04,-2.283200000000000000e+04,-2.103800000000000000e+04,-1.564500000000000000e+04,-1.521400000000000000e+04,-1.932800000000000000e+04,-2.071300000000000000e+04,1.693300000000000000e+04
-2.295900000000000000e+04,-1.123300000000000000e+04,-1.649800000000000000e+04,5.256000000000000000e+03,-3.071100000000000000e+04,-6.838000000000000000e+03,-3.420600000000000000e+04,-3.762200000000000000e+04
-3.573100000000000000e+04,-2.591500000000000000e+04,-2.405000000000000000e+03,-1.216300000000000000e+04,-9.807000000000000000e+03,-2.823500000000000000e+04,-1.680800000000000000e+04,1.002000000000000000e+03
-2.950800000000000000e+04,1.976400000000000000e+04,-2.353200000000000000e+04,-1.396400000000000000e+04,-5.846900000000000000e+04,-7.224000000000000000e+03,-3.645500000000000000e+04,-4.178700000000000000e+04
-1.357000000000000000e+03,4.514000000000000000e+03,-2.422300000000000000e+04,-2.392700000000000000e+04,-4.382000000000000000e+04,-2.043400000000000000e+04,-3.313900000000000000e+04,-4.601600000000000000e+04
9.611000000000000000e+03,-1.777700000000000000e+04,-2.544100000000000000e+04,-7.082000000000000000e+03,-1.494400000000000000e+04,-7.040000000000000000e+03,-3.313300000000000000e+04,-3.027300000000000000e+04
-1.752900000000000000e+04,-2.102000000000000000e+04,-4.622000000000000000e+03,1.103600000000000000e+04,-1.103500000000000000e+04,-1.627000000000000000e+03,-2.312100000000000000e+04,-4.001700000000000000e+04
-3.186600000000000000e+04,-2.255600000000000000e+04,-2.605300000000000000e+04,-2.826700000000000000e+04,-3.136000000000000000e+04,-3.061500000000000000e+04,-2.487700000000000000e+04,1.729000000000000000e+04
-1.460000000000000000e+04,1.842800000000000000e+04,-1.926400000000000000e+04,-2.655500000000000000e+04,-3.534400000000000000e+04,-2.911000000000000000e+04,-2.444300000000000000e+04,-3.107700000000000000e+04
-1.160700000000000000e+04,-1.099200000000000000e+04,-8.768000000000000000e+03,-1.061000000000000000e+03,2.020000000000000000e+03,-1.569300000000000000e+04,-3.329400000000000000e+04,-1.431800000000000000e+04
-2.993500000000000000e+04,2.379500000000000000e+04,-2.599200000000000000e+04,-2.795600000000000000e+04,-6.253200000000000000e+04,-3.037600000000000000e+04,-2.753400000000000000e+04,-3.450400000000000000e+04
-7.003000000000000000e+03,7.905000000000000000e+03,-2.637000000000000000e+04,-1.915100000000000000e+04,-3.624200000000000000e+04,-2.254500000000000000e+04,-1.358300000000000000e+04,-4.616000000000000000e+04
-2.877900000000000000e+04,-2.162400000000000000e+04,-2.059700000000000000e+04,-2.540800000000000000e+04,-2.612600000000000000e+04,-6.627000000000000000e+03,1.777600000000000000e+04,-3.471000000000000000e+04
3.664000000000000000e+03,-2.016000000000000000e+04,-3.654900000000000000e+04,-5.364000000000000000e+03,-1.990200000000000000e+04,-3.103000000000000000e+03,-2.253000000000000000e+04,-4.547500000000000000e+04
-1.657100000000000000e+04,-5.183000000000000000e+03,-2.001100000000000000e+04,-1.191800000000000000e+04,-1.521200000000000000e+04,-6.815000000000000000e+03,-2.000100000000000000e+04,-1.491300000000000000e+04
-2.025500000000000000e+04,-2.227700000000000000e+04,-2.062500000000000000e+04,6.060000000000000000e+03,-3.009100000000000000e+04,1.065800000000000000e+04,-2.238800000000000000e+04,-3.473300000000000000e+04
-1.926600000000000000e+04,-2.845600000000000000e+04,-2.769800000000000000e+04,-2.978000000000000000e+03,-2.616500000000000000e+04,7.742000000000000000e+03,-2.144400000000000000e+04,-4.025600000000000000e+04
-8.865000000000000000e+03,-2.197800000000000000e+04,-1.417200000000000000e+04,5.587000000000000000e+03,-1.365000000000000000e+03,-8.056000000000000000e+03,-1.518100000000000000e+04,-3.242400000000000000e+04
-2.632000000000000000e+04,4.868000000000000000e+03,-2.840200000000000000e+04,-1.219700000000000000e+04,-3.442300000000000000e+04,-1.046100000000000000e+04,-2.045600000000000000e+04,-2.314900000000000000e+04
-3.349500000000000000e+04,-2.764100000000000000e+04,-1.998200000000000000e+04,-3.452400000000000000e+04,-3.189500000000000000e+04,-2.818400000000000000e+04,-1.795500000000000000e+04,1.896200000000000000e+04
-2.324500000000000000e+04,2.301000000000000000e+03,-1.503700000000000000e+04,-1.115100000000000000e+04,-3.829300000000000000e+04,-9.584000000000000000e+03,-1.338400000000000000e+04,-4.111000000000000000e+04
-1.024400000000000000e+04,-1.536600000000000000e+04,-2.448900000000000000e+04,3.307000000000000000e+03,-4.716700000000000000e+04,-4.540000000000000000e+03,-3.481400000000000000e+04,-5.363800000000000000e+04
-1.233300000000000000e+04,1.937600000000000000e+04,-2.883500000000000000e+04,-2.138200000000000000e+04,-4.318300000000000000e+04,-2.602800000000000000e+04,-2.428500000000000000e+04,-4.652500000000000000e+04
-6.871000000000000000e+03,-1.606500000000000000e+04,-9.906000000000000000e+03,-8.098000000000000000e+03,3.995000000000000000e+03,-2.683600000000000000e+04,-2.968700000000000000e+04,-1.040000000000000000e+04
-2.763700000000000000e+04,-2.428100000000000000e+04,-1.737600000000000000e+04,-2.109600000000000000e+04,-3.073000000000000000e+04,-1.587400000000000000e+04,-2.103900000000000000e+04,1.770500000000000000e+04
-6.809000000000000000e+03,-1.504000000000000000e+04,-1.109900000000000000e+04,-1.999300000000000000e+04,-2.671000000000000000e+03,-2.299500000000000000e+04,-6.163000000000000000e+03,-3.030800000000000000e+04
-1.728600000000000000e+04,-2.420200000000000000e+04,-1.626200000000000000e+04,-1.251000000000000000e+03,-2.174300000000000000e+04,-1.623900000000000000e+04,-1.831300000000000000e+04,-3.931700000000000000e+04
-9.000000000000000000e+01,-1.791800000000000000e+04,-1.740900000000000000e+04,1.814000000000000000e+03,-2.990300000000000000e+04,4.127000000000000000e+03,-1.634900000000000000e+04,-2.342400000000000000e+04
-1.737100000000000000e+04,-1.351600000000000000e+04,-2.292200000000000000e+04,3.930000000000000000e+02,-1.563300000000000000e+04,1.342000000000000000e+03,3.814000000000000000e+03,-3.606300000000000000e+04
-3.737700000000000000e+04,1.639500000000000000e+04,-2.107800000000000000e+04,-5.034000000000000000e+03,-4.727200000000000000e+04,-2.284700000000000000e+04,-3.553300000000000000e+04,-4.072400000000000000e+04
-2.399300000000000000e+04,-3.790000000000000000e+03,-2.802000000000000000e+04,-1.768000000000000000e+04,-3.424200000000000000e+04,1.808000000000000000e+03,-1.648000000000000000e+04,-1.772800000000000000e+04
-1.366100000000000000e+04,-1.420200000000000000e+04,-1.693200000000000000e+04,-1.664500000000000000e+04,6.651000000000000000e+03,-2.682700000000000000e+04,-3.152700000000000000e+04,-1.635300000000000000e+04
-1.980100000000000000e+04,-1.413100000000000000e+04,-1.834600000000000000e+04,-3.336800000000000000e+04,-1.857500000000000000e+04,-2.727500000000000000e+04,-1.894800000000000000e+04,1.761100000000000000e+04
-3.155700000000000000e+04,-3.561100000000000000e+04,-1.091100000000000000e+04,-2.254500000000000000e+04,-3.963400000000000000e+04,-2.571100000000000000e+04,-1.321400000000000000e+04,2.370000000000000000e+02
-1.212000000000000000e+03,-1.843600000000000000e+04,-2.384400000000000000e+04,-6.710000000000000000e+03,-3.013300000000000000e+04,6.070000000000000000e+03,-3.157900000000000000e+04,-5.105000000000000000e+04
-1.900800000000000000e+04,-1.947300000000000000e+04,-2.061500000000000000e+04,7.916000000000000000e+03,-1.274300000000000000e+04,-1.215000000000000000e+03,-1.262900000000000000e+04,-2.776300000000000000e+04
-2.038100000000000000e+04,-2.390200000000000000e+04,-1.686100000000000000e+04,-2.024400000000000000e+04,-9.264000000000000000e+03,-1.032100000000000000e+04,-2.078800000000000000e+04,1.446200000000000000e+04
-3.005300000000000000e+04,-1.851800000000000000e+04,-1.548700000000000000e+04,-2.641200000000000000e+04,-2.974400000000000000e+04,-2.214900000000000000e+04,-1.698400000000000000e+04,9.587000000000000000e+03
-9.228000000000000000e+03,-2.068700000000000000e+04,-2.953700000000000000e+04,6.089000000000000000e+03,-1.237300000000000000e+04,-2.331000000000000000e+03,-2.275100000000000000e+04,-3.704300000000000000e+04
-3.026200000000000000e+04,-1.829600000000000000e+04,-1.198400000000000000e+04,4.469000000000000000e+03,-1.565500000000000000e+04,-1.402000000000000000e+04,-7.137000000000000000e+03,-4.601300000000000000e+04
-2.684200000000000000e+04,-2.664600000000000000e+04,-2.549200000000000000e+04,-6.555000000000000000e+03,-2.546900000000000000e+04,2.605000000000000000e+03,-1.490800000000000000e+04,-2.177400000000000000e+04
-2.895700000000000000e+04,7.913000000000000000e+03,-2.495500000000000000e+04,-1.433300000000000000e+04,-4.033900000000000000e+04,-4.633000000000000000e+03,-1.735000000000000000e+04,-3.883000000000000000e+04
-3.077700000000000000e+04,-2.288400000000000000e+04,-1.862200000000000000e+04,-2.878400000000000000e+04,-3.736600000000000000e+04,-9.197000000000000000e+03,1.100800000000000000e+04,-1.581900000000000000e+04
-1.483100000000000000e+04,-2.439000000000000000e+04,-1.211200000000000000e+04,-8.589000000000000000e+03,5.477000000000000000e+03,-3.420600000000000000e+04,-2.850600000000000000e+04,-1.553900000000000000e+04
-3.729400000000000000e+04,-1.728900000000000000e+04,-1.938600000000000000e+04,-1.721500000000000000e+04,-2.867600000000000000e+04,-2.247100000000000000e+04,2.218900000000000000e+04,-2.630300000000000000e+04
-1.686100000000000000e+04,-2.107600000000000000e+04,-2.562200000000000000e+04,5.072000000000000000e+03,-3.988700000000000000e+04,1.231900000000000000e+04,-2.411500000000000000e+04,-3.933200000000000000e+04
-1.480600000000000000e+04,-1.598600000000000000e+04,-1.687800000000000000e+04,-9.594000000000000000e+03,-1.406000000000000000e+04,1.068800000000000000e+04,-2.265200000000000000e+04,-3.159000000000000000e+04
-2.899800000000000000e+04,6.510000000000000000e+02,-3.265300000000000000e+04,-1.527700000000000000e+04,-4.432400000000000000e+04,-3.256000000000000000e+03,-1.061700000000000000e+04,-3.314200000000000000e+04
-3.589700000000000000e+04,1.568700000000000000e+04,-1.533600000000000000e+04,-1.400200000000000000e+04,-3.942800000000000000e+04,-9.948000000000000000e+03,-1.698800000000000000e+04,-2.578700000000000000e+04
-1.572300000000000000e+04,1.618100000000000000e+04,-2.151400000000000000e+04,-1.175800000000000000e+04,-4.252100000000000000e+04,-1.706500000000000000e+04,-2.104800000000000000e+04,-2.013900000000000000e+04
-1.383700000000000000e+04,-5.032000000000000000e+03,-1.251900000000000000e+04,-5.413000000000000000e+03,-2.791000000000000000e+03,-1.163200000000000000e+04,-2.820800000000000000e+04,-3.909700000000000000e+04
-3.259800000000000000e+04,-1.208500000000000000e+04,-1.790100000000000000e+04,-2.611500000000000000e+04,-3.576400000000000000e+04,-2.319900000000000000e+04,1.766200000000000000e+04,-2.648600000000000000e+04
-3.221300000000000000e+04,-3.013400000000000000e+04,-1.897200000000000000e+04,-2.252600000000000000e+04,6.038000000000000000e+03,-4.409000000000000000e+04,-2.276300000000000000e+04,-3.269000000000000000e+03
-1.588000000000000000e+03,-1.675700000000000000e+04,-2.191500000000000000e+04,4.600000000000000000e+03,-1.165300000000000000e+04,-4.449000000000000000e+03,-2.521700000000000000e+04,-1.922900000000000000e+04
-5.298800000000000000e+04,-2.803400000000000000e+04,-9.082000000000000000e+03,-3.047800000000000000e+04,-1.787200000000000000e+04,-4.486200000000000000e+04,-2.974500000000000000e+04,-2.611000000000000000e+03
-5.280000000000000000e+02,-1.599600000000000000e+04,-2.500600000000000000e+04,2.064000000000000000e+03,-1.192400000000000000e+04,-5.461000000000000000e+03,-2.458000000000000000e+04,-3.148900000000000000e+04
-2.447800000000000000e+04,2.849300000000000000e+04,-1.200900000000000000e+04,-2.597300000000000000e+04,-4.740400000000000000e+04,-1.806800000000000000e+04,-3.545900000000000000e+04,-3.129000000000000000e+04
-1.708500000000000000e+04,-1.427800000000000000e+04,-9.259000000000000000e+03,-1.908800000000000000e+04,-2.385400000000000000e+04,-1.696800000000000000e+04,1.707800000000000000e+04,-2.727500000000000000e+04
-3.401800000000000000e+04,-1.017600000000000000e+04,-2.175800000000000000e+04,-1.411600000000000000e+04,-2.155500000000000000e+04,-2.636100000000000000e+04,8.010000000000000000e+03,-3.388100000000000000e+04
-2.174500000000000000e+04,-1.635400000000000000e+04,5.520000000000000000e+02,-1.783800000000000000e+04,-3.025000000000000000e+03,-3.185700000000000000e+04,-2.153100000000000000e+04,-1.205800000000000000e+04
-2.221400000000000000e+04,-9.739000000000000000e+03,-1.487800000000000000e+04,-2.787600000000000000e+04,-2.528900000000000000e+04,-2.968000000000000000e+03,7.337000000000000000e+03,-2.509600000000000000e+04
3.561000000000000000e+03,-1.636000000000000000e+04,-1.696600000000000000e+04,-4.674000000000000000e+03,-6.810000000000000000e+03,-1.479200000000000000e+04,-1.708800000000000000e+04,-1.804200000000000000e+04
-3.079000000000000000e+04,-1.592200000000000000e+04,9.243000000000000000e+03,-1.473400000000000000e+04,-1.916600000000000000e+04,-1.839300000000000000e+04,-2.188500000000000000e+04,-9.898000000000000000e+03
-1.327200000000000000e+04,-8.732000000000000000e+03,-1.013200000000000000e+04,-5.080000000000000000e+03,-7.318000000000000000e+03,-8.004000000000000000e+03,-1.926900000000000000e+04,-7.871000000000000000e+03
-1.216000000000000000e+03,-2.483000000000000000e+04,-1.000500000000000000e+04,-1.905500000000000000e+04,1.581000000000000000e+03,-2.284000000000000000e+04,-2.136500000000000000e+04,-2.273600000000000000e+04
-1.072000000000000000e+03,-2.444100000000000000e+04,-2.253300000000000000e+04,-3.641000000000000000e+03,-1.509500000000000000e+04,-5.426000000000000000e+03,-1.957000000000000000e+04,-3.410400000000000000e+04
-1.204900000000000000e+04,1.846000000000000000e+04,-2.180100000000000000e+04,-1.668700000000000000e+04,-4.380400000000000000e+04,-1.615200000000000000e+04,-2.502500000000000000e+04,-2.907900000000000000e+04
-2.702900000000000000e+04,-2.633600000000000000e+04,-6.263000000000000000e+03,-5.787000000000000000e+03,-5.980000000000000000e+03,-1.004500000000000000e+04,-1.278000000000000000e+04,-2.718600000000000000e+04
-1.650300000000000000e+04,-2.158300000000000000e+04,-2.578200000000000000e+04,-4.204100000000000000e+04,-1.461800000000000000e+04,-2.621500000000000000e+04,1.895700000000000000e+04,-2.298000000000000000e+04
-1.263500000000000000e+04,-1.421900000000000000e+04,1.506000000000000000e+03,-2.296900000000000000e+04,-7.719000000000000000e+03,-1.273600000000000000e+04,-2.108400000000000000e+04,-2.601600000000000000e+04
-1.997000000000000000e+04,-6.374000000000000000e+03,-1.625700000000000000e+04,1.645400000000000000e+04,-2.977200000000000000e+04,1.380000000000000000e+03,-1.933300000000000000e+04,-5.833300000000000000e+04
-8.964000000000000000e+03,2.413000000000000000e+03,-1.939900000000000000e+04,-5.933000000000000000e+03,-2.490400000000000000e+04,-1.508800000000000000e+04,-1.354000000000000000e+04,-1.618100000000000000e+04
-3.304500000000000000e+04,-2.837400000000000000e+04,-2.126000000000000000e+04,-4.137900000000000000e+04,-2.532600000000000000e+04,-2.953200000000000000e+04,-2.245200000000000000e+04,1.538000000000000000e+04
-3.932900000000000000e+04,-2.984400000000000000e+04,-5.498000000000000000e+03,-4.217200000000000000e+04,-4.264800000000000000e+04,-4.568600000000000000e+04,-1.715800000000000000e+04,9.208000000000000000e+03
-3.410200000000000000e+04,2.692700000000000000e+04,-3.125300000000000000e+04,-1.761500000000000000e+04,-6.691700000000000000e+04,-1.287100000000000000e+04,-2.826500000000000000e+04,-4.132700000000000000e+04
-1.146400000000000000e+04,-6.560000000000000000e+03,-5.542000000000000000e+03,6.818000000000000000e+03,-1.453600000000000000e+04,-1.527600000000000000e+04,-1.991600000000000000e+04,-2.724200000000000000e+04
-2.942800000000000000e+04,-2.469000000000000000e+04,-9.375000000000000000e+03,-2.661400000000000000e+04,-3.608300000000000000e+04,-3.181600000000000000e+04,-2.453000000000000000e+04,2.091900000000000000e+04
-3.172200000000000000e+04,2.279800000000000000e+04,-1.829300000000000000e+04,-2.182600000000000000e+04,-4.386500000000000000e+04,-2.301800000000000000e+04,-2.554500000000000000e+04,-4.505100000000000000e+04
-1.494900000000000000e+04,9.852000000000000000e+03,-2.676500000000000000e+04,-1.047500000000000000e+04,-4.444800000000000000e+04,-7.278000000000000000e+03,-1.195300000000000000e+04,-4.383300000000000000e+04
-2.113800000000000000e+04,1.359000000000000000e+04,-1.937400000000000000e+04,-1.769000000000000000e+04,-3.131700000000000000e+04,-2.962400000000000000e+04,-1.359800000000000000e+04,-3.543500000000000000e+04
-2.579600000000000000e+04,-1.585400000000000000e+04,-1.806400000000000000e+04,-1.400000000000000000e+01,-2.845800000000000000e+04,1.147400000000000000e+04,-1.667300000000000000e+04,-3.176500000000000000e+04
-2.481700000000000000e+04,2.195600000000000000e+04,-2.037000000000000000e+04,-1.648900000000000000e+04,-3.988100000000000000e+04,-2.072500000000000000e+04,-9.147000000000000000e+03,-4.037500000000000000e+04
-3.864800000000000000e+04,-2.527000000000000000e+04,-2.484100000000000000e+04,-2.983900000000000000e+04,-3.439000000000000000e+04,-3.628600000000000000e+04,-2.557400000000000000e+04,1.712100000000000000e+04
-2.824000000000000000e+03,4.006100000000000000e+04,-1.760800000000000000e+04,-1.216800000000000000e+04,-6.030000000000000000e+04,-3.369600000000000000e+04,-3.892200000000000000e+04,-4.862900000000000000e+04
-1.291900000000000000e+04,-2.659200000000000000e+04,-1.591800000000000000e+04,-8.713000000000000000e+03,6.174000000000000000e+03,-1.907700000000000000e+04,-1.327600000000000000e+04,-3.530200000000000000e+04
-3.168000000000000000e+04,1.678700000000000000e+04,-2.806000000000000000e+04,-1.636300000000000000e+04,-5.191500000000000000e+04,-3.070000000000000000e+02,-1.743300000000000000e+04,-2.227500000000000000e+04
-3.801600000000000000e+04,-1.886200000000000000e+04,-1.232000000000000000e+04,-1.019200000000000000e+04,-3.819700000000000000e+04,-2.226300000000000000e+04,1.975000000000000000e+04,-3.988200000000000000e+04
-2.856400000000000000e+04,-1.782500000000000000e+04,-2.657800000000000000e+04,-2.049300000000000000e+04,-1.826300000000000000e+04,9.810000000000000000e+03,-2.972000000000000000e+03,-2.873400000000000000e+04
-1.030500000000000000e+04,-1.306300000000000000e+04,-8.335000000000000000e+03,-1.142100000000000000e+04,-4.046000000000000000e+03,-2.128700000000000000e+04,-1.728800000000000000e+04,-1.189600000000000000e+04
1.954600000000000000e+04,-1.334500000000000000e+04,-2.398400000000000000e+04,-8.244000000000000000e+03,-1.929900000000000000e+04,-2.359300000000000000e+04,-2.213800000000000000e+04,-3.737800000000000000e+04
-1.104800000000000000e+04,-1.747900000000000000e+04,-1.931600000000000000e+04,-1.882000000000000000e+03,-7.470000000000000000e+03,-9.036000000000000000e+03,-1.120600000000000000e+04,-2.435400000000000000e+04
9.150000000000000000e+02,-2.523200000000000000e+04,-6.523000000000000000e+03,-1.632800000000000000e+04,1.241800000000000000e+04,-2.129900000000000000e+04,-3.648200000000000000e+04,-3.864500000000000000e+04
-2.883800000000000000e+04,-1.529000000000000000e+04,-1.544500000000000000e+04,-1.794000000000000000e+04,-5.210400000000000000e+04,-2.095600000000000000e+04,1.030000000000000000e+04,-3.765900000000000000e+04
-9.019000000000000000e+03,-1.998300000000000000e+04,-1.637000000000000000e+04,-1.225100000000000000e+04,1.322000000000000000e+03,-1.297100000000000000e+04,-2.169200000000000000e+04,-2.837200000000000000e+04
-7.762000000000000000e+03,-1.358100000000000000e+04,-1.455300000000000000e+04,9.603000000000000000e+03,-2.269100000000000000e+04,-3.983000000000000000e+03,-2.935700000000000000e+04,-4.656600000000000000e+04
-1.931400000000000000e+04,-3.343700000000000000e+04,-6.771000000000000000e+03,-1.489100000000000000e+04,9.985000000000000000e+03,-2.078200000000000000e+04,-2.537000000000000000e+04,-2.486500000000000000e+04
-1.159300000000000000e+04,-1.521200000000000000e+04,-1.720500000000000000e+04,9.300000000000000000e+02,-1.172500000000000000e+04,-1.470000000000000000e+03,-1.445000000000000000e+04,-4.198000000000000000e+03
-2.085500000000000000e+04,-1.441300000000000000e+04,-2.181400000000000000e+04,3.830000000000000000e+02,-3.082500000000000000e+04,1.991800000000000000e+04,-1.468200000000000000e+04,-3.735700000000000000e+04
-3.331800000000000000e+04,-3.128300000000000000e+04,-1.653300000000000000e+04,-3.923000000000000000e+04,-3.602500000000000000e+04,-5.147000000000000000e+04,-3.556600000000000000e+04,2.060200000000000000e+04
-3.516500000000000000e+04,-2.478300000000000000e+04,-1.790900000000000000e+04,-4.292400000000000000e+04,-3.275600000000000000e+04,-3.220400000000000000e+04,-2.697600000000000000e+04,2.260400000000000000e+04
-1.658000000000000000e+03,-2.088000000000000000e+04,-2.452500000000000000e+04,-1.714400000000000000e+04,9.409000000000000000e+03,-1.914800000000000000e+04,-2.564500000000000000e+04,-1.437400000000000000e+04
-9.113000000000000000e+03,2.036900000000000000e+04,-2.483500000000000000e+04,-1.590600000000000000e+04,-3.624200000000000000e+04,-2.995300000000000000e+04,-2.947700000000000000e+04,-4.286100000000000000e+04
-3.132400000000000000e+04,-7.508000000000000000e+03,-2.331500000000000000e+04,-4.553000000000000000e+03,-3.771500000000000000e+04,-3.413100000000000000e+04,2.839000000000000000e+03,-2.240300000000000000e+04
-4.054200000000000000e+04,-1.985200000000000000e+04,-2.216700000000000000e+04,-2.245200000000000000e+04,-3.640800000000000000e+04,-1.711300000000000000e+04,1.043600000000000000e+04,-2.194500000000000000e+04
-3.126300000000000000e+04,-1.330400000000000000e+04,-1.989000000000000000e+04,-2.760500000000000000e+04,-3.201200000000000000e+04,-2.126800000000000000e+04,1.601400000000000000e+04,-2.742500000000000000e+04
-5.721000000000000000e+03,-1.861500000000000000e+04,-1.518200000000000000e+04,-3.573300000000000000e+04,-1.323900000000000000e+04,-1.885000000000000000e+04,1.441000000000000000e+04,-9.745000000000000000e+03
-2.048100000000000000e+04,-1.572000000000000000e+04,-1.864500000000000000e+04,-1.627500000000000000e+04,-2.718800000000000000e+04,-2.393800000000000000e+04,-1.679400000000000000e+04,2.260200000000000000e+04
-4.981000000000000000e+03,2.285100000000000000e+04,-2.549000000000000000e+04,-3.646700000000000000e+04,-5.797700000000000000e+04,-2.127000000000000000e+04,-3.456300000000000000e+04,-2.748200000000000000e+04
-2.099200000000000000e+04,-1.506700000000000000e+04,-1.296200000000000000e+04,1.923000000000000000e+03,-2.391000000000000000e+03,-3.323000000000000000e+03,-1.912800000000000000e+04,-4.174900000000000000e+04
1.065400000000000000e+04,-2.917500000000000000e+04,-2.071000000000000000e+04,-7.930000000000000000e+02,-2.121700000000000000e+04,-1.032200000000000000e+04,-3.265900000000000000e+04,-4.821000000000000000e+04
-2.704900000000000000e+04,-2.459600000000000000e+04,-1.761600000000000000e+04,5.125000000000000000e+03,-1.909700000000000000e+04,-6.380000000000000000e+03,-1.091000000000000000e+03,-2.453200000000000000e+04
-1.836400000000000000e+04,-1.337500000000000000e+04,-1.263700000000000000e+04,-1.484000000000000000e+04,-2.063600000000000000e+04,-1.580300000000000000e+04,-7.925000000000000000e+03,-2.727400000000000000e+04
-2.630000000000000000e+04,-3.284000000000000000e+03,-2.511900000000000000e+04,-2.209400000000000000e+04,-2.937400000000000000e+04,-1.837500000000000000e+04,1.880000000000000000e+03,-2.479000000000000000e+04
-1.778900000000000000e+04,-1.083700000000000000e+04,-2.127100000000000000e+04,-1.283000000000000000e+04,-2.465400000000000000e+04,-9.471000000000000000e+03,1.156800000000000000e+04,-2.524500000000000000e+04
-1.889400000000000000e+04,-1.599900000000000000e+04,-6.115000000000000000e+03,-2.869000000000000000e+03,-1.231200000000000000e+04,-2.258700000000000000e+04,-2.108400000000000000e+04,-2.300800000000000000e+04
-2.557700000000000000e+04,1.790000000000000000e+03,-3.827000000000000000e+03,-1.537200000000000000e+04,-3.225300000000000000e+04,-2.025800000000000000e+04,-1.287200000000000000e+04,-1.982900000000000000e+04
-2.284100000000000000e+04,-1.492000000000000000e+04,-1.657200000000000000e+04,5.590000000000000000e+02,-3.603500000000000000e+04,3.837000000000000000e+03,-1.763500000000000000e+04,-3.825700000000000000e+04
-1.994700000000000000e+04,2.540700000000000000e+04,-2.071800000000000000e+04,-1.938300000000000000e+04,-5.164800000000000000e+04,-2.067400000000000000e+04,-3.706800000000000000e+04,-4.917200000000000000e+04
-1.108900000000000000e+04,-1.988000000000000000e+04,-5.700000000000000000e+02,-3.116900000000000000e+04,-2.845600000000000000e+04,-1.238800000000000000e+04,-2.071900000000000000e+04,6.022000000000000000e+03
-2.839800000000000000e+04,2.055400000000000000e+04,-2.619700000000000000e+04,-9.728000000000000000e+03,-4.860700000000000000e+04,-2.715000000000000000e+03,-3.818800000000000000e+04,-4.622700000000000000e+04
-1.506100000000000000e+04,-2.788100000000000000e+04,-9.819000000000000000e+03,-2.270100000000000000e+04,-8.290000000000000000e+02,-2.899700000000000000e+04,-1.865100000000000000e+04,-1.403100000000000000e+04
-8.148000000000000000e+03,-1.047000000000000000e+04,-2.093200000000000000e+04,1.661600000000000000e+04,-2.445000000000000000e+04,-3.420000000000000000e+02,-1.245300000000000000e+04,-2.651600000000000000e+04
-5.562000000000000000e+03,-1.391200000000000000e+04,-1.928400000000000000e+04,9.309000000000000000e+03,-1.701600000000000000e+04,-1.461000000000000000e+04,-2.845200000000000000e+04,-2.596100000000000000e+04
-1.462700000000000000e+04,-9.875000000000000000e+03,1.194900000000000000e+04,-1.633100000000000000e+04,-8.997000000000000000e+03,-2.852100000000000000e+04,-1.119000000000000000e+04,-2.165100000000000000e+04
-1.814400000000000000e+04,-2.238200000000000000e+04,-1.010700000000000000e+04,-2.825500000000000000e+04,-1.996300000000000000e+04,-2.767500000000000000e+04,1.600300000000000000e+04,-1.542600000000000000e+04
-1.397100000000000000e+04,-1.678000000000000000e+04,1.298500000000000000e+04,-1.131900000000000000e+04,-1.119500000000000000e+04,-2.223400000000000000e+04,-1.347600000000000000e+04,-3.743300000000000000e+04
-3.094500000000000000e+04,2.556000000000000000e+03,-1.893300000000000000e+04,-2.401500000000000000e+04,-4.339300000000000000e+04,-1.593100000000000000e+04,-1.436000000000000000e+04,-2.234300000000000000e+04
-4.461900000000000000e+04,-2.763200000000000000e+04,-1.725100000000000000e+04,-3.019400000000000000e+04,-2.537700000000000000e+04,-2.279500000000000000e+04,-2.251400000000000000e+04,-3.756000000000000000e+03
-2.693300000000000000e+04,1.610800000000000000e+04,-2.165400000000000000e+04,-1.494100000000000000e+04,-3.821600000000000000e+04,-1.553900000000000000e+04,-1.532600000000000000e+04,-3.460500000000000000e+04
2.043000000000000000e+03,-2.160200000000000000e+04,-1.918200000000000000e+04,5.574000000000000000e+03,-8.910000000000000000e+03,-8.567000000000000000e+03,-2.724400000000000000e+04,-3.821200000000000000e+04
-1.912500000000000000e+04,-1.739100000000000000e+04,-2.198100000000000000e+04,5.620000000000000000e+02,-2.152000000000000000e+04,-2.130000000000000000e+02,-7.062000000000000000e+03,-3.232100000000000000e+04
-1.766200000000000000e+04,1.257900000000000000e+04,-3.051900000000000000e+04,-1.243100000000000000e+04,-4.636900000000000000e+04,-2.294200000000000000e+04,-1.998100000000000000e+04,-3.672500000000000000e+04
-1.267900000000000000e+04,-7.524000000000000000e+03,-1.574500000000000000e+04,-4.122000000000000000e+03,-4.519000000000000000e+04,1.241300000000000000e+04,-3.341600000000000000e+04,-4.066700000000000000e+04
-9.609000000000000000e+03,-5.983000000000000000e+03,-3.093100000000000000e+04,1.094000000000000000e+04,-2.715700000000000000e+04,-9.420000000000000000e+02,-1.780900000000000000e+04,-4.418900000000000000e+04
-1.609100000000000000e+04,1.833000000000000000e+03,-2.154400000000000000e+04,-5.724000000000000000e+03,-1.773400000000000000e+04,-7.618000000000000000e+03,-3.250800000000000000e+04,-4.510200000000000000e+04
-3.725800000000000000e+04,-2.768700000000000000e+04,2.239800000000000000e+04,-8.604000000000000000e+03,-2.851400000000000000e+04,-2.871100000000000000e+04,-1.697200000000000000e+04,-2.960700000000000000e+04
-2.712300000000000000e+04,-1.217800000000000000e+04,-1.366300000000000000e+04,-2.772300000000000000e+04,1.506800000000000000e+04,-3.031700000000000000e+04,-2.034100000000000000e+04,-5.746000000000000000e+03
-2.652000000000000000e+04,1.816300000000000000e+04,-2.363900000000000000e+04,-2.938800000000000000e+04,-4.198700000000000000e+04,-1.082400000000000000e+04,-1.634300000000000000e+04,-3.164300000000000000e+04
-1.851600000000000000e+04,-2.132000000000000000e+04,-2.659000000000000000e+03,-3.752400000000000000e+04,-5.208000000000000000e+03,-2.944500000000000000e+04,-2.384000000000000000e+04,1.660000000000000000e+02
-4.326000000000000000e+03,-2.095200000000000000e+04,-1.165800000000000000e+04,1.680000000000000000e+03,-2.258300000000000000e+04,1.615000000000000000e+03,-1.820600000000000000e+04,-3.563700000000000000e+04
-4.680700000000000000e+04,-1.608600000000000000e+04,-4.463000000000000000e+03,-5.046000000000000000e+03,-3.395900000000000000e+04,-1.305800000000000000e+04,4.932000000000000000e+03,-5.242500000000000000e+04
-2.801400000000000000e+04,-1.713300000000000000e+04,7.569000000000000000e+03,-7.486000000000000000e+03,-2.405800000000000000e+04,-2.205100000000000000e+04,-1.161000000000000000e+04,-2.473700000000000000e+04
3.512000000000000000e+03,-2.175600000000000000e+04,-1.544000000000000000e+04,-1.995300000000000000e+04,6.372000000000000000e+03,-2.366000000000000000e+04,-3.408700000000000000e+04,-2.907300000000000000e+04
-2.500400000000000000e+04,-5.621000000000000000e+03,-2.691200000000000000e+04,-1.201600000000000000e+04,-1.891200000000000000e+04,-2.081800000000000000e+04,8.740000000000000000e+03,-1.809400000000000000e+04
-6.992000000000000000e+03,-2.195900000000000000e+04,-1.683600000000000000e+04,-1.028300000000000000e+04,-3.744100000000000000e+04,2.731000000000000000e+03,-3.051700000000000000e+04,-4.296300000000000000e+04
-2.564700000000000000e+04,-2.105300000000000000e+04,-5.563000000000000000e+03,-9.841000000000000000e+03,-1.395900000000000000e+04,-1.571700000000000000e+04,4.289000000000000000e+03,-2.587600000000000000e+04
-2.215200000000000000e+04,-1.992200000000000000e+04,-2.425700000000000000e+04,-1.290900000000000000e+04,-2.426200000000000000e+04,-1.877100000000000000e+04,8.181000000000000000e+03,-2.285300000000000000e+04
-2.673700000000000000e+04,-3.057000000000000000e+03,-2.761400000000000000e+04,1.573500000000000000e+04,-5.610200000000000000e+04,-4.583000000000000000e+03,-2.518100000000000000e+04,-5.664900000000000000e+04
-6.737000000000000000e+03,5.412000000000000000e+03,-2.497700000000000000e+04,-1.195700000000000000e+04,-2.421300000000000000e+04,-9.242000000000000000e+03,-1.952400000000000000e+04,-2.069900000000000000e+04
-2.095700000000000000e+04,7.794000000000000000e+03,-2.502100000000000000e+04,-2.004200000000000000e+04,-3.527300000000000000e+04,-1.618600000000000000e+04,-9.199000000000000000e+03,-3.620400000000000000e+04
-3.860600000000000000e+04,-1.676800000000000000e+04,-3.580000000000000000e+03,-2.633700000000000000e+04,-2.270900000000000000e+04,-4.281900000000000000e+04,-2.288000000000000000e+04,5.213000000000000000e+03
3.985000000000000000e+03,-2.639500000000000000e+04,-8.938000000000000000e+03,-1.191400000000000000e+04,3.516000000000000000e+03,-1.928100000000000000e+04,-3.253900000000000000e+04,-3.392200000000000000e+04
-2.425800000000000000e+04,2.524300000000000000e+04,-2.241100000000000000e+04,-3.037300000000000000e+04,-5.664700000000000000e+04,-1.222100000000000000e+04,-1.130100000000000000e+04,-4.776700000000000000e+04
-1.438000000000000000e+04,-9.444000000000000000e+03,-2.143800000000000000e+04,-4.100000000000000000e+01,-3.830000000000000000e+04,5.646000000000000000e+03,-2.015000000000000000e+04,-3.561500000000000000e+04
-1.783900000000000000e+04,-8.316000000000000000e+03,-2.286800000000000000e+04,1.351300000000000000e+04,-2.842700000000000000e+04,-9.947000000000000000e+03,-1.663500000000000000e+04,-4.250300000000000000e+04
-1.483800000000000000e+04,-1.599500000000000000e+04,-1.928800000000000000e+04,-2.428000000000000000e+03,-6.575000000000000000e+03,-4.001000000000000000e+03,-1.586300000000000000e+04,-2.680700000000000000e+04
-2.816900000000000000e+04,-2.460000000000000000e+04,-1.587100000000000000e+04,-1.719600000000000000e+04,-2.718300000000000000e+04,-2.937300000000000000e+04,3.040000000000000000e+02,-2.082400000000000000e+04
-1.995100000000000000e+04,-1.729600000000000000e+04,-1.731800000000000000e+04,-3.159800000000000000e+04,-1.620500000000000000e+04,-1.273100000000000000e+04,-1.488900000000000000e+04,1.304800000000000000e+04
-4.427500000000000000e+04,-3.545500000000000000e+04,-1.845400000000000000e+04,-4.279400000000000000e+04,-3.791900000000000000e+04,-3.062500000000000000e+04,-2.431500000000000000e+04,1.370600000000000000e+04
-8.710000000000000000e+03,-1.537300000000000000e+04,-1.995400000000000000e+04,4.071000000000000000e+03,-3.776400000000000000e+04,-1.886000000000000000e+03,-2.704300000000000000e+04,-3.887300000000000000e+04
-3.921700000000000000e+04,2.430200000000000000e+04,-2.047600000000000000e+04,-1.565700000000000000e+04,-6.159300000000000000e+04,-1.277500000000000000e+04,-2.957600000000000000e+04,-2.826300000000000000e+04
-2.517700000000000000e+04,-6.459000000000000000e+03,-2.032800000000000000e+04,-3.759000000000000000e+03,-8.127000000000000000e+03,2.660000000000000000e+03,-1.705100000000000000e+04,-2.363700000000000000e+04
-2.032400000000000000e+04,-1.234200000000000000e+04,-1.982400000000000000e+04,4.792000000000000000e+03,-2.443800000000000000e+04,2.134600000000000000e+04,-2.210700000000000000e+04,-3.265000000000000000e+04
-4.223000000000000000e+03,-2.207900000000000000e+04,-1.095400000000000000e+04,3.242000000000000000e+03,-5.906000000000000000e+03,-2.653800000000000000e+04,-1.180400000000000000e+04,-2.785600000000000000e+04
-1.454000000000000000e+03,-1.978800000000000000e+04,-1.631900000000000000e+04,-6.355000000000000000e+03,-1.491200000000000000e+04,4.785000000000000000e+03,-2.533400000000000000e+04,-3.376100000000000000e+04
-2.217400000000000000e+04,2.735000000000000000e+04,-2.906500000000000000e+04,-2.870200000000000000e+04,-5.349900000000000000e+04,-7.805000000000000000e+03,-3.271700000000000000e+04,-3.688200000000000000e+04
-5.403000000000000000e+03,-6.422000000000000000e+03,4.858000000000000000e+03,-2.380100000000000000e+04,-1.958000000000000000e+04,-2.566300000000000000e+04,-2.268900000000000000e+04,-2.610400000000000000e+04
-8.368000000000000000e+03,-3.017400000000000000e+04,-1.382800000000000000e+04,-2.096000000000000000e+04,4.387000000000000000e+03,-1.635200000000000000e+04,-3.032800000000000000e+04,-2.195800000000000000e+04
-2.114200000000000000e+04,-1.433700000000000000e+04,-1.670000000000000000e+04,-1.535900000000000000e+04,-2.077600000000000000e+04,-1.084800000000000000e+04,1.282800000000000000e+04,-1.479700000000000000e+04
6.328000000000000000e+03,-1.578200000000000000e+04,-8.638000000000000000e+03,-7.870000000000000000e+02,-1.523900000000000000e+04,-1.708100000000000000e+04,-3.629200000000000000e+04,-4.403100000000000000e+04
-3.202500000000000000e+04,-1.260300000000000000e+04,-2.350800000000000000e+04,-2.231300000000000000e+04,-3.314000000000000000e+04,-2.737000000000000000e+03,5.080000000000000000e+02,-3.823200000000000000e+04
-7.749000000000000000e+03,-2.427400000000000000e+04,-2.137200000000000000e+04,-1.247900000000000000e+04,-1.393900000000000000e+04,2.563100000000000000e+04,-1.028200000000000000e+04,-3.083300000000000000e+04
-2.789900000000000000e+04,-1.671200000000000000e+04,-1.814800000000000000e+04,-7.744000000000000000e+03,-2.130500000000000000e+04,-3.506800000000000000e+04,1.696300000000000000e+04,-2.913300000000000000e+04
2.400000000000000000e+02,-2.332100000000000000e+04,-1.382600000000000000e+04,-7.066000000000000000e+03,-2.316400000000000000e+04,-8.330000000000000000e+03,-2.770100000000000000e+04,-3.951800000000000000e+04
-1.675200000000000000e+04,-2.704300000000000000e+04,-2.344500000000000000e+04,-2.467100000000000000e+04,-2.553200000000000000e+04,-2.798900000000000000e+04,-2.240800000000000000e+04,2.845900000000000000e+04
-2.847500000000000000e+04,-1.387000000000000000e+03,-2.298000000000000000e+04,-2.608200000000000000e+04,-2.235100000000000000e+04,-2.339200000000000000e+04,1.677000000000000000e+04,-1.710900000000000000e+04
-1.640200000000000000e+04,-2.193800000000000000e+04,-1.888200000000000000e+04,6.160000000000000000e+02,-2.249000000000000000e+03,-6.926000000000000000e+03,-1.489000000000000000e+04,-1.121900000000000000e+04
-3.093200000000000000e+04,-2.643000000000000000e+04,1.247700000000000000e+04,-3.427900000000000000e+04,-9.375000000000000000e+03,-3.745000000000000000e+04,-1.456100000000000000e+04,-4.142000000000000000e+03
-4.008200000000000000e+04,-2.556500000000000000e+04,-2.495700000000000000e+04,-3.943800000000000000e+04,-4.014300000000000000e+04,-2.457900000000000000e+04,-2.882300000000000000e+04,2.690500000000000000e+04
4.194000000000000000e+03,-2.112300000000000000e+04,-1.156700000000000000e+04,-1.601700000000000000e+04,7.730000000000000000e+03,-1.256000000000000000e+04,-2.728100000000000000e+04,-3.488400000000000000e+04
6.733000000000000000e+03,-1.461800000000000000e+04,-1.207100000000000000e+04,-1.254800000000000000e+04,-9.525000000000000000e+03,-1.150700000000000000e+04,-2.767300000000000000e+04,-2.664000000000000000e+04
-2.721700000000000000e+04,-1.521300000000000000e+04,-2.874900000000000000e+04,3.932000000000000000e+03,-3.630500000000000000e+04,1.462000000000000000e+03,-2.894600000000000000e+04,-4.831200000000000000e+04
-2.845800000000000000e+04,-1.236600000000000000e+04,-8.541000000000000000e+03,-1.330300000000000000e+04,-3.649900000000000000e+04,-3.861500000000000000e+04,-2.525700000000000000e+04,-1.114000000000000000e+03
-9.412000000000000000e+03,1.866000000000000000e+03,-9.450000000000000000e+02,-8.574000000000000000e+03,-3.081900000000000000e+04,-1.328400000000000000e+04,-1.525800000000000000e+04,-4.234200000000000000e+04
-3.247600000000000000e+04,1.195800000000000000e+04,-2.487300000000000000e+04,-9.111000000000000000e+03,-5.171200000000000000e+04,-1.106900000000000000e+04,-8.208000000000000000e+03,-5.012000000000000000e+04
-1.590800000000000000e+04,-1.841500000000000000e+04,-1.631800000000000000e+04,-3.850000000000000000e+03,-3.231600000000000000e+04,1.637700000000000000e+04,-2.431800000000000000e+04,-3.856300000000000000e+04
-1.257600000000000000e+04,1.250600000000000000e+04,-2.594100000000000000e+04,-2.291400000000000000e+04,-3.422700000000000000e+04,-2.600400000000000000e+04,-1.091600000000000000e+04,-2.550100000000000000e+04
-9.901000000000000000e+03,-1.684900000000000000e+04,-2.098000000000000000e+04,-1.976300000000000000e+04,-1.020700000000000000e+04,-3.161000000000000000e+04,7.277000000000000000e+03,-2.133700000000000000e+04
-1.982900000000000000e+04,-8.782000000000000000e+03,-8.264000000000000000e+03,-8.114000000000000000e+03,-2.949400000000000000e+04,-1.960600000000000000e+04,-3.283000000000000000e+03,-3.112700000000000000e+04
-5.004000000000000000e+03,-8.266000000000000000e+03,-1.968300000000000000e+04,-6.823000000000000000e+03,-4.984000000000000000e+03,-7.288000000000000000e+03,-2.311700000000000000e+04,-3.911300000000000000e+04
-4.236100000000000000e+04,-2.353500000000000000e+04,-1.145900000000000000e+04,-1.881500000000000000e+04,-1.443400000000000000e+04,-4.031000000000000000e+04,-2.754900000000000000e+04,1.193100000000000000e+04
-4.214000000000000000e+03,-2.038600000000000000e+04,-1.770300000000000000e+04,-1.601100000000000000e+04,-1.925100000000000000e+04,1.270700000000000000e+04,-1.186100000000000000e+04,-1.300200000000000000e+04
-3.838500000000000000e+04,2.945200000000000000e+04,-1.862500000000000000e+04,-2.163800000000000000e+04,-4.771500000000000000e+04,-2.807900000000000000e+04,-2.184300000000000000e+04,-3.844600000000000000e+04
1.640000000000000000e+02,1.016300000000000000e+04,-2.489600000000000000e+04,-2.098800000000000000e+04,-2.796300000000000000e+04,-2.267000000000000000e+04,-2.654400000000000000e+04,-5.016800000000000000e+04
-6.970000000000000000e+03,-7.348000000000000000e+03,-3.663900000000000000e+04,-5.325000000000000000e+03,-3.556900000000000000e+04,1.001000000000000000e+03,-2.975000000000000000e+04,-1.433700000000000000e+04
-1.259500000000000000e+04,-1.295800000000000000e+04,-1.439300000000000000e+04,4.978000000000000000e+03,-1.112800000000000000e+04,-1.401000000000000000e+03,1.170000000000000000e+03,-3.196000000000000000e+04
-9.620000000000000000e+03,-1.753900000000000000e+04,-2.869000000000000000e+03,9.354000000000000000e+03,-8.660000000000000000e+03,-2.387400000000000000e+04,-3.038300000000000000e+04,-3.229700000000000000e+04
-1.786000000000000000e+04,2.041400000000000000e+04,-1.818100000000000000e+04,-1.648100000000000000e+04,-4.073100000000000000e+04,-3.098400000000000000e+04,-2.112500000000000000e+04,-1.692700000000000000e+04
-1.357300000000000000e+04,-1.635600000000000000e+04,-1.008800000000000000e+04,-1.624400000000000000e+04,-2.429800000000000000e+04,-1.613200000000000000e+04,1.099600000000000000e+04,-3.822400000000000000e+04
-2.110700000000000000e+04,-2.680700000000000000e+04,-1.700500000000000000e+04,-1.589700000000000000e+04,2.430600000000000000e+04,-2.371000000000000000e+04,-2.352800000000000000e+04,-2.708400000000000000e+04
-1.610500000000000000e+04,-2.085000000000000000e+04,-3.063800000000000000e+04,-8.434000000000000000e+03,-2.290100000000000000e+04,-6.600000000000000000e+01,-1.847500000000000000e+04,-1.737000000000000000e+04
-3.264400000000000000e+04,-6.682000000000000000e+03,-1.773800000000000000e+04,-2.057500000000000000e+04,-4.169100000000000000e+04,-1.999900000000000000e+04,1.568500000000000000e+04,-3.106300000000000000e+04
-1.834100000000000000e+04,2.829000000000000000e+04,-3.382800000000000000e+04,-2.146500000000000000e+04,-4.571200000000000000e+04,-1.693400000000000000e+04,-2.679400000000000000e+04,-2.715700000000000000e+04
6.113000000000000000e+03,-1.543500000000000000e+04,-1.783200000000000000e+04,-2.217500000000000000e+04,-1.161400000000000000e+04,-6.350000000000000000e+02,-3.005800000000000000e+04,-3.992600000000000000e+04
-4.989000000000000000e+03,-7.941000000000000000e+03,-1.280300000000000000e+04,-9.930000000000000000e+02,-1.707000000000000000e+04,-2.023200000000000000e+04,-2.431300000000000000e+04,-2.813600000000000000e+04
-3.773000000000000000e+04,-2.327900000000000000e+04,-1.361600000000000000e+04,-3.282700000000000000e+04,-3.536000000000000000e+04,-3.053300000000000000e+04,-2.154600000000000000e+04,1.367900000000000000e+04
-2.524300000000000000e+04,-6.634000000000000000e+03,-1.639200000000000000e+04,-2.619800000000000000e+04,-3.222400000000000000e+04,5.800000000000000000e+02,-9.775000000000000000e+03,-1.990900000000000000e+04
-2.276100000000000000e+04,-9.167000000000000000e+03,-2.491800000000000000e+04,-1.464000000000000000e+03,-3.432300000000000000e+04,7.369000000000000000e+03,-2.408600000000000000e+04,-3.538700000000000000e+04
-2.438900000000000000e+04,-2.154500000000000000e+04,-4.344000000000000000e+03,-3.087200000000000000e+04,-2.529400000000000000e+04,-3.695200000000000000e+04,-1.474000000000000000e+04,8.742000000000000000e+03
-2.258200000000000000e+04,-2.145100000000000000e+04,1.668200000000000000e+04,-4.681000000000000000e+03,-2.170500000000000000e+04,-3.201500000000000000e+04,-1.478700000000000000e+04,-2.100800000000000000e+04
-2.607500000000000000e+04,9.400000000000000000e+01,-1.560800000000000000e+04,-1.031000000000000000e+04,-4.486200000000000000e+04,-1.142000000000000000e+03,-1.660500000000000000e+04,-4.679500000000000000e+04
-4.142600000000000000e+04,-2.684500000000000000e+04,-1.287200000000000000e+04,-4.643300000000000000e+04,-3.437100000000000000e+04,-2.151000000000000000e+04,-2.306300000000000000e+04,1.388100000000000000e+04
-2.194800000000000000e+04,-1.779100000000000000e+04,-5.566000000000000000e+03,1.340000000000000000e+02,-1.089000000000000000e+04,-1.227600000000000000e+04,-2.767000000000000000e+03,-2.217500000000000000e+04
-2.153600000000000000e+04,-1.941200000000000000e+04,-2.669700000000000000e+04,-1.073100000000000000e+04,-3.758600000000000000e+04,6.263000000000000000e+03,-1.166800000000000000e+04,-2.832500000000000000e+04
-3.027400000000000000e+04,-2.756400000000000000e+04,-1.721000000000000000e+04,-3.252300000000000000e+04,-2.056600000000000000e+04,-1.708900000000000000e+04,-2.642900000000000000e+04,1.793600000000000000e+04
-2.376900000000000000e+04,-8.402000000000000000e+03,-1.586500000000000000e+04,-1.102000000000000000e+04,-1.879100000000000000e+04,-2.527300000000000000e+04,1.166000000000000000e+04,-2.882300000000000000e+04
-1.568800000000000000e+04,-1.542000000000000000e+04,-1.214200000000000000e+04,-2.371200000000000000e+04,-1.556500000000000000e+04,-1.567000000000000000e+04,1.267200000000000000e+04,-2.258200000000000000e+04
-1.103700000000000000e+04,-9.290000000000000000e+03,-1.469700000000000000e+04,-2.075000000000000000e+03,-2.580300000000000000e+04,1.785000000000000000e+03,-1.031400000000000000e+04,-2.634800000000000000e+04
-1.213200000000000000e+04,-2.222600000000000000e+04,-2.147900000000000000e+04,1.081000000000000000e+03,-2.584400000000000000e+04,8.517000000000000000e+03,-1.795900000000000000e+04,-3.881800000000000000e+04
-1.473900000000000000e+04,1.922500000000000000e+04,-1.367600000000000000e+04,-1.815100000000000000e+04,-3.444000000000000000e+04,-2.050800000000000000e+04,-1.986700000000000000e+04,-2.508900000000000000e+04
-2.385400000000000000e+04,1.916100000000000000e+04,-3.213000000000000000e+04,-1.522200000000000000e+04,-3.414800000000000000e+04,-2.457600000000000000e+04,-1.020100000000000000e+04,-1.739300000000000000e+04
-1.580000000000000000e+04,-1.438500000000000000e+04,-6.562000000000000000e+03,-4.464000000000000000e+03,-1.072100000000000000e+04,2.436000000000000000e+03,-2.605200000000000000e+04,-3.363800000000000000e+04
-4.748000000000000000e+03,1.105800000000000000e+04,-2.238800000000000000e+04,-2.561500000000000000e+04,-4.819800000000000000e+04,-1.509300000000000000e+04,-2.230500000000000000e+04,-3.821000000000000000e+04
-2.409100000000000000e+04,-1.861400000000000000e+04,-1.430800000000000000e+04,-2.355100000000000000e+04,-3.421400000000000000e+04,-1.847700000000000000e+04,1.880200000000000000e+04,-3.224800000000000000e+04
-3.442000000000000000e+03,-2.762800000000000000e+04,-1.983000000000000000e+04,-1.433800000000000000e+04,-1.106300000000000000e+04,-1.651000000000000000e+03,-2.674700000000000000e+04,-3.944300000000000000e+04
-1.522000000000000000e+03,-1.961800000000000000e+04,-1.190700000000000000e+04,3.140000000000000000e+02,-1.368100000000000000e+04,-1.229100000000000000e+04,-2.288100000000000000e+04,-2.452700000000000000e+04
-3.204500000000000000e+04,-2.530900000000000000e+04,-1.725500000000000000e+04,-2.731800000000000000e+04,-1.875100000000000000e+04,-1.236100000000000000e+04,-2.074500000000000000e+04,1.577400000000000000e+04
-8.530000000000000000e+03,-1.351600000000000000e+04,-1.448800000000000000e+04,-1.942100000000000000e+04,-3.127700000000000000e+04,-9.126000000000000000e+03,7.520000000000000000e+02,-2.447300000000000000e+04
-2.098600000000000000e+04,-2.061100000000000000e+04,-2.072400000000000000e+04,-9.998000000000000000e+03,-2.522400000000000000e+04,1.102200000000000000e+04,-1.530000000000000000e+04,-1.399600000000000000e+04
-3.321500000000000000e+04,-2.532500000000000000e+04,-1.508900000000000000e+04,-3.264900000000000000e+04,-3.270700000000000000e+04,-3.092700000000000000e+04,-2.487600000000000000e+04,1.710600000000000000e+04
-1.623400000000000000e+04,-2.403300000000000000e+04,-1.158000000000000000e+03,-1.342000000000000000e+03,-2.835500000000000000e+04,7.148000000000000000e+03,-3.390300000000000000e+04,-4.582400000000000000e+04
-1.866100000000000000e+04,-2.840500000000000000e+04,-4.596000000000000000e+03,-1.412900000000000000e+04,1.614100000000000000e+04,-2.005100000000000000e+04,-3.664000000000000000e+04,-1.251100000000000000e+04
-5.334100000000000000e+04,-1.326300000000000000e+04,-1.514600000000000000e+04,-2.610800000000000000e+04,-3.521100000000000000e+04,-1.544200000000000000e+04,3.117100000000000000e+04,-2.598100000000000000e+04
-3.465900000000000000e+04,-2.049300000000000000e+04,-2.505700000000000000e+04,-1.917600000000000000e+04,-2.897700000000000000e+04,-2.475600000000000000e+04,-1.724000000000000000e+04,1.702100000000000000e+04
-2.992600000000000000e+04,-1.380100000000000000e+04,-1.665700000000000000e+04,-2.362200000000000000e+04,-2.653900000000000000e+04,-1.673100000000000000e+04,7.546000000000000000e+03,-2.268900000000000000e+04
-2.620000000000000000e+04,-2.355900000000000000e+04,-1.646800000000000000e+04,-1.780800000000000000e+04,-2.120600000000000000e+04,-1.268500000000000000e+04,2.847000000000000000e+04,-3.445000000000000000e+04
-1.943500000000000000e+04,-1.966400000000000000e+04,-2.414100000000000000e+04,-2.302600000000000000e+04,-1.984500000000000000e+04,-1.705300000000000000e+04,-2.174100000000000000e+04,1.676100000000000000e+04
-1.381800000000000000e+04,-8.151000000000000000e+03,-2.814000000000000000e+03,5.123000000000000000e+03,-2.481600000000000000e+04,-2.557800000000000000e+04,-3.632600000000000000e+04,-3.887600000000000000e+04
-3.641700000000000000e+04,7.479000000000000000e+03,-1.931400000000000000e+04,-2.494600000000000000e+04,-4.331700000000000000e+04,-1.875000000000000000e+03,3.363000000000000000e+03,-4.389800000000000000e+04
-3.051000000000000000e+04,-1.587000000000000000e+04,-9.694000000000000000e+03,-1.949800000000000000e+04,-2.480300000000000000e+04,-2.068200000000000000e+04,8.683000000000000000e+03,-2.278000000000000000e+04
1.402000000000000000e+03,-1.713300000000000000e+04,-1.870600000000000000e+04,-8.940000000000000000e+03,-2.052000000000000000e+04,-1.052000000000000000e+03,-2.949100000000000000e+04,-5.405600000000000000e+04
-6.692000000000000000e+03,6.688000000000000000e+03,-2.829200000000000000e+04,-1.557200000000000000e+04,-3.802800000000000000e+04,-1.948200000000000000e+04,-2.845100000000000000e+04,-4.275900000000000000e+04
-1.108000000000000000e+03,-2.184000000000000000e+04,-2.219000000000000000e+04,2.318000000000000000e+03,-3.314500000000000000e+04,7.504000000000000000e+03,-3.565200000000000000e+04,-4.655000000000000000e+04
-1.471500000000000000e+04,-1.272400000000000000e+04,-7.287000000000000000e+03,-7.710000000000000000e+02,-2.607600000000000000e+04,-3.026000000000000000e+04,-8.117000000000000000e+03,-2.768900000000000000e+04
-1.866000000000000000e+03,-6.720000000000000000e+03,-1.609300000000000000e+04,-2.360000000000000000e+03,-1.647600000000000000e+04,-1.328300000000000000e+04,-1.588700000000000000e+04,-3.676600000000000000e+04
-2.145700000000000000e+04,-1.836700000000000000e+04,-1.955900000000000000e+04,-5.226000000000000000e+03,-2.542700000000000000e+04,-5.480000000000000000e+03,1.206500000000000000e+04,-3.252800000000000000e+04
-1.262200000000000000e+04,-2.018400000000000000e+04,-1.313200000000000000e+04,-1.377200000000000000e+04,-1.245200000000000000e+04,-2.775600000000000000e+04,8.568000000000000000e+03,-2.379400000000000000e+04
-2.436900000000000000e+04,-2.331200000000000000e+04,-1.939800000000000000e+04,-2.189900000000000000e+04,-1.414500000000000000e+04,-1.222400000000000000e+04,-1.644200000000000000e+04,2.225100000000000000e+04
-4.340100000000000000e+04,-2.317900000000000000e+04,-1.985500000000000000e+04,-1.874600000000000000e+04,-3.138300000000000000e+04,-1.113600000000000000e+04,1.990900000000000000e+04,-2.545900000000000000e+04
-1.639700000000000000e+04,2.260600000000000000e+04,-3.304000000000000000e+04,-1.698200000000000000e+04,-4.935600000000000000e+04,-9.249000000000000000e+03,-2.383300000000000000e+04,-2.490800000000000000e+04
-3.894100000000000000e+04,-8.501000000000000000e+03,-2.403900000000000000e+04,2.621000000000000000e+03,-2.519700000000000000e+04,-9.132000000000000000e+03,-1.849000000000000000e+03,-4.664800000000000000e+04
-2.024600000000000000e+04,2.645800000000000000e+04,-1.891300000000000000e+04,-1.319900000000000000e+04,-4.911800000000000000e+04,-2.080500000000000000e+04,-3.231200000000000000e+04,-4.369500000000000000e+04
-3.498800000000000000e+04,-1.810800000000000000e+04,-6.103000000000000000e+03,-2.202500000000000000e+04,-1.443600000000000000e+04,-3.100200000000000000e+04,-3.277500000000000000e+04,3.250000000000000000e+02
3.184000000000000000e+03,-2.588100000000000000e+04,-1.449300000000000000e+04,-1.404500000000000000e+04,-2.855500000000000000e+04,1.663200000000000000e+04,-3.372600000000000000e+04,-4.540200000000000000e+04
4.406000000000000000e+03,-2.652700000000000000e+04,-1.583300000000000000e+04,-8.790000000000000000e+03,-2.226000000000000000e+03,-2.311000000000000000e+04,-2.359600000000000000e+04,-1.786900000000000000e+04
-1.067900000000000000e+04,-8.375000000000000000e+03,-1.934700000000000000e+04,-8.182000000000000000e+03,-3.825000000000000000e+04,9.829000000000000000e+03,-2.469000000000000000e+04,-3.765700000000000000e+04
-1.969000000000000000e+03,-8.939000000000000000e+03,-1.948400000000000000e+04,-3.358000000000000000e+03,-7.122000000000000000e+03,9.980000000000000000e+02,-1.755300000000000000e+04,-2.591200000000000000e+04
-3.217300000000000000e+04,1.240900000000000000e+04,-2.199400000000000000e+04,-6.858000000000000000e+03,-3.834200000000000000e+04,-7.384000000000000000e+03,-1.594400000000000000e+04,-2.927300000000000000e+04
-2.844100000000000000e+04,-2.554700000000000000e+04,-3.134200000000000000e+04,-2.740500000000000000e+04,-2.879900000000000000e+04,-3.250300000000000000e+04,-2.858600000000000000e+04,2.214900000000000000e+04
-1.976100000000000000e+04,-1.827100000000000000e+04,-2.099100000000000000e+04,5.370000000000000000e+02,-1.457400000000000000e+04,-8.590000000000000000e+03,8.020000000000000000e+02,-2.795600000000000000e+04
-2.142100000000000000e+04,-7.210000000000000000e+02,-3.145500000000000000e+04,-1.962100000000000000e+04,-3.521700000000000000e+04,-1.699300000000000000e+04,3.383000000000000000e+03,-2.721900000000000000e+04
-1.539000000000000000e+04,1.171400000000000000e+04,-2.712500000000000000e+04,-1.877800000000000000e+04,-4.434900000000000000e+04,-1.994500000000000000e+04,-1.978100000000000000e+04,-4.755400000000000000e+04
-1.447300000000000000e+04,-1.034700000000000000e+04,-1.072000000000000000e+04,-1.756700000000000000e+04,-1.956800000000000000e+04,-1.541600000000000000e+04,-2.993700000000000000e+04,-3.346900000000000000e+04
-4.470400000000000000e+04,-2.573200000000000000e+04,2.852000000000000000e+04,-2.692800000000000000e+04,-1.911800000000000000e+04,-3.439600000000000000e+04,-1.076000000000000000e+04,-2.567100000000000000e+04
-3.911100000000000000e+04,-1.799500000000000000e+04,-2.320200000000000000e+04,-2.074000000000000000e+04,-3.048100000000000000e+04,9.860000000000000000e+02,1.851400000000000000e+04,-2.728900000000000000e+04
-1.255300000000000000e+04,-2.309300000000000000e+04,1.206100000000000000e+04,-2.679700000000000000e+04,-1.451000000000000000e+04,-3.849000000000000000e+04,-2.345200000000000000e+04,-3.654000000000000000e+03
-1.051700000000000000e+04,-7.633000000000000000e+03,-2.342500000000000000e+04,-1.289100000000000000e+04,-3.988900000000000000e+04,5.123000000000000000e+03,-4.694000000000000000e+03,-3.990800000000000000e+04
-3.100700000000000000e+04,-4.475000000000000000e+03,-1.099200000000000000e+04,-9.862000000000000000e+03,-1.875000000000000000e+04,-1.127900000000000000e+04,-8.650000000000000000e+02,-2.686700000000000000e+04
-2.105600000000000000e+04,-8.441000000000000000e+03,-2.429300000000000000e+04,8.034000000000000000e+03,-4.198500000000000000e+04,6.588000000000000000e+03,-2.096900000000000000e+04,-4.861600000000000000e+04
-2.833500000000000000e+04,-1.391500000000000000e+04,-5.176000000000000000e+03,-9.237000000000000000e+03,-2.870300000000000000e+04,-1.919900000000000000e+04,1.147800000000000000e+04,-2.140600000000000000e+04
-1.184700000000000000e+04,4.789000000000000000e+03,-1.038300000000000000e+04,-2.001800000000000000e+04,-2.897000000000000000e+04,-2.915000000000000000e+04,-8.657000000000000000e+03,-3.419200000000000000e+04
-1.699800000000000000e+04,-1.867200000000000000e+04,-7.055000000000000000e+03,-1.049700000000000000e+04,-2.305300000000000000e+04,4.987000000000000000e+03,6.610000000000000000e+02,-3.580900000000000000e+04
-1.431400000000000000e+04,1.999500000000000000e+04,-2.774200000000000000e+04,-2.620700000000000000e+04,-5.326100000000000000e+04,-1.209400000000000000e+04,-4.231600000000000000e+04,-2.945000000000000000e+04
-9.810000000000000000e+03,-1.445800000000000000e+04,-7.877000000000000000e+03,-3.561000000000000000e+03,3.468000000000000000e+03,-1.004700000000000000e+04,-1.998700000000000000e+04,-2.594500000000000000e+04
-1.672700000000000000e+04,-3.125000000000000000e+03,-1.943600000000000000e+04,-2.355000000000000000e+03,-5.054600000000000000e+04,9.974000000000000000e+03,-3.805700000000000000e+04,-2.547900000000000000e+04
-1.843800000000000000e+04,-2.249900000000000000e+04,-3.437600000000000000e+04,-3.307000000000000000e+03,-3.252900000000000000e+04,1.095900000000000000e+04,-1.962100000000000000e+04,-2.341000000000000000e+04
-2.237800000000000000e+04,-2.053500000000000000e+04,1.661300000000000000e+04,-1.589800000000000000e+04,-2.202800000000000000e+04,-2.628300000000000000e+04,-2.493900000000000000e+04,-7.452000000000000000e+03
-1.114100000000000000e+04,-2.767300000000000000e+04,-5.650000000000000000e+03,-1.738100000000000000e+04,1.724000000000000000e+03,-2.161600000000000000e+04,-1.721200000000000000e+04,-2.789800000000000000e+04
-2.246400000000000000e+04,-6.978000000000000000e+03,-3.019800000000000000e+04,-7.042000000000000000e+03,-2.370000000000000000e+04,-2.907000000000000000e+03,-2.587700000000000000e+04,-5.115900000000000000e+04
-2.142100000000000000e+04,-1.151800000000000000e+04,-1.556100000000000000e+04,-7.436000000000000000e+03,-2.493500000000000000e+04,-1.658700000000000000e+04,-4.304000000000000000e+03,-1.570900000000000000e+04
-4.198500000000000000e+04,-2.504200000000000000e+04,1.313200000000000000e+04,-2.172400000000000000e+04,-2.720400000000000000e+04,-4.639200000000000000e+04,-1.865000000000000000e+03,-1.597900000000000000e+04
-1.086500000000000000e+04,-2.016400000000000000e+04,-1.992000000000000000e+04,-2.071700000000000000e+04,2.961000000000000000e+03,-9.050000000000000000e+02,-3.077700000000000000e+04,-2.785000000000000000e+04
-1.600100000000000000e+04,-1.286000000000000000e+04,-2.984100000000000000e+04,-2.322800000000000000e+04,-2.194400000000000000e+04,-1.600000000000000000e+04,1.949900000000000000e+04,-1.284900000000000000e+04
-2.234500000000000000e+04,-2.014700000000000000e+04,-2.510000000000000000e+04,-3.838200000000000000e+04,-2.923800000000000000e+04,-3.265300000000000000e+04,-2.490800000000000000e+04,9.625000000000000000e+03
-1.621800000000000000e+04,-1.716400000000000000e+04,-2.131700000000000000e+04,5.477000000000000000e+03,-1.635600000000000000e+04,9.437000000000000000e+03,-2.363200000000000000e+04,-4.727000000000000000e+04
-2.765700000000000000e+04,-2.211600000000000000e+04,-2.301500000000000000e+04,-3.136700000000000000e+04,-1.347100000000000000e+04,-2.074900000000000000e+04,-2.499200000000000000e+04,2.249400000000000000e+04
-2.034300000000000000e+04,-1.897500000000000000e+04,-1.243600000000000000e+04,-8.697000000000000000e+03,-1.005500000000000000e+04,-2.391100000000000000e+04,-1.933600000000000000e+04,-3.284400000000000000e+04
-1.969900000000000000e+04,-1.072300000000000000e+04,-1.300200000000000000e+04,1.239600000000000000e+04,-3.220800000000000000e+04,-2.160000000000000000e+03,-1.154100000000000000e+04,-3.461800000000000000e+04
-2.831700000000000000e+04,3.004700000000000000e+04,-1.798300000000000000e+04,-2.854500000000000000e+04,-3.795700000000000000e+04,-1.922900000000000000e+04,-2.486700000000000000e+04,-4.245500000000000000e+04
-1.113600000000000000e+04,1.802500000000000000e+04,-1.809600000000000000e+04,-1.512300000000000000e+04,-4.574300000000000000e+04,-1.486400000000000000e+04,-1.236000000000000000e+04,-3.368400000000000000e+04
-2.564900000000000000e+04,-2.351000000000000000e+04,-1.223300000000000000e+04,-3.410600000000000000e+04,-1.430300000000000000e+04,-2.704400000000000000e+04,-1.601500000000000000e+04,1.567600000000000000e+04
-2.162000000000000000e+04,-1.386700000000000000e+04,-2.433300000000000000e+04,-5.789000000000000000e+03,-1.451700000000000000e+04,8.618000000000000000e+03,-1.160400000000000000e+04,-2.320500000000000000e+04
-5.133700000000000000e+04,-3.720900000000000000e+04,-7.727000000000000000e+03,-3.621000000000000000e+04,-3.865000000000000000e+04,-3.727100000000000000e+04,-2.898600000000000000e+04,8.232000000000000000e+03
-6.930000000000000000e+02,-2.180900000000000000e+04,-3.264400000000000000e+04,5.170000000000000000e+02,-1.536200000000000000e+04,5.912000000000000000e+03,-2.983000000000000000e+04,-2.815000000000000000e+04
-3.204000000000000000e+04,-2.648500000000000000e+04,4.575000000000000000e+03,-3.201900000000000000e+04,-2.563100000000000000e+04,-3.813500000000000000e+04,-9.777000000000000000e+03,-6.019000000000000000e+03
-2.249600000000000000e+04,1.632100000000000000e+04,-1.003300000000000000e+04,-2.742000000000000000e+03,-4.788700000000000000e+04,-2.351500000000000000e+04,-3.000400000000000000e+04,-3.601800000000000000e+04
-3.024000000000000000e+04,-1.884300000000000000e+04,-2.610000000000000000e+03,-8.709000000000000000e+03,-1.431700000000000000e+04,-3.613300000000000000e+04,-1.016000000000000000e+04,-3.950000000000000000e+03
-5.696000000000000000e+03,-2.788000000000000000e+03,1.036000000000000000e+03,-1.335100000000000000e+04,-2.418000000000000000e+04,-2.070900000000000000e+04,-2.481700000000000000e+04,-2.967200000000000000e+04
-2.019100000000000000e+04,-1.984300000000000000e+04,8.682000000000000000e+03,-9.662000000000000000e+03,-1.545500000000000000e+04,-3.287400000000000000e+04,-1.384300000000000000e+04,-4.739000000000000000e+03
-2.848400000000000000e+04,-1.150600000000000000e+04,-5.288000000000000000e+03,1.468000000000000000e+03,-5.350000000000000000e+02,-1.663900000000000000e+04,-9.171000000000000000e+03,-2.816000000000000000e+03
-3.323500000000000000e+04,-1.867500000000000000e+04,-4.286000000000000000e+03,-3.232600000000000000e+04,-2.787600000000000000e+04,-3.407700000000000000e+04,-2.064900000000000000e+04,-6.880000000000000000e+02
-1.939200000000000000e+04,-1.275800000000000000e+04,-1.136300000000000000e+04,2.959000000000000000e+03,-5.264100000000000000e+04,6.699000000000000000e+03,-3.748300000000000000e+04,-5.400300000000000000e+04
-1.792400000000000000e+04,-1.212800000000000000e+04,-2.331900000000000000e+04,-3.621000000000000000e+03,-2.966500000000000000e+04,3.400000000000000000e+01,-1.223700000000000000e+04,-2.353100000000000000e+04
5.733000000000000000e+03,-2.546100000000000000e+04,-2.527000000000000000e+04,-6.331000000000000000e+03,1.485500000000000000e+04,-1.772100000000000000e+04,-2.284100000000000000e+04,-4.037300000000000000e+04
-2.912800000000000000e+04,-9.693000000000000000e+03,-2.541900000000000000e+04,-1.920200000000000000e+04,-1.677600000000000000e+04,-1.820700000000000000e+04,7.147000000000000000e+03,-1.684100000000000000e+04
-3.990900000000000000e+04,-2.346400000000000000e+04,1.308200000000000000e+04,-1.963600000000000000e+04,-2.394700000000000000e+04,-3.052900000000000000e+04,-1.467300000000000000e+04,-2.662900000000000000e+04
-1.986500000000000000e+04,-2.982300000000000000e+04,-6.521000000000000000e+03,-3.232800000000000000e+04,-2.449200000000000000e+04,-3.575000000000000000e+04,-2.936700000000000000e+04,8.055000000000000000e+03
-1.391000000000000000e+04,1.717000000000000000e+03,-1.823400000000000000e+04,-1.240800000000000000e+04,-2.221800000000000000e+04,-1.495000000000000000e+04,-2.446500000000000000e+04,-3.704800000000000000e+04
-6.366000000000000000e+03,-1.513000000000000000e+04,-5.325000000000000000e+03,2.058400000000000000e+04,-1.152300000000000000e+04,-1.677900000000000000e+04,-1.849200000000000000e+04,-4.667000000000000000e+04
5.984000000000000000e+03,-2.409800000000000000e+04,-2.621900000000000000e+04,-1.641800000000000000e+04,-2.150600000000000000e+04,4.034000000000000000e+03,-1.725800000000000000e+04,-3.793100000000000000e+04
-1.090000000000000000e+03,-2.580400000000000000e+04,-1.474700000000000000e+04,-1.065000000000000000e+03,2.230000000000000000e+02,-1.965600000000000000e+04,-1.731500000000000000e+04,-2.606500000000000000e+04
-2.629700000000000000e+04,-2.767700000000000000e+04,-6.491000000000000000e+03,-1.953400000000000000e+04,-3.154000000000000000e+03,-3.490800000000000000e+04,-2.890500000000000000e+04,-1.675400000000000000e+04
-3.695300000000000000e+04,-2.366800000000000000e+04,-1.694300000000000000e+04,-3.392800000000000000e+04,-2.112500000000000000e+04,-1.829400000000000000e+04,-2.708500000000000000e+04,2.095900000000000000e+04
-2.208000000000000000e+04,-7.500000000000000000e+03,-2.256000000000000000e+04,-1.749300000000000000e+04,-3.067700000000000000e+04,-1.528500000000000000e+04,2.936000000000000000e+03,-3.970900000000000000e+04
-1.737400000000000000e+04,-1.988900000000000000e+04,-1.818300000000000000e+04,-2.659400000000000000e+04,2.029700000000000000e+04,-1.761600000000000000e+04,-1.823100000000000000e+04,-1.196500000000000000e+04
-2.305400000000000000e+04,-7.435000000000000000e+03,-2.221300000000000000e+04,-1.255200000000000000e+04,-2.411800000000000000e+04,-1.588700000000000000e+04,-3.255000000000000000e+03,-3.975300000000000000e+04
-1.105600000000000000e+04,-1.531000000000000000e+04,-1.982000000000000000e+04,-7.936000000000000000e+03,-2.650300000000000000e+04,1.211800000000000000e+04,-2.812000000000000000e+04,-2.809900000000000000e+04
-1.181800000000000000e+04,-7.317000000000000000e+03,-9.098000000000000000e+03,-1.174400000000000000e+04,-2.481600000000000000e+04,-1.444300000000000000e+04,-8.791000000000000000e+03,-3.936300000000000000e+04
-2.554100000000000000e+04,-2.636200000000000000e+04,-3.944000000000000000e+03,-2.860600000000000000e+04,-2.054600000000000000e+04,-2.973400000000000000e+04,-8.777000000000000000e+03,4.241000000000000000e+03
-2.166100000000000000e+04,-1.688000000000000000e+04,-1.636000000000000000e+04,-2.077900000000000000e+04,-1.628500000000000000e+04,-1.799000000000000000e+04,2.947000000000000000e+03,-7.490000000000000000e+03
-5.820000000000000000e+03,-1.370000000000000000e+02,-2.513800000000000000e+04,1.223100000000000000e+04,-4.569900000000000000e+04,-4.184000000000000000e+03,-3.637600000000000000e+04,-4.199200000000000000e+04
-3.147000000000000000e+04,2.710300000000000000e+04,-2.790900000000000000e+04,-1.063000000000000000e+04,-4.787100000000000000e+04,-1.362700000000000000e+04,-2.758000000000000000e+04,-3.535700000000000000e+04
-1.821700000000000000e+04,-2.621000000000000000e+04,-1.585000000000000000e+04,-2.987200000000000000e+04,9.997000000000000000e+03,-4.414400000000000000e+04,-2.384300000000000000e+04,-1.694700000000000000e+04
-2.486100000000000000e+04,-2.135200000000000000e+04,-2.118200000000000000e+04,1.907600000000000000e+04,-3.840600000000000000e+04,-4.250000000000000000e+02,-6.427000000000000000e+03,-3.584200000000000000e+04
-1.586400000000000000e+04,1.050600000000000000e+04,-2.092600000000000000e+04,-1.415600000000000000e+04,-4.851400000000000000e+04,-3.061700000000000000e+04,-3.284500000000000000e+04,-2.941500000000000000e+04
-2.237500000000000000e+04,-1.927700000000000000e+04,-1.588400000000000000e+04,-2.148700000000000000e+04,-1.115600000000000000e+04,-2.131100000000000000e+04,-1.247300000000000000e+04,1.160900000000000000e+04
-3.178500000000000000e+04,-2.102700000000000000e+04,-2.035800000000000000e+04,-1.280900000000000000e+04,-2.311300000000000000e+04,-1.479100000000000000e+04,1.061500000000000000e+04,-3.886600000000000000e+04
-2.007200000000000000e+04,-2.532400000000000000e+04,-2.538400000000000000e+04,-1.035000000000000000e+03,-1.190000000000000000e+04,2.654000000000000000e+03,-2.394000000000000000e+04,-3.790600000000000000e+04
-4.917000000000000000e+03,-1.746900000000000000e+04,-2.138900000000000000e+04,1.579600000000000000e+04,-8.488000000000000000e+03,-7.928000000000000000e+03,-1.962500000000000000e+04,-4.651300000000000000e+04
-1.239500000000000000e+04,-3.441200000000000000e+04,-1.659600000000000000e+04,-1.070000000000000000e+04,7.237000000000000000e+03,-2.755800000000000000e+04,-1.411100000000000000e+04,-2.413900000000000000e+04
-2.169600000000000000e+04,-1.576700000000000000e+04,-2.328600000000000000e+04,-2.467300000000000000e+04,-3.889800000000000000e+04,-3.019800000000000000e+04,1.400000000000000000e+04,-3.695000000000000000e+04
-1.479100000000000000e+04,-7.220000000000000000e+03,-1.879800000000000000e+04,-1.996700000000000000e+04,-2.307000000000000000e+04,-8.458000000000000000e+03,4.732000000000000000e+03,-1.238100000000000000e+04
-2.435100000000000000e+04,5.914000000000000000e+03,-2.112600000000000000e+04,-9.905000000000000000e+03,-3.413500000000000000e+04,-1.694000000000000000e+03,-1.520900000000000000e+04,-3.960300000000000000e+04
-2.754000000000000000e+04,-2.923300000000000000e+04,-2.333900000000000000e+04,-3.035200000000000000e+04,-2.468500000000000000e+04,-2.641800000000000000e+04,-2.380800000000000000e+04,2.157300000000000000e+04
-2.139100000000000000e+04,-1.772200000000000000e+04,5.852000000000000000e+03,-2.586100000000000000e+04,-2.194600000000000000e+04,-3.081000000000000000e+04,-2.215400000000000000e+04,2.196000000000000000e+03
-4.220700000000000000e+04,-1.275400000000000000e+04,-9.137000000000000000e+03,4.144000000000000000e+03,-3.227800000000000000e+04,6.020000000000000000e+02,-6.226000000000000000e+03,-3.210400000000000000e+04
-6.574000000000000000e+03,-9.595000000000000000e+03,-1.576400000000000000e+04,7.831000000000000000e+03,-1.747400000000000000e+04,4.293000000000000000e+03,-2.623600000000000000e+04,-3.272200000000000000e+04
-1.680800000000000000e+04,1.768700000000000000e+04,-2.499600000000000000e+04,-2.907200000000000000e+04,-3.970400000000000000e+04,-1.143700000000000000e+04,-2.306300000000000000e+04,-2.651500000000000000e+04
5.074000000000000000e+03,-1.743000000000000000e+04,-3.216000000000000000e+03,-6.461000000000000000e+03,-2.528000000000000000e+03,-2.215800000000000000e+04,-2.666000000000000000e+04,-3.268700000000000000e+04
-2.052200000000000000e+04,8.375000000000000000e+03,-1.190300000000000000e+04,-1.846600000000000000e+04,-2.643200000000000000e+04,-1.878300000000000000e+04,-1.094100000000000000e+04,-2.894800000000000000e+04
-2.241000000000000000e+04,-3.019000000000000000e+03,-1.846600000000000000e+04,-2.486200000000000000e+04,-4.461100000000000000e+04,-2.157600000000000000e+04,1.709800000000000000e+04,-3.815500000000000000e+04
-1.664000000000000000e+04,-2.302700000000000000e+04,-2.519800000000000000e+04,2.030000000000000000e+02,-2.488000000000000000e+04,1.114900000000000000e+04,-2.384400000000000000e+04,-3.692600000000000000e+04
-6.559000000000000000e+03,-1.856500000000000000e+04,-8.228000000000000000e+03,1.333900000000000000e+04,-1.569100000000000000e+04,-8.437000000000000000e+03,-3.991000000000000000e+03,-3.064100000000000000e+04
-3.422700000000000000e+04,-1.364400000000000000e+04,-2.374000000000000000e+03,-3.815700000000000000e+04,-2.473800000000000000e+04,-2.909200000000000000e+04,-2.625600000000000000e+04,5.806000000000000000e+03
-1.742400000000000000e+04,-2.733500000000000000e+04,-1.268700000000000000e+04,9.319000000000000000e+03,-4.210500000000000000e+04,7.059000000000000000e+03,-2.493800000000000000e+04,-4.376300000000000000e+04
-2.126700000000000000e+04,-2.263500000000000000e+04,-2.559400000000000000e+04,-1.177400000000000000e+04,-2.903400000000000000e+04,1.198500000000000000e+04,-8.179000000000000000e+03,-2.670100000000000000e+04
-5.118500000000000000e+04,-2.511800000000000000e+04,-2.716400000000000000e+04,-1.932100000000000000e+04,-3.941600000000000000e+04,-1.180800000000000000e+04,9.582000000000000000e+03,-2.449300000000000000e+04
-4.106000000000000000e+03,2.003200000000000000e+04,-2.301900000000000000e+04,-1.124000000000000000e+04,-4.403300000000000000e+04,-3.174200000000000000e+04,-2.191200000000000000e+04,-2.287600000000000000e+04
-2.731100000000000000e+04,-2.563400000000000000e+04,-1.466600000000000000e+04,-2.317700000000000000e+04,1.154200000000000000e+04,-3.018100000000000000e+04,-3.214400000000000000e+04,-9.350000000000000000e+03
-8.790000000000000000e+03,-1.094600000000000000e+04,-2.098100000000000000e+04,-9.738000000000000000e+03,-2.781100000000000000e+04,2.646000000000000000e+03,-2.762900000000000000e+04,-4.306500000000000000e+04
-1.842100000000000000e+04,-5.287000000000000000e+03,-2.136500000000000000e+04,-1.256800000000000000e+04,-1.638600000000000000e+04,2.037500000000000000e+04,-2.339400000000000000e+04,-2.668500000000000000e+04
-3.486800000000000000e+04,-1.894600000000000000e+04,1.655000000000000000e+03,-2.455400000000000000e+04,-2.807300000000000000e+04,-2.129400000000000000e+04,-1.123000000000000000e+03,-1.606600000000000000e+04
-8.778000000000000000e+03,-2.158900000000000000e+04,-7.596000000000000000e+03,-1.739500000000000000e+04,-5.657000000000000000e+03,-1.819000000000000000e+04,-2.191500000000000000e+04,-3.037000000000000000e+04
-4.161100000000000000e+04,-6.063000000000000000e+03,-2.189500000000000000e+04,-1.890100000000000000e+04,-2.503300000000000000e+04,-1.111800000000000000e+04,6.400000000000000000e+01,-1.465600000000000000e+04
-1.208300000000000000e+04,-1.234700000000000000e+04,-1.409400000000000000e+04,3.374000000000000000e+03,-3.406500000000000000e+04,-1.085600000000000000e+04,-1.225000000000000000e+04,-3.090500000000000000e+04
-1.069000000000000000e+04,-5.605000000000000000e+03,-8.423000000000000000e+03,-5.200000000000000000e+02,-1.953800000000000000e+04,-9.051000000000000000e+03,-3.479000000000000000e+04,-4.827000000000000000e+04
-3.280600000000000000e+04,-1.696800000000000000e+04,-1.677600000000000000e+04,-2.944800000000000000e+04,-2.535800000000000000e+04,-1.216700000000000000e+04,2.103300000000000000e+04,-2.627100000000000000e+04
-3.402200000000000000e+04,-1.628000000000000000e+04,-2.666000000000000000e+04,-1.031300000000000000e+04,-3.089700000000000000e+04,-1.233900000000000000e+04,2.268900000000000000e+04,-2.818900000000000000e+04
-4.892000000000000000e+03,6.680000000000000000e+02,-1.216600000000000000e+04,-1.262800000000000000e+04,-2.405400000000000000e+04,-2.084400000000000000e+04,-2.480700000000000000e+04,-1.394300000000000000e+04
-4.938000000000000000e+03,-1.671500000000000000e+04,-1.949700000000000000e+04,-1.439200000000000000e+04,-1.200800000000000000e+04,-2.039400000000000000e+04,-5.110000000000000000e+02,-1.351200000000000000e+04
-2.218900000000000000e+04,-3.273200000000000000e+04,-8.068000000000000000e+03,-2.845100000000000000e+04,-2.400200000000000000e+04,-2.995900000000000000e+04,-9.578000000000000000e+03,1.127300000000000000e+04
-3.617800000000000000e+04,2.513300000000000000e+04,-1.541400000000000000e+04,-2.811700000000000000e+04,-4.683300000000000000e+04,-1.686400000000000000e+04,-2.338500000000000000e+04,-5.044100000000000000e+04
-2.725400000000000000e+04,-2.866900000000000000e+04,-1.387000000000000000e+04,-1.502700000000000000e+04,-2.822700000000000000e+04,-2.851900000000000000e+04,3.247100000000000000e+04,-3.238300000000000000e+04
-3.592000000000000000e+04,-2.374800000000000000e+04,9.544000000000000000e+03,-1.352800000000000000e+04,-2.338000000000000000e+03,-3.637600000000000000e+04,-1.802900000000000000e+04,-1.339000000000000000e+04
-1.062600000000000000e+04,1.362700000000000000e+04,-6.162000000000000000e+03,-2.378900000000000000e+04,-3.649400000000000000e+04,-2.340900000000000000e+04,-1.081100000000000000e+04,-3.512500000000000000e+04
-3.571200000000000000e+04,1.122700000000000000e+04,-3.685500000000000000e+04,-1.180400000000000000e+04,-4.371700000000000000e+04,-1.313200000000000000e+04,2.117000000000000000e+03,-2.940300000000000000e+04
-1.919600000000000000e+04,-2.091600000000000000e+04,-2.431900000000000000e+04,-2.349400000000000000e+04,-1.186900000000000000e+04,-2.857000000000000000e+04,-1.671600000000000000e+04,1.992200000000000000e+04
-1.576500000000000000e+04,1.388000000000000000e+03,-1.358500000000000000e+04,-1.349900000000000000e+04,-2.601900000000000000e+04,-2.795300000000000000e+04,-3.546000000000000000e+03,-3.637800000000000000e+04
3.725000000000000000e+03,-1.760600000000000000e+04,-2.182900000000000000e+04,4.543000000000000000e+03,-1.562500000000000000e+04,-9.219000000000000000e+03,-2.549200000000000000e+04,-2.205300000000000000e+04
-4.128900000000000000e+04,-3.853700000000000000e+04,-1.171000000000000000e+04,-3.600900000000000000e+04,-4.000300000000000000e+04,-3.395600000000000000e+04,-2.707300000000000000e+04,1.415300000000000000e+04
6.821000000000000000e+03,-1.971400000000000000e+04,-1.739400000000000000e+04,-1.412600000000000000e+04,-8.438000000000000000e+03,-1.293900000000000000e+04,-2.420300000000000000e+04,-2.285700000000000000e+04
-2.907600000000000000e+04,-2.932100000000000000e+04,-7.410000000000000000e+03,-1.390700000000000000e+04,-2.834900000000000000e+04,-3.469500000000000000e+04,-1.638100000000000000e+04,1.245300000000000000e+04
-7.596000000000000000e+03,-2.745000000000000000e+04,-2.011200000000000000e+04,9.505000000000000000e+03,-2.502000000000000000e+03,-6.057000000000000000e+03,-2.358900000000000000e+04,-4.392800000000000000e+04
-5.841000000000000000e+03,1.694500000000000000e+04,-2.046900000000000000e+04,-3.803300000000000000e+04,-5.183400000000000000e+04,-1.264800000000000000e+04,-3.279500000000000000e+04,-3.247400000000000000e+04
-1.239200000000000000e+04,-2.706600000000000000e+04,-1.980300000000000000e+04,-5.097000000000000000e+03,1.599100000000000000e+04,-2.441700000000000000e+04,-2.427100000000000000e+04,-1.883800000000000000e+04
-2.645000000000000000e+03,-1.582800000000000000e+04,-2.168600000000000000e+04,-6.972000000000000000e+03,-1.107000000000000000e+04,-2.273000000000000000e+03,-1.928800000000000000e+04,-3.218500000000000000e+04
-1.854800000000000000e+04,-2.261900000000000000e+04,-1.303100000000000000e+04,-1.530200000000000000e+04,1.074400000000000000e+04,-2.094900000000000000e+04,-1.773800000000000000e+04,-2.413800000000000000e+04
-1.613100000000000000e+04,2.536800000000000000e+04,-1.937900000000000000e+04,-2.118900000000000000e+04,-4.169500000000000000e+04,-2.152100000000000000e+04,-3.635400000000000000e+04,-5.127500000000000000e+04
-3.172300000000000000e+04,-1.187000000000000000e+04,-5.276000000000000000e+03,-2.316900000000000000e+04,-1.710900000000000000e+04,-2.125000000000000000e+04,7.330000000000000000e+03,-1.198100000000000000e+04
-2.313900000000000000e+04,-4.780000000000000000e+03,-3.075400000000000000e+04,-1.600700000000000000e+04,-3.892500000000000000e+04,-1.995700000000000000e+04,3.400000000000000000e+03,-2.669900000000000000e+04
-2.076500000000000000e+04,-1.706400000000000000e+04,-1.914300000000000000e+04,-1.839600000000000000e+04,-2.016900000000000000e+04,-2.243200000000000000e+04,1.006000000000000000e+04,-1.900400000000000000e+04
-2.716500000000000000e+04,2.574300000000000000e+04,-2.993500000000000000e+04,-1.491900000000000000e+04,-6.327200000000000000e+04,-2.125700000000000000e+04,-3.168800000000000000e+04,-4.805100000000000000e+04
-1.465700000000000000e+04,1.167600000000000000e+04,-2.510200000000000000e+04,-1.331700000000000000e+04,-3.488300000000000000e+04,-6.672000000000000000e+03,-1.458300000000000000e+04,-2.905800000000000000e+04
-2.890500000000000000e+04,-1.147400000000000000e+04,-1.420900000000000000e+04,-1.889400000000000000e+04,-2.274600000000000000e+04,-1.019400000000000000e+04,7.340000000000000000e+03,-2.614700000000000000e+04
-2.013200000000000000e+04,-1.255400000000000000e+04,-9.717000000000000000e+03,-1.954100000000000000e+04,-2.150500000000000000e+04,-1.388000000000000000e+03,-1.182300000000000000e+04,-4.271000000000000000e+03
-1.880000000000000000e+02,-1.409800000000000000e+04,-1.671200000000000000e+04,2.108000000000000000e+03,-1.863200000000000000e+04,-1.660400000000000000e+04,-2.401100000000000000e+04,-2.989100000000000000e+04
-3.327500000000000000e+04,9.922000000000000000e+03,-1.635000000000000000e+04,-5.322000000000000000e+03,-5.197500000000000000e+04,-1.446000000000000000e+04,-2.103000000000000000e+03,-2.926400000000000000e+04
-2.627000000000000000e+04,2.143700000000000000e+04,-3.136300000000000000e+04,-2.554300000000000000e+04,-3.715300000000000000e+04,-2.691300000000000000e+04,-7.396000000000000000e+03,-3.222600000000000000e+04
-3.136700000000000000e+04,-2.693300000000000000e+04,-9.975000000000000000e+03,-3.879400000000000000e+04,-1.608300000000000000e+04,-4.676000000000000000e+04,-3.761400000000000000e+04,1.082400000000000000e+04
-1.650900000000000000e+04,-1.708900000000000000e+04,-1.115300000000000000e+04,-2.587500000000000000e+04,-1.992600000000000000e+04,-4.316000000000000000e+03,2.015000000000000000e+03,-2.955700000000000000e+04
-1.888800000000000000e+04,2.400300000000000000e+04,-1.347900000000000000e+04,-2.495700000000000000e+04,-4.610700000000000000e+04,-2.645100000000000000e+04,-3.061600000000000000e+04,-3.317800000000000000e+04
-2.983600000000000000e+04,-1.687000000000000000e+04,-1.646100000000000000e+04,6.292000000000000000e+03,-2.301000000000000000e+04,-1.089500000000000000e+04,-1.521700000000000000e+04,-3.059400000000000000e+04
-1.191900000000000000e+04,-1.370100000000000000e+04,-1.698300000000000000e+04,-1.103100000000000000e+04,-3.180000000000000000e+03,-1.011000000000000000e+03,-1.297900000000000000e+04,-1.359200000000000000e+04
-1.264000000000000000e+04,1.716800000000000000e+04,-2.104100000000000000e+04,-2.894600000000000000e+04,-3.457400000000000000e+04,-2.818300000000000000e+04,-1.787000000000000000e+04,-1.770400000000000000e+04
-1.335200000000000000e+04,-1.960100000000000000e+04,-7.193000000000000000e+03,-1.115700000000000000e+04,1.071300000000000000e+04,-1.566800000000000000e+04,-3.607400000000000000e+04,-2.537100000000000000e+04
-2.154900000000000000e+04,-1.625400000000000000e+04,5.578000000000000000e+03,-1.565300000000000000e+04,-1.257700000000000000e+04,-3.180200000000000000e+04,-2.920300000000000000e+04,-1.032700000000000000e+04
-1.618100000000000000e+04,-1.641000000000000000e+04,-1.778700000000000000e+04,4.651000000000000000e+03,-4.150500000000000000e+04,9.386000000000000000e+03,-2.569100000000000000e+04,-3.574000000000000000e+04
-3.058900000000000000e+04,1.125600000000000000e+04,-2.435800000000000000e+04,-2.226000000000000000e+04,-5.292700000000000000e+04,-1.884500000000000000e+04,-5.286000000000000000e+03,-4.038600000000000000e+04
-3.591400000000000000e+04,6.900000000000000000e+02,-3.171000000000000000e+04,-2.183400000000000000e+04,-4.640800000000000000e+04,-3.832000000000000000e+03,1.127000000000000000e+03,-2.744400000000000000e+04
-3.359300000000000000e+04,-3.046600000000000000e+04,-4.880000000000000000e+03,-2.939100000000000000e+04,1.299200000000000000e+04,-4.029900000000000000e+04,-3.167100000000000000e+04,-6.142000000000000000e+03
-2.345000000000000000e+03,3.500000000000000000e+01,-1.257600000000000000e+04,2.047000000000000000e+03,-3.278700000000000000e+04,-2.738400000000000000e+04,-2.000900000000000000e+04,-3.427000000000000000e+04
-7.971000000000000000e+03,-1.423000000000000000e+04,-2.419900000000000000e+04,-1.034000000000000000e+03,-2.951600000000000000e+04,8.620000000000000000e+03,-2.867000000000000000e+04,-4.017700000000000000e+04
-2.792200000000000000e+04,-1.642200000000000000e+04,-1.244400000000000000e+04,-3.538100000000000000e+04,-2.071900000000000000e+04,-2.512400000000000000e+04,9.894000000000000000e+03,-1.962000000000000000e+04
-9.883000000000000000e+03,-1.801200000000000000e+04,5.113000000000000000e+03,-1.075500000000000000e+04,-1.317000000000000000e+03,-4.068300000000000000e+04,-2.028600000000000000e+04,-1.048200000000000000e+04
-3.238300000000000000e+04,-2.196300000000000000e+04,-1.961100000000000000e+04,-3.444100000000000000e+04,-2.395400000000000000e+04,-2.565600000000000000e+04,-1.617000000000000000e+04,1.823200000000000000e+04
-3.675000000000000000e+04,2.254600000000000000e+04,-2.598400000000000000e+04,-1.422700000000000000e+04,-5.381200000000000000e+04,-1.435600000000000000e+04,-3.136700000000000000e+04,-4.076300000000000000e+04
-2.695900000000000000e+04,-2.553000000000000000e+04,-1.798900000000000000e+04,-3.020400000000000000e+04,-3.139700000000000000e+04,-2.452400000000000000e+04,-2.433500000000000000e+04,1.512300000000000000e+04
1.133600000000000000e+04,-1.932800000000000000e+04,-1.413000000000000000e+04,-2.400000000000000000e+03,-1.748100000000000000e+04,-1.021000000000000000e+04,-2.577600000000000000e+04,-4.609300000000000000e+04
-7.327000000000000000e+03,1.737000000000000000e+04,-2.376200000000000000e+04,-2.182400000000000000e+04,-3.662100000000000000e+04,-1.305900000000000000e+04,-3.364100000000000000e+04,-3.218700000000000000e+04
-1.989700000000000000e+04,-2.011900000000000000e+04,-2.082900000000000000e+04,-2.369900000000000000e+04,-2.563900000000000000e+04,-2.822400000000000000e+04,3.174500000000000000e+04,-3.094100000000000000e+04
-3.747500000000000000e+04,-2.189700000000000000e+04,-2.525800000000000000e+04,-2.585000000000000000e+04,-2.138700000000000000e+04,-1.315600000000000000e+04,-1.915900000000000000e+04,1.050000000000000000e+04
-3.206400000000000000e+04,-1.322900000000000000e+04,-9.013000000000000000e+03,-3.289300000000000000e+04,-1.809800000000000000e+04,-2.718300000000000000e+04,-2.561600000000000000e+04,1.265500000000000000e+04
-2.670300000000000000e+04,-3.432000000000000000e+03,-2.322300000000000000e+04,-4.271000000000000000e+03,-5.441200000000000000e+04,1.228700000000000000e+04,-3.310500000000000000e+04,-3.739100000000000000e+04
-1.610700000000000000e+04,-1.977900000000000000e+04,-2.180700000000000000e+04,-1.902800000000000000e+04,-2.816100000000000000e+04,1.922100000000000000e+04,-2.266200000000000000e+04,-2.488700000000000000e+04
-2.098000000000000000e+04,-8.828000000000000000e+03,-1.259300000000000000e+04,1.720000000000000000e+02,-3.210900000000000000e+04,-8.737000000000000000e+03,-1.382400000000000000e+04,-3.433500000000000000e+04
-1.313700000000000000e+04,-1.205400000000000000e+04,-2.307000000000000000e+04,-4.914000000000000000e+03,-3.203700000000000000e+04,1.600600000000000000e+04,-2.391900000000000000e+04,-1.568200000000000000e+04
9.910000000000000000e+02,-2.570700000000000000e+04,-9.109000000000000000e+03,-6.317000000000000000e+03,-2.702000000000000000e+03,-6.620000000000000000e+02,-3.027900000000000000e+04,-2.006200000000000000e+04
-3.200400000000000000e+04,-1.725400000000000000e+04,1.737200000000000000e+04,-2.449200000000000000e+04,-3.307200000000000000e+04,-2.388600000000000000e+04,-9.974000000000000000e+03,-4.289000000000000000e+03
-2.536800000000000000e+04,2.177700000000000000e+04,-2.816900000000000000e+04,-2.213100000000000000e+04,-4.863400000000000000e+04,-1.971400000000000000e+04,-1.711200000000000000e+04,-3.444400000000000000e+04
8.925000000000000000e+03,-3.563000000000000000e+03,-1.298600000000000000e+04,-1.169600000000000000e+04,-3.736600000000000000e+04,-1.553800000000000000e+04,-3.266600000000000000e+04,-4.279900000000000000e+04
-4.870000000000000000e+02,-1.545700000000000000e+04,-9.410000000000000000e+03,-6.389000000000000000e+03,-1.547100000000000000e+04,-7.046000000000000000e+03,-2.319100000000000000e+04,-3.239800000000000000e+04
-3.071100000000000000e+04,-1.531200000000000000e+04,-2.827600000000000000e+04,-1.956300000000000000e+04,-2.260700000000000000e+04,-1.399200000000000000e+04,2.153000000000000000e+04,-2.225000000000000000e+04
-2.768900000000000000e+04,-2.332300000000000000e+04,-1.713400000000000000e+04,-1.913000000000000000e+04,-2.604200000000000000e+04,-1.169900000000000000e+04,2.527800000000000000e+04,-2.157300000000000000e+04
-2.260100000000000000e+04,2.162400000000000000e+04,-1.067500000000000000e+04,-1.410000000000000000e+04,-3.183100000000000000e+04,-2.048000000000000000e+04,-2.072000000000000000e+04,-4.806000000000000000e+04
-1.637700000000000000e+04,1.963700000000000000e+04,-2.334600000000000000e+04,-2.575600000000000000e+04,-5.307700000000000000e+04,-3.057000000000000000e+03,-3.768600000000000000e+04,-3.322400000000000000e+04
-3.023900000000000000e+04,-1.842900000000000000e+04,-1.870000000000000000e+02,-2.708000000000000000e+04,-2.064800000000000000e+04,-3.171200000000000000e+04,-4.578000000000000000e+03,-1.630000000000000000e+04
-3.956700000000000000e+04,-1.343800000000000000e+04,-2.072400000000000000e+04,-1.196100000000000000e+04,-2.632800000000000000e+04,-2.562500000000000000e+04,1.868600000000000000e+04,-2.858100000000000000e+04
-3.654000000000000000e+03,-1.045600000000000000e+04,-1.935900000000000000e+04,-6.164000000000000000e+03,-2.535000000000000000e+03,-1.542000000000000000e+04,-1.199800000000000000e+04,-1.909400000000000000e+04
-4.157600000000000000e+04,-1.880100000000000000e+04,-9.490000000000000000e+03,-7.456000000000000000e+03,-1.065300000000000000e+04,-8.748000000000000000e+03,1.221700000000000000e+04,-2.711100000000000000e+04
-2.351000000000000000e+04,-2.115800000000000000e+04,-2.341700000000000000e+04,-2.370200000000000000e+04,-2.799500000000000000e+04,-3.787400000000000000e+04,-2.258900000000000000e+04,1.781200000000000000e+04
-2.632100000000000000e+04,-9.028000000000000000e+03,-1.177800000000000000e+04,-3.972600000000000000e+04,-1.467300000000000000e+04,-1.903700000000000000e+04,-1.977000000000000000e+04,1.419100000000000000e+04
-2.649500000000000000e+04,-2.723700000000000000e+04,-2.166200000000000000e+04,-1.622900000000000000e+04,-2.740700000000000000e+04,-2.824000000000000000e+04,-1.952300000000000000e+04,1.545600000000000000e+04
-3.492900000000000000e+04,-1.462400000000000000e+04,-1.749900000000000000e+04,3.054000000000000000e+03,-4.236500000000000000e+04,2.182000000000000000e+03,-1.035900000000000000e+04,-4.264700000000000000e+04
-3.811100000000000000e+04,-1.864300000000000000e+04,-2.097700000000000000e+04,-3.632600000000000000e+04,-2.028600000000000000e+04,-3.010000000000000000e+04,-2.120600000000000000e+04,1.748300000000000000e+04
-9.910000000000000000e+03,-1.608500000000000000e+04,-2.045000000000000000e+04,1.580000000000000000e+02,-2.856000000000000000e+04,1.026000000000000000e+03,-2.331000000000000000e+04,-2.631500000000000000e+04
-1.542100000000000000e+04,2.005400000000000000e+04,-1.600600000000000000e+04,-3.127000000000000000e+04,-5.081000000000000000e+04,-2.231200000000000000e+04,-2.335400000000000000e+04,-3.160900000000000000e+04
-1.666100000000000000e+04,-2.042000000000000000e+04,-1.522800000000000000e+04,-3.156600000000000000e+04,-2.249900000000000000e+04,-3.004100000000000000e+04,1.423100000000000000e+04,-2.208100000000000000e+04
-4.710100000000000000e+04,-1.653700000000000000e+04,1.003100000000000000e+04,-2.802900000000000000e+04,-4.873600000000000000e+04,-4.503600000000000000e+04,-1.681000000000000000e+03,-4.096000000000000000e+04
-2.219600000000000000e+04,4.106700000000000000e+04,-1.938700000000000000e+04,-3.566700000000000000e+04,-5.155400000000000000e+04,-3.718200000000000000e+04,-3.003700000000000000e+04,-3.774200000000000000e+04
-1.065300000000000000e+04,-2.272000000000000000e+03,-1.330100000000000000e+04,-7.637000000000000000e+03,-2.814400000000000000e+04,-1.069700000000000000e+04,-7.395000000000000000e+03,-3.509700000000000000e+04
6.446000000000000000e+03,-1.958900000000000000e+04,-1.858100000000000000e+04,-1.268000000000000000e+04,-4.783600000000000000e+04,3.642000000000000000e+03,-2.544800000000000000e+04,-4.899500000000000000e+04
-2.466600000000000000e+04,-1.510100000000000000e+04,-1.995000000000000000e+04,6.458000000000000000e+03,-3.187800000000000000e+04,-1.032200000000000000e+04,-3.743000000000000000e+03,-4.086200000000000000e+04
-1.392800000000000000e+04,-3.066900000000000000e+04,-1.729000000000000000e+04,-1.586000000000000000e+04,1.121400000000000000e+04,-2.274400000000000000e+04,-2.861600000000000000e+04,-2.993800000000000000e+04
-3.800400000000000000e+04,-2.833900000000000000e+04,-1.268600000000000000e+04,-2.899600000000000000e+04,-3.477900000000000000e+04,-3.431500000000000000e+04,-2.636000000000000000e+04,2.370300000000000000e+04
-1.328700000000000000e+04,-1.151900000000000000e+04,-1.670000000000000000e+03,-9.688000000000000000e+03,-4.200000000000000000e+01,-2.357100000000000000e+04,-1.980400000000000000e+04,-1.756300000000000000e+04
-4.439100000000000000e+04,-2.042600000000000000e+04,-5.496000000000000000e+03,-4.364600000000000000e+04,-2.391900000000000000e+04,-4.071000000000000000e+04,-2.761300000000000000e+04,1.819700000000000000e+04
-1.541400000000000000e+04,-1.049300000000000000e+04,-1.570900000000000000e+04,3.257000000000000000e+03,-3.719600000000000000e+04,-1.649200000000000000e+04,-2.107800000000000000e+04,-5.223500000000000000e+04
-3.287100000000000000e+04,-2.321100000000000000e+04,-1.612600000000000000e+04,-2.753700000000000000e+04,-2.925500000000000000e+04,-2.526700000000000000e+04,-8.688000000000000000e+03,1.070300000000000000e+04
-9.108000000000000000e+03,-1.632200000000000000e+04,-1.278500000000000000e+04,-3.100000000000000000e+01,-1.511300000000000000e+04,-1.132900000000000000e+04,-1.757600000000000000e+04,-2.977200000000000000e+04
-6.700000000000000000e+01,-2.204100000000000000e+04,-9.675000000000000000e+03,-8.762000000000000000e+03,-9.008000000000000000e+03,-6.745000000000000000e+03,-1.927100000000000000e+04,-3.132900000000000000e+04
-2.912100000000000000e+04,2.028000000000000000e+04,-2.231600000000000000e+04,-1.744600000000000000e+04,-2.903100000000000000e+04,-2.034600000000000000e+04,-2.737800000000000000e+04,-3.706800000000000000e+04
-3.362300000000000000e+04,-8.976000000000000000e+03,-2.907600000000000000e+04,-1.648800000000000000e+04,-2.645400000000000000e+04,-1.460000000000000000e+02,-1.624000000000000000e+04,-3.828000000000000000e+03
-8.188000000000000000e+03,-1.535300000000000000e+04,-1.041500000000000000e+04,5.027000000000000000e+03,-1.213200000000000000e+04,-9.317000000000000000e+03,-2.696700000000000000e+04,-2.053800000000000000e+04
-1.497800000000000000e+04,-1.533800000000000000e+04,-6.950000000000000000e+03,-2.271300000000000000e+04,-2.927800000000000000e+04,-1.622100000000000000e+04,3.503000000000000000e+03,-2.077400000000000000e+04
-3.572300000000000000e+04,-2.188400000000000000e+04,-2.253600000000000000e+04,-3.319800000000000000e+04,-2.367700000000000000e+04,-2.599300000000000000e+04,-2.694700000000000000e+04,1.646600000000000000e+04
-1.362300000000000000e+04,-2.616900000000000000e+04,-1.800000000000000000e+04,2.242000000000000000e+03,-7.972000000000000000e+03,-1.269600000000000000e+04,-2.598000000000000000e+04,-2.537900000000000000e+04
-3.815600000000000000e+04,-1.252100000000000000e+04,-1.144900000000000000e+04,-1.832000000000000000e+03,-1.395700000000000000e+04,-1.871200000000000000e+04,4.043000000000000000e+03,-2.145300000000000000e+04
-3.428000000000000000e+03,-1.054100000000000000e+04,-1.269200000000000000e+04,-4.146000000000000000e+03,-1.823600000000000000e+04,-8.958000000000000000e+03,-8.312000000000000000e+03,-2.615400000000000000e+04
-2.217700000000000000e+04,1.748100000000000000e+04,-2.817800000000000000e+04,-1.404700000000000000e+04,-3.320400000000000000e+04,-9.813000000000000000e+03,-1.103500000000000000e+04,-2.492800000000000000e+04
-3.089100000000000000e+04,-2.232700000000000000e+04,-1.153000000000000000e+04,1.639800000000000000e+04,-2.474500000000000000e+04,-1.489700000000000000e+04,1.307900000000000000e+04,-3.293800000000000000e+04
-2.467800000000000000e+04,-1.950900000000000000e+04,-1.622600000000000000e+04,-2.758500000000000000e+04,-1.036800000000000000e+04,-2.831800000000000000e+04,8.970000000000000000e+03,-1.266000000000000000e+04
-1.445600000000000000e+04,-1.440600000000000000e+04,-2.649200000000000000e+04,3.257000000000000000e+03,-1.593500000000000000e+04,-5.266000000000000000e+03,-3.059300000000000000e+04,-3.684700000000000000e+04
-1.671200000000000000e+04,-1.595900000000000000e+04,-9.596000000000000000e+03,-4.324000000000000000e+03,-1.145900000000000000e+04,6.830000000000000000e+03,-1.097000000000000000e+04,-1.958300000000000000e+04
-2.366900000000000000e+04,-1.519600000000000000e+04,-2.179100000000000000e+04,-7.446000000000000000e+03,-1.350400000000000000e+04,-1.354300000000000000e+04,1.494900000000000000e+04,-2.413800000000000000e+04
-2.745400000000000000e+04,-1.199900000000000000e+04,-1.352200000000000000e+04,-1.091700000000000000e+04,-2.771400000000000000e+04,-1.987200000000000000e+04,8.690000000000000000e+03,-2.030300000000000000e+04
-9.483000000000000000e+03,-1.353900000000000000e+04,-1.914300000000000000e+04,-2.981000000000000000e+03,-2.577800000000000000e+04,7.325000000000000000e+03,-2.140200000000000000e+04,-2.470700000000000000e+04
-1.310000000000000000e+03,-2.121400000000000000e+04,-2.086800000000000000e+04,-5.530000000000000000e+03,-2.132600000000000000e+04,1.464500000000000000e+04,-3.423400000000000000e+04,-4.255400000000000000e+04
-1.018600000000000000e+04,-9.890000000000000000e+03,-5.820000000000000000e+03,-7.608000000000000000e+03,-1.020000000000000000e+04,-8.667000000000000000e+03,-1.529300000000000000e+04,-1.547000000000000000e+04
-3.562900000000000000e+04,-2.221400000000000000e+04,-5.876000000000000000e+03,-1.436400000000000000e+04,-2.371900000000000000e+04,-3.213500000000000000e+04,2.275700000000000000e+04,-2.618800000000000000e+04
-3.332700000000000000e+04,-1.819000000000000000e+04,-1.366900000000000000e+04,-1.552200000000000000e+04,-2.670000000000000000e+04,-1.593900000000000000e+04,2.023100000000000000e+04,-2.865800000000000000e+04
-1.856600000000000000e+04,-1.371600000000000000e+04,-4.120000000000000000e+02,-6.510000000000000000e+02,-1.140100000000000000e+04,-3.255800000000000000e+04,-1.970000000000000000e+04,-2.021300000000000000e+04
-2.760000000000000000e+02,-2.232800000000000000e+04,-2.260100000000000000e+04,-1.012800000000000000e+04,-1.536500000000000000e+04,-1.454800000000000000e+04,-1.991900000000000000e+04,-3.654500000000000000e+04
-1.140300000000000000e+04,-9.442000000000000000e+03,-2.453600000000000000e+04,1.793900000000000000e+04,-2.148500000000000000e+04,-1.203800000000000000e+04,-1.566800000000000000e+04,-3.010800000000000000e+04
-1.579800000000000000e+04,-1.495000000000000000e+04,-2.342300000000000000e+04,-1.171400000000000000e+04,-1.400000000000000000e+04,2.473000000000000000e+03,-2.962000000000000000e+03,-1.951400000000000000e+04
-1.342200000000000000e+04,-5.631000000000000000e+03,-9.578000000000000000e+03,8.451000000000000000e+03,-4.176100000000000000e+04,-9.563000000000000000e+03,-1.293900000000000000e+04,-4.091000000000000000e+04
-2.694700000000000000e+04,-1.959200000000000000e+04,-1.452200000000000000e+04,-1.995000000000000000e+04,-2.501800000000000000e+04,-1.927000000000000000e+04,1.681200000000000000e+04,-1.823300000000000000e+04
-1.517300000000000000e+04,-2.074000000000000000e+04,-1.896700000000000000e+04,-1.829000000000000000e+04,9.271000000000000000e+03,-1.139000000000000000e+04,-2.629200000000000000e+04,-2.951000000000000000e+04
-2.349500000000000000e+04,-1.270600000000000000e+04,-2.600300000000000000e+04,1.773800000000000000e+04,-2.372200000000000000e+04,-1.500900000000000000e+04,1.920000000000000000e+03,-2.983800000000000000e+04
-2.586500000000000000e+04,2.827700000000000000e+04,-2.814200000000000000e+04,-2.226500000000000000e+04,-6.142600000000000000e+04,-1.958700000000000000e+04,-3.275200000000000000e+04,-2.387400000000000000e+04
-1.200600000000000000e+04,-1.300500000000000000e+04,-1.759900000000000000e+04,-6.366000000000000000e+03,-2.946700000000000000e+04,7.350000000000000000e+03,-2.412600000000000000e+04,-4.942700000000000000e+04
-2.038800000000000000e+04,-2.504500000000000000e+04,-2.174500000000000000e+04,-3.240000000000000000e+04,-3.071200000000000000e+04,-2.516400000000000000e+04,-2.547500000000000000e+04,1.765300000000000000e+04
-3.034300000000000000e+04,-1.651700000000000000e+04,-2.118300000000000000e+04,-2.371600000000000000e+04,-2.296900000000000000e+04,-1.339600000000000000e+04,2.760900000000000000e+04,-1.738800000000000000e+04
-4.550000000000000000e+02,-1.690600000000000000e+04,-8.674000000000000000e+03,1.618300000000000000e+04,-2.407100000000000000e+04,-1.081800000000000000e+04,-3.680000000000000000e+04,-3.601500000000000000e+04
-2.147000000000000000e+04,-1.553800000000000000e+04,-2.829300000000000000e+04,-4.276100000000000000e+04,-2.927300000000000000e+04,-2.211500000000000000e+04,-2.104300000000000000e+04,1.883600000000000000e+04
-3.617500000000000000e+04,-1.946200000000000000e+04,4.585000000000000000e+03,-1.259700000000000000e+04,-1.380700000000000000e+04,-3.252300000000000000e+04,-2.333900000000000000e+04,6.298000000000000000e+03
-4.062000000000000000e+03,-1.139400000000000000e+04,-1.908000000000000000e+04,6.222000000000000000e+03,-2.265800000000000000e+04,-5.725000000000000000e+03,-2.780600000000000000e+04,-4.570600000000000000e+04
-1.556000000000000000e+03,-2.319900000000000000e+04,-2.632900000000000000e+04,-4.882000000000000000e+03,-2.383800000000000000e+04,2.154700000000000000e+04,-1.006500000000000000e+04,-3.333300000000000000e+04
-7.975000000000000000e+03,-2.418400000000000000e+04,-2.856700000000000000e+04,2.492000000000000000e+03,-3.666900000000000000e+04,-9.000000000000000000e+02,-2.447700000000000000e+04,-3.474300000000000000e+04
-1.388000000000000000e+04,-7.343000000000000000e+03,-3.848000000000000000e+03,-1.062600000000000000e+04,-2.435400000000000000e+04,-2.036200000000000000e+04,-5.752000000000000000e+03,-3.528300000000000000e+04
-1.272300000000000000e+04,1.250800000000000000e+04,-3.347300000000000000e+04,-1.795000000000000000e+04,-3.509500000000000000e+04,-2.174300000000000000e+04,-6.571000000000000000e+03,-2.786400000000000000e+04
-1.354100000000000000e+04,-1.074900000000000000e+04,-2.499600000000000000e+04,5.767000000000000000e+03,-1.322400000000000000e+04,6.463000000000000000e+03,-2.575300000000000000e+04,-4.196700000000000000e+04
-2.316500000000000000e+04,1.593500000000000000e+04,-2.132000000000000000e+03,-1.810500000000000000e+04,-4.304800000000000000e+04,-2.556900000000000000e+04,-1.882500000000000000e+04,-4.509200000000000000e+04
-1.567000000000000000e+04,-1.314400000000000000e+04,-6.721000000000000000e+03,-3.066000000000000000e+03,1.469000000000000000e+03,-1.826600000000000000e+04,-1.372600000000000000e+04,9.640000000000000000e+02
-3.848600000000000000e+04,-2.382000000000000000e+04,-1.271800000000000000e+04,-3.841500000000000000e+04,-3.511600000000000000e+04,-4.159600000000000000e+04,-2.435300000000000000e+04,1.394200000000000000e+04
-3.550200000000000000e+04,-1.245200000000000000e+04,-1.379200000000000000e+04,-2.885700000000000000e+04,-2.764700000000000000e+04,-1.262000000000000000e+04,9.024000000000000000e+03,-3.404900000000000000e+04
-1.873200000000000000e+04,-1.448600000000000000e+04,-1.579200000000000000e+04,-2.048800000000000000e+04,-3.035200000000000000e+04,-8.309000000000000000e+03,2.008800000000000000e+04,-2.787400000000000000e+04
-1.417800000000000000e+04,-2.516100000000000000e+04,-1.504500000000000000e+04,-1.616000000000000000e+04,1.618400000000000000e+04,-2.200300000000000000e+04,-2.488800000000000000e+04,-2.340500000000000000e+04
8.193000000000000000e+03,-2.019500000000000000e+04,-2.787800000000000000e+04,-4.592000000000000000e+03,-1.434900000000000000e+04,-1.036500000000000000e+04,-2.491600000000000000e+04,-3.862200000000000000e+04
-2.829700000000000000e+04,-2.280800000000000000e+04,-2.287000000000000000e+04,-4.347900000000000000e+04,-2.272300000000000000e+04,-3.025300000000000000e+04,-2.330700000000000000e+04,2.594200000000000000e+04
-2.605500000000000000e+04,-4.031000000000000000e+03,-1.429600000000000000e+04,-5.437000000000000000e+03,-2.220800000000000000e+04,-1.089300000000000000e+04,-1.619300000000000000e+04,-2.348500000000000000e+04
1.101300000000000000e+04,-1.422200000000000000e+04,-1.540800000000000000e+04,-1.235600000000000000e+04,-1.434200000000000000e+04,-4.762000000000000000e+03,-2.441400000000000000e+04,-2.963400000000000000e+04
-1.980000000000000000e+04,-1.745800000000000000e+04,-1.358700000000000000e+04,-5.064000000000000000e+03,-3.327100000000000000e+04,2.019500000000000000e+04,-3.095000000000000000e+04,-4.547500000000000000e+04
-6.181000000000000000e+03,-1.704500000000000000e+04,-1.709600000000000000e+04,-2.175000000000000000e+03,-1.995100000000000000e+04,1.298000000000000000e+03,-1.705900000000000000e+04,-2.382700000000000000e+04
-4.043900000000000000e+04,-3.283400000000000000e+04,-2.101700000000000000e+04,-3.913300000000000000e+04,-4.165900000000000000e+04,-3.684700000000000000e+04,-3.299100000000000000e+04,1.355900000000000000e+04
-2.442900000000000000e+04,-1.639700000000000000e+04,-1.437000000000000000e+04,-2.587100000000000000e+04,-3.833800000000000000e+04,-1.549900000000000000e+04,9.985000000000000000e+03,-4.263300000000000000e+04
-1.751600000000000000e+04,-2.705300000000000000e+04,-1.910100000000000000e+04,-1.626000000000000000e+04,6.557000000000000000e+03,-1.839300000000000000e+04,-9.726000000000000000e+03,-2.332200000000000000e+04
-1.339400000000000000e+04,-2.237100000000000000e+04,-3.612000000000000000e+03,7.898000000000000000e+03,-6.491000000000000000e+03,-2.758600000000000000e+04,-1.645900000000000000e+04,-2.460300000000000000e+04
-9.273000000000000000e+03,-1.682500000000000000e+04,-2.133900000000000000e+04,3.554000000000000000e+03,-6.300000000000000000e+03,-7.340000000000000000e+03,-1.922600000000000000e+04,-2.351700000000000000e+04
-2.710900000000000000e+04,-1.907400000000000000e+04,-2.079700000000000000e+04,-1.535800000000000000e+04,-2.470700000000000000e+04,-2.109500000000000000e+04,2.199700000000000000e+04,-2.200100000000000000e+04
-2.334700000000000000e+04,-7.107000000000000000e+03,-2.822600000000000000e+04,-2.363000000000000000e+04,-1.491700000000000000e+04,-1.444100000000000000e+04,1.664900000000000000e+04,-1.270600000000000000e+04
-2.359800000000000000e+04,-2.109500000000000000e+04,-2.223800000000000000e+04,-2.023100000000000000e+04,-2.330300000000000000e+04,-1.971700000000000000e+04,-2.088600000000000000e+04,1.265700000000000000e+04
-1.923100000000000000e+04,-9.534000000000000000e+03,-4.109000000000000000e+03,1.022200000000000000e+04,-5.195000000000000000e+03,-8.364000000000000000e+03,-1.162400000000000000e+04,-3.238900000000000000e+04
-4.213000000000000000e+03,1.318200000000000000e+04,-3.493700000000000000e+04,-2.472900000000000000e+04,-3.988500000000000000e+04,-8.047000000000000000e+03,-3.583200000000000000e+04,-2.463100000000000000e+04
-4.427200000000000000e+04,-2.971000000000000000e+04,-2.060100000000000000e+04,-3.871600000000000000e+04,-3.372400000000000000e+04,-3.601300000000000000e+04,-3.487300000000000000e+04,2.390400000000000000e+04
-2.946600000000000000e+04,-1.475400000000000000e+04,-8.935000000000000000e+03,-2.697200000000000000e+04,-2.477600000000000000e+04,-1.454100000000000000e+04,4.478000000000000000e+03,-1.615200000000000000e+04
-9.521000000000000000e+03,-1.146700000000000000e+04,-6.559000000000000000e+03,-2.157900000000000000e+04,1.920000000000000000e+02,-2.176300000000000000e+04,-1.467800000000000000e+04,-1.879100000000000000e+04
-2.671300000000000000e+04,1.734200000000000000e+04,-1.917500000000000000e+04,-2.696000000000000000e+03,-3.720400000000000000e+04,-3.077500000000000000e+04,-1.506600000000000000e+04,-3.188800000000000000e+04
-3.028000000000000000e+04,-1.432000000000000000e+04,1.800000000000000000e+02,-2.204100000000000000e+04,-1.226700000000000000e+04,-1.216800000000000000e+04,-9.673000000000000000e+03,-3.403600000000000000e+04
-3.007900000000000000e+04,-3.043600000000000000e+04,-7.000000000000000000e+02,-3.540900000000000000e+04,-2.305500000000000000e+04,-3.893100000000000000e+04,-8.027000000000000000e+03,-1.470900000000000000e+04
-6.506000000000000000e+03,-2.305400000000000000e+04,-8.130000000000000000e+03,-1.648000000000000000e+04,3.147000000000000000e+03,-7.391000000000000000e+03,-1.980900000000000000e+04,-3.298700000000000000e+04
-7.012000000000000000e+03,-1.887400000000000000e+04,-2.655900000000000000e+04,-1.127200000000000000e+04,-1.744800000000000000e+04,-7.580000000000000000e+02,-4.816000000000000000e+03,-4.025900000000000000e+04
-1.882900000000000000e+04,7.067000000000000000e+03,-2.586100000000000000e+04,-1.285600000000000000e+04,-4.784400000000000000e+04,-6.269000000000000000e+03,-1.360200000000000000e+04,-2.696300000000000000e+04
-2.660300000000000000e+04,-7.506000000000000000e+03,-1.469000000000000000e+04,-2.368300000000000000e+04,-1.954200000000000000e+04,-1.563100000000000000e+04,-1.958000000000000000e+04,1.922500000000000000e+04
-3.194100000000000000e+04,-1.572400000000000000e+04,-1.750400000000000000e+04,-2.347600000000000000e+04,-1.481200000000000000e+04,-2.646500000000000000e+04,-1.669200000000000000e+04,2.102400000000000000e+04
-1.622800000000000000e+04,-1.352100000000000000e+04,-2.070700000000000000e+04,-1.582800000000000000e+04,-1.410900000000000000e+04,-2.252300000000000000e+04,-2.182100000000000000e+04,2.347100000000000000e+04
-2.391800000000000000e+04,-1.867000000000000000e+04,-1.069800000000000000e+04,-1.819400000000000000e+04,-2.523400000000000000e+04,-1.848000000000000000e+04,-1.354300000000000000e+04,2.245000000000000000e+03
-2.171300000000000000e+04,-2.108700000000000000e+04,-2.506500000000000000e+04,-9.702000000000000000e+03,-1.558000000000000000e+04,7.323000000000000000e+03,-1.242600000000000000e+04,-1.661700000000000000e+04
-3.190000000000000000e+04,-9.026000000000000000e+03,2.599000000000000000e+03,-1.484100000000000000e+04,-2.603300000000000000e+04,-2.584800000000000000e+04,1.160000000000000000e+03,-2.357100000000000000e+04
-4.345200000000000000e+04,-2.187500000000000000e+04,1.771800000000000000e+04,-9.090000000000000000e+03,-2.265800000000000000e+04,-4.466600000000000000e+04,-2.209900000000000000e+04,9.380000000000000000e+02
6.299000000000000000e+03,-5.667000000000000000e+03,-3.474000000000000000e+04,-1.035500000000000000e+04,-3.461600000000000000e+04,-4.072000000000000000e+03,-2.798900000000000000e+04,-3.165200000000000000e+04
-1.959800000000000000e+04,-4.197000000000000000e+03,-2.274500000000000000e+04,-3.167000000000000000e+03,-3.319200000000000000e+04,4.833000000000000000e+03,-1.554300000000000000e+04,-4.489100000000000000e+04
-2.283500000000000000e+04,1.069700000000000000e+04,-1.695600000000000000e+04,-4.411000000000000000e+03,-3.392200000000000000e+04,-1.524300000000000000e+04,-1.327000000000000000e+04,-3.379800000000000000e+04
1.900000000000000000e+03,1.014700000000000000e+04,-2.687600000000000000e+04,-3.185400000000000000e+04,-2.015900000000000000e+04,-1.947900000000000000e+04,-2.817100000000000000e+04,-2.650300000000000000e+04
-2.224600000000000000e+04,-1.931800000000000000e+04,-1.434200000000000000e+04,-2.316200000000000000e+04,-1.559700000000000000e+04,-1.266800000000000000e+04,2.114900000000000000e+04,-1.507900000000000000e+04
-1.916400000000000000e+04,-9.690000000000000000e+03,-1.002000000000000000e+04,-2.567800000000000000e+04,-2.855000000000000000e+04,-1.294300000000000000e+04,-2.402100000000000000e+04,1.020500000000000000e+04
-2.185200000000000000e+04,-1.544100000000000000e+04,1.637000000000000000e+03,-4.277000000000000000e+03,-7.664000000000000000e+03,-1.689900000000000000e+04,-1.224300000000000000e+04,-3.225200000000000000e+04
-3.012900000000000000e+04,-1.131900000000000000e+04,-1.820100000000000000e+04,1.296100000000000000e+04,-3.664800000000000000e+04,3.097000000000000000e+03,-2.107400000000000000e+04,-4.484600000000000000e+04
-2.472700000000000000e+04,-9.084000000000000000e+03,-9.864000000000000000e+03,-2.693300000000000000e+04,-1.439800000000000000e+04,-1.999000000000000000e+04,-1.823900000000000000e+04,1.104100000000000000e+04
-2.138900000000000000e+04,-1.761000000000000000e+04,5.033000000000000000e+03,-1.177900000000000000e+04,-1.993000000000000000e+04,-2.461600000000000000e+04,-3.453000000000000000e+03,-1.627600000000000000e+04
-2.036100000000000000e+04,-1.438100000000000000e+04,3.099200000000000000e+04,-1.911000000000000000e+03,-1.329200000000000000e+04,-2.776400000000000000e+04,-1.470400000000000000e+04,-2.882500000000000000e+04
-2.056700000000000000e+04,-1.721700000000000000e+04,-1.570200000000000000e+04,-2.876100000000000000e+04,-1.899000000000000000e+04,-2.973900000000000000e+04,-2.553100000000000000e+04,1.108400000000000000e+04
-2.754100000000000000e+04,-8.348000000000000000e+03,-3.402000000000000000e+03,-7.427000000000000000e+03,-1.983900000000000000e+04,-1.474300000000000000e+04,-1.243700000000000000e+04,-3.346700000000000000e+04
-2.231100000000000000e+04,-4.924000000000000000e+03,-2.706300000000000000e+04,-1.825400000000000000e+04,-1.611300000000000000e+04,-2.501300000000000000e+04,8.835000000000000000e+03,-1.821900000000000000e+04
-1.876000000000000000e+03,-1.516300000000000000e+04,-1.231600000000000000e+04,-1.210600000000000000e+04,-1.929000000000000000e+04,6.554000000000000000e+03,-2.430100000000000000e+04,-2.694700000000000000e+04
-1.545500000000000000e+04,7.903000000000000000e+03,-2.399900000000000000e+04,-2.053400000000000000e+04,-3.627900000000000000e+04,-8.117000000000000000e+03,-2.539600000000000000e+04,-2.774000000000000000e+04
-1.946800000000000000e+04,2.890700000000000000e+04,-3.696600000000000000e+04,-3.027400000000000000e+04,-6.190600000000000000e+04,-1.043000000000000000e+04,-2.778300000000000000e+04,-3.775200000000000000e+04
-1.878500000000000000e+04,-5.307000000000000000e+03,-2.090600000000000000e+04,-8.076000000000000000e+03,-4.505000000000000000e+04,-1.246700000000000000e+04,3.634000000000000000e+03,-2.386500000000000000e+04
-5.167800000000000000e+04,-2.340000000000000000e+04,3.717000000000000000e+03,-2.079000000000000000e+04,-3.527800000000000000e+04,-1.440200000000000000e+04,-1.012500000000000000e+04,-1.664000000000000000e+04
-4.311400000000000000e+04,4.412000000000000000e+03,-1.502000000000000000e+04,-1.410500000000000000e+04,-4.722700000000000000e+04,-7.077000000000000000e+03,-1.127500000000000000e+04,-3.037100000000000000e+04
2.266000000000000000e+03,-1.433100000000000000e+04,-2.351600000000000000e+04,-1.329100000000000000e+04,-1.274600000000000000e+04,-5.522000000000000000e+03,-1.570200000000000000e+04,-4.312200000000000000e+04
-1.826500000000000000e+04,-1.325800000000000000e+04,-1.784400000000000000e+04,-1.009800000000000000e+04,-1.678700000000000000e+04,-1.757300000000000000e+04,6.569000000000000000e+03,-1.441300000000000000e+04
-1.050000000000000000e+03,-1.737500000000000000e+04,-1.263400000000000000e+04,-1.133500000000000000e+04,-3.514000000000000000e+04,-4.756000000000000000e+03,-1.575800000000000000e+04,-3.208400000000000000e+04
-2.619300000000000000e+04,2.934000000000000000e+03,1.011000000000000000e+03,1.108100000000000000e+04,-3.098900000000000000e+04,-1.831500000000000000e+04,-2.027400000000000000e+04,-5.254400000000000000e+04
-2.165400000000000000e+04,-1.101500000000000000e+04,-1.371400000000000000e+04,-2.719000000000000000e+03,-2.576800000000000000e+04,-1.770000000000000000e+02,-9.533000000000000000e+03,-4.199900000000000000e+04
-1.448300000000000000e+04,3.406600000000000000e+04,-2.894800000000000000e+04,-2.751900000000000000e+04,-4.754100000000000000e+04,-2.485600000000000000e+04,-3.076300000000000000e+04,-4.128300000000000000e+04
-1.930700000000000000e+04,-1.929400000000000000e+04,-2.056100000000000000e+04,-1.688800000000000000e+04,1.810300000000000000e+04,-2.090600000000000000e+04,-2.813800000000000000e+04,-1.633100000000000000e+04
1.672000000000000000e+03,-2.470300000000000000e+04,-1.386000000000000000e+04,-1.424700000000000000e+04,1.122300000000000000e+04,-2.388000000000000000e+04,-3.826100000000000000e+04,-2.873000000000000000e+04
-3.996700000000000000e+04,-2.669000000000000000e+04,-7.272000000000000000e+03,-1.927200000000000000e+04,3.492000000000000000e+03,-3.233900000000000000e+04,-3.486900000000000000e+04,-3.178000000000000000e+03
-6.819000000000000000e+03,-1.719800000000000000e+04,-1.064100000000000000e+04,-2.027400000000000000e+04,1.508700000000000000e+04,-7.262000000000000000e+03,-2.589500000000000000e+04,-9.225000000000000000e+03
-4.113200000000000000e+04,-2.299800000000000000e+04,-2.213200000000000000e+04,-3.566500000000000000e+04,-3.764300000000000000e+04,-1.945100000000000000e+04,-2.073100000000000000e+04,2.398900000000000000e+04
-2.664000000000000000e+04,3.443800000000000000e+04,-2.604200000000000000e+04,-2.084500000000000000e+04,-6.032900000000000000e+04,-1.045800000000000000e+04,-2.893300000000000000e+04,-4.350900000000000000e+04
-6.254000000000000000e+03,-2.084300000000000000e+04,-1.776900000000000000e+04,-9.272000000000000000e+03,-7.780000000000000000e+03,3.387000000000000000e+03,-2.818800000000000000e+04,-3.643200000000000000e+04
-5.534000000000000000e+03,-9.088000000000000000e+03,-1.857900000000000000e+04,-5.850000000000000000e+02,-3.222700000000000000e+04,-5.441000000000000000e+03,-3.467700000000000000e+04,-4.146200000000000000e+04
-4.267200000000000000e+04,-3.160400000000000000e+04,-3.196000000000000000e+03,-3.280300000000000000e+04,-4.312200000000000000e+04,-4.406700000000000000e+04,-2.918500000000000000e+04,9.423000000000000000e+03
-2.518000000000000000e+04,-2.313300000000000000e+04,-4.915000000000000000e+03,-2.102300000000000000e+04,-5.242000000000000000e+03,-3.096400000000000000e+04,-1.937200000000000000e+04,-7.898000000000000000e+03
-2.353800000000000000e+04,-1.545800000000000000e+04,-2.622000000000000000e+04,-2.327600000000000000e+04,-1.873400000000000000e+04,-1.712100000000000000e+04,1.666300000000000000e+04,-1.088900000000000000e+04
-2.706200000000000000e+04,9.641000000000000000e+03,-3.144600000000000000e+04,-1.624200000000000000e+04,-5.127500000000000000e+04,-3.978000000000000000e+03,-2.832400000000000000e+04,-3.858400000000000000e+04
-1.109500000000000000e+04,-1.898800000000000000e+04,-1.072700000000000000e+04,-2.986200000000000000e+04,-1.733600000000000000e+04,-3.008500000000000000e+04,1.336800000000000000e+04,-1.590000000000000000e+04
-3.000700000000000000e+04,-2.346200000000000000e+04,-1.662200000000000000e+04,-1.240700000000000000e+04,3.059000000000000000e+03,-2.554100000000000000e+04,-2.218200000000000000e+04,-9.933000000000000000e+03
-2.336000000000000000e+04,-1.761500000000000000e+04,-1.681000000000000000e+04,-2.887600000000000000e+04,-1.645600000000000000e+04,-3.221800000000000000e+04,-1.566600000000000000e+04,1.278800000000000000e+04
-2.760600000000000000e+04,-1.751700000000000000e+04,1.226000000000000000e+04,-2.506100000000000000e+04,-2.342600000000000000e+04,-3.462300000000000000e+04,-2.503400000000000000e+04,-1.281000000000000000e+04
-1.590900000000000000e+04,-1.878500000000000000e+04,-2.031400000000000000e+04,1.027400000000000000e+04,-3.054000000000000000e+04,-3.324000000000000000e+03,-1.529400000000000000e+04,-4.071800000000000000e+04
-2.204600000000000000e+04,-1.125200000000000000e+04,-2.658600000000000000e+04,3.593000000000000000e+03,-2.241500000000000000e+04,1.037000000000000000e+03,-1.953300000000000000e+04,-3.312800000000000000e+04
-3.384800000000000000e+04,-1.817100000000000000e+04,7.567000000000000000e+03,-2.821600000000000000e+04,-1.469800000000000000e+04,-3.255300000000000000e+04,-2.515400000000000000e+04,5.285000000000000000e+03
-1.703900000000000000e+04,-2.925000000000000000e+04,-1.894200000000000000e+04,-2.494700000000000000e+04,-2.484300000000000000e+04,-1.878000000000000000e+04,-1.928000000000000000e+04,1.253400000000000000e+04
-2.306300000000000000e+04,-9.282000000000000000e+03,-2.275900000000000000e+04,-1.645800000000000000e+04,-2.348000000000000000e+04,-5.531000000000000000e+03,-2.478500000000000000e+04,-3.468700000000000000e+04
-8.706000000000000000e+03,-1.849700000000000000e+04,-1.680000000000000000e+04,2.169000000000000000e+03,-8.286000000000000000e+03,-1.223100000000000000e+04,-2.413700000000000000e+04,-2.962600000000000000e+04
-1.860800000000000000e+04,2.559900000000000000e+04,-8.114000000000000000e+03,-7.611000000000000000e+03,-4.478100000000000000e+04,-2.722100000000000000e+04,-2.712500000000000000e+04,-4.488800000000000000e+04
-2.759000000000000000e+03,-2.758600000000000000e+04,-1.494200000000000000e+04,-7.275000000000000000e+03,-1.112800000000000000e+04,4.834000000000000000e+03,-2.823300000000000000e+04,-3.865700000000000000e+04
-1.595600000000000000e+04,-9.032000000000000000e+03,-2.418900000000000000e+04,-1.412400000000000000e+04,-2.092100000000000000e+04,-2.769000000000000000e+03,-3.399000000000000000e+03,-8.532000000000000000e+03
-4.160700000000000000e+04,-3.223100000000000000e+04,-1.523600000000000000e+04,-3.919800000000000000e+04,-3.012500000000000000e+04,-5.825600000000000000e+04,-3.449300000000000000e+04,2.491700000000000000e+04
-1.523000000000000000e+04,2.563900000000000000e+04,-2.390800000000000000e+04,-2.216000000000000000e+04,-5.258100000000000000e+04,-2.782700000000000000e+04,-2.527200000000000000e+04,-2.496300000000000000e+04
-1.330000000000000000e+03,-2.430500000000000000e+04,-1.178600000000000000e+04,-1.101400000000000000e+04,-1.419100000000000000e+04,-7.400000000000000000e+02,-1.563500000000000000e+04,-3.584500000000000000e+04
-2.284900000000000000e+04,-1.727900000000000000e+04,-1.609300000000000000e+04,-3.535700000000000000e+04,-2.041100000000000000e+04,-2.959800000000000000e+04,-2.090500000000000000e+04,1.285000000000000000e+04
-3.074000000000000000e+03,-8.678000000000000000e+03,-2.489300000000000000e+04,7.650000000000000000e+02,-2.141600000000000000e+04,5.644000000000000000e+03,-3.469300000000000000e+04,-3.771000000000000000e+04
-3.434100000000000000e+04,-2.272800000000000000e+04,2.790100000000000000e+04,-2.101300000000000000e+04,-1.166900000000000000e+04,-4.356200000000000000e+04,-2.674300000000000000e+04,-4.009000000000000000e+03
-2.352000000000000000e+04,-2.549700000000000000e+04,-1.241500000000000000e+04,-1.543800000000000000e+04,1.162900000000000000e+04,-3.331900000000000000e+04,-2.678800000000000000e+04,-1.758400000000000000e+04
-1.412700000000000000e+04,-1.595200000000000000e+04,-1.017500000000000000e+04,-1.376000000000000000e+04,-2.790500000000000000e+04,-5.094000000000000000e+03,-1.940200000000000000e+04,1.554700000000000000e+04
-3.467600000000000000e+04,-2.175100000000000000e+04,-1.679600000000000000e+04,-2.059600000000000000e+04,-2.459400000000000000e+04,-2.033000000000000000e+04,1.321000000000000000e+04,-2.255300000000000000e+04
-1.903600000000000000e+04,-2.147200000000000000e+04,-2.018300000000000000e+04,-1.335400000000000000e+04,-1.386400000000000000e+04,4.094000000000000000e+03,-2.241700000000000000e+04,-2.829700000000000000e+04
-2.491100000000000000e+04,1.882000000000000000e+04,-3.096400000000000000e+04,-1.354500000000000000e+04,-3.959600000000000000e+04,-1.055300000000000000e+04,-1.567300000000000000e+04,-3.008400000000000000e+04
-2.957400000000000000e+04,-2.058600000000000000e+04,-1.048600000000000000e+04,-6.970000000000000000e+03,-8.291000000000000000e+03,-1.407400000000000000e+04,3.616000000000000000e+03,-2.656200000000000000e+04
-1.683700000000000000e+04,-1.418400000000000000e+04,-1.697200000000000000e+04,-7.346000000000000000e+03,-1.881200000000000000e+04,1.173100000000000000e+04,-2.117100000000000000e+04,-2.396700000000000000e+04
-7.911000000000000000e+03,-1.607500000000000000e+04,-1.795400000000000000e+04,2.601000000000000000e+03,-2.086400000000000000e+04,-9.562000000000000000e+03,-3.843000000000000000e+03,-3.163500000000000000e+04
-2.634500000000000000e+04,-7.429000000000000000e+03,-1.559300000000000000e+04,-1.292700000000000000e+04,-2.833400000000000000e+04,-1.500600000000000000e+04,-1.152000000000000000e+03,-2.896300000000000000e+04
-1.779700000000000000e+04,1.204000000000000000e+04,-1.577900000000000000e+04,-1.939700000000000000e+04,-3.062000000000000000e+04,-1.666800000000000000e+04,-2.142800000000000000e+04,-4.239800000000000000e+04
-2.556700000000000000e+04,-7.680000000000000000e+03,-2.670800000000000000e+04,2.475000000000000000e+03,-4.206500000000000000e+04,-1.307000000000000000e+04,-2.253900000000000000e+04,-4.526200000000000000e+04
-3.239000000000000000e+04,-7.526000000000000000e+03,-1.180000000000000000e+03,-1.605500000000000000e+04,-1.417200000000000000e+04,-2.570000000000000000e+04,-1.390900000000000000e+04,-5.046000000000000000e+03
-1.244200000000000000e+04,-2.140900000000000000e+04,-2.833600000000000000e+04,-5.065000000000000000e+03,-7.571000000000000000e+03,1.728800000000000000e+04,-1.063900000000000000e+04,-2.626200000000000000e+04
-2.571000000000000000e+04,-1.806400000000000000e+04,-1.415000000000000000e+04,-3.078600000000000000e+04,-1.898800000000000000e+04,-1.378000000000000000e+04,-2.050400000000000000e+04,1.991900000000000000e+04
-2.330700000000000000e+04,-6.136000000000000000e+03,-2.866300000000000000e+04,-2.890500000000000000e+04,-2.580800000000000000e+04,6.273000000000000000e+03,-8.675000000000000000e+03,-1.663200000000000000e+04
-1.469800000000000000e+04,-2.402000000000000000e+04,-1.780200000000000000e+04,-2.508700000000000000e+04,1.182000000000000000e+04,-1.845300000000000000e+04,-2.168000000000000000e+04,-2.052100000000000000e+04
-3.799500000000000000e+04,-3.245400000000000000e+04,-2.240300000000000000e+04,-3.978400000000000000e+04,-3.562100000000000000e+04,-3.393100000000000000e+04,-9.459000000000000000e+03,8.347000000000000000e+03
7.198000000000000000e+03,-2.508900000000000000e+04,-2.428300000000000000e+04,-9.362000000000000000e+03,-8.279000000000000000e+03,-9.278000000000000000e+03,-2.942400000000000000e+04,-3.696700000000000000e+04
-2.448800000000000000e+04,-1.862600000000000000e+04,4.085000000000000000e+03,-3.117800000000000000e+04,-2.639300000000000000e+04,-2.829600000000000000e+04,-1.769400000000000000e+04,-3.344000000000000000e+03
-2.587500000000000000e+04,-2.105100000000000000e+04,1.929800000000000000e+04,-2.929800000000000000e+04,-1.354500000000000000e+04,-3.346400000000000000e+04,-1.736900000000000000e+04,-1.040600000000000000e+04
-4.261600000000000000e+04,-2.240100000000000000e+04,-1.195000000000000000e+04,-2.378400000000000000e+04,-2.462200000000000000e+04,-2.281000000000000000e+04,1.621200000000000000e+04,-2.334400000000000000e+04
-1.104300000000000000e+04,-1.640000000000000000e+04,-2.128500000000000000e+04,-2.622700000000000000e+04,-2.105100000000000000e+04,-3.985400000000000000e+04,-3.009200000000000000e+04,1.823100000000000000e+04
-3.001200000000000000e+04,2.849200000000000000e+04,-1.181000000000000000e+04,-9.409000000000000000e+03,-3.931800000000000000e+04,-1.891100000000000000e+04,-2.780700000000000000e+04,-2.744100000000000000e+04
-1.988200000000000000e+04,2.592300000000000000e+04,-1.891100000000000000e+04,-1.874100000000000000e+04,-4.486600000000000000e+04,-2.224300000000000000e+04,-2.480900000000000000e+04,-3.206300000000000000e+04
-2.844300000000000000e+04,-2.485800000000000000e+04,-8.093000000000000000e+03,-2.625500000000000000e+04,-1.300300000000000000e+04,-2.607900000000000000e+04,-2.779200000000000000e+04,3.586000000000000000e+03
-7.066000000000000000e+03,-2.133600000000000000e+04,-1.827100000000000000e+04,1.002000000000000000e+03,-2.102500000000000000e+04,3.599000000000000000e+03,-2.204000000000000000e+04,-3.048900000000000000e+04
9.196000000000000000e+03,-2.071500000000000000e+04,-1.556500000000000000e+04,-1.313600000000000000e+04,-2.997700000000000000e+04,-8.910000000000000000e+02,-3.288700000000000000e+04,-5.573800000000000000e+04
-3.366100000000000000e+04,-2.024900000000000000e+04,-1.569400000000000000e+04,-1.777500000000000000e+04,-3.968800000000000000e+04,-1.100300000000000000e+04,1.474000000000000000e+04,-2.467600000000000000e+04
-1.500000000000000000e+02,-1.199600000000000000e+04,-5.121000000000000000e+03,4.497000000000000000e+03,-5.800000000000000000e+02,-5.392000000000000000e+03,-2.428600000000000000e+04,-2.925000000000000000e+04
-3.080400000000000000e+04,-2.816000000000000000e+04,-6.400000000000000000e+02,-3.005300000000000000e+04,-3.084500000000000000e+04,-4.337100000000000000e+04,-2.148500000000000000e+04,1.891000000000000000e+03
-1.697700000000000000e+04,1.489000000000000000e+04,-2.510800000000000000e+04,-1.629300000000000000e+04,-5.353500000000000000e+04,-1.957000000000000000e+03,-1.748300000000000000e+04,-3.307400000000000000e+04
-2.644500000000000000e+04,-1.975700000000000000e+04,-1.384600000000000000e+04,-3.107800000000000000e+04,-1.470000000000000000e+04,-2.985200000000000000e+04,-2.953800000000000000e+04,1.229900000000000000e+04
-2.352400000000000000e+04,-2.304300000000000000e+04,-1.718200000000000000e+04,-2.636900000000000000e+04,-3.581100000000000000e+04,-1.244200000000000000e+04,2.133200000000000000e+04,-4.538000000000000000e+04
-1.953800000000000000e+04,-2.267600000000000000e+04,5.182000000000000000e+03,-1.833700000000000000e+04,-3.476000000000000000e+03,-3.117400000000000000e+04,-2.626100000000000000e+04,-1.141300000000000000e+04
-1.424200000000000000e+04,-1.214600000000000000e+04,-7.294000000000000000e+03,-1.651600000000000000e+04,-2.460700000000000000e+04,1.018000000000000000e+03,-1.631500000000000000e+04,-3.666800000000000000e+04
-2.311600000000000000e+04,1.575500000000000000e+04,-2.540900000000000000e+04,-2.272400000000000000e+04,-5.174300000000000000e+04,-1.308400000000000000e+04,-3.464700000000000000e+04,-4.207600000000000000e+04
-2.838200000000000000e+04,-1.348200000000000000e+04,-2.325400000000000000e+04,-2.170700000000000000e+04,-1.841700000000000000e+04,-1.459500000000000000e+04,1.743900000000000000e+04,-2.180800000000000000e+04
-2.098700000000000000e+04,-1.662900000000000000e+04,-4.244000000000000000e+03,-1.221400000000000000e+04,-2.159700000000000000e+04,-2.141500000000000000e+04,8.324000000000000000e+03,-2.155900000000000000e+04
-1.623800000000000000e+04,-1.792200000000000000e+04,-2.393400000000000000e+04,-2.797000000000000000e+04,-1.221000000000000000e+04,-2.767300000000000000e+04,1.542400000000000000e+04,-1.459400000000000000e+04
-3.749500000000000000e+04,-2.221500000000000000e+04,-2.377900000000000000e+04,-2.819900000000000000e+04,-3.258100000000000000e+04,-1.993300000000000000e+04,1.649700000000000000e+04,-2.245400000000000000e+04
-1.572300000000000000e+04,-8.003000000000000000e+03,-1.358100000000000000e+04,-3.412000000000000000e+03,-4.329000000000000000e+03,1.010500000000000000e+04,-1.090300000000000000e+04,-1.909500000000000000e+04
-1.819800000000000000e+04,-7.700000000000000000e+03,-1.009600000000000000e+04,6.919000000000000000e+03,-3.948700000000000000e+04,-1.503400000000000000e+04,-2.495200000000000000e+04,-4.420900000000000000e+04
-2.601200000000000000e+04,-2.625000000000000000e+04,1.083200000000000000e+04,-2.304600000000000000e+04,-1.564800000000000000e+04,-3.316400000000000000e+04,-6.799000000000000000e+03,-6.968000000000000000e+03
6.257000000000000000e+03,-2.094900000000000000e+04,-4.782000000000000000e+03,-1.070600000000000000e+04,4.501000000000000000e+03,-1.498400000000000000e+04,-2.586500000000000000e+04,-1.821900000000000000e+04
-2.395900000000000000e+04,-2.437700000000000000e+04,3.161000000000000000e+03,-1.465800000000000000e+04,-5.459000000000000000e+03,-3.269200000000000000e+04,-1.586200000000000000e+04,-8.795000000000000000e+03
2.352000000000000000e+03,-1.724500000000000000e+04,-1.834400000000000000e+04,-1.899500000000000000e+04,-3.503800000000000000e+04,1.713800000000000000e+04,-3.625700000000000000e+04,-5.427200000000000000e+04
-1.428800000000000000e+04,-1.147000000000000000e+04,-1.547500000000000000e+04,-3.323000000000000000e+03,-2.525500000000000000e+04,1.668000000000000000e+03,-2.676600000000000000e+04,-4.721800000000000000e+04
-2.269200000000000000e+04,-1.533400000000000000e+04,-1.651300000000000000e+04,-1.562700000000000000e+04,-3.858200000000000000e+04,-2.176100000000000000e+04,7.463000000000000000e+03,-4.687400000000000000e+04
-2.098400000000000000e+04,-1.302400000000000000e+04,-2.441300000000000000e+04,4.314000000000000000e+03,-1.976800000000000000e+04,-5.640000000000000000e+02,-2.256700000000000000e+04,-1.418300000000000000e+04
-5.163400000000000000e+04,-4.101200000000000000e+04,-1.160400000000000000e+04,-4.618000000000000000e+04,-3.510100000000000000e+04,-4.094600000000000000e+04,-2.421600000000000000e+04,1.797500000000000000e+04
-4.115100000000000000e+04,-2.079100000000000000e+04,-8.047000000000000000e+03,-4.120300000000000000e+04,-2.693700000000000000e+04,-4.152900000000000000e+04,-2.324000000000000000e+04,1.370900000000000000e+04
-1.069800000000000000e+04,4.096000000000000000e+03,2.853000000000000000e+03,-2.502700000000000000e+04,-3.069000000000000000e+04,-2.622100000000000000e+04,-2.310900000000000000e+04,-3.498900000000000000e+04
-4.594200000000000000e+04,-1.257500000000000000e+04,-2.237600000000000000e+04,-7.883000000000000000e+03,-4.548300000000000000e+04,-1.923800000000000000e+04,8.735000000000000000e+03,-2.730200000000000000e+04
-2.575400000000000000e+04,-6.227000000000000000e+03,-1.847900000000000000e+04,7.557000000000000000e+03,-4.201500000000000000e+04,-4.301000000000000000e+03,-2.069500000000000000e+04,-3.340000000000000000e+04
-2.942700000000000000e+04,1.649500000000000000e+04,-2.671100000000000000e+04,-1.236300000000000000e+04,-4.512200000000000000e+04,-1.914100000000000000e+04,-3.880000000000000000e+03,-3.781500000000000000e+04
-3.142200000000000000e+04,-1.344000000000000000e+04,-2.927200000000000000e+04,1.374400000000000000e+04,-4.098500000000000000e+04,-5.487000000000000000e+03,-1.990500000000000000e+04,-3.530300000000000000e+04
-4.027000000000000000e+03,-1.482700000000000000e+04,-2.186600000000000000e+04,-2.986500000000000000e+04,1.433000000000000000e+03,-1.034600000000000000e+04,-2.557200000000000000e+04,-2.661800000000000000e+04
-2.494100000000000000e+04,-2.777900000000000000e+04,-6.053000000000000000e+03,-2.408800000000000000e+04,5.824000000000000000e+03,-3.355300000000000000e+04,-3.433400000000000000e+04,-3.402000000000000000e+03
-2.736100000000000000e+04,-2.616200000000000000e+04,-1.704800000000000000e+04,-2.284100000000000000e+04,-2.541300000000000000e+04,-2.377200000000000000e+04,-2.467800000000000000e+04,2.474700000000000000e+04
-4.014000000000000000e+03,-1.659400000000000000e+04,-1.498100000000000000e+04,-4.894000000000000000e+03,-4.060000000000000000e+02,-3.487000000000000000e+03,-3.451800000000000000e+04,-3.573600000000000000e+04
-1.634900000000000000e+04,-1.341700000000000000e+04,-1.882600000000000000e+04,-3.000000000000000000e+03,-2.431300000000000000e+04,-2.901900000000000000e+04,2.138900000000000000e+04,-1.926900000000000000e+04
-8.772000000000000000e+03,-2.135700000000000000e+04,-1.023600000000000000e+04,-9.859000000000000000e+03,4.397000000000000000e+03,-1.384700000000000000e+04,-3.486600000000000000e+04,-4.733700000000000000e+04
-1.001000000000000000e+04,-1.054800000000000000e+04,-3.393000000000000000e+03,1.126100000000000000e+04,-1.436400000000000000e+04,-1.655000000000000000e+04,-2.037400000000000000e+04,-3.409500000000000000e+04
-1.816000000000000000e+04,2.270300000000000000e+04,-3.143700000000000000e+04,-1.101400000000000000e+04,-6.181000000000000000e+04,-9.428000000000000000e+03,-3.672800000000000000e+04,-4.081100000000000000e+04
-3.510500000000000000e+04,-2.943800000000000000e+04,-4.981000000000000000e+03,-7.165000000000000000e+03,1.309200000000000000e+04,-3.624500000000000000e+04,-3.390400000000000000e+04,-1.855500000000000000e+04
-2.362100000000000000e+04,-1.904300000000000000e+04,-1.787700000000000000e+04,-4.772400000000000000e+04,-2.913100000000000000e+04,-3.020200000000000000e+04,-2.404800000000000000e+04,2.490100000000000000e+04
-4.470000000000000000e+03,-1.994500000000000000e+04,-1.498200000000000000e+04,7.758000000000000000e+03,-1.381300000000000000e+04,4.341000000000000000e+03,-2.021700000000000000e+04,-1.701900000000000000e+04
-3.189300000000000000e+04,-5.163000000000000000e+03,-3.061400000000000000e+04,-3.054200000000000000e+04,-2.282800000000000000e+04,-1.095600000000000000e+04,5.437000000000000000e+03,-2.234400000000000000e+04
2.900000000000000000e+02,-1.431700000000000000e+04,-1.314100000000000000e+04,6.520000000000000000e+03,-1.889000000000000000e+04,-2.045100000000000000e+04,-3.280100000000000000e+04,-2.986500000000000000e+04
-3.139000000000000000e+04,-2.578200000000000000e+04,-1.239300000000000000e+04,-3.740800000000000000e+04,-2.381300000000000000e+04,-2.348300000000000000e+04,1.518700000000000000e+04,-2.343500000000000000e+04
-2.330200000000000000e+04,-1.301800000000000000e+04,-1.581600000000000000e+04,-5.242000000000000000e+03,-1.734700000000000000e+04,-1.356400000000000000e+04,-2.866500000000000000e+04,-2.933700000000000000e+04
-9.106000000000000000e+03,-2.324100000000000000e+04,-1.605200000000000000e+04,-2.255300000000000000e+04,-2.288200000000000000e+04,8.307000000000000000e+03,-5.726000000000000000e+03,-4.368200000000000000e+04
-3.124100000000000000e+04,7.338000000000000000e+03,-2.291300000000000000e+04,-9.576000000000000000e+03,-3.948800000000000000e+04,-5.077000000000000000e+03,-1.426500000000000000e+04,-3.540400000000000000e+04
-1.477000000000000000e+03,-5.007000000000000000e+03,8.749000000000000000e+03,8.320000000000000000e+02,-1.318700000000000000e+04,-9.895000000000000000e+03,-2.694500000000000000e+04,-4.301900000000000000e+04
-1.118400000000000000e+04,1.789000000000000000e+03,-2.422700000000000000e+04,-2.036000000000000000e+04,-2.319300000000000000e+04,-1.965400000000000000e+04,-2.536300000000000000e+04,-2.948800000000000000e+04
-2.813100000000000000e+04,2.951900000000000000e+04,-2.977200000000000000e+04,-1.127800000000000000e+04,-4.660500000000000000e+04,-2.758800000000000000e+04,-2.100000000000000000e+04,-4.339100000000000000e+04
-1.917500000000000000e+04,-2.229000000000000000e+03,-2.983700000000000000e+04,-7.685000000000000000e+03,-4.097000000000000000e+04,8.197000000000000000e+03,-1.298400000000000000e+04,-4.055400000000000000e+04
-3.852000000000000000e+04,-1.988200000000000000e+04,-1.425100000000000000e+04,-3.308200000000000000e+04,-3.148000000000000000e+04,-1.946900000000000000e+04,-1.873300000000000000e+04,6.823000000000000000e+03
-3.239100000000000000e+04,-1.186800000000000000e+04,-1.506500000000000000e+04,-1.626000000000000000e+04,-2.606800000000000000e+04,-1.102300000000000000e+04,1.543900000000000000e+04,-2.081000000000000000e+04
-1.272200000000000000e+04,-2.225500000000000000e+04,-1.746700000000000000e+04,9.470000000000000000e+03,-1.140600000000000000e+04,5.784000000000000000e+03,-1.970000000000000000e+04,-3.457600000000000000e+04
-4.704300000000000000e+04,-1.791600000000000000e+04,-1.365500000000000000e+04,1.216600000000000000e+04,-4.440800000000000000e+04,2.228000000000000000e+03,-7.414000000000000000e+03,-3.528000000000000000e+04
-2.955400000000000000e+04,-2.665800000000000000e+04,-1.248200000000000000e+04,8.331000000000000000e+03,9.090000000000000000e+03,-1.673100000000000000e+04,-1.199900000000000000e+04,-2.666500000000000000e+04
-2.732100000000000000e+04,-1.896500000000000000e+04,-8.635000000000000000e+03,-1.898500000000000000e+04,-3.034800000000000000e+04,-2.856000000000000000e+03,-1.025400000000000000e+04,-2.151500000000000000e+04
-3.040400000000000000e+04,-2.531000000000000000e+04,-5.552000000000000000e+03,-1.740500000000000000e+04,4.853000000000000000e+03,-3.180000000000000000e+04,-2.700500000000000000e+04,-1.137600000000000000e+04
-3.527900000000000000e+04,-2.084500000000000000e+04,-1.262200000000000000e+04,-2.822600000000000000e+04,-1.215500000000000000e+04,-2.903700000000000000e+04,-1.416600000000000000e+04,1.067000000000000000e+03
-2.387900000000000000e+04,1.266400000000000000e+04,-1.323200000000000000e+04,-2.210900000000000000e+04,-3.818600000000000000e+04,-1.845900000000000000e+04,-8.900000000000000000e+03,-1.952500000000000000e+04
6.019000000000000000e+03,-2.458200000000000000e+04,-2.630200000000000000e+04,-1.367100000000000000e+04,-2.374500000000000000e+04,-4.548000000000000000e+03,-2.780100000000000000e+04,-3.551500000000000000e+04
4.443000000000000000e+03,-1.589300000000000000e+04,-2.913700000000000000e+04,-8.449000000000000000e+03,-2.311700000000000000e+04,-9.170000000000000000e+03,-2.542900000000000000e+04,-3.154400000000000000e+04
-2.019200000000000000e+04,-4.461000000000000000e+03,-2.711100000000000000e+04,6.878000000000000000e+03,-4.197100000000000000e+04,-8.074000000000000000e+03,-2.178600000000000000e+04,-3.551500000000000000e+04
-2.459300000000000000e+04,1.646100000000000000e+04,-5.098000000000000000e+03,-2.550400000000000000e+04,-4.577100000000000000e+04,-2.671200000000000000e+04,-1.482400000000000000e+04,-3.148200000000000000e+04
-3.173700000000000000e+04,-1.056800000000000000e+04,-2.551100000000000000e+04,-2.559000000000000000e+04,-3.391500000000000000e+04,-1.528600000000000000e+04,1.143100000000000000e+04,-3.287600000000000000e+04
-5.747000000000000000e+03,1.776000000000000000e+04,-1.789500000000000000e+04,-3.301300000000000000e+04,-4.812500000000000000e+04,-2.502700000000000000e+04,-2.201000000000000000e+04,-4.133600000000000000e+04
-1.028500000000000000e+04,-1.084400000000000000e+04,-2.341600000000000000e+04,-1.380500000000000000e+04,-2.792000000000000000e+03,1.408800000000000000e+04,-1.702200000000000000e+04,-1.788900000000000000e+04
-2.711000000000000000e+03,-1.147300000000000000e+04,-1.290600000000000000e+04,5.323000000000000000e+03,-3.210500000000000000e+04,-8.060000000000000000e+03,-2.562200000000000000e+04,-5.158300000000000000e+04
-1.072800000000000000e+04,-8.410000000000000000e+03,-2.161100000000000000e+04,-1.429200000000000000e+04,-7.411000000000000000e+03,2.421000000000000000e+03,-2.479500000000000000e+04,-2.380600000000000000e+04
-3.867700000000000000e+04,-1.648200000000000000e+04,-2.587000000000000000e+04,-2.982300000000000000e+04,-2.677900000000000000e+04,-1.064200000000000000e+04,2.744700000000000000e+04,-1.820300000000000000e+04
-3.524800000000000000e+04,-2.237800000000000000e+04,-1.573400000000000000e+04,-2.445200000000000000e+04,-2.524600000000000000e+04,-2.740100000000000000e+04,-2.394200000000000000e+04,2.042200000000000000e+04
-1.737700000000000000e+04,-2.464000000000000000e+04,-1.342400000000000000e+04,6.322000000000000000e+03,-6.469000000000000000e+03,-5.860000000000000000e+03,-1.594500000000000000e+04,-3.840000000000000000e+04
-3.177800000000000000e+04,6.800000000000000000e+01,-1.475600000000000000e+04,-2.695900000000000000e+04,-2.004400000000000000e+04,-9.078000000000000000e+03,1.226000000000000000e+03,-2.372400000000000000e+04
-1.633500000000000000e+04,-2.770400000000000000e+04,-2.353000000000000000e+04,-1.059000000000000000e+04,-1.438600000000000000e+04,2.267900000000000000e+04,-1.061500000000000000e+04,-3.982200000000000000e+04
-3.558000000000000000e+03,-2.478600000000000000e+04,-1.763200000000000000e+04,-3.937000000000000000e+03,-8.608000000000000000e+03,8.329000000000000000e+03,-2.287200000000000000e+04,-2.712100000000000000e+04
-2.867700000000000000e+04,-1.595900000000000000e+04,1.952200000000000000e+04,-2.505600000000000000e+04,-1.732700000000000000e+04,-3.592100000000000000e+04,-2.854800000000000000e+04,-1.878500000000000000e+04
-2.921000000000000000e+04,-2.238900000000000000e+04,-1.496300000000000000e+04,-4.397000000000000000e+03,-2.101000000000000000e+04,-3.123900000000000000e+04,7.108000000000000000e+03,-3.127300000000000000e+04
-3.585600000000000000e+04,-2.248900000000000000e+04,1.053700000000000000e+04,-1.840500000000000000e+04,-2.837000000000000000e+04,-3.256300000000000000e+04,-2.416700000000000000e+04,2.718000000000000000e+03
-2.891300000000000000e+04,-1.610500000000000000e+04,1.113100000000000000e+04,-2.499500000000000000e+04,-2.288900000000000000e+04,-3.375500000000000000e+04,-1.274900000000000000e+04,9.050000000000000000e+02
-3.404300000000000000e+04,-2.852100000000000000e+04,-3.544000000000000000e+03,-2.581100000000000000e+04,-9.354000000000000000e+03,-4.793600000000000000e+04,-3.380500000000000000e+04,1.319000000000000000e+04
-4.309000000000000000e+03,-1.462300000000000000e+04,-1.544600000000000000e+04,-2.410000000000000000e+02,-1.072100000000000000e+04,8.003000000000000000e+03,-2.549000000000000000e+04,-2.690300000000000000e+04
-1.381000000000000000e+04,-7.112000000000000000e+03,-1.819800000000000000e+04,3.759000000000000000e+03,-1.705700000000000000e+04,-4.445000000000000000e+03,-1.101400000000000000e+04,-2.949300000000000000e+04
-2.412300000000000000e+04,-2.163500000000000000e+04,-6.072000000000000000e+03,-2.441900000000000000e+04,-1.944100000000000000e+04,-1.699100000000000000e+04,-1.420900000000000000e+04,3.120000000000000000e+03
-2.131700000000000000e+04,2.522400000000000000e+04,-2.268600000000000000e+04,-1.112900000000000000e+04,-4.683400000000000000e+04,-2.598900000000000000e+04,-2.584900000000000000e+04,-4.044900000000000000e+04
-3.910400000000000000e+04,3.383000000000000000e+04,-2.665600000000000000e+04,-1.305900000000000000e+04,-6.466500000000000000e+04,-1.854500000000000000e+04,-4.164700000000000000e+04,-4.342500000000000000e+04
-3.503000000000000000e+03,-2.352700000000000000e+04,-1.076000000000000000e+04,-2.019000000000000000e+04,-1.110900000000000000e+04,-1.885700000000000000e+04,8.178000000000000000e+03,-2.042100000000000000e+04
-3.578600000000000000e+04,2.102100000000000000e+04,-2.643200000000000000e+04,-1.075600000000000000e+04,-5.531800000000000000e+04,-1.236100000000000000e+04,-2.963000000000000000e+04,-4.071300000000000000e+04
-1.553100000000000000e+04,1.507000000000000000e+04,-1.537900000000000000e+04,-1.231900000000000000e+04,-2.350100000000000000e+04,-2.346700000000000000e+04,-1.291200000000000000e+04,-1.706900000000000000e+04
-2.397900000000000000e+04,7.171000000000000000e+03,-6.231000000000000000e+03,-1.861700000000000000e+04,-3.776300000000000000e+04,-2.083500000000000000e+04,-1.559700000000000000e+04,-3.081100000000000000e+04
-2.796700000000000000e+04,-1.884600000000000000e+04,-2.002100000000000000e+04,-1.460800000000000000e+04,-2.305900000000000000e+04,4.397000000000000000e+03,-5.691000000000000000e+03,-2.240000000000000000e+04
-2.197800000000000000e+04,1.302000000000000000e+04,-1.750300000000000000e+04,-1.390000000000000000e+04,-3.004100000000000000e+04,-2.450200000000000000e+04,-7.744000000000000000e+03,-4.139100000000000000e+04
-1.911900000000000000e+04,1.627500000000000000e+04,-1.016700000000000000e+04,-2.811800000000000000e+04,-3.103800000000000000e+04,-2.156500000000000000e+04,-6.800000000000000000e+03,-2.597600000000000000e+04
-2.029800000000000000e+04,-1.775800000000000000e+04,-2.433200000000000000e+04,-6.896000000000000000e+03,-3.027700000000000000e+04,1.543600000000000000e+04,-4.752000000000000000e+03,-2.202300000000000000e+04
-2.371600000000000000e+04,3.312800000000000000e+04,-2.339400000000000000e+04,-1.365200000000000000e+04,-4.883200000000000000e+04,-2.926600000000000000e+04,-2.412500000000000000e+04,-3.544200000000000000e+04
-3.853400000000000000e+04,-3.084000000000000000e+04,2.251300000000000000e+04,-2.675600000000000000e+04,-2.931100000000000000e+04,-3.958300000000000000e+04,-2.003200000000000000e+04,-3.757000000000000000e+03
-3.878400000000000000e+04,1.293500000000000000e+04,-1.450200000000000000e+04,-2.807800000000000000e+04,-5.519700000000000000e+04,-2.867000000000000000e+03,-2.258700000000000000e+04,-3.636700000000000000e+04
-3.051100000000000000e+04,1.895300000000000000e+04,-1.923000000000000000e+04,-7.373000000000000000e+03,-5.525400000000000000e+04,-1.873300000000000000e+04,-2.535100000000000000e+04,-4.156400000000000000e+04
-1.961800000000000000e+04,-1.399500000000000000e+04,-1.343100000000000000e+04,-2.621900000000000000e+04,-1.429600000000000000e+04,-1.984900000000000000e+04,-1.632700000000000000e+04,6.478000000000000000e+03
-1.958500000000000000e+04,-1.745200000000000000e+04,-2.441400000000000000e+04,-1.685200000000000000e+04,-2.093300000000000000e+04,-1.265100000000000000e+04,-1.482600000000000000e+04,1.791300000000000000e+04
-1.483600000000000000e+04,-1.509800000000000000e+04,-3.160300000000000000e+04,3.076000000000000000e+03,-1.750600000000000000e+04,-1.567000000000000000e+03,-1.418700000000000000e+04,-4.433200000000000000e+04
7.810000000000000000e+02,-2.131100000000000000e+04,-1.965500000000000000e+04,9.966000000000000000e+03,-1.200300000000000000e+04,2.940000000000000000e+03,-2.724900000000000000e+04,-3.342000000000000000e+04
-2.283600000000000000e+04,-9.510000000000000000e+03,-9.748000000000000000e+03,-8.218000000000000000e+03,-2.030800000000000000e+04,-2.051800000000000000e+04,2.597000000000000000e+03,-4.367900000000000000e+04
-2.123600000000000000e+04,-1.713300000000000000e+04,-9.365000000000000000e+03,-1.638400000000000000e+04,-2.211600000000000000e+04,-2.756600000000000000e+04,5.880000000000000000e+02,-1.168500000000000000e+04
-3.066200000000000000e+04,-1.865400000000000000e+04,-2.158000000000000000e+03,-2.248200000000000000e+04,-2.978600000000000000e+04,-3.273500000000000000e+04,-3.453300000000000000e+04,1.334300000000000000e+04
-2.762400000000000000e+04,-7.206000000000000000e+03,-1.985000000000000000e+04,-1.267600000000000000e+04,-2.619600000000000000e+04,-1.236700000000000000e+04,9.100000000000000000e+03,-1.827200000000000000e+04
-3.694700000000000000e+04,-1.616000000000000000e+04,-2.201300000000000000e+04,-2.532500000000000000e+04,-2.544300000000000000e+04,-1.586500000000000000e+04,-1.675700000000000000e+04,5.800000000000000000e+03
-2.209700000000000000e+04,-1.859800000000000000e+04,-2.088400000000000000e+04,-2.729100000000000000e+04,-1.440700000000000000e+04,-1.149400000000000000e+04,-4.335000000000000000e+03,-5.519000000000000000e+03
-2.224900000000000000e+04,2.288900000000000000e+04,-2.155500000000000000e+04,-1.717500000000000000e+04,-5.523700000000000000e+04,-1.157900000000000000e+04,-3.314900000000000000e+04,-3.549300000000000000e+04
-1.268400000000000000e+04,-2.077400000000000000e+04,-1.970700000000000000e+04,-1.687900000000000000e+04,-1.401700000000000000e+04,-1.278900000000000000e+04,7.098000000000000000e+03,-1.116400000000000000e+04
-7.948000000000000000e+03,-1.722000000000000000e+04,-1.940000000000000000e+04,-6.486000000000000000e+03,-2.391300000000000000e+04,3.043000000000000000e+03,-9.785000000000000000e+03,-3.266900000000000000e+04
-3.462300000000000000e+04,-2.499300000000000000e+04,-2.040500000000000000e+04,-1.923700000000000000e+04,-2.548300000000000000e+04,-3.053800000000000000e+04,-1.933900000000000000e+04,1.952100000000000000e+04
-1.755100000000000000e+04,-1.967900000000000000e+04,-5.579000000000000000e+03,-1.072000000000000000e+04,-1.260300000000000000e+04,-1.031000000000000000e+03,-1.452300000000000000e+04,-2.267100000000000000e+04
1.703800000000000000e+04,-2.590600000000000000e+04,-1.307700000000000000e+04,-7.730000000000000000e+03,-7.923000000000000000e+03,-1.353000000000000000e+04,-3.008000000000000000e+04,-4.352900000000000000e+04
-2.662800000000000000e+04,-2.771600000000000000e+04,5.677000000000000000e+03,-2.156300000000000000e+04,-3.922000000000000000e+03,-3.979400000000000000e+04,-2.425400000000000000e+04,-1.160000000000000000e+03
-2.488800000000000000e+04,4.667000000000000000e+03,-2.084100000000000000e+04,-2.510000000000000000e+03,-2.837700000000000000e+04,-3.232600000000000000e+04,-1.796400000000000000e+04,-2.494700000000000000e+04
-2.721500000000000000e+04,-2.053100000000000000e+04,-2.260000000000000000e+02,-3.825900000000000000e+04,-1.892300000000000000e+04,-1.019300000000000000e+04,2.913100000000000000e+04,-2.534300000000000000e+04
-4.037800000000000000e+04,-2.442400000000000000e+04,-1.246000000000000000e+04,-3.136500000000000000e+04,-3.199000000000000000e+03,-2.649600000000000000e+04,-4.371000000000000000e+03,-1.529000000000000000e+04
-2.744800000000000000e+04,-2.459700000000000000e+04,8.485000000000000000e+03,-1.491900000000000000e+04,-2.913500000000000000e+04,-2.272200000000000000e+04,-3.488400000000000000e+04,-2.346000000000000000e+03
-1.336800000000000000e+04,-1.354500000000000000e+04,-2.533200000000000000e+04,7.536000000000000000e+03,-2.728000000000000000e+04,6.184000000000000000e+03,-1.864600000000000000e+04,-3.695100000000000000e+04
-1.019600000000000000e+04,-1.270200000000000000e+04,-1.249900000000000000e+04,-2.298000000000000000e+03,-1.428700000000000000e+04,-2.481900000000000000e+04,-2.112100000000000000e+04,-4.084100000000000000e+04
4.610000000000000000e+03,-1.978000000000000000e+04,-1.274300000000000000e+04,-9.880000000000000000e+03,-1.620400000000000000e+04,-2.011700000000000000e+04,-2.702700000000000000e+04,-4.041000000000000000e+04
1.496800000000000000e+04,-2.343100000000000000e+04,-1.876700000000000000e+04,-7.066000000000000000e+03,-2.062000000000000000e+04,-4.622000000000000000e+03,-3.049400000000000000e+04,-4.926700000000000000e+04
-2.737700000000000000e+04,-3.004900000000000000e+04,-1.271800000000000000e+04,2.074000000000000000e+03,3.357000000000000000e+03,-2.867900000000000000e+04,-2.765600000000000000e+04,-1.782500000000000000e+04
-2.057200000000000000e+04,-2.822100000000000000e+04,-1.535500000000000000e+04,-2.391900000000000000e+04,-2.816700000000000000e+04,-2.413900000000000000e+04,-2.946700000000000000e+04,2.299600000000000000e+04
-3.621400000000000000e+04,-1.107700000000000000e+04,-1.762000000000000000e+04,-4.688000000000000000e+03,-9.165000000000000000e+03,-1.420600000000000000e+04,-3.730000000000000000e+02,-2.491800000000000000e+04
-8.452000000000000000e+03,-1.130100000000000000e+04,-1.824800000000000000e+04,1.358400000000000000e+04,-2.310800000000000000e+04,-1.172700000000000000e+04,-3.643700000000000000e+04,-2.184500000000000000e+04
-1.631100000000000000e+04,-2.656200000000000000e+04,-8.068000000000000000e+03,-1.303000000000000000e+04,1.270500000000000000e+04,-3.451700000000000000e+04,-3.196100000000000000e+04,-1.385700000000000000e+04
-3.319300000000000000e+04,-2.698600000000000000e+04,-1.593600000000000000e+04,-2.625800000000000000e+04,-3.380100000000000000e+04,-3.384800000000000000e+04,-2.676700000000000000e+04,4.243000000000000000e+03
-1.296200000000000000e+04,-2.039600000000000000e+04,-2.231600000000000000e+04,-2.953600000000000000e+04,-2.363400000000000000e+04,-1.745200000000000000e+04,7.181000000000000000e+03,-1.566300000000000000e+04
-1.845500000000000000e+04,-1.409500000000000000e+04,-1.628900000000000000e+04,-1.640400000000000000e+04,3.219000000000000000e+03,2.596000000000000000e+03,-4.051800000000000000e+04,-2.435100000000000000e+04
-2.494200000000000000e+04,-2.276500000000000000e+04,1.710000000000000000e+03,-1.336500000000000000e+04,8.857000000000000000e+03,-2.957700000000000000e+04,-3.067800000000000000e+04,-1.301500000000000000e+04
-3.571900000000000000e+04,-2.741800000000000000e+04,-2.021300000000000000e+04,-3.932300000000000000e+04,-2.754500000000000000e+04,-3.049400000000000000e+04,-1.884500000000000000e+04,2.002500000000000000e+04
-1.864600000000000000e+04,1.181200000000000000e+04,-1.709000000000000000e+04,-9.554000000000000000e+03,-4.987600000000000000e+04,-2.181100000000000000e+04,-1.420300000000000000e+04,-2.328100000000000000e+04
-1.920700000000000000e+04,-2.602300000000000000e+04,-2.150300000000000000e+04,-1.295100000000000000e+04,1.413800000000000000e+04,-2.713500000000000000e+04,-2.473300000000000000e+04,-2.075200000000000000e+04
-1.045200000000000000e+04,-2.150500000000000000e+04,-1.711300000000000000e+04,-3.377400000000000000e+04,-2.492400000000000000e+04,-1.997200000000000000e+04,-3.250900000000000000e+04,2.068900000000000000e+04
-2.852900000000000000e+04,8.781000000000000000e+03,-2.422700000000000000e+04,-1.143600000000000000e+04,-2.875800000000000000e+04,-1.747500000000000000e+04,-9.827000000000000000e+03,-4.382700000000000000e+04
-2.462900000000000000e+04,2.376700000000000000e+04,-6.346000000000000000e+03,-2.323300000000000000e+04,-5.029000000000000000e+04,-1.257600000000000000e+04,-2.687200000000000000e+04,-4.037800000000000000e+04
-4.176700000000000000e+04,-2.489700000000000000e+04,-7.647000000000000000e+03,-4.483500000000000000e+04,-3.338900000000000000e+04,-4.544400000000000000e+04,-2.902500000000000000e+04,1.013700000000000000e+04
-1.095300000000000000e+04,-1.382600000000000000e+04,-2.036900000000000000e+04,7.949000000000000000e+03,-3.551600000000000000e+04,6.781000000000000000e+03,-2.832000000000000000e+04,-3.972400000000000000e+04
9.060000000000000000e+02,-2.485000000000000000e+04,-1.910400000000000000e+04,-5.303000000000000000e+03,-1.657900000000000000e+04,2.581000000000000000e+03,-3.606300000000000000e+04,-6.350000000000000000e+04
-4.313000000000000000e+03,-1.238700000000000000e+04,-1.622600000000000000e+04,-6.534000000000000000e+03,7.266000000000000000e+03,-1.235000000000000000e+04,-2.142200000000000000e+04,-2.562900000000000000e+04
-6.990000000000000000e+03,-2.690200000000000000e+04,-1.352000000000000000e+04,-8.270000000000000000e+02,-3.331000000000000000e+03,-2.707400000000000000e+04,-2.091400000000000000e+04,-3.803800000000000000e+04
-2.073200000000000000e+04,-8.201000000000000000e+03,-1.500100000000000000e+04,4.664000000000000000e+03,-4.599400000000000000e+04,-1.181700000000000000e+04,-1.864900000000000000e+04,-4.409500000000000000e+04
-9.653000000000000000e+03,-2.204200000000000000e+04,3.709000000000000000e+03,-1.470200000000000000e+04,6.519000000000000000e+03,-3.306100000000000000e+04,-3.579100000000000000e+04,-1.216100000000000000e+04
-3.040800000000000000e+04,-2.801300000000000000e+04,-1.425700000000000000e+04,-2.449800000000000000e+04,-3.264500000000000000e+04,-3.485300000000000000e+04,-2.035600000000000000e+04,1.206600000000000000e+04
-1.161300000000000000e+04,6.867000000000000000e+03,-1.718600000000000000e+04,-1.053900000000000000e+04,-2.939900000000000000e+04,-2.565500000000000000e+04,-1.216000000000000000e+04,-3.793100000000000000e+04
-2.753100000000000000e+04,-2.711000000000000000e+03,-2.549800000000000000e+04,-4.098000000000000000e+03,-4.177600000000000000e+04,1.115700000000000000e+04,-1.974600000000000000e+04,-2.193000000000000000e+04
-2.217300000000000000e+04,-2.960300000000000000e+04,-1.752700000000000000e+04,-1.633000000000000000e+04,3.551000000000000000e+03,-2.893300000000000000e+04,-2.366900000000000000e+04,-1.033800000000000000e+04
-1.809400000000000000e+04,-1.652600000000000000e+04,-1.620500000000000000e+04,-2.506900000000000000e+04,-2.559400000000000000e+04,7.842000000000000000e+03,2.194800000000000000e+04,-2.844300000000000000e+04
-2.709100000000000000e+04,-1.817200000000000000e+04,-3.319000000000000000e+03,-3.134600000000000000e+04,-2.080000000000000000e+04,-3.362400000000000000e+04,-1.812600000000000000e+04,9.393000000000000000e+03
-3.332400000000000000e+04,1.165200000000000000e+04,-2.621700000000000000e+04,-3.010300000000000000e+04,-6.824600000000000000e+04,-6.818000000000000000e+03,-2.994600000000000000e+04,-4.832100000000000000e+04
-1.421400000000000000e+04,-1.801400000000000000e+04,-2.581800000000000000e+04,-1.696300000000000000e+04,-2.329300000000000000e+04,1.819200000000000000e+04,-2.373400000000000000e+04,-2.544700000000000000e+04
-1.860100000000000000e+04,-1.048300000000000000e+04,-8.362000000000000000e+03,-1.285100000000000000e+04,-1.174200000000000000e+04,-2.584600000000000000e+04,3.334000000000000000e+03,-3.362700000000000000e+04
-1.994000000000000000e+04,1.637200000000000000e+04,-2.876700000000000000e+04,-2.166400000000000000e+04,-3.248200000000000000e+04,-1.778800000000000000e+04,-3.307800000000000000e+04,-3.187900000000000000e+04
-2.205200000000000000e+04,-1.017000000000000000e+04,3.458000000000000000e+03,-1.560800000000000000e+04,-2.350400000000000000e+04,-2.116100000000000000e+04,-4.235000000000000000e+03,-3.870400000000000000e+04
-2.216900000000000000e+04,-1.289900000000000000e+04,8.216000000000000000e+03,-1.416400000000000000e+04,-1.478000000000000000e+04,-3.416700000000000000e+04,-1.034000000000000000e+04,-1.724400000000000000e+04
-2.197200000000000000e+04,1.705200000000000000e+04,-1.456500000000000000e+04,-1.482300000000000000e+04,-4.077500000000000000e+04,-2.503700000000000000e+04,-1.217000000000000000e+04,-3.996700000000000000e+04
-2.238900000000000000e+04,6.580000000000000000e+02,-3.570000000000000000e+03,-1.513600000000000000e+04,-1.653500000000000000e+04,-2.291100000000000000e+04,-4.754000000000000000e+03,-1.634300000000000000e+04
-2.543400000000000000e+04,-1.838700000000000000e+04,-2.890600000000000000e+04,1.247400000000000000e+04,-3.037700000000000000e+04,-1.428400000000000000e+04,-1.026700000000000000e+04,-3.031800000000000000e+04
-8.400000000000000000e+03,1.579700000000000000e+04,-1.539300000000000000e+04,-2.760000000000000000e+04,-3.257000000000000000e+04,-2.832900000000000000e+04,-1.992100000000000000e+04,-4.240200000000000000e+04
-2.719900000000000000e+04,-1.626500000000000000e+04,-8.532000000000000000e+03,3.640000000000000000e+02,-1.960700000000000000e+04,-1.287500000000000000e+04,-2.106700000000000000e+04,-5.469600000000000000e+04
-4.221900000000000000e+04,-2.479500000000000000e+04,-1.613200000000000000e+04,-4.464500000000000000e+04,-2.930700000000000000e+04,-4.668000000000000000e+04,-3.337500000000000000e+04,2.009000000000000000e+04
-3.289900000000000000e+04,-2.260900000000000000e+04,-1.516400000000000000e+04,-4.211900000000000000e+04,-2.669900000000000000e+04,-3.239600000000000000e+04,-1.977400000000000000e+04,4.520000000000000000e+03
-1.392200000000000000e+04,-1.801200000000000000e+04,-2.564600000000000000e+04,-3.436000000000000000e+03,-4.197200000000000000e+04,2.298000000000000000e+03,-3.032500000000000000e+04,-4.198600000000000000e+04
-1.491100000000000000e+04,1.421600000000000000e+04,-1.861600000000000000e+04,-2.405200000000000000e+04,-4.804400000000000000e+04,-1.526100000000000000e+04,-2.809800000000000000e+04,-2.114100000000000000e+04
-3.909200000000000000e+04,-1.008300000000000000e+04,-1.079600000000000000e+04,-1.455600000000000000e+04,-4.163000000000000000e+04,1.197900000000000000e+04,-1.250800000000000000e+04,-3.554900000000000000e+04
-1.750500000000000000e+04,-2.081400000000000000e+04,-1.595300000000000000e+04,-2.605000000000000000e+03,-1.295900000000000000e+04,6.699000000000000000e+03,-2.391700000000000000e+04,-1.473400000000000000e+04
9.211000000000000000e+03,-1.992900000000000000e+04,-1.427000000000000000e+04,-1.450500000000000000e+04,-2.518400000000000000e+04,-1.144900000000000000e+04,-3.061800000000000000e+04,-3.711900000000000000e+04
-3.224400000000000000e+04,-1.265000000000000000e+04,2.054700000000000000e+04,5.730000000000000000e+02,-2.144700000000000000e+04,-1.948300000000000000e+04,-1.095700000000000000e+04,-2.527400000000000000e+04
-1.804400000000000000e+04,-2.158200000000000000e+04,-2.147100000000000000e+04,3.052000000000000000e+03,-2.457400000000000000e+04,8.620000000000000000e+03,-1.433500000000000000e+04,-3.124800000000000000e+04
-4.326600000000000000e+04,-2.737000000000000000e+04,-8.378000000000000000e+03,-3.513300000000000000e+04,-3.076200000000000000e+04,-3.067600000000000000e+04,-3.386100000000000000e+04,1.041700000000000000e+04
-2.313200000000000000e+04,-3.376600000000000000e+04,-7.055000000000000000e+03,-1.802700000000000000e+04,1.426400000000000000e+04,-1.398900000000000000e+04,-2.762500000000000000e+04,-2.791300000000000000e+04
-2.535900000000000000e+04,7.506000000000000000e+03,-2.732800000000000000e+04,-1.328600000000000000e+04,-3.107400000000000000e+04,-1.913500000000000000e+04,-2.294100000000000000e+04,-1.052500000000000000e+04
-2.133200000000000000e+04,-1.709000000000000000e+04,-7.059000000000000000e+03,-3.531500000000000000e+04,-9.165000000000000000e+03,-2.770500000000000000e+04,-1.837700000000000000e+04,1.329800000000000000e+04
-3.898300000000000000e+04,-2.127900000000000000e+04,-1.249800000000000000e+04,-2.462900000000000000e+04,-2.708900000000000000e+04,-2.118900000000000000e+04,-2.756200000000000000e+04,6.846000000000000000e+03
-1.870500000000000000e+04,-2.418200000000000000e+04,-5.450000000000000000e+03,-3.288500000000000000e+04,1.127500000000000000e+04,-3.262800000000000000e+04,-2.251500000000000000e+04,-1.364100000000000000e+04
-2.505600000000000000e+04,2.089700000000000000e+04,-2.277000000000000000e+04,2.003000000000000000e+03,-5.258600000000000000e+04,-1.583500000000000000e+04,-3.453700000000000000e+04,-4.655700000000000000e+04
-2.042400000000000000e+04,-1.636400000000000000e+04,-2.065500000000000000e+04,-1.301200000000000000e+04,-3.295400000000000000e+04,5.328000000000000000e+03,-1.788100000000000000e+04,-1.573100000000000000e+04
-1.585800000000000000e+04,-1.500100000000000000e+04,-1.631400000000000000e+04,4.540000000000000000e+02,-1.067700000000000000e+04,8.745000000000000000e+03,-8.060000000000000000e+03,-1.892100000000000000e+04
8.891000000000000000e+03,-1.401200000000000000e+04,-1.188900000000000000e+04,-1.692000000000000000e+04,-1.533400000000000000e+04,-1.428000000000000000e+03,-2.297800000000000000e+04,-2.692800000000000000e+04
-1.173600000000000000e+04,1.820000000000000000e+02,-1.329000000000000000e+04,9.975000000000000000e+03,-2.217000000000000000e+04,-9.329000000000000000e+03,-1.266700000000000000e+04,-3.318700000000000000e+04
-1.791100000000000000e+04,6.474000000000000000e+03,-2.958400000000000000e+04,-2.255400000000000000e+04,-1.784900000000000000e+04,2.695000000000000000e+03,-1.839700000000000000e+04,-1.719300000000000000e+04
-9.737000000000000000e+03,2.553000000000000000e+03,-8.094000000000000000e+03,-3.117500000000000000e+04,-2.457400000000000000e+04,-7.776000000000000000e+03,6.176000000000000000e+03,-3.573500000000000000e+04
-9.783000000000000000e+03,-1.220300000000000000e+04,-2.957300000000000000e+04,-9.875000000000000000e+03,-2.519300000000000000e+04,1.469400000000000000e+04,-2.418100000000000000e+04,-1.410700000000000000e+04
-2.566600000000000000e+04,-2.641400000000000000e+04,1.622200000000000000e+04,-1.884700000000000000e+04,-2.229600000000000000e+04,-3.141800000000000000e+04,-9.950000000000000000e+03,-5.498000000000000000e+03
-2.769300000000000000e+04,-1.684600000000000000e+04,-1.773200000000000000e+04,-8.847000000000000000e+03,-8.030000000000000000e+03,-2.317300000000000000e+04,-2.581000000000000000e+03,-1.920300000000000000e+04
-4.157200000000000000e+04,-1.373800000000000000e+04,-2.457300000000000000e+04,-3.765000000000000000e+03,-2.042000000000000000e+04,-1.768900000000000000e+04,1.565700000000000000e+04,-2.690700000000000000e+04
-1.927900000000000000e+04,-3.200000000000000000e+02,-1.794600000000000000e+04,-1.780100000000000000e+04,-3.398800000000000000e+04,-3.424600000000000000e+04,-8.073000000000000000e+03,-3.828000000000000000e+04
-3.357300000000000000e+04,-2.010900000000000000e+04,-2.624600000000000000e+04,-2.117200000000000000e+04,-2.842100000000000000e+04,-1.871700000000000000e+04,1.418200000000000000e+04,-1.954200000000000000e+04
-2.971200000000000000e+04,-2.941700000000000000e+04,-2.168800000000000000e+04,-4.135600000000000000e+04,-3.444300000000000000e+04,-2.688400000000000000e+04,-2.732700000000000000e+04,2.935900000000000000e+04
-2.555300000000000000e+04,-1.421600000000000000e+04,-1.382000000000000000e+04,-3.286900000000000000e+04,-4.015300000000000000e+04,1.282500000000000000e+04,-5.581000000000000000e+03,-2.699800000000000000e+04
5.160000000000000000e+03,-2.541500000000000000e+04,-3.414200000000000000e+04,-2.072000000000000000e+03,-1.358700000000000000e+04,-1.181900000000000000e+04,-2.977100000000000000e+04,-4.744700000000000000e+04
-5.237000000000000000e+03,-1.714500000000000000e+04,-1.089000000000000000e+04,-1.343100000000000000e+04,1.002500000000000000e+04,-1.936200000000000000e+04,-2.002400000000000000e+04,-2.710500000000000000e+04
-2.698300000000000000e+04,-2.161700000000000000e+04,-2.418100000000000000e+04,-3.392200000000000000e+04,-2.382100000000000000e+04,-1.908100000000000000e+04,-2.238300000000000000e+04,1.689300000000000000e+04
9.380000000000000000e+03,-2.464300000000000000e+04,-1.013400000000000000e+04,-9.326000000000000000e+03,-1.657100000000000000e+04,-2.236000000000000000e+03,-4.125600000000000000e+04,-4.005200000000000000e+04
-3.796500000000000000e+04,-3.163200000000000000e+04,-1.064000000000000000e+03,-3.125100000000000000e+04,-2.889700000000000000e+04,-5.044700000000000000e+04,-3.244600000000000000e+04,9.567000000000000000e+03
-3.477000000000000000e+04,-2.231700000000000000e+04,-1.563100000000000000e+04,-3.386600000000000000e+04,-3.598500000000000000e+04,-1.933400000000000000e+04,2.430300000000000000e+04,-2.922400000000000000e+04
-3.137900000000000000e+04,-1.718200000000000000e+04,-1.716900000000000000e+04,-2.843200000000000000e+04,-3.076500000000000000e+04,-3.697400000000000000e+04,-2.280000000000000000e+04,2.368300000000000000e+04
-7.730000000000000000e+03,-2.072000000000000000e+04,-2.370100000000000000e+04,-1.704000000000000000e+04,-1.739100000000000000e+04,5.644000000000000000e+03,-1.875000000000000000e+04,-2.189400000000000000e+04
8.913000000000000000e+03,-1.345200000000000000e+04,-1.604600000000000000e+04,-1.928600000000000000e+04,-1.548900000000000000e+04,-1.449400000000000000e+04,-2.521900000000000000e+04,-3.731400000000000000e+04
-3.364300000000000000e+04,3.311400000000000000e+04,-3.066900000000000000e+04,-3.855500000000000000e+04,-5.020000000000000000e+04,-1.835000000000000000e+04,-2.948600000000000000e+04,-2.623600000000000000e+04
-2.263300000000000000e+04,-1.958100000000000000e+04,-1.621000000000000000e+03,-2.540800000000000000e+04,-1.084700000000000000e+04,-3.894200000000000000e+04,-1.999700000000000000e+04,-4.519000000000000000e+03
-1.185900000000000000e+04,-2.693900000000000000e+04,-2.216300000000000000e+04,-2.042800000000000000e+04,1.128900000000000000e+04,-3.333200000000000000e+04,-2.650300000000000000e+04,-1.098900000000000000e+04
-1.367600000000000000e+04,-1.993800000000000000e+04,-1.115200000000000000e+04,-1.115800000000000000e+04,-1.307900000000000000e+04,2.003900000000000000e+04,-1.352900000000000000e+04,-2.908400000000000000e+04
-4.279700000000000000e+04,-1.362900000000000000e+04,-2.422000000000000000e+04,-1.749100000000000000e+04,-3.706800000000000000e+04,-1.535800000000000000e+04,1.896900000000000000e+04,-3.811000000000000000e+04
-3.504800000000000000e+04,-1.944800000000000000e+04,-2.270000000000000000e+04,-1.461800000000000000e+04,-3.095800000000000000e+04,-2.322200000000000000e+04,2.181100000000000000e+04,-2.330100000000000000e+04
-1.810700000000000000e+04,-1.274500000000000000e+04,-1.069100000000000000e+04,1.665600000000000000e+04,-3.687600000000000000e+04,-9.333000000000000000e+03,-3.256900000000000000e+04,-4.512100000000000000e+04
8.450000000000000000e+02,1.769300000000000000e+04,-1.020900000000000000e+04,-3.474100000000000000e+04,-2.426200000000000000e+04,-2.019400000000000000e+04,-2.320200000000000000e+04,-3.015700000000000000e+04
-3.806800000000000000e+04,-1.784800000000000000e+04,-1.540100000000000000e+04,-2.771400000000000000e+04,-2.618600000000000000e+04,-2.182800000000000000e+04,1.352500000000000000e+04,-2.037300000000000000e+04
-1.404200000000000000e+04,-2.084200000000000000e+04,-2.351400000000000000e+04,-2.642300000000000000e+04,1.908500000000000000e+04,-2.200900000000000000e+04,-2.706700000000000000e+04,-2.454100000000000000e+04
-4.538900000000000000e+04,-2.052600000000000000e+04,-1.513200000000000000e+04,-2.967100000000000000e+04,-2.992500000000000000e+04,-2.592400000000000000e+04,1.082700000000000000e+04,-1.865200000000000000e+04
-2.533900000000000000e+04,-2.068900000000000000e+04,-1.949500000000000000e+04,-3.383500000000000000e+04,-3.266000000000000000e+04,-4.032800000000000000e+04,-3.561600000000000000e+04,2.052700000000000000e+04
-1.788200000000000000e+04,-2.339800000000000000e+04,-7.994000000000000000e+03,-1.411400000000000000e+04,5.228000000000000000e+03,-6.681000000000000000e+03,-2.081400000000000000e+04,-2.837900000000000000e+04
-1.069200000000000000e+04,-2.015200000000000000e+04,-1.291000000000000000e+04,-1.533700000000000000e+04,7.421000000000000000e+03,-2.194200000000000000e+04,-2.664900000000000000e+04,-2.209600000000000000e+04
-8.332000000000000000e+03,-1.952000000000000000e+03,-1.625100000000000000e+04,-2.335000000000000000e+03,-3.251200000000000000e+04,-6.732000000000000000e+03,-2.062700000000000000e+04,-3.564100000000000000e+04
-3.284300000000000000e+04,-3.426300000000000000e+04,-1.083600000000000000e+04,-2.947200000000000000e+04,-3.361000000000000000e+04,-4.625400000000000000e+04,-2.284400000000000000e+04,1.249400000000000000e+04
-2.250200000000000000e+04,-1.079200000000000000e+04,-8.577000000000000000e+03,-1.728800000000000000e+04,-2.536400000000000000e+04,-1.806200000000000000e+04,7.651000000000000000e+03,-2.155000000000000000e+04
-1.616900000000000000e+04,-1.412200000000000000e+04,-1.465200000000000000e+04,5.240000000000000000e+03,-1.633000000000000000e+04,1.326000000000000000e+04,-1.697600000000000000e+04,-2.797500000000000000e+04
-1.460300000000000000e+04,-1.895400000000000000e+04,-2.556500000000000000e+04,-1.559400000000000000e+04,-1.724500000000000000e+04,2.016500000000000000e+04,-1.013300000000000000e+04,-2.399100000000000000e+04
-6.178000000000000000e+03,-2.453800000000000000e+04,-1.409400000000000000e+04,2.664000000000000000e+03,-2.543400000000000000e+04,8.724000000000000000e+03,-2.626100000000000000e+04,-1.968000000000000000e+04
-4.030200000000000000e+04,2.098800000000000000e+04,-2.549800000000000000e+04,-1.055800000000000000e+04,-5.431800000000000000e+04,-1.220200000000000000e+04,-1.470200000000000000e+04,-4.363600000000000000e+04
8.032000000000000000e+03,-1.475300000000000000e+04,-1.689000000000000000e+04,3.663000000000000000e+03,-3.828100000000000000e+04,-4.191000000000000000e+03,-2.485700000000000000e+04,-4.515200000000000000e+04
-1.608300000000000000e+04,-8.435000000000000000e+03,-1.729900000000000000e+04,-4.419000000000000000e+03,-1.581700000000000000e+04,-7.912000000000000000e+03,-2.883400000000000000e+04,-3.769500000000000000e+04
-4.538500000000000000e+04,-2.247800000000000000e+04,-1.897700000000000000e+04,-4.317300000000000000e+04,-3.459700000000000000e+04,-3.583200000000000000e+04,-2.572700000000000000e+04,2.151800000000000000e+04
-3.888700000000000000e+04,-3.377900000000000000e+04,-6.959000000000000000e+03,-3.129800000000000000e+04,-3.453900000000000000e+04,-2.915200000000000000e+04,-2.025200000000000000e+04,5.833000000000000000e+03
-2.169600000000000000e+04,-2.198100000000000000e+04,-9.730000000000000000e+03,-2.473100000000000000e+04,-2.218200000000000000e+04,-3.705000000000000000e+04,-2.645000000000000000e+04,2.055200000000000000e+04
-1.363800000000000000e+04,-2.132000000000000000e+04,-2.500500000000000000e+04,-3.215400000000000000e+04,-2.083700000000000000e+04,-2.766800000000000000e+04,-2.217000000000000000e+04,1.902100000000000000e+04
-3.152900000000000000e+04,-1.253100000000000000e+04,5.134000000000000000e+03,-2.652100000000000000e+04,-3.911200000000000000e+04,-4.240300000000000000e+04,-2.939100000000000000e+04,5.523000000000000000e+03
-7.781000000000000000e+03,-1.840900000000000000e+04,-6.492000000000000000e+03,-1.055300000000000000e+04,-1.646600000000000000e+04,-6.092000000000000000e+03,-2.388600000000000000e+04,-3.567100000000000000e+04
-3.753700000000000000e+04,-2.132000000000000000e+04,-1.638900000000000000e+04,1.694000000000000000e+04,-2.398700000000000000e+04,-7.980000000000000000e+02,-1.943500000000000000e+04,-3.948700000000000000e+04
-1.339500000000000000e+04,-1.896600000000000000e+04,-2.616600000000000000e+04,-1.531300000000000000e+04,-2.743900000000000000e+04,2.509300000000000000e+04,-2.059200000000000000e+04,-1.667000000000000000e+04
-6.480000000000000000e+03,-1.295200000000000000e+04,-1.788000000000000000e+03,-9.386000000000000000e+03,-3.105000000000000000e+03,-1.314500000000000000e+04,-3.455600000000000000e+04,-3.201000000000000000e+04
2.806000000000000000e+03,-1.348400000000000000e+04,-1.954400000000000000e+04,2.910000000000000000e+03,-5.918000000000000000e+03,-1.485700000000000000e+04,-3.874700000000000000e+04,-4.064700000000000000e+04
-2.036900000000000000e+04,-2.222000000000000000e+04,-9.799000000000000000e+03,-1.023700000000000000e+04,9.255000000000000000e+03,-2.537400000000000000e+04,-2.118100000000000000e+04,-2.814700000000000000e+04
-1.168800000000000000e+04,-6.527000000000000000e+03,-1.026100000000000000e+04,-1.272300000000000000e+04,-1.250800000000000000e+04,-1.874900000000000000e+04,-1.700300000000000000e+04,-2.133700000000000000e+04
2.238000000000000000e+03,-1.936500000000000000e+04,-1.215200000000000000e+04,2.973000000000000000e+03,-1.208900000000000000e+04,-7.769000000000000000e+03,-2.774700000000000000e+04,-3.525500000000000000e+04
-1.238000000000000000e+03,-2.411600000000000000e+04,-9.954000000000000000e+03,-1.541600000000000000e+04,3.020000000000000000e+02,-1.873800000000000000e+04,-2.310600000000000000e+04,-2.162400000000000000e+04
-3.022300000000000000e+04,-1.335700000000000000e+04,-1.880300000000000000e+04,-3.279700000000000000e+04,-1.717400000000000000e+04,-2.214400000000000000e+04,-1.952500000000000000e+04,1.690200000000000000e+04
-2.250000000000000000e+04,1.894100000000000000e+04,-1.098300000000000000e+04,-3.288600000000000000e+04,-4.286000000000000000e+04,-2.509200000000000000e+04,-2.570100000000000000e+04,-3.250400000000000000e+04
-1.521900000000000000e+04,-6.259000000000000000e+03,-1.488600000000000000e+04,1.608800000000000000e+04,-5.449400000000000000e+04,-1.270000000000000000e+02,-3.710700000000000000e+04,-3.516500000000000000e+04
-2.130300000000000000e+04,-2.173500000000000000e+04,-1.724100000000000000e+04,-9.750000000000000000e+03,-1.810000000000000000e+02,-2.934700000000000000e+04,-3.110000000000000000e+04,-1.278600000000000000e+04
-3.028800000000000000e+04,-2.460200000000000000e+04,-2.192800000000000000e+04,-3.362100000000000000e+04,-3.156500000000000000e+04,-2.541700000000000000e+04,-2.455200000000000000e+04,2.993400000000000000e+04
-2.843200000000000000e+04,-7.406000000000000000e+03,-8.944000000000000000e+03,-2.812400000000000000e+04,-1.905200000000000000e+04,-1.549500000000000000e+04,-9.660000000000000000e+02,-1.515100000000000000e+04
-1.867700000000000000e+04,-9.566000000000000000e+03,-1.062500000000000000e+04,1.603000000000000000e+03,-2.336000000000000000e+04,-2.271500000000000000e+04,3.799000000000000000e+03,-2.127400000000000000e+04
-1.602200000000000000e+04,-1.230100000000000000e+04,-1.948700000000000000e+04,-2.759700000000000000e+04,-2.469300000000000000e+04,-1.299100000000000000e+04,-2.009800000000000000e+04,-1.086000000000000000e+03
-4.170800000000000000e+04,-1.834900000000000000e+04,2.506000000000000000e+03,-1.902800000000000000e+04,-4.484900000000000000e+04,-1.479800000000000000e+04,3.369400000000000000e+04,-3.217100000000000000e+04
8.923000000000000000e+03,-1.707800000000000000e+04,-1.897200000000000000e+04,-1.085900000000000000e+04,-5.777000000000000000e+03,-9.212000000000000000e+03,-3.642900000000000000e+04,-3.440500000000000000e+04
-8.849000000000000000e+03,-1.343300000000000000e+04,-1.571300000000000000e+04,5.262000000000000000e+03,-2.780600000000000000e+04,-1.458000000000000000e+03,-2.924700000000000000e+04,-3.400400000000000000e+04
2.276000000000000000e+03,-1.128000000000000000e+04,-2.093200000000000000e+04,-5.765000000000000000e+03,-3.547000000000000000e+04,-5.263000000000000000e+03,-3.248300000000000000e+04,-3.027900000000000000e+04
-2.204100000000000000e+04,-9.631000000000000000e+03,-1.715700000000000000e+04,-2.080800000000000000e+04,-7.949000000000000000e+03,-2.832700000000000000e+04,8.707000000000000000e+03,-1.400900000000000000e+04
-2.878500000000000000e+04,-1.456800000000000000e+04,-1.454400000000000000e+04,-3.006500000000000000e+04,-2.206900000000000000e+04,-9.643000000000000000e+03,2.165500000000000000e+04,-2.567300000000000000e+04
-2.266900000000000000e+04,-1.656000000000000000e+04,-2.398500000000000000e+04,-3.057800000000000000e+04,-2.122000000000000000e+04,-3.504700000000000000e+04,-3.258100000000000000e+04,1.817300000000000000e+04
-3.373600000000000000e+04,-1.629700000000000000e+04,-3.570000000000000000e+02,-4.046100000000000000e+04,-2.810900000000000000e+04,-3.211000000000000000e+04,-2.369800000000000000e+04,9.045000000000000000e+03
-2.324100000000000000e+04,1.190100000000000000e+04,-2.355800000000000000e+04,-1.942500000000000000e+04,-4.491100000000000000e+04,-1.456000000000000000e+04,-1.074700000000000000e+04,-3.230200000000000000e+04
-3.139000000000000000e+03,-1.815000000000000000e+04,-4.153000000000000000e+03,-1.953000000000000000e+03,-1.984900000000000000e+04,-5.742000000000000000e+03,-2.523700000000000000e+04,-4.218400000000000000e+04
-1.730600000000000000e+04,1.470100000000000000e+04,-1.750500000000000000e+04,-1.815900000000000000e+04,-3.928000000000000000e+04,-1.737300000000000000e+04,-3.354500000000000000e+04,-4.191300000000000000e+04
-1.577400000000000000e+04,-1.354000000000000000e+04,-2.191000000000000000e+04,-1.951000000000000000e+03,-4.178000000000000000e+03,-1.723600000000000000e+04,-2.142600000000000000e+04,-2.870200000000000000e+04
-1.876700000000000000e+04,2.436500000000000000e+04,-2.216000000000000000e+04,-2.255600000000000000e+04,-4.050100000000000000e+04,-2.692600000000000000e+04,-1.971500000000000000e+04,-2.853800000000000000e+04
7.121000000000000000e+03,-1.571500000000000000e+04,-2.785000000000000000e+03,6.294000000000000000e+03,-8.507000000000000000e+03,-2.100900000000000000e+04,-3.398100000000000000e+04,-3.051600000000000000e+04
-3.815800000000000000e+04,1.704600000000000000e+04,-1.766400000000000000e+04,1.285000000000000000e+03,-4.473800000000000000e+04,-2.091100000000000000e+04,-3.901200000000000000e+04,-4.801600000000000000e+04
-2.278700000000000000e+04,-2.177900000000000000e+04,-1.357500000000000000e+04,-3.796900000000000000e+04,-5.114000000000000000e+03,-3.870000000000000000e+04,-2.788600000000000000e+04,-4.388000000000000000e+03
-1.642600000000000000e+04,-2.394000000000000000e+04,-1.124100000000000000e+04,-1.428800000000000000e+04,6.470000000000000000e+03,-2.001700000000000000e+04,-2.673400000000000000e+04,-2.287000000000000000e+04
-4.157400000000000000e+04,-2.327900000000000000e+04,1.309000000000000000e+04,-2.227500000000000000e+04,-1.322000000000000000e+04,-4.137300000000000000e+04,-2.580100000000000000e+04,-5.745000000000000000e+03
-1.965700000000000000e+04,-2.958100000000000000e+04,-1.953900000000000000e+04,-4.793000000000000000e+03,8.501000000000000000e+03,-8.100000000000000000e+03,-1.730500000000000000e+04,-2.480800000000000000e+04
-2.140000000000000000e+04,-1.603600000000000000e+04,-2.162300000000000000e+04,1.819000000000000000e+03,-3.923000000000000000e+04,1.857500000000000000e+04,-1.842200000000000000e+04,-3.506500000000000000e+04
-2.544800000000000000e+04,-1.745500000000000000e+04,6.490000000000000000e+03,-2.358400000000000000e+04,-2.320200000000000000e+04,-2.774000000000000000e+04,-6.311000000000000000e+03,-1.279200000000000000e+04
-1.554000000000000000e+04,1.659000000000000000e+04,-1.274600000000000000e+04,-2.131400000000000000e+04,-3.259500000000000000e+04,-2.409700000000000000e+04,-3.596200000000000000e+04,-1.653200000000000000e+04
-3.828300000000000000e+04,-1.129300000000000000e+04,-8.613000000000000000e+03,1.646000000000000000e+03,-3.735300000000000000e+04,-2.986200000000000000e+04,1.600900000000000000e+04,-4.067300000000000000e+04
-1.942100000000000000e+04,-2.234600000000000000e+04,-1.822500000000000000e+04,-1.316700000000000000e+04,-1.974100000000000000e+04,-2.782600000000000000e+04,1.945300000000000000e+04,-2.089400000000000000e+04
-2.155200000000000000e+04,-2.100200000000000000e+04,-1.651500000000000000e+04,-3.315400000000000000e+04,-2.345400000000000000e+04,-2.769200000000000000e+04,-2.386100000000000000e+04,1.866400000000000000e+04
-2.543700000000000000e+04,-8.098000000000000000e+03,-2.393000000000000000e+04,-2.613500000000000000e+04,-3.101600000000000000e+04,-2.945400000000000000e+04,2.000900000000000000e+04,-3.517600000000000000e+04
-3.626700000000000000e+04,-1.795000000000000000e+04,-1.193000000000000000e+03,-2.662900000000000000e+04,-2.630100000000000000e+04,-1.744100000000000000e+04,-1.646400000000000000e+04,-8.609000000000000000e+03
-1.029800000000000000e+04,-7.662000000000000000e+03,-2.132100000000000000e+04,-1.922500000000000000e+04,-3.047700000000000000e+04,-1.796800000000000000e+04,-1.710000000000000000e+02,-2.923400000000000000e+04
-2.340000000000000000e+04,-7.542000000000000000e+03,-9.020000000000000000e+03,-1.079700000000000000e+04,-2.447300000000000000e+04,-1.074400000000000000e+04,-1.371800000000000000e+04,-3.015800000000000000e+04
-1.869000000000000000e+04,2.035800000000000000e+04,-1.728600000000000000e+04,-1.633400000000000000e+04,-4.511400000000000000e+04,-1.591500000000000000e+04,-2.896600000000000000e+04,-4.153000000000000000e+04
-3.241400000000000000e+04,-1.614000000000000000e+04,-2.393700000000000000e+04,-3.604400000000000000e+04,-2.278400000000000000e+04,-1.482400000000000000e+04,1.187700000000000000e+04,-1.655800000000000000e+04
-2.797100000000000000e+04,1.688800000000000000e+04,-2.802500000000000000e+04,-1.183700000000000000e+04,-4.415600000000000000e+04,-2.294200000000000000e+04,-1.251400000000000000e+04,-4.006500000000000000e+04
-1.550500000000000000e+04,-1.853700000000000000e+04,-1.998500000000000000e+04,-1.226500000000000000e+04,1.262000000000000000e+03,-2.369000000000000000e+04,-2.077600000000000000e+04,-8.930000000000000000e+02
-2.873200000000000000e+04,-1.507100000000000000e+04,-1.367800000000000000e+04,-3.102500000000000000e+04,-3.016100000000000000e+04,-1.883100000000000000e+04,1.954200000000000000e+04,-3.180700000000000000e+04
-2.172300000000000000e+04,-1.262300000000000000e+04,-2.655300000000000000e+04,-2.440000000000000000e+03,-1.137000000000000000e+04,-7.410000000000000000e+03,-1.511100000000000000e+04,-2.959300000000000000e+04
-2.084200000000000000e+04,-1.729300000000000000e+04,-2.483300000000000000e+04,-9.264000000000000000e+03,-2.488000000000000000e+04,1.718900000000000000e+04,-8.945000000000000000e+03,-1.541500000000000000e+04
-8.288000000000000000e+03,1.881200000000000000e+04,-2.042200000000000000e+04,-1.812200000000000000e+04,-3.048200000000000000e+04,-2.998500000000000000e+04,-3.098800000000000000e+04,-3.833900000000000000e+04
-3.336000000000000000e+04,-2.156400000000000000e+04,-1.640100000000000000e+04,-2.177900000000000000e+04,-1.988800000000000000e+04,-1.316300000000000000e+04,9.103000000000000000e+03,-8.783000000000000000e+03
-3.006500000000000000e+04,-6.642000000000000000e+03,-2.498900000000000000e+04,-1.564000000000000000e+03,-1.781800000000000000e+04,-1.512600000000000000e+04,2.369000000000000000e+03,-1.863300000000000000e+04
-1.511300000000000000e+04,-2.159200000000000000e+04,-1.226800000000000000e+04,2.270000000000000000e+02,-1.638700000000000000e+04,-1.239000000000000000e+03,-1.869900000000000000e+04,-4.525500000000000000e+04
-3.473000000000000000e+03,-2.160400000000000000e+04,-8.266000000000000000e+03,-1.056000000000000000e+04,9.561000000000000000e+03,-2.238700000000000000e+04,-2.924900000000000000e+04,-2.643500000000000000e+04
-1.851100000000000000e+04,-1.460000000000000000e+04,-1.428400000000000000e+04,-6.930000000000000000e+03,-2.286200000000000000e+04,-5.198000000000000000e+03,-1.040100000000000000e+04,-3.507600000000000000e+04
-3.678800000000000000e+04,-2.615600000000000000e+04,1.010000000000000000e+02,-3.270600000000000000e+04,-3.530400000000000000e+04,-4.107500000000000000e+04,-2.733400000000000000e+04,1.315600000000000000e+04
-2.274200000000000000e+04,-2.283400000000000000e+04,-1.579800000000000000e+04,-1.843500000000000000e+04,-1.818700000000000000e+04,-1.507300000000000000e+04,-1.280900000000000000e+04,1.836100000000000000e+04
-4.712700000000000000e+04,-2.814500000000000000e+04,-1.496500000000000000e+04,-3.093300000000000000e+04,-4.209200000000000000e+04,-3.999600000000000000e+04,-2.714900000000000000e+04,1.314300000000000000e+04
-1.747800000000000000e+04,-1.153900000000000000e+04,-1.646700000000000000e+04,-3.194300000000000000e+04,-2.126500000000000000e+04,-2.932500000000000000e+04,1.304400000000000000e+04,-2.414400000000000000e+04
-2.728900000000000000e+04,-1.073800000000000000e+04,-1.826900000000000000e+04,-1.097300000000000000e+04,-4.382500000000000000e+04,-3.177800000000000000e+04,2.166000000000000000e+04,-3.493300000000000000e+04
-2.618700000000000000e+04,-1.997600000000000000e+04,-1.369000000000000000e+04,-1.881300000000000000e+04,-2.363000000000000000e+04,-9.622000000000000000e+03,1.881500000000000000e+04,-3.146400000000000000e+04
-2.074500000000000000e+04,-1.275200000000000000e+04,-1.573000000000000000e+04,-2.879100000000000000e+04,-1.043500000000000000e+04,-3.230500000000000000e+04,-2.514700000000000000e+04,1.906200000000000000e+04
-2.687100000000000000e+04,-3.814900000000000000e+04,-1.553700000000000000e+04,-3.074100000000000000e+04,-4.401200000000000000e+04,-2.424400000000000000e+04,-2.566300000000000000e+04,1.668300000000000000e+04
-3.037400000000000000e+04,-9.583000000000000000e+03,-1.521500000000000000e+04,-7.780000000000000000e+03,-4.020200000000000000e+04,-1.214000000000000000e+04,1.515300000000000000e+04,-3.273500000000000000e+04
1.287400000000000000e+04,-1.939600000000000000e+04,-1.466200000000000000e+04,-2.403000000000000000e+03,-2.746000000000000000e+03,-2.248600000000000000e+04,-2.373100000000000000e+04,-4.846900000000000000e+04
-5.818000000000000000e+03,-1.988700000000000000e+04,-1.100200000000000000e+04,-4.227000000000000000e+03,-2.381000000000000000e+03,-2.408900000000000000e+04,-2.512000000000000000e+04,-2.807100000000000000e+04
-2.052800000000000000e+04,2.650000000000000000e+04,-1.961700000000000000e+04,-2.082300000000000000e+04,-4.501200000000000000e+04,-2.450400000000000000e+04,-2.688300000000000000e+04,-3.199100000000000000e+04
-4.529200000000000000e+04,-3.236400000000000000e+04,-1.148000000000000000e+03,-2.834400000000000000e+04,-2.159300000000000000e+04,-3.941200000000000000e+04,-2.107000000000000000e+04,1.713000000000000000e+03
-3.090100000000000000e+04,-7.527000000000000000e+03,-2.602300000000000000e+04,-2.109400000000000000e+04,-3.307200000000000000e+04,-1.200200000000000000e+04,2.413200000000000000e+04,-3.873800000000000000e+04
-2.502500000000000000e+04,-1.268400000000000000e+04,-1.866000000000000000e+04,-1.112500000000000000e+04,-2.433400000000000000e+04,-2.855800000000000000e+04,1.682300000000000000e+04,-2.702800000000000000e+04
-2.595200000000000000e+04,-3.018800000000000000e+04,-6.235000000000000000e+03,-3.688300000000000000e+04,1.348000000000000000e+04,-2.140500000000000000e+04,-3.099300000000000000e+04,-1.297100000000000000e+04
-3.865500000000000000e+04,-1.674500000000000000e+04,-1.498700000000000000e+04,2.185000000000000000e+03,-2.245800000000000000e+04,-1.860000000000000000e+02,-7.182000000000000000e+03,-2.790600000000000000e+04
6.765000000000000000e+03,2.560000000000000000e+02,-2.549000000000000000e+04,-2.104900000000000000e+04,-3.461000000000000000e+04,-1.239800000000000000e+04,-2.721400000000000000e+04,-1.928200000000000000e+04
-2.235200000000000000e+04,-1.090400000000000000e+04,-2.588800000000000000e+04,-4.040000000000000000e+02,-2.837500000000000000e+04,1.148400000000000000e+04,-1.355100000000000000e+04,-3.766700000000000000e+04
-2.879900000000000000e+04,-1.608900000000000000e+04,-1.821900000000000000e+04,-7.823000000000000000e+03,-1.428500000000000000e+04,-1.401300000000000000e+04,4.101000000000000000e+03,-2.652600000000000000e+04
-1.108000000000000000e+04,-2.447100000000000000e+04,5.036000000000000000e+03,-2.352500000000000000e+04,-4.310000000000000000e+03,-3.459000000000000000e+04,-1.248000000000000000e+04,-1.682800000000000000e+04
-4.383500000000000000e+04,-1.413900000000000000e+04,-2.768900000000000000e+04,-2.585400000000000000e+04,-3.485900000000000000e+04,-1.321500000000000000e+04,1.559600000000000000e+04,-2.665500000000000000e+04
-1.942900000000000000e+04,-2.423500000000000000e+04,4.849000000000000000e+03,-3.850800000000000000e+04,-2.507200000000000000e+04,-2.912000000000000000e+04,-1.742900000000000000e+04,-6.425000000000000000e+03
-1.621100000000000000e+04,-2.640000000000000000e+04,2.338000000000000000e+03,-1.007100000000000000e+04,3.267000000000000000e+03,-4.199100000000000000e+04,-3.754400000000000000e+04,-1.393100000000000000e+04
-5.694000000000000000e+03,7.395000000000000000e+03,-2.041300000000000000e+04,-1.898300000000000000e+04,-4.346500000000000000e+04,-1.651400000000000000e+04,-1.973900000000000000e+04,-4.601900000000000000e+04
7.164000000000000000e+03,-1.749600000000000000e+04,-2.292500000000000000e+04,-1.031100000000000000e+04,-2.635400000000000000e+04,2.625000000000000000e+03,-2.875300000000000000e+04,-4.577300000000000000e+04
-5.297000000000000000e+03,-2.013600000000000000e+04,-1.249500000000000000e+04,3.814000000000000000e+03,-1.578700000000000000e+04,-8.820000000000000000e+02,-4.011200000000000000e+04,-5.727600000000000000e+04
-2.498000000000000000e+04,-1.553700000000000000e+04,-2.039000000000000000e+03,-2.138200000000000000e+04,-6.424000000000000000e+03,-2.398700000000000000e+04,-1.060100000000000000e+04,-1.691700000000000000e+04
-1.820800000000000000e+04,-7.424000000000000000e+03,-1.797100000000000000e+04,2.503000000000000000e+03,-2.736200000000000000e+04,2.524000000000000000e+03,-2.675500000000000000e+04,-3.204900000000000000e+04
-3.120300000000000000e+04,-1.248200000000000000e+04,-1.393700000000000000e+04,-2.916300000000000000e+04,-2.408600000000000000e+04,-1.560200000000000000e+04,3.286600000000000000e+04,-2.726000000000000000e+04
5.380000000000000000e+03,-7.890000000000000000e+02,-2.470300000000000000e+04,-1.906000000000000000e+04,-3.275200000000000000e+04,-1.212700000000000000e+04,-3.708500000000000000e+04,-3.263000000000000000e+04
-3.578000000000000000e+04,-2.186400000000000000e+04,-1.558000000000000000e+03,-2.818400000000000000e+04,-2.587300000000000000e+04,-3.842500000000000000e+04,-2.337500000000000000e+04,1.076200000000000000e+04
-3.786400000000000000e+04,-2.117000000000000000e+04,2.109000000000000000e+03,-1.849000000000000000e+04,-3.015400000000000000e+04,-7.166000000000000000e+03,1.241200000000000000e+04,-3.100500000000000000e+04
-1.338800000000000000e+04,-2.003800000000000000e+04,-2.209400000000000000e+04,-6.592000000000000000e+03,-9.932000000000000000e+03,6.555000000000000000e+03,-1.518200000000000000e+04,-2.426700000000000000e+04
-1.176800000000000000e+04,-2.179700000000000000e+04,-1.230300000000000000e+04,-2.549300000000000000e+04,1.108300000000000000e+04,-1.513000000000000000e+04,-1.413900000000000000e+04,-1.619500000000000000e+04
-2.820800000000000000e+04,2.960000000000000000e+04,-2.409600000000000000e+04,-2.363900000000000000e+04,-6.589600000000000000e+04,-2.540200000000000000e+04,-2.766700000000000000e+04,-3.660100000000000000e+04
-1.475000000000000000e+04,-7.345000000000000000e+03,-6.653000000000000000e+03,1.612600000000000000e+04,-2.301100000000000000e+04,-9.772000000000000000e+03,-3.831300000000000000e+04,-5.138000000000000000e+04
2.179000000000000000e+03,-2.968000000000000000e+03,-2.374200000000000000e+04,-1.142000000000000000e+04,-2.948500000000000000e+04,-1.618800000000000000e+04,-2.589400000000000000e+04,-3.735400000000000000e+04
-3.312100000000000000e+04,-3.718900000000000000e+04,-5.449000000000000000e+03,-3.559000000000000000e+04,-3.023400000000000000e+04,-4.966400000000000000e+04,-2.498800000000000000e+04,1.762100000000000000e+04
-1.870900000000000000e+04,-2.005300000000000000e+04,-2.414600000000000000e+04,-1.109000000000000000e+04,-3.169700000000000000e+04,-3.530000000000000000e+02,5.265000000000000000e+03,-3.135400000000000000e+04
-3.955500000000000000e+04,-2.676700000000000000e+04,-2.081800000000000000e+04,-3.302300000000000000e+04,-4.035700000000000000e+04,-1.752800000000000000e+04,-2.771300000000000000e+04,1.304400000000000000e+04
-2.696300000000000000e+04,-2.131600000000000000e+04,-1.325100000000000000e+04,-1.203200000000000000e+04,-3.232800000000000000e+04,-2.896800000000000000e+04,1.115700000000000000e+04,-2.140700000000000000e+04
-4.418000000000000000e+03,-1.298700000000000000e+04,-1.576800000000000000e+04,-3.292000000000000000e+03,-3.242500000000000000e+04,-2.330000000000000000e+03,-2.610600000000000000e+04,-2.995700000000000000e+04
-2.886500000000000000e+04,-1.479400000000000000e+04,-8.260000000000000000e+03,-8.021000000000000000e+03,-2.507000000000000000e+04,-6.943000000000000000e+03,3.116000000000000000e+03,-1.690000000000000000e+04
-6.686000000000000000e+03,2.000000000000000000e+02,-1.856200000000000000e+04,-1.939800000000000000e+04,-2.201100000000000000e+04,-8.924000000000000000e+03,-5.049000000000000000e+03,-2.226600000000000000e+04
-2.147000000000000000e+04,-1.479800000000000000e+04,-1.801100000000000000e+04,-5.435000000000000000e+03,-3.801300000000000000e+04,-4.102000000000000000e+03,-1.358100000000000000e+04,-3.293900000000000000e+04
-7.013000000000000000e+03,-1.755700000000000000e+04,-1.799600000000000000e+04,-3.444600000000000000e+04,1.786300000000000000e+04,-2.699900000000000000e+04,-2.392100000000000000e+04,-1.243300000000000000e+04
8.612000000000000000e+03,-9.166000000000000000e+03,-2.533300000000000000e+04,-1.142000000000000000e+04,-1.521900000000000000e+04,-1.136200000000000000e+04,-1.931700000000000000e+04,-3.087800000000000000e+04
-3.965000000000000000e+03,-2.841400000000000000e+04,-1.544400000000000000e+04,-2.203900000000000000e+04,8.215000000000000000e+03,-3.197400000000000000e+04,-2.295500000000000000e+04,-2.401800000000000000e+04
-1.664900000000000000e+04,1.525800000000000000e+04,-1.567900000000000000e+04,-1.282700000000000000e+04,-3.828600000000000000e+04,-3.413500000000000000e+04,-1.599700000000000000e+04,-2.704300000000000000e+04
-1.486000000000000000e+04,-3.447400000000000000e+04,-2.163500000000000000e+04,1.038800000000000000e+04,1.079000000000000000e+03,-1.670500000000000000e+04,-2.525000000000000000e+04,-2.797100000000000000e+04
-2.230000000000000000e+04,-1.519000000000000000e+04,-1.174400000000000000e+04,1.236500000000000000e+04,8.880000000000000000e+02,-2.027700000000000000e+04,-1.882700000000000000e+04,-3.386100000000000000e+04
-1.175000000000000000e+04,3.539300000000000000e+04,-2.015800000000000000e+04,-1.661200000000000000e+04,-4.940000000000000000e+04,-3.217900000000000000e+04,-3.166000000000000000e+04,-4.895100000000000000e+04
-1.970300000000000000e+04,-2.094200000000000000e+04,-2.515700000000000000e+04,-3.319700000000000000e+04,-2.872200000000000000e+04,-2.930200000000000000e+04,-2.661200000000000000e+04,2.574700000000000000e+04
-1.514700000000000000e+04,-1.329400000000000000e+04,-2.856700000000000000e+04,-6.275000000000000000e+03,-2.167200000000000000e+04,2.710000000000000000e+03,-1.543700000000000000e+04,-2.815600000000000000e+04
-2.280100000000000000e+04,-2.433800000000000000e+04,-2.641800000000000000e+04,-2.086000000000000000e+03,-2.658000000000000000e+04,1.334900000000000000e+04,-2.565800000000000000e+04,-2.818200000000000000e+04
7.835000000000000000e+03,-2.867600000000000000e+04,-2.320300000000000000e+04,7.072000000000000000e+03,-3.356800000000000000e+04,-4.240000000000000000e+02,-3.374600000000000000e+04,-5.210000000000000000e+04
-1.267500000000000000e+04,1.708900000000000000e+04,-2.377100000000000000e+04,-2.749900000000000000e+04,-4.987700000000000000e+04,-1.707500000000000000e+04,-3.501600000000000000e+04,-3.525000000000000000e+04
-8.441000000000000000e+03,-7.888000000000000000e+03,-6.762000000000000000e+03,2.544000000000000000e+03,-2.601200000000000000e+04,-3.090200000000000000e+04,-1.856600000000000000e+04,-4.023600000000000000e+04
-1.778500000000000000e+04,-1.581700000000000000e+04,-1.793000000000000000e+04,-2.024500000000000000e+04,-2.067500000000000000e+04,-2.179600000000000000e+04,-1.812200000000000000e+04,1.602700000000000000e+04
-2.524700000000000000e+04,3.337100000000000000e+04,-1.663900000000000000e+04,-2.518900000000000000e+04,-4.580100000000000000e+04,-1.837500000000000000e+04,-2.530000000000000000e+04,-3.014300000000000000e+04
-1.766100000000000000e+04,-6.109000000000000000e+03,-1.752700000000000000e+04,-1.446600000000000000e+04,-2.319000000000000000e+03,-1.128400000000000000e+04,-9.190000000000000000e+03,-1.869100000000000000e+04
-2.429100000000000000e+04,-1.077400000000000000e+04,-2.901900000000000000e+04,5.048000000000000000e+03,-3.509800000000000000e+04,-7.470000000000000000e+02,-3.206200000000000000e+04,-3.883700000000000000e+04
-1.310900000000000000e+04,-5.900000000000000000e+01,-1.498400000000000000e+04,-3.062000000000000000e+04,-3.725900000000000000e+04,3.680000000000000000e+02,-2.332800000000000000e+04,-2.771700000000000000e+04
-1.854500000000000000e+04,-1.488600000000000000e+04,-1.267200000000000000e+04,-2.230000000000000000e+04,-1.368700000000000000e+04,-2.037800000000000000e+04,6.694000000000000000e+03,-9.810000000000000000e+03
-3.749000000000000000e+03,-1.717400000000000000e+04,-1.083900000000000000e+04,-1.698000000000000000e+03,-5.746000000000000000e+03,-6.418000000000000000e+03,-3.108000000000000000e+04,-3.389600000000000000e+04
-2.719200000000000000e+04,-1.433800000000000000e+04,-6.780000000000000000e+03,-1.119700000000000000e+04,-2.387900000000000000e+04,-3.507300000000000000e+04,6.358000000000000000e+03,-2.781900000000000000e+04
-2.536400000000000000e+04,8.351000000000000000e+03,-2.529300000000000000e+04,-1.416500000000000000e+04,-2.787500000000000000e+04,-1.672000000000000000e+04,-1.603500000000000000e+04,-3.471800000000000000e+04
-1.977800000000000000e+04,3.007000000000000000e+03,-1.655100000000000000e+04,-3.095800000000000000e+04,-1.753100000000000000e+04,-3.453900000000000000e+04,-2.610200000000000000e+04,-2.544700000000000000e+04
-2.408600000000000000e+04,1.341100000000000000e+04,-2.019900000000000000e+04,-2.602500000000000000e+04,-4.773800000000000000e+04,-1.983700000000000000e+04,-1.905200000000000000e+04,-1.855000000000000000e+04
-3.628000000000000000e+03,-2.287300000000000000e+04,-1.946300000000000000e+04,-1.613900000000000000e+04,-7.156000000000000000e+03,5.490000000000000000e+02,-3.088800000000000000e+04,-4.041200000000000000e+04
-2.418100000000000000e+04,6.851000000000000000e+03,-2.326100000000000000e+04,-2.722200000000000000e+04,-3.214500000000000000e+04,-4.627000000000000000e+03,-1.251300000000000000e+04,-2.815300000000000000e+04
-2.509100000000000000e+04,-1.902900000000000000e+04,-3.805000000000000000e+03,-1.068000000000000000e+04,-1.108500000000000000e+04,-1.468700000000000000e+04,1.019800000000000000e+04,-1.375200000000000000e+04
1.830000000000000000e+04,-2.485100000000000000e+04,-2.346700000000000000e+04,-1.258300000000000000e+04,-3.736300000000000000e+04,6.244000000000000000e+03,-2.596700000000000000e+04,-4.671800000000000000e+04
-1.438800000000000000e+04,-1.933200000000000000e+04,-1.637000000000000000e+04,4.013000000000000000e+03,-3.461600000000000000e+04,9.101000000000000000e+03,-2.186400000000000000e+04,-4.273900000000000000e+04
4.508000000000000000e+03,1.238000000000000000e+03,-1.587700000000000000e+04,-1.884600000000000000e+04,-2.826800000000000000e+04,-1.919600000000000000e+04,-3.609300000000000000e+04,-4.406300000000000000e+04
-1.422900000000000000e+04,1.197600000000000000e+04,-1.988700000000000000e+04,-1.586000000000000000e+04,-3.520700000000000000e+04,-1.121700000000000000e+04,-2.279900000000000000e+04,-3.608000000000000000e+04
-2.444800000000000000e+04,-1.744600000000000000e+04,-1.391600000000000000e+04,-2.016900000000000000e+04,-3.095900000000000000e+04,-3.371200000000000000e+04,-1.369200000000000000e+04,1.078600000000000000e+04
-2.806100000000000000e+04,-1.860900000000000000e+04,4.089000000000000000e+03,-2.214700000000000000e+04,-2.143300000000000000e+04,-1.505200000000000000e+04,-1.346200000000000000e+04,4.034000000000000000e+03
-1.950800000000000000e+04,-1.174000000000000000e+04,-2.873000000000000000e+04,4.172000000000000000e+03,-4.701200000000000000e+04,8.328000000000000000e+03,-2.765900000000000000e+04,-4.891300000000000000e+04
-3.096000000000000000e+04,-2.400600000000000000e+04,-1.281400000000000000e+04,-3.666600000000000000e+04,-2.285400000000000000e+04,-3.738300000000000000e+04,-3.125900000000000000e+04,1.243100000000000000e+04
-1.413800000000000000e+04,2.470000000000000000e+03,-2.152300000000000000e+04,-2.158200000000000000e+04,-3.510300000000000000e+04,-1.873300000000000000e+04,-7.461000000000000000e+03,-2.975100000000000000e+04
-3.198400000000000000e+04,1.991100000000000000e+04,-2.945800000000000000e+04,-2.756000000000000000e+04,-6.491400000000000000e+04,-7.600000000000000000e+03,-3.168000000000000000e+04,-3.392500000000000000e+04
-5.131000000000000000e+03,-2.829000000000000000e+04,-1.755000000000000000e+03,-1.351700000000000000e+04,9.008000000000000000e+03,-3.131300000000000000e+04,-3.866500000000000000e+04,-2.319300000000000000e+04
-2.306300000000000000e+04,-2.183900000000000000e+04,-3.796000000000000000e+03,-1.724900000000000000e+04,-9.448000000000000000e+03,-1.509400000000000000e+04,-2.167700000000000000e+04,-5.450000000000000000e+02
-1.912900000000000000e+04,-5.990000000000000000e+02,-1.662700000000000000e+04,1.346500000000000000e+04,-2.662200000000000000e+04,-2.045200000000000000e+04,-3.752000000000000000e+04,-4.377800000000000000e+04
-1.171500000000000000e+04,-2.039900000000000000e+04,7.052000000000000000e+03,-2.034600000000000000e+04,2.145000000000000000e+03,-3.752900000000000000e+04,-3.321900000000000000e+04,-1.601100000000000000e+04
-2.498500000000000000e+04,-1.676800000000000000e+04,-2.416000000000000000e+03,-2.152800000000000000e+04,-5.843000000000000000e+03,-2.650800000000000000e+04,-2.282700000000000000e+04,7.530000000000000000e+02
-2.893000000000000000e+03,7.480000000000000000e+02,-1.857900000000000000e+04,-2.037800000000000000e+04,-3.500800000000000000e+04,-9.624000000000000000e+03,-9.703000000000000000e+03,-3.880600000000000000e+04
-1.734200000000000000e+04,1.515600000000000000e+04,-3.575000000000000000e+03,-2.473200000000000000e+04,-4.837300000000000000e+04,-1.825000000000000000e+04,-1.528600000000000000e+04,-3.148600000000000000e+04
-2.170400000000000000e+04,-1.535000000000000000e+04,-2.112700000000000000e+04,3.719000000000000000e+03,-3.038000000000000000e+04,3.319000000000000000e+03,-2.209400000000000000e+04,-3.461600000000000000e+04
-8.248000000000000000e+03,-1.678600000000000000e+04,-1.859100000000000000e+04,-8.200000000000000000e+03,-6.090000000000000000e+02,5.540000000000000000e+02,-1.126600000000000000e+04,5.406000000000000000e+03
-1.348700000000000000e+04,-4.581000000000000000e+03,-2.214000000000000000e+04,-1.333500000000000000e+04,-2.629500000000000000e+04,6.480000000000000000e+02,-5.916000000000000000e+03,-3.094600000000000000e+04
-2.111500000000000000e+04,-1.217700000000000000e+04,-1.967500000000000000e+04,9.515000000000000000e+03,-3.318200000000000000e+04,-5.380000000000000000e+03,-1.722700000000000000e+04,-2.473400000000000000e+04
-1.902000000000000000e+04,-1.341700000000000000e+04,-1.520500000000000000e+04,-1.487600000000000000e+04,-1.523000000000000000e+04,-1.792000000000000000e+04,8.263000000000000000e+03,-1.530900000000000000e+04
-2.604400000000000000e+04,-1.914100000000000000e+04,-1.304000000000000000e+03,-2.568600000000000000e+04,-1.766800000000000000e+04,-4.332400000000000000e+04,-1.129200000000000000e+04,-8.900000000000000000e+03
-3.174900000000000000e+04,1.025500000000000000e+04,-3.014300000000000000e+04,-3.755000000000000000e+03,-4.171400000000000000e+04,-1.754900000000000000e+04,-2.443300000000000000e+04,-2.297600000000000000e+04
-1.389500000000000000e+04,-1.001900000000000000e+04,-2.305700000000000000e+04,1.284000000000000000e+04,-1.363900000000000000e+04,-1.211600000000000000e+04,-1.801100000000000000e+04,-3.276100000000000000e+04
-1.076300000000000000e+04,-6.944000000000000000e+03,-1.677500000000000000e+04,-1.375000000000000000e+03,-3.847400000000000000e+04,5.638000000000000000e+03,-1.805700000000000000e+04,-3.236700000000000000e+04
3.000000000000000000e+03,-1.042300000000000000e+04,-2.760600000000000000e+04,-2.623000000000000000e+03,-2.502500000000000000e+04,-9.193000000000000000e+03,-2.156400000000000000e+04,-2.915700000000000000e+04
-1.134100000000000000e+04,-1.617000000000000000e+04,-2.069200000000000000e+04,-1.687000000000000000e+03,-2.494800000000000000e+04,-1.895600000000000000e+04,-6.243000000000000000e+03,-3.101800000000000000e+04
-3.286700000000000000e+04,-2.151300000000000000e+04,-1.783400000000000000e+04,-3.438300000000000000e+04,-3.220800000000000000e+04,-2.349500000000000000e+04,-2.756500000000000000e+04,2.567700000000000000e+04
-2.644000000000000000e+04,-7.780000000000000000e+02,-1.796100000000000000e+04,-2.364200000000000000e+04,-2.729400000000000000e+04,1.179000000000000000e+03,-5.247000000000000000e+03,-1.388100000000000000e+04
-1.479100000000000000e+04,8.867000000000000000e+03,-2.187700000000000000e+04,-7.844000000000000000e+03,-4.626400000000000000e+04,-2.194700000000000000e+04,-1.636600000000000000e+04,-2.504000000000000000e+04
-2.574200000000000000e+04,-5.707000000000000000e+03,-1.978600000000000000e+04,-1.016000000000000000e+03,-3.686800000000000000e+04,-1.739800000000000000e+04,1.583600000000000000e+04,-2.330100000000000000e+04
-5.115000000000000000e+03,-2.571100000000000000e+04,-5.872000000000000000e+03,-1.464200000000000000e+04,1.743700000000000000e+04,-3.129100000000000000e+04,-4.417700000000000000e+04,-1.718600000000000000e+04
-1.368200000000000000e+04,-1.567100000000000000e+04,-9.279000000000000000e+03,-1.477800000000000000e+04,-1.864500000000000000e+04,-2.857700000000000000e+04,7.466000000000000000e+03,-2.145500000000000000e+04
-1.601800000000000000e+04,6.680000000000000000e+02,-3.501300000000000000e+04,-1.191000000000000000e+04,-3.933000000000000000e+04,5.510000000000000000e+02,-1.610500000000000000e+04,-2.049600000000000000e+04
-3.681100000000000000e+04,-2.225400000000000000e+04,-2.989400000000000000e+04,-4.533300000000000000e+04,-2.799000000000000000e+04,-2.473700000000000000e+04,-2.323400000000000000e+04,1.830800000000000000e+04
-2.490100000000000000e+04,3.252300000000000000e+04,-2.381000000000000000e+04,-2.769100000000000000e+04,-6.178000000000000000e+04,-2.463600000000000000e+04,-2.641300000000000000e+04,-3.932900000000000000e+04
-1.406100000000000000e+04,-2.271900000000000000e+04,-1.795400000000000000e+04,-7.631000000000000000e+03,-2.490000000000000000e+02,-1.867600000000000000e+04,-2.768500000000000000e+04,-2.019900000000000000e+04
-3.627100000000000000e+04,-2.526300000000000000e+04,-1.266500000000000000e+04,-3.458000000000000000e+04,-1.791800000000000000e+04,-4.165900000000000000e+04,-3.162800000000000000e+04,8.582000000000000000e+03
-2.318400000000000000e+04,-2.030100000000000000e+04,-1.908400000000000000e+04,-1.724200000000000000e+04,-2.859000000000000000e+04,-2.732100000000000000e+04,1.682700000000000000e+04,-1.149500000000000000e+04
-1.943900000000000000e+04,-1.982400000000000000e+04,-1.206700000000000000e+04,-2.074400000000000000e+04,-2.166700000000000000e+04,-1.733200000000000000e+04,3.739000000000000000e+03,-2.248900000000000000e+04
-2.886400000000000000e+04,-2.098400000000000000e+04,-2.407500000000000000e+04,-3.043000000000000000e+04,-2.015700000000000000e+04,-2.419700000000000000e+04,1.257600000000000000e+04,-1.277900000000000000e+04
-3.754700000000000000e+04,-1.647200000000000000e+04,-2.017800000000000000e+04,-4.949000000000000000e+03,-3.401200000000000000e+04,-1.607100000000000000e+04,1.280600000000000000e+04,-3.910200000000000000e+04
-1.510000000000000000e+03,-1.766000000000000000e+03,-1.378000000000000000e+03,-7.314000000000000000e+03,-4.696300000000000000e+04,-6.082000000000000000e+03,-4.068800000000000000e+04,-4.322400000000000000e+04
-4.519500000000000000e+04,-1.449900000000000000e+04,-6.387000000000000000e+03,-3.057000000000000000e+03,-5.303900000000000000e+04,-1.181200000000000000e+04,1.724000000000000000e+04,-3.951000000000000000e+04
-3.060300000000000000e+04,-1.694900000000000000e+04,-2.134500000000000000e+04,-3.039800000000000000e+04,-4.723100000000000000e+04,-2.338700000000000000e+04,-3.008900000000000000e+04,1.832700000000000000e+04
-3.442000000000000000e+04,-3.184300000000000000e+04,5.526000000000000000e+03,-2.349100000000000000e+04,-1.341100000000000000e+04,-3.496000000000000000e+04,-2.510500000000000000e+04,-1.084000000000000000e+03
-1.618300000000000000e+04,-2.177900000000000000e+04,-5.696000000000000000e+03,-1.434200000000000000e+04,-6.060000000000000000e+03,-2.923900000000000000e+04,-6.550000000000000000e+03,-1.908700000000000000e+04
-1.738300000000000000e+04,-1.453500000000000000e+04,-1.939900000000000000e+04,-1.024700000000000000e+04,-2.433600000000000000e+04,4.457000000000000000e+03,-5.050000000000000000e+02,-3.063400000000000000e+04
-4.066800000000000000e+04,-1.894400000000000000e+04,-7.325000000000000000e+03,-2.355900000000000000e+04,-3.068300000000000000e+04,-3.561200000000000000e+04,-2.353400000000000000e+04,-2.402000000000000000e+03
-7.140000000000000000e+03,-1.908600000000000000e+04,-2.016400000000000000e+04,9.300000000000000000e+01,-3.918100000000000000e+04,3.041000000000000000e+03,-2.121700000000000000e+04,-3.601100000000000000e+04
-1.866400000000000000e+04,-2.895500000000000000e+04,-2.070000000000000000e+03,-2.581900000000000000e+04,-5.049000000000000000e+03,-1.466200000000000000e+04,-1.812600000000000000e+04,-3.733000000000000000e+03
-2.572600000000000000e+04,1.583400000000000000e+04,-2.749400000000000000e+04,-2.086800000000000000e+04,-4.892300000000000000e+04,-2.339700000000000000e+04,-3.239700000000000000e+04,-2.997400000000000000e+04
-1.535800000000000000e+04,1.395400000000000000e+04,-1.080800000000000000e+04,-5.350000000000000000e+02,-3.113300000000000000e+04,-2.192500000000000000e+04,-1.220500000000000000e+04,-4.058500000000000000e+04
4.082000000000000000e+03,-2.794600000000000000e+04,-1.484500000000000000e+04,-2.126700000000000000e+04,2.887000000000000000e+03,-1.573100000000000000e+04,-2.497200000000000000e+04,-4.567200000000000000e+04
-2.333900000000000000e+04,-2.157000000000000000e+04,-2.089800000000000000e+04,-4.206000000000000000e+04,-3.067200000000000000e+04,-2.630200000000000000e+04,-2.535000000000000000e+04,2.226400000000000000e+04
-1.646700000000000000e+04,-1.973300000000000000e+04,6.510000000000000000e+03,-1.790800000000000000e+04,-1.205000000000000000e+04,-3.339300000000000000e+04,-1.871500000000000000e+04,-1.334300000000000000e+04
-1.541700000000000000e+04,-1.878400000000000000e+04,-1.448800000000000000e+04,-2.141700000000000000e+04,-1.803600000000000000e+04,-1.615500000000000000e+04,7.220000000000000000e+03,-1.713200000000000000e+04
-3.143400000000000000e+04,-2.059700000000000000e+04,-1.951200000000000000e+04,-2.042900000000000000e+04,-3.236200000000000000e+04,-1.612500000000000000e+04,8.889000000000000000e+03,-1.319600000000000000e+04
-5.532000000000000000e+03,-1.303400000000000000e+04,-1.215300000000000000e+04,3.817000000000000000e+03,-1.385000000000000000e+04,-1.727200000000000000e+04,-1.242200000000000000e+04,-2.077700000000000000e+04
-2.881500000000000000e+04,-2.190100000000000000e+04,-3.400000000000000000e+01,-1.189300000000000000e+04,-2.341500000000000000e+04,-3.294300000000000000e+04,-2.559100000000000000e+04,1.422000000000000000e+03
-1.420700000000000000e+04,-1.527000000000000000e+04,-1.957700000000000000e+04,-2.579400000000000000e+04,-1.295400000000000000e+04,-1.226800000000000000e+04,-2.246100000000000000e+04,1.001100000000000000e+04
-2.709200000000000000e+04,-2.704400000000000000e+04,-3.243300000000000000e+04,-1.634600000000000000e+04,-2.901200000000000000e+04,-9.179000000000000000e+03,1.420600000000000000e+04,-2.010200000000000000e+04
-2.164700000000000000e+04,-1.757100000000000000e+04,-2.196900000000000000e+04,-8.525000000000000000e+03,-4.529100000000000000e+04,1.259100000000000000e+04,-1.188600000000000000e+04,-4.009500000000000000e+04
-6.114000000000000000e+03,-1.531200000000000000e+04,-1.846300000000000000e+04,-5.353000000000000000e+03,-3.301000000000000000e+03,-1.566200000000000000e+04,-1.546100000000000000e+04,-3.527800000000000000e+04
-9.978000000000000000e+03,-2.124000000000000000e+04,-2.323300000000000000e+04,-1.150900000000000000e+04,-9.246000000000000000e+03,7.178000000000000000e+03,-1.923500000000000000e+04,-1.953700000000000000e+04
-2.471500000000000000e+04,-2.664800000000000000e+04,-1.686000000000000000e+04,1.521800000000000000e+04,-2.075500000000000000e+04,-4.971000000000000000e+03,-1.348500000000000000e+04,-4.355400000000000000e+04
-8.801000000000000000e+03,-1.838200000000000000e+04,-3.049900000000000000e+04,-5.103000000000000000e+03,-2.619100000000000000e+04,1.194100000000000000e+04,-3.309100000000000000e+04,-3.281900000000000000e+04
-1.847000000000000000e+04,-9.703000000000000000e+03,1.151300000000000000e+04,-1.651900000000000000e+04,-4.577000000000000000e+03,-3.074900000000000000e+04,-2.268600000000000000e+04,-1.846600000000000000e+04
-1.342600000000000000e+04,-1.420800000000000000e+04,-1.497000000000000000e+04,-1.775300000000000000e+04,-2.123100000000000000e+04,-5.992000000000000000e+03,-1.762700000000000000e+04,-4.016600000000000000e+04
-1.793300000000000000e+04,-2.390300000000000000e+04,-1.386300000000000000e+04,-2.843300000000000000e+04,1.148400000000000000e+04,-2.443200000000000000e+04,-3.505300000000000000e+04,-2.508500000000000000e+04
-1.376600000000000000e+04,-9.904000000000000000e+03,-1.380700000000000000e+04,6.147000000000000000e+03,-2.221500000000000000e+04,-1.633700000000000000e+04,-1.781100000000000000e+04,-3.413500000000000000e+04
-2.366800000000000000e+04,-1.965200000000000000e+04,-1.242900000000000000e+04,-3.758600000000000000e+04,-2.491200000000000000e+04,-3.678900000000000000e+04,-2.549000000000000000e+04,1.850700000000000000e+04
-2.944100000000000000e+04,-1.376000000000000000e+04,-3.966700000000000000e+04,-2.019900000000000000e+04,-4.568900000000000000e+04,-1.407900000000000000e+04,1.515700000000000000e+04,-3.924200000000000000e+04
-1.680300000000000000e+04,-2.112900000000000000e+04,-1.908000000000000000e+04,-8.207000000000000000e+03,-2.126700000000000000e+04,1.765800000000000000e+04,-1.939800000000000000e+04,-2.674400000000000000e+04
-2.952000000000000000e+04,-1.996100000000000000e+04,5.966000000000000000e+03,-1.198600000000000000e+04,-1.336600000000000000e+04,-1.817700000000000000e+04,-1.121200000000000000e+04,-2.633700000000000000e+04
-2.707100000000000000e+04,8.945000000000000000e+03,-1.464000000000000000e+04,-2.517400000000000000e+04,-2.088900000000000000e+04,-1.892500000000000000e+04,-3.019600000000000000e+04,-2.414800000000000000e+04
-2.203300000000000000e+04,-1.447300000000000000e+04,-1.511900000000000000e+04,-1.314800000000000000e+04,-2.104900000000000000e+04,-2.780100000000000000e+04,1.692800000000000000e+04,-2.409900000000000000e+04
2.975000000000000000e+03,-1.431200000000000000e+04,-2.015600000000000000e+04,-6.536000000000000000e+03,-2.904000000000000000e+04,1.348000000000000000e+03,-3.069900000000000000e+04,-5.297100000000000000e+04
-9.868000000000000000e+03,-5.386000000000000000e+03,-1.928000000000000000e+04,6.680000000000000000e+03,-2.851400000000000000e+04,-1.880400000000000000e+04,-1.055500000000000000e+04,-3.864600000000000000e+04
-1.053800000000000000e+04,-1.268300000000000000e+04,-1.078100000000000000e+04,-1.250400000000000000e+04,-1.203800000000000000e+04,-1.653600000000000000e+04,2.888000000000000000e+03,-1.052500000000000000e+04
-2.599600000000000000e+04,-1.240000000000000000e+02,-2.406200000000000000e+04,-1.799800000000000000e+04,-4.422000000000000000e+04,-6.649000000000000000e+03,-1.024200000000000000e+04,-3.511600000000000000e+04
-3.547400000000000000e+04,-7.688000000000000000e+03,-2.202700000000000000e+04,-9.618000000000000000e+03,-2.463200000000000000e+04,-1.484300000000000000e+04,2.153100000000000000e+04,-3.103200000000000000e+04
-1.333200000000000000e+04,-7.593000000000000000e+03,1.352900000000000000e+04,-2.049300000000000000e+04,-1.413900000000000000e+04,-2.867600000000000000e+04,-1.573600000000000000e+04,1.793000000000000000e+03
-2.207600000000000000e+04,1.625100000000000000e+04,-2.151600000000000000e+04,-1.809800000000000000e+04,-3.681900000000000000e+04,-1.986500000000000000e+04,-2.652400000000000000e+04,-1.450700000000000000e+04
-3.500000000000000000e+04,1.251100000000000000e+04,-1.580300000000000000e+04,-2.349700000000000000e+04,-3.797000000000000000e+04,-1.922400000000000000e+04,-1.065100000000000000e+04,-3.263400000000000000e+04
-1.794400000000000000e+04,-1.191800000000000000e+04,-2.933200000000000000e+04,5.491000000000000000e+03,-2.896500000000000000e+04,9.590000000000000000e+03,-2.350500000000000000e+04,-2.666400000000000000e+04
-2.776300000000000000e+04,2.688300000000000000e+04,-3.078400000000000000e+04,-1.947100000000000000e+04,-5.946900000000000000e+04,-1.111500000000000000e+04,-2.400400000000000000e+04,-4.477800000000000000e+04
5.180000000000000000e+03,-2.402100000000000000e+04,-1.395100000000000000e+04,-1.479000000000000000e+03,-2.818900000000000000e+04,-8.829000000000000000e+03,-2.615500000000000000e+04,-4.671000000000000000e+04
-2.557600000000000000e+04,-9.683000000000000000e+03,-1.743800000000000000e+04,-1.238500000000000000e+04,-1.840900000000000000e+04,-1.955700000000000000e+04,1.736200000000000000e+04,-2.010100000000000000e+04
-2.439700000000000000e+04,-1.494400000000000000e+04,-2.178700000000000000e+04,-3.451500000000000000e+04,-1.938500000000000000e+04,-4.397000000000000000e+03,6.830000000000000000e+03,-2.961900000000000000e+04
3.749000000000000000e+03,-1.721500000000000000e+04,-2.914400000000000000e+04,-1.368500000000000000e+04,-7.775000000000000000e+03,-1.160700000000000000e+04,-2.429700000000000000e+04,-2.898500000000000000e+04
-3.541600000000000000e+04,7.333000000000000000e+03,-9.349000000000000000e+03,-1.807600000000000000e+04,-3.483300000000000000e+04,-7.023000000000000000e+03,-2.613200000000000000e+04,-8.877000000000000000e+03
-1.951100000000000000e+04,5.905000000000000000e+03,-2.419500000000000000e+04,-9.480000000000000000e+03,-3.894800000000000000e+04,-1.537600000000000000e+04,-1.270200000000000000e+04,-2.458500000000000000e+04
-2.014200000000000000e+04,-1.552200000000000000e+04,-1.366000000000000000e+03,-1.811600000000000000e+04,-9.050000000000000000e+03,-2.881000000000000000e+04,1.571500000000000000e+04,-1.609600000000000000e+04
-3.604200000000000000e+04,-1.033900000000000000e+04,-6.213000000000000000e+03,-1.945700000000000000e+04,-2.194200000000000000e+04,-1.076900000000000000e+04,1.017700000000000000e+04,-2.155600000000000000e+04
-1.593800000000000000e+04,1.884000000000000000e+04,-1.949100000000000000e+04,-1.564400000000000000e+04,-6.524600000000000000e+04,-1.540300000000000000e+04,-3.376600000000000000e+04,-4.270000000000000000e+04
-1.661700000000000000e+04,-1.902100000000000000e+04,9.344000000000000000e+03,-1.734700000000000000e+04,-1.075800000000000000e+04,-3.737900000000000000e+04,-2.234600000000000000e+04,-1.391900000000000000e+04
-3.032600000000000000e+04,-2.319900000000000000e+04,-1.218000000000000000e+04,-9.049000000000000000e+03,4.859000000000000000e+03,-3.432400000000000000e+04,-1.717900000000000000e+04,-2.634100000000000000e+04
-2.855600000000000000e+04,-1.840000000000000000e+02,-1.493500000000000000e+04,-2.007000000000000000e+03,-6.262000000000000000e+04,-5.693000000000000000e+03,-3.072600000000000000e+04,-4.559200000000000000e+04
-4.310300000000000000e+04,-2.670400000000000000e+04,3.164000000000000000e+03,-2.693600000000000000e+04,-2.906700000000000000e+04,-4.463700000000000000e+04,-3.188900000000000000e+04,1.043800000000000000e+04
-5.158000000000000000e+03,-1.728800000000000000e+04,-1.865000000000000000e+04,-2.351800000000000000e+04,1.281100000000000000e+04,-2.998300000000000000e+04,-2.181400000000000000e+04,-2.527900000000000000e+04
-3.846400000000000000e+04,-2.387900000000000000e+04,1.440000000000000000e+02,-1.398600000000000000e+04,-7.015000000000000000e+03,-1.426500000000000000e+04,-1.834800000000000000e+04,-7.240000000000000000e+03
-2.146600000000000000e+04,-1.720800000000000000e+04,-1.621400000000000000e+04,-2.159800000000000000e+04,-3.350000000000000000e+04,-1.354700000000000000e+04,-2.686300000000000000e+04,1.557300000000000000e+04
-2.540900000000000000e+04,-1.950200000000000000e+04,-1.724000000000000000e+03,-3.566600000000000000e+04,-1.494300000000000000e+04,-3.501700000000000000e+04,-1.800200000000000000e+04,8.048000000000000000e+03
-2.743600000000000000e+04,1.989700000000000000e+04,-2.084300000000000000e+04,-1.321400000000000000e+04,-4.652900000000000000e+04,-1.705600000000000000e+04,-9.276000000000000000e+03,-3.541100000000000000e+04
-1.548200000000000000e+04,4.772000000000000000e+03,-1.941800000000000000e+04,-4.860000000000000000e+02,-2.679900000000000000e+04,-2.152400000000000000e+04,-2.181900000000000000e+04,-4.060100000000000000e+04
-3.080400000000000000e+04,-9.039000000000000000e+03,-2.500700000000000000e+04,-1.609200000000000000e+04,-2.418600000000000000e+04,-1.000000000000000000e+04,1.380000000000000000e+03,-3.118600000000000000e+04
-3.063900000000000000e+04,-1.587900000000000000e+04,-2.726800000000000000e+04,-4.351000000000000000e+03,-4.504000000000000000e+04,2.104800000000000000e+04,-1.425000000000000000e+04,-2.802500000000000000e+04
-2.461500000000000000e+04,-9.245000000000000000e+03,-1.450300000000000000e+04,2.267000000000000000e+03,-2.765000000000000000e+04,-3.336000000000000000e+03,-1.082700000000000000e+04,-4.250200000000000000e+04
-2.250100000000000000e+04,-3.272700000000000000e+04,-2.245500000000000000e+04,-1.811000000000000000e+04,-2.311800000000000000e+04,-2.075400000000000000e+04,2.853200000000000000e+04,-2.618200000000000000e+04
-1.584000000000000000e+04,2.211900000000000000e+04,-2.405600000000000000e+04,-1.921200000000000000e+04,-4.281100000000000000e+04,-2.187900000000000000e+04,-2.380100000000000000e+04,-3.833800000000000000e+04
-2.853900000000000000e+04,-3.709000000000000000e+03,-2.340200000000000000e+04,-1.329800000000000000e+04,-3.252100000000000000e+04,-1.877800000000000000e+04,3.702000000000000000e+03,-2.878500000000000000e+04
-2.900000000000000000e+04,-9.560000000000000000e+02,-9.151000000000000000e+03,1.943000000000000000e+04,-1.970600000000000000e+04,7.498000000000000000e+03,-1.608400000000000000e+04,-3.384800000000000000e+04
8.190000000000000000e+02,-1.446200000000000000e+04,-1.267200000000000000e+04,-1.463000000000000000e+03,-1.355100000000000000e+04,8.930000000000000000e+02,-3.765400000000000000e+04,-5.594300000000000000e+04
-2.925900000000000000e+04,-1.857500000000000000e+04,-1.822900000000000000e+04,-3.550000000000000000e+04,-2.681400000000000000e+04,-2.576900000000000000e+04,-2.476100000000000000e+04,1.968100000000000000e+04
-3.016500000000000000e+04,6.921000000000000000e+03,-2.286700000000000000e+04,-4.250000000000000000e+02,-4.758400000000000000e+04,-7.586000000000000000e+03,-2.270300000000000000e+04,-3.305200000000000000e+04
-3.971600000000000000e+04,-2.415100000000000000e+04,-5.877000000000000000e+03,-2.207700000000000000e+04,-3.397300000000000000e+04,-3.901100000000000000e+04,-2.967800000000000000e+04,1.333300000000000000e+04
-1.531100000000000000e+04,-1.377100000000000000e+04,-1.687400000000000000e+04,3.338000000000000000e+03,-6.238000000000000000e+03,-3.004000000000000000e+03,-2.691900000000000000e+04,-2.987800000000000000e+04
-3.980700000000000000e+04,-2.773900000000000000e+04,-6.529000000000000000e+03,-3.209600000000000000e+04,-3.445600000000000000e+04,-3.365200000000000000e+04,-2.323900000000000000e+04,5.893000000000000000e+03
-2.403000000000000000e+04,-1.865400000000000000e+04,-1.225500000000000000e+04,2.280000000000000000e+02,1.731500000000000000e+04,-2.706400000000000000e+04,-2.294400000000000000e+04,-1.713900000000000000e+04
-4.069000000000000000e+04,-1.969700000000000000e+04,-1.097100000000000000e+04,-2.698400000000000000e+04,-2.084000000000000000e+04,-1.313100000000000000e+04,1.787200000000000000e+04,-2.466000000000000000e+04
-4.030300000000000000e+04,2.418000000000000000e+03,-1.826600000000000000e+04,-3.350100000000000000e+04,-2.982700000000000000e+04,-1.825200000000000000e+04,1.576200000000000000e+04,-2.577100000000000000e+04
-3.184300000000000000e+04,-1.589200000000000000e+04,-2.103900000000000000e+04,-1.579000000000000000e+04,-4.370000000000000000e+04,-2.900200000000000000e+04,1.075600000000000000e+04,-2.937200000000000000e+04
-4.265500000000000000e+04,-9.833000000000000000e+03,-2.065200000000000000e+04,-2.412000000000000000e+04,-3.344400000000000000e+04,-2.410700000000000000e+04,2.324900000000000000e+04,-3.650600000000000000e+04
-2.199000000000000000e+04,2.478800000000000000e+04,-2.214000000000000000e+04,-2.314200000000000000e+04,-4.124400000000000000e+04,-2.115900000000000000e+04,-7.953000000000000000e+03,-3.100100000000000000e+04
-5.713000000000000000e+03,-2.500800000000000000e+04,-2.233800000000000000e+04,-8.695000000000000000e+03,-8.422000000000000000e+03,-9.862000000000000000e+03,-1.032400000000000000e+04,-4.129600000000000000e+04
-1.857000000000000000e+04,-2.571500000000000000e+04,-1.009800000000000000e+04,-1.796200000000000000e+04,1.695400000000000000e+04,-1.682200000000000000e+04,-2.932100000000000000e+04,-3.418100000000000000e+04
-4.584100000000000000e+04,-3.615800000000000000e+04,-1.694500000000000000e+04,-4.314400000000000000e+04,-4.567700000000000000e+04,-3.490600000000000000e+04,-2.420900000000000000e+04,1.948800000000000000e+04
1.284600000000000000e+04,-1.624400000000000000e+04,-8.836000000000000000e+03,-2.775100000000000000e+04,-1.321500000000000000e+04,-8.627000000000000000e+03,-3.571900000000000000e+04,-3.691800000000000000e+04
-3.414200000000000000e+04,1.626700000000000000e+04,-4.622000000000000000e+03,-7.536000000000000000e+03,-3.505000000000000000e+04,-1.953800000000000000e+04,-1.325300000000000000e+04,-3.319300000000000000e+04
-3.277000000000000000e+04,-1.722500000000000000e+04,-1.868200000000000000e+04,-3.498000000000000000e+04,-3.245200000000000000e+04,-1.587000000000000000e+04,-2.274500000000000000e+04,1.437800000000000000e+04
-1.732000000000000000e+04,-5.953000000000000000e+03,-1.213600000000000000e+04,3.372000000000000000e+03,-2.936800000000000000e+04,-3.790000000000000000e+03,-3.675600000000000000e+04,-4.007500000000000000e+04
-1.167600000000000000e+04,9.063000000000000000e+03,-2.374400000000000000e+04,-2.169200000000000000e+04,-2.932300000000000000e+04,7.226000000000000000e+03,-3.309200000000000000e+04,-4.346700000000000000e+04
-3.606100000000000000e+04,-2.239300000000000000e+04,1.178000000000000000e+04,-1.838900000000000000e+04,-1.487100000000000000e+04,-2.444700000000000000e+04,-1.942100000000000000e+04,-2.258800000000000000e+04
-3.312700000000000000e+04,-1.915800000000000000e+04,-1.621000000000000000e+04,-8.859000000000000000e+03,-2.146400000000000000e+04,-6.563000000000000000e+03,2.784000000000000000e+03,-1.695500000000000000e+04
-4.769000000000000000e+04,-2.502500000000000000e+04,-1.115300000000000000e+04,-4.046500000000000000e+04,-3.529000000000000000e+04,-3.473200000000000000e+04,-2.802800000000000000e+04,7.264000000000000000e+03
-1.488700000000000000e+04,2.496100000000000000e+04,-2.136300000000000000e+04,-1.876400000000000000e+04,-5.304000000000000000e+04,-2.492900000000000000e+04,-2.732800000000000000e+04,-3.388000000000000000e+04
-2.995400000000000000e+04,4.240000000000000000e+03,-3.612800000000000000e+04,-1.724800000000000000e+04,-4.011500000000000000e+04,-2.344000000000000000e+04,-8.896000000000000000e+03,-3.340500000000000000e+04
-2.028200000000000000e+04,1.987300000000000000e+04,-2.795400000000000000e+04,-2.334900000000000000e+04,-3.796800000000000000e+04,-2.129700000000000000e+04,-2.157400000000000000e+04,-3.359100000000000000e+04
-2.762300000000000000e+04,-2.802100000000000000e+04,-2.837700000000000000e+04,-2.880000000000000000e+04,-3.092900000000000000e+04,-8.478000000000000000e+03,-2.553800000000000000e+04,2.051000000000000000e+04
-1.226600000000000000e+04,-2.689600000000000000e+04,-2.613900000000000000e+04,1.961000000000000000e+03,-1.009900000000000000e+04,-1.367400000000000000e+04,-1.819400000000000000e+04,-3.064400000000000000e+04
-3.228800000000000000e+04,-1.771800000000000000e+04,1.732100000000000000e+04,-2.664300000000000000e+04,-1.762100000000000000e+04,-2.546100000000000000e+04,-2.386800000000000000e+04,-7.737000000000000000e+03
-1.282100000000000000e+04,-1.227000000000000000e+04,-1.303700000000000000e+04,6.377000000000000000e+03,-3.908100000000000000e+04,2.550000000000000000e+03,-1.857300000000000000e+04,-1.768300000000000000e+04
-1.992700000000000000e+04,-1.220300000000000000e+04,-1.368900000000000000e+04,-9.170000000000000000e+03,-2.482200000000000000e+04,3.844000000000000000e+03,-2.551800000000000000e+04,-3.380900000000000000e+04
-2.573900000000000000e+04,-1.895800000000000000e+04,4.770000000000000000e+03,-8.544000000000000000e+03,-2.762400000000000000e+04,-2.933100000000000000e+04,1.432200000000000000e+04,-4.053000000000000000e+04
1.207900000000000000e+04,-2.255700000000000000e+04,-1.885700000000000000e+04,-5.005000000000000000e+03,-1.963300000000000000e+04,-1.365200000000000000e+04,-2.596100000000000000e+04,-3.963000000000000000e+04
-1.909000000000000000e+04,-1.821500000000000000e+04,-2.565600000000000000e+04,-3.797000000000000000e+03,-2.985500000000000000e+04,1.561000000000000000e+04,-1.448600000000000000e+04,-3.434400000000000000e+04
-2.609700000000000000e+04,-1.521100000000000000e+04,-1.812100000000000000e+04,-7.955000000000000000e+03,-2.674200000000000000e+04,-4.290000000000000000e+03,-1.662400000000000000e+04,-3.927400000000000000e+04
-1.666500000000000000e+04,-1.772700000000000000e+04,-1.275600000000000000e+04,-1.135600000000000000e+04,-3.680000000000000000e+03,-4.124000000000000000e+04,-1.796800000000000000e+04,-8.452000000000000000e+03
-2.848000000000000000e+04,-1.285600000000000000e+04,-2.471000000000000000e+04,-1.604100000000000000e+04,-3.301500000000000000e+04,-2.268200000000000000e+04,1.742400000000000000e+04,-3.573100000000000000e+04
-3.116800000000000000e+04,-1.268800000000000000e+04,-6.885000000000000000e+03,-3.714000000000000000e+03,-3.012600000000000000e+04,1.774000000000000000e+03,-1.999800000000000000e+04,-4.403800000000000000e+04
-2.110700000000000000e+04,-7.495000000000000000e+03,-2.002700000000000000e+04,1.089600000000000000e+04,-3.482000000000000000e+04,1.548000000000000000e+03,-1.949200000000000000e+04,-4.225900000000000000e+04
-2.433400000000000000e+04,8.592000000000000000e+03,-1.915500000000000000e+04,-1.427800000000000000e+04,-4.527600000000000000e+04,-1.500000000000000000e+03,-2.515000000000000000e+04,-2.256000000000000000e+04
-2.508000000000000000e+04,-1.987800000000000000e+04,-9.650000000000000000e+02,-2.572900000000000000e+04,-4.212000000000000000e+03,-3.133500000000000000e+04,-2.763500000000000000e+04,4.642000000000000000e+03
