-2.158900000000000000e+04,-1.538800000000000000e+04,-2.259000000000000000e+04,1.720000000000000000e+02,-2.881700000000000000e+04,-6.865000000000000000e+03,-2.691000000000000000e+04,-3.723500000000000000e+04
2.096000000000000000e+03,-1.546300000000000000e+04,-2.988100000000000000e+04,-9.970000000000000000e+03,-3.386900000000000000e+04,-2.025600000000000000e+04,-3.208300000000000000e+04,-3.650200000000000000e+04
-1.830100000000000000e+04,1.570400000000000000e+04,-3.115700000000000000e+04,-2.074600000000000000e+04,-5.405800000000000000e+04,-1.379000000000000000e+04,-1.457800000000000000e+04,-3.642900000000000000e+04
-4.763000000000000000e+03,-2.694400000000000000e+04,-6.768000000000000000e+03,-1.088400000000000000e+04,-7.072000000000000000e+03,-2.095400000000000000e+04,-5.463000000000000000e+03,-2.503300000000000000e+04
-1.441900000000000000e+04,-1.081000000000000000e+03,-4.022000000000000000e+03,-8.972000000000000000e+03,-3.594900000000000000e+04,-1.174600000000000000e+04,-1.482800000000000000e+04,-2.350400000000000000e+04
1.610000000000000000e+03,9.261000000000000000e+03,-1.535300000000000000e+04,-1.407300000000000000e+04,-3.048000000000000000e+04,-2.083100000000000000e+04,-2.366400000000000000e+04,-4.421200000000000000e+04
-1.058100000000000000e+04,-2.048800000000000000e+04,-1.257000000000000000e+03,1.415200000000000000e+04,-8.741000000000000000e+03,-1.671200000000000000e+04,-2.127000000000000000e+04,-3.129400000000000000e+04
-2.510200000000000000e+04,1.867500000000000000e+04,-1.223000000000000000e+03,-5.546000000000000000e+03,-3.214900000000000000e+04,-3.649000000000000000e+04,-2.630100000000000000e+04,-4.042900000000000000e+04
-2.799400000000000000e+04,-1.683600000000000000e+04,-6.054000000000000000e+03,-3.257800000000000000e+04,-2.552900000000000000e+04,-4.419000000000000000e+03,1.561900000000000000e+04,-3.295800000000000000e+04
2.510000000000000000e+03,-1.131300000000000000e+04,9.260000000000000000e+02,-6.893000000000000000e+03,-8.829000000000000000e+03,-1.326800000000000000e+04,-3.180000000000000000e+04,-3.930600000000000000e+04
1.788000000000000000e+03,-1.543600000000000000e+04,-2.919300000000000000e+04,-1.458600000000000000e+04,-2.672400000000000000e+04,2.191400000000000000e+04,-1.816300000000000000e+04,-2.629400000000000000e+04
-1.498400000000000000e+04,-1.421100000000000000e+04,-7.150000000000000000e+03,-6.454000000000000000e+03,-1.623100000000000000e+04,-3.614000000000000000e+04,1.522200000000000000e+04,-2.370800000000000000e+04
-4.444400000000000000e+04,-1.414200000000000000e+04,-3.537000000000000000e+03,-1.990800000000000000e+04,-3.104700000000000000e+04,-1.534900000000000000e+04,2.096300000000000000e+04,-2.430500000000000000e+04
-3.783300000000000000e+04,-2.302800000000000000e+04,-2.483500000000000000e+04,-2.165600000000000000e+04,-2.977400000000000000e+04,-2.535000000000000000e+03,6.782000000000000000e+03,-2.797000000000000000e+04
1.068100000000000000e+04,-2.929800000000000000e+04,-1.163300000000000000e+04,-3.790000000000000000e+03,-5.295000000000000000e+03,-2.073800000000000000e+04,-3.446900000000000000e+04,-4.827200000000000000e+04
-6.606000000000000000e+03,-2.477300000000000000e+04,-1.787500000000000000e+04,-1.992700000000000000e+04,1.660800000000000000e+04,-3.097200000000000000e+04,-4.018900000000000000e+04,-2.231800000000000000e+04
-1.783700000000000000e+04,-2.510500000000000000e+04,4.278000000000000000e+03,3.063000000000000000e+03,1.825000000000000000e+03,-1.347600000000000000e+04,-3.311300000000000000e+04,-2.980100000000000000e+04
-2.165000000000000000e+04,-6.165000000000000000e+03,-1.064600000000000000e+04,3.053000000000000000e+03,-1.858900000000000000e+04,-1.943200000000000000e+04,-3.041000000000000000e+03,-3.679900000000000000e+04
-2.863600000000000000e+04,-1.425800000000000000e+04,-1.248500000000000000e+04,-1.962200000000000000e+04,-2.828000000000000000e+04,-8.570000000000000000e+03,2.473800000000000000e+04,-2.558400000000000000e+04
7.130000000000000000e+02,-3.180800000000000000e+04,-1.882700000000000000e+04,9.356000000000000000e+03,-7.592000000000000000e+03,-1.364100000000000000e+04,-2.717900000000000000e+04,-3.049800000000000000e+04
-3.793500000000000000e+04,-1.112900000000000000e+04,-1.010100000000000000e+04,-3.050200000000000000e+04,-3.298700000000000000e+04,-3.055500000000000000e+04,1.527300000000000000e+04,-1.910800000000000000e+04
-2.984100000000000000e+04,-1.616100000000000000e+04,-2.619700000000000000e+04,-3.952400000000000000e+04,-2.959200000000000000e+04,-2.323100000000000000e+04,2.680500000000000000e+04,-1.211800000000000000e+04
-6.604000000000000000e+03,-1.677700000000000000e+04,-2.754400000000000000e+04,9.866000000000000000e+03,-3.494900000000000000e+04,-5.913000000000000000e+03,-2.195200000000000000e+04,-4.671500000000000000e+04
-3.544000000000000000e+03,-2.354400000000000000e+04,-1.235700000000000000e+04,-2.671000000000000000e+04,-1.233600000000000000e+04,6.080000000000000000e+02,-2.006600000000000000e+04,-1.335000000000000000e+04
-1.905300000000000000e+04,1.409000000000000000e+04,-2.268000000000000000e+04,-3.064200000000000000e+04,-4.724700000000000000e+04,4.745000000000000000e+03,-1.858100000000000000e+04,-3.349900000000000000e+04
-2.704700000000000000e+04,-2.011100000000000000e+04,-1.317500000000000000e+04,-1.635500000000000000e+04,-3.072900000000000000e+04,-1.214800000000000000e+04,-4.886000000000000000e+03,-1.102000000000000000e+04
-3.329600000000000000e+04,-1.887300000000000000e+04,-7.852000000000000000e+03,-4.283400000000000000e+04,-3.654000000000000000e+04,-1.776700000000000000e+04,-1.820400000000000000e+04,1.019400000000000000e+04
-2.116200000000000000e+04,2.017100000000000000e+04,-1.831700000000000000e+04,-1.705900000000000000e+04,-2.758100000000000000e+04,-1.172400000000000000e+04,-2.923000000000000000e+04,-1.358200000000000000e+04
1.409400000000000000e+04,-2.823400000000000000e+04,-2.212400000000000000e+04,-7.135000000000000000e+03,3.240000000000000000e+02,-3.207000000000000000e+03,-2.121200000000000000e+04,-4.490000000000000000e+04
-1.190600000000000000e+04,1.077700000000000000e+04,-1.642600000000000000e+04,-2.478300000000000000e+04,-3.742600000000000000e+04,-1.990800000000000000e+04,-2.107100000000000000e+04,-2.863100000000000000e+04
-9.455000000000000000e+03,-1.566600000000000000e+04,-1.222400000000000000e+04,-9.632000000000000000e+03,-1.362000000000000000e+04,-1.041900000000000000e+04,-2.000000000000000000e+02,-3.532200000000000000e+04
-3.627500000000000000e+04,-3.318900000000000000e+04,-1.955100000000000000e+04,-5.736400000000000000e+04,-4.382600000000000000e+04,-3.405600000000000000e+04,-3.135700000000000000e+04,2.235300000000000000e+04
-2.746300000000000000e+04,-9.356000000000000000e+03,-1.614200000000000000e+04,-3.509000000000000000e+03,-2.157500000000000000e+04,-2.394000000000000000e+04,5.987000000000000000e+03,-1.979700000000000000e+04
-8.838000000000000000e+03,-1.319500000000000000e+04,-2.900900000000000000e+04,-1.266000000000000000e+04,-2.500400000000000000e+04,6.637000000000000000e+03,-9.641000000000000000e+03,-2.921100000000000000e+04
-2.440100000000000000e+04,-1.174400000000000000e+04,-1.510900000000000000e+04,-1.376400000000000000e+04,-2.266200000000000000e+04,-1.636000000000000000e+04,1.485100000000000000e+04,-1.346100000000000000e+04
-1.597200000000000000e+04,-2.106800000000000000e+04,-2.081000000000000000e+04,-2.736000000000000000e+03,-9.070000000000000000e+02,-1.164500000000000000e+04,-6.396000000000000000e+03,-3.374400000000000000e+04
-1.520000000000000000e+02,-8.008000000000000000e+03,-2.927900000000000000e+04,-7.840000000000000000e+03,-3.778500000000000000e+04,-5.269000000000000000e+03,-3.192500000000000000e+04,-2.379900000000000000e+04
-5.580000000000000000e+02,-1.757400000000000000e+04,-2.735000000000000000e+04,5.148000000000000000e+03,-3.179700000000000000e+04,-8.657000000000000000e+03,-2.992900000000000000e+04,-4.626100000000000000e+04
-1.852500000000000000e+04,1.555100000000000000e+04,-1.700800000000000000e+04,-2.819000000000000000e+04,-4.987500000000000000e+04,-2.303800000000000000e+04,-2.045600000000000000e+04,-2.891500000000000000e+04
-1.823100000000000000e+04,-2.542000000000000000e+03,-2.315600000000000000e+04,-3.189400000000000000e+04,-2.757900000000000000e+04,-1.814900000000000000e+04,7.895000000000000000e+03,-3.059000000000000000e+04
-1.189200000000000000e+04,2.670000000000000000e+04,-2.120600000000000000e+04,-2.143300000000000000e+04,-4.303100000000000000e+04,-1.542400000000000000e+04,-3.154900000000000000e+04,-4.288200000000000000e+04
-2.624400000000000000e+04,-1.961300000000000000e+04,6.430000000000000000e+02,-2.446100000000000000e+04,-8.826000000000000000e+03,-3.990300000000000000e+04,-2.093100000000000000e+04,1.451900000000000000e+04
-2.169700000000000000e+04,-1.294400000000000000e+04,-1.659500000000000000e+04,-4.698700000000000000e+04,-2.222400000000000000e+04,-2.547900000000000000e+04,-2.485200000000000000e+04,1.443700000000000000e+04
-1.947000000000000000e+04,-1.160800000000000000e+04,-2.428000000000000000e+04,-3.557200000000000000e+04,-3.825000000000000000e+03,-2.481700000000000000e+04,-2.442700000000000000e+04,2.064900000000000000e+04
-7.892000000000000000e+03,-1.624000000000000000e+04,-1.832100000000000000e+04,-2.913000000000000000e+03,-1.802800000000000000e+04,2.241000000000000000e+03,-1.564000000000000000e+04,-3.727000000000000000e+04
-2.628200000000000000e+04,-1.503100000000000000e+04,-1.272200000000000000e+04,7.096000000000000000e+03,-4.195400000000000000e+04,-1.538000000000000000e+04,-2.215700000000000000e+04,-5.420800000000000000e+04
1.230400000000000000e+04,-2.355700000000000000e+04,-2.228900000000000000e+04,-1.264500000000000000e+04,-1.121000000000000000e+03,-2.880000000000000000e+03,-1.908300000000000000e+04,-5.139200000000000000e+04
-1.487700000000000000e+04,1.600100000000000000e+04,-1.408700000000000000e+04,-1.481800000000000000e+04,-3.429200000000000000e+04,-2.800600000000000000e+04,-2.832700000000000000e+04,-4.770900000000000000e+04
-1.802800000000000000e+04,-1.426700000000000000e+04,-9.942000000000000000e+03,9.694000000000000000e+03,-1.369300000000000000e+04,-1.489300000000000000e+04,-1.850600000000000000e+04,-3.748200000000000000e+04
-1.594300000000000000e+04,3.019200000000000000e+04,-2.136700000000000000e+04,-3.619200000000000000e+04,-4.468200000000000000e+04,-1.549100000000000000e+04,-1.819400000000000000e+04,-3.788500000000000000e+04
1.301200000000000000e+04,-2.650600000000000000e+04,-1.642200000000000000e+04,-9.145000000000000000e+03,-5.982000000000000000e+03,-1.258800000000000000e+04,-3.626300000000000000e+04,-4.816300000000000000e+04
-3.293200000000000000e+04,2.012400000000000000e+04,-2.477200000000000000e+04,-3.550700000000000000e+04,-5.794200000000000000e+04,-1.241800000000000000e+04,-2.453800000000000000e+04,-2.729200000000000000e+04
-3.020300000000000000e+04,-1.165900000000000000e+04,1.330200000000000000e+04,-1.953700000000000000e+04,-1.510800000000000000e+04,-2.070000000000000000e+04,-2.223300000000000000e+04,-5.028000000000000000e+03
1.814000000000000000e+03,-2.064600000000000000e+04,-1.335500000000000000e+04,-2.043000000000000000e+03,-9.770000000000000000e+03,7.370000000000000000e+02,-2.886200000000000000e+04,-3.794300000000000000e+04
-6.106000000000000000e+03,-7.145000000000000000e+03,-1.346700000000000000e+04,2.497000000000000000e+03,-1.712900000000000000e+04,-9.296000000000000000e+03,-1.307300000000000000e+04,-2.145500000000000000e+04
-1.385100000000000000e+04,-1.138700000000000000e+04,-1.894000000000000000e+04,-2.584000000000000000e+03,-9.134000000000000000e+03,2.295300000000000000e+04,-1.441100000000000000e+04,-6.507000000000000000e+03
-4.299700000000000000e+04,-2.464200000000000000e+04,-1.620700000000000000e+04,-4.100000000000000000e+04,-3.260400000000000000e+04,-2.382600000000000000e+04,-1.869400000000000000e+04,-1.601900000000000000e+04
-9.051000000000000000e+03,7.264000000000000000e+03,-1.346800000000000000e+04,-2.091500000000000000e+04,-4.266800000000000000e+04,-5.590000000000000000e+03,-3.698400000000000000e+04,-4.245700000000000000e+04
-2.703100000000000000e+04,-1.095800000000000000e+04,-4.912000000000000000e+03,-1.200900000000000000e+04,-4.133400000000000000e+04,-9.807000000000000000e+03,-2.161000000000000000e+03,-4.526700000000000000e+04
-1.635700000000000000e+04,-2.205700000000000000e+04,-2.219000000000000000e+04,-1.322700000000000000e+04,-3.360600000000000000e+04,-7.187000000000000000e+03,-1.117000000000000000e+03,-1.628100000000000000e+04
-6.986000000000000000e+03,-2.837200000000000000e+04,-1.426700000000000000e+04,-1.454300000000000000e+04,1.847300000000000000e+04,-4.087000000000000000e+04,-2.994500000000000000e+04,-1.964600000000000000e+04
-2.348900000000000000e+04,-2.267900000000000000e+04,-2.378100000000000000e+04,4.102000000000000000e+03,-1.527300000000000000e+04,5.265000000000000000e+03,-4.386000000000000000e+03,-3.997900000000000000e+04
-3.082700000000000000e+04,-2.171400000000000000e+04,6.960000000000000000e+02,-2.710900000000000000e+04,-8.357000000000000000e+03,-1.124200000000000000e+04,-1.490200000000000000e+04,-1.017700000000000000e+04
-1.072600000000000000e+04,-1.025600000000000000e+04,-3.646000000000000000e+03,-1.182800000000000000e+04,-9.887000000000000000e+03,-2.083600000000000000e+04,-2.662800000000000000e+04,2.985000000000000000e+03
-1.977300000000000000e+04,-2.527800000000000000e+04,-1.642000000000000000e+04,-3.066100000000000000e+04,-2.291400000000000000e+04,-1.803800000000000000e+04,-2.192400000000000000e+04,1.281700000000000000e+04
7.652000000000000000e+03,-2.604200000000000000e+04,-2.517200000000000000e+04,2.281000000000000000e+03,-9.245000000000000000e+03,-6.135000000000000000e+03,-3.150600000000000000e+04,-3.606800000000000000e+04
-1.966200000000000000e+04,-2.446200000000000000e+04,-1.546000000000000000e+04,-1.889800000000000000e+04,1.298300000000000000e+04,-1.460700000000000000e+04,-3.250700000000000000e+04,-1.263400000000000000e+04
-2.997600000000000000e+04,1.260700000000000000e+04,-1.967000000000000000e+04,-3.048000000000000000e+03,-5.613300000000000000e+04,-2.164900000000000000e+04,-2.947200000000000000e+04,-4.633500000000000000e+04
-2.323400000000000000e+04,-2.073700000000000000e+04,-1.657700000000000000e+04,-2.415000000000000000e+04,-1.932900000000000000e+04,-2.848500000000000000e+04,-2.786400000000000000e+04,2.041800000000000000e+04
-3.085800000000000000e+04,-1.504800000000000000e+04,2.311000000000000000e+03,-2.629300000000000000e+04,-3.967000000000000000e+03,-3.461400000000000000e+04,-2.627800000000000000e+04,9.425000000000000000e+03
-2.955300000000000000e+04,2.613000000000000000e+04,-2.418800000000000000e+04,-2.152800000000000000e+04,-3.381500000000000000e+04,-2.741600000000000000e+04,-2.580800000000000000e+04,-4.368200000000000000e+04
-6.700000000000000000e+02,-1.872500000000000000e+04,-2.234800000000000000e+04,1.512400000000000000e+04,-1.924800000000000000e+04,-9.359000000000000000e+03,-1.511100000000000000e+04,-3.910800000000000000e+04
-1.923300000000000000e+04,-4.064000000000000000e+03,-2.244300000000000000e+04,-2.391000000000000000e+03,-2.543000000000000000e+04,-5.577000000000000000e+03,-1.674200000000000000e+04,-1.167500000000000000e+04
-1.737200000000000000e+04,-2.548500000000000000e+04,-1.698800000000000000e+04,-2.242400000000000000e+04,6.099000000000000000e+03,-2.439000000000000000e+04,-2.715400000000000000e+04,-2.757100000000000000e+04
-1.370800000000000000e+04,-2.212600000000000000e+04,-1.254600000000000000e+04,-1.530000000000000000e+02,-3.280000000000000000e+04,5.004000000000000000e+03,-1.037100000000000000e+04,-3.042000000000000000e+04
-3.624000000000000000e+04,-1.218200000000000000e+04,-2.179400000000000000e+04,-1.718400000000000000e+04,-3.998900000000000000e+04,-2.215800000000000000e+04,9.189000000000000000e+03,-2.458400000000000000e+04
-1.432300000000000000e+04,1.535100000000000000e+04,-1.506200000000000000e+04,-1.350200000000000000e+04,-4.359200000000000000e+04,-2.815400000000000000e+04,-2.556600000000000000e+04,-3.900700000000000000e+04
-1.193300000000000000e+04,-2.968000000000000000e+03,-2.392000000000000000e+04,-1.307200000000000000e+04,-4.105500000000000000e+04,-6.174000000000000000e+03,-2.354600000000000000e+04,-1.971300000000000000e+04
-2.248700000000000000e+04,-1.830200000000000000e+04,-1.764300000000000000e+04,-1.564800000000000000e+04,-1.404000000000000000e+04,-1.029400000000000000e+04,3.373000000000000000e+03,-2.761200000000000000e+04
-2.415700000000000000e+04,1.012400000000000000e+04,-2.033800000000000000e+04,-2.161800000000000000e+04,-2.518600000000000000e+04,-8.324000000000000000e+03,-1.591000000000000000e+03,-3.000100000000000000e+04
-2.412400000000000000e+04,-2.312400000000000000e+04,-1.906500000000000000e+04,6.708000000000000000e+03,-4.003400000000000000e+04,-2.836000000000000000e+03,-3.053300000000000000e+04,-5.660900000000000000e+04
1.092500000000000000e+04,-1.520700000000000000e+04,-3.273000000000000000e+03,-2.545000000000000000e+04,-1.958400000000000000e+04,1.476300000000000000e+04,-3.718300000000000000e+04,-4.686600000000000000e+04
-1.511000000000000000e+04,-3.531000000000000000e+03,-2.183100000000000000e+04,-2.549100000000000000e+04,-2.324200000000000000e+04,-8.887000000000000000e+03,-1.015400000000000000e+04,-9.295000000000000000e+03
-2.596800000000000000e+04,-2.773700000000000000e+04,-2.199100000000000000e+04,-1.888900000000000000e+04,-3.070100000000000000e+04,-2.839900000000000000e+04,-1.917700000000000000e+04,2.184200000000000000e+04
-1.955200000000000000e+04,-7.369000000000000000e+03,-3.060400000000000000e+04,-4.144000000000000000e+03,-2.889700000000000000e+04,-5.842000000000000000e+03,5.460000000000000000e+02,-2.677200000000000000e+04
1.203000000000000000e+03,-1.292100000000000000e+04,-2.178400000000000000e+04,-9.920000000000000000e+03,-3.499000000000000000e+03,-1.519800000000000000e+04,-3.117600000000000000e+04,-2.849500000000000000e+04
-2.514800000000000000e+04,-3.352000000000000000e+04,-1.319600000000000000e+04,-3.673600000000000000e+04,-1.466900000000000000e+04,-2.954400000000000000e+04,-2.365400000000000000e+04,1.490200000000000000e+04
-1.753100000000000000e+04,7.866000000000000000e+03,-2.441600000000000000e+04,-2.578100000000000000e+04,-3.098500000000000000e+04,-1.119700000000000000e+04,-8.200000000000000000e+03,-3.627600000000000000e+04
1.651000000000000000e+03,-1.133800000000000000e+04,-2.349200000000000000e+04,8.132000000000000000e+03,-4.488800000000000000e+04,-1.901800000000000000e+04,-3.397600000000000000e+04,-3.428000000000000000e+04
-5.410000000000000000e+02,-1.378200000000000000e+04,9.899000000000000000e+03,1.100500000000000000e+04,-8.688000000000000000e+03,-2.102800000000000000e+04,-3.784500000000000000e+04,-4.834800000000000000e+04
-2.409300000000000000e+04,-1.943100000000000000e+04,-1.286000000000000000e+03,-2.497900000000000000e+04,-2.536200000000000000e+04,-3.618200000000000000e+04,-3.596000000000000000e+03,-3.582800000000000000e+04
-2.452400000000000000e+04,-2.076000000000000000e+04,5.392000000000000000e+03,-2.879700000000000000e+04,-2.116300000000000000e+04,-3.346600000000000000e+04,-2.047000000000000000e+04,2.260000000000000000e+03
1.306000000000000000e+03,-1.174300000000000000e+04,-1.376400000000000000e+04,-1.622000000000000000e+04,8.086000000000000000e+03,-1.985300000000000000e+04,-1.606900000000000000e+04,-2.824200000000000000e+04
8.830000000000000000e+02,-3.227500000000000000e+04,-2.099500000000000000e+04,-3.002600000000000000e+04,1.335300000000000000e+04,-1.660400000000000000e+04,-3.334900000000000000e+04,-4.106600000000000000e+04
-2.139200000000000000e+04,-2.898900000000000000e+04,-2.202200000000000000e+04,2.957600000000000000e+04,-2.964300000000000000e+04,-1.389000000000000000e+04,-1.200600000000000000e+04,-4.002800000000000000e+04
-2.305300000000000000e+04,1.023400000000000000e+04,-7.163000000000000000e+03,-1.706800000000000000e+04,-3.146600000000000000e+04,-2.158500000000000000e+04,-2.037000000000000000e+04,-2.661800000000000000e+04
-2.219200000000000000e+04,-1.373500000000000000e+04,2.164900000000000000e+04,-1.758700000000000000e+04,-1.707800000000000000e+04,-3.093900000000000000e+04,-1.836300000000000000e+04,-1.616800000000000000e+04
-2.382300000000000000e+04,1.272100000000000000e+04,-3.190300000000000000e+04,-3.423000000000000000e+04,-3.084700000000000000e+04,-4.882000000000000000e+03,-2.163900000000000000e+04,-2.050700000000000000e+04
-1.265100000000000000e+04,-2.146900000000000000e+04,-1.602100000000000000e+04,-4.242500000000000000e+04,-1.323500000000000000e+04,-2.845900000000000000e+04,-1.626100000000000000e+04,1.457800000000000000e+04
-3.622500000000000000e+04,-2.259900000000000000e+04,-9.495000000000000000e+03,-2.727900000000000000e+04,-2.225300000000000000e+04,-3.338300000000000000e+04,-2.823900000000000000e+04,2.426200000000000000e+04
-3.531400000000000000e+04,-2.239500000000000000e+04,1.444700000000000000e+04,-2.705900000000000000e+04,-2.539600000000000000e+04,-4.140300000000000000e+04,-3.057200000000000000e+04,-1.986000000000000000e+03
-2.356300000000000000e+04,-2.394500000000000000e+04,-1.951000000000000000e+04,-2.307300000000000000e+04,-8.989000000000000000e+03,1.749500000000000000e+04,-1.602700000000000000e+04,-2.188500000000000000e+04
4.097000000000000000e+03,-2.521700000000000000e+04,-2.132400000000000000e+04,3.473000000000000000e+03,-1.283600000000000000e+04,-7.320000000000000000e+03,-3.117000000000000000e+04,-5.097200000000000000e+04
-1.763600000000000000e+04,-2.187300000000000000e+04,-1.696500000000000000e+04,-2.372100000000000000e+04,4.775000000000000000e+03,-3.219500000000000000e+04,-1.548700000000000000e+04,-1.732400000000000000e+04
-2.374800000000000000e+04,-1.743300000000000000e+04,-4.544000000000000000e+03,-2.362000000000000000e+04,-2.525100000000000000e+04,-2.215600000000000000e+04,-2.744900000000000000e+04,1.549200000000000000e+04
-1.978600000000000000e+04,-1.366700000000000000e+04,-5.348000000000000000e+03,3.961000000000000000e+03,-4.001900000000000000e+04,1.823000000000000000e+03,-2.546300000000000000e+04,-4.291200000000000000e+04
-2.570700000000000000e+04,-2.917700000000000000e+04,2.388200000000000000e+04,-1.502600000000000000e+04,7.004000000000000000e+03,-3.858900000000000000e+04,-2.301100000000000000e+04,-2.461200000000000000e+04
-1.822800000000000000e+04,-1.303800000000000000e+04,-1.416900000000000000e+04,-2.409800000000000000e+04,-2.394700000000000000e+04,5.410000000000000000e+02,1.694500000000000000e+04,-2.764800000000000000e+04
-1.961900000000000000e+04,-1.109500000000000000e+04,1.362900000000000000e+04,-5.336000000000000000e+03,-1.244200000000000000e+04,-1.940600000000000000e+04,-3.019200000000000000e+04,-3.442400000000000000e+04
-1.039600000000000000e+04,-1.131700000000000000e+04,-2.965600000000000000e+04,6.312000000000000000e+03,-1.920800000000000000e+04,-2.960000000000000000e+02,-1.297200000000000000e+04,-2.392800000000000000e+04
-7.148000000000000000e+03,-1.286300000000000000e+04,-2.020000000000000000e+04,1.271400000000000000e+04,-2.510000000000000000e+02,-9.673000000000000000e+03,-2.189800000000000000e+04,-2.606900000000000000e+04
-2.897500000000000000e+04,-3.967000000000000000e+03,-1.630900000000000000e+04,-3.104000000000000000e+04,-1.898200000000000000e+04,-1.642100000000000000e+04,7.716000000000000000e+03,-4.036000000000000000e+04
-1.105900000000000000e+04,-9.162000000000000000e+03,-3.263500000000000000e+04,-2.326800000000000000e+04,-2.731100000000000000e+04,8.919000000000000000e+03,-6.613000000000000000e+03,-3.147600000000000000e+04
-5.534000000000000000e+03,-2.076900000000000000e+04,-2.100100000000000000e+04,-3.161900000000000000e+04,-1.097800000000000000e+04,-2.506500000000000000e+04,2.833000000000000000e+03,-3.445000000000000000e+03
-3.334300000000000000e+04,-1.113700000000000000e+04,-2.753800000000000000e+04,-1.750100000000000000e+04,-1.292200000000000000e+04,-1.031800000000000000e+04,7.430000000000000000e+03,-2.863400000000000000e+04
9.934000000000000000e+03,-2.493400000000000000e+04,-2.337300000000000000e+04,4.094000000000000000e+03,-2.674800000000000000e+04,-1.263900000000000000e+04,-2.652500000000000000e+04,-4.164800000000000000e+04
-2.896000000000000000e+03,-1.528300000000000000e+04,-1.641400000000000000e+04,-7.105000000000000000e+03,-1.641400000000000000e+04,-1.330000000000000000e+02,-2.095000000000000000e+04,-3.374200000000000000e+04
-3.453300000000000000e+04,-1.011800000000000000e+04,-1.044900000000000000e+04,-4.765000000000000000e+03,-3.696900000000000000e+04,-2.040200000000000000e+04,6.420000000000000000e+02,-4.747300000000000000e+04
2.524000000000000000e+03,-2.374700000000000000e+04,-8.099000000000000000e+03,-6.052000000000000000e+03,-6.969000000000000000e+03,4.708000000000000000e+03,-1.798100000000000000e+04,-1.718000000000000000e+03
-1.793300000000000000e+04,-1.809700000000000000e+04,-1.513000000000000000e+04,-1.394600000000000000e+04,-2.337300000000000000e+04,-2.353800000000000000e+04,2.659300000000000000e+04,-2.401300000000000000e+04
-2.752700000000000000e+04,-2.015700000000000000e+04,-2.508000000000000000e+04,4.250000000000000000e+03,-5.182500000000000000e+04,1.511700000000000000e+04,-1.192100000000000000e+04,-5.438700000000000000e+04
-2.788300000000000000e+04,-1.398700000000000000e+04,-1.982500000000000000e+04,-3.946100000000000000e+04,-1.975900000000000000e+04,-3.032000000000000000e+04,-2.988500000000000000e+04,1.315300000000000000e+04
-1.283000000000000000e+04,-3.015200000000000000e+04,-1.704900000000000000e+04,4.115000000000000000e+03,-6.309000000000000000e+03,-2.567000000000000000e+03,-2.015400000000000000e+04,-4.474300000000000000e+04
-1.199500000000000000e+04,1.168600000000000000e+04,-1.843700000000000000e+04,-3.220600000000000000e+04,-2.687400000000000000e+04,-1.895900000000000000e+04,-2.013600000000000000e+04,-3.345700000000000000e+04
-4.015800000000000000e+04,-3.310600000000000000e+04,-1.385300000000000000e+04,-5.415100000000000000e+04,-3.783000000000000000e+04,-1.963400000000000000e+04,-1.182100000000000000e+04,1.795100000000000000e+04
-1.390500000000000000e+04,1.279200000000000000e+04,-1.908400000000000000e+04,-2.817800000000000000e+04,-2.005000000000000000e+04,-1.985200000000000000e+04,-1.081000000000000000e+03,-3.534000000000000000e+04
-8.722000000000000000e+03,-2.002600000000000000e+04,-1.647200000000000000e+04,-2.708000000000000000e+04,1.457300000000000000e+04,-4.452000000000000000e+03,-2.242300000000000000e+04,-2.459200000000000000e+04
-3.434900000000000000e+04,-1.756400000000000000e+04,-1.240900000000000000e+04,-2.931600000000000000e+04,-3.409600000000000000e+04,-3.794100000000000000e+04,-2.261300000000000000e+04,1.602400000000000000e+04
-2.265800000000000000e+04,-1.850800000000000000e+04,1.385400000000000000e+04,-2.066700000000000000e+04,-5.396000000000000000e+03,-3.255200000000000000e+04,-2.509300000000000000e+04,-8.800000000000000000e+03
-4.869100000000000000e+04,-2.405600000000000000e+04,1.931800000000000000e+04,-5.208000000000000000e+03,-3.380200000000000000e+04,-3.805900000000000000e+04,-1.024000000000000000e+04,-1.508200000000000000e+04
-1.516600000000000000e+04,-1.735500000000000000e+04,-1.464700000000000000e+04,-2.227500000000000000e+04,6.122000000000000000e+03,-3.169600000000000000e+04,-2.998600000000000000e+04,-9.711000000000000000e+03
4.802000000000000000e+03,-2.506100000000000000e+04,-2.068500000000000000e+04,-1.267200000000000000e+04,-6.833000000000000000e+03,-3.430000000000000000e+02,-2.679100000000000000e+04,-4.971900000000000000e+04
-1.882100000000000000e+04,-2.094000000000000000e+04,-3.141300000000000000e+04,1.670000000000000000e+03,-4.110200000000000000e+04,4.159000000000000000e+03,-2.021300000000000000e+04,-2.754800000000000000e+04
-2.223000000000000000e+03,-1.504100000000000000e+04,-1.660200000000000000e+04,-1.190600000000000000e+04,-1.416200000000000000e+04,-5.922000000000000000e+03,-1.015000000000000000e+04,-1.900100000000000000e+04
-1.560100000000000000e+04,-1.073200000000000000e+04,-1.942000000000000000e+04,-8.087000000000000000e+03,-2.656000000000000000e+04,-8.033000000000000000e+03,2.068000000000000000e+03,-5.216400000000000000e+04
-1.097100000000000000e+04,-3.176400000000000000e+04,-2.542000000000000000e+04,6.444000000000000000e+03,-1.999100000000000000e+04,1.744100000000000000e+04,-2.054100000000000000e+04,-2.657000000000000000e+04
-2.852200000000000000e+04,-5.080000000000000000e+02,-2.851200000000000000e+04,-1.536600000000000000e+04,-3.657700000000000000e+04,-1.962900000000000000e+04,-6.070000000000000000e+03,-3.985600000000000000e+04
-1.551900000000000000e+04,-2.548200000000000000e+04,-8.665000000000000000e+03,-3.009400000000000000e+04,1.877000000000000000e+04,-2.545500000000000000e+04,-4.052400000000000000e+04,-2.912000000000000000e+04
-2.562900000000000000e+04,9.093000000000000000e+03,-2.240400000000000000e+04,-1.106800000000000000e+04,-3.631700000000000000e+04,-1.357800000000000000e+04,-2.198400000000000000e+04,-3.764400000000000000e+04
-3.045800000000000000e+04,-1.300000000000000000e+04,7.788000000000000000e+03,-1.457400000000000000e+04,-2.074400000000000000e+04,-2.379900000000000000e+04,-1.447400000000000000e+04,-1.257300000000000000e+04
-2.913500000000000000e+04,1.698700000000000000e+04,-2.516400000000000000e+04,-5.203000000000000000e+03,-4.426400000000000000e+04,-1.992900000000000000e+04,-1.636300000000000000e+04,-4.054600000000000000e+04
-1.645600000000000000e+04,-4.238000000000000000e+03,-2.351600000000000000e+04,-2.049000000000000000e+04,-2.391900000000000000e+04,-2.065300000000000000e+04,-3.998000000000000000e+03,-2.757200000000000000e+04
-3.516200000000000000e+04,-1.864400000000000000e+04,1.018000000000000000e+03,-1.903300000000000000e+04,-2.567700000000000000e+04,-2.327800000000000000e+04,1.632000000000000000e+03,-2.249800000000000000e+04
-2.402400000000000000e+04,-1.747500000000000000e+04,-1.136500000000000000e+04,-1.984300000000000000e+04,-3.482800000000000000e+04,-1.098400000000000000e+04,1.959100000000000000e+04,-2.044500000000000000e+04
-7.233000000000000000e+03,1.388500000000000000e+04,-3.519400000000000000e+04,-1.899900000000000000e+04,-3.567400000000000000e+04,-5.036000000000000000e+03,-2.262200000000000000e+04,-3.146200000000000000e+04
-3.131000000000000000e+03,-1.600600000000000000e+04,-2.648800000000000000e+04,-1.080500000000000000e+04,3.832000000000000000e+03,-1.820500000000000000e+04,-2.239200000000000000e+04,-2.806800000000000000e+04
-1.057400000000000000e+04,1.303000000000000000e+04,-2.119100000000000000e+04,-1.495400000000000000e+04,-4.681900000000000000e+04,-2.210100000000000000e+04,-1.112500000000000000e+04,-2.975300000000000000e+04
-1.808000000000000000e+03,1.869700000000000000e+04,-2.049100000000000000e+04,-2.557500000000000000e+04,-4.450800000000000000e+04,-2.127300000000000000e+04,-3.340000000000000000e+04,-2.293800000000000000e+04
-1.438800000000000000e+04,-1.471700000000000000e+04,-1.311100000000000000e+04,9.810000000000000000e+02,-4.117100000000000000e+04,-8.484000000000000000e+03,-1.310600000000000000e+04,-4.076100000000000000e+04
-1.799200000000000000e+04,1.551600000000000000e+04,-2.195800000000000000e+04,-2.757900000000000000e+04,-4.448200000000000000e+04,-2.179400000000000000e+04,-2.566900000000000000e+04,-2.610000000000000000e+04
-3.053700000000000000e+04,2.410300000000000000e+04,-1.923400000000000000e+04,-2.585500000000000000e+04,-2.989000000000000000e+04,-2.194900000000000000e+04,-1.745800000000000000e+04,-3.356600000000000000e+04
-3.293600000000000000e+04,-2.586200000000000000e+04,-1.868100000000000000e+04,-2.972900000000000000e+04,-2.811400000000000000e+04,-2.592900000000000000e+04,2.786400000000000000e+04,-2.518200000000000000e+04
-4.431000000000000000e+04,-2.453400000000000000e+04,1.474800000000000000e+04,-1.362000000000000000e+04,-3.358500000000000000e+04,-2.547600000000000000e+04,-9.884000000000000000e+03,-1.666200000000000000e+04
-2.017400000000000000e+04,1.741300000000000000e+04,-2.737600000000000000e+04,-1.837500000000000000e+04,-4.125500000000000000e+04,-1.225200000000000000e+04,-1.651400000000000000e+04,-2.088300000000000000e+04
1.172700000000000000e+04,-1.514000000000000000e+04,-6.836000000000000000e+03,-1.134800000000000000e+04,-1.693300000000000000e+04,-1.349700000000000000e+04,-2.325300000000000000e+04,-3.225900000000000000e+04
-2.512400000000000000e+04,-5.903000000000000000e+03,-7.509000000000000000e+03,-1.157500000000000000e+04,-3.432000000000000000e+04,-9.024000000000000000e+03,2.535000000000000000e+03,-2.189200000000000000e+04
-2.945400000000000000e+04,1.400200000000000000e+04,-2.906200000000000000e+04,-2.249500000000000000e+04,-5.605300000000000000e+04,-2.563400000000000000e+04,-1.981400000000000000e+04,-3.602600000000000000e+04
-1.487900000000000000e+04,-2.017300000000000000e+04,-1.990700000000000000e+04,-4.237000000000000000e+04,-2.352200000000000000e+04,-3.219900000000000000e+04,-2.123500000000000000e+04,1.661900000000000000e+04
-1.292500000000000000e+04,-1.955500000000000000e+04,-9.070000000000000000e+03,-1.990900000000000000e+04,1.059000000000000000e+04,-3.271300000000000000e+04,-4.003600000000000000e+04,-3.308300000000000000e+04
-1.301400000000000000e+04,6.969000000000000000e+03,-1.733000000000000000e+04,-3.577900000000000000e+04,-3.162100000000000000e+04,-1.510600000000000000e+04,-2.009600000000000000e+04,-3.082000000000000000e+04
-1.410800000000000000e+04,1.499800000000000000e+04,-2.369300000000000000e+04,-2.332400000000000000e+04,-4.765300000000000000e+04,-3.022700000000000000e+04,-2.923300000000000000e+04,-1.460200000000000000e+04
-7.502000000000000000e+03,-1.776300000000000000e+04,-2.385700000000000000e+04,2.344000000000000000e+03,-2.174700000000000000e+04,4.498000000000000000e+03,-2.418500000000000000e+04,-2.977700000000000000e+04
-1.643000000000000000e+04,1.815000000000000000e+04,-2.226400000000000000e+04,-2.510800000000000000e+04,-3.600100000000000000e+04,-6.314000000000000000e+03,-2.268700000000000000e+04,-1.621900000000000000e+04
-9.854000000000000000e+03,-1.746400000000000000e+04,-1.043900000000000000e+04,-1.057900000000000000e+04,1.232000000000000000e+03,-1.215100000000000000e+04,-2.324700000000000000e+04,-3.625900000000000000e+04
4.158000000000000000e+03,-2.753500000000000000e+04,-1.408000000000000000e+04,-4.112000000000000000e+03,-3.019000000000000000e+03,-1.842400000000000000e+04,-3.348500000000000000e+04,-5.069600000000000000e+04
-3.320300000000000000e+04,-2.214700000000000000e+04,-2.656800000000000000e+04,-2.438200000000000000e+04,-2.764100000000000000e+04,-2.980200000000000000e+04,-2.087600000000000000e+04,7.261000000000000000e+03
-9.981000000000000000e+03,9.448000000000000000e+03,-3.023200000000000000e+04,-1.531200000000000000e+04,-3.720700000000000000e+04,-2.787900000000000000e+04,-1.683800000000000000e+04,-6.576000000000000000e+03
-2.706000000000000000e+04,-9.254000000000000000e+03,-1.189900000000000000e+04,-2.729500000000000000e+04,-1.739000000000000000e+04,-1.552100000000000000e+04,1.368400000000000000e+04,-9.474000000000000000e+03
-3.343700000000000000e+04,-3.249800000000000000e+04,-1.932800000000000000e+04,-4.363200000000000000e+04,-2.823600000000000000e+04,-2.543900000000000000e+04,-3.099600000000000000e+04,1.928000000000000000e+04
-2.257800000000000000e+04,-1.744500000000000000e+04,-1.896600000000000000e+04,1.221000000000000000e+03,-3.338500000000000000e+04,1.690900000000000000e+04,-2.044900000000000000e+04,-3.511000000000000000e+04
-1.540600000000000000e+04,-2.092100000000000000e+04,-2.149000000000000000e+04,7.838000000000000000e+03,-3.624300000000000000e+04,5.051000000000000000e+03,-2.770000000000000000e+04,-2.845300000000000000e+04
-3.057900000000000000e+04,-2.288800000000000000e+04,-2.722900000000000000e+04,-3.284200000000000000e+04,-2.779100000000000000e+04,-2.892500000000000000e+04,-1.891500000000000000e+04,2.392900000000000000e+04
2.215000000000000000e+03,-1.180000000000000000e+04,-4.983000000000000000e+03,-7.698000000000000000e+03,-1.315700000000000000e+04,-2.837400000000000000e+04,-2.013400000000000000e+04,-3.973400000000000000e+04
-2.092500000000000000e+04,-7.434000000000000000e+03,-1.289000000000000000e+04,-6.168000000000000000e+03,-1.826800000000000000e+04,-6.672000000000000000e+03,-4.492000000000000000e+03,-3.436600000000000000e+04
-1.468000000000000000e+04,-8.960000000000000000e+03,-3.058600000000000000e+04,-3.502100000000000000e+04,-4.135200000000000000e+04,-3.749000000000000000e+03,-1.097300000000000000e+04,-2.947700000000000000e+04
-2.080000000000000000e+04,-1.535200000000000000e+04,-1.056100000000000000e+04,-1.092600000000000000e+04,-3.713000000000000000e+04,1.171000000000000000e+04,-1.886000000000000000e+04,-2.920400000000000000e+04
-2.822200000000000000e+04,-7.285000000000000000e+03,-2.601200000000000000e+04,-3.304600000000000000e+04,-1.561800000000000000e+04,-1.748300000000000000e+04,2.462000000000000000e+04,-2.980900000000000000e+04
-2.754800000000000000e+04,-1.488100000000000000e+04,-2.665500000000000000e+04,-2.417500000000000000e+04,-2.074400000000000000e+04,-1.989100000000000000e+04,2.358600000000000000e+04,-2.686300000000000000e+04
-8.461000000000000000e+03,-1.765800000000000000e+04,-2.122800000000000000e+04,-1.885200000000000000e+04,-1.347900000000000000e+04,-1.547900000000000000e+04,1.850900000000000000e+04,-2.359600000000000000e+04
-1.640300000000000000e+04,4.112000000000000000e+03,-1.681500000000000000e+04,-4.842000000000000000e+03,-9.493000000000000000e+03,-1.713600000000000000e+04,-8.263000000000000000e+03,-3.725300000000000000e+04
-2.146700000000000000e+04,-1.389000000000000000e+03,-1.528900000000000000e+04,-3.097000000000000000e+03,-2.030600000000000000e+04,-1.389200000000000000e+04,-1.791500000000000000e+04,-2.617800000000000000e+04
-4.815800000000000000e+04,-2.402300000000000000e+04,-8.360000000000000000e+02,-4.550100000000000000e+04,-2.962200000000000000e+04,-5.029500000000000000e+04,-2.969400000000000000e+04,9.287000000000000000e+03
-3.968900000000000000e+04,-1.809700000000000000e+04,-7.386000000000000000e+03,-1.439000000000000000e+04,-3.147900000000000000e+04,-3.777300000000000000e+04,-2.064000000000000000e+04,1.628000000000000000e+04
-1.262900000000000000e+04,1.611300000000000000e+04,-2.214000000000000000e+04,-1.589300000000000000e+04,-4.345100000000000000e+04,-7.297000000000000000e+03,-3.083600000000000000e+04,-3.604300000000000000e+04
-1.950300000000000000e+04,-1.312700000000000000e+04,-2.486700000000000000e+04,-1.923600000000000000e+04,-2.300300000000000000e+04,-2.189000000000000000e+04,-1.088000000000000000e+04,1.419000000000000000e+04
-2.432400000000000000e+04,1.594100000000000000e+04,-1.513900000000000000e+04,-1.996800000000000000e+04,-5.690100000000000000e+04,-2.617800000000000000e+04,-2.465800000000000000e+04,-5.342300000000000000e+04
-4.102000000000000000e+03,-2.239700000000000000e+04,-2.574300000000000000e+04,-1.220000000000000000e+04,-8.825000000000000000e+03,5.280000000000000000e+03,-1.483400000000000000e+04,-2.095500000000000000e+04
-9.614000000000000000e+03,-2.043100000000000000e+04,-9.514000000000000000e+03,-2.202000000000000000e+03,5.810000000000000000e+02,-1.706200000000000000e+04,-2.262800000000000000e+04,-3.956100000000000000e+04
-2.252100000000000000e+04,-1.521800000000000000e+04,-1.010900000000000000e+04,-3.272800000000000000e+04,-2.578000000000000000e+04,-1.670500000000000000e+04,-1.806400000000000000e+04,-5.367000000000000000e+03
-2.495200000000000000e+04,-5.366000000000000000e+03,-2.261800000000000000e+04,6.325000000000000000e+03,-4.491200000000000000e+04,7.224000000000000000e+03,-2.016800000000000000e+04,-4.225500000000000000e+04
-4.705300000000000000e+04,-3.212100000000000000e+04,-1.294500000000000000e+04,-3.195400000000000000e+04,-4.110800000000000000e+04,-3.918300000000000000e+04,-2.891900000000000000e+04,1.524700000000000000e+04
-1.098400000000000000e+04,1.095000000000000000e+04,-2.186100000000000000e+04,-1.508400000000000000e+04,-3.760400000000000000e+04,-1.863100000000000000e+04,-1.218700000000000000e+04,-2.868900000000000000e+04
-1.455600000000000000e+04,-1.495300000000000000e+04,-1.006700000000000000e+04,-2.979400000000000000e+04,-9.398000000000000000e+03,-2.326700000000000000e+04,6.967000000000000000e+03,-2.310000000000000000e+04
-2.018400000000000000e+04,-9.676000000000000000e+03,-1.518800000000000000e+04,8.106000000000000000e+03,-2.625300000000000000e+04,-1.252200000000000000e+04,-1.785700000000000000e+04,-4.931700000000000000e+04
-2.425100000000000000e+04,-1.270200000000000000e+04,-2.193400000000000000e+04,-1.431600000000000000e+04,-3.830400000000000000e+04,-5.681000000000000000e+03,-1.108000000000000000e+03,-2.763100000000000000e+04
-3.121900000000000000e+04,-1.359600000000000000e+04,1.202600000000000000e+04,-6.290000000000000000e+02,-2.321100000000000000e+04,-2.828200000000000000e+04,-1.514000000000000000e+04,-3.372500000000000000e+04
-2.576400000000000000e+04,-1.885200000000000000e+04,-9.342000000000000000e+03,-2.365200000000000000e+04,-2.201300000000000000e+04,-2.660800000000000000e+04,-8.483000000000000000e+03,7.399000000000000000e+03
-1.675400000000000000e+04,-1.926700000000000000e+04,-2.665800000000000000e+04,8.938000000000000000e+03,-7.623000000000000000e+03,-5.788000000000000000e+03,-2.013800000000000000e+04,-2.866300000000000000e+04
-1.821700000000000000e+04,-1.734000000000000000e+03,-1.833900000000000000e+04,-4.483000000000000000e+03,-3.092300000000000000e+04,-1.551500000000000000e+04,5.690000000000000000e+02,-2.578600000000000000e+04
-2.053800000000000000e+04,-2.433300000000000000e+04,-2.994000000000000000e+04,-3.424300000000000000e+04,-1.986800000000000000e+04,-2.792600000000000000e+04,-1.377300000000000000e+04,2.999000000000000000e+04
-6.748000000000000000e+03,5.904000000000000000e+03,-2.759000000000000000e+03,-1.551600000000000000e+04,-5.035700000000000000e+04,-1.458400000000000000e+04,-1.371000000000000000e+03,-3.805000000000000000e+04
-1.524800000000000000e+04,-2.110100000000000000e+04,-2.343900000000000000e+04,-2.102300000000000000e+04,3.335000000000000000e+03,-1.834700000000000000e+04,-1.457700000000000000e+04,-1.636800000000000000e+04
-2.537000000000000000e+04,-1.890500000000000000e+04,-3.336200000000000000e+04,-5.359000000000000000e+03,3.020000000000000000e+03,1.831200000000000000e+04,-1.049700000000000000e+04,-2.105700000000000000e+04
-1.981100000000000000e+04,-1.063100000000000000e+04,-1.427900000000000000e+04,2.808000000000000000e+03,-2.677200000000000000e+04,-8.649000000000000000e+03,-2.373500000000000000e+04,-2.849100000000000000e+04
-2.275100000000000000e+04,-3.995000000000000000e+03,-2.063800000000000000e+04,-1.444500000000000000e+04,-3.095000000000000000e+04,-1.776500000000000000e+04,9.388000000000000000e+03,-2.157500000000000000e+04
-3.968200000000000000e+04,-1.306200000000000000e+04,-1.675400000000000000e+04,-1.472600000000000000e+04,-2.524600000000000000e+04,-2.272300000000000000e+04,2.095200000000000000e+04,-2.652700000000000000e+04
-7.558000000000000000e+03,3.096000000000000000e+03,-1.767800000000000000e+04,-9.407000000000000000e+03,-2.898700000000000000e+04,-1.040800000000000000e+04,-6.990000000000000000e+03,-3.892000000000000000e+04
-1.903300000000000000e+04,-1.615700000000000000e+04,-1.135100000000000000e+04,-1.375100000000000000e+04,-3.303400000000000000e+04,-1.424400000000000000e+04,7.346000000000000000e+03,-2.901100000000000000e+04
-2.298000000000000000e+03,-6.640000000000000000e+03,-1.207400000000000000e+04,-9.650000000000000000e+02,-1.885100000000000000e+04,-1.304500000000000000e+04,-1.402200000000000000e+04,-3.129700000000000000e+04
-2.575700000000000000e+04,-1.350800000000000000e+04,-1.387900000000000000e+04,3.542000000000000000e+03,-1.646500000000000000e+04,-2.068600000000000000e+04,7.697000000000000000e+03,-3.850900000000000000e+04
-2.443000000000000000e+04,1.692200000000000000e+04,-2.252500000000000000e+04,-1.130200000000000000e+04,-3.156500000000000000e+04,-2.445600000000000000e+04,-1.402200000000000000e+04,-1.118500000000000000e+04
-3.105900000000000000e+04,-1.524000000000000000e+03,-2.597500000000000000e+04,-2.076700000000000000e+04,-4.808600000000000000e+04,-1.150000000000000000e+02,-1.678200000000000000e+04,-2.907300000000000000e+04
-1.261000000000000000e+04,7.643000000000000000e+03,-2.140100000000000000e+04,-1.028000000000000000e+03,-2.641500000000000000e+04,-1.390200000000000000e+04,-8.504000000000000000e+03,-5.031400000000000000e+04
-2.319300000000000000e+04,-1.142500000000000000e+04,-3.079100000000000000e+04,-8.600000000000000000e+01,-3.397200000000000000e+04,2.189600000000000000e+04,-2.018300000000000000e+04,-2.777500000000000000e+04
-2.834100000000000000e+04,-2.540400000000000000e+04,-8.987000000000000000e+03,-2.004500000000000000e+04,-1.567800000000000000e+04,-1.154700000000000000e+04,-1.491200000000000000e+04,-2.277200000000000000e+04
-2.078000000000000000e+04,-1.412700000000000000e+04,-4.681000000000000000e+03,-2.447400000000000000e+04,-2.106100000000000000e+04,-2.673300000000000000e+04,4.616000000000000000e+03,-1.968100000000000000e+04
5.063000000000000000e+03,-2.573000000000000000e+04,-1.084600000000000000e+04,-5.220000000000000000e+03,-1.250400000000000000e+04,-5.257000000000000000e+03,-2.761200000000000000e+04,-4.187000000000000000e+04
-3.217000000000000000e+04,-1.451700000000000000e+04,-1.588900000000000000e+04,-2.816200000000000000e+04,-2.120700000000000000e+04,1.754400000000000000e+04,-2.060800000000000000e+04,1.930000000000000000e+03
-1.014800000000000000e+04,-1.004300000000000000e+04,-1.109200000000000000e+04,-2.951100000000000000e+04,-2.914400000000000000e+04,-1.550600000000000000e+04,3.304000000000000000e+03,-3.981300000000000000e+04
-1.414300000000000000e+04,-2.596300000000000000e+04,-1.989000000000000000e+04,1.208000000000000000e+03,-3.257700000000000000e+04,1.813400000000000000e+04,-2.095700000000000000e+04,-4.961500000000000000e+04
-1.698600000000000000e+04,-2.399700000000000000e+04,-2.889900000000000000e+04,-2.196000000000000000e+03,-2.195700000000000000e+04,-1.098500000000000000e+04,-1.547800000000000000e+04,-2.113700000000000000e+04
-2.642800000000000000e+04,2.341800000000000000e+04,-2.101000000000000000e+04,-1.916200000000000000e+04,-5.325000000000000000e+04,-2.068500000000000000e+04,-2.863100000000000000e+04,-4.228000000000000000e+04
-2.749300000000000000e+04,1.149400000000000000e+04,-1.199400000000000000e+04,-1.684200000000000000e+04,-4.423600000000000000e+04,-1.704100000000000000e+04,-2.351500000000000000e+04,-3.461000000000000000e+04
-2.791100000000000000e+04,-2.887600000000000000e+04,-1.741800000000000000e+04,-1.662400000000000000e+04,2.401000000000000000e+04,-4.579500000000000000e+04,-3.361500000000000000e+04,-1.041600000000000000e+04
-2.298800000000000000e+04,-1.723800000000000000e+04,-1.646800000000000000e+04,-3.006000000000000000e+04,-1.688200000000000000e+04,-1.878600000000000000e+04,2.157000000000000000e+03,-5.691000000000000000e+03
-5.003000000000000000e+03,-1.522000000000000000e+04,-2.236900000000000000e+04,3.360000000000000000e+02,-2.158300000000000000e+04,-1.359700000000000000e+04,-2.246400000000000000e+04,-3.782200000000000000e+04
-1.667100000000000000e+04,-1.834400000000000000e+04,-9.304000000000000000e+03,9.770000000000000000e+03,-3.078100000000000000e+04,-1.017200000000000000e+04,-1.771600000000000000e+04,-4.469800000000000000e+04
-3.711800000000000000e+04,-1.964900000000000000e+04,-3.833000000000000000e+03,-3.694000000000000000e+04,-4.018300000000000000e+04,-3.818200000000000000e+04,-2.148100000000000000e+04,3.189000000000000000e+03
-2.547500000000000000e+04,-1.804400000000000000e+04,-2.397400000000000000e+04,-4.510400000000000000e+04,-1.649500000000000000e+04,-2.497800000000000000e+04,1.116100000000000000e+04,1.136200000000000000e+04
-1.238400000000000000e+04,-9.575000000000000000e+03,-2.023200000000000000e+04,-3.200000000000000000e+03,-2.586200000000000000e+04,-7.729000000000000000e+03,-1.621200000000000000e+04,-3.955600000000000000e+04
-2.271200000000000000e+04,-1.558900000000000000e+04,-2.845800000000000000e+04,-1.573900000000000000e+04,-3.188500000000000000e+04,-6.801000000000000000e+03,1.001900000000000000e+04,-2.015500000000000000e+04
-2.923000000000000000e+04,-3.438900000000000000e+04,6.758000000000000000e+03,-3.907800000000000000e+04,-2.954100000000000000e+04,-5.949900000000000000e+04,-3.346000000000000000e+04,2.217200000000000000e+04
-3.459100000000000000e+04,1.790000000000000000e+02,-2.336400000000000000e+04,-2.946900000000000000e+04,-3.893600000000000000e+04,2.695000000000000000e+03,-5.231000000000000000e+03,-2.284900000000000000e+04
3.436000000000000000e+03,-1.490900000000000000e+04,-2.172600000000000000e+04,4.482000000000000000e+03,-3.108200000000000000e+04,-1.006200000000000000e+04,-2.282800000000000000e+04,-3.583100000000000000e+04
-2.895000000000000000e+03,1.356700000000000000e+04,-1.117000000000000000e+04,-3.400700000000000000e+04,-4.953000000000000000e+04,-1.927000000000000000e+04,-1.159000000000000000e+04,-3.058300000000000000e+04
-1.134900000000000000e+04,-2.638500000000000000e+04,-1.780200000000000000e+04,7.780000000000000000e+03,-3.279300000000000000e+04,7.263000000000000000e+03,-2.867200000000000000e+04,-5.573500000000000000e+04
-4.527300000000000000e+04,-4.258900000000000000e+04,-1.597100000000000000e+04,-4.690200000000000000e+04,-3.594200000000000000e+04,-4.722500000000000000e+04,-3.051300000000000000e+04,1.070000000000000000e+04
-2.264200000000000000e+04,-2.380300000000000000e+04,-1.746600000000000000e+04,-2.195700000000000000e+04,-1.916300000000000000e+04,-1.990900000000000000e+04,-1.750800000000000000e+04,1.984700000000000000e+04
9.090000000000000000e+02,-2.809000000000000000e+04,-1.451200000000000000e+04,-7.502000000000000000e+03,8.133000000000000000e+03,-3.057900000000000000e+04,-3.218900000000000000e+04,-4.283100000000000000e+04
-3.295500000000000000e+04,-1.152000000000000000e+04,-1.924200000000000000e+04,-8.369000000000000000e+03,-2.656100000000000000e+04,-8.365000000000000000e+03,2.721000000000000000e+03,-2.374300000000000000e+04
-7.793000000000000000e+03,-6.832000000000000000e+03,-1.654000000000000000e+04,-1.135000000000000000e+03,-2.628300000000000000e+04,4.085000000000000000e+03,-3.107700000000000000e+04,-4.658400000000000000e+04
-1.870300000000000000e+04,-2.762900000000000000e+04,-1.790800000000000000e+04,3.445000000000000000e+03,-1.379400000000000000e+04,-1.736200000000000000e+04,-5.805000000000000000e+03,-3.631900000000000000e+04
-2.813600000000000000e+04,-5.295000000000000000e+03,-4.149000000000000000e+03,-4.641000000000000000e+03,-8.745000000000000000e+03,-1.591800000000000000e+04,9.895000000000000000e+03,-3.921900000000000000e+04
-2.620000000000000000e+03,-1.854700000000000000e+04,-3.118900000000000000e+04,-7.159000000000000000e+03,-1.498300000000000000e+04,1.866800000000000000e+04,-1.433700000000000000e+04,-1.502100000000000000e+04
-1.456700000000000000e+04,1.745700000000000000e+04,-3.715800000000000000e+04,-2.712600000000000000e+04,-5.424300000000000000e+04,-1.409700000000000000e+04,-3.561800000000000000e+04,-3.335100000000000000e+04
-3.487000000000000000e+04,-1.487000000000000000e+04,5.752000000000000000e+03,-1.071300000000000000e+04,-1.575500000000000000e+04,-2.003500000000000000e+04,-3.000000000000000000e+03,-3.033500000000000000e+04
-2.910100000000000000e+04,-2.300900000000000000e+04,-1.323300000000000000e+04,-5.960000000000000000e+03,-1.078400000000000000e+04,-8.472000000000000000e+03,-5.706000000000000000e+03,-2.520300000000000000e+04
-2.216900000000000000e+04,3.359000000000000000e+03,-1.877700000000000000e+04,-1.107500000000000000e+04,-3.239300000000000000e+04,-9.435000000000000000e+03,-2.817900000000000000e+04,-4.706700000000000000e+04
-2.096900000000000000e+04,-8.169000000000000000e+03,-1.416900000000000000e+04,-3.255600000000000000e+04,-1.815700000000000000e+04,-1.660500000000000000e+04,4.046000000000000000e+03,-1.663000000000000000e+03
-4.340000000000000000e+03,-1.756500000000000000e+04,-1.994400000000000000e+04,-4.749000000000000000e+03,-3.557000000000000000e+03,1.182400000000000000e+04,-2.333500000000000000e+04,-2.691800000000000000e+04
-8.342000000000000000e+03,-2.054400000000000000e+04,-5.654000000000000000e+03,-1.978000000000000000e+03,-3.883100000000000000e+04,-9.745000000000000000e+03,-1.468900000000000000e+04,-3.549000000000000000e+04
-1.893100000000000000e+04,-1.126100000000000000e+04,-8.060000000000000000e+03,-2.012800000000000000e+04,-1.464500000000000000e+04,-2.467200000000000000e+04,-2.893900000000000000e+04,9.430000000000000000e+02
-2.343000000000000000e+04,-1.884000000000000000e+04,-2.327100000000000000e+04,-1.731500000000000000e+04,-2.998200000000000000e+04,-6.923000000000000000e+03,1.934000000000000000e+04,-2.844100000000000000e+04
-2.573500000000000000e+04,-1.754000000000000000e+03,-2.104700000000000000e+04,-3.359000000000000000e+04,-2.777300000000000000e+04,-1.779100000000000000e+04,-1.645000000000000000e+04,1.114800000000000000e+04
-2.471900000000000000e+04,2.414600000000000000e+04,-1.684000000000000000e+04,-2.323200000000000000e+04,-4.327800000000000000e+04,-1.320100000000000000e+04,-2.070500000000000000e+04,-4.919600000000000000e+04
-2.636000000000000000e+04,-1.530200000000000000e+04,-1.342100000000000000e+04,6.576000000000000000e+03,-3.602400000000000000e+04,-4.130000000000000000e+02,-2.933900000000000000e+04,-4.014800000000000000e+04
-2.529000000000000000e+04,-1.028800000000000000e+04,-2.478000000000000000e+04,-1.713100000000000000e+04,-3.846300000000000000e+04,-1.857100000000000000e+04,1.671700000000000000e+04,-4.690600000000000000e+04
-2.259500000000000000e+04,2.475700000000000000e+04,-2.986900000000000000e+04,-1.506300000000000000e+04,-5.275100000000000000e+04,-1.828200000000000000e+04,-2.441000000000000000e+04,-4.069300000000000000e+04
-3.008900000000000000e+04,2.211900000000000000e+04,-1.825900000000000000e+04,-2.569900000000000000e+04,-3.903300000000000000e+04,-2.121000000000000000e+04,-2.634000000000000000e+04,-3.588200000000000000e+04
-3.341800000000000000e+04,-2.208800000000000000e+04,-7.129000000000000000e+03,-4.653000000000000000e+03,-7.257000000000000000e+03,-1.701000000000000000e+04,-3.343600000000000000e+04,-1.871400000000000000e+04
-1.870200000000000000e+04,-2.732300000000000000e+04,-1.789500000000000000e+04,-1.718300000000000000e+04,-2.674600000000000000e+04,-5.236000000000000000e+03,2.245000000000000000e+03,-2.897300000000000000e+04
-1.422600000000000000e+04,-1.235000000000000000e+04,-1.324800000000000000e+04,3.937000000000000000e+03,-3.430600000000000000e+04,1.530800000000000000e+04,-2.618700000000000000e+04,-2.532900000000000000e+04
-2.266000000000000000e+04,-1.535200000000000000e+04,-5.487000000000000000e+03,-3.975000000000000000e+04,-1.247800000000000000e+04,-3.160500000000000000e+04,-2.294300000000000000e+04,1.370000000000000000e+04
-6.045000000000000000e+03,-1.839800000000000000e+04,-1.337400000000000000e+04,1.213000000000000000e+03,6.380000000000000000e+02,-3.962700000000000000e+04,-2.687500000000000000e+04,-8.481000000000000000e+03
-1.976500000000000000e+04,-1.309100000000000000e+04,-9.365000000000000000e+03,-1.909500000000000000e+04,-1.760500000000000000e+04,-2.952000000000000000e+03,1.295200000000000000e+04,-3.047400000000000000e+04
-1.663700000000000000e+04,-2.239600000000000000e+04,-1.647700000000000000e+04,-2.419600000000000000e+04,-2.244400000000000000e+04,-2.110900000000000000e+04,-1.443500000000000000e+04,2.465400000000000000e+04
-1.687900000000000000e+04,-1.918000000000000000e+04,-2.305200000000000000e+04,1.241700000000000000e+04,-4.833900000000000000e+04,-5.780000000000000000e+02,-2.589700000000000000e+04,-2.769300000000000000e+04
-5.063000000000000000e+04,-3.077500000000000000e+04,-1.126100000000000000e+04,-4.532400000000000000e+04,-3.308200000000000000e+04,-3.604000000000000000e+04,-3.359400000000000000e+04,2.029400000000000000e+04
1.545000000000000000e+03,-1.570900000000000000e+04,-1.916200000000000000e+04,-4.811000000000000000e+03,-3.165100000000000000e+04,5.166000000000000000e+03,-3.321900000000000000e+04,-4.737900000000000000e+04
-1.529900000000000000e+04,-2.518800000000000000e+04,-1.997200000000000000e+04,-1.827300000000000000e+04,2.222300000000000000e+04,-2.127500000000000000e+04,-3.367100000000000000e+04,-2.199900000000000000e+04
-2.088300000000000000e+04,-1.068800000000000000e+04,-1.114000000000000000e+04,-2.107500000000000000e+04,-2.502400000000000000e+04,-2.022700000000000000e+04,1.204600000000000000e+04,-2.562800000000000000e+04
-1.566200000000000000e+04,-1.066800000000000000e+04,-7.801000000000000000e+03,-1.098200000000000000e+04,-2.282000000000000000e+03,-2.045600000000000000e+04,-1.362600000000000000e+04,-1.795900000000000000e+04
-2.668900000000000000e+04,-1.616400000000000000e+04,-2.040800000000000000e+04,-2.537100000000000000e+04,-8.740000000000000000e+03,-1.335700000000000000e+04,1.370300000000000000e+04,-6.824000000000000000e+03
-2.203200000000000000e+04,-1.441800000000000000e+04,-1.620500000000000000e+04,-1.042900000000000000e+04,-2.820900000000000000e+04,-1.833400000000000000e+04,1.445800000000000000e+04,-2.354100000000000000e+04
-3.470100000000000000e+04,-7.032000000000000000e+03,-2.318400000000000000e+04,-2.112200000000000000e+04,-3.732200000000000000e+04,-2.192600000000000000e+04,1.339600000000000000e+04,-4.245300000000000000e+04
-2.704800000000000000e+04,-2.146300000000000000e+04,-2.186400000000000000e+04,1.117500000000000000e+04,-3.344300000000000000e+04,-1.835000000000000000e+03,-1.829900000000000000e+04,-3.894700000000000000e+04
-3.248500000000000000e+04,-1.593400000000000000e+04,-1.900400000000000000e+04,1.313100000000000000e+04,-3.046700000000000000e+04,-2.237600000000000000e+04,-1.397300000000000000e+04,-4.027800000000000000e+04
1.407000000000000000e+03,-2.156600000000000000e+04,-1.439000000000000000e+04,-8.700000000000000000e+03,-1.400900000000000000e+04,-1.288500000000000000e+04,-3.290400000000000000e+04,-3.607900000000000000e+04
-1.386000000000000000e+03,-2.340300000000000000e+04,-2.128600000000000000e+04,1.852400000000000000e+04,-1.090900000000000000e+04,-1.552300000000000000e+04,-2.225100000000000000e+04,-3.631000000000000000e+04
-2.388800000000000000e+04,2.893000000000000000e+04,-2.236600000000000000e+04,-1.353600000000000000e+04,-5.138800000000000000e+04,-3.320900000000000000e+04,-2.743000000000000000e+04,-3.814400000000000000e+04
-2.103600000000000000e+04,-2.318200000000000000e+04,-6.830000000000000000e+03,-1.492200000000000000e+04,5.929000000000000000e+03,-2.684500000000000000e+04,-2.720000000000000000e+04,-1.742900000000000000e+04
-1.507600000000000000e+04,-3.678000000000000000e+03,-2.029200000000000000e+04,3.855000000000000000e+03,-3.153500000000000000e+04,-1.524900000000000000e+04,-7.856000000000000000e+03,-4.387100000000000000e+04
-1.313500000000000000e+04,-2.877800000000000000e+04,1.611000000000000000e+03,-2.107700000000000000e+04,1.684200000000000000e+04,-3.803600000000000000e+04,-2.850000000000000000e+04,-1.144500000000000000e+04
-1.035300000000000000e+04,-5.728000000000000000e+03,-9.734000000000000000e+03,-4.926000000000000000e+03,-1.799500000000000000e+04,-1.229900000000000000e+04,-2.864500000000000000e+04,-3.744600000000000000e+04
-2.860300000000000000e+04,-8.682000000000000000e+03,-2.045400000000000000e+04,4.067000000000000000e+03,-4.340500000000000000e+04,-9.662000000000000000e+03,-3.118600000000000000e+04,-3.098900000000000000e+04
-2.551500000000000000e+04,-1.008600000000000000e+04,-2.171800000000000000e+04,-3.231600000000000000e+04,-1.548300000000000000e+04,-2.361000000000000000e+03,1.788400000000000000e+04,-1.504600000000000000e+04
1.125000000000000000e+04,-2.305100000000000000e+04,-2.684500000000000000e+04,2.613000000000000000e+03,-3.278200000000000000e+04,-7.355000000000000000e+03,-3.246900000000000000e+04,-4.960400000000000000e+04
-2.534200000000000000e+04,1.172100000000000000e+04,-2.700500000000000000e+04,-1.932700000000000000e+04,-3.852100000000000000e+04,-1.465600000000000000e+04,-7.559000000000000000e+03,-3.871100000000000000e+04
-8.601000000000000000e+03,-9.956000000000000000e+03,-2.256400000000000000e+04,4.102000000000000000e+03,-2.114700000000000000e+04,-2.020500000000000000e+04,-2.912000000000000000e+04,-2.314100000000000000e+04
-3.294300000000000000e+04,-1.886200000000000000e+04,-2.216200000000000000e+04,-9.610000000000000000e+03,-3.982900000000000000e+04,1.434400000000000000e+04,6.281000000000000000e+03,-2.482200000000000000e+04
-2.035800000000000000e+04,-1.417700000000000000e+04,-1.146700000000000000e+04,-4.425000000000000000e+03,-4.929700000000000000e+04,7.082000000000000000e+03,-2.392200000000000000e+04,-4.137900000000000000e+04
-2.472900000000000000e+04,-1.359600000000000000e+04,1.951000000000000000e+03,-1.906000000000000000e+03,-6.452000000000000000e+03,-2.527600000000000000e+04,-1.243800000000000000e+04,-3.334100000000000000e+04
-2.251900000000000000e+04,-1.912200000000000000e+04,-1.377200000000000000e+04,-1.764200000000000000e+04,6.785000000000000000e+03,-2.560500000000000000e+04,-2.291700000000000000e+04,-1.919400000000000000e+04
-1.730000000000000000e+02,-2.948300000000000000e+04,-1.094600000000000000e+04,-1.264400000000000000e+04,7.473000000000000000e+03,-2.124000000000000000e+04,-3.260300000000000000e+04,-4.552900000000000000e+04
-1.116900000000000000e+04,-1.159700000000000000e+04,-5.011000000000000000e+03,5.051000000000000000e+03,-2.692200000000000000e+04,-4.716000000000000000e+03,-2.073700000000000000e+04,-2.407300000000000000e+04
-3.737000000000000000e+04,-1.974600000000000000e+04,-1.368800000000000000e+04,-3.273500000000000000e+04,-3.204100000000000000e+04,-4.044100000000000000e+04,-2.479000000000000000e+04,1.718900000000000000e+04
-3.214000000000000000e+03,-1.523800000000000000e+04,-8.314000000000000000e+03,-4.705000000000000000e+03,-2.184000000000000000e+04,-9.259000000000000000e+03,-2.227800000000000000e+04,-4.403100000000000000e+04
-1.190000000000000000e+04,-2.102900000000000000e+04,-9.768000000000000000e+03,4.996000000000000000e+03,-8.429000000000000000e+03,-1.622900000000000000e+04,-2.134600000000000000e+04,-1.530000000000000000e+04
-3.729400000000000000e+04,1.752500000000000000e+04,-9.918000000000000000e+03,-1.815400000000000000e+04,-6.004700000000000000e+04,-1.124200000000000000e+04,-1.761500000000000000e+04,-4.439500000000000000e+04
-2.393500000000000000e+04,-2.423100000000000000e+04,-6.338000000000000000e+03,-3.046400000000000000e+04,-2.471300000000000000e+04,-2.513200000000000000e+04,1.096800000000000000e+04,-1.961400000000000000e+04
3.213000000000000000e+03,-9.123000000000000000e+03,-2.359800000000000000e+04,-8.003000000000000000e+03,-1.718600000000000000e+04,4.208000000000000000e+03,-3.254000000000000000e+04,-4.406200000000000000e+04
-1.171600000000000000e+04,-1.098800000000000000e+04,5.770000000000000000e+03,-2.846600000000000000e+04,-9.575000000000000000e+03,-2.827600000000000000e+04,-6.353000000000000000e+03,-9.419000000000000000e+03
7.042000000000000000e+03,-6.561000000000000000e+03,-2.325700000000000000e+04,-7.327000000000000000e+03,-3.438700000000000000e+04,-1.792700000000000000e+04,-1.688900000000000000e+04,-3.480400000000000000e+04
-2.821700000000000000e+04,2.200100000000000000e+04,-1.628700000000000000e+04,-1.781500000000000000e+04,-3.765600000000000000e+04,-2.216400000000000000e+04,-2.105300000000000000e+04,-3.140700000000000000e+04
-1.696900000000000000e+04,-2.417600000000000000e+04,-2.852800000000000000e+04,-2.815600000000000000e+04,-2.557200000000000000e+04,-2.709500000000000000e+04,-1.664500000000000000e+04,2.105600000000000000e+04
-1.131500000000000000e+04,1.808200000000000000e+04,-1.633400000000000000e+04,-2.204800000000000000e+04,-3.542500000000000000e+04,-3.148900000000000000e+04,-2.103800000000000000e+04,-3.889700000000000000e+04
-1.955300000000000000e+04,1.699000000000000000e+04,-2.445000000000000000e+04,-1.682600000000000000e+04,-4.275200000000000000e+04,-2.923900000000000000e+04,2.182000000000000000e+03,-2.549300000000000000e+04
-4.182600000000000000e+04,-2.383200000000000000e+04,-2.695600000000000000e+04,-1.906300000000000000e+04,-2.285900000000000000e+04,-1.534900000000000000e+04,2.181400000000000000e+04,-1.586000000000000000e+04
1.071200000000000000e+04,-2.946000000000000000e+03,-3.265600000000000000e+04,5.615000000000000000e+03,-2.372800000000000000e+04,-2.407900000000000000e+04,-2.898700000000000000e+04,-3.992300000000000000e+04
-1.885800000000000000e+04,-3.044900000000000000e+04,-7.840000000000000000e+03,-1.676300000000000000e+04,1.206700000000000000e+04,-3.326100000000000000e+04,-2.942500000000000000e+04,-8.665000000000000000e+03
-1.969000000000000000e+04,1.935700000000000000e+04,-7.469000000000000000e+03,-8.475000000000000000e+03,-4.390000000000000000e+04,-2.721900000000000000e+04,-1.561200000000000000e+04,-4.326900000000000000e+04
-2.895600000000000000e+04,-1.812600000000000000e+04,-6.801000000000000000e+03,-2.237700000000000000e+04,-8.537000000000000000e+03,-3.733600000000000000e+04,-2.277900000000000000e+04,-8.395000000000000000e+03
-2.575100000000000000e+04,-3.189600000000000000e+04,-1.412400000000000000e+04,-2.900200000000000000e+04,-2.269700000000000000e+04,-3.922100000000000000e+04,-2.476200000000000000e+04,1.168500000000000000e+04
-2.645300000000000000e+04,1.506900000000000000e+04,-1.782400000000000000e+04,-3.806000000000000000e+04,-4.735100000000000000e+04,-7.763000000000000000e+03,-2.054200000000000000e+04,-4.424700000000000000e+04
-1.905600000000000000e+04,-1.998600000000000000e+04,-2.629900000000000000e+04,-2.168700000000000000e+04,-2.612400000000000000e+04,-2.346300000000000000e+04,-2.460600000000000000e+04,2.590500000000000000e+04
-1.038800000000000000e+04,1.727000000000000000e+03,-1.872300000000000000e+04,-2.225700000000000000e+04,-3.676300000000000000e+04,-1.079300000000000000e+04,-3.759000000000000000e+04,-4.709500000000000000e+04
-2.114900000000000000e+04,-1.583700000000000000e+04,-2.484900000000000000e+04,-2.357100000000000000e+04,-2.065500000000000000e+04,-7.669000000000000000e+03,7.586000000000000000e+03,-1.014000000000000000e+04
-2.273100000000000000e+04,-2.577600000000000000e+04,-8.325000000000000000e+03,-3.034000000000000000e+03,1.110500000000000000e+04,-1.421500000000000000e+04,-2.663700000000000000e+04,-2.500400000000000000e+04
-2.549300000000000000e+04,-2.752700000000000000e+04,-1.981900000000000000e+04,-1.451600000000000000e+04,1.547600000000000000e+04,-2.742300000000000000e+04,-2.432400000000000000e+04,-1.472100000000000000e+04
-3.737900000000000000e+04,-2.881100000000000000e+04,3.653000000000000000e+03,-2.679600000000000000e+04,-2.370000000000000000e+04,-4.342100000000000000e+04,-2.388800000000000000e+04,2.413000000000000000e+03
-1.057300000000000000e+04,-1.111800000000000000e+04,1.866000000000000000e+03,-1.340200000000000000e+04,-4.521000000000000000e+03,-2.403500000000000000e+04,-2.302400000000000000e+04,-2.964900000000000000e+04
-1.780300000000000000e+04,-1.904900000000000000e+04,-1.935500000000000000e+04,-2.559600000000000000e+04,-2.950100000000000000e+04,-1.707000000000000000e+04,9.049000000000000000e+03,-1.952600000000000000e+04
-1.796400000000000000e+04,-7.358000000000000000e+03,-2.381900000000000000e+04,-1.734200000000000000e+04,-1.507500000000000000e+04,-3.478500000000000000e+04,7.500000000000000000e+03,-1.730000000000000000e+04
-1.795800000000000000e+04,-1.156300000000000000e+04,-2.854300000000000000e+04,1.989000000000000000e+03,-2.909900000000000000e+04,-2.442000000000000000e+03,-3.036800000000000000e+04,-5.301400000000000000e+04
-2.010500000000000000e+04,-1.389000000000000000e+04,-1.550500000000000000e+04,-2.989600000000000000e+04,-1.751600000000000000e+04,6.466000000000000000e+03,-6.133000000000000000e+03,-1.410600000000000000e+04
-3.277900000000000000e+04,-2.093900000000000000e+04,-3.350000000000000000e+02,-1.853400000000000000e+04,-3.153300000000000000e+04,-2.304200000000000000e+04,-1.027900000000000000e+04,-6.001000000000000000e+03
-2.776800000000000000e+04,-1.538300000000000000e+04,-1.223500000000000000e+04,-1.539300000000000000e+04,-1.925100000000000000e+04,-2.141200000000000000e+04,2.069300000000000000e+04,-2.230400000000000000e+04
-2.984100000000000000e+04,6.412000000000000000e+03,-2.632000000000000000e+04,-1.404400000000000000e+04,-2.363100000000000000e+04,-1.549900000000000000e+04,-4.919000000000000000e+03,-1.566100000000000000e+04
-9.772000000000000000e+03,-1.661600000000000000e+04,-1.439800000000000000e+04,-1.464000000000000000e+04,-9.260000000000000000e+03,-5.783000000000000000e+03,-5.490000000000000000e+02,-1.642800000000000000e+04
-1.848200000000000000e+04,-1.288400000000000000e+04,-2.343800000000000000e+04,-2.399900000000000000e+04,-2.267500000000000000e+04,-1.400600000000000000e+04,1.496200000000000000e+04,-3.227900000000000000e+04
-8.334000000000000000e+03,-1.499000000000000000e+04,-1.842300000000000000e+04,-2.711300000000000000e+04,1.079100000000000000e+04,-2.601800000000000000e+04,-2.854300000000000000e+04,-2.218300000000000000e+04
-2.318600000000000000e+04,-1.499800000000000000e+04,1.083500000000000000e+04,-6.619000000000000000e+03,-4.167000000000000000e+03,-3.286200000000000000e+04,-9.825000000000000000e+03,-3.034100000000000000e+04
-2.192500000000000000e+04,-2.055200000000000000e+04,-3.562000000000000000e+03,-2.639800000000000000e+04,-7.951000000000000000e+03,-2.730400000000000000e+04,-2.149100000000000000e+04,9.240000000000000000e+02
-4.886200000000000000e+04,-1.833600000000000000e+04,-1.070600000000000000e+04,-1.480000000000000000e+03,-1.770200000000000000e+04,-1.840000000000000000e+04,8.457000000000000000e+03,-3.892900000000000000e+04
-2.826400000000000000e+04,-9.243000000000000000e+03,-1.498200000000000000e+04,-1.065000000000000000e+03,-4.057100000000000000e+04,-3.176000000000000000e+03,-2.179500000000000000e+04,-4.467900000000000000e+04
-1.478500000000000000e+04,-1.913600000000000000e+04,-1.984000000000000000e+04,1.918000000000000000e+03,-1.965100000000000000e+04,1.530800000000000000e+04,-2.642900000000000000e+04,-2.116000000000000000e+04
-2.610600000000000000e+04,-1.521800000000000000e+04,-1.666600000000000000e+04,1.135200000000000000e+04,-3.284600000000000000e+04,-1.628000000000000000e+03,-2.499000000000000000e+04,-4.282700000000000000e+04
-1.043300000000000000e+04,-1.438200000000000000e+04,-2.740400000000000000e+04,-4.540000000000000000e+02,-2.105100000000000000e+04,8.434000000000000000e+03,-2.730600000000000000e+04,-2.641800000000000000e+04
-1.447800000000000000e+04,1.731400000000000000e+04,-1.495700000000000000e+04,-2.196400000000000000e+04,-3.564300000000000000e+04,-2.699300000000000000e+04,-3.104700000000000000e+04,-4.730400000000000000e+04
-3.571300000000000000e+04,-2.091300000000000000e+04,2.061000000000000000e+03,-1.471500000000000000e+04,-1.705100000000000000e+04,-3.979000000000000000e+04,-2.034200000000000000e+04,-1.786000000000000000e+03
-3.334700000000000000e+04,-1.161100000000000000e+04,-1.824700000000000000e+04,3.381000000000000000e+03,-3.578200000000000000e+04,-6.825000000000000000e+03,9.041000000000000000e+03,-3.371800000000000000e+04
-2.328600000000000000e+04,-1.320900000000000000e+04,-1.831100000000000000e+04,-8.124000000000000000e+03,-2.801400000000000000e+04,1.897500000000000000e+04,-2.607600000000000000e+04,-3.844200000000000000e+04
1.578600000000000000e+04,-1.446100000000000000e+04,-2.241500000000000000e+04,-1.402100000000000000e+04,-5.718000000000000000e+03,-1.673800000000000000e+04,-2.906600000000000000e+04,-3.309400000000000000e+04
-1.293800000000000000e+04,-1.639500000000000000e+04,-1.563400000000000000e+04,-3.616600000000000000e+04,-1.046100000000000000e+04,-2.259900000000000000e+04,1.346300000000000000e+04,-2.124100000000000000e+04
-1.812000000000000000e+04,-1.991900000000000000e+04,-1.995500000000000000e+04,-1.597500000000000000e+04,-1.132200000000000000e+04,-1.819700000000000000e+04,8.914000000000000000e+03,-1.787600000000000000e+04
-5.750000000000000000e+02,-2.441100000000000000e+04,-1.547300000000000000e+04,-2.148700000000000000e+04,7.918000000000000000e+03,-8.442000000000000000e+03,-1.830000000000000000e+04,-3.165800000000000000e+04
1.077400000000000000e+04,-1.057900000000000000e+04,-2.247300000000000000e+04,-1.955400000000000000e+04,-5.050000000000000000e+03,-2.298300000000000000e+04,-9.006000000000000000e+03,-4.063400000000000000e+04
-1.970500000000000000e+04,2.722800000000000000e+04,-2.151800000000000000e+04,-2.089700000000000000e+04,-6.447300000000000000e+04,-1.677700000000000000e+04,-2.522200000000000000e+04,-3.917900000000000000e+04
-8.268000000000000000e+03,-2.289400000000000000e+04,3.153000000000000000e+03,-1.297900000000000000e+04,-1.281000000000000000e+03,1.622000000000000000e+03,-2.339400000000000000e+04,-5.217700000000000000e+04
-1.550100000000000000e+04,-6.400000000000000000e+03,2.503000000000000000e+03,-4.507000000000000000e+03,-8.921000000000000000e+03,-2.807800000000000000e+04,-1.309000000000000000e+04,-1.055000000000000000e+04
-1.751300000000000000e+04,-9.902000000000000000e+03,-1.753000000000000000e+04,-1.343800000000000000e+04,-1.403800000000000000e+04,-2.018600000000000000e+04,9.481000000000000000e+03,-8.774000000000000000e+03
-2.649800000000000000e+04,-2.290400000000000000e+04,-2.287900000000000000e+04,-1.568800000000000000e+04,-2.391500000000000000e+04,-2.178500000000000000e+04,-1.838000000000000000e+04,2.023900000000000000e+04
-1.727700000000000000e+04,-3.841000000000000000e+03,-1.468900000000000000e+04,-1.144000000000000000e+04,-2.500800000000000000e+04,-2.885300000000000000e+04,-1.716000000000000000e+04,-2.277300000000000000e+04
-2.977000000000000000e+03,-1.550600000000000000e+04,-9.148000000000000000e+03,-2.390200000000000000e+04,-2.091000000000000000e+03,1.823000000000000000e+03,-2.723400000000000000e+04,-3.754000000000000000e+04
-3.734700000000000000e+04,-2.670100000000000000e+04,-1.855800000000000000e+04,-3.986400000000000000e+04,-4.179300000000000000e+04,-3.404900000000000000e+04,-2.516100000000000000e+04,1.901800000000000000e+04
-2.361000000000000000e+04,-3.064000000000000000e+03,-9.689000000000000000e+03,-1.752500000000000000e+04,-4.004800000000000000e+04,-2.133400000000000000e+04,1.246300000000000000e+04,-4.437900000000000000e+04
-2.387900000000000000e+04,1.437200000000000000e+04,-2.443700000000000000e+04,-1.760800000000000000e+04,-5.511200000000000000e+04,-9.421000000000000000e+03,-2.888800000000000000e+04,-2.470000000000000000e+04
-1.047100000000000000e+04,-5.659000000000000000e+03,-2.214400000000000000e+04,3.206000000000000000e+03,-4.048300000000000000e+04,5.220000000000000000e+03,-2.573600000000000000e+04,-2.757000000000000000e+04
-1.972500000000000000e+04,-1.680700000000000000e+04,-2.307800000000000000e+04,1.298600000000000000e+04,-3.201600000000000000e+04,9.441000000000000000e+03,-2.316700000000000000e+04,-1.759000000000000000e+04
-2.355600000000000000e+04,-1.627300000000000000e+04,-1.511900000000000000e+04,-2.340800000000000000e+04,-1.217400000000000000e+04,-2.765500000000000000e+04,-2.665900000000000000e+04,1.121700000000000000e+04
-2.720600000000000000e+04,-1.689900000000000000e+04,-4.308000000000000000e+03,-2.796800000000000000e+04,-3.275500000000000000e+04,-3.287500000000000000e+04,-2.079100000000000000e+04,-3.378000000000000000e+03
-1.232300000000000000e+04,-2.010700000000000000e+04,6.384000000000000000e+03,-2.949000000000000000e+04,-2.725000000000000000e+03,-4.391200000000000000e+04,-2.087900000000000000e+04,1.652000000000000000e+03
-7.195000000000000000e+03,-1.266500000000000000e+04,-2.285800000000000000e+04,-1.504500000000000000e+04,-5.900000000000000000e+02,-1.490100000000000000e+04,-2.994400000000000000e+04,-2.749800000000000000e+04
-1.991400000000000000e+04,-1.730400000000000000e+04,-1.131800000000000000e+04,-2.341000000000000000e+04,-2.298100000000000000e+04,-2.061300000000000000e+04,1.748100000000000000e+04,-2.515300000000000000e+04
-2.135600000000000000e+04,4.398000000000000000e+03,-1.825800000000000000e+04,-9.018000000000000000e+03,-2.035500000000000000e+04,-2.116400000000000000e+04,-1.696300000000000000e+04,-3.176800000000000000e+04
-3.797700000000000000e+04,-2.203100000000000000e+04,-1.701300000000000000e+04,-3.399600000000000000e+04,-3.118500000000000000e+04,-3.784500000000000000e+04,-3.179600000000000000e+04,1.559900000000000000e+04
-3.077100000000000000e+04,1.597700000000000000e+04,-2.979100000000000000e+04,-1.713800000000000000e+04,-3.969500000000000000e+04,-2.218800000000000000e+04,-2.013400000000000000e+04,-3.636100000000000000e+04
-1.512000000000000000e+04,-1.489800000000000000e+04,-1.570500000000000000e+04,-1.154900000000000000e+04,-1.128300000000000000e+04,5.516000000000000000e+03,-1.838500000000000000e+04,-1.137300000000000000e+04
-1.602200000000000000e+04,-2.153100000000000000e+04,-1.996900000000000000e+04,-2.256000000000000000e+04,8.624000000000000000e+03,-1.378000000000000000e+04,-1.978900000000000000e+04,-1.730600000000000000e+04
-3.246300000000000000e+04,-1.629200000000000000e+04,-1.803500000000000000e+04,-4.057400000000000000e+04,-2.392900000000000000e+04,-2.867800000000000000e+04,-2.102800000000000000e+04,1.248700000000000000e+04
-3.302900000000000000e+04,-2.830900000000000000e+04,-3.650900000000000000e+04,-6.186000000000000000e+03,-1.598100000000000000e+04,-5.346000000000000000e+03,-8.055000000000000000e+03,-4.138700000000000000e+04
-2.095500000000000000e+04,-3.469000000000000000e+03,-2.178200000000000000e+04,2.618000000000000000e+03,-4.587400000000000000e+04,-5.515000000000000000e+03,-2.380200000000000000e+04,-5.157000000000000000e+04
-2.686000000000000000e+03,-1.385200000000000000e+04,-6.633000000000000000e+03,7.225000000000000000e+03,-1.246800000000000000e+04,-2.121900000000000000e+04,-1.841800000000000000e+04,-2.386400000000000000e+04
-2.873400000000000000e+04,3.069000000000000000e+03,-1.476200000000000000e+04,4.108000000000000000e+03,-2.760800000000000000e+04,-3.167700000000000000e+04,-4.390000000000000000e+02,-3.822100000000000000e+04
-4.226000000000000000e+03,-2.514100000000000000e+04,-1.890200000000000000e+04,-1.278700000000000000e+04,-2.507500000000000000e+04,7.915000000000000000e+03,-3.062100000000000000e+04,-4.722100000000000000e+04
-1.831100000000000000e+04,-2.125700000000000000e+04,1.254000000000000000e+03,-3.509200000000000000e+04,-8.971000000000000000e+03,-3.339700000000000000e+04,-2.243300000000000000e+04,-1.730200000000000000e+04
-3.347800000000000000e+04,-2.581400000000000000e+04,-1.224300000000000000e+04,-3.208200000000000000e+04,-1.982400000000000000e+04,-4.582800000000000000e+04,-2.811300000000000000e+04,1.108900000000000000e+04
-1.453200000000000000e+04,-2.065400000000000000e+04,-1.984700000000000000e+04,1.433000000000000000e+03,-3.281100000000000000e+04,-1.607000000000000000e+03,-2.765400000000000000e+04,-4.584100000000000000e+04
-7.104000000000000000e+03,-1.465600000000000000e+04,-1.270700000000000000e+04,-7.130000000000000000e+02,-3.186300000000000000e+04,-2.263400000000000000e+04,-1.392100000000000000e+04,-3.672500000000000000e+04
-1.527400000000000000e+04,-1.023800000000000000e+04,-7.174000000000000000e+03,4.105000000000000000e+03,-2.853300000000000000e+04,-4.715000000000000000e+03,-2.842100000000000000e+04,-4.713300000000000000e+04
-1.977400000000000000e+04,-4.902000000000000000e+03,-1.620700000000000000e+04,-2.552400000000000000e+04,-2.610100000000000000e+04,-2.551400000000000000e+04,2.334000000000000000e+04,-4.223000000000000000e+03
-2.569700000000000000e+04,-1.350400000000000000e+04,1.272500000000000000e+04,-1.145600000000000000e+04,-1.982700000000000000e+04,-3.171800000000000000e+04,-2.205400000000000000e+04,-3.573800000000000000e+04
-3.115000000000000000e+03,-1.300800000000000000e+04,-1.588400000000000000e+04,4.185000000000000000e+03,-3.063100000000000000e+04,-1.446200000000000000e+04,-3.882200000000000000e+04,-6.293700000000000000e+04
-1.182700000000000000e+04,7.656000000000000000e+03,-9.775000000000000000e+03,-9.066000000000000000e+03,-3.767400000000000000e+04,-2.827300000000000000e+04,-1.275100000000000000e+04,-3.091200000000000000e+04
1.738600000000000000e+04,-2.318200000000000000e+04,-1.438900000000000000e+04,-5.814000000000000000e+03,-3.742100000000000000e+04,4.914000000000000000e+03,-3.301000000000000000e+04,-5.201300000000000000e+04
-3.193800000000000000e+04,-1.802400000000000000e+04,-1.704100000000000000e+04,-2.318100000000000000e+04,-2.340500000000000000e+04,-2.960900000000000000e+04,-1.056400000000000000e+04,1.863800000000000000e+04
-1.050100000000000000e+04,-2.879200000000000000e+04,-1.461200000000000000e+04,-2.782100000000000000e+04,1.243500000000000000e+04,-2.858100000000000000e+04,-3.789000000000000000e+04,-2.163600000000000000e+04
-2.103500000000000000e+04,1.418300000000000000e+04,-6.195000000000000000e+03,-1.053500000000000000e+04,-3.325200000000000000e+04,-1.785700000000000000e+04,-1.079100000000000000e+04,-2.664100000000000000e+04
-3.900200000000000000e+04,-8.149000000000000000e+03,-1.885000000000000000e+04,-1.589500000000000000e+04,-3.914800000000000000e+04,-1.264300000000000000e+04,1.131000000000000000e+04,-3.460700000000000000e+04
-3.615000000000000000e+04,-1.279000000000000000e+04,-2.159000000000000000e+04,-8.207000000000000000e+03,-3.188600000000000000e+04,-1.320500000000000000e+04,1.294500000000000000e+04,-2.350000000000000000e+04
-6.065000000000000000e+03,-2.102300000000000000e+04,-1.087800000000000000e+04,-6.179000000000000000e+03,-7.933000000000000000e+03,-1.269900000000000000e+04,-1.971900000000000000e+04,-1.104100000000000000e+04
-9.953000000000000000e+03,9.458000000000000000e+03,-1.357000000000000000e+04,-2.799100000000000000e+04,-3.596800000000000000e+04,-1.808500000000000000e+04,-1.084500000000000000e+04,-4.091700000000000000e+04
-1.098900000000000000e+04,-3.140200000000000000e+04,-1.196700000000000000e+04,-2.135400000000000000e+04,9.287000000000000000e+03,-2.406800000000000000e+04,-3.284300000000000000e+04,-1.512900000000000000e+04
8.761000000000000000e+03,-1.761500000000000000e+04,-2.397100000000000000e+04,-9.843000000000000000e+03,-1.344700000000000000e+04,-1.935300000000000000e+04,-2.789700000000000000e+04,-3.893500000000000000e+04
-1.783100000000000000e+04,1.351700000000000000e+04,-2.281000000000000000e+04,-1.253600000000000000e+04,-2.557200000000000000e+04,-1.909400000000000000e+04,-1.696200000000000000e+04,-2.124300000000000000e+04
-2.101700000000000000e+04,-8.075000000000000000e+03,-3.715300000000000000e+04,-2.155100000000000000e+04,-2.598400000000000000e+04,1.040900000000000000e+04,-7.440000000000000000e+02,-2.175500000000000000e+04
1.244100000000000000e+04,-2.439600000000000000e+04,-1.719400000000000000e+04,2.846000000000000000e+03,-2.836600000000000000e+04,-3.591000000000000000e+03,-4.309600000000000000e+04,-4.784100000000000000e+04
-2.325000000000000000e+04,-1.846500000000000000e+04,-8.512000000000000000e+03,8.706000000000000000e+03,-3.358600000000000000e+04,1.771000000000000000e+03,-1.131400000000000000e+04,-4.415400000000000000e+04
-1.164300000000000000e+04,-1.556600000000000000e+04,-1.188000000000000000e+03,-2.448400000000000000e+04,-2.545000000000000000e+03,-2.312600000000000000e+04,6.018000000000000000e+03,-1.673600000000000000e+04
-3.176300000000000000e+04,-2.574000000000000000e+04,-3.990000000000000000e+03,-2.950300000000000000e+04,-2.755200000000000000e+04,-3.892700000000000000e+04,-2.461000000000000000e+04,1.082300000000000000e+04
2.451000000000000000e+03,-2.253900000000000000e+04,-1.520000000000000000e+04,-6.782000000000000000e+03,-2.771300000000000000e+04,2.996000000000000000e+03,-3.413100000000000000e+04,-5.987500000000000000e+04
-2.429600000000000000e+04,2.028800000000000000e+04,-2.566100000000000000e+04,-2.955000000000000000e+04,-4.237900000000000000e+04,-1.340400000000000000e+04,-1.487900000000000000e+04,-2.940900000000000000e+04
-2.024900000000000000e+04,-1.410900000000000000e+04,-6.186000000000000000e+03,-1.799300000000000000e+04,-2.193500000000000000e+04,-1.076100000000000000e+04,5.058000000000000000e+03,-2.887400000000000000e+04
-2.092600000000000000e+04,-1.429100000000000000e+04,-1.784400000000000000e+04,-1.634500000000000000e+04,-2.516000000000000000e+04,-1.966500000000000000e+04,1.743600000000000000e+04,-3.558000000000000000e+04
-2.716600000000000000e+04,-7.917000000000000000e+03,-1.842000000000000000e+04,-1.252800000000000000e+04,-2.088200000000000000e+04,-1.648300000000000000e+04,9.880000000000000000e+03,-2.252900000000000000e+04
-4.504800000000000000e+04,-2.452600000000000000e+04,-2.010200000000000000e+04,-6.629000000000000000e+03,-2.088200000000000000e+04,-4.551000000000000000e+03,2.300600000000000000e+04,-3.019000000000000000e+04
-2.750000000000000000e+04,-2.464000000000000000e+03,-2.754800000000000000e+04,-1.781300000000000000e+04,-1.904800000000000000e+04,-2.651800000000000000e+04,2.149000000000000000e+04,-2.969400000000000000e+04
-5.820000000000000000e+03,9.448000000000000000e+03,-2.661500000000000000e+04,-5.248000000000000000e+03,-2.950800000000000000e+04,-1.018600000000000000e+04,-2.698600000000000000e+04,-1.388500000000000000e+04
-2.673300000000000000e+04,-1.939200000000000000e+04,1.261300000000000000e+04,-8.224000000000000000e+03,-1.455000000000000000e+03,-2.476400000000000000e+04,-2.432100000000000000e+04,-1.334300000000000000e+04
-1.394500000000000000e+04,-1.204500000000000000e+04,-2.248400000000000000e+04,-1.781200000000000000e+04,-1.955400000000000000e+04,-9.646000000000000000e+03,5.811000000000000000e+03,-1.735000000000000000e+04
-2.597800000000000000e+04,-2.872800000000000000e+04,-1.330600000000000000e+04,-2.643600000000000000e+04,-2.362600000000000000e+04,-1.649200000000000000e+04,2.472800000000000000e+04,-1.954000000000000000e+04
-2.825400000000000000e+04,-1.317500000000000000e+04,-7.126000000000000000e+03,-2.700000000000000000e+04,-1.435000000000000000e+04,-4.185000000000000000e+03,1.302000000000000000e+03,-5.897000000000000000e+03
-8.236000000000000000e+03,-5.969000000000000000e+03,-1.858000000000000000e+03,1.901000000000000000e+03,-5.151000000000000000e+03,-3.602100000000000000e+04,-3.314500000000000000e+04,-3.153700000000000000e+04
-5.068500000000000000e+04,-2.327100000000000000e+04,-3.408000000000000000e+03,-2.860700000000000000e+04,-2.755900000000000000e+04,-3.842100000000000000e+04,-2.760400000000000000e+04,4.921000000000000000e+03
-4.545600000000000000e+04,-1.950900000000000000e+04,2.148000000000000000e+03,-5.056000000000000000e+03,-2.414600000000000000e+04,-4.043900000000000000e+04,-1.388300000000000000e+04,-9.495000000000000000e+03
-4.345900000000000000e+04,-2.084600000000000000e+04,-1.080800000000000000e+04,-2.812500000000000000e+04,-2.998400000000000000e+04,3.328000000000000000e+03,2.222000000000000000e+03,2.262000000000000000e+03
-2.311300000000000000e+04,-2.188000000000000000e+03,-1.272900000000000000e+04,-1.582400000000000000e+04,-3.480300000000000000e+04,-1.251400000000000000e+04,-7.271000000000000000e+03,-1.160900000000000000e+04
-3.144600000000000000e+04,-1.726900000000000000e+04,-1.662000000000000000e+03,-3.251800000000000000e+04,-2.012800000000000000e+04,-5.267800000000000000e+04,-2.657000000000000000e+04,1.551400000000000000e+04
-2.028200000000000000e+04,-3.450000000000000000e+03,-3.034700000000000000e+04,-2.054600000000000000e+04,-3.638600000000000000e+04,-1.448000000000000000e+03,-1.306800000000000000e+04,-1.170700000000000000e+04
7.248000000000000000e+03,-2.034700000000000000e+04,-2.103000000000000000e+04,-1.760100000000000000e+04,-1.048800000000000000e+04,-1.368700000000000000e+04,-2.205800000000000000e+04,-2.893800000000000000e+04
1.294400000000000000e+04,-2.340900000000000000e+04,-2.067200000000000000e+04,1.189000000000000000e+03,-1.188700000000000000e+04,-3.552000000000000000e+03,-2.784000000000000000e+04,-4.557200000000000000e+04
-2.852000000000000000e+04,-1.594700000000000000e+04,2.163800000000000000e+04,-1.399000000000000000e+04,-2.277900000000000000e+04,-3.767000000000000000e+04,-1.390800000000000000e+04,-2.020500000000000000e+04
-3.980000000000000000e+02,-2.792000000000000000e+03,-1.724200000000000000e+04,-1.608100000000000000e+04,-1.903700000000000000e+04,-1.840000000000000000e+04,-1.509200000000000000e+04,-3.082100000000000000e+04
-2.533100000000000000e+04,-1.696100000000000000e+04,-5.080000000000000000e+02,5.222000000000000000e+03,-3.170300000000000000e+04,-3.095500000000000000e+04,5.276000000000000000e+03,-2.318300000000000000e+04
1.311900000000000000e+04,-2.633000000000000000e+04,-1.234400000000000000e+04,-4.527000000000000000e+03,-1.018500000000000000e+04,-3.610000000000000000e+02,-3.391500000000000000e+04,-4.819200000000000000e+04
-3.080300000000000000e+04,-1.750200000000000000e+04,-1.274300000000000000e+04,-3.201100000000000000e+04,-2.858000000000000000e+04,-2.408900000000000000e+04,-1.947600000000000000e+04,2.260300000000000000e+04
-8.520000000000000000e+03,-2.448700000000000000e+04,-7.712000000000000000e+03,2.104000000000000000e+03,-4.970000000000000000e+02,-5.617000000000000000e+03,-1.447600000000000000e+04,-4.617000000000000000e+04
-2.691500000000000000e+04,9.147000000000000000e+03,-2.177900000000000000e+04,-6.442000000000000000e+03,-4.298300000000000000e+04,-1.406500000000000000e+04,-2.050200000000000000e+04,-4.042900000000000000e+04
-1.369400000000000000e+04,-1.907000000000000000e+04,-1.495600000000000000e+04,-8.420000000000000000e+02,-1.930300000000000000e+04,7.568000000000000000e+03,-2.437900000000000000e+04,-2.817900000000000000e+04
3.290000000000000000e+02,-1.288000000000000000e+04,-2.080300000000000000e+04,6.708000000000000000e+03,-4.738200000000000000e+04,-3.816000000000000000e+03,-3.083800000000000000e+04,-4.171500000000000000e+04
-2.827200000000000000e+04,-4.640000000000000000e+03,-1.520200000000000000e+04,-8.346000000000000000e+03,-2.757900000000000000e+04,-1.844100000000000000e+04,-5.754000000000000000e+03,-4.242300000000000000e+04
-6.388000000000000000e+03,-2.394600000000000000e+04,-1.989300000000000000e+04,5.004000000000000000e+03,-2.919200000000000000e+04,4.487000000000000000e+03,-2.050600000000000000e+04,-3.894900000000000000e+04
-1.519200000000000000e+04,-1.851100000000000000e+04,-1.940900000000000000e+04,-3.945000000000000000e+03,-3.643900000000000000e+04,-3.602000000000000000e+03,-3.626600000000000000e+04,-4.368200000000000000e+04
9.281000000000000000e+03,-2.164000000000000000e+04,-1.184400000000000000e+04,-9.064000000000000000e+03,-2.217000000000000000e+04,-1.590000000000000000e+03,-1.954800000000000000e+04,-5.203300000000000000e+04
-2.277600000000000000e+04,2.204900000000000000e+04,-2.434200000000000000e+04,-2.025000000000000000e+04,-2.887000000000000000e+04,-3.125000000000000000e+04,-1.708900000000000000e+04,-4.057400000000000000e+04
-3.601600000000000000e+04,-2.876900000000000000e+04,-7.961000000000000000e+03,-5.234500000000000000e+04,-3.066100000000000000e+04,-4.459300000000000000e+04,-3.940600000000000000e+04,1.527100000000000000e+04
-3.160900000000000000e+04,-2.390000000000000000e+04,-2.500000000000000000e+02,-2.006300000000000000e+04,-1.559700000000000000e+04,-4.152100000000000000e+04,-1.009500000000000000e+04,-1.677500000000000000e+04
-3.049200000000000000e+04,-2.152800000000000000e+04,-2.303400000000000000e+04,-1.032200000000000000e+04,-3.191900000000000000e+04,-2.253400000000000000e+04,2.706600000000000000e+04,-1.841000000000000000e+04
-8.381000000000000000e+03,-1.934000000000000000e+04,-7.979000000000000000e+03,-1.704700000000000000e+04,-7.734000000000000000e+03,-1.310100000000000000e+04,-1.970300000000000000e+04,-2.064000000000000000e+04
-2.146700000000000000e+04,-1.267900000000000000e+04,-1.296800000000000000e+04,1.280100000000000000e+04,-3.098200000000000000e+04,3.392000000000000000e+03,-3.218300000000000000e+04,-4.547100000000000000e+04
-2.525400000000000000e+04,4.966000000000000000e+03,-1.118600000000000000e+04,-1.167000000000000000e+03,-3.839200000000000000e+04,-2.452200000000000000e+04,-2.119000000000000000e+03,-4.490600000000000000e+04
-7.348000000000000000e+03,-2.674600000000000000e+04,-6.446000000000000000e+03,-1.313500000000000000e+04,1.143200000000000000e+04,-1.178300000000000000e+04,-2.759000000000000000e+04,-3.962000000000000000e+04
-8.757000000000000000e+03,-1.312000000000000000e+04,-1.081000000000000000e+04,6.533000000000000000e+03,-2.916700000000000000e+04,-2.733600000000000000e+04,-9.719000000000000000e+03,-2.562300000000000000e+04
-1.733600000000000000e+04,-2.907400000000000000e+04,7.556000000000000000e+03,-1.071900000000000000e+04,2.761000000000000000e+03,-3.037000000000000000e+04,-3.201200000000000000e+04,-1.083400000000000000e+04
-3.988000000000000000e+03,3.449000000000000000e+03,-1.759500000000000000e+04,-1.891000000000000000e+03,-2.739200000000000000e+04,-3.175300000000000000e+04,-3.367500000000000000e+04,-1.657900000000000000e+04
-8.012000000000000000e+03,-2.264500000000000000e+04,-1.300000000000000000e+04,-1.624300000000000000e+04,7.069000000000000000e+03,-1.460100000000000000e+04,-3.122300000000000000e+04,-2.646300000000000000e+04
-1.299800000000000000e+04,-1.277700000000000000e+04,-1.077200000000000000e+04,-3.225900000000000000e+04,-1.547100000000000000e+04,-2.873300000000000000e+04,8.052000000000000000e+03,-1.795700000000000000e+04
-3.610300000000000000e+04,-3.657500000000000000e+04,-9.528000000000000000e+03,-3.672800000000000000e+04,-3.767300000000000000e+04,-3.029700000000000000e+04,-2.938200000000000000e+04,2.301200000000000000e+04
-4.513900000000000000e+04,-1.956500000000000000e+04,-3.793000000000000000e+03,-4.394100000000000000e+04,-3.217900000000000000e+04,-3.148800000000000000e+04,-2.808500000000000000e+04,1.435600000000000000e+04
-2.192600000000000000e+04,-1.976000000000000000e+04,-2.518600000000000000e+04,-6.293000000000000000e+03,-1.973000000000000000e+04,1.136600000000000000e+04,-1.392500000000000000e+04,-2.287200000000000000e+04
-9.060000000000000000e+03,1.149200000000000000e+04,-2.909600000000000000e+04,-1.996000000000000000e+04,-3.388000000000000000e+04,-3.805000000000000000e+03,-5.864000000000000000e+03,-2.326900000000000000e+04
-1.436600000000000000e+04,-7.937000000000000000e+03,-2.088300000000000000e+04,-8.848000000000000000e+03,-1.427300000000000000e+04,-1.979000000000000000e+03,-3.138000000000000000e+04,-3.943800000000000000e+04
-1.648600000000000000e+04,-1.562000000000000000e+04,7.450000000000000000e+02,-9.928000000000000000e+03,-7.588000000000000000e+03,-4.055400000000000000e+04,-1.779700000000000000e+04,-1.583200000000000000e+04
-1.818900000000000000e+04,-2.026800000000000000e+04,-1.931700000000000000e+04,-8.619000000000000000e+03,1.737900000000000000e+04,-1.676500000000000000e+04,-2.772600000000000000e+04,-1.704100000000000000e+04
-7.594000000000000000e+03,-1.267000000000000000e+04,-1.824900000000000000e+04,-8.866000000000000000e+03,3.285000000000000000e+03,7.325000000000000000e+03,-1.512500000000000000e+04,-1.328400000000000000e+04
-2.395300000000000000e+04,-1.464600000000000000e+04,-9.951000000000000000e+03,-1.738700000000000000e+04,-4.077800000000000000e+04,8.610000000000000000e+02,1.147900000000000000e+04,-3.307200000000000000e+04
-4.958000000000000000e+04,-3.234800000000000000e+04,-1.105600000000000000e+04,-4.066500000000000000e+04,-3.921100000000000000e+04,-5.043600000000000000e+04,-2.916100000000000000e+04,1.737800000000000000e+04
-3.457800000000000000e+04,-2.070800000000000000e+04,-5.239000000000000000e+03,-2.228300000000000000e+04,-1.563000000000000000e+03,-3.291900000000000000e+04,-1.502300000000000000e+04,-2.284000000000000000e+03
-2.777200000000000000e+04,-1.468500000000000000e+04,-7.922000000000000000e+03,-3.516200000000000000e+04,-3.273600000000000000e+04,-1.043800000000000000e+04,1.500300000000000000e+04,-3.249200000000000000e+04
-2.374200000000000000e+04,-2.371600000000000000e+04,1.285400000000000000e+04,-5.530000000000000000e+03,-2.442000000000000000e+03,-3.239000000000000000e+04,-1.715000000000000000e+04,-1.297300000000000000e+04
-1.159100000000000000e+04,-2.158200000000000000e+04,-2.418500000000000000e+04,-1.747500000000000000e+04,5.872000000000000000e+03,-2.856600000000000000e+04,-3.389500000000000000e+04,-2.552400000000000000e+04
-1.536700000000000000e+04,-9.519000000000000000e+03,-2.169500000000000000e+04,8.823000000000000000e+03,-5.169300000000000000e+04,-1.215000000000000000e+04,-1.673000000000000000e+04,-4.285700000000000000e+04
-1.202700000000000000e+04,-2.133800000000000000e+04,-2.985400000000000000e+04,-2.244000000000000000e+03,-2.356800000000000000e+04,2.346700000000000000e+04,-1.619500000000000000e+04,-3.044700000000000000e+04
-3.468700000000000000e+04,-2.103800000000000000e+04,-6.972000000000000000e+03,-4.648200000000000000e+04,-4.791100000000000000e+04,-2.309600000000000000e+04,-1.801800000000000000e+04,-5.223000000000000000e+03
-1.782900000000000000e+04,2.110600000000000000e+04,-2.173900000000000000e+04,-2.620200000000000000e+04,-5.222000000000000000e+04,-1.163300000000000000e+04,-2.751600000000000000e+04,-4.763300000000000000e+04
-2.520600000000000000e+04,-5.377000000000000000e+03,-1.337600000000000000e+04,-2.071600000000000000e+04,-2.167700000000000000e+04,-6.586000000000000000e+03,5.757000000000000000e+03,-2.324700000000000000e+04
-2.338600000000000000e+04,-8.581000000000000000e+03,-6.568000000000000000e+03,-2.932900000000000000e+04,-2.768900000000000000e+04,-1.094800000000000000e+04,7.575000000000000000e+03,-3.607200000000000000e+04
-4.038200000000000000e+04,-3.384000000000000000e+04,-2.656000000000000000e+03,-3.333700000000000000e+04,-3.323200000000000000e+04,-3.508600000000000000e+04,-1.962500000000000000e+04,8.189000000000000000e+03
-2.361400000000000000e+04,7.209000000000000000e+03,-1.910100000000000000e+04,-1.109500000000000000e+04,-4.114700000000000000e+04,-2.477400000000000000e+04,-8.048000000000000000e+03,-2.298900000000000000e+04
-3.923600000000000000e+04,-2.272100000000000000e+04,-8.088000000000000000e+03,-3.539500000000000000e+04,-3.018900000000000000e+04,-2.950600000000000000e+04,-2.964500000000000000e+04,1.302900000000000000e+04
-1.180900000000000000e+04,7.752000000000000000e+03,-1.578200000000000000e+04,-1.348300000000000000e+04,-2.971400000000000000e+04,-2.486800000000000000e+04,-1.660000000000000000e+02,-3.160800000000000000e+04
-4.200000000000000000e+01,-1.912700000000000000e+04,-1.639100000000000000e+04,-5.268000000000000000e+03,-3.217100000000000000e+04,6.843000000000000000e+03,-3.635400000000000000e+04,-5.366200000000000000e+04
1.053600000000000000e+04,-2.066100000000000000e+04,-1.551800000000000000e+04,-6.076000000000000000e+03,-1.782500000000000000e+04,-3.785000000000000000e+03,-3.402900000000000000e+04,-5.581200000000000000e+04
-3.927700000000000000e+04,-2.936500000000000000e+04,-3.943000000000000000e+03,-2.285400000000000000e+04,-2.076900000000000000e+04,-4.729500000000000000e+04,-2.136100000000000000e+04,7.615000000000000000e+03
-3.020700000000000000e+04,-1.703800000000000000e+04,-1.169300000000000000e+04,-3.253300000000000000e+04,-2.203200000000000000e+04,-2.673000000000000000e+04,-2.227100000000000000e+04,1.459800000000000000e+04
4.478000000000000000e+03,-3.029200000000000000e+04,-2.581500000000000000e+04,-6.749000000000000000e+03,9.040000000000000000e+03,-2.418800000000000000e+04,-2.963900000000000000e+04,-3.433100000000000000e+04
-1.236300000000000000e+04,-2.566300000000000000e+04,-1.375100000000000000e+04,1.193100000000000000e+04,-7.522000000000000000e+03,-1.979400000000000000e+04,-1.145900000000000000e+04,-3.924200000000000000e+04
-1.010500000000000000e+04,7.485000000000000000e+03,-1.945200000000000000e+04,-1.491800000000000000e+04,-2.216500000000000000e+04,-2.316000000000000000e+04,-3.086700000000000000e+04,-3.522100000000000000e+04
-6.402000000000000000e+03,-2.840300000000000000e+04,-1.640200000000000000e+04,-3.201800000000000000e+04,2.587600000000000000e+04,-2.958500000000000000e+04,-3.203300000000000000e+04,-1.536800000000000000e+04
-4.348800000000000000e+04,-2.190100000000000000e+04,-1.431400000000000000e+04,-4.567000000000000000e+04,-3.843400000000000000e+04,-4.126200000000000000e+04,-3.221300000000000000e+04,1.525900000000000000e+04
-1.136400000000000000e+04,-2.309700000000000000e+04,-3.380800000000000000e+04,-5.427000000000000000e+03,-2.344900000000000000e+04,6.114000000000000000e+03,-2.022600000000000000e+04,-2.727100000000000000e+04
-7.867000000000000000e+03,-2.929700000000000000e+04,-1.906200000000000000e+04,-4.187000000000000000e+03,-3.062000000000000000e+03,-1.463700000000000000e+04,-1.892300000000000000e+04,-4.556800000000000000e+04
-1.581200000000000000e+04,-3.060000000000000000e+04,-6.819000000000000000e+03,-1.754700000000000000e+04,1.102200000000000000e+04,-2.445100000000000000e+04,-2.560400000000000000e+04,-1.709400000000000000e+04
-1.198500000000000000e+04,-2.696800000000000000e+04,-1.965900000000000000e+04,-2.641000000000000000e+04,-2.806500000000000000e+04,-1.728600000000000000e+04,-1.602200000000000000e+04,6.687000000000000000e+03
-3.463800000000000000e+04,-2.216500000000000000e+04,2.600000000000000000e+01,-1.463000000000000000e+04,-7.048000000000000000e+03,-3.760700000000000000e+04,-2.950800000000000000e+04,-9.466000000000000000e+03
-3.539200000000000000e+04,-1.937400000000000000e+04,-1.086800000000000000e+04,-3.020300000000000000e+04,-1.820300000000000000e+04,-2.164700000000000000e+04,-2.289000000000000000e+03,-1.050900000000000000e+04
-1.550900000000000000e+04,1.077400000000000000e+04,-1.261600000000000000e+04,-1.363800000000000000e+04,-3.781700000000000000e+04,-1.703500000000000000e+04,-3.053100000000000000e+04,-3.643800000000000000e+04
-4.645300000000000000e+04,-1.470800000000000000e+04,-1.667100000000000000e+04,1.416900000000000000e+04,-2.181100000000000000e+04,-1.244600000000000000e+04,2.039000000000000000e+03,-3.953500000000000000e+04
-1.149100000000000000e+04,1.579800000000000000e+04,-2.458400000000000000e+04,-2.896000000000000000e+03,-4.703100000000000000e+04,-2.215700000000000000e+04,-2.245900000000000000e+04,-1.953800000000000000e+04
-2.243800000000000000e+04,3.065600000000000000e+04,-1.930300000000000000e+04,-2.342600000000000000e+04,-4.997400000000000000e+04,-2.938700000000000000e+04,-1.253800000000000000e+04,-3.429900000000000000e+04
-2.211000000000000000e+04,2.887100000000000000e+04,-2.366400000000000000e+04,-1.832600000000000000e+04,-4.194000000000000000e+04,-2.501600000000000000e+04,-3.555600000000000000e+04,-4.601300000000000000e+04
-5.002000000000000000e+04,-3.070400000000000000e+04,6.289000000000000000e+03,-3.966100000000000000e+04,-3.022500000000000000e+04,-3.088000000000000000e+04,-1.709600000000000000e+04,-3.375000000000000000e+03
-2.467700000000000000e+04,-7.695000000000000000e+03,-9.141000000000000000e+03,-5.630000000000000000e+03,-3.086500000000000000e+04,-1.095000000000000000e+04,-4.686000000000000000e+03,-3.594000000000000000e+04
-1.882600000000000000e+04,-2.054100000000000000e+04,-1.899100000000000000e+04,1.034800000000000000e+04,-2.549100000000000000e+04,4.230000000000000000e+02,-1.966600000000000000e+04,-3.963100000000000000e+04
-2.586900000000000000e+04,-2.575800000000000000e+04,-1.983800000000000000e+04,-3.575700000000000000e+04,-2.700700000000000000e+04,-1.332600000000000000e+04,6.457000000000000000e+03,-3.765000000000000000e+03
-1.862100000000000000e+04,-3.655000000000000000e+03,-1.932200000000000000e+04,2.292000000000000000e+03,-2.982100000000000000e+04,4.106000000000000000e+03,-3.553100000000000000e+04,-2.143900000000000000e+04
-1.174100000000000000e+04,-1.869500000000000000e+04,-1.134200000000000000e+04,-5.676000000000000000e+03,4.377000000000000000e+03,-1.708300000000000000e+04,-2.347600000000000000e+04,-1.887600000000000000e+04
-1.229900000000000000e+04,-1.732100000000000000e+04,-3.063700000000000000e+04,-1.236700000000000000e+04,-1.917900000000000000e+04,1.527800000000000000e+04,-9.585000000000000000e+03,-1.453100000000000000e+04
-2.895100000000000000e+04,-2.163200000000000000e+04,-2.137000000000000000e+04,-1.807700000000000000e+04,-2.815100000000000000e+04,-9.373000000000000000e+03,1.871000000000000000e+04,-2.655000000000000000e+04
-2.591300000000000000e+04,-1.191800000000000000e+04,-9.916000000000000000e+03,-3.090700000000000000e+04,-3.132300000000000000e+04,-2.434700000000000000e+04,1.600100000000000000e+04,-8.410000000000000000e+03
-2.379000000000000000e+03,-2.316500000000000000e+04,-2.253900000000000000e+04,3.547000000000000000e+03,-1.203200000000000000e+04,-8.910000000000000000e+03,-3.262700000000000000e+04,-4.784700000000000000e+04
-3.863000000000000000e+03,-2.245900000000000000e+04,-1.663500000000000000e+04,-5.075000000000000000e+03,2.021000000000000000e+03,-1.903800000000000000e+04,-2.798000000000000000e+04,-3.001500000000000000e+04
-2.631900000000000000e+04,-2.830900000000000000e+04,-2.238600000000000000e+04,2.028200000000000000e+04,-3.143700000000000000e+04,-9.980000000000000000e+02,-2.055400000000000000e+04,-4.438600000000000000e+04
-3.201400000000000000e+04,-1.050000000000000000e+04,-1.749600000000000000e+04,-2.646400000000000000e+04,-2.427400000000000000e+04,-2.675600000000000000e+04,2.106300000000000000e+04,-2.392900000000000000e+04
-3.627300000000000000e+04,-2.750500000000000000e+04,-1.350900000000000000e+04,-3.949400000000000000e+04,-4.011100000000000000e+04,-4.235100000000000000e+04,-3.287900000000000000e+04,2.367200000000000000e+04
-2.181500000000000000e+04,5.610000000000000000e+02,-1.920200000000000000e+04,2.805000000000000000e+03,-3.144400000000000000e+04,-7.205000000000000000e+03,-5.414000000000000000e+03,-4.044300000000000000e+04
-1.681200000000000000e+04,-1.830300000000000000e+04,-4.832000000000000000e+03,-3.274100000000000000e+04,-1.289600000000000000e+04,-2.712100000000000000e+04,-1.551400000000000000e+04,1.130700000000000000e+04
-1.061700000000000000e+04,1.610700000000000000e+04,-2.344800000000000000e+04,-1.397600000000000000e+04,-3.776800000000000000e+04,-1.388600000000000000e+04,-2.458500000000000000e+04,-2.285700000000000000e+04
-2.381000000000000000e+04,-1.290800000000000000e+04,-1.154000000000000000e+04,2.429000000000000000e+03,-4.529000000000000000e+04,1.102200000000000000e+04,-8.819000000000000000e+03,-5.151900000000000000e+04
3.991000000000000000e+03,-9.183000000000000000e+03,-2.939600000000000000e+04,-1.845200000000000000e+04,-1.789100000000000000e+04,-1.566000000000000000e+03,-1.227400000000000000e+04,-3.955500000000000000e+04
-3.082400000000000000e+04,-2.055700000000000000e+04,1.125100000000000000e+04,-1.112300000000000000e+04,-2.714700000000000000e+04,-1.890800000000000000e+04,-2.813000000000000000e+03,-2.530100000000000000e+04
-1.524800000000000000e+04,-1.274000000000000000e+04,-1.309900000000000000e+04,-2.611100000000000000e+04,-2.276800000000000000e+04,-1.709600000000000000e+04,-1.481800000000000000e+04,1.261100000000000000e+04
7.295000000000000000e+03,-1.939800000000000000e+04,-1.792600000000000000e+04,-7.617000000000000000e+03,6.410000000000000000e+02,-7.230000000000000000e+03,-3.509700000000000000e+04,-3.393100000000000000e+04
-2.304400000000000000e+04,-2.044000000000000000e+04,-1.195000000000000000e+04,-2.479900000000000000e+04,-2.125600000000000000e+04,-2.230500000000000000e+04,2.306800000000000000e+04,-3.006500000000000000e+04
-1.827100000000000000e+04,2.878400000000000000e+04,-2.946000000000000000e+04,-2.465400000000000000e+04,-6.004800000000000000e+04,-1.467500000000000000e+04,-2.871900000000000000e+04,-4.783700000000000000e+04
-2.060400000000000000e+04,-2.701800000000000000e+04,-4.006600000000000000e+04,-4.173300000000000000e+04,-2.221600000000000000e+04,-3.231500000000000000e+04,-1.635700000000000000e+04,2.108900000000000000e+04
-1.168000000000000000e+04,-1.970900000000000000e+04,-2.242000000000000000e+04,-9.249000000000000000e+03,-1.982100000000000000e+04,-3.359000000000000000e+03,-2.077700000000000000e+04,-2.505800000000000000e+04
4.281000000000000000e+03,-2.811800000000000000e+04,-1.760800000000000000e+04,-7.800000000000000000e+02,-1.075200000000000000e+04,-2.272000000000000000e+03,-3.663400000000000000e+04,-4.370500000000000000e+04
-1.200700000000000000e+04,-1.168000000000000000e+04,-1.171700000000000000e+04,7.319000000000000000e+03,-2.603700000000000000e+04,-2.720000000000000000e+03,-1.532500000000000000e+04,-3.946100000000000000e+04
-2.187600000000000000e+04,-2.710900000000000000e+04,-2.809500000000000000e+04,7.642000000000000000e+03,-1.646400000000000000e+04,7.308000000000000000e+03,-2.008400000000000000e+04,-2.941000000000000000e+04
-2.478500000000000000e+04,5.982000000000000000e+03,-2.398300000000000000e+04,-3.939500000000000000e+04,-1.796600000000000000e+04,-2.462900000000000000e+04,-1.438300000000000000e+04,-3.138900000000000000e+04
-1.382600000000000000e+04,-1.196400000000000000e+04,-8.677000000000000000e+03,-3.494200000000000000e+04,-8.241000000000000000e+03,-2.024100000000000000e+04,-1.146100000000000000e+04,9.259000000000000000e+03
-1.698400000000000000e+04,-1.204500000000000000e+04,-1.971800000000000000e+04,-2.161900000000000000e+04,-1.575400000000000000e+04,-9.204000000000000000e+03,-1.020600000000000000e+04,-4.199000000000000000e+03
-2.539900000000000000e+04,-1.702700000000000000e+04,-3.383000000000000000e+03,-2.597000000000000000e+04,-7.211000000000000000e+03,-2.579500000000000000e+04,-2.107500000000000000e+04,2.775000000000000000e+03
-2.535700000000000000e+04,-1.311300000000000000e+04,-2.955600000000000000e+04,-2.412600000000000000e+04,-4.424600000000000000e+04,-7.350000000000000000e+02,1.170900000000000000e+04,-4.004400000000000000e+04
-1.661900000000000000e+04,-1.239100000000000000e+04,-1.207400000000000000e+04,-2.302900000000000000e+04,-1.827800000000000000e+04,-2.323700000000000000e+04,1.171000000000000000e+04,-3.077400000000000000e+04
-2.353800000000000000e+04,-2.293200000000000000e+04,3.924000000000000000e+03,-1.783000000000000000e+04,-1.799900000000000000e+04,-3.369000000000000000e+04,-2.057600000000000000e+04,-7.423000000000000000e+03
-1.889900000000000000e+04,-1.707400000000000000e+04,-2.498400000000000000e+04,-2.131500000000000000e+04,-2.603700000000000000e+04,-2.782900000000000000e+04,-1.863100000000000000e+04,1.519400000000000000e+04
-1.526700000000000000e+04,-1.214200000000000000e+04,-1.774300000000000000e+04,3.768000000000000000e+03,-4.337200000000000000e+04,-5.302000000000000000e+03,-2.943400000000000000e+04,-3.135600000000000000e+04
3.181000000000000000e+03,-1.455600000000000000e+04,-1.962000000000000000e+03,-7.306000000000000000e+03,-2.306000000000000000e+03,-3.084300000000000000e+04,-3.488900000000000000e+04,-4.347800000000000000e+04
-6.506000000000000000e+03,-1.985800000000000000e+04,-3.347100000000000000e+04,6.460000000000000000e+02,-2.714500000000000000e+04,-2.922000000000000000e+03,-1.978600000000000000e+04,-3.392800000000000000e+04
-1.554800000000000000e+04,-1.027200000000000000e+04,-2.057700000000000000e+04,-1.254500000000000000e+04,-3.161900000000000000e+04,8.071000000000000000e+03,-2.441000000000000000e+04,-3.672600000000000000e+04
-3.198700000000000000e+04,-2.023300000000000000e+04,-8.676000000000000000e+03,-3.651700000000000000e+04,-2.445000000000000000e+04,-2.672300000000000000e+04,1.889200000000000000e+04,-3.001700000000000000e+04
-1.258800000000000000e+04,-1.581800000000000000e+04,-2.853100000000000000e+04,-2.204000000000000000e+03,-1.924300000000000000e+04,4.768000000000000000e+03,-2.223000000000000000e+04,-3.318800000000000000e+04
-1.790100000000000000e+04,-1.537700000000000000e+04,-2.105300000000000000e+04,3.019000000000000000e+03,-1.063500000000000000e+04,-1.035100000000000000e+04,-2.121400000000000000e+04,-4.125800000000000000e+04
-9.005000000000000000e+03,-9.968000000000000000e+03,-1.243300000000000000e+04,-1.020200000000000000e+04,-1.820800000000000000e+04,-1.902600000000000000e+04,-8.728000000000000000e+03,-2.113200000000000000e+04
-2.744400000000000000e+04,-3.049500000000000000e+04,-1.735200000000000000e+04,-2.224000000000000000e+03,-1.794200000000000000e+04,5.827000000000000000e+03,-1.613900000000000000e+04,-4.018700000000000000e+04
-2.899000000000000000e+04,-1.582300000000000000e+04,-1.646400000000000000e+04,-1.399200000000000000e+04,-2.710500000000000000e+04,-8.953000000000000000e+03,-2.867000000000000000e+03,-2.805100000000000000e+04
-1.497500000000000000e+04,1.849100000000000000e+04,-2.370000000000000000e+04,-8.733000000000000000e+03,-4.567800000000000000e+04,-1.802300000000000000e+04,-2.892700000000000000e+04,-4.367400000000000000e+04
-4.282000000000000000e+03,-1.842300000000000000e+04,-1.250500000000000000e+04,6.646000000000000000e+03,-4.607000000000000000e+03,8.730000000000000000e+02,-1.837200000000000000e+04,-1.926300000000000000e+04
-5.110900000000000000e+04,-1.422600000000000000e+04,-1.692200000000000000e+04,4.523000000000000000e+03,-3.555800000000000000e+04,-3.612300000000000000e+04,1.400500000000000000e+04,-4.545800000000000000e+04
-2.157100000000000000e+04,-9.096000000000000000e+03,-2.575900000000000000e+04,-2.670400000000000000e+04,-3.337500000000000000e+04,4.090000000000000000e+02,-7.759000000000000000e+03,-1.135400000000000000e+04
7.095000000000000000e+03,-9.137000000000000000e+03,-1.058600000000000000e+04,-1.879600000000000000e+04,-1.780900000000000000e+04,-2.826900000000000000e+04,-3.085600000000000000e+04,-4.205900000000000000e+04
-2.990400000000000000e+04,-1.126500000000000000e+04,-3.030500000000000000e+04,-1.595600000000000000e+04,-2.367600000000000000e+04,-1.472300000000000000e+04,8.325000000000000000e+03,-3.585000000000000000e+04
-3.296700000000000000e+04,-1.054000000000000000e+04,-2.347200000000000000e+04,3.596000000000000000e+03,-3.293100000000000000e+04,-3.173200000000000000e+04,1.098000000000000000e+04,-1.922400000000000000e+04
-2.229600000000000000e+04,-2.218600000000000000e+04,-1.961900000000000000e+04,-2.312000000000000000e+03,-1.630200000000000000e+04,4.475000000000000000e+03,-3.116500000000000000e+04,-2.771500000000000000e+04
-7.911000000000000000e+03,6.459000000000000000e+03,-3.338800000000000000e+04,-1.159700000000000000e+04,-6.121600000000000000e+04,-2.348000000000000000e+04,-3.291900000000000000e+04,-3.679100000000000000e+04
-4.848900000000000000e+04,-1.668600000000000000e+04,-2.700400000000000000e+04,-2.329900000000000000e+04,-3.966000000000000000e+04,-1.098400000000000000e+04,1.644600000000000000e+04,-3.207500000000000000e+04
-2.533000000000000000e+04,-1.590300000000000000e+04,-1.718400000000000000e+04,-1.547800000000000000e+04,-2.537100000000000000e+04,-2.071300000000000000e+04,1.722600000000000000e+04,-1.057100000000000000e+04
-1.687700000000000000e+04,-2.150400000000000000e+04,-2.008500000000000000e+04,1.040300000000000000e+04,-1.597100000000000000e+04,-3.945000000000000000e+03,-1.171100000000000000e+04,-3.467300000000000000e+04
-1.380200000000000000e+04,-3.020500000000000000e+04,-2.338400000000000000e+04,-1.293700000000000000e+04,2.175700000000000000e+04,-1.503400000000000000e+04,-2.967800000000000000e+04,-2.889600000000000000e+04
-8.991000000000000000e+03,-2.620500000000000000e+04,-2.581300000000000000e+04,1.041500000000000000e+04,-1.075900000000000000e+04,-1.174300000000000000e+04,-2.255500000000000000e+04,-3.735000000000000000e+04
-7.526000000000000000e+03,8.221000000000000000e+03,-2.186100000000000000e+04,-1.735200000000000000e+04,-5.033600000000000000e+04,-8.064000000000000000e+03,-1.391400000000000000e+04,-4.452400000000000000e+04
-2.165000000000000000e+04,-1.069900000000000000e+04,-1.854500000000000000e+04,-2.032500000000000000e+04,-1.423200000000000000e+04,-1.730000000000000000e+04,9.627000000000000000e+03,-8.838000000000000000e+03
-1.635200000000000000e+04,-1.872700000000000000e+04,-1.783800000000000000e+04,-1.659400000000000000e+04,-7.576000000000000000e+03,-2.067900000000000000e+04,5.530000000000000000e+03,-1.491400000000000000e+04
-1.215500000000000000e+04,-1.831600000000000000e+04,-1.126700000000000000e+04,-1.376600000000000000e+04,3.329000000000000000e+03,-2.463500000000000000e+04,-1.741000000000000000e+04,-1.588500000000000000e+04
-1.508000000000000000e+03,-9.643000000000000000e+03,-3.039000000000000000e+04,-5.461000000000000000e+03,-2.421500000000000000e+04,-1.537100000000000000e+04,-2.575900000000000000e+04,-3.500200000000000000e+04
-2.035500000000000000e+04,-1.597400000000000000e+04,-1.539100000000000000e+04,-1.953300000000000000e+04,-3.771600000000000000e+04,-1.570700000000000000e+04,1.869300000000000000e+04,-2.827200000000000000e+04
-1.773200000000000000e+04,-2.013000000000000000e+04,-1.538200000000000000e+04,1.749300000000000000e+04,-3.973000000000000000e+04,-6.098000000000000000e+03,-2.764800000000000000e+04,-4.638800000000000000e+04
-1.718000000000000000e+04,-1.692100000000000000e+04,-2.371600000000000000e+04,6.671000000000000000e+03,-3.234500000000000000e+04,2.753000000000000000e+03,-1.507900000000000000e+04,-4.189400000000000000e+04
-2.611300000000000000e+04,1.293500000000000000e+04,-2.463200000000000000e+04,-2.095200000000000000e+04,-4.829100000000000000e+04,-2.014300000000000000e+04,-1.631900000000000000e+04,-2.717000000000000000e+04
-2.527000000000000000e+04,-3.100600000000000000e+04,-3.572200000000000000e+04,-3.384900000000000000e+04,-2.853500000000000000e+04,-2.444800000000000000e+04,-1.981100000000000000e+04,2.245200000000000000e+04
-2.094600000000000000e+04,2.107500000000000000e+04,-2.059100000000000000e+04,-2.438000000000000000e+04,-5.222000000000000000e+04,-1.525700000000000000e+04,-3.065500000000000000e+04,-4.283100000000000000e+04
2.089900000000000000e+04,-2.170000000000000000e+04,-2.018000000000000000e+04,-1.264100000000000000e+04,-2.702800000000000000e+04,-1.562500000000000000e+04,-2.640300000000000000e+04,-4.542200000000000000e+04
-4.126000000000000000e+03,-6.096000000000000000e+03,-2.464300000000000000e+04,6.425000000000000000e+03,-2.736000000000000000e+04,-1.566200000000000000e+04,-2.154700000000000000e+04,-2.976700000000000000e+04
-9.481000000000000000e+03,-2.437200000000000000e+04,-2.726000000000000000e+04,-2.716000000000000000e+03,-3.468500000000000000e+04,6.157000000000000000e+03,-2.836700000000000000e+04,-5.075200000000000000e+04
-1.958900000000000000e+04,1.043800000000000000e+04,-2.170100000000000000e+04,-3.171500000000000000e+04,-3.301400000000000000e+04,-9.420000000000000000e+03,-2.584100000000000000e+04,-2.668300000000000000e+04
-2.376500000000000000e+04,2.978000000000000000e+04,-1.807400000000000000e+04,-2.537500000000000000e+04,-4.264000000000000000e+04,-1.903700000000000000e+04,-3.457700000000000000e+04,-5.021500000000000000e+04
-2.799400000000000000e+04,-2.205100000000000000e+04,4.208000000000000000e+03,-1.332400000000000000e+04,-7.809000000000000000e+03,-2.259900000000000000e+04,-7.797000000000000000e+03,-1.932700000000000000e+04
-1.581200000000000000e+04,-5.422000000000000000e+03,-1.159200000000000000e+04,-1.527400000000000000e+04,-2.360200000000000000e+04,-2.153300000000000000e+04,1.019900000000000000e+04,-1.850600000000000000e+04
-2.041400000000000000e+04,-1.941000000000000000e+04,-1.491800000000000000e+04,-3.288500000000000000e+04,-2.539500000000000000e+04,-1.481900000000000000e+04,-2.510400000000000000e+04,2.300700000000000000e+04
-2.522000000000000000e+03,-2.628800000000000000e+04,-1.545500000000000000e+04,4.250000000000000000e+03,-3.474100000000000000e+04,2.909000000000000000e+03,-3.373200000000000000e+04,-5.566600000000000000e+04
-9.127000000000000000e+03,-1.158900000000000000e+04,-2.928000000000000000e+03,-6.634000000000000000e+03,-2.506000000000000000e+03,-1.581400000000000000e+04,-2.613000000000000000e+04,-4.176200000000000000e+04
-1.751600000000000000e+04,-2.241800000000000000e+04,-5.874000000000000000e+03,-2.773300000000000000e+04,8.566000000000000000e+03,-4.003800000000000000e+04,-3.057400000000000000e+04,-1.868000000000000000e+04
-1.381200000000000000e+04,-5.947000000000000000e+03,-2.206000000000000000e+04,4.990000000000000000e+03,-2.494100000000000000e+04,-2.686000000000000000e+03,-2.701700000000000000e+04,-1.104500000000000000e+04
7.301000000000000000e+03,-2.007500000000000000e+04,-1.144900000000000000e+04,-2.523000000000000000e+03,-4.504000000000000000e+04,2.179000000000000000e+03,-3.741000000000000000e+04,-5.433400000000000000e+04
-2.005600000000000000e+04,-2.288900000000000000e+04,-2.015000000000000000e+04,-2.100700000000000000e+04,-7.962000000000000000e+03,5.742000000000000000e+03,-1.007200000000000000e+04,-3.774600000000000000e+04
-7.520000000000000000e+03,-2.733400000000000000e+04,-1.996900000000000000e+04,3.219000000000000000e+03,-1.956000000000000000e+04,1.851000000000000000e+04,-2.118200000000000000e+04,-2.615100000000000000e+04
7.110000000000000000e+03,-3.024400000000000000e+04,-2.081400000000000000e+04,-8.699000000000000000e+03,-1.499800000000000000e+04,-5.365000000000000000e+03,-3.996700000000000000e+04,-5.394800000000000000e+04
-1.676800000000000000e+04,-1.125300000000000000e+04,-1.638700000000000000e+04,5.269000000000000000e+03,-3.414200000000000000e+04,6.156000000000000000e+03,-2.597900000000000000e+04,-4.850600000000000000e+04
-1.539700000000000000e+04,-2.498000000000000000e+03,-3.040100000000000000e+04,-9.393000000000000000e+03,-2.657000000000000000e+04,-2.302000000000000000e+04,4.578000000000000000e+03,-3.292800000000000000e+04
1.899400000000000000e+04,-3.263200000000000000e+04,-1.429700000000000000e+04,-2.696300000000000000e+04,-1.060800000000000000e+04,2.720000000000000000e+02,-3.343500000000000000e+04,-4.000500000000000000e+04
-2.279000000000000000e+04,-1.489500000000000000e+04,-2.198000000000000000e+04,2.378000000000000000e+03,-1.154300000000000000e+04,-1.032700000000000000e+04,-1.990500000000000000e+04,-1.867700000000000000e+04
-6.135000000000000000e+03,-1.005200000000000000e+04,-6.653000000000000000e+03,-2.485000000000000000e+03,-2.442300000000000000e+04,-3.496600000000000000e+04,-3.955000000000000000e+03,-3.871800000000000000e+04
-1.667300000000000000e+04,7.691000000000000000e+03,-1.250600000000000000e+04,-1.410400000000000000e+04,-3.283400000000000000e+04,-1.191300000000000000e+04,-1.943100000000000000e+04,-4.595300000000000000e+04
-1.354600000000000000e+04,3.643000000000000000e+03,-1.747800000000000000e+04,-2.965000000000000000e+03,-1.961500000000000000e+04,-8.663000000000000000e+03,-1.719100000000000000e+04,-3.558400000000000000e+04
-3.498600000000000000e+04,-1.601800000000000000e+04,-1.627800000000000000e+04,-3.977000000000000000e+03,-2.972700000000000000e+04,-1.927400000000000000e+04,-5.520000000000000000e+02,-3.699700000000000000e+04
-3.614200000000000000e+04,-2.266100000000000000e+04,-1.821000000000000000e+04,-4.232300000000000000e+04,-1.954700000000000000e+04,-3.364600000000000000e+04,-1.663200000000000000e+04,1.021200000000000000e+04
-6.378000000000000000e+03,4.728000000000000000e+03,-2.246300000000000000e+04,-4.882000000000000000e+03,-4.431100000000000000e+04,-1.145700000000000000e+04,-2.916800000000000000e+04,-2.054300000000000000e+04
-1.907800000000000000e+04,-2.028300000000000000e+04,-7.125000000000000000e+03,-1.367300000000000000e+04,-5.480000000000000000e+02,-1.815400000000000000e+04,-2.210200000000000000e+04,-4.026800000000000000e+04
-2.622300000000000000e+04,-2.306600000000000000e+04,-2.851000000000000000e+04,-9.410000000000000000e+02,-9.459000000000000000e+03,8.520000000000000000e+02,8.100000000000000000e+01,-2.898300000000000000e+04
-2.401300000000000000e+04,-1.073000000000000000e+04,-2.859900000000000000e+04,1.143100000000000000e+04,-4.475700000000000000e+04,-7.901000000000000000e+03,-3.310700000000000000e+04,-3.683400000000000000e+04
-3.216200000000000000e+04,1.041200000000000000e+04,-1.065800000000000000e+04,-1.225900000000000000e+04,-3.983200000000000000e+04,-2.079000000000000000e+04,-1.232200000000000000e+04,-5.047600000000000000e+04
-2.668000000000000000e+03,-2.114300000000000000e+04,-1.857300000000000000e+04,4.168000000000000000e+03,-4.741000000000000000e+03,2.949000000000000000e+03,-1.905500000000000000e+04,-3.519400000000000000e+04
-3.572800000000000000e+04,-8.088000000000000000e+03,-1.829900000000000000e+04,-2.793500000000000000e+04,-3.383500000000000000e+04,-2.090900000000000000e+04,2.681000000000000000e+03,-3.445200000000000000e+04
-1.953900000000000000e+04,-1.270700000000000000e+04,-1.143500000000000000e+04,1.095000000000000000e+04,-2.065500000000000000e+04,-8.390000000000000000e+03,-1.354200000000000000e+04,-3.846000000000000000e+04
-3.946900000000000000e+04,-1.366100000000000000e+04,-8.693000000000000000e+03,-1.968200000000000000e+04,-4.095700000000000000e+04,-1.187800000000000000e+04,1.946100000000000000e+04,-2.705000000000000000e+04
-1.668700000000000000e+04,-1.516600000000000000e+04,-2.066400000000000000e+04,4.822000000000000000e+03,-1.555300000000000000e+04,9.417000000000000000e+03,-1.929600000000000000e+04,-1.985900000000000000e+04
-9.876000000000000000e+03,-1.803100000000000000e+04,-4.483000000000000000e+03,1.253000000000000000e+03,-1.352000000000000000e+04,-7.990000000000000000e+03,-2.224400000000000000e+04,-2.661000000000000000e+04
-3.315500000000000000e+04,-1.751700000000000000e+04,-2.415300000000000000e+04,-3.449100000000000000e+04,-2.168300000000000000e+04,-3.465800000000000000e+04,-1.628200000000000000e+04,1.185400000000000000e+04
-3.278800000000000000e+04,-1.449200000000000000e+04,2.144000000000000000e+03,-1.241900000000000000e+04,-3.214000000000000000e+03,-3.259500000000000000e+04,-2.664600000000000000e+04,-9.923000000000000000e+03
-4.609200000000000000e+04,2.933100000000000000e+04,-3.372600000000000000e+04,-1.003000000000000000e+04,-4.695900000000000000e+04,-1.909300000000000000e+04,-2.644400000000000000e+04,-4.425800000000000000e+04
-2.072300000000000000e+04,-8.140000000000000000e+03,-1.489000000000000000e+04,4.344000000000000000e+03,-4.421400000000000000e+04,-6.044000000000000000e+03,-1.453400000000000000e+04,-3.555100000000000000e+04
-1.269600000000000000e+04,-1.125900000000000000e+04,-1.287600000000000000e+04,3.726000000000000000e+03,-2.693100000000000000e+04,-7.228000000000000000e+03,-1.592100000000000000e+04,-3.159900000000000000e+04
-1.818900000000000000e+04,1.920600000000000000e+04,-3.563700000000000000e+04,-3.275200000000000000e+04,-2.894900000000000000e+04,-7.905000000000000000e+03,-1.326700000000000000e+04,-3.695900000000000000e+04
-2.493500000000000000e+04,-1.086600000000000000e+04,-2.739000000000000000e+04,1.376200000000000000e+04,-2.472600000000000000e+04,9.305000000000000000e+03,-1.381800000000000000e+04,-3.011600000000000000e+04
-2.780400000000000000e+04,-1.700500000000000000e+04,-1.493900000000000000e+04,-2.439700000000000000e+04,-6.552000000000000000e+03,-9.560000000000000000e+03,1.895700000000000000e+04,-1.707500000000000000e+04
-3.128400000000000000e+04,-2.515100000000000000e+04,-8.395000000000000000e+03,-2.399100000000000000e+04,-1.267400000000000000e+04,-3.514900000000000000e+04,-2.768600000000000000e+04,-5.926000000000000000e+03
4.960000000000000000e+02,-1.548500000000000000e+04,-2.131100000000000000e+04,-7.987000000000000000e+03,-1.960700000000000000e+04,2.157000000000000000e+03,-2.114500000000000000e+04,-3.978600000000000000e+04
-7.642000000000000000e+03,-1.307100000000000000e+04,-1.306500000000000000e+04,6.245000000000000000e+03,-1.774300000000000000e+04,-7.509000000000000000e+03,-2.204400000000000000e+04,-3.690900000000000000e+04
-3.190500000000000000e+04,-2.745800000000000000e+04,-2.122600000000000000e+04,-3.245500000000000000e+04,-3.156000000000000000e+04,-3.186700000000000000e+04,-1.701500000000000000e+04,1.980000000000000000e+04
-2.544200000000000000e+04,-1.015100000000000000e+04,-1.981500000000000000e+04,-3.223900000000000000e+04,-3.009500000000000000e+04,-1.731700000000000000e+04,1.502600000000000000e+04,-2.305200000000000000e+04
-3.427000000000000000e+04,-3.355900000000000000e+04,7.610000000000000000e+02,-2.408400000000000000e+04,-2.008300000000000000e+04,-5.446000000000000000e+04,-3.424900000000000000e+04,1.389700000000000000e+04
-1.847000000000000000e+04,-1.677000000000000000e+04,-2.866600000000000000e+04,-2.295000000000000000e+03,-3.872400000000000000e+04,-1.915200000000000000e+04,-1.512800000000000000e+04,-3.665700000000000000e+04
-1.473500000000000000e+04,9.086000000000000000e+03,-2.290400000000000000e+04,-2.363800000000000000e+04,-3.953000000000000000e+04,-9.680000000000000000e+03,-3.187600000000000000e+04,-3.697600000000000000e+04
-1.076600000000000000e+04,-2.474100000000000000e+04,-1.987000000000000000e+04,7.901000000000000000e+03,-3.132000000000000000e+03,-9.980000000000000000e+03,-1.850100000000000000e+04,-2.983000000000000000e+04
7.796000000000000000e+03,-2.374900000000000000e+04,-1.816500000000000000e+04,-1.680000000000000000e+04,-1.901200000000000000e+04,1.764100000000000000e+04,-3.916000000000000000e+04,-4.419400000000000000e+04
-2.111800000000000000e+04,9.845000000000000000e+03,-1.763100000000000000e+04,-2.640900000000000000e+04,-3.661400000000000000e+04,-1.796500000000000000e+04,-6.624000000000000000e+03,-2.417100000000000000e+04
-1.757700000000000000e+04,1.036200000000000000e+04,-1.727100000000000000e+04,-2.637000000000000000e+04,-3.866300000000000000e+04,-1.988800000000000000e+04,-1.934500000000000000e+04,-3.461500000000000000e+04
-3.196400000000000000e+04,-1.003400000000000000e+04,-3.104100000000000000e+04,-1.458500000000000000e+04,-3.965200000000000000e+04,-5.347000000000000000e+03,3.689000000000000000e+03,-3.693000000000000000e+04
-4.858500000000000000e+04,-2.659200000000000000e+04,-3.218000000000000000e+03,-4.327300000000000000e+04,-2.928100000000000000e+04,-4.026200000000000000e+04,-2.966800000000000000e+04,1.393900000000000000e+04
-9.238000000000000000e+03,-2.829100000000000000e+04,-4.762000000000000000e+03,-7.860000000000000000e+03,-3.992600000000000000e+04,1.400400000000000000e+04,-3.832400000000000000e+04,-5.382200000000000000e+04
-1.060600000000000000e+04,-1.339200000000000000e+04,-2.122300000000000000e+04,6.377000000000000000e+03,-3.117700000000000000e+04,1.373000000000000000e+04,-2.868000000000000000e+04,-2.952900000000000000e+04
-2.393700000000000000e+04,1.987900000000000000e+04,-2.170100000000000000e+04,-3.329700000000000000e+04,-6.160200000000000000e+04,-1.677000000000000000e+04,-2.011800000000000000e+04,-4.048300000000000000e+04
-2.440600000000000000e+04,-1.676800000000000000e+04,-1.590300000000000000e+04,-7.340000000000000000e+02,-5.460000000000000000e+02,-1.584600000000000000e+04,-2.410300000000000000e+04,-3.305900000000000000e+04
-3.544000000000000000e+04,-2.514700000000000000e+04,-2.184800000000000000e+04,-4.127200000000000000e+04,-3.716900000000000000e+04,-5.080100000000000000e+04,-2.767500000000000000e+04,2.340100000000000000e+04
-1.838000000000000000e+03,-2.582900000000000000e+04,-2.084100000000000000e+04,9.476000000000000000e+03,-2.999900000000000000e+04,8.887000000000000000e+03,-1.657600000000000000e+04,-3.630500000000000000e+04
-2.024300000000000000e+04,-1.464200000000000000e+04,-8.955000000000000000e+03,-7.136000000000000000e+03,-2.191900000000000000e+04,-2.192000000000000000e+03,-1.156800000000000000e+04,-1.859900000000000000e+04
-2.138900000000000000e+04,2.561800000000000000e+04,-2.858400000000000000e+04,-2.714300000000000000e+04,-4.918200000000000000e+04,-1.588000000000000000e+04,-2.539000000000000000e+04,-2.986200000000000000e+04
-2.936000000000000000e+04,3.403800000000000000e+04,-3.454100000000000000e+04,-2.411600000000000000e+04,-6.629100000000000000e+04,-2.891300000000000000e+04,-3.516000000000000000e+04,-3.373200000000000000e+04
-3.245600000000000000e+04,-2.387200000000000000e+04,2.428000000000000000e+03,-9.515000000000000000e+03,-3.291000000000000000e+03,-1.676200000000000000e+04,-2.404300000000000000e+04,-3.664300000000000000e+04
-1.989800000000000000e+04,-1.878400000000000000e+04,-1.470100000000000000e+04,-3.365800000000000000e+04,-2.203800000000000000e+04,-3.119500000000000000e+04,2.522900000000000000e+04,-1.338100000000000000e+04
-1.955900000000000000e+04,-1.831600000000000000e+04,-2.917300000000000000e+04,-4.169000000000000000e+03,-1.808100000000000000e+04,9.661000000000000000e+03,-1.058900000000000000e+04,-3.140600000000000000e+04
-1.303800000000000000e+04,-1.217600000000000000e+04,-8.868000000000000000e+03,8.570000000000000000e+02,-2.403200000000000000e+04,-8.241000000000000000e+03,-7.708000000000000000e+03,-3.187000000000000000e+04
3.661000000000000000e+03,-2.160100000000000000e+04,-9.719000000000000000e+03,-1.065300000000000000e+04,-3.362000000000000000e+03,-1.392000000000000000e+03,-1.852700000000000000e+04,-4.156300000000000000e+04
4.750000000000000000e+03,-2.053800000000000000e+04,-2.737200000000000000e+04,-2.933000000000000000e+04,-1.068000000000000000e+04,-1.048100000000000000e+04,-2.470800000000000000e+04,-3.926000000000000000e+04
-1.138400000000000000e+04,1.457000000000000000e+03,-1.651800000000000000e+04,-1.362300000000000000e+04,-3.331900000000000000e+04,-1.395300000000000000e+04,-5.238000000000000000e+03,-3.357700000000000000e+04
2.149000000000000000e+03,-2.298500000000000000e+04,-1.626200000000000000e+04,-5.076000000000000000e+03,-6.070000000000000000e+03,-1.294300000000000000e+04,-3.079600000000000000e+04,-4.271400000000000000e+04
-1.587500000000000000e+04,5.388000000000000000e+03,-2.473500000000000000e+04,-3.847000000000000000e+03,-3.700900000000000000e+04,-1.747600000000000000e+04,-6.741000000000000000e+03,-2.729400000000000000e+04
-3.951200000000000000e+04,-1.901200000000000000e+04,2.794000000000000000e+03,-2.993000000000000000e+04,-1.780800000000000000e+04,-2.210500000000000000e+04,-7.825000000000000000e+03,-3.452000000000000000e+03
-2.600000000000000000e+03,3.513000000000000000e+03,-2.047600000000000000e+04,-3.392800000000000000e+04,-3.733900000000000000e+04,-3.058200000000000000e+04,-2.292400000000000000e+04,-3.541100000000000000e+04
-2.329200000000000000e+04,-1.816300000000000000e+04,-1.161000000000000000e+04,-1.937100000000000000e+04,-1.513000000000000000e+03,-2.923900000000000000e+04,-2.542600000000000000e+04,-1.020800000000000000e+04
-1.322200000000000000e+04,-1.249200000000000000e+04,-1.713000000000000000e+04,-3.723000000000000000e+03,-1.307300000000000000e+04,-2.034000000000000000e+03,-2.952700000000000000e+04,-4.302000000000000000e+03
-9.529000000000000000e+03,-1.767300000000000000e+04,-1.681200000000000000e+04,-9.750000000000000000e+02,-4.039000000000000000e+03,8.450000000000000000e+02,-1.998200000000000000e+04,-3.767900000000000000e+04
-2.619700000000000000e+04,-1.621500000000000000e+04,-1.687400000000000000e+04,7.583000000000000000e+03,-3.225600000000000000e+04,1.113400000000000000e+04,-1.143600000000000000e+04,-2.399700000000000000e+04
-2.130100000000000000e+04,-1.186300000000000000e+04,2.535000000000000000e+03,-2.023000000000000000e+04,-7.278000000000000000e+03,-3.087800000000000000e+04,-2.756600000000000000e+04,-1.381200000000000000e+04
-1.431700000000000000e+04,2.601600000000000000e+04,-1.634400000000000000e+04,-2.394400000000000000e+04,-4.463500000000000000e+04,-2.664900000000000000e+04,-3.244200000000000000e+04,-5.300300000000000000e+04
-1.179100000000000000e+04,2.633100000000000000e+04,-2.567200000000000000e+04,-2.204800000000000000e+04,-4.278000000000000000e+04,-2.717100000000000000e+04,-2.564700000000000000e+04,-3.685700000000000000e+04
-5.309500000000000000e+04,-2.817600000000000000e+04,-2.690500000000000000e+04,-2.798300000000000000e+04,-3.030600000000000000e+04,-3.029000000000000000e+03,3.179600000000000000e+04,-3.138300000000000000e+04
-1.640500000000000000e+04,-1.485000000000000000e+04,-2.125400000000000000e+04,-7.663000000000000000e+03,-2.063300000000000000e+04,1.670800000000000000e+04,-1.919600000000000000e+04,-1.404700000000000000e+04
-1.821800000000000000e+04,-7.970000000000000000e+03,-1.557000000000000000e+04,-1.075100000000000000e+04,-2.571800000000000000e+04,-1.526700000000000000e+04,-1.370100000000000000e+04,-4.744500000000000000e+04
-2.908500000000000000e+04,-2.169800000000000000e+04,-2.114900000000000000e+04,-2.354700000000000000e+04,-3.783400000000000000e+04,-1.670600000000000000e+04,1.362700000000000000e+04,-2.449900000000000000e+04
-1.844200000000000000e+04,-1.741900000000000000e+04,-1.713600000000000000e+04,-1.649600000000000000e+04,-1.505300000000000000e+04,-1.039300000000000000e+04,-5.085000000000000000e+03,-2.826000000000000000e+04
-2.110800000000000000e+04,-3.078200000000000000e+04,-1.391200000000000000e+04,-2.264200000000000000e+04,1.183000000000000000e+04,-2.493400000000000000e+04,-3.446600000000000000e+04,-2.008400000000000000e+04
-3.785600000000000000e+04,-2.704100000000000000e+04,9.836000000000000000e+03,-2.433700000000000000e+04,-1.860600000000000000e+04,-4.843800000000000000e+04,-2.608900000000000000e+04,1.010700000000000000e+04
-2.864500000000000000e+04,3.471000000000000000e+03,-2.215000000000000000e+04,-4.970000000000000000e+03,-3.983300000000000000e+04,-1.204600000000000000e+04,-2.563600000000000000e+04,-2.708000000000000000e+04
-2.819300000000000000e+04,-1.855000000000000000e+04,-7.896000000000000000e+03,-2.574300000000000000e+04,-2.528100000000000000e+04,-1.226500000000000000e+04,1.557500000000000000e+04,-3.217100000000000000e+04
-3.324300000000000000e+04,-2.077600000000000000e+04,-2.040000000000000000e+04,-3.805800000000000000e+04,-2.419100000000000000e+04,-3.455000000000000000e+04,-2.576700000000000000e+04,1.585800000000000000e+04
-2.739800000000000000e+04,-6.581000000000000000e+03,-2.846000000000000000e+03,-3.835000000000000000e+03,-2.413300000000000000e+04,-1.125600000000000000e+04,3.651000000000000000e+03,-3.509600000000000000e+04
-2.208300000000000000e+04,-2.226200000000000000e+04,-2.056600000000000000e+04,-1.997900000000000000e+04,-1.274100000000000000e+04,-1.435100000000000000e+04,-1.207700000000000000e+04,1.416900000000000000e+04
-1.107700000000000000e+04,-1.212300000000000000e+04,4.440000000000000000e+03,7.144000000000000000e+03,-2.392000000000000000e+04,-2.440000000000000000e+04,-3.124000000000000000e+04,-4.170800000000000000e+04
9.560000000000000000e+02,-2.528100000000000000e+04,-2.080000000000000000e+04,-1.287000000000000000e+04,-3.622000000000000000e+03,-8.260000000000000000e+03,-3.677300000000000000e+04,-5.265200000000000000e+04
-3.301000000000000000e+04,-2.139300000000000000e+04,-1.453700000000000000e+04,-3.195300000000000000e+04,-2.832400000000000000e+04,-4.688000000000000000e+04,-3.085700000000000000e+04,2.037800000000000000e+04
-3.589000000000000000e+04,-1.970400000000000000e+04,-2.675000000000000000e+03,-4.123100000000000000e+04,-3.401100000000000000e+04,-4.209400000000000000e+04,-2.852100000000000000e+04,1.245400000000000000e+04
-8.336000000000000000e+03,2.143800000000000000e+04,-2.098800000000000000e+04,-1.393100000000000000e+04,-6.463700000000000000e+04,-2.019500000000000000e+04,-3.990200000000000000e+04,-5.279500000000000000e+04
-3.407000000000000000e+04,-1.725700000000000000e+04,-5.160000000000000000e+03,-3.278700000000000000e+04,-2.906100000000000000e+04,-4.908000000000000000e+04,-2.783300000000000000e+04,1.312400000000000000e+04
-2.804300000000000000e+04,-1.175000000000000000e+04,-7.817000000000000000e+03,-2.384500000000000000e+04,-3.040200000000000000e+04,-1.548800000000000000e+04,-1.829300000000000000e+04,1.582600000000000000e+04
-2.739000000000000000e+03,-2.635100000000000000e+04,-1.886000000000000000e+04,-5.397000000000000000e+03,-1.126900000000000000e+04,4.869000000000000000e+03,-3.189100000000000000e+04,-4.027300000000000000e+04
-8.828000000000000000e+03,-2.521600000000000000e+04,-1.194000000000000000e+03,-9.640000000000000000e+03,-5.576000000000000000e+03,-2.954600000000000000e+04,-1.426200000000000000e+04,-3.363400000000000000e+04
-2.063800000000000000e+04,2.062100000000000000e+04,-1.123000000000000000e+04,-1.930300000000000000e+04,-4.040400000000000000e+04,-8.970000000000000000e+03,-2.469000000000000000e+04,-5.219200000000000000e+04
-2.473000000000000000e+04,-2.871100000000000000e+04,-2.147700000000000000e+04,-2.060400000000000000e+04,-3.429400000000000000e+04,-3.601500000000000000e+04,-1.278800000000000000e+04,7.629000000000000000e+03
-8.094000000000000000e+03,-1.170800000000000000e+04,-2.060700000000000000e+04,3.292000000000000000e+03,-3.953000000000000000e+04,1.086200000000000000e+04,-2.649200000000000000e+04,-2.941500000000000000e+04
-3.415000000000000000e+03,-3.650000000000000000e+03,-2.137000000000000000e+04,-3.396200000000000000e+04,-1.153200000000000000e+04,2.048900000000000000e+04,-1.678100000000000000e+04,-6.848000000000000000e+03
-6.008000000000000000e+03,-2.830500000000000000e+04,-2.224000000000000000e+03,-1.102800000000000000e+04,7.124000000000000000e+03,-2.204000000000000000e+04,-2.737700000000000000e+04,-2.981800000000000000e+04
6.295000000000000000e+03,-1.581300000000000000e+04,-3.234500000000000000e+04,-5.709000000000000000e+03,-1.084000000000000000e+03,-1.625900000000000000e+04,-3.046500000000000000e+04,-4.771400000000000000e+04
-2.371600000000000000e+04,-2.912400000000000000e+04,8.894000000000000000e+03,-2.042600000000000000e+04,-3.495000000000000000e+03,-3.601200000000000000e+04,-1.787300000000000000e+04,-3.104000000000000000e+03
-2.953100000000000000e+04,-1.739900000000000000e+04,-2.458200000000000000e+04,-2.718100000000000000e+04,-2.090500000000000000e+04,-2.179900000000000000e+04,-1.515500000000000000e+04,2.471700000000000000e+04
-2.324000000000000000e+04,1.453200000000000000e+04,-1.607200000000000000e+04,-1.535200000000000000e+04,-6.126300000000000000e+04,-1.722800000000000000e+04,-3.216200000000000000e+04,-5.173900000000000000e+04
-1.438200000000000000e+04,1.751500000000000000e+04,-1.707300000000000000e+04,-8.382000000000000000e+03,-4.374800000000000000e+04,-2.761500000000000000e+04,-1.416500000000000000e+04,-4.370700000000000000e+04
-4.468000000000000000e+03,-1.847200000000000000e+04,-1.551200000000000000e+04,-4.419000000000000000e+03,-2.162800000000000000e+04,-6.447000000000000000e+03,-3.927500000000000000e+04,-4.448400000000000000e+04
-2.024500000000000000e+04,-2.215600000000000000e+04,-2.463100000000000000e+04,-2.780300000000000000e+04,-2.118800000000000000e+04,-2.673600000000000000e+04,-2.126300000000000000e+04,1.854900000000000000e+04
-2.037000000000000000e+04,-1.609400000000000000e+04,-1.290300000000000000e+04,-7.641000000000000000e+03,-1.475400000000000000e+04,-9.780000000000000000e+03,3.233000000000000000e+03,-2.480400000000000000e+04
-4.676000000000000000e+03,-2.372700000000000000e+04,-1.990200000000000000e+04,1.934400000000000000e+04,-1.348600000000000000e+04,-2.207000000000000000e+04,-2.421600000000000000e+04,-4.188800000000000000e+04
6.203000000000000000e+03,-3.000100000000000000e+04,-2.673000000000000000e+04,-2.294000000000000000e+03,-1.733100000000000000e+04,-4.518000000000000000e+03,-2.330700000000000000e+04,-4.233300000000000000e+04
-2.626200000000000000e+04,1.306500000000000000e+04,-1.767600000000000000e+04,-1.855400000000000000e+04,-5.926100000000000000e+04,-7.737000000000000000e+03,-2.852500000000000000e+04,-3.530600000000000000e+04
-1.729300000000000000e+04,-1.777600000000000000e+04,-2.456400000000000000e+04,1.745900000000000000e+04,-1.145100000000000000e+04,-2.753000000000000000e+03,-2.059300000000000000e+04,-2.835700000000000000e+04
-2.978000000000000000e+04,-2.361800000000000000e+04,-2.253000000000000000e+03,-7.929000000000000000e+03,8.663000000000000000e+03,-3.109900000000000000e+04,-2.809200000000000000e+04,-1.753900000000000000e+04
-2.995500000000000000e+04,-1.930200000000000000e+04,1.454000000000000000e+04,-3.379700000000000000e+04,-2.460700000000000000e+04,-3.560500000000000000e+04,-5.618000000000000000e+03,-6.317000000000000000e+03
-1.579100000000000000e+04,1.916600000000000000e+04,-2.186900000000000000e+04,-2.341400000000000000e+04,-3.748600000000000000e+04,-1.270500000000000000e+04,-2.151100000000000000e+04,-4.134600000000000000e+04
-2.108100000000000000e+04,-2.075300000000000000e+04,8.386000000000000000e+03,-1.728700000000000000e+04,-7.753000000000000000e+03,-2.823300000000000000e+04,-2.245600000000000000e+04,-2.217400000000000000e+04
-3.040200000000000000e+04,-9.880000000000000000e+02,-2.486400000000000000e+04,-9.876000000000000000e+03,-4.159200000000000000e+04,-3.162400000000000000e+04,-1.749100000000000000e+04,-3.294500000000000000e+04
-1.795800000000000000e+04,3.454000000000000000e+03,-3.555400000000000000e+04,-8.179000000000000000e+03,-2.989600000000000000e+04,-1.412600000000000000e+04,-2.466100000000000000e+04,-2.174500000000000000e+04
-3.375800000000000000e+04,-1.608900000000000000e+04,-9.543000000000000000e+03,5.530000000000000000e+02,-2.943500000000000000e+04,-3.323000000000000000e+03,-4.258000000000000000e+03,-3.344400000000000000e+04
-5.526000000000000000e+03,2.406200000000000000e+04,-1.753600000000000000e+04,-3.807200000000000000e+04,-2.937600000000000000e+04,-2.170200000000000000e+04,-2.697500000000000000e+04,-2.575700000000000000e+04
-2.714900000000000000e+04,-5.651000000000000000e+03,-1.840300000000000000e+04,-1.304200000000000000e+04,-3.479900000000000000e+04,-2.991400000000000000e+04,1.182100000000000000e+04,-4.308800000000000000e+04
-2.565400000000000000e+04,-9.530000000000000000e+03,-1.443100000000000000e+04,-1.617300000000000000e+04,-3.532600000000000000e+04,-3.415200000000000000e+04,2.318900000000000000e+04,-3.961700000000000000e+04
-4.040400000000000000e+04,-1.726000000000000000e+04,-1.619300000000000000e+04,-2.039100000000000000e+04,-4.541100000000000000e+04,-7.316000000000000000e+03,2.514200000000000000e+04,-4.209800000000000000e+04
-3.911000000000000000e+03,-2.868300000000000000e+04,-1.507200000000000000e+04,-1.198900000000000000e+04,4.233000000000000000e+03,-1.959700000000000000e+04,-2.390900000000000000e+04,-3.111300000000000000e+04
-2.124300000000000000e+04,-2.014200000000000000e+04,-1.126300000000000000e+04,7.368000000000000000e+03,-5.326000000000000000e+03,-7.362000000000000000e+03,-7.537000000000000000e+03,-3.401800000000000000e+04
-1.014000000000000000e+04,-1.635900000000000000e+04,-1.743000000000000000e+03,-1.512000000000000000e+03,-1.073900000000000000e+04,-2.597300000000000000e+04,-1.719600000000000000e+04,-3.751600000000000000e+04
-6.919000000000000000e+03,-2.066400000000000000e+04,-2.063600000000000000e+04,-3.341000000000000000e+03,-9.604000000000000000e+03,1.411000000000000000e+03,-2.907200000000000000e+04,-3.482000000000000000e+04
-7.617000000000000000e+03,2.052400000000000000e+04,-2.400600000000000000e+04,-2.309400000000000000e+04,-3.902100000000000000e+04,-1.608200000000000000e+04,-2.725600000000000000e+04,-4.091400000000000000e+04
6.474000000000000000e+03,-2.224200000000000000e+04,-9.677000000000000000e+03,-5.891000000000000000e+03,-1.996800000000000000e+04,-3.151000000000000000e+03,-3.248100000000000000e+04,-4.373500000000000000e+04
-1.226700000000000000e+04,8.116000000000000000e+03,-1.508400000000000000e+04,-9.111000000000000000e+03,-3.518900000000000000e+04,-2.303300000000000000e+04,-2.487000000000000000e+04,-1.881700000000000000e+04
-2.841200000000000000e+04,-2.376600000000000000e+04,2.551300000000000000e+04,-1.773100000000000000e+04,-1.464000000000000000e+04,-3.177800000000000000e+04,-1.686200000000000000e+04,-1.259400000000000000e+04
-1.334000000000000000e+04,-2.417900000000000000e+04,-1.483300000000000000e+04,-3.601000000000000000e+03,-2.583000000000000000e+04,4.444000000000000000e+03,-2.626200000000000000e+04,-1.862800000000000000e+04
-1.738300000000000000e+04,1.965000000000000000e+03,-2.926500000000000000e+04,-1.367200000000000000e+04,-2.778400000000000000e+04,-1.598000000000000000e+03,-9.672000000000000000e+03,-1.729000000000000000e+04
-2.754300000000000000e+04,-2.546400000000000000e+04,-1.768000000000000000e+04,-3.963000000000000000e+04,-1.778500000000000000e+04,-2.725600000000000000e+04,3.949900000000000000e+04,-2.156100000000000000e+04
-3.314000000000000000e+03,-2.711000000000000000e+03,-2.086500000000000000e+04,-1.177000000000000000e+04,-4.356000000000000000e+04,-3.564800000000000000e+04,-1.944700000000000000e+04,-2.158900000000000000e+04
-2.211100000000000000e+04,-2.108600000000000000e+04,-1.100700000000000000e+04,-2.388300000000000000e+04,4.850000000000000000e+03,-1.226100000000000000e+04,-1.568300000000000000e+04,-1.585700000000000000e+04
-2.300900000000000000e+04,-1.845400000000000000e+04,-2.309400000000000000e+04,-2.158200000000000000e+04,-3.890300000000000000e+04,-1.889300000000000000e+04,1.131100000000000000e+04,-1.638700000000000000e+04
-3.362900000000000000e+04,-1.377300000000000000e+04,-7.619000000000000000e+03,-2.425900000000000000e+04,-9.639000000000000000e+03,-2.706100000000000000e+04,-2.147300000000000000e+04,-5.489000000000000000e+03
-3.883000000000000000e+03,-2.771300000000000000e+04,-2.035800000000000000e+04,-2.459900000000000000e+04,1.705500000000000000e+04,-2.852700000000000000e+04,-3.308400000000000000e+04,-1.402500000000000000e+04
-1.630600000000000000e+04,-1.353400000000000000e+04,-1.193200000000000000e+04,-1.142100000000000000e+04,-3.230400000000000000e+04,-2.716600000000000000e+04,4.943000000000000000e+03,-2.588000000000000000e+04
-1.793100000000000000e+04,-1.094800000000000000e+04,-1.586100000000000000e+04,-4.068000000000000000e+03,-2.106300000000000000e+04,-5.868000000000000000e+03,-1.984000000000000000e+03,-4.784700000000000000e+04
4.362000000000000000e+03,-2.668100000000000000e+04,-1.750600000000000000e+04,1.539900000000000000e+04,-2.860900000000000000e+04,5.695000000000000000e+03,-2.020500000000000000e+04,-3.939600000000000000e+04
-3.213100000000000000e+04,-1.534400000000000000e+04,-2.752400000000000000e+04,2.610000000000000000e+03,-4.074300000000000000e+04,1.832800000000000000e+04,-2.043000000000000000e+04,-3.232400000000000000e+04
-1.414300000000000000e+04,-2.006500000000000000e+04,-8.932000000000000000e+03,-1.701000000000000000e+03,1.226100000000000000e+04,-2.286600000000000000e+04,-2.884200000000000000e+04,-2.265900000000000000e+04
-3.149100000000000000e+04,-2.475100000000000000e+04,7.075000000000000000e+03,-1.294200000000000000e+04,1.458400000000000000e+04,-3.628000000000000000e+04,-2.251600000000000000e+04,-2.507800000000000000e+04
-3.192600000000000000e+04,-2.445400000000000000e+04,-2.593200000000000000e+04,-4.586100000000000000e+04,-3.751900000000000000e+04,-2.965100000000000000e+04,-3.257100000000000000e+04,1.993800000000000000e+04
-2.478700000000000000e+04,-2.402600000000000000e+04,-2.203400000000000000e+04,-1.900100000000000000e+04,-1.956000000000000000e+04,-2.694900000000000000e+04,1.447500000000000000e+04,-1.855600000000000000e+04
-3.744800000000000000e+04,-2.651400000000000000e+04,-2.645200000000000000e+04,-8.713000000000000000e+03,-2.592800000000000000e+04,-2.050900000000000000e+04,9.980000000000000000e+03,-2.522400000000000000e+04
-1.888200000000000000e+04,-1.539200000000000000e+04,-2.095800000000000000e+04,-2.517400000000000000e+04,-2.917100000000000000e+04,-2.009100000000000000e+04,1.539200000000000000e+04,-2.968600000000000000e+04
-2.438000000000000000e+04,-2.341800000000000000e+04,-2.190600000000000000e+04,-2.208700000000000000e+04,-2.513000000000000000e+04,-2.889500000000000000e+04,-1.720900000000000000e+04,2.093600000000000000e+04
-3.698500000000000000e+04,-1.373000000000000000e+04,-1.266300000000000000e+04,1.012400000000000000e+04,-2.060400000000000000e+04,-3.068000000000000000e+03,-9.216000000000000000e+03,-4.150400000000000000e+04
-1.838700000000000000e+04,-1.065200000000000000e+04,-1.862100000000000000e+04,-2.159700000000000000e+04,-1.648900000000000000e+04,-2.327700000000000000e+04,1.740400000000000000e+04,-2.114900000000000000e+04
-1.811200000000000000e+04,-6.302000000000000000e+03,-1.529700000000000000e+04,4.238000000000000000e+03,-3.914500000000000000e+04,1.695000000000000000e+03,-3.172000000000000000e+04,-2.806800000000000000e+04
-2.031900000000000000e+04,2.224800000000000000e+04,-2.974700000000000000e+04,-2.833400000000000000e+04,-4.195300000000000000e+04,-7.790000000000000000e+02,-3.055000000000000000e+04,-3.294000000000000000e+04
-2.799000000000000000e+04,-1.370400000000000000e+04,-1.708000000000000000e+04,-1.491900000000000000e+04,-2.499300000000000000e+04,-2.249600000000000000e+04,1.271100000000000000e+04,-1.758400000000000000e+04
-1.930900000000000000e+04,1.938600000000000000e+04,-2.409000000000000000e+04,-1.515400000000000000e+04,-3.620400000000000000e+04,-1.076300000000000000e+04,-3.307200000000000000e+04,-3.192000000000000000e+04
-2.062200000000000000e+04,-1.846800000000000000e+04,-2.159900000000000000e+04,6.002000000000000000e+03,-2.164100000000000000e+04,2.024000000000000000e+03,-1.841500000000000000e+04,-2.973900000000000000e+04
-1.417000000000000000e+04,-2.055000000000000000e+04,-1.148800000000000000e+04,-1.679700000000000000e+04,-2.044800000000000000e+04,-1.743900000000000000e+04,-2.489100000000000000e+04,2.304600000000000000e+04
-8.138000000000000000e+03,-1.602400000000000000e+04,-2.284800000000000000e+04,-2.596000000000000000e+04,-3.660300000000000000e+04,1.490000000000000000e+04,-2.790000000000000000e+02,-2.736200000000000000e+04
-8.458000000000000000e+03,-8.910000000000000000e+02,-5.444000000000000000e+03,-1.013700000000000000e+04,-1.374900000000000000e+04,-5.022000000000000000e+03,-2.688600000000000000e+04,-1.728400000000000000e+04
-2.215900000000000000e+04,-1.029900000000000000e+04,-1.422500000000000000e+04,-2.973000000000000000e+03,-2.613000000000000000e+04,-1.900600000000000000e+04,8.527000000000000000e+03,-2.194600000000000000e+04
-2.124300000000000000e+04,5.064000000000000000e+03,-4.207000000000000000e+03,-1.517800000000000000e+04,-2.210200000000000000e+04,-1.251000000000000000e+04,-8.583000000000000000e+03,-4.994000000000000000e+03
-1.408200000000000000e+04,-2.401600000000000000e+04,-2.687400000000000000e+04,-4.606000000000000000e+03,-1.737700000000000000e+04,1.213500000000000000e+04,-1.466900000000000000e+04,-2.052400000000000000e+04
-1.303300000000000000e+04,-1.829300000000000000e+04,-1.447000000000000000e+03,-6.629000000000000000e+03,-9.598000000000000000e+03,-1.904300000000000000e+04,-1.280100000000000000e+04,-3.386800000000000000e+04
-2.131600000000000000e+04,-2.044500000000000000e+04,1.715900000000000000e+04,-1.403100000000000000e+04,-1.778700000000000000e+04,-2.421800000000000000e+04,-9.540000000000000000e+03,-3.006700000000000000e+04
-2.409700000000000000e+04,-2.015100000000000000e+04,1.108100000000000000e+04,-3.523100000000000000e+04,-2.356300000000000000e+04,-3.606300000000000000e+04,-2.243100000000000000e+04,-2.153000000000000000e+03
-2.760200000000000000e+04,-1.838800000000000000e+04,-1.206000000000000000e+04,-1.785000000000000000e+04,-1.963000000000000000e+03,-6.978000000000000000e+03,-1.530600000000000000e+04,-2.020300000000000000e+04
-1.889600000000000000e+04,-2.651600000000000000e+04,-9.606000000000000000e+03,3.415000000000000000e+03,-2.761000000000000000e+03,5.159000000000000000e+03,-1.432000000000000000e+04,-4.756600000000000000e+04
-7.272000000000000000e+03,-2.782400000000000000e+04,-1.196800000000000000e+04,-1.903900000000000000e+04,-3.047000000000000000e+03,-1.370500000000000000e+04,-2.941800000000000000e+04,-3.260100000000000000e+04
-1.847000000000000000e+04,-1.604500000000000000e+04,-1.122900000000000000e+04,-1.240000000000000000e+04,-7.751000000000000000e+03,-2.697800000000000000e+04,-4.232000000000000000e+03,-3.747900000000000000e+04
-3.583000000000000000e+03,-1.055500000000000000e+04,2.962000000000000000e+03,-2.585000000000000000e+03,-7.080000000000000000e+03,-2.589900000000000000e+04,-2.581400000000000000e+04,-3.680000000000000000e+04
-2.748300000000000000e+04,-1.807600000000000000e+04,-2.025300000000000000e+04,-3.710900000000000000e+04,-3.115100000000000000e+04,-2.814900000000000000e+04,-1.710200000000000000e+04,1.884200000000000000e+04
-1.414700000000000000e+04,-4.493000000000000000e+03,-1.383700000000000000e+04,-9.470000000000000000e+03,-1.211100000000000000e+04,-2.154500000000000000e+04,-3.566000000000000000e+03,-2.242600000000000000e+04
-1.734200000000000000e+04,-1.078700000000000000e+04,-1.952800000000000000e+04,-1.062900000000000000e+04,-2.295400000000000000e+04,1.584700000000000000e+04,-1.411900000000000000e+04,-1.687900000000000000e+04
-1.780600000000000000e+04,-2.427000000000000000e+04,-2.421200000000000000e+04,-4.197700000000000000e+04,-2.124200000000000000e+04,-1.396200000000000000e+04,-2.059400000000000000e+04,2.227100000000000000e+04
-2.055400000000000000e+04,-2.723000000000000000e+04,-6.263000000000000000e+03,-3.368300000000000000e+04,-2.555100000000000000e+04,-3.289800000000000000e+04,-3.006800000000000000e+04,8.741000000000000000e+03
-1.068800000000000000e+04,1.760000000000000000e+03,-1.986100000000000000e+04,-1.165200000000000000e+04,-5.602000000000000000e+04,-1.567900000000000000e+04,-2.716300000000000000e+04,-3.391400000000000000e+04
-2.303700000000000000e+04,-1.440000000000000000e+04,-9.161000000000000000e+03,-2.331600000000000000e+04,-2.279700000000000000e+04,-2.661300000000000000e+04,1.987500000000000000e+04,-2.056700000000000000e+04
-9.398000000000000000e+03,9.568000000000000000e+03,-1.338300000000000000e+04,-2.608600000000000000e+04,-3.301800000000000000e+04,-2.780900000000000000e+04,-1.958200000000000000e+04,-1.983600000000000000e+04
1.310000000000000000e+02,-2.202100000000000000e+04,-2.398900000000000000e+04,-4.360000000000000000e+03,-5.740000000000000000e+03,-6.200000000000000000e+03,-2.603300000000000000e+04,-3.984000000000000000e+04
-1.631600000000000000e+04,-1.802800000000000000e+04,-1.731100000000000000e+04,-1.892200000000000000e+04,-2.248700000000000000e+04,1.208000000000000000e+04,-1.548900000000000000e+04,-3.345800000000000000e+04
-2.405300000000000000e+04,-1.104700000000000000e+04,-1.797200000000000000e+04,2.126400000000000000e+04,-3.729600000000000000e+04,-4.696000000000000000e+03,-2.569700000000000000e+04,-4.020400000000000000e+04
-2.795500000000000000e+04,5.098000000000000000e+03,-1.221700000000000000e+04,-2.138100000000000000e+04,-3.058700000000000000e+04,-2.279300000000000000e+04,-1.256000000000000000e+04,-1.622600000000000000e+04
-2.452400000000000000e+04,1.044800000000000000e+04,-1.766000000000000000e+04,-1.373800000000000000e+04,-4.148900000000000000e+04,-5.498000000000000000e+03,-1.518800000000000000e+04,-4.610800000000000000e+04
-2.741200000000000000e+04,-2.053100000000000000e+04,-1.984400000000000000e+04,6.391000000000000000e+03,-7.690000000000000000e+03,-2.393000000000000000e+03,-1.049000000000000000e+04,-2.685300000000000000e+04
-2.278500000000000000e+04,4.891000000000000000e+03,-2.699700000000000000e+04,1.840000000000000000e+03,-4.757100000000000000e+04,-2.735100000000000000e+04,-1.542500000000000000e+04,-2.131700000000000000e+04
-3.479400000000000000e+04,-3.126800000000000000e+04,-1.556900000000000000e+04,-3.519100000000000000e+04,-3.562900000000000000e+04,-3.962300000000000000e+04,-2.314500000000000000e+04,1.382100000000000000e+04
-1.019300000000000000e+04,-8.937000000000000000e+03,-3.048800000000000000e+04,-9.402000000000000000e+03,-3.208200000000000000e+04,-8.031000000000000000e+03,-1.552800000000000000e+04,-3.461000000000000000e+04
-2.389400000000000000e+04,-2.520400000000000000e+04,-1.928100000000000000e+04,-3.116700000000000000e+04,-3.137300000000000000e+04,-3.679500000000000000e+04,-1.644800000000000000e+04,2.297500000000000000e+04
-2.011600000000000000e+04,-9.930000000000000000e+03,-2.119900000000000000e+04,-5.941000000000000000e+03,-2.647800000000000000e+04,-1.586200000000000000e+04,-2.422000000000000000e+03,-2.610200000000000000e+04
-1.348300000000000000e+04,-1.123700000000000000e+04,-3.780000000000000000e+02,-1.305000000000000000e+03,-1.224000000000000000e+03,-1.368100000000000000e+04,4.300000000000000000e+01,-3.090900000000000000e+04
-2.537400000000000000e+04,-1.353700000000000000e+04,-1.212400000000000000e+04,-2.475000000000000000e+04,-1.742900000000000000e+04,-7.065000000000000000e+03,1.094600000000000000e+04,-2.881400000000000000e+04
-3.537600000000000000e+04,1.067100000000000000e+04,-1.127100000000000000e+04,-2.990900000000000000e+04,-4.014700000000000000e+04,-9.547000000000000000e+03,-1.113800000000000000e+04,-4.649300000000000000e+04
-4.937000000000000000e+03,-1.425900000000000000e+04,-2.045400000000000000e+04,-1.305000000000000000e+03,1.778000000000000000e+03,-2.865000000000000000e+03,-2.359900000000000000e+04,-3.794700000000000000e+04
-2.839500000000000000e+04,-2.383600000000000000e+04,-1.817400000000000000e+04,-3.031600000000000000e+04,-2.412300000000000000e+04,-1.857700000000000000e+04,-2.541900000000000000e+04,1.958200000000000000e+04
-4.334300000000000000e+04,-1.918600000000000000e+04,4.901000000000000000e+03,-3.231600000000000000e+04,-3.404800000000000000e+04,-3.972800000000000000e+04,-2.554000000000000000e+04,-9.248000000000000000e+03
-1.253000000000000000e+04,-2.642500000000000000e+04,8.390000000000000000e+03,-9.003000000000000000e+03,4.392000000000000000e+03,-6.692000000000000000e+03,-6.800000000000000000e+03,-3.600200000000000000e+04
-7.196000000000000000e+03,-1.449700000000000000e+04,-1.066200000000000000e+04,-2.135500000000000000e+04,6.439000000000000000e+03,-2.390200000000000000e+04,-2.480000000000000000e+04,-1.818400000000000000e+04
-2.991400000000000000e+04,-3.050300000000000000e+04,-2.461000000000000000e+03,-1.149700000000000000e+04,-4.753000000000000000e+03,-2.148200000000000000e+04,-7.754000000000000000e+03,-2.326000000000000000e+04
-6.839000000000000000e+03,-1.065600000000000000e+04,-1.391700000000000000e+04,-2.253000000000000000e+03,-1.852600000000000000e+04,-8.747000000000000000e+03,-1.022800000000000000e+04,-3.382300000000000000e+04
-2.198000000000000000e+04,1.379000000000000000e+04,-2.917600000000000000e+04,-1.642700000000000000e+04,-4.589700000000000000e+04,-2.109800000000000000e+04,-1.344400000000000000e+04,-3.311100000000000000e+04
-4.000100000000000000e+04,-4.276700000000000000e+04,-1.903500000000000000e+04,-3.433300000000000000e+04,-3.246100000000000000e+04,-2.195800000000000000e+04,-1.816100000000000000e+04,2.126100000000000000e+04
-1.777700000000000000e+04,-2.106500000000000000e+04,-2.005400000000000000e+04,-6.100000000000000000e+03,-1.191400000000000000e+04,1.381500000000000000e+04,-2.722400000000000000e+04,-1.557600000000000000e+04
-1.512700000000000000e+04,-2.493000000000000000e+04,-9.321000000000000000e+03,-1.025000000000000000e+04,1.206900000000000000e+04,-2.067500000000000000e+04,-2.994800000000000000e+04,-2.042700000000000000e+04
-2.581100000000000000e+04,1.873300000000000000e+04,-1.990100000000000000e+04,-1.947500000000000000e+04,-3.230700000000000000e+04,-1.922200000000000000e+04,-2.870600000000000000e+04,-4.363700000000000000e+04
-2.501800000000000000e+04,-1.677000000000000000e+03,-1.904500000000000000e+04,-8.695000000000000000e+03,-3.368300000000000000e+04,-9.397000000000000000e+03,-1.008300000000000000e+04,-1.050300000000000000e+04
-1.903400000000000000e+04,-1.616500000000000000e+04,-3.301700000000000000e+04,-3.325900000000000000e+04,-3.021800000000000000e+04,1.889500000000000000e+04,4.700000000000000000e+01,-2.017000000000000000e+04
-1.596700000000000000e+04,-1.292500000000000000e+04,-6.860000000000000000e+03,-2.248100000000000000e+04,-2.925400000000000000e+04,-2.321300000000000000e+04,-9.193000000000000000e+03,-1.034400000000000000e+04
-2.079000000000000000e+04,-1.045700000000000000e+04,-1.701000000000000000e+04,-9.761000000000000000e+03,-3.534600000000000000e+04,-1.891600000000000000e+04,1.470600000000000000e+04,-2.286300000000000000e+04
-2.181800000000000000e+04,1.373900000000000000e+04,-1.704300000000000000e+04,-1.149000000000000000e+04,-5.153000000000000000e+04,-2.134100000000000000e+04,-2.670400000000000000e+04,-5.476000000000000000e+04
-1.887900000000000000e+04,-2.309300000000000000e+04,-2.885700000000000000e+04,-2.947200000000000000e+04,-2.433100000000000000e+04,-3.769200000000000000e+04,-1.734700000000000000e+04,2.329300000000000000e+04
-1.029700000000000000e+04,6.387000000000000000e+03,-2.141800000000000000e+04,-1.581600000000000000e+04,-2.956300000000000000e+04,-1.451400000000000000e+04,-1.089000000000000000e+03,-2.453900000000000000e+04
-2.444000000000000000e+03,-1.875600000000000000e+04,-1.722500000000000000e+04,1.271200000000000000e+04,-2.002100000000000000e+04,7.430000000000000000e+02,-2.456400000000000000e+04,-2.132200000000000000e+04
-3.516200000000000000e+04,-2.221400000000000000e+04,3.345000000000000000e+03,-1.699600000000000000e+04,-1.124600000000000000e+04,-4.012100000000000000e+04,-2.061700000000000000e+04,-1.124300000000000000e+04
-2.475200000000000000e+04,-2.895700000000000000e+04,-1.786000000000000000e+04,-3.265700000000000000e+04,-2.644300000000000000e+04,-1.861200000000000000e+04,-2.702200000000000000e+04,1.661700000000000000e+04
-3.630000000000000000e+03,-3.056000000000000000e+04,-7.875000000000000000e+03,-1.562000000000000000e+04,-1.681200000000000000e+04,2.214100000000000000e+04,-2.055800000000000000e+04,-4.435200000000000000e+04
-1.724000000000000000e+03,-1.185700000000000000e+04,1.382500000000000000e+04,-8.441000000000000000e+03,-5.185000000000000000e+03,-1.662100000000000000e+04,-4.089800000000000000e+04,-3.364300000000000000e+04
-2.739600000000000000e+04,-1.929700000000000000e+04,-1.867500000000000000e+04,-2.044400000000000000e+04,-1.830800000000000000e+04,-4.059600000000000000e+04,3.259000000000000000e+03,-6.378000000000000000e+03
-1.733500000000000000e+04,-8.400000000000000000e+02,-1.229400000000000000e+04,5.296000000000000000e+03,-2.473600000000000000e+04,-2.633100000000000000e+04,-1.344300000000000000e+04,-5.150700000000000000e+04
-4.661000000000000000e+03,-1.536100000000000000e+04,-2.126100000000000000e+04,5.663000000000000000e+03,-1.054700000000000000e+04,-2.228100000000000000e+04,-1.538400000000000000e+04,-3.420300000000000000e+04
-2.279900000000000000e+04,-2.021000000000000000e+04,-2.969200000000000000e+04,-2.165200000000000000e+04,-1.251300000000000000e+04,1.718200000000000000e+04,-2.308500000000000000e+04,-1.533200000000000000e+04
-1.560500000000000000e+04,-1.507300000000000000e+04,-1.616700000000000000e+04,-3.710500000000000000e+04,-1.681500000000000000e+04,-1.758300000000000000e+04,9.168000000000000000e+03,-1.057300000000000000e+04
-2.580200000000000000e+04,-1.893800000000000000e+04,-2.066500000000000000e+04,-1.564100000000000000e+04,-2.409500000000000000e+04,-2.126700000000000000e+04,9.262000000000000000e+03,-2.427200000000000000e+04
-2.337900000000000000e+04,-1.926200000000000000e+04,-2.365200000000000000e+04,-3.081000000000000000e+04,-1.154100000000000000e+04,-2.000500000000000000e+04,-1.301900000000000000e+04,1.942100000000000000e+04
-1.616300000000000000e+04,-1.855600000000000000e+04,-2.121600000000000000e+04,-3.870000000000000000e+02,-1.138100000000000000e+04,-2.356300000000000000e+04,1.500000000000000000e+03,-2.553100000000000000e+04
-2.329200000000000000e+04,-1.796000000000000000e+04,-1.560800000000000000e+04,2.984000000000000000e+03,-2.299200000000000000e+04,1.653100000000000000e+04,-6.205000000000000000e+03,-2.957400000000000000e+04
-1.620800000000000000e+04,-2.301600000000000000e+04,-1.959900000000000000e+04,1.703100000000000000e+04,-4.921900000000000000e+04,-8.838000000000000000e+03,-2.541200000000000000e+04,-4.112700000000000000e+04
-2.170300000000000000e+04,-1.955400000000000000e+04,-2.210500000000000000e+04,-2.383500000000000000e+04,-1.955000000000000000e+04,-2.630200000000000000e+04,3.122400000000000000e+04,-2.138300000000000000e+04
-4.604000000000000000e+03,-7.737000000000000000e+03,-5.502000000000000000e+03,-4.504000000000000000e+03,-1.089800000000000000e+04,-1.791200000000000000e+04,-1.475100000000000000e+04,-3.230800000000000000e+04
1.137400000000000000e+04,-1.904200000000000000e+04,-1.453900000000000000e+04,9.659000000000000000e+03,-2.202100000000000000e+04,-1.060200000000000000e+04,-2.908500000000000000e+04,-3.401400000000000000e+04
-4.196000000000000000e+03,-3.661200000000000000e+04,-2.086700000000000000e+04,-1.250800000000000000e+04,1.976000000000000000e+04,-3.789700000000000000e+04,-3.349700000000000000e+04,-2.441700000000000000e+04
5.064000000000000000e+03,-1.186600000000000000e+04,-2.008500000000000000e+04,1.725000000000000000e+03,-1.321900000000000000e+04,-4.870000000000000000e+03,-1.991500000000000000e+04,-2.329100000000000000e+04
-2.203100000000000000e+04,-2.369800000000000000e+04,-2.174600000000000000e+04,-2.132600000000000000e+04,-2.280600000000000000e+04,-3.198100000000000000e+04,-2.311800000000000000e+04,2.221200000000000000e+04
-1.734100000000000000e+04,4.364000000000000000e+03,-2.645000000000000000e+04,-9.343000000000000000e+03,-3.415500000000000000e+04,-2.113100000000000000e+04,-2.315800000000000000e+04,-4.716900000000000000e+04
-2.221300000000000000e+04,-3.168100000000000000e+04,-1.280300000000000000e+04,-4.591800000000000000e+04,-2.908500000000000000e+04,-5.905200000000000000e+04,-2.422400000000000000e+04,1.949800000000000000e+04
-2.780900000000000000e+04,-1.660800000000000000e+04,-2.934000000000000000e+03,-6.806000000000000000e+03,-1.326400000000000000e+04,-1.622600000000000000e+04,-8.963000000000000000e+03,-3.691200000000000000e+04
-2.701100000000000000e+04,-1.957900000000000000e+04,-1.587300000000000000e+04,-2.798500000000000000e+04,-2.404000000000000000e+04,-2.470000000000000000e+03,2.212900000000000000e+04,-1.685900000000000000e+04
-1.654200000000000000e+04,-8.903000000000000000e+03,-2.331500000000000000e+04,-1.270800000000000000e+04,-3.658600000000000000e+04,-1.693800000000000000e+04,3.108000000000000000e+03,-3.213500000000000000e+04
-2.127600000000000000e+04,-1.861800000000000000e+04,-1.060300000000000000e+04,-2.819400000000000000e+04,-2.582900000000000000e+04,-3.319300000000000000e+04,1.530800000000000000e+04,-1.987100000000000000e+04
-7.685000000000000000e+03,-3.903000000000000000e+03,-1.978800000000000000e+04,-1.823800000000000000e+04,-2.101700000000000000e+04,-2.102100000000000000e+04,1.436800000000000000e+04,-3.077500000000000000e+04
-1.582500000000000000e+04,-2.769700000000000000e+04,-6.884000000000000000e+03,-1.758200000000000000e+04,-1.958900000000000000e+04,-8.586000000000000000e+03,2.279000000000000000e+03,-3.227400000000000000e+04
-2.310900000000000000e+04,-1.092600000000000000e+04,-2.249600000000000000e+04,1.349000000000000000e+03,-1.696000000000000000e+04,7.640000000000000000e+02,-1.245600000000000000e+04,-2.074100000000000000e+04
-8.941000000000000000e+03,-1.437800000000000000e+04,1.820000000000000000e+03,-1.347800000000000000e+04,-1.377700000000000000e+04,-2.552600000000000000e+04,3.351000000000000000e+03,-6.999000000000000000e+03
-1.502100000000000000e+04,-1.526000000000000000e+04,-3.382000000000000000e+03,-2.717100000000000000e+04,-6.525000000000000000e+03,-2.442000000000000000e+03,-2.509000000000000000e+04,-1.325300000000000000e+04
-3.379800000000000000e+04,-9.897000000000000000e+03,-1.456200000000000000e+04,-1.179600000000000000e+04,-3.822100000000000000e+04,-1.467500000000000000e+04,9.104000000000000000e+03,-2.474200000000000000e+04
-2.797600000000000000e+04,-5.914000000000000000e+03,-1.584200000000000000e+04,-1.010700000000000000e+04,-3.422500000000000000e+04,-2.149400000000000000e+04,9.260000000000000000e+03,-3.916100000000000000e+04
-4.428900000000000000e+04,-1.520500000000000000e+04,1.493900000000000000e+04,-1.548900000000000000e+04,-2.468100000000000000e+04,-2.500200000000000000e+04,-5.969000000000000000e+03,-9.933000000000000000e+03
9.770000000000000000e+02,-1.946000000000000000e+04,-2.378100000000000000e+04,-3.832000000000000000e+03,-1.447200000000000000e+04,2.417000000000000000e+03,-2.873900000000000000e+04,-4.054200000000000000e+04
-1.208800000000000000e+04,1.261400000000000000e+04,-2.049100000000000000e+04,-1.994500000000000000e+04,-4.373300000000000000e+04,-8.652000000000000000e+03,-1.738000000000000000e+04,-2.694100000000000000e+04
-2.926100000000000000e+04,-2.723500000000000000e+04,-1.336100000000000000e+04,-3.093000000000000000e+03,-2.701300000000000000e+04,-1.312600000000000000e+04,-7.281000000000000000e+03,-1.899600000000000000e+04
-2.072400000000000000e+04,-1.562700000000000000e+04,-5.241000000000000000e+03,-3.064100000000000000e+04,-1.979800000000000000e+04,-2.041300000000000000e+04,4.630000000000000000e+03,-2.498400000000000000e+04
-2.971700000000000000e+04,1.003100000000000000e+04,-1.487400000000000000e+04,-1.981100000000000000e+04,-4.765600000000000000e+04,-2.364800000000000000e+04,6.605000000000000000e+03,-3.427200000000000000e+04
-2.044800000000000000e+04,-1.540000000000000000e+04,-1.130700000000000000e+04,-3.060000000000000000e+03,-1.437400000000000000e+04,-2.347600000000000000e+04,-1.337800000000000000e+04,-3.679700000000000000e+04
-3.145700000000000000e+04,-1.848700000000000000e+04,-2.301900000000000000e+04,-2.476400000000000000e+04,-3.112500000000000000e+04,-1.762800000000000000e+04,2.232300000000000000e+04,-2.531200000000000000e+04
-6.270000000000000000e+03,-2.011100000000000000e+04,1.768000000000000000e+03,-2.192700000000000000e+04,-2.594000000000000000e+03,-2.369600000000000000e+04,-3.749100000000000000e+04,-2.186100000000000000e+04
-1.111300000000000000e+04,-1.205100000000000000e+04,2.151000000000000000e+03,-3.862000000000000000e+03,-1.765300000000000000e+04,-1.895800000000000000e+04,-3.230300000000000000e+04,-3.742100000000000000e+04
-2.074200000000000000e+04,-1.662600000000000000e+04,-9.963000000000000000e+03,-1.257300000000000000e+04,-2.577900000000000000e+04,-1.831400000000000000e+04,2.002800000000000000e+04,-2.479000000000000000e+04
-2.022800000000000000e+04,-1.178300000000000000e+04,-2.104000000000000000e+04,1.380000000000000000e+02,-3.428400000000000000e+04,4.197000000000000000e+03,-1.339800000000000000e+04,-3.888600000000000000e+04
-1.536900000000000000e+04,-2.674400000000000000e+04,-3.132000000000000000e+03,-1.849200000000000000e+04,-1.498400000000000000e+04,-2.178900000000000000e+04,-1.142100000000000000e+04,-2.030700000000000000e+04
-8.619000000000000000e+03,-1.714800000000000000e+04,-9.705000000000000000e+03,-1.001300000000000000e+04,-1.015000000000000000e+03,-2.021900000000000000e+04,-1.797800000000000000e+04,-3.401000000000000000e+04
5.803000000000000000e+03,-2.877300000000000000e+04,-2.668900000000000000e+04,4.248000000000000000e+03,-3.896600000000000000e+04,-7.926000000000000000e+03,-3.134200000000000000e+04,-4.735900000000000000e+04
-1.930500000000000000e+04,-2.731000000000000000e+04,-2.061400000000000000e+04,1.557800000000000000e+04,-2.650400000000000000e+04,-1.219500000000000000e+04,-1.712000000000000000e+04,-4.958700000000000000e+04
-1.061200000000000000e+04,5.196000000000000000e+03,-2.458300000000000000e+04,-1.619100000000000000e+04,-3.820000000000000000e+04,-2.076400000000000000e+04,-1.083200000000000000e+04,-2.305200000000000000e+04
-3.271900000000000000e+04,-9.218000000000000000e+03,-1.806100000000000000e+04,-2.198300000000000000e+04,-3.136600000000000000e+04,-1.507000000000000000e+04,1.524600000000000000e+04,-3.083600000000000000e+04
-2.368700000000000000e+04,-9.602000000000000000e+03,-1.679000000000000000e+04,-2.043000000000000000e+03,-3.247000000000000000e+04,1.063000000000000000e+03,-1.190900000000000000e+04,-5.429600000000000000e+04
-1.298200000000000000e+04,-2.293800000000000000e+04,1.167000000000000000e+03,-5.664000000000000000e+03,-1.124600000000000000e+04,-2.040600000000000000e+04,-1.852300000000000000e+04,-2.355500000000000000e+04
-2.809600000000000000e+04,-2.351700000000000000e+04,-1.988600000000000000e+04,-3.890500000000000000e+04,-2.511400000000000000e+04,-2.347100000000000000e+04,-1.445700000000000000e+04,2.147900000000000000e+04
-1.279000000000000000e+03,-2.281700000000000000e+04,-2.748100000000000000e+04,-8.311000000000000000e+03,-1.249000000000000000e+03,-2.705900000000000000e+04,-2.812400000000000000e+04,-4.032900000000000000e+04
-2.885400000000000000e+04,-1.891600000000000000e+04,-1.336700000000000000e+04,-2.782500000000000000e+04,-9.551000000000000000e+03,-3.503900000000000000e+04,-1.861000000000000000e+04,7.025000000000000000e+03
-8.555000000000000000e+03,-2.033300000000000000e+04,-1.546000000000000000e+04,-1.876000000000000000e+03,2.625000000000000000e+03,-9.076000000000000000e+03,-3.028900000000000000e+04,-3.721500000000000000e+04
-2.952200000000000000e+04,-6.606000000000000000e+03,-1.948400000000000000e+04,-8.632000000000000000e+03,-3.727100000000000000e+04,-1.852400000000000000e+04,1.075000000000000000e+04,-3.637100000000000000e+04
-1.090000000000000000e+02,-2.837200000000000000e+04,-9.626000000000000000e+03,-1.288900000000000000e+04,9.692000000000000000e+03,-1.337000000000000000e+04,-3.320800000000000000e+04,-3.034400000000000000e+04
-2.770700000000000000e+04,1.758000000000000000e+03,-9.913000000000000000e+03,-1.107000000000000000e+03,-5.728000000000000000e+04,-1.399100000000000000e+04,-3.077100000000000000e+04,-5.272600000000000000e+04
-1.641500000000000000e+04,1.525000000000000000e+03,-2.241700000000000000e+04,-2.421500000000000000e+04,-3.054000000000000000e+04,-8.080000000000000000e+02,-1.523800000000000000e+04,-3.765000000000000000e+04
-4.208100000000000000e+04,-2.528400000000000000e+04,7.602000000000000000e+03,-2.366700000000000000e+04,-3.060900000000000000e+04,-3.816000000000000000e+04,-1.742600000000000000e+04,-2.641000000000000000e+03
-2.491000000000000000e+04,-2.645200000000000000e+04,-3.705000000000000000e+03,-1.041800000000000000e+04,-1.753900000000000000e+04,-1.476400000000000000e+04,1.158000000000000000e+03,-1.764100000000000000e+04
-1.824100000000000000e+04,-1.807000000000000000e+04,-2.058700000000000000e+04,-2.194200000000000000e+04,-2.270100000000000000e+04,-2.180800000000000000e+04,1.240100000000000000e+04,-2.055800000000000000e+04
-3.386200000000000000e+04,-3.204100000000000000e+04,-1.253300000000000000e+04,-3.429100000000000000e+04,-2.128500000000000000e+04,-2.470500000000000000e+04,-1.449800000000000000e+04,1.579400000000000000e+04
2.500000000000000000e+01,-7.229000000000000000e+03,-2.600600000000000000e+04,5.266000000000000000e+03,-4.138000000000000000e+04,-6.443000000000000000e+03,-3.518600000000000000e+04,-3.415600000000000000e+04
-2.813200000000000000e+04,-1.049900000000000000e+04,-8.666000000000000000e+03,3.431000000000000000e+03,2.037000000000000000e+03,-1.612900000000000000e+04,-9.790000000000000000e+03,-2.295200000000000000e+04
-2.591200000000000000e+04,-1.223000000000000000e+04,-1.746700000000000000e+04,-2.522100000000000000e+04,-3.074500000000000000e+04,-8.814000000000000000e+03,9.931000000000000000e+03,-3.312900000000000000e+04
-2.509500000000000000e+04,6.098000000000000000e+03,-1.890000000000000000e+04,-2.629900000000000000e+04,-4.564400000000000000e+04,-1.396700000000000000e+04,-1.112500000000000000e+04,-2.971500000000000000e+04
-2.261700000000000000e+04,-1.601300000000000000e+04,-1.155700000000000000e+04,-1.847200000000000000e+04,-1.852800000000000000e+04,-2.084700000000000000e+04,-2.944000000000000000e+03,-1.669800000000000000e+04
-1.428300000000000000e+04,-1.486500000000000000e+04,-1.150700000000000000e+04,1.349200000000000000e+04,-2.924800000000000000e+04,8.890000000000000000e+02,-2.622400000000000000e+04,-3.241700000000000000e+04
-3.459600000000000000e+04,-2.054700000000000000e+04,-1.000900000000000000e+04,-3.021600000000000000e+04,-1.806000000000000000e+04,-3.654500000000000000e+04,-2.999900000000000000e+04,1.257700000000000000e+04
-1.855700000000000000e+04,-2.201500000000000000e+04,-1.560700000000000000e+04,-3.763000000000000000e+03,-1.599600000000000000e+04,5.683000000000000000e+03,-2.003000000000000000e+04,-3.030300000000000000e+04
-1.911900000000000000e+04,-9.686000000000000000e+03,-2.980800000000000000e+04,-7.015000000000000000e+03,-1.999700000000000000e+04,-1.736900000000000000e+04,9.713000000000000000e+03,-2.529000000000000000e+04
-8.309000000000000000e+03,-1.927500000000000000e+04,-1.442100000000000000e+04,-2.442500000000000000e+04,-2.240300000000000000e+04,-7.216000000000000000e+03,-9.336000000000000000e+03,1.668500000000000000e+04
-1.793700000000000000e+04,-1.494700000000000000e+04,7.356000000000000000e+03,-2.762100000000000000e+04,-2.062000000000000000e+03,-2.867200000000000000e+04,-3.045100000000000000e+04,-8.245000000000000000e+03
-3.290200000000000000e+04,-2.479000000000000000e+04,2.643000000000000000e+03,-3.165700000000000000e+04,-2.586500000000000000e+04,-7.261000000000000000e+03,1.463100000000000000e+04,-2.365000000000000000e+04
6.974000000000000000e+03,-1.988900000000000000e+04,-1.147600000000000000e+04,-6.065000000000000000e+03,-7.214000000000000000e+03,-1.575400000000000000e+04,-2.927800000000000000e+04,-4.386500000000000000e+04
-4.054600000000000000e+04,-2.161000000000000000e+04,1.335200000000000000e+04,-1.368800000000000000e+04,-2.704800000000000000e+04,-3.242400000000000000e+04,-3.729000000000000000e+03,-1.997600000000000000e+04
-2.813900000000000000e+04,-1.680700000000000000e+04,-1.699700000000000000e+04,-2.725100000000000000e+04,-1.809200000000000000e+04,-3.070800000000000000e+04,1.437200000000000000e+04,-8.673000000000000000e+03
-1.167900000000000000e+04,-1.113900000000000000e+04,-1.398800000000000000e+04,5.634000000000000000e+03,-1.787200000000000000e+04,-9.549000000000000000e+03,-1.481200000000000000e+04,-2.888000000000000000e+04
-2.490800000000000000e+04,-2.009700000000000000e+04,-2.040000000000000000e+04,-2.113600000000000000e+04,-2.578000000000000000e+04,-1.701100000000000000e+04,6.502000000000000000e+03,-4.318900000000000000e+04
-2.657500000000000000e+04,-9.728000000000000000e+03,-8.423000000000000000e+03,4.525000000000000000e+03,-2.090400000000000000e+04,-1.312200000000000000e+04,-9.980000000000000000e+03,-3.471300000000000000e+04
-4.307400000000000000e+04,-3.522500000000000000e+04,-7.684000000000000000e+03,-3.445600000000000000e+04,-3.743900000000000000e+04,-3.563700000000000000e+04,-3.584700000000000000e+04,1.044600000000000000e+04
-2.817900000000000000e+04,-9.929000000000000000e+03,-7.893000000000000000e+03,-1.624300000000000000e+04,-2.104700000000000000e+04,-1.235900000000000000e+04,7.090000000000000000e+03,-2.456300000000000000e+04
-3.378200000000000000e+04,-1.748300000000000000e+04,-2.833000000000000000e+03,-2.813400000000000000e+04,-1.192400000000000000e+04,-4.731300000000000000e+04,-3.034700000000000000e+04,1.683900000000000000e+04
-1.837100000000000000e+04,-6.807000000000000000e+03,-9.416000000000000000e+03,-6.504000000000000000e+03,-2.080600000000000000e+04,-9.105000000000000000e+03,-1.428300000000000000e+04,-1.200100000000000000e+04
-3.138800000000000000e+04,6.910000000000000000e+03,-1.175900000000000000e+04,-1.946200000000000000e+04,-2.959700000000000000e+04,-1.652900000000000000e+04,-6.576000000000000000e+03,-3.212200000000000000e+04
-4.992000000000000000e+03,-1.047100000000000000e+04,-2.158100000000000000e+04,-2.894600000000000000e+04,-1.135900000000000000e+04,-1.506100000000000000e+04,-1.458200000000000000e+04,1.374400000000000000e+04
-1.355600000000000000e+04,-1.538300000000000000e+04,-1.053800000000000000e+04,8.329000000000000000e+03,-1.825100000000000000e+04,-1.590800000000000000e+04,-1.422000000000000000e+04,-3.630500000000000000e+04
-1.641300000000000000e+04,1.336100000000000000e+04,-2.211600000000000000e+04,-1.693800000000000000e+04,-4.429200000000000000e+04,-1.356100000000000000e+04,-3.204300000000000000e+04,-3.793500000000000000e+04
-4.385900000000000000e+04,-2.061100000000000000e+04,-1.950200000000000000e+04,-6.518000000000000000e+03,-2.351000000000000000e+04,-4.900000000000000000e+03,1.299600000000000000e+04,-2.855500000000000000e+04
-4.532000000000000000e+03,-1.430100000000000000e+04,-2.237500000000000000e+04,7.135000000000000000e+03,-2.535900000000000000e+04,-9.076000000000000000e+03,-1.606200000000000000e+04,-3.299100000000000000e+04
-1.300200000000000000e+04,1.307400000000000000e+04,-1.709900000000000000e+04,-1.255300000000000000e+04,-4.100900000000000000e+04,-3.496000000000000000e+04,-1.103500000000000000e+04,-3.976800000000000000e+04
-1.982300000000000000e+04,3.550000000000000000e+02,-1.727800000000000000e+04,-2.218100000000000000e+04,-2.685300000000000000e+04,-1.121400000000000000e+04,-1.156000000000000000e+04,-6.549000000000000000e+03
-1.884500000000000000e+04,-1.496800000000000000e+04,-4.533000000000000000e+03,-6.155000000000000000e+03,-4.480400000000000000e+04,1.678000000000000000e+03,-2.789500000000000000e+04,-5.192800000000000000e+04
-2.439200000000000000e+04,-1.843400000000000000e+04,-2.002400000000000000e+04,-2.027000000000000000e+04,-1.639800000000000000e+04,-2.748400000000000000e+04,-1.628800000000000000e+04,2.457200000000000000e+04
-2.579200000000000000e+04,-2.434100000000000000e+04,9.987000000000000000e+03,-9.493000000000000000e+03,-1.901100000000000000e+04,-1.198100000000000000e+04,-1.497000000000000000e+04,-7.301000000000000000e+03
-2.133200000000000000e+04,1.583800000000000000e+04,-9.480000000000000000e+03,-1.983000000000000000e+04,-4.469500000000000000e+04,-2.489100000000000000e+04,-2.554700000000000000e+04,-3.987100000000000000e+04
-2.130500000000000000e+04,-1.842600000000000000e+04,4.166000000000000000e+03,-2.460500000000000000e+04,4.927000000000000000e+03,-3.089800000000000000e+04,-2.000300000000000000e+04,-2.548700000000000000e+04
-2.025400000000000000e+04,2.958400000000000000e+04,-1.099300000000000000e+04,-1.698100000000000000e+04,-5.073000000000000000e+04,-2.990000000000000000e+04,-2.830200000000000000e+04,-4.667100000000000000e+04
4.862000000000000000e+03,-2.505000000000000000e+04,-2.330600000000000000e+04,-8.101000000000000000e+03,-2.935000000000000000e+04,9.670000000000000000e+02,-2.423800000000000000e+04,-3.216400000000000000e+04
-1.718800000000000000e+04,-1.099500000000000000e+04,-2.246300000000000000e+04,-7.552000000000000000e+03,-1.825200000000000000e+04,-2.745300000000000000e+04,9.345000000000000000e+03,-1.031700000000000000e+04
-2.535400000000000000e+04,-1.595100000000000000e+04,-5.411000000000000000e+03,1.560000000000000000e+02,-2.186700000000000000e+04,1.600700000000000000e+04,-2.400100000000000000e+04,-2.008900000000000000e+04
-4.278900000000000000e+04,-2.773100000000000000e+04,2.317000000000000000e+03,-2.722400000000000000e+04,-2.544500000000000000e+04,-4.272400000000000000e+04,-2.248300000000000000e+04,8.611000000000000000e+03
-3.568900000000000000e+04,-1.340600000000000000e+04,-1.715900000000000000e+04,-4.674000000000000000e+03,-2.874100000000000000e+04,-1.917300000000000000e+04,1.472300000000000000e+04,-2.140300000000000000e+04
-1.600200000000000000e+04,-1.542000000000000000e+04,1.962200000000000000e+04,-2.689800000000000000e+04,-1.745900000000000000e+04,-3.919400000000000000e+04,-2.966600000000000000e+04,-9.372000000000000000e+03
8.430000000000000000e+03,-2.691500000000000000e+04,-1.766200000000000000e+04,-1.186400000000000000e+04,-9.616000000000000000e+03,-1.273000000000000000e+03,-7.968000000000000000e+03,-3.527900000000000000e+04
-8.842000000000000000e+03,4.018000000000000000e+03,-1.266200000000000000e+04,-1.974900000000000000e+04,-3.552000000000000000e+04,-1.652000000000000000e+04,-7.433000000000000000e+03,-1.896500000000000000e+04
-1.254000000000000000e+03,1.658000000000000000e+03,-1.261700000000000000e+04,-1.587200000000000000e+04,-1.585100000000000000e+04,-8.642000000000000000e+03,-7.361000000000000000e+03,-8.236000000000000000e+03
-2.043000000000000000e+04,1.663700000000000000e+04,-1.649300000000000000e+04,-6.469000000000000000e+03,-4.824900000000000000e+04,-2.259100000000000000e+04,-2.713200000000000000e+04,-4.552300000000000000e+04
-1.733600000000000000e+04,-1.457100000000000000e+04,-2.753200000000000000e+04,-1.430500000000000000e+04,-2.291600000000000000e+04,-1.738900000000000000e+04,1.539200000000000000e+04,-3.037200000000000000e+04
6.730000000000000000e+02,-2.598500000000000000e+04,-1.618700000000000000e+04,-8.122000000000000000e+03,-2.023000000000000000e+03,-8.988000000000000000e+03,-2.476300000000000000e+04,-2.384300000000000000e+04
-1.368700000000000000e+04,-2.539800000000000000e+04,-2.672200000000000000e+04,8.311000000000000000e+03,-4.829500000000000000e+04,7.344000000000000000e+03,-3.532400000000000000e+04,-4.773600000000000000e+04
-3.072100000000000000e+04,-2.759300000000000000e+04,-1.896000000000000000e+04,-2.244000000000000000e+04,-2.653300000000000000e+04,-2.788400000000000000e+04,-1.751500000000000000e+04,2.634900000000000000e+04
-4.316300000000000000e+04,-6.855000000000000000e+03,-5.826000000000000000e+03,1.130500000000000000e+04,-4.297200000000000000e+04,-3.163000000000000000e+03,-5.771000000000000000e+03,-4.604400000000000000e+04
-3.035400000000000000e+04,-5.287000000000000000e+03,-5.008000000000000000e+03,-1.745300000000000000e+04,-2.642900000000000000e+04,-2.378500000000000000e+04,1.030000000000000000e+02,-3.941400000000000000e+04
5.244000000000000000e+03,-2.282600000000000000e+04,-1.626500000000000000e+04,5.629000000000000000e+03,-1.073500000000000000e+04,-2.096900000000000000e+04,-3.409100000000000000e+04,-4.092900000000000000e+04
-1.456000000000000000e+03,-2.622300000000000000e+04,-1.838800000000000000e+04,-2.825000000000000000e+03,-3.655600000000000000e+04,5.746000000000000000e+03,-3.572000000000000000e+04,-5.860100000000000000e+04
-1.129100000000000000e+04,-2.428800000000000000e+04,-2.219600000000000000e+04,2.481000000000000000e+03,-2.275400000000000000e+04,3.472000000000000000e+03,-2.721900000000000000e+04,-4.008500000000000000e+04
-7.852000000000000000e+03,-1.913900000000000000e+04,-2.044700000000000000e+04,-1.260000000000000000e+02,-3.898000000000000000e+03,-8.214000000000000000e+03,-2.790500000000000000e+04,-3.072600000000000000e+04
-3.449500000000000000e+04,-2.348700000000000000e+04,-4.264000000000000000e+03,-2.207000000000000000e+04,-3.144500000000000000e+04,-2.469200000000000000e+04,1.266100000000000000e+04,-2.923900000000000000e+04
-3.581800000000000000e+04,-2.823000000000000000e+03,-1.746100000000000000e+04,-1.710500000000000000e+04,-3.268900000000000000e+04,-1.262200000000000000e+04,1.968700000000000000e+04,-2.876400000000000000e+04
-3.397400000000000000e+04,2.427500000000000000e+04,-2.851100000000000000e+04,-2.938100000000000000e+04,-4.923600000000000000e+04,-8.642000000000000000e+03,-3.067200000000000000e+04,-5.436500000000000000e+04
-3.128500000000000000e+04,-2.029900000000000000e+04,-1.713400000000000000e+04,-1.775600000000000000e+04,-2.517800000000000000e+04,-9.711000000000000000e+03,2.024600000000000000e+04,-2.058400000000000000e+04
-2.478300000000000000e+04,-2.253900000000000000e+04,-1.926500000000000000e+04,-1.567000000000000000e+03,-2.390800000000000000e+04,5.746000000000000000e+03,-2.274700000000000000e+04,-3.815500000000000000e+04
-1.884000000000000000e+04,-1.142900000000000000e+04,1.914600000000000000e+04,-2.478500000000000000e+04,-2.297400000000000000e+04,-2.941100000000000000e+04,-2.387800000000000000e+04,-1.074100000000000000e+04
-3.567000000000000000e+04,-3.111900000000000000e+04,-2.006600000000000000e+04,-4.169100000000000000e+04,-2.575100000000000000e+04,-2.121100000000000000e+04,-1.209800000000000000e+04,2.056900000000000000e+04
-1.677600000000000000e+04,6.267000000000000000e+03,-3.368400000000000000e+04,-2.437000000000000000e+04,-4.671100000000000000e+04,1.209800000000000000e+04,-6.846000000000000000e+03,-1.984900000000000000e+04
-1.894900000000000000e+04,-2.103900000000000000e+04,-1.850600000000000000e+04,-1.671100000000000000e+04,-1.073600000000000000e+04,5.190000000000000000e+03,4.385000000000000000e+03,-3.519000000000000000e+04
-1.499300000000000000e+04,-2.460700000000000000e+04,-2.083200000000000000e+04,-1.509400000000000000e+04,-2.863200000000000000e+04,1.109600000000000000e+04,-1.704500000000000000e+04,-2.871200000000000000e+04
-2.699600000000000000e+04,1.826600000000000000e+04,-2.285300000000000000e+04,-1.425800000000000000e+04,-4.757500000000000000e+04,-2.053800000000000000e+04,-1.254100000000000000e+04,-4.365700000000000000e+04
-1.068900000000000000e+04,-1.301300000000000000e+04,-1.532200000000000000e+04,1.268300000000000000e+04,-3.239200000000000000e+04,-4.810000000000000000e+03,-2.517700000000000000e+04,-4.243800000000000000e+04
-2.006400000000000000e+04,-1.211800000000000000e+04,-2.975000000000000000e+03,-3.020400000000000000e+04,-2.518200000000000000e+04,-3.534000000000000000e+03,1.198000000000000000e+04,-1.565800000000000000e+04
-2.347200000000000000e+04,-1.745100000000000000e+04,-2.740800000000000000e+04,8.214000000000000000e+03,-3.484200000000000000e+04,3.501000000000000000e+03,-1.930800000000000000e+04,-5.374900000000000000e+04
-2.214000000000000000e+03,-1.453100000000000000e+04,-1.961600000000000000e+04,1.087100000000000000e+04,-1.988800000000000000e+04,-4.538000000000000000e+03,-2.045100000000000000e+04,-1.657700000000000000e+04
1.201800000000000000e+04,-2.455500000000000000e+04,-1.829800000000000000e+04,-6.530000000000000000e+03,-9.002000000000000000e+03,-5.235000000000000000e+03,-3.245100000000000000e+04,-5.547400000000000000e+04
-1.781000000000000000e+04,2.847200000000000000e+04,-3.035200000000000000e+04,-2.474800000000000000e+04,-4.683400000000000000e+04,-1.512800000000000000e+04,-3.200300000000000000e+04,-2.785600000000000000e+04
-3.198500000000000000e+04,-1.155200000000000000e+04,-1.482300000000000000e+04,-2.773000000000000000e+04,-3.592200000000000000e+04,-2.213100000000000000e+04,-2.191100000000000000e+04,6.329000000000000000e+03
-4.560800000000000000e+04,-8.720000000000000000e+02,-1.969800000000000000e+04,-1.233000000000000000e+04,-5.392600000000000000e+04,-1.180400000000000000e+04,9.935000000000000000e+03,-3.716100000000000000e+04
-3.137900000000000000e+04,-1.221000000000000000e+04,-2.021300000000000000e+04,4.111000000000000000e+03,-4.133500000000000000e+04,-1.884700000000000000e+04,1.388000000000000000e+04,-3.824800000000000000e+04
-3.474600000000000000e+04,-9.801000000000000000e+03,-1.397200000000000000e+04,1.426300000000000000e+04,-2.738500000000000000e+04,-9.244000000000000000e+03,-6.676000000000000000e+03,-2.329900000000000000e+04
-4.295500000000000000e+04,-2.278000000000000000e+04,-2.110600000000000000e+04,-6.198000000000000000e+03,-3.577800000000000000e+04,-1.961600000000000000e+04,2.655400000000000000e+04,-2.911600000000000000e+04
-1.867800000000000000e+04,-2.404700000000000000e+04,-2.219800000000000000e+04,-1.265000000000000000e+04,5.890000000000000000e+03,-1.774500000000000000e+04,-2.347500000000000000e+04,-1.364000000000000000e+04
-1.035900000000000000e+04,1.581400000000000000e+04,-1.737000000000000000e+04,-2.138900000000000000e+04,-5.842600000000000000e+04,-1.897900000000000000e+04,-3.437300000000000000e+04,-3.106400000000000000e+04
-1.777400000000000000e+04,-2.493100000000000000e+04,-1.102400000000000000e+04,-3.607900000000000000e+04,1.681300000000000000e+04,-3.627700000000000000e+04,-2.375300000000000000e+04,-1.633300000000000000e+04
-3.868000000000000000e+04,-2.025000000000000000e+04,1.024400000000000000e+04,-3.502000000000000000e+04,-3.776000000000000000e+04,-3.358700000000000000e+04,-2.625800000000000000e+04,4.843000000000000000e+03
-2.555400000000000000e+04,2.846500000000000000e+04,-2.369700000000000000e+04,-1.970700000000000000e+04,-4.810500000000000000e+04,-2.238900000000000000e+04,-3.063000000000000000e+04,-3.429300000000000000e+04
-3.043500000000000000e+04,-2.875500000000000000e+04,-2.337100000000000000e+04,-3.230700000000000000e+04,-3.039700000000000000e+04,-3.650200000000000000e+04,-1.953800000000000000e+04,2.136100000000000000e+04
-4.016400000000000000e+04,-2.103800000000000000e+04,-2.057800000000000000e+04,-1.159900000000000000e+04,-3.973800000000000000e+04,-1.631400000000000000e+04,1.679400000000000000e+04,-3.378900000000000000e+04
-3.522200000000000000e+04,-2.647300000000000000e+04,-1.360300000000000000e+04,-1.952700000000000000e+04,-2.955200000000000000e+04,-1.771800000000000000e+04,3.846200000000000000e+04,-2.367200000000000000e+04
-1.484200000000000000e+04,3.745000000000000000e+03,-2.245400000000000000e+04,7.440000000000000000e+02,-2.351700000000000000e+04,-1.943400000000000000e+04,-2.222800000000000000e+04,-1.911200000000000000e+04
1.184100000000000000e+04,-1.849000000000000000e+04,-2.712900000000000000e+04,-7.100000000000000000e+01,-7.186000000000000000e+03,-1.506600000000000000e+04,-1.949100000000000000e+04,-4.975300000000000000e+04
-3.157300000000000000e+04,-1.966000000000000000e+04,-2.093000000000000000e+04,-2.414900000000000000e+04,-2.541000000000000000e+04,-1.277800000000000000e+04,1.516400000000000000e+04,-1.480000000000000000e+04
-2.727400000000000000e+04,-2.383700000000000000e+04,-2.780000000000000000e+02,-2.582700000000000000e+04,-2.675200000000000000e+04,-2.634000000000000000e+04,-2.393300000000000000e+04,1.108100000000000000e+04
8.084000000000000000e+03,-1.686000000000000000e+04,-1.926900000000000000e+04,8.900000000000000000e+02,-2.154000000000000000e+04,-7.481000000000000000e+03,-2.904700000000000000e+04,-4.886600000000000000e+04
1.621000000000000000e+03,9.292000000000000000e+03,-2.202200000000000000e+04,-1.862400000000000000e+04,-3.887000000000000000e+04,-1.890700000000000000e+04,-1.172800000000000000e+04,-4.848700000000000000e+04
-2.160600000000000000e+04,-3.088100000000000000e+04,-2.145600000000000000e+04,1.566800000000000000e+04,-1.858700000000000000e+04,2.790000000000000000e+03,-5.039000000000000000e+03,-4.058000000000000000e+04
-1.813600000000000000e+04,-2.161100000000000000e+04,-1.708900000000000000e+04,-4.521000000000000000e+03,-2.340300000000000000e+04,-1.631000000000000000e+04,-1.492800000000000000e+04,-3.255900000000000000e+04
-1.914800000000000000e+04,-1.483600000000000000e+04,-4.567000000000000000e+03,1.587000000000000000e+03,-8.540000000000000000e+02,-8.006000000000000000e+03,-1.272700000000000000e+04,-4.084300000000000000e+04
-8.830000000000000000e+03,-7.345000000000000000e+03,-1.398500000000000000e+04,9.744000000000000000e+03,-3.841200000000000000e+04,-2.206000000000000000e+03,-2.891200000000000000e+04,-4.372800000000000000e+04
-2.108600000000000000e+04,-1.405700000000000000e+04,-1.135800000000000000e+04,-2.712300000000000000e+04,-2.397900000000000000e+04,-2.240400000000000000e+04,1.222100000000000000e+04,-2.147500000000000000e+04
7.594000000000000000e+03,-2.926100000000000000e+04,-1.605800000000000000e+04,-1.140000000000000000e+02,-4.852300000000000000e+04,-2.641000000000000000e+03,-3.160900000000000000e+04,-4.352900000000000000e+04
-4.280000000000000000e+02,-2.316800000000000000e+04,-9.331000000000000000e+03,-1.647400000000000000e+04,1.360100000000000000e+04,-2.000600000000000000e+04,-2.697700000000000000e+04,-3.824900000000000000e+04
-3.733300000000000000e+04,-2.398600000000000000e+04,-3.071000000000000000e+03,-2.596400000000000000e+04,-4.029900000000000000e+04,-2.813900000000000000e+04,-2.620600000000000000e+04,9.429000000000000000e+03
-1.995800000000000000e+04,-2.517400000000000000e+04,-2.276200000000000000e+04,-1.583000000000000000e+03,-1.613400000000000000e+04,7.710000000000000000e+02,-2.053000000000000000e+04,-1.728300000000000000e+04
-5.414000000000000000e+03,6.310000000000000000e+02,-1.270100000000000000e+04,-1.124300000000000000e+04,-4.127600000000000000e+04,-2.406100000000000000e+04,-1.836300000000000000e+04,-3.065800000000000000e+04
-3.152000000000000000e+04,-1.859400000000000000e+04,-1.912700000000000000e+04,-1.687200000000000000e+04,-2.306000000000000000e+04,-1.282900000000000000e+04,-1.535300000000000000e+04,1.183300000000000000e+04
-1.825100000000000000e+04,-2.049400000000000000e+04,-2.335600000000000000e+04,-2.597300000000000000e+04,-9.868000000000000000e+03,-1.765700000000000000e+04,-1.650000000000000000e+04,1.887100000000000000e+04
-1.706800000000000000e+04,-5.246000000000000000e+03,-1.950600000000000000e+04,-2.495800000000000000e+04,-3.318000000000000000e+04,-1.632200000000000000e+04,-8.050000000000000000e+03,-2.428100000000000000e+04
-2.370000000000000000e+04,-7.375000000000000000e+03,-2.842000000000000000e+03,-2.249000000000000000e+03,-2.365100000000000000e+04,6.468000000000000000e+03,-8.250000000000000000e+03,-5.837600000000000000e+04
-3.580000000000000000e+04,1.420000000000000000e+03,-1.892700000000000000e+04,-1.996300000000000000e+04,-4.170800000000000000e+04,-4.982000000000000000e+03,-9.480000000000000000e+03,-2.222500000000000000e+04
-2.313700000000000000e+04,-2.447800000000000000e+04,-1.648200000000000000e+04,-2.917000000000000000e+04,-1.077200000000000000e+04,-3.145300000000000000e+04,1.738500000000000000e+04,-1.132800000000000000e+04
-2.291900000000000000e+04,4.275000000000000000e+03,-3.036400000000000000e+04,3.817000000000000000e+03,-3.679000000000000000e+04,-1.457800000000000000e+04,-2.207700000000000000e+04,-2.758100000000000000e+04
-3.471700000000000000e+04,-2.032500000000000000e+04,-2.746000000000000000e+03,-1.980800000000000000e+04,-2.186300000000000000e+04,-3.892000000000000000e+04,2.418100000000000000e+04,-2.645100000000000000e+04
-2.686000000000000000e+04,2.254700000000000000e+04,-1.670600000000000000e+04,-3.664800000000000000e+04,-4.807400000000000000e+04,-1.442600000000000000e+04,-3.468300000000000000e+04,-2.794400000000000000e+04
-7.390000000000000000e+02,-1.529600000000000000e+04,-1.965300000000000000e+04,-1.101900000000000000e+04,2.314000000000000000e+03,-1.420700000000000000e+04,-2.750900000000000000e+04,-4.565300000000000000e+04
-2.598400000000000000e+04,-4.417000000000000000e+03,-1.990800000000000000e+04,-6.718000000000000000e+03,-3.524600000000000000e+04,-1.520500000000000000e+04,1.296000000000000000e+03,-3.926300000000000000e+04
-7.237000000000000000e+03,-1.059300000000000000e+04,-2.214400000000000000e+04,-1.726800000000000000e+04,-3.315200000000000000e+04,-3.477000000000000000e+03,-2.826000000000000000e+04,-3.515500000000000000e+04
-2.255300000000000000e+04,-1.171700000000000000e+04,-1.833000000000000000e+04,-2.125400000000000000e+04,-3.803900000000000000e+04,-6.940000000000000000e+03,-2.241900000000000000e+04,1.725900000000000000e+04
-2.025000000000000000e+04,-1.769200000000000000e+04,-2.278900000000000000e+04,-1.889600000000000000e+04,-3.106800000000000000e+04,8.613000000000000000e+03,-6.728000000000000000e+03,-3.699400000000000000e+04
-4.165200000000000000e+04,-1.874700000000000000e+04,-1.292800000000000000e+04,-3.305600000000000000e+04,-3.487800000000000000e+04,-3.966200000000000000e+04,-1.760500000000000000e+04,1.458100000000000000e+04
-4.986600000000000000e+04,-3.187200000000000000e+04,-2.252000000000000000e+03,-3.056200000000000000e+04,-3.656800000000000000e+04,-4.393100000000000000e+04,-3.196200000000000000e+04,5.039000000000000000e+03
-1.041600000000000000e+04,-1.131200000000000000e+04,-2.304800000000000000e+04,3.683000000000000000e+03,-2.325400000000000000e+04,4.574000000000000000e+03,-1.239600000000000000e+04,-3.009200000000000000e+04
-3.448700000000000000e+04,-2.205000000000000000e+04,-9.697000000000000000e+03,-3.566000000000000000e+04,-2.811100000000000000e+04,-3.923100000000000000e+04,-1.622400000000000000e+04,7.339000000000000000e+03
-2.996300000000000000e+04,-1.995200000000000000e+04,-2.540900000000000000e+04,3.470000000000000000e+03,-3.773800000000000000e+04,-1.596600000000000000e+04,-6.023000000000000000e+03,-2.778100000000000000e+04
-1.778700000000000000e+04,-2.112100000000000000e+04,-1.160500000000000000e+04,-3.064900000000000000e+04,-1.068700000000000000e+04,-3.479200000000000000e+04,-1.626300000000000000e+04,1.420000000000000000e+03
-1.349400000000000000e+04,-1.458700000000000000e+04,-2.643100000000000000e+04,-1.310000000000000000e+02,-2.659100000000000000e+04,2.376000000000000000e+03,-1.699400000000000000e+04,-2.386700000000000000e+04
-2.585800000000000000e+04,2.231300000000000000e+04,-2.475300000000000000e+04,-8.779000000000000000e+03,-4.863300000000000000e+04,-1.794600000000000000e+04,-1.999000000000000000e+04,-4.138500000000000000e+04
-3.418400000000000000e+04,-1.735500000000000000e+04,-1.870900000000000000e+04,-1.278300000000000000e+04,-2.821100000000000000e+04,-2.384100000000000000e+04,2.641700000000000000e+04,-2.895300000000000000e+04
-2.243500000000000000e+04,-1.416000000000000000e+04,-2.328000000000000000e+04,-1.960700000000000000e+04,-1.601400000000000000e+04,-8.270000000000000000e+03,7.183000000000000000e+03,-3.012700000000000000e+04
-4.241900000000000000e+04,-2.099000000000000000e+04,-1.233100000000000000e+04,-4.596000000000000000e+03,-2.792000000000000000e+04,-1.373500000000000000e+04,2.319900000000000000e+04,-3.554000000000000000e+04
4.933000000000000000e+03,-2.744200000000000000e+04,-1.008900000000000000e+04,-2.424400000000000000e+04,3.796000000000000000e+03,-1.948600000000000000e+04,-3.916400000000000000e+04,-4.304900000000000000e+04
-2.013700000000000000e+04,-2.934300000000000000e+04,-2.578500000000000000e+04,-2.728700000000000000e+04,-3.121000000000000000e+04,-2.779300000000000000e+04,-2.285800000000000000e+04,2.132800000000000000e+04
-3.976000000000000000e+03,-7.374000000000000000e+03,-1.782800000000000000e+04,-2.133000000000000000e+03,-3.111800000000000000e+04,-9.205000000000000000e+03,-1.398300000000000000e+04,-5.181300000000000000e+04
-2.871800000000000000e+04,-2.435200000000000000e+04,-1.138000000000000000e+03,-2.793200000000000000e+04,-9.450000000000000000e+02,-5.034600000000000000e+04,-3.373000000000000000e+04,1.231600000000000000e+04
-6.541000000000000000e+03,-1.429600000000000000e+04,-1.836200000000000000e+04,-1.394900000000000000e+04,3.818000000000000000e+03,-2.764100000000000000e+04,-4.125000000000000000e+04,-4.099000000000000000e+04
-1.158200000000000000e+04,-8.853000000000000000e+03,-3.096400000000000000e+04,-2.937000000000000000e+03,-4.492400000000000000e+04,7.390000000000000000e+03,-2.801200000000000000e+04,-3.924400000000000000e+04
9.443000000000000000e+03,-9.845000000000000000e+03,-2.376200000000000000e+04,4.048000000000000000e+03,-2.009500000000000000e+04,-1.385700000000000000e+04,-3.356000000000000000e+04,-4.419600000000000000e+04
-2.990500000000000000e+04,-4.590000000000000000e+03,-1.943500000000000000e+04,-2.283100000000000000e+04,-3.159700000000000000e+04,-6.133000000000000000e+03,-7.863000000000000000e+03,-1.240000000000000000e+03
-5.090000000000000000e+03,-2.699200000000000000e+04,-1.878000000000000000e+04,-1.509200000000000000e+04,9.234000000000000000e+03,-9.963000000000000000e+03,-3.005700000000000000e+04,-3.397200000000000000e+04
-2.120200000000000000e+04,-1.217800000000000000e+04,7.314000000000000000e+03,-1.548100000000000000e+04,-8.943000000000000000e+03,-2.283300000000000000e+04,-7.992000000000000000e+03,-2.492900000000000000e+04
-7.039000000000000000e+03,-1.604300000000000000e+04,-1.511400000000000000e+04,-2.216900000000000000e+04,-1.539700000000000000e+04,-2.319800000000000000e+04,-1.357300000000000000e+04,6.229000000000000000e+03
-2.079000000000000000e+04,-1.401300000000000000e+04,-3.366000000000000000e+03,-2.144300000000000000e+04,-2.981700000000000000e+04,-4.372000000000000000e+03,5.588000000000000000e+03,-3.639900000000000000e+04
-2.323500000000000000e+04,7.930000000000000000e+03,-1.607000000000000000e+04,-5.431000000000000000e+03,-2.925400000000000000e+04,-9.985000000000000000e+03,-7.847000000000000000e+03,-3.787300000000000000e+04
-2.502300000000000000e+04,3.835100000000000000e+04,-3.300400000000000000e+04,-2.084800000000000000e+04,-5.539500000000000000e+04,-2.167900000000000000e+04,-2.557000000000000000e+04,-3.638000000000000000e+04
-2.823700000000000000e+04,-1.027500000000000000e+04,4.494000000000000000e+03,-1.207400000000000000e+04,-4.742000000000000000e+03,-3.577500000000000000e+04,-2.363000000000000000e+04,-2.363500000000000000e+04
-4.782000000000000000e+03,-2.210500000000000000e+04,-2.529900000000000000e+04,-1.118100000000000000e+04,-1.003900000000000000e+04,6.223000000000000000e+03,-1.504100000000000000e+04,-1.647100000000000000e+04
1.185900000000000000e+04,-2.447400000000000000e+04,-2.173800000000000000e+04,-9.904000000000000000e+03,-2.864300000000000000e+04,6.027000000000000000e+03,-3.120400000000000000e+04,-3.651900000000000000e+04
-1.107200000000000000e+04,-4.487000000000000000e+03,-1.582200000000000000e+04,-7.800000000000000000e+03,-1.804900000000000000e+04,-1.760300000000000000e+04,9.127000000000000000e+03,-1.952900000000000000e+04
3.904000000000000000e+03,-2.658200000000000000e+04,-1.451200000000000000e+04,-1.296100000000000000e+04,1.091400000000000000e+04,-1.615000000000000000e+04,-2.976200000000000000e+04,-2.433400000000000000e+04
-1.960100000000000000e+04,-1.393900000000000000e+04,-2.064700000000000000e+04,1.812000000000000000e+03,-2.961500000000000000e+04,-3.399000000000000000e+03,-1.358000000000000000e+04,-3.667900000000000000e+04
-1.146800000000000000e+04,-1.766600000000000000e+04,-7.927000000000000000e+03,-1.994500000000000000e+04,-2.064200000000000000e+04,-1.812300000000000000e+04,4.049000000000000000e+03,-7.998000000000000000e+03
-3.057500000000000000e+04,-2.968400000000000000e+04,-6.675000000000000000e+03,-2.393000000000000000e+04,-3.093900000000000000e+04,-2.408900000000000000e+04,-1.229600000000000000e+04,3.013000000000000000e+03
-1.378000000000000000e+03,-1.618000000000000000e+04,-1.667100000000000000e+04,-1.217300000000000000e+04,-5.779000000000000000e+03,-1.924500000000000000e+04,-4.308000000000000000e+03,-2.015500000000000000e+04
-8.268000000000000000e+03,3.480000000000000000e+02,-1.335800000000000000e+04,-1.691100000000000000e+04,-1.583200000000000000e+04,-1.142900000000000000e+04,-3.090900000000000000e+04,-1.545000000000000000e+03
-1.856600000000000000e+04,2.083700000000000000e+04,-1.086500000000000000e+04,-1.622100000000000000e+04,-5.627600000000000000e+04,-1.044700000000000000e+04,-2.320700000000000000e+04,-3.031100000000000000e+04
9.879000000000000000e+03,-2.422100000000000000e+04,-1.873800000000000000e+04,-1.030000000000000000e+03,-1.596800000000000000e+04,-8.811000000000000000e+03,-3.212500000000000000e+04,-3.015000000000000000e+04
-1.226500000000000000e+04,-2.944100000000000000e+04,-1.484400000000000000e+04,-3.131100000000000000e+04,1.560600000000000000e+04,-8.614000000000000000e+03,-2.430000000000000000e+04,-2.056600000000000000e+04
-1.803900000000000000e+04,2.680000000000000000e+02,-1.297400000000000000e+04,-2.412600000000000000e+04,-2.632200000000000000e+04,-1.324900000000000000e+04,-2.293800000000000000e+04,-4.268800000000000000e+04
1.469000000000000000e+03,-1.659500000000000000e+04,-1.108700000000000000e+04,-1.199100000000000000e+04,-2.422200000000000000e+04,-2.570800000000000000e+04,-1.844400000000000000e+04,-3.293200000000000000e+04
-1.782700000000000000e+04,2.007400000000000000e+04,-2.629200000000000000e+04,-2.716600000000000000e+04,-6.243800000000000000e+04,-1.782200000000000000e+04,-3.249400000000000000e+04,-3.628900000000000000e+04
-2.818100000000000000e+04,-1.607700000000000000e+04,-2.502900000000000000e+04,-3.305100000000000000e+04,-3.375200000000000000e+04,-1.783300000000000000e+04,2.147000000000000000e+04,-1.823100000000000000e+04
-2.526500000000000000e+04,-1.390400000000000000e+04,-1.735900000000000000e+04,-2.060800000000000000e+04,-2.867800000000000000e+04,-1.433500000000000000e+04,1.814400000000000000e+04,-3.456800000000000000e+04
-8.819000000000000000e+03,-6.235000000000000000e+03,-8.763000000000000000e+03,1.314000000000000000e+04,-2.954100000000000000e+04,-1.493900000000000000e+04,-2.963100000000000000e+04,-2.997300000000000000e+04
-2.223400000000000000e+04,-1.810800000000000000e+04,-2.413800000000000000e+04,-9.348000000000000000e+03,-2.638100000000000000e+04,2.273800000000000000e+04,-8.063000000000000000e+03,-2.615400000000000000e+04
1.435000000000000000e+03,-2.118300000000000000e+04,-2.705600000000000000e+04,-4.702000000000000000e+03,-2.035000000000000000e+03,-2.077000000000000000e+04,-3.126400000000000000e+04,-3.132500000000000000e+04
-3.956700000000000000e+04,-1.847400000000000000e+04,-2.311500000000000000e+04,-9.445000000000000000e+03,-4.313800000000000000e+04,1.244300000000000000e+04,1.990000000000000000e+03,-4.240600000000000000e+04
-1.869300000000000000e+04,2.716500000000000000e+04,-3.325200000000000000e+04,-2.622300000000000000e+04,-5.158900000000000000e+04,-2.191000000000000000e+04,-2.893300000000000000e+04,-3.781300000000000000e+04
-1.669200000000000000e+04,-5.683000000000000000e+03,3.888000000000000000e+03,-2.468000000000000000e+03,-5.471000000000000000e+03,-9.647000000000000000e+03,-1.915900000000000000e+04,-5.289600000000000000e+04
-2.916700000000000000e+04,-8.645000000000000000e+03,-1.735100000000000000e+04,1.837900000000000000e+04,-2.411600000000000000e+04,-3.216000000000000000e+03,-2.333000000000000000e+04,-4.719600000000000000e+04
5.728000000000000000e+03,-9.145000000000000000e+03,-3.221200000000000000e+04,-1.366000000000000000e+03,-3.532200000000000000e+04,-6.262000000000000000e+03,-1.755600000000000000e+04,-4.325200000000000000e+04
-2.636600000000000000e+04,-3.337300000000000000e+04,-6.497000000000000000e+03,-1.132000000000000000e+04,8.409000000000000000e+03,-1.864200000000000000e+04,-2.133200000000000000e+04,-2.510900000000000000e+04
-2.343400000000000000e+04,-1.276100000000000000e+04,-2.518100000000000000e+04,-2.294400000000000000e+04,-2.433000000000000000e+04,-1.206300000000000000e+04,1.758100000000000000e+04,-2.110200000000000000e+04
-3.155100000000000000e+04,1.151000000000000000e+03,-1.156600000000000000e+04,-9.462000000000000000e+03,-3.787500000000000000e+04,-2.165400000000000000e+04,-1.158900000000000000e+04,-4.317000000000000000e+04
-3.264500000000000000e+04,-2.028300000000000000e+04,-1.262000000000000000e+04,-4.215100000000000000e+04,-2.304800000000000000e+04,-3.899800000000000000e+04,-2.170000000000000000e+04,1.355600000000000000e+04
-1.534800000000000000e+04,-8.902000000000000000e+03,-2.045100000000000000e+04,1.300000000000000000e+03,-2.436600000000000000e+04,3.624000000000000000e+03,-1.869300000000000000e+04,-1.862600000000000000e+04
-1.526500000000000000e+04,6.108000000000000000e+03,-3.189200000000000000e+04,-4.302000000000000000e+03,-3.443100000000000000e+04,-1.122500000000000000e+04,-2.328700000000000000e+04,-4.080900000000000000e+04
-3.097200000000000000e+04,-2.688800000000000000e+04,-2.120800000000000000e+04,-2.689100000000000000e+04,-3.682300000000000000e+04,-3.536600000000000000e+04,-2.911900000000000000e+04,2.123200000000000000e+04
5.069000000000000000e+03,-1.729800000000000000e+04,-2.677500000000000000e+04,-2.401000000000000000e+03,-9.118000000000000000e+03,-1.477400000000000000e+04,-1.847800000000000000e+04,-2.091600000000000000e+04
-1.701700000000000000e+04,-1.809000000000000000e+04,-1.106100000000000000e+04,1.401200000000000000e+04,-2.337100000000000000e+04,-8.098000000000000000e+03,-1.536400000000000000e+04,-4.790800000000000000e+04
-9.933000000000000000e+03,-1.901000000000000000e+04,-2.106900000000000000e+04,-1.780000000000000000e+04,-2.188900000000000000e+04,2.875000000000000000e+03,-2.095100000000000000e+04,-3.451800000000000000e+04
-2.135400000000000000e+04,-2.669400000000000000e+04,-1.199400000000000000e+04,-4.050500000000000000e+04,-2.185400000000000000e+04,-1.556300000000000000e+04,-8.150000000000000000e+03,8.675000000000000000e+03
-1.098600000000000000e+04,-9.922000000000000000e+03,-1.151200000000000000e+04,8.150000000000000000e+03,-2.317000000000000000e+04,-1.116000000000000000e+03,-1.392800000000000000e+04,-2.842400000000000000e+04
-1.363800000000000000e+04,1.911700000000000000e+04,-1.470900000000000000e+04,-8.649000000000000000e+03,-5.373500000000000000e+04,-1.628300000000000000e+04,-2.934900000000000000e+04,-3.829400000000000000e+04
-1.946800000000000000e+04,-7.077000000000000000e+03,-2.242200000000000000e+04,-4.542000000000000000e+03,-4.652800000000000000e+04,1.709000000000000000e+03,-3.416700000000000000e+04,-3.786100000000000000e+04
-2.369500000000000000e+04,-2.193100000000000000e+04,-3.280000000000000000e+03,-2.335000000000000000e+04,-6.241000000000000000e+03,-2.532300000000000000e+04,-2.826300000000000000e+04,-1.380500000000000000e+04
-3.331600000000000000e+04,1.507600000000000000e+04,-2.530900000000000000e+04,-3.424000000000000000e+03,-4.557300000000000000e+04,-2.731700000000000000e+04,-2.692000000000000000e+04,-2.964000000000000000e+04
-3.864600000000000000e+04,-2.787100000000000000e+04,-2.729800000000000000e+04,-1.675700000000000000e+04,-4.149600000000000000e+04,-3.085000000000000000e+03,2.180000000000000000e+04,-3.331600000000000000e+04
-1.493200000000000000e+04,-3.235200000000000000e+04,-2.779400000000000000e+04,-2.914200000000000000e+04,-1.800400000000000000e+04,-2.145800000000000000e+04,-2.186200000000000000e+04,2.427600000000000000e+04
-2.532600000000000000e+04,-1.112800000000000000e+04,-2.988200000000000000e+04,-1.508000000000000000e+04,-2.119200000000000000e+04,-1.686000000000000000e+04,1.579000000000000000e+04,-2.206300000000000000e+04
-1.594400000000000000e+04,1.877600000000000000e+04,-6.297000000000000000e+03,-1.762600000000000000e+04,-3.376100000000000000e+04,-2.034200000000000000e+04,-1.184300000000000000e+04,-4.410300000000000000e+04
-3.604800000000000000e+04,-1.555200000000000000e+04,-1.932100000000000000e+04,-3.209400000000000000e+04,-2.924800000000000000e+04,-1.552000000000000000e+04,-1.415000000000000000e+04,2.145300000000000000e+04
-1.584100000000000000e+04,-2.192300000000000000e+04,-2.490000000000000000e+04,-8.497000000000000000e+03,-3.822000000000000000e+03,1.857900000000000000e+04,-1.963100000000000000e+04,-3.041100000000000000e+04
-2.209800000000000000e+04,-1.082300000000000000e+04,-9.608000000000000000e+03,-1.809200000000000000e+04,-2.023500000000000000e+04,-1.621700000000000000e+04,1.305600000000000000e+04,-3.210900000000000000e+04
-2.746000000000000000e+04,-2.472200000000000000e+04,-6.501000000000000000e+03,-3.732100000000000000e+04,-1.700900000000000000e+04,-1.752800000000000000e+04,1.757600000000000000e+04,-1.339200000000000000e+04
-1.839300000000000000e+04,-5.464000000000000000e+03,-1.589200000000000000e+04,6.637000000000000000e+03,-3.496300000000000000e+04,-1.480500000000000000e+04,-1.222000000000000000e+03,-3.944200000000000000e+04
-1.238400000000000000e+04,-2.260600000000000000e+04,-1.519200000000000000e+04,2.408000000000000000e+03,-3.463000000000000000e+04,6.799000000000000000e+03,-1.908900000000000000e+04,-3.755500000000000000e+04
-3.109600000000000000e+04,-1.018100000000000000e+04,-1.581300000000000000e+04,-1.375300000000000000e+04,-3.017800000000000000e+04,-1.975800000000000000e+04,1.223600000000000000e+04,-1.726800000000000000e+04
1.857300000000000000e+04,-2.202300000000000000e+04,-2.291400000000000000e+04,-9.088000000000000000e+03,-2.127000000000000000e+04,-3.205000000000000000e+03,-3.287400000000000000e+04,-4.485200000000000000e+04
-2.890000000000000000e+04,1.096500000000000000e+04,-2.088400000000000000e+04,-2.602500000000000000e+04,-4.433000000000000000e+04,-2.806000000000000000e+03,5.561000000000000000e+03,-3.207400000000000000e+04
-2.333500000000000000e+04,2.410100000000000000e+04,-2.183400000000000000e+04,-1.636200000000000000e+04,-4.751500000000000000e+04,-2.813600000000000000e+04,-2.195400000000000000e+04,-2.291500000000000000e+04
-1.552100000000000000e+04,-9.122000000000000000e+03,-3.326100000000000000e+04,4.645000000000000000e+03,-1.904600000000000000e+04,-6.221000000000000000e+03,-1.870300000000000000e+04,-4.514100000000000000e+04
-1.689000000000000000e+04,-1.342900000000000000e+04,-2.468900000000000000e+04,-7.999000000000000000e+03,-3.247600000000000000e+04,-2.996200000000000000e+04,1.373600000000000000e+04,-1.701200000000000000e+04
-1.247000000000000000e+04,1.036600000000000000e+04,-1.732800000000000000e+04,-3.677900000000000000e+04,-2.564900000000000000e+04,-2.428800000000000000e+04,-1.460500000000000000e+04,-2.886500000000000000e+04
-8.746000000000000000e+03,-9.146000000000000000e+03,-1.481400000000000000e+04,-3.222700000000000000e+04,-4.119000000000000000e+04,-6.337000000000000000e+03,-3.877000000000000000e+03,-4.269800000000000000e+04
-2.766800000000000000e+04,-1.281800000000000000e+04,-1.341700000000000000e+04,-1.703700000000000000e+04,-1.440800000000000000e+04,-2.308500000000000000e+04,1.295400000000000000e+04,-2.660300000000000000e+04
-1.896300000000000000e+04,-1.584900000000000000e+04,3.340000000000000000e+02,-4.016700000000000000e+04,-1.623600000000000000e+04,-3.037600000000000000e+04,-2.554000000000000000e+03,-1.004500000000000000e+04
-3.036000000000000000e+03,-3.022000000000000000e+03,-2.195200000000000000e+04,-1.257600000000000000e+04,-3.972900000000000000e+04,-7.866000000000000000e+03,-2.633400000000000000e+04,-2.555500000000000000e+04
-4.504000000000000000e+03,-1.892400000000000000e+04,-2.037100000000000000e+04,1.283000000000000000e+03,-2.190100000000000000e+04,-9.923000000000000000e+03,-2.037300000000000000e+04,-2.559600000000000000e+04
1.773600000000000000e+04,-6.167000000000000000e+03,-2.377700000000000000e+04,-1.479800000000000000e+04,-2.296200000000000000e+04,-1.907200000000000000e+04,-3.177600000000000000e+04,-4.282200000000000000e+04
-3.089600000000000000e+04,-3.091100000000000000e+04,-1.900900000000000000e+04,-4.383000000000000000e+04,-3.251900000000000000e+04,-4.122300000000000000e+04,-3.459300000000000000e+04,2.693700000000000000e+04
-1.333200000000000000e+04,-1.259700000000000000e+04,-6.461000000000000000e+03,-1.793000000000000000e+03,-5.804000000000000000e+03,-1.992900000000000000e+04,-1.568400000000000000e+04,-4.207100000000000000e+04
-5.444900000000000000e+04,-2.877400000000000000e+04,-5.861000000000000000e+03,-3.615900000000000000e+04,-4.008500000000000000e+04,-4.499700000000000000e+04,-2.959800000000000000e+04,1.136900000000000000e+04
-3.930000000000000000e+03,-2.564700000000000000e+04,-1.518800000000000000e+04,-6.385000000000000000e+03,7.646000000000000000e+03,-1.431700000000000000e+04,-3.064500000000000000e+04,-5.241400000000000000e+04
-2.228400000000000000e+04,-2.067400000000000000e+04,4.350000000000000000e+02,-1.758900000000000000e+04,-2.685600000000000000e+04,-1.857400000000000000e+04,1.230300000000000000e+04,-2.164400000000000000e+04
-3.206900000000000000e+04,-1.983900000000000000e+04,-2.355200000000000000e+04,6.900000000000000000e+01,-2.070400000000000000e+04,2.594000000000000000e+03,3.551000000000000000e+03,-2.233300000000000000e+04
9.364000000000000000e+03,-1.836000000000000000e+04,-3.317800000000000000e+04,-1.308900000000000000e+04,-3.250500000000000000e+04,-1.793000000000000000e+03,-3.445600000000000000e+04,-4.689300000000000000e+04
-1.511300000000000000e+04,-2.563200000000000000e+04,4.055000000000000000e+03,-2.748000000000000000e+03,-1.565400000000000000e+04,-1.190800000000000000e+04,-2.280000000000000000e+04,-3.220000000000000000e+04
-1.047100000000000000e+04,-1.448300000000000000e+04,-2.079000000000000000e+04,-8.471000000000000000e+03,-1.710800000000000000e+04,8.746000000000000000e+03,-2.598800000000000000e+04,-1.595700000000000000e+04
-7.709000000000000000e+03,-1.432700000000000000e+04,-4.614000000000000000e+03,-7.453000000000000000e+03,-2.077000000000000000e+04,-1.293100000000000000e+04,7.920000000000000000e+02,-3.796900000000000000e+04
-2.254400000000000000e+04,-1.247200000000000000e+04,1.176900000000000000e+04,-1.467800000000000000e+04,-1.475200000000000000e+04,-1.701200000000000000e+04,-9.055000000000000000e+03,-1.737600000000000000e+04
-6.820000000000000000e+03,-1.603500000000000000e+04,-1.091700000000000000e+04,-2.159000000000000000e+04,-1.649300000000000000e+04,-3.343000000000000000e+03,6.786000000000000000e+03,-2.424900000000000000e+04
-2.839100000000000000e+04,-2.260200000000000000e+04,-2.132200000000000000e+04,-4.438900000000000000e+04,-3.011900000000000000e+04,-3.519500000000000000e+04,-2.637500000000000000e+04,2.216600000000000000e+04
-5.823000000000000000e+03,-9.871000000000000000e+03,-2.493100000000000000e+04,3.544000000000000000e+03,-5.402000000000000000e+03,-2.835000000000000000e+03,-2.107700000000000000e+04,-3.550700000000000000e+04
-1.681700000000000000e+04,-2.925300000000000000e+04,-2.025100000000000000e+04,-3.944600000000000000e+04,-3.814600000000000000e+04,-1.420700000000000000e+04,-1.161300000000000000e+04,8.027000000000000000e+03
-2.370900000000000000e+04,-1.386000000000000000e+03,-1.299500000000000000e+04,-3.803500000000000000e+04,-2.209900000000000000e+04,-2.964600000000000000e+04,-2.715800000000000000e+04,1.165000000000000000e+03
-2.500900000000000000e+04,-2.002300000000000000e+04,-1.927700000000000000e+04,-2.677700000000000000e+04,-1.353500000000000000e+04,-1.791400000000000000e+04,5.862000000000000000e+03,-1.122400000000000000e+04
-1.710400000000000000e+04,-1.195400000000000000e+04,-2.978600000000000000e+04,-1.833000000000000000e+04,-8.801000000000000000e+03,2.653300000000000000e+04,-1.107800000000000000e+04,-2.591600000000000000e+04
-3.425000000000000000e+03,9.010000000000000000e+02,-2.462200000000000000e+04,-1.841200000000000000e+04,-3.634000000000000000e+04,-6.368000000000000000e+03,-1.892000000000000000e+04,-3.447300000000000000e+04
-1.465000000000000000e+04,2.870000000000000000e+02,-3.244500000000000000e+04,-6.789000000000000000e+03,-2.419600000000000000e+04,-4.227000000000000000e+03,-2.125800000000000000e+04,-4.165700000000000000e+04
-3.070700000000000000e+04,3.148900000000000000e+04,-4.071700000000000000e+04,-2.158600000000000000e+04,-4.446400000000000000e+04,-2.853200000000000000e+04,-2.540600000000000000e+04,-3.852400000000000000e+04
-1.505900000000000000e+04,9.488000000000000000e+03,-2.342200000000000000e+04,-1.584900000000000000e+04,-3.251600000000000000e+04,-2.067100000000000000e+04,-1.190000000000000000e+03,-3.571100000000000000e+04
1.952000000000000000e+03,-2.443400000000000000e+04,-1.734100000000000000e+04,-1.284200000000000000e+04,-8.054000000000000000e+03,1.612600000000000000e+04,-2.474600000000000000e+04,-3.735000000000000000e+04
-6.645000000000000000e+03,1.011400000000000000e+04,-3.395700000000000000e+04,-1.138900000000000000e+04,-4.470300000000000000e+04,-1.725000000000000000e+04,-2.288800000000000000e+04,-4.485100000000000000e+04
-3.491000000000000000e+03,1.163300000000000000e+04,-2.053600000000000000e+04,-1.289000000000000000e+04,-3.730100000000000000e+04,-2.370900000000000000e+04,-3.337300000000000000e+04,-4.717800000000000000e+04
-1.316300000000000000e+04,-1.303900000000000000e+04,6.750000000000000000e+03,-2.719500000000000000e+04,-5.035000000000000000e+03,-2.903800000000000000e+04,-2.486300000000000000e+04,-1.923500000000000000e+04
-1.451000000000000000e+04,9.400000000000000000e+03,-1.487900000000000000e+04,-3.518600000000000000e+04,-4.038200000000000000e+04,-2.139500000000000000e+04,-1.610100000000000000e+04,-2.575600000000000000e+04
-3.779900000000000000e+04,-2.084000000000000000e+03,-2.108600000000000000e+04,4.609000000000000000e+03,-3.643400000000000000e+04,-4.158000000000000000e+03,-2.252000000000000000e+04,-4.336300000000000000e+04
-2.002500000000000000e+04,1.539000000000000000e+03,-9.964000000000000000e+03,-2.698300000000000000e+04,-2.888900000000000000e+04,1.960000000000000000e+02,-6.269000000000000000e+03,-2.273900000000000000e+04
-1.228700000000000000e+04,-9.850000000000000000e+03,-9.806000000000000000e+03,-2.291500000000000000e+04,-2.060600000000000000e+04,-2.964100000000000000e+04,-2.252900000000000000e+04,4.879000000000000000e+03
-2.156800000000000000e+04,-1.742000000000000000e+04,-1.349700000000000000e+04,-2.740900000000000000e+04,-1.574600000000000000e+04,-3.441400000000000000e+04,-2.502700000000000000e+04,1.619800000000000000e+04
-3.672600000000000000e+04,-1.704300000000000000e+04,-1.778400000000000000e+04,4.688000000000000000e+03,-1.284500000000000000e+04,-2.793900000000000000e+04,1.385300000000000000e+04,-2.187800000000000000e+04
-1.708800000000000000e+04,2.808300000000000000e+04,-2.562600000000000000e+04,-1.683400000000000000e+04,-5.016600000000000000e+04,-3.114400000000000000e+04,-2.312700000000000000e+04,-4.331000000000000000e+04
-1.987800000000000000e+04,-1.214900000000000000e+04,-2.210000000000000000e+02,-2.087900000000000000e+04,8.558000000000000000e+03,-2.780300000000000000e+04,-4.154000000000000000e+04,-1.346000000000000000e+04
-1.749400000000000000e+04,-1.834600000000000000e+04,-2.095100000000000000e+04,5.185000000000000000e+03,-2.708400000000000000e+04,8.725000000000000000e+03,-1.935400000000000000e+04,-5.399000000000000000e+04
-9.742000000000000000e+03,-1.084800000000000000e+04,1.345000000000000000e+03,1.907000000000000000e+03,-3.741600000000000000e+04,-1.110600000000000000e+04,-3.176500000000000000e+04,-3.911500000000000000e+04
-8.121000000000000000e+03,-1.351600000000000000e+04,-2.011300000000000000e+04,-1.714900000000000000e+04,-1.687900000000000000e+04,-1.302300000000000000e+04,-1.868500000000000000e+04,-4.160700000000000000e+04
-2.838900000000000000e+04,-1.744000000000000000e+04,-2.290500000000000000e+04,-1.177100000000000000e+04,-3.055500000000000000e+04,-9.676000000000000000e+03,1.145100000000000000e+04,-2.197000000000000000e+04
-9.702000000000000000e+03,-2.029400000000000000e+04,-2.541000000000000000e+04,-4.108000000000000000e+03,-3.057900000000000000e+04,-3.505000000000000000e+03,-1.085000000000000000e+04,-1.804500000000000000e+04
-4.475400000000000000e+04,-3.006100000000000000e+04,-1.918500000000000000e+04,-5.187500000000000000e+04,-2.858600000000000000e+04,-5.569800000000000000e+04,-3.695600000000000000e+04,2.154300000000000000e+04
-1.312700000000000000e+04,2.277700000000000000e+04,-2.762800000000000000e+04,-2.698400000000000000e+04,-4.296700000000000000e+04,-3.289100000000000000e+04,-1.378700000000000000e+04,-2.985000000000000000e+04
-3.642900000000000000e+04,-1.868900000000000000e+04,-1.579200000000000000e+04,-3.573000000000000000e+04,-3.100500000000000000e+04,-3.280600000000000000e+04,-2.368600000000000000e+04,1.125100000000000000e+04
-1.786200000000000000e+04,-1.710000000000000000e+04,-2.032600000000000000e+04,-3.593300000000000000e+04,-3.008600000000000000e+04,-1.631800000000000000e+04,-1.925400000000000000e+04,1.500400000000000000e+04
-2.691000000000000000e+04,-1.906300000000000000e+04,-1.683300000000000000e+04,-2.543500000000000000e+04,-2.697300000000000000e+04,-2.940200000000000000e+04,-2.007400000000000000e+04,1.506500000000000000e+04
-8.224000000000000000e+03,-6.969000000000000000e+03,-2.781700000000000000e+04,-1.090800000000000000e+04,-1.611100000000000000e+04,7.869000000000000000e+03,-2.233200000000000000e+04,-2.219600000000000000e+04
-1.902500000000000000e+04,-1.020000000000000000e+04,-1.130400000000000000e+04,1.605000000000000000e+03,-1.401000000000000000e+04,-2.580000000000000000e+03,-1.007200000000000000e+04,-4.394500000000000000e+04
-2.124200000000000000e+04,-1.281700000000000000e+04,-9.328000000000000000e+03,-2.553000000000000000e+04,-1.680300000000000000e+04,-2.049700000000000000e+04,1.927700000000000000e+04,-2.324700000000000000e+04
-1.859100000000000000e+04,-1.910700000000000000e+04,-1.139400000000000000e+04,-1.653500000000000000e+04,-7.997000000000000000e+03,-1.385700000000000000e+04,1.105400000000000000e+04,-1.725100000000000000e+04
-3.845000000000000000e+04,-2.561300000000000000e+04,-1.232700000000000000e+04,-3.651500000000000000e+04,-3.776800000000000000e+04,-3.354500000000000000e+04,-2.479100000000000000e+04,1.437300000000000000e+04
-1.564000000000000000e+03,-3.686000000000000000e+03,-9.336000000000000000e+03,-3.310900000000000000e+04,-2.190400000000000000e+04,-5.579000000000000000e+03,-1.070300000000000000e+04,-3.431000000000000000e+04
-6.702000000000000000e+03,-2.435300000000000000e+04,-1.829300000000000000e+04,2.654000000000000000e+03,-2.505700000000000000e+04,6.066000000000000000e+03,-2.263700000000000000e+04,-2.741500000000000000e+04
-2.411500000000000000e+04,-2.166400000000000000e+04,-1.727900000000000000e+04,-1.433000000000000000e+04,-2.782800000000000000e+04,-2.059600000000000000e+04,1.608800000000000000e+04,-2.251800000000000000e+04
-1.472600000000000000e+04,-2.494300000000000000e+04,-1.528400000000000000e+04,-3.054800000000000000e+04,-1.642500000000000000e+04,-2.596500000000000000e+04,-1.985400000000000000e+04,2.303700000000000000e+04
-2.608000000000000000e+04,-3.959600000000000000e+04,-3.018300000000000000e+04,-4.239400000000000000e+04,-2.219500000000000000e+04,-2.694900000000000000e+04,-2.771800000000000000e+04,1.843100000000000000e+04
-2.271900000000000000e+04,-2.021300000000000000e+04,-1.686000000000000000e+04,-1.145800000000000000e+04,-2.596000000000000000e+04,8.360000000000000000e+03,-1.057300000000000000e+04,-2.776500000000000000e+04
-2.927200000000000000e+04,-8.906000000000000000e+03,1.958500000000000000e+04,-1.577800000000000000e+04,-2.223300000000000000e+04,-2.584900000000000000e+04,-1.633100000000000000e+04,-2.164500000000000000e+04
-3.048300000000000000e+04,1.012000000000000000e+03,-9.625000000000000000e+03,-8.668000000000000000e+03,-3.899800000000000000e+04,-7.052000000000000000e+03,1.102900000000000000e+04,-4.270200000000000000e+04
-3.206400000000000000e+04,-4.614000000000000000e+03,-1.378000000000000000e+03,-7.265000000000000000e+03,-4.977000000000000000e+04,-3.886000000000000000e+03,1.028000000000000000e+03,-2.255100000000000000e+04
-2.469600000000000000e+04,-1.416600000000000000e+04,-2.033300000000000000e+04,-2.286000000000000000e+04,-3.161400000000000000e+04,-3.223500000000000000e+04,2.503500000000000000e+04,-2.022500000000000000e+04
1.369400000000000000e+04,-2.591300000000000000e+04,-1.953900000000000000e+04,4.886000000000000000e+03,-1.409700000000000000e+04,-1.348000000000000000e+03,-3.491700000000000000e+04,-3.665500000000000000e+04
-2.390600000000000000e+04,-2.607300000000000000e+04,-2.102100000000000000e+04,-1.631900000000000000e+04,1.554900000000000000e+04,-1.154300000000000000e+04,-3.087000000000000000e+04,-3.908700000000000000e+04
-3.357200000000000000e+04,-9.103000000000000000e+03,7.152000000000000000e+03,-1.246500000000000000e+04,-1.506800000000000000e+04,-2.282000000000000000e+04,4.047000000000000000e+03,-2.717400000000000000e+04
-1.950700000000000000e+04,-9.940000000000000000e+03,-1.288200000000000000e+04,4.220000000000000000e+02,-1.767500000000000000e+04,9.244000000000000000e+03,-1.640800000000000000e+04,-4.386600000000000000e+04
-5.364000000000000000e+03,-1.688900000000000000e+04,-1.054500000000000000e+04,-7.742000000000000000e+03,-1.795000000000000000e+04,-1.253000000000000000e+04,-1.408900000000000000e+04,-2.560300000000000000e+04
-2.212500000000000000e+04,-1.580500000000000000e+04,-3.641600000000000000e+04,1.801300000000000000e+04,-3.243500000000000000e+04,-3.500000000000000000e+01,-3.474800000000000000e+04,-5.253800000000000000e+04
-4.066600000000000000e+04,-8.092000000000000000e+03,-1.046800000000000000e+04,-1.487000000000000000e+03,-2.501400000000000000e+04,-8.235000000000000000e+03,2.189300000000000000e+04,-2.658700000000000000e+04
-3.182900000000000000e+04,-1.329500000000000000e+04,-1.956200000000000000e+04,-1.864900000000000000e+04,-1.992500000000000000e+04,-1.210600000000000000e+04,1.342900000000000000e+04,-2.301500000000000000e+04
-3.089600000000000000e+04,-2.524100000000000000e+04,-1.708700000000000000e+04,3.564000000000000000e+03,-2.801000000000000000e+04,7.050000000000000000e+03,-1.639000000000000000e+03,-4.311300000000000000e+04
-2.241300000000000000e+04,-2.578200000000000000e+04,-2.202000000000000000e+04,-1.947800000000000000e+04,1.553300000000000000e+04,-2.708700000000000000e+04,-3.583600000000000000e+04,-1.403100000000000000e+04
-3.984200000000000000e+04,-1.708800000000000000e+04,-3.623000000000000000e+03,-2.681800000000000000e+04,-3.830700000000000000e+04,-4.156700000000000000e+04,-2.514800000000000000e+04,1.114200000000000000e+04
-1.792000000000000000e+04,-2.022900000000000000e+04,-3.661000000000000000e+03,-2.069000000000000000e+03,-8.427000000000000000e+03,-9.897000000000000000e+03,-1.769900000000000000e+04,-1.836400000000000000e+04
-2.220500000000000000e+04,1.286800000000000000e+04,-2.235900000000000000e+04,-3.258200000000000000e+04,-2.655900000000000000e+04,-2.103700000000000000e+04,-2.563300000000000000e+04,-3.775900000000000000e+04
-3.414800000000000000e+04,-1.056200000000000000e+04,-1.532400000000000000e+04,-2.436000000000000000e+03,-3.106500000000000000e+04,-1.032100000000000000e+04,-1.014000000000000000e+03,-4.435800000000000000e+04
-4.820700000000000000e+04,-1.466600000000000000e+04,-1.736800000000000000e+04,-1.403000000000000000e+04,-4.548200000000000000e+04,-1.874700000000000000e+04,2.728000000000000000e+04,-3.750600000000000000e+04
-3.464700000000000000e+04,2.441600000000000000e+04,-1.991400000000000000e+04,-2.374000000000000000e+04,-2.911900000000000000e+04,-1.849900000000000000e+04,-1.256800000000000000e+04,-3.361600000000000000e+04
-2.471600000000000000e+04,-1.828800000000000000e+04,-2.959600000000000000e+04,-1.793300000000000000e+04,-3.436300000000000000e+04,-2.490100000000000000e+04,2.713900000000000000e+04,-2.359300000000000000e+04
-3.317300000000000000e+04,-2.355400000000000000e+04,-1.561500000000000000e+04,-3.667000000000000000e+04,-2.731000000000000000e+04,-1.588700000000000000e+04,-2.919800000000000000e+04,1.823800000000000000e+04
-1.371200000000000000e+04,-1.820400000000000000e+04,-3.062300000000000000e+04,-1.851900000000000000e+04,-1.973600000000000000e+04,-1.070500000000000000e+04,-1.275700000000000000e+04,-3.945500000000000000e+04
-3.483900000000000000e+04,-2.458700000000000000e+04,-1.701100000000000000e+04,-2.593300000000000000e+04,-2.627200000000000000e+04,-2.341600000000000000e+04,-1.743800000000000000e+04,1.013200000000000000e+04
-2.059800000000000000e+04,-9.500000000000000000e+01,-2.429600000000000000e+04,2.078000000000000000e+03,-2.537600000000000000e+04,-1.704200000000000000e+04,-1.280600000000000000e+04,-3.806000000000000000e+04
-2.876000000000000000e+04,-2.483100000000000000e+04,-1.141800000000000000e+04,-4.932500000000000000e+04,-2.793900000000000000e+04,-4.128800000000000000e+04,-3.050700000000000000e+04,9.388000000000000000e+03
-1.396000000000000000e+04,-1.416000000000000000e+04,-4.650000000000000000e+02,1.687000000000000000e+03,-1.933400000000000000e+04,-1.619500000000000000e+04,-1.790100000000000000e+04,-2.296900000000000000e+04
-1.734400000000000000e+04,-2.118100000000000000e+04,-1.179600000000000000e+04,-1.545900000000000000e+04,-1.564100000000000000e+04,-2.335400000000000000e+04,9.363000000000000000e+03,-2.251300000000000000e+04
-1.835900000000000000e+04,2.092300000000000000e+04,-1.731200000000000000e+04,-1.929700000000000000e+04,-4.000100000000000000e+04,-1.594000000000000000e+04,-3.779000000000000000e+04,-3.903000000000000000e+04
5.777000000000000000e+03,-1.498400000000000000e+04,-1.551200000000000000e+04,-1.812800000000000000e+04,-3.088400000000000000e+04,-1.429500000000000000e+04,-1.456600000000000000e+04,-3.448700000000000000e+04
-1.838900000000000000e+04,-1.169500000000000000e+04,3.989000000000000000e+03,-1.359200000000000000e+04,-1.881800000000000000e+04,-2.785000000000000000e+04,5.501000000000000000e+03,-1.821200000000000000e+04
-3.474400000000000000e+04,-2.868800000000000000e+04,-1.886900000000000000e+04,-1.363000000000000000e+04,-2.221800000000000000e+04,-1.762300000000000000e+04,1.184800000000000000e+04,-2.329600000000000000e+04
-4.426900000000000000e+04,-3.056600000000000000e+04,-1.489000000000000000e+04,-4.203200000000000000e+04,-4.493600000000000000e+04,-3.613700000000000000e+04,-2.594600000000000000e+04,2.330000000000000000e+04
-1.984900000000000000e+04,-6.972000000000000000e+03,-1.654600000000000000e+04,-2.564200000000000000e+04,-1.711600000000000000e+04,-1.735100000000000000e+04,-1.299200000000000000e+04,5.430000000000000000e+03
-3.956000000000000000e+04,-1.517100000000000000e+04,-1.011600000000000000e+04,-3.663200000000000000e+04,-3.048600000000000000e+04,-2.255200000000000000e+04,-1.856600000000000000e+04,9.332000000000000000e+03
-2.003700000000000000e+04,-2.768400000000000000e+04,-1.769800000000000000e+04,-2.400500000000000000e+04,-2.795500000000000000e+04,-3.211200000000000000e+04,-2.426400000000000000e+04,1.766300000000000000e+04
-2.549500000000000000e+04,-1.268800000000000000e+04,-2.283000000000000000e+03,-4.646300000000000000e+04,-3.037800000000000000e+04,-4.004900000000000000e+04,-2.160400000000000000e+04,1.375200000000000000e+04
-3.312200000000000000e+04,-1.036400000000000000e+04,-1.353900000000000000e+04,-1.305100000000000000e+04,-2.827700000000000000e+04,-8.412000000000000000e+03,2.056200000000000000e+04,-3.563000000000000000e+04
-4.166600000000000000e+04,-3.560900000000000000e+04,-6.439000000000000000e+03,-5.018900000000000000e+04,-2.749200000000000000e+04,-4.088000000000000000e+04,-3.444000000000000000e+04,1.367800000000000000e+04
-2.214800000000000000e+04,-2.044600000000000000e+04,-2.575500000000000000e+04,-3.561000000000000000e+03,-3.003100000000000000e+04,2.432100000000000000e+04,-1.450500000000000000e+04,-2.894500000000000000e+04
-1.228000000000000000e+04,-2.180200000000000000e+04,-2.176400000000000000e+04,7.028000000000000000e+03,-3.243400000000000000e+04,-6.574000000000000000e+03,-2.320700000000000000e+04,-3.260500000000000000e+04
-2.246600000000000000e+04,-1.660200000000000000e+04,-2.176100000000000000e+04,-3.330200000000000000e+04,-2.557300000000000000e+04,-2.286300000000000000e+04,2.647600000000000000e+04,-2.399500000000000000e+04
-2.935800000000000000e+04,-1.813800000000000000e+04,-1.562100000000000000e+04,-1.124200000000000000e+04,-2.269700000000000000e+04,-1.823500000000000000e+04,2.061800000000000000e+04,-2.270100000000000000e+04
-2.093000000000000000e+04,-9.877000000000000000e+03,-8.608000000000000000e+03,1.044800000000000000e+04,-2.717200000000000000e+04,-4.701000000000000000e+03,-9.131000000000000000e+03,-4.071600000000000000e+04
-3.971600000000000000e+04,-2.570000000000000000e+04,-1.071400000000000000e+04,-3.715000000000000000e+04,-3.428500000000000000e+04,-4.422900000000000000e+04,-3.055700000000000000e+04,1.314200000000000000e+04
-1.574200000000000000e+04,2.728900000000000000e+04,-2.459800000000000000e+04,-2.179600000000000000e+04,-4.663400000000000000e+04,-2.233900000000000000e+04,-2.103300000000000000e+04,-3.273300000000000000e+04
-4.298700000000000000e+04,-2.280200000000000000e+04,-2.394600000000000000e+04,-4.992800000000000000e+04,-3.257300000000000000e+04,-4.197800000000000000e+04,-3.349500000000000000e+04,2.405700000000000000e+04
-3.060000000000000000e+04,-6.548000000000000000e+03,-4.966000000000000000e+03,-5.443000000000000000e+03,-2.795200000000000000e+04,-1.417100000000000000e+04,6.752000000000000000e+03,-3.371400000000000000e+04
-1.057100000000000000e+04,-2.506300000000000000e+04,-9.593000000000000000e+03,-3.372100000000000000e+04,2.688800000000000000e+04,-2.502900000000000000e+04,-3.668100000000000000e+04,-2.362200000000000000e+04
-3.804600000000000000e+04,-1.882100000000000000e+04,-1.540000000000000000e+03,-1.278500000000000000e+04,-2.090000000000000000e+04,-2.083900000000000000e+04,3.391000000000000000e+03,-2.935700000000000000e+04
-1.138400000000000000e+04,-1.090000000000000000e+04,-2.132000000000000000e+03,-2.250200000000000000e+04,-1.609400000000000000e+04,-2.190900000000000000e+04,-1.549700000000000000e+04,-7.140000000000000000e+02
3.329000000000000000e+03,-1.849600000000000000e+04,-1.720200000000000000e+04,-1.083000000000000000e+04,-9.916000000000000000e+03,2.845000000000000000e+03,-3.531700000000000000e+04,-2.972200000000000000e+04
-3.698500000000000000e+04,-1.903100000000000000e+04,-1.195600000000000000e+04,-2.880100000000000000e+04,-1.649300000000000000e+04,-3.528200000000000000e+04,-1.275900000000000000e+04,-2.040000000000000000e+02
-3.941900000000000000e+04,-1.500400000000000000e+04,-2.044100000000000000e+04,-2.167300000000000000e+04,-3.808800000000000000e+04,-2.504900000000000000e+04,1.115100000000000000e+04,-3.953800000000000000e+04
-3.009800000000000000e+04,-1.378900000000000000e+04,1.671000000000000000e+03,-2.317000000000000000e+04,-3.764800000000000000e+04,-2.664600000000000000e+04,-8.383000000000000000e+03,-2.722700000000000000e+04
-1.760600000000000000e+04,-1.350100000000000000e+04,-3.952000000000000000e+03,-1.968000000000000000e+03,-2.706400000000000000e+04,-6.191000000000000000e+03,-3.978700000000000000e+04,-3.765600000000000000e+04
-1.138500000000000000e+04,-7.706000000000000000e+03,-9.522000000000000000e+03,5.570000000000000000e+03,-3.897000000000000000e+04,-1.209300000000000000e+04,-2.512000000000000000e+04,-3.917700000000000000e+04
-4.794000000000000000e+03,-1.499800000000000000e+04,-2.072200000000000000e+04,9.710000000000000000e+02,-9.075000000000000000e+03,1.098200000000000000e+04,-1.917800000000000000e+04,-1.220900000000000000e+04
-2.389800000000000000e+04,-2.654200000000000000e+04,-6.100000000000000000e+03,4.715000000000000000e+03,-1.227200000000000000e+04,-2.623700000000000000e+04,4.812000000000000000e+03,-3.189400000000000000e+04
-3.217400000000000000e+04,2.707300000000000000e+04,-3.225400000000000000e+04,-2.052000000000000000e+04,-5.913300000000000000e+04,-8.812000000000000000e+03,-2.831300000000000000e+04,-4.213600000000000000e+04
-2.209300000000000000e+04,2.578700000000000000e+04,-2.409300000000000000e+04,-1.989700000000000000e+04,-5.725500000000000000e+04,-2.413200000000000000e+04,-3.006600000000000000e+04,-3.988200000000000000e+04
-3.050200000000000000e+04,2.166900000000000000e+04,-1.893000000000000000e+04,-2.459600000000000000e+04,-6.288600000000000000e+04,-3.208900000000000000e+04,-3.573300000000000000e+04,-5.084700000000000000e+04
-3.397000000000000000e+04,-2.850800000000000000e+04,-7.926000000000000000e+03,-3.187400000000000000e+04,2.116000000000000000e+03,-4.324200000000000000e+04,-3.421200000000000000e+04,-6.950000000000000000e+03
-2.496500000000000000e+04,-2.671900000000000000e+04,-8.523000000000000000e+03,-2.646200000000000000e+04,-2.068900000000000000e+04,-2.464400000000000000e+04,2.517200000000000000e+04,-2.857500000000000000e+04
-2.733700000000000000e+04,-9.668000000000000000e+03,-2.263100000000000000e+04,-2.482400000000000000e+04,-3.528800000000000000e+04,2.242700000000000000e+04,-5.979000000000000000e+03,-2.459000000000000000e+04
-1.266400000000000000e+04,-2.815600000000000000e+04,-1.910000000000000000e+03,-1.046200000000000000e+04,1.066800000000000000e+04,-3.206800000000000000e+04,-2.660300000000000000e+04,-1.859600000000000000e+04
-2.590500000000000000e+04,-2.250500000000000000e+04,-2.388100000000000000e+04,-9.867000000000000000e+03,3.650000000000000000e+03,-2.655200000000000000e+04,-2.283500000000000000e+04,-7.033000000000000000e+03
-9.427000000000000000e+03,-1.190400000000000000e+04,-1.549900000000000000e+04,-2.065000000000000000e+03,-2.029000000000000000e+04,-4.239000000000000000e+03,-2.247400000000000000e+04,-1.497300000000000000e+04
-4.800200000000000000e+04,-3.135700000000000000e+04,3.116900000000000000e+04,-1.373300000000000000e+04,-2.465500000000000000e+04,-4.228000000000000000e+04,-2.001700000000000000e+04,-1.129100000000000000e+04
-3.923000000000000000e+03,-1.348800000000000000e+04,-1.796200000000000000e+04,-1.590000000000000000e+03,-6.428000000000000000e+03,-2.804400000000000000e+04,-1.046600000000000000e+04,-2.767300000000000000e+04
-1.609100000000000000e+04,-2.071900000000000000e+04,-2.104800000000000000e+04,-1.972700000000000000e+04,-2.121500000000000000e+04,1.273700000000000000e+04,-6.027000000000000000e+03,-2.055100000000000000e+04
-1.365400000000000000e+04,-2.085900000000000000e+04,-2.532400000000000000e+04,1.675000000000000000e+03,-1.683200000000000000e+04,2.349000000000000000e+03,-2.282800000000000000e+04,-3.979500000000000000e+04
-2.668000000000000000e+04,-2.058400000000000000e+04,-3.989000000000000000e+03,-3.080400000000000000e+04,8.531000000000000000e+03,-3.605400000000000000e+04,-1.825100000000000000e+04,-5.688000000000000000e+03
-3.342100000000000000e+04,2.456700000000000000e+04,-2.486000000000000000e+04,-1.645300000000000000e+04,-4.995500000000000000e+04,-1.860900000000000000e+04,-2.220300000000000000e+04,-3.021200000000000000e+04
-2.140000000000000000e+04,-1.074700000000000000e+04,-2.735300000000000000e+04,2.771000000000000000e+03,-3.719300000000000000e+04,-1.153400000000000000e+04,-2.093000000000000000e+04,-3.835200000000000000e+04
-1.923000000000000000e+03,-1.711000000000000000e+04,-1.138700000000000000e+04,-1.446900000000000000e+04,-1.216800000000000000e+04,8.749000000000000000e+03,-1.707300000000000000e+04,-3.713300000000000000e+04
-4.414200000000000000e+04,-1.309300000000000000e+04,1.257700000000000000e+04,-1.998700000000000000e+04,-2.311300000000000000e+04,-2.892800000000000000e+04,-1.394600000000000000e+04,-2.694200000000000000e+04
-4.006900000000000000e+04,-2.432800000000000000e+04,-2.247900000000000000e+04,-3.367000000000000000e+04,-3.108500000000000000e+04,-3.927500000000000000e+04,-1.769300000000000000e+04,2.540000000000000000e+04
-7.801000000000000000e+03,-2.874800000000000000e+04,-3.549900000000000000e+04,-1.978000000000000000e+03,-2.251900000000000000e+04,2.037600000000000000e+04,-2.086800000000000000e+04,-3.026100000000000000e+04
-2.459300000000000000e+04,2.452400000000000000e+04,-2.705900000000000000e+04,-2.078900000000000000e+04,-4.927300000000000000e+04,-1.848000000000000000e+04,-2.777300000000000000e+04,-4.219600000000000000e+04
2.299000000000000000e+03,-1.322100000000000000e+04,-1.058200000000000000e+04,-2.100000000000000000e+01,-1.010200000000000000e+04,-5.807000000000000000e+03,-3.122800000000000000e+04,-4.065200000000000000e+04
-3.441900000000000000e+04,-2.392300000000000000e+04,-1.429200000000000000e+04,-3.645600000000000000e+04,-2.844500000000000000e+04,-2.972700000000000000e+04,-3.130800000000000000e+04,1.220900000000000000e+04
-2.033800000000000000e+04,-2.397500000000000000e+04,-1.394500000000000000e+04,-2.291600000000000000e+04,-1.433200000000000000e+04,-9.573000000000000000e+03,-2.185200000000000000e+04,-3.260000000000000000e+03
-1.780300000000000000e+04,-1.968200000000000000e+04,-1.052900000000000000e+04,-2.120400000000000000e+04,-1.885800000000000000e+04,-8.373000000000000000e+03,1.234400000000000000e+04,-1.630000000000000000e+04
-3.080100000000000000e+04,-1.091800000000000000e+04,4.925000000000000000e+03,-2.412800000000000000e+04,-1.494900000000000000e+04,-4.477000000000000000e+04,-1.283200000000000000e+04,-8.446000000000000000e+03
-3.919000000000000000e+04,-1.884200000000000000e+04,2.519300000000000000e+04,-1.023200000000000000e+04,-3.396600000000000000e+04,-3.805400000000000000e+04,2.809000000000000000e+03,-3.483900000000000000e+04
-3.294400000000000000e+04,-1.502500000000000000e+04,-1.042600000000000000e+04,-3.321000000000000000e+04,-2.951900000000000000e+04,-1.879900000000000000e+04,2.876300000000000000e+04,-2.570700000000000000e+04
-1.322300000000000000e+04,-1.457000000000000000e+04,-2.241100000000000000e+04,3.089000000000000000e+03,-4.933000000000000000e+03,1.049600000000000000e+04,-2.119000000000000000e+03,-4.054100000000000000e+04
-2.275300000000000000e+04,-2.637700000000000000e+04,-7.968000000000000000e+03,-2.317200000000000000e+04,-1.765500000000000000e+04,-2.833700000000000000e+04,6.219000000000000000e+03,-1.836600000000000000e+04
-2.031600000000000000e+04,-1.502400000000000000e+04,2.173000000000000000e+03,-3.336000000000000000e+04,-1.535900000000000000e+04,-2.450800000000000000e+04,-2.550100000000000000e+04,-1.134000000000000000e+03
-7.350000000000000000e+03,1.242900000000000000e+04,-2.611800000000000000e+04,-4.961000000000000000e+03,-4.579900000000000000e+04,-2.568100000000000000e+04,-3.069200000000000000e+04,-3.592400000000000000e+04
-1.778000000000000000e+04,-2.834300000000000000e+04,-1.861000000000000000e+04,-1.222800000000000000e+04,1.059100000000000000e+04,-2.597000000000000000e+04,-2.458200000000000000e+04,-2.479400000000000000e+04
-2.707500000000000000e+04,-1.406800000000000000e+04,-1.456800000000000000e+04,-3.601900000000000000e+04,-2.475000000000000000e+04,-3.015700000000000000e+04,-2.245900000000000000e+04,1.814700000000000000e+04
6.196000000000000000e+03,-1.539200000000000000e+04,-2.381000000000000000e+04,-1.877700000000000000e+04,1.479600000000000000e+04,-1.429200000000000000e+04,-3.180200000000000000e+04,-2.855500000000000000e+04
-4.415600000000000000e+04,-1.609800000000000000e+04,5.780000000000000000e+02,-2.560000000000000000e+03,-1.745900000000000000e+04,-2.802100000000000000e+04,-1.710900000000000000e+04,-1.103600000000000000e+04
-1.665900000000000000e+04,6.282000000000000000e+03,-4.941000000000000000e+03,-1.312600000000000000e+04,-5.369000000000000000e+03,-3.314200000000000000e+04,-3.075500000000000000e+04,-2.911300000000000000e+04
-2.517400000000000000e+04,2.730100000000000000e+04,-1.914800000000000000e+04,-1.223900000000000000e+04,-5.851800000000000000e+04,-1.926800000000000000e+04,-2.168700000000000000e+04,-4.103100000000000000e+04
-4.016400000000000000e+04,-3.694800000000000000e+04,-7.223000000000000000e+03,-4.115200000000000000e+04,-3.158800000000000000e+04,-3.993200000000000000e+04,-3.335100000000000000e+04,1.861800000000000000e+04
-1.312900000000000000e+04,-1.979400000000000000e+04,-1.703500000000000000e+04,-8.752000000000000000e+03,-1.779000000000000000e+03,2.283000000000000000e+03,-1.996300000000000000e+04,-2.063800000000000000e+04
-1.993000000000000000e+04,-1.889800000000000000e+04,-6.530000000000000000e+03,4.662000000000000000e+03,3.446000000000000000e+03,-2.084100000000000000e+04,-2.025300000000000000e+04,-2.028700000000000000e+04
-5.784000000000000000e+03,-9.570000000000000000e+02,-9.611000000000000000e+03,-1.524300000000000000e+04,-3.758000000000000000e+03,-9.173000000000000000e+03,-2.518000000000000000e+04,-3.452200000000000000e+04
-2.485500000000000000e+04,-2.846400000000000000e+04,-1.287000000000000000e+04,7.849000000000000000e+03,-1.947700000000000000e+04,-1.989500000000000000e+04,-9.711000000000000000e+03,-5.329200000000000000e+04
-1.579700000000000000e+04,-1.532100000000000000e+04,-2.428700000000000000e+04,-6.681000000000000000e+03,-5.875000000000000000e+03,9.179000000000000000e+03,-2.626100000000000000e+04,-2.536800000000000000e+04
-1.723200000000000000e+04,-1.153400000000000000e+04,-6.264000000000000000e+03,-2.174700000000000000e+04,-2.083000000000000000e+04,-2.239800000000000000e+04,-1.793200000000000000e+04,1.090000000000000000e+04
-3.111400000000000000e+04,-1.792500000000000000e+04,-1.626800000000000000e+04,-4.394000000000000000e+04,-1.497100000000000000e+04,-1.188900000000000000e+04,2.043000000000000000e+04,-2.303300000000000000e+04
-1.973500000000000000e+04,-2.627200000000000000e+04,-1.928000000000000000e+04,1.332000000000000000e+03,-3.465500000000000000e+04,2.561000000000000000e+03,-3.151100000000000000e+04,-4.882700000000000000e+04
-2.277100000000000000e+04,-2.498000000000000000e+04,2.982000000000000000e+03,-2.592200000000000000e+04,-2.088300000000000000e+04,-3.503400000000000000e+04,-1.167000000000000000e+03,-2.490200000000000000e+04
-3.251300000000000000e+04,-5.313000000000000000e+03,-1.745300000000000000e+04,-2.675000000000000000e+03,-3.182000000000000000e+04,1.647000000000000000e+03,-9.888000000000000000e+03,-5.327700000000000000e+04
-3.178700000000000000e+04,-8.062000000000000000e+03,1.266300000000000000e+04,-4.295500000000000000e+04,-8.772000000000000000e+03,-3.652700000000000000e+04,-3.017500000000000000e+04,-1.775200000000000000e+04
-1.224000000000000000e+03,-1.325200000000000000e+04,-2.385500000000000000e+04,-7.296000000000000000e+03,-2.190300000000000000e+04,6.463000000000000000e+03,-2.463700000000000000e+04,-3.516200000000000000e+04
-1.843100000000000000e+04,-9.948000000000000000e+03,-1.696800000000000000e+04,1.319300000000000000e+04,-3.712300000000000000e+04,-1.664000000000000000e+03,-2.352300000000000000e+04,-2.891900000000000000e+04
-2.526000000000000000e+04,-2.225800000000000000e+04,4.480000000000000000e+02,-1.831000000000000000e+04,-1.503100000000000000e+04,-3.321700000000000000e+04,5.020000000000000000e+02,-2.047400000000000000e+04
-4.034300000000000000e+04,-3.013800000000000000e+04,-1.146600000000000000e+04,-3.857700000000000000e+04,-3.963500000000000000e+04,-2.364200000000000000e+04,-1.596100000000000000e+04,1.419700000000000000e+04
-4.559000000000000000e+03,-1.688300000000000000e+04,-2.432400000000000000e+04,1.054700000000000000e+04,-1.800100000000000000e+04,1.125000000000000000e+04,-2.853900000000000000e+04,-2.571300000000000000e+04
-2.665200000000000000e+04,-2.840300000000000000e+04,-2.470000000000000000e+03,-8.573000000000000000e+03,-1.457200000000000000e+04,-2.765300000000000000e+04,-1.180000000000000000e+04,-2.575600000000000000e+04
-3.024800000000000000e+04,-2.975700000000000000e+04,-1.578100000000000000e+04,-1.777800000000000000e+04,-1.757000000000000000e+04,-2.066900000000000000e+04,2.040300000000000000e+04,-2.170500000000000000e+04
-2.560600000000000000e+04,8.400000000000000000e+01,-2.039100000000000000e+04,1.150000000000000000e+04,-3.947500000000000000e+04,-7.218000000000000000e+03,-1.945100000000000000e+04,-3.898100000000000000e+04
3.016000000000000000e+03,-2.565000000000000000e+04,-1.670600000000000000e+04,-3.450000000000000000e+02,-2.030700000000000000e+04,-5.991000000000000000e+03,-3.383900000000000000e+04,-4.036300000000000000e+04
8.898000000000000000e+03,-2.025900000000000000e+04,-7.501000000000000000e+03,-7.680000000000000000e+02,-1.689200000000000000e+04,-7.333000000000000000e+03,-3.903400000000000000e+04,-5.010500000000000000e+04
-2.814000000000000000e+03,-2.016900000000000000e+04,-1.959800000000000000e+04,3.541000000000000000e+03,-3.706200000000000000e+04,-6.800000000000000000e+02,-2.264600000000000000e+04,-4.329800000000000000e+04
-1.529600000000000000e+04,-1.513100000000000000e+04,-1.643700000000000000e+04,8.204000000000000000e+03,-2.383100000000000000e+04,-5.563000000000000000e+03,-3.138000000000000000e+04,-3.195400000000000000e+04
-4.454000000000000000e+03,-2.302800000000000000e+04,-1.310000000000000000e+04,8.281000000000000000e+03,-1.600200000000000000e+04,-6.975000000000000000e+03,-2.957600000000000000e+04,-3.911300000000000000e+04
-1.739800000000000000e+04,-2.944600000000000000e+04,-7.295000000000000000e+03,-6.132000000000000000e+03,1.542700000000000000e+04,-1.533700000000000000e+04,-1.117300000000000000e+04,-2.021600000000000000e+04
-3.883000000000000000e+03,-2.537300000000000000e+04,9.060000000000000000e+02,-2.794600000000000000e+04,1.035900000000000000e+04,-3.065900000000000000e+04,-3.710900000000000000e+04,-3.485900000000000000e+04
-2.092300000000000000e+04,7.410000000000000000e+03,-2.190900000000000000e+04,-1.660600000000000000e+04,-4.041400000000000000e+04,-1.526800000000000000e+04,-5.248000000000000000e+03,-2.239100000000000000e+04
-1.996800000000000000e+04,-7.813000000000000000e+03,-1.458500000000000000e+04,1.726000000000000000e+03,-1.958500000000000000e+04,-1.283200000000000000e+04,-1.355500000000000000e+04,-2.796600000000000000e+04
-5.062000000000000000e+04,-2.565200000000000000e+04,8.200000000000000000e+02,-1.835700000000000000e+04,-4.825000000000000000e+04,-4.882800000000000000e+04,-1.909500000000000000e+04,-8.642000000000000000e+03
-2.534900000000000000e+04,-1.495500000000000000e+04,-1.014900000000000000e+04,-1.872200000000000000e+04,-3.176100000000000000e+04,-9.293000000000000000e+03,5.063000000000000000e+03,-2.416900000000000000e+04
-1.250300000000000000e+04,-1.612800000000000000e+04,-1.690000000000000000e+04,-1.174000000000000000e+03,-2.515100000000000000e+04,-1.288000000000000000e+03,-2.356100000000000000e+04,-4.620700000000000000e+04
-1.706900000000000000e+04,-1.243300000000000000e+04,-2.352600000000000000e+04,-5.451000000000000000e+03,-2.975400000000000000e+04,8.414000000000000000e+03,-5.128000000000000000e+03,-2.365900000000000000e+04
-2.488300000000000000e+04,-1.300700000000000000e+04,-2.177100000000000000e+04,1.145000000000000000e+04,-2.989700000000000000e+04,3.458000000000000000e+03,-2.314900000000000000e+04,-4.348700000000000000e+04
-1.530000000000000000e+04,6.260000000000000000e+03,-1.942100000000000000e+04,-1.255500000000000000e+04,-1.689100000000000000e+04,-1.844100000000000000e+04,-2.894200000000000000e+04,-5.196200000000000000e+04
-1.483600000000000000e+04,-1.191500000000000000e+04,-1.693000000000000000e+04,1.136300000000000000e+04,-3.360700000000000000e+04,-8.810000000000000000e+02,-1.929900000000000000e+04,-4.590100000000000000e+04
-2.987500000000000000e+04,-2.683100000000000000e+04,2.532000000000000000e+04,-2.814900000000000000e+04,-1.606200000000000000e+04,-2.802600000000000000e+04,-1.767800000000000000e+04,-2.579200000000000000e+04
-3.684800000000000000e+04,-2.411500000000000000e+04,-1.967900000000000000e+04,-4.534900000000000000e+04,-2.822600000000000000e+04,-3.045100000000000000e+04,-2.068000000000000000e+04,2.054300000000000000e+04
-2.618200000000000000e+04,-2.063700000000000000e+04,1.896600000000000000e+04,-2.050300000000000000e+04,-6.063000000000000000e+03,-3.931300000000000000e+04,-1.151100000000000000e+04,-2.331100000000000000e+04
-2.423000000000000000e+04,-2.936500000000000000e+04,-1.406400000000000000e+04,-6.155000000000000000e+03,-2.916000000000000000e+04,2.464000000000000000e+03,-1.285000000000000000e+03,-3.399700000000000000e+04
-1.052300000000000000e+04,9.465000000000000000e+03,-2.392000000000000000e+04,-2.929600000000000000e+04,-5.111000000000000000e+04,-1.073500000000000000e+04,-3.719800000000000000e+04,-5.078400000000000000e+04
-3.375100000000000000e+04,-1.420900000000000000e+04,3.595000000000000000e+03,-1.569000000000000000e+04,-1.255300000000000000e+04,-3.202100000000000000e+04,-2.416100000000000000e+04,3.068000000000000000e+03
-2.657100000000000000e+04,3.279000000000000000e+03,-1.556200000000000000e+04,-2.206200000000000000e+04,-4.730700000000000000e+04,1.609000000000000000e+03,-3.248300000000000000e+04,-4.621300000000000000e+04
-2.170500000000000000e+04,-2.195100000000000000e+04,-8.952000000000000000e+03,-1.533500000000000000e+04,-2.187800000000000000e+04,-1.349600000000000000e+04,1.023200000000000000e+04,-2.812100000000000000e+04
-2.305000000000000000e+04,-9.753000000000000000e+03,-1.605400000000000000e+04,-1.808200000000000000e+04,-2.176600000000000000e+04,-2.193900000000000000e+04,1.515400000000000000e+04,-2.673500000000000000e+04
-3.368600000000000000e+04,-2.595400000000000000e+04,1.279600000000000000e+04,-1.893800000000000000e+04,-7.512000000000000000e+03,-3.819500000000000000e+04,-2.803400000000000000e+04,1.070000000000000000e+02
-1.779800000000000000e+04,-1.542500000000000000e+04,9.700000000000000000e+01,-6.476000000000000000e+03,-1.425300000000000000e+04,-2.498000000000000000e+04,-1.755100000000000000e+04,-3.558200000000000000e+04
-1.677700000000000000e+04,-1.297700000000000000e+04,-1.768200000000000000e+04,-1.786800000000000000e+04,-3.680400000000000000e+04,-2.453800000000000000e+04,1.422700000000000000e+04,-2.676700000000000000e+04
-1.544100000000000000e+04,-2.132900000000000000e+04,-1.658300000000000000e+04,-3.069200000000000000e+04,-1.762300000000000000e+04,-3.441300000000000000e+04,-1.462800000000000000e+04,1.428800000000000000e+04
-1.899100000000000000e+04,-1.632600000000000000e+04,-9.716000000000000000e+03,-1.345900000000000000e+04,-1.053800000000000000e+04,4.930000000000000000e+03,-1.017200000000000000e+04,-1.887000000000000000e+04
-2.804900000000000000e+04,-1.855000000000000000e+04,5.960000000000000000e+02,-1.299000000000000000e+04,-2.098500000000000000e+04,-2.552900000000000000e+04,9.204000000000000000e+03,-2.130900000000000000e+04
7.398000000000000000e+03,-1.809200000000000000e+04,-2.149400000000000000e+04,-1.607200000000000000e+04,-1.723300000000000000e+04,1.115200000000000000e+04,-1.127100000000000000e+04,-3.095500000000000000e+04
-2.105500000000000000e+04,-1.368100000000000000e+04,-7.791000000000000000e+03,-1.693600000000000000e+04,-2.933700000000000000e+04,-2.793500000000000000e+04,1.460400000000000000e+04,-3.776900000000000000e+04
-1.451500000000000000e+04,-1.194000000000000000e+03,-2.007700000000000000e+04,-1.302000000000000000e+03,-3.813200000000000000e+04,-8.022000000000000000e+03,-2.238100000000000000e+04,-3.287100000000000000e+04
-1.170100000000000000e+04,-5.895000000000000000e+03,-1.636200000000000000e+04,4.866000000000000000e+03,-3.583100000000000000e+04,4.010000000000000000e+02,-2.476200000000000000e+04,-2.132200000000000000e+04
-3.898900000000000000e+04,-2.000900000000000000e+04,-1.969800000000000000e+04,-2.028100000000000000e+04,-4.000300000000000000e+04,-4.987000000000000000e+03,2.431800000000000000e+04,-3.574300000000000000e+04
6.434000000000000000e+03,-1.049600000000000000e+04,-1.789200000000000000e+04,-2.824000000000000000e+03,-2.566100000000000000e+04,-5.503000000000000000e+03,-2.222500000000000000e+04,-2.030400000000000000e+04
1.093000000000000000e+03,-2.270600000000000000e+04,-1.850300000000000000e+04,-1.380500000000000000e+04,-4.787000000000000000e+03,1.887300000000000000e+04,-2.062000000000000000e+04,-2.960800000000000000e+04
6.700000000000000000e+01,-1.035200000000000000e+04,-1.434100000000000000e+04,-2.162000000000000000e+04,-8.546000000000000000e+03,3.139000000000000000e+03,-1.944100000000000000e+04,-2.865400000000000000e+04
-1.848300000000000000e+04,-1.192700000000000000e+04,2.881000000000000000e+03,-3.617000000000000000e+03,-3.414500000000000000e+04,-1.514000000000000000e+03,-2.958800000000000000e+04,-3.981700000000000000e+04
-3.420000000000000000e+04,-1.557400000000000000e+04,-1.295200000000000000e+04,-2.441400000000000000e+04,-4.490000000000000000e+03,-3.519400000000000000e+04,-3.396500000000000000e+04,3.472000000000000000e+03
-1.889700000000000000e+04,-1.876100000000000000e+04,-1.333200000000000000e+04,-2.953300000000000000e+04,-1.931800000000000000e+04,-4.100000000000000000e+02,3.125300000000000000e+04,-2.365000000000000000e+04
-2.366000000000000000e+04,-1.687600000000000000e+04,-2.187900000000000000e+04,-3.020000000000000000e+03,-2.951300000000000000e+04,4.827000000000000000e+03,-9.306000000000000000e+03,-2.148400000000000000e+04
-3.515500000000000000e+04,-7.602000000000000000e+03,-1.951000000000000000e+04,-1.612900000000000000e+04,-3.217000000000000000e+04,-2.267700000000000000e+04,2.186100000000000000e+04,-4.317500000000000000e+04
-2.422000000000000000e+04,-1.181100000000000000e+04,-2.336000000000000000e+03,-5.349000000000000000e+03,1.575600000000000000e+04,-2.554900000000000000e+04,-2.313900000000000000e+04,-2.195200000000000000e+04
-2.773400000000000000e+04,-1.488600000000000000e+04,1.096900000000000000e+04,-4.797000000000000000e+03,-2.316800000000000000e+04,-4.195000000000000000e+04,-2.258300000000000000e+04,-1.160000000000000000e+04
-5.998000000000000000e+03,-1.439700000000000000e+04,-2.479400000000000000e+04,-4.935000000000000000e+03,-1.224300000000000000e+04,-1.290000000000000000e+02,-2.348700000000000000e+04,-3.356400000000000000e+04
-2.407300000000000000e+04,-7.780000000000000000e+02,-2.323500000000000000e+04,-8.917000000000000000e+03,-4.565500000000000000e+04,-4.869000000000000000e+03,-1.815600000000000000e+04,-4.360800000000000000e+04
-1.876000000000000000e+04,-1.293000000000000000e+04,-7.326000000000000000e+03,-1.482500000000000000e+04,-1.724800000000000000e+04,-1.744200000000000000e+04,2.186000000000000000e+03,-1.532600000000000000e+04
-3.551100000000000000e+04,-1.726000000000000000e+04,-1.440900000000000000e+04,-5.440000000000000000e+02,-1.362100000000000000e+04,-2.182400000000000000e+04,1.726300000000000000e+04,-3.432700000000000000e+04
-1.359000000000000000e+04,2.607400000000000000e+04,-2.065100000000000000e+04,-3.134600000000000000e+04,-5.458100000000000000e+04,-2.671000000000000000e+04,-3.401800000000000000e+04,-4.353400000000000000e+04
-2.822200000000000000e+04,-2.245700000000000000e+04,4.319000000000000000e+04,-1.533600000000000000e+04,-1.514300000000000000e+04,-2.975000000000000000e+04,-1.700100000000000000e+04,-4.035100000000000000e+04
-3.162400000000000000e+04,1.582400000000000000e+04,-2.114500000000000000e+04,-1.195600000000000000e+04,-3.351400000000000000e+04,-2.414000000000000000e+04,-2.351700000000000000e+04,-3.824400000000000000e+04
1.307600000000000000e+04,-2.997800000000000000e+04,-1.553000000000000000e+04,-1.250900000000000000e+04,-1.682900000000000000e+04,1.613000000000000000e+03,-2.635000000000000000e+04,-5.007200000000000000e+04
-1.158400000000000000e+04,2.715000000000000000e+03,-2.357200000000000000e+04,-1.887100000000000000e+04,-3.320400000000000000e+04,-3.252000000000000000e+03,-3.093600000000000000e+04,-3.378400000000000000e+04
-3.647000000000000000e+04,-2.416300000000000000e+04,-7.377000000000000000e+03,-3.198700000000000000e+04,-2.238400000000000000e+04,-2.473500000000000000e+04,-2.006800000000000000e+04,8.979000000000000000e+03
-3.059100000000000000e+04,-2.046500000000000000e+04,-5.486000000000000000e+03,-2.466400000000000000e+04,-1.891500000000000000e+04,-2.267200000000000000e+04,1.246500000000000000e+04,-3.345700000000000000e+04
-2.062600000000000000e+04,-2.143600000000000000e+04,-1.289300000000000000e+04,-2.184900000000000000e+04,-2.768700000000000000e+04,-1.803300000000000000e+04,1.378300000000000000e+04,-2.320700000000000000e+04
-1.099200000000000000e+04,-2.055700000000000000e+04,-2.390900000000000000e+04,-3.007300000000000000e+04,-2.407500000000000000e+04,-3.098400000000000000e+04,1.872300000000000000e+04,-8.770000000000000000e+03
3.804000000000000000e+03,-1.916500000000000000e+04,-1.829800000000000000e+04,-1.143100000000000000e+04,-8.306000000000000000e+03,-1.724000000000000000e+03,-3.257300000000000000e+04,-4.250700000000000000e+04
-2.224000000000000000e+04,5.063000000000000000e+03,-2.740300000000000000e+04,-8.431000000000000000e+03,-3.471000000000000000e+04,-1.437800000000000000e+04,-3.100300000000000000e+04,-2.871800000000000000e+04
-1.308600000000000000e+04,-1.440400000000000000e+04,9.645000000000000000e+03,-1.462400000000000000e+04,-1.749000000000000000e+03,-1.731500000000000000e+04,-1.791800000000000000e+04,-2.851200000000000000e+04
-2.398000000000000000e+03,-2.316100000000000000e+04,-1.344100000000000000e+04,-4.137000000000000000e+03,-2.706900000000000000e+04,-3.036000000000000000e+03,-4.101600000000000000e+04,-5.929700000000000000e+04
-4.674000000000000000e+03,-2.692400000000000000e+04,-7.946000000000000000e+03,-1.773000000000000000e+03,-6.830000000000000000e+03,-1.676200000000000000e+04,-3.103400000000000000e+04,-3.684400000000000000e+04
-3.952100000000000000e+04,-2.170400000000000000e+04,-1.149800000000000000e+04,-2.184400000000000000e+04,2.572600000000000000e+04,-3.463800000000000000e+04,-3.171800000000000000e+04,-1.615500000000000000e+04
-2.607100000000000000e+04,-1.273600000000000000e+04,-1.827600000000000000e+04,-1.852200000000000000e+04,-2.799400000000000000e+04,-1.083300000000000000e+04,2.611500000000000000e+04,-2.142000000000000000e+04
-2.112300000000000000e+04,-8.257000000000000000e+03,-1.977000000000000000e+04,-1.270000000000000000e+02,-3.132600000000000000e+04,5.395000000000000000e+03,-1.905100000000000000e+04,-3.926100000000000000e+04
-2.434300000000000000e+04,-1.386000000000000000e+04,-7.849000000000000000e+03,-2.989000000000000000e+03,-4.555800000000000000e+04,-3.136200000000000000e+04,9.844000000000000000e+03,-2.828900000000000000e+04
-5.576000000000000000e+03,-2.724000000000000000e+04,-1.226700000000000000e+04,-1.181400000000000000e+04,1.875000000000000000e+03,-2.176500000000000000e+04,-3.378400000000000000e+04,-2.457100000000000000e+04
-2.799400000000000000e+04,-1.527700000000000000e+04,1.225400000000000000e+04,-1.138800000000000000e+04,-1.011200000000000000e+04,-9.181000000000000000e+03,-2.434300000000000000e+04,-1.957800000000000000e+04
-1.780500000000000000e+04,-1.726500000000000000e+04,-1.819500000000000000e+04,-4.340000000000000000e+02,-3.055200000000000000e+04,-2.236000000000000000e+03,-2.109600000000000000e+04,-3.201400000000000000e+04
-4.591500000000000000e+04,-1.597200000000000000e+04,-3.018100000000000000e+04,-4.836100000000000000e+04,-3.267700000000000000e+04,-4.077500000000000000e+04,-3.077000000000000000e+04,2.389200000000000000e+04
-3.422100000000000000e+04,-2.103700000000000000e+04,1.481600000000000000e+04,-5.903000000000000000e+03,5.446000000000000000e+03,-3.667600000000000000e+04,-1.805300000000000000e+04,-2.019800000000000000e+04
-3.546900000000000000e+04,-2.912800000000000000e+04,-1.203900000000000000e+04,-2.958500000000000000e+04,-2.927700000000000000e+04,-1.630900000000000000e+04,2.428700000000000000e+04,-2.775000000000000000e+04
-2.836600000000000000e+04,-1.506700000000000000e+04,-6.326000000000000000e+03,-1.796800000000000000e+04,-2.544500000000000000e+04,-3.446300000000000000e+04,1.592700000000000000e+04,-1.992700000000000000e+04
-2.284800000000000000e+04,2.141400000000000000e+04,-1.929400000000000000e+04,-1.604700000000000000e+04,-5.392800000000000000e+04,-1.442600000000000000e+04,-2.251700000000000000e+04,-3.335800000000000000e+04
-3.146600000000000000e+04,-1.272400000000000000e+04,-1.981500000000000000e+04,-2.362700000000000000e+04,-3.239600000000000000e+04,-2.848900000000000000e+04,3.159000000000000000e+03,-2.641500000000000000e+04
-5.600800000000000000e+04,-3.183800000000000000e+04,-5.526000000000000000e+03,-3.634300000000000000e+04,-3.930900000000000000e+04,-5.137200000000000000e+04,-1.940900000000000000e+04,8.805000000000000000e+03
-2.686600000000000000e+04,-3.001900000000000000e+04,-6.384000000000000000e+03,-3.962400000000000000e+04,-2.293200000000000000e+04,-2.305200000000000000e+04,3.357900000000000000e+04,-1.637900000000000000e+04
-5.946000000000000000e+03,1.957200000000000000e+04,-2.933600000000000000e+04,-1.132600000000000000e+04,-3.279800000000000000e+04,-2.163200000000000000e+04,-2.695100000000000000e+04,-2.400700000000000000e+04
-1.628300000000000000e+04,1.017400000000000000e+04,-2.279000000000000000e+04,-6.580000000000000000e+03,-3.136000000000000000e+04,-1.211900000000000000e+04,-3.399700000000000000e+04,-4.918300000000000000e+04
-1.151600000000000000e+04,-1.575600000000000000e+04,-2.173200000000000000e+04,1.395800000000000000e+04,-2.059900000000000000e+04,-7.257000000000000000e+03,-1.957200000000000000e+04,-4.696600000000000000e+04
-3.598200000000000000e+04,-1.394900000000000000e+04,-2.552000000000000000e+04,-3.418400000000000000e+04,-1.569500000000000000e+04,-2.440100000000000000e+04,-1.615300000000000000e+04,2.110400000000000000e+04
-2.038500000000000000e+04,6.994000000000000000e+03,-2.158800000000000000e+04,-2.272700000000000000e+04,-3.208100000000000000e+04,-1.660000000000000000e+02,-4.208000000000000000e+03,-2.715000000000000000e+04
-2.390400000000000000e+04,2.092200000000000000e+04,-2.538000000000000000e+04,-2.551600000000000000e+04,-4.716900000000000000e+04,-3.029800000000000000e+04,-1.833800000000000000e+04,-2.894800000000000000e+04
-1.801700000000000000e+04,-1.934500000000000000e+04,-1.119700000000000000e+04,1.188000000000000000e+04,-4.331300000000000000e+04,8.675000000000000000e+03,-2.013600000000000000e+04,-4.200000000000000000e+04
-1.953400000000000000e+04,-6.218000000000000000e+03,-2.398600000000000000e+04,-1.302600000000000000e+04,-3.866200000000000000e+04,2.619000000000000000e+03,-1.469700000000000000e+04,-3.245100000000000000e+04
8.094000000000000000e+03,-2.308400000000000000e+04,-1.801900000000000000e+04,3.589000000000000000e+03,-2.114400000000000000e+04,-5.128000000000000000e+03,-3.064200000000000000e+04,-3.921200000000000000e+04
-3.843900000000000000e+04,-2.451100000000000000e+04,-3.039000000000000000e+03,-2.505400000000000000e+04,-3.113200000000000000e+04,-2.158600000000000000e+04,-8.593000000000000000e+03,-6.701000000000000000e+03
-1.799700000000000000e+04,-1.368000000000000000e+04,-9.975000000000000000e+03,-1.902900000000000000e+04,-1.979900000000000000e+04,-3.181100000000000000e+04,1.132600000000000000e+04,-2.645900000000000000e+04
-1.996100000000000000e+04,-2.189300000000000000e+04,-1.142500000000000000e+04,-2.980100000000000000e+04,-2.833300000000000000e+04,-1.065300000000000000e+04,1.271500000000000000e+04,-1.550500000000000000e+04
-5.340000000000000000e+02,-2.065500000000000000e+04,-1.856600000000000000e+04,-2.961000000000000000e+03,-1.326900000000000000e+04,-2.700000000000000000e+01,-1.698900000000000000e+04,-4.712500000000000000e+04
-1.890100000000000000e+04,-1.695000000000000000e+04,-1.713700000000000000e+04,5.953000000000000000e+03,-1.169200000000000000e+04,-3.609000000000000000e+03,-1.631400000000000000e+04,-3.693100000000000000e+04
-2.133800000000000000e+04,1.455200000000000000e+04,-2.738600000000000000e+04,-1.464700000000000000e+04,-4.000200000000000000e+04,-1.116500000000000000e+04,-2.409200000000000000e+04,-3.049800000000000000e+04
-3.149700000000000000e+04,-2.063500000000000000e+04,-2.735000000000000000e+03,-1.875000000000000000e+04,-2.328000000000000000e+03,-2.678300000000000000e+04,-2.641400000000000000e+04,-1.682000000000000000e+03
-2.329300000000000000e+04,-1.980000000000000000e+03,-1.039100000000000000e+04,7.883000000000000000e+03,-4.772700000000000000e+04,-1.381600000000000000e+04,-3.309400000000000000e+04,-5.075200000000000000e+04
-1.621300000000000000e+04,-2.429500000000000000e+04,2.550000000000000000e+03,-1.609400000000000000e+04,-1.692000000000000000e+04,-2.305600000000000000e+04,8.191000000000000000e+03,-2.823100000000000000e+04
-2.041000000000000000e+03,-1.161100000000000000e+04,-1.447200000000000000e+04,-5.161000000000000000e+03,-2.003100000000000000e+04,-2.923000000000000000e+03,-1.637500000000000000e+04,-3.757400000000000000e+04
-3.426300000000000000e+04,2.597400000000000000e+04,-1.856100000000000000e+04,-7.919000000000000000e+03,-3.927200000000000000e+04,-1.725800000000000000e+04,-2.365200000000000000e+04,-4.174700000000000000e+04
-8.754000000000000000e+03,-3.209000000000000000e+04,-1.395200000000000000e+04,1.700000000000000000e+01,-1.269100000000000000e+04,-1.397200000000000000e+04,-2.345300000000000000e+04,-3.638200000000000000e+04
-1.026600000000000000e+04,-1.590400000000000000e+04,-1.683700000000000000e+04,6.942000000000000000e+03,-1.514600000000000000e+04,-9.104000000000000000e+03,-1.154100000000000000e+04,-4.246100000000000000e+04
-3.815300000000000000e+04,1.977300000000000000e+04,-2.750200000000000000e+04,-1.626900000000000000e+04,-4.627400000000000000e+04,-2.084200000000000000e+04,-7.743000000000000000e+03,-2.875800000000000000e+04
-3.545000000000000000e+03,-2.019400000000000000e+04,-2.656200000000000000e+04,-5.576000000000000000e+03,-3.296300000000000000e+04,5.517000000000000000e+03,-2.381900000000000000e+04,-4.023800000000000000e+04
-1.045500000000000000e+04,-2.787600000000000000e+04,-1.408800000000000000e+04,-7.463000000000000000e+03,-2.588600000000000000e+04,1.734100000000000000e+04,-2.818200000000000000e+04,-4.429500000000000000e+04
-1.016400000000000000e+04,-3.153200000000000000e+04,-1.732700000000000000e+04,2.096400000000000000e+04,2.160000000000000000e+03,-1.562100000000000000e+04,-8.050000000000000000e+03,-2.791800000000000000e+04
-1.272700000000000000e+04,-2.772600000000000000e+04,-6.754000000000000000e+03,-2.113000000000000000e+04,1.636000000000000000e+04,-3.455800000000000000e+04,-2.307600000000000000e+04,-2.687700000000000000e+04
-8.804000000000000000e+03,-1.526000000000000000e+04,-5.724000000000000000e+03,7.673000000000000000e+03,-4.734000000000000000e+03,-1.611400000000000000e+04,-1.993000000000000000e+04,-3.743900000000000000e+04
-2.012300000000000000e+04,-1.322900000000000000e+04,-1.511400000000000000e+04,-3.397000000000000000e+03,-2.832000000000000000e+03,-1.994500000000000000e+04,-3.795000000000000000e+04,-2.287900000000000000e+04
-1.713100000000000000e+04,-1.675400000000000000e+04,-2.179400000000000000e+04,-2.637000000000000000e+03,-2.510700000000000000e+04,5.476000000000000000e+03,-2.719200000000000000e+04,-4.253900000000000000e+04
-1.730400000000000000e+04,-1.776600000000000000e+04,-1.515500000000000000e+04,-5.275000000000000000e+03,-3.088700000000000000e+04,1.363900000000000000e+04,-1.805300000000000000e+04,-2.902900000000000000e+04
-1.635300000000000000e+04,-2.458300000000000000e+04,-2.999000000000000000e+04,-1.375300000000000000e+04,-1.784500000000000000e+04,1.373900000000000000e+04,-1.304700000000000000e+04,-3.028400000000000000e+04
-3.960000000000000000e+03,-1.070100000000000000e+04,-2.636400000000000000e+04,-1.452200000000000000e+04,-1.527100000000000000e+04,1.062700000000000000e+04,-1.137600000000000000e+04,-3.237200000000000000e+04
-2.564000000000000000e+04,-2.474600000000000000e+04,-1.551400000000000000e+04,-2.491400000000000000e+04,-3.029500000000000000e+04,-3.074100000000000000e+04,9.814000000000000000e+03,-2.448900000000000000e+04
-3.158100000000000000e+04,-7.896000000000000000e+03,-2.780300000000000000e+04,-7.192000000000000000e+03,-2.595500000000000000e+04,-1.227800000000000000e+04,7.835000000000000000e+03,-3.487500000000000000e+04
-4.721500000000000000e+04,-1.926000000000000000e+03,-6.738000000000000000e+03,-2.285000000000000000e+03,-4.502800000000000000e+04,1.397000000000000000e+03,-3.041300000000000000e+04,-4.518200000000000000e+04
-5.574000000000000000e+03,-1.125300000000000000e+04,-2.072500000000000000e+04,6.678000000000000000e+03,-3.420700000000000000e+04,-1.224400000000000000e+04,-2.793100000000000000e+04,-3.580800000000000000e+04
-2.243900000000000000e+04,-2.475400000000000000e+04,-8.050000000000000000e+03,-4.628600000000000000e+04,-3.031400000000000000e+04,-2.744000000000000000e+04,-2.546800000000000000e+04,1.233000000000000000e+04
-1.846600000000000000e+04,1.736100000000000000e+04,-2.681300000000000000e+04,-2.885200000000000000e+04,-4.584800000000000000e+04,-7.764000000000000000e+03,-1.770400000000000000e+04,-2.736900000000000000e+04
-1.623000000000000000e+04,3.283100000000000000e+04,-1.497500000000000000e+04,-2.307600000000000000e+04,-4.036700000000000000e+04,-2.807200000000000000e+04,-3.071100000000000000e+04,-3.684800000000000000e+04
-2.100000000000000000e+03,-1.047700000000000000e+04,-1.848900000000000000e+04,-4.777000000000000000e+03,1.200200000000000000e+04,1.185300000000000000e+04,-1.484400000000000000e+04,-7.471000000000000000e+03
-8.799000000000000000e+03,2.672300000000000000e+04,-1.214800000000000000e+04,-2.207300000000000000e+04,-5.055100000000000000e+04,-1.860100000000000000e+04,-3.486700000000000000e+04,-4.476500000000000000e+04
-2.567900000000000000e+04,3.038000000000000000e+04,-1.978100000000000000e+04,-8.687000000000000000e+03,-4.235100000000000000e+04,-2.464800000000000000e+04,-1.796000000000000000e+04,-4.333700000000000000e+04
-2.083000000000000000e+04,-2.002800000000000000e+04,-1.366700000000000000e+04,-2.552800000000000000e+04,-2.009100000000000000e+04,-1.881500000000000000e+04,-1.644400000000000000e+04,2.676900000000000000e+04
-1.411800000000000000e+04,-2.042100000000000000e+04,6.462000000000000000e+03,-3.428500000000000000e+04,-5.860000000000000000e+02,-5.029800000000000000e+04,-3.697900000000000000e+04,-2.043800000000000000e+04
-3.856000000000000000e+03,-2.803900000000000000e+04,-1.478300000000000000e+04,9.163000000000000000e+03,-2.171400000000000000e+04,7.050000000000000000e+03,-2.296200000000000000e+04,-3.802000000000000000e+04
-2.985600000000000000e+04,-1.719200000000000000e+04,-1.105300000000000000e+04,-1.191500000000000000e+04,-1.651100000000000000e+04,-2.171900000000000000e+04,8.420000000000000000e+03,-2.581100000000000000e+04
-2.773300000000000000e+04,-6.790000000000000000e+03,-1.182100000000000000e+04,-1.521400000000000000e+04,-1.468500000000000000e+04,-1.500100000000000000e+04,-1.375000000000000000e+04,6.435000000000000000e+03
-2.231600000000000000e+04,-1.858000000000000000e+04,-1.083600000000000000e+04,-2.666500000000000000e+04,-1.143300000000000000e+04,-1.715400000000000000e+04,1.709900000000000000e+04,-8.476000000000000000e+03
-1.789200000000000000e+04,-7.099000000000000000e+03,-1.830600000000000000e+04,-1.689900000000000000e+04,-3.781400000000000000e+04,-6.577000000000000000e+03,-2.326400000000000000e+04,-3.422800000000000000e+04
-1.302700000000000000e+04,-2.153400000000000000e+04,-2.072100000000000000e+04,4.893000000000000000e+03,-2.011300000000000000e+04,1.630500000000000000e+04,-2.822600000000000000e+04,-2.806700000000000000e+04
-1.840400000000000000e+04,-1.032200000000000000e+04,-1.627500000000000000e+04,-8.710000000000000000e+03,-2.059000000000000000e+04,-1.169800000000000000e+04,-1.642700000000000000e+04,-5.295500000000000000e+04
1.870400000000000000e+04,-1.260400000000000000e+04,-3.016300000000000000e+04,-2.179400000000000000e+04,-2.212700000000000000e+04,-3.331700000000000000e+04,-2.683100000000000000e+04,-3.252500000000000000e+04
-3.973000000000000000e+03,1.363000000000000000e+03,-1.814900000000000000e+04,-1.365600000000000000e+04,-2.816100000000000000e+04,-1.061400000000000000e+04,-9.559000000000000000e+03,-3.131400000000000000e+04
-3.460200000000000000e+04,-1.235400000000000000e+04,-3.051000000000000000e+03,-1.808300000000000000e+04,-2.243800000000000000e+04,-2.461500000000000000e+04,-2.368000000000000000e+03,-3.075000000000000000e+03
-3.837400000000000000e+04,-2.895200000000000000e+04,-2.266000000000000000e+04,-3.079300000000000000e+04,-2.634800000000000000e+04,-5.488000000000000000e+03,2.853100000000000000e+04,-1.992900000000000000e+04
-1.673100000000000000e+04,-1.530000000000000000e+03,-6.252000000000000000e+03,-2.884800000000000000e+04,-2.474400000000000000e+04,-7.039000000000000000e+03,1.156300000000000000e+04,-3.693600000000000000e+04
-3.073700000000000000e+04,-1.111100000000000000e+04,-2.370900000000000000e+04,-2.664900000000000000e+04,-4.586200000000000000e+04,-1.912900000000000000e+04,1.501500000000000000e+04,-4.158400000000000000e+04
1.250100000000000000e+04,-2.500400000000000000e+04,-1.150200000000000000e+04,2.750000000000000000e+03,-4.391900000000000000e+04,-2.460000000000000000e+02,-3.074700000000000000e+04,-4.691800000000000000e+04
-1.074500000000000000e+04,-1.266700000000000000e+04,-1.321300000000000000e+04,-1.791400000000000000e+04,5.852000000000000000e+03,-1.721700000000000000e+04,-1.292500000000000000e+04,-2.052500000000000000e+04
-8.365000000000000000e+03,-1.978300000000000000e+04,-1.402900000000000000e+04,4.250000000000000000e+03,-1.220100000000000000e+04,-1.280500000000000000e+04,-1.757800000000000000e+04,-3.839100000000000000e+04
-2.165400000000000000e+04,-2.258200000000000000e+04,-2.584100000000000000e+04,-1.016000000000000000e+03,-3.873700000000000000e+04,1.211500000000000000e+04,-9.208000000000000000e+03,-3.353500000000000000e+04
-1.350800000000000000e+04,-2.122100000000000000e+04,1.319000000000000000e+03,-1.826400000000000000e+04,-2.269300000000000000e+04,-1.006700000000000000e+04,6.629000000000000000e+03,-9.365000000000000000e+03
-7.737000000000000000e+03,-1.455600000000000000e+04,-1.806300000000000000e+04,-1.336300000000000000e+04,-3.083400000000000000e+04,1.175600000000000000e+04,-3.494500000000000000e+04,-4.583200000000000000e+04
-1.432600000000000000e+04,-1.579200000000000000e+04,-7.851000000000000000e+03,-8.030000000000000000e+02,-9.579000000000000000e+03,-9.754000000000000000e+03,-1.616100000000000000e+04,-3.839100000000000000e+04
-3.388700000000000000e+04,-1.502000000000000000e+04,-5.423000000000000000e+03,-2.508700000000000000e+04,-2.422800000000000000e+04,-1.580000000000000000e+03,-1.577000000000000000e+04,-8.494000000000000000e+03
1.956000000000000000e+03,-2.488500000000000000e+04,-2.351200000000000000e+04,-4.220000000000000000e+03,8.635000000000000000e+03,-2.033400000000000000e+04,-2.217500000000000000e+04,-2.902200000000000000e+04
-3.794200000000000000e+04,-1.650100000000000000e+04,-1.521700000000000000e+04,-3.450200000000000000e+04,-1.590100000000000000e+04,-2.800600000000000000e+04,-2.344800000000000000e+04,8.719000000000000000e+03
-1.750500000000000000e+04,-1.171000000000000000e+04,-1.617500000000000000e+04,-8.856000000000000000e+03,-1.387600000000000000e+04,1.660700000000000000e+04,-1.159000000000000000e+04,-3.068100000000000000e+04
-1.331000000000000000e+03,-2.013700000000000000e+04,-1.724800000000000000e+04,-1.068800000000000000e+04,-1.421900000000000000e+04,-2.120400000000000000e+04,-3.534000000000000000e+03,-3.878000000000000000e+04
-1.857600000000000000e+04,-9.682000000000000000e+03,-2.217800000000000000e+04,1.078700000000000000e+04,-2.664000000000000000e+04,-1.762000000000000000e+03,-7.474000000000000000e+03,-1.873200000000000000e+04
-1.323700000000000000e+04,-2.497400000000000000e+04,-2.316800000000000000e+04,-2.443000000000000000e+04,2.295100000000000000e+04,-2.735000000000000000e+04,-3.204200000000000000e+04,-1.667500000000000000e+04
-2.150000000000000000e+04,-2.071200000000000000e+04,-1.407600000000000000e+04,-3.181000000000000000e+04,-2.789500000000000000e+04,-3.000400000000000000e+04,-1.593400000000000000e+04,1.531900000000000000e+04
4.003000000000000000e+03,-2.427400000000000000e+04,-1.409800000000000000e+04,-1.537300000000000000e+04,-9.742000000000000000e+03,-2.488000000000000000e+03,-2.204500000000000000e+04,-4.264500000000000000e+04
1.188300000000000000e+04,-3.038000000000000000e+04,-2.038000000000000000e+04,-4.985000000000000000e+03,-1.044900000000000000e+04,-7.826000000000000000e+03,-2.847700000000000000e+04,-3.291800000000000000e+04
-5.675000000000000000e+03,-1.318100000000000000e+04,3.730000000000000000e+02,-5.772000000000000000e+03,-4.341000000000000000e+03,-3.213400000000000000e+04,-2.045700000000000000e+04,-1.201200000000000000e+04
-1.673300000000000000e+04,-5.600000000000000000e+03,-2.405700000000000000e+04,-3.081600000000000000e+04,-2.915100000000000000e+04,-1.790400000000000000e+04,9.146000000000000000e+03,-2.970000000000000000e+04
-3.092700000000000000e+04,-2.044600000000000000e+04,1.690800000000000000e+04,-2.486300000000000000e+04,-1.722600000000000000e+04,-2.501600000000000000e+04,-1.005900000000000000e+04,-2.256200000000000000e+04
-3.315100000000000000e+04,-2.966000000000000000e+04,-2.241300000000000000e+04,-2.313200000000000000e+04,-3.369800000000000000e+04,-3.020500000000000000e+04,-2.117900000000000000e+04,3.059700000000000000e+04
-7.726000000000000000e+03,-3.012300000000000000e+04,-2.375100000000000000e+04,-1.670900000000000000e+04,-3.442000000000000000e+03,5.541000000000000000e+03,-3.629100000000000000e+04,-4.225700000000000000e+04
-2.477700000000000000e+04,-7.526000000000000000e+03,-2.037900000000000000e+04,-2.487500000000000000e+04,-4.077600000000000000e+04,-1.948000000000000000e+03,-5.560000000000000000e+02,-2.171500000000000000e+04
-7.169000000000000000e+03,-1.895800000000000000e+04,-5.877000000000000000e+03,-5.701000000000000000e+03,-9.528000000000000000e+03,5.850000000000000000e+02,-3.037500000000000000e+04,-3.366900000000000000e+04
-2.575200000000000000e+04,-2.315700000000000000e+04,-9.720000000000000000e+02,-2.074900000000000000e+04,-2.137300000000000000e+04,-2.685900000000000000e+04,-1.330000000000000000e+03,-1.523600000000000000e+04
-1.578800000000000000e+04,-1.727900000000000000e+04,-3.163000000000000000e+03,-1.049100000000000000e+04,-1.522700000000000000e+04,-7.572000000000000000e+03,-1.007200000000000000e+04,-1.297400000000000000e+04
6.616000000000000000e+03,-1.986500000000000000e+04,-2.135100000000000000e+04,-1.460700000000000000e+04,-2.249500000000000000e+04,7.514000000000000000e+03,-2.385300000000000000e+04,-5.246100000000000000e+04
-2.610000000000000000e+04,-1.083100000000000000e+04,-8.100000000000000000e+03,-1.206600000000000000e+04,-1.086600000000000000e+04,-1.647800000000000000e+04,5.129000000000000000e+03,-1.361000000000000000e+04
-2.646800000000000000e+04,9.501000000000000000e+03,-3.093800000000000000e+04,-3.900000000000000000e+02,-4.858500000000000000e+04,-2.340600000000000000e+04,3.527000000000000000e+03,-4.316400000000000000e+04
-9.863000000000000000e+03,-1.463500000000000000e+04,-1.361400000000000000e+04,-1.420000000000000000e+04,-1.664500000000000000e+04,-2.200900000000000000e+04,-1.382300000000000000e+04,-1.454100000000000000e+04
-2.627600000000000000e+04,-1.977800000000000000e+04,-7.790000000000000000e+03,-7.117000000000000000e+03,-9.563000000000000000e+03,-2.585500000000000000e+04,-1.849600000000000000e+04,-1.989800000000000000e+04
-2.738500000000000000e+04,-1.805000000000000000e+04,-1.389100000000000000e+04,-3.545300000000000000e+04,-1.799300000000000000e+04,-3.963400000000000000e+04,1.577200000000000000e+04,-1.289800000000000000e+04
-2.788500000000000000e+04,-7.688000000000000000e+03,-2.047300000000000000e+04,-1.730100000000000000e+04,-3.489200000000000000e+04,-1.524100000000000000e+04,7.612000000000000000e+03,-3.934600000000000000e+04
-3.978300000000000000e+04,2.399000000000000000e+04,-2.714900000000000000e+04,-1.120200000000000000e+04,-6.286700000000000000e+04,-1.432000000000000000e+04,-1.859500000000000000e+04,-2.807700000000000000e+04
-2.888500000000000000e+04,-1.068400000000000000e+04,-1.632400000000000000e+04,-2.729100000000000000e+04,-2.272200000000000000e+04,-1.873400000000000000e+04,2.391000000000000000e+03,-2.394300000000000000e+04
-2.745000000000000000e+04,-2.815000000000000000e+03,-1.707400000000000000e+04,-9.509000000000000000e+03,-2.354500000000000000e+04,4.570000000000000000e+02,-6.427000000000000000e+03,-1.326900000000000000e+04
1.832500000000000000e+04,-1.801400000000000000e+04,-1.205600000000000000e+04,-1.616700000000000000e+04,-2.218900000000000000e+04,-9.744000000000000000e+03,-3.523200000000000000e+04,-4.519600000000000000e+04
-2.099900000000000000e+04,-2.172400000000000000e+04,-2.504700000000000000e+04,-1.842800000000000000e+04,-1.109700000000000000e+04,-1.761900000000000000e+04,2.010900000000000000e+04,-1.888200000000000000e+04
-1.932400000000000000e+04,-1.472600000000000000e+04,-3.709900000000000000e+04,-1.819500000000000000e+04,-3.044500000000000000e+04,1.513800000000000000e+04,-1.440800000000000000e+04,-1.746700000000000000e+04
-1.373000000000000000e+03,-1.943700000000000000e+04,-2.104200000000000000e+04,-1.267200000000000000e+04,-1.226000000000000000e+04,2.182600000000000000e+04,-1.610300000000000000e+04,-2.426100000000000000e+04
-1.077600000000000000e+04,7.456000000000000000e+03,-2.060900000000000000e+04,-9.702000000000000000e+03,-2.574800000000000000e+04,-1.105300000000000000e+04,3.303000000000000000e+03,-3.627100000000000000e+04
-1.911000000000000000e+04,-2.106400000000000000e+04,-1.179000000000000000e+04,-2.918300000000000000e+04,-1.942400000000000000e+04,-1.898400000000000000e+04,1.354600000000000000e+04,-1.466400000000000000e+04
-2.779300000000000000e+04,-2.073100000000000000e+04,1.099100000000000000e+04,-3.226000000000000000e+04,-2.647500000000000000e+04,-4.096600000000000000e+04,-4.527000000000000000e+03,-2.930000000000000000e+03
-2.823900000000000000e+04,6.046000000000000000e+03,-3.064600000000000000e+04,-3.407000000000000000e+03,-4.134900000000000000e+04,-1.978500000000000000e+04,-2.437900000000000000e+04,-2.591300000000000000e+04
-3.728000000000000000e+04,-1.193500000000000000e+04,-2.100000000000000000e+01,-1.978200000000000000e+04,-2.932200000000000000e+04,-3.050000000000000000e+03,1.359900000000000000e+04,-3.136100000000000000e+04
-1.371700000000000000e+04,-1.983700000000000000e+04,-1.812300000000000000e+04,-1.641500000000000000e+04,-3.592200000000000000e+04,4.443000000000000000e+03,-1.789400000000000000e+04,-2.585800000000000000e+04
5.378000000000000000e+03,-1.129500000000000000e+04,6.773000000000000000e+03,-8.729000000000000000e+03,-8.095000000000000000e+03,-1.189800000000000000e+04,-2.189100000000000000e+04,-3.646000000000000000e+04
-1.944000000000000000e+03,-1.435400000000000000e+04,-3.213000000000000000e+03,9.699000000000000000e+03,-1.745900000000000000e+04,-1.168500000000000000e+04,-3.756500000000000000e+04,-3.969100000000000000e+04
-2.026100000000000000e+04,-1.090900000000000000e+04,-8.932000000000000000e+03,-3.006000000000000000e+04,-2.944200000000000000e+04,-1.726200000000000000e+04,1.120700000000000000e+04,-3.160500000000000000e+04
-5.740000000000000000e+02,-1.854900000000000000e+04,-2.609600000000000000e+04,-1.571000000000000000e+03,-2.772900000000000000e+04,-2.794000000000000000e+03,-2.977600000000000000e+04,-2.510700000000000000e+04
-2.661200000000000000e+04,-2.070100000000000000e+04,-2.940100000000000000e+04,1.328000000000000000e+03,-3.470600000000000000e+04,2.648000000000000000e+04,-1.839200000000000000e+04,-1.918800000000000000e+04
-8.670000000000000000e+03,-8.667000000000000000e+03,-1.830300000000000000e+04,5.826000000000000000e+03,-3.969900000000000000e+04,1.928000000000000000e+03,-2.835000000000000000e+04,-4.903600000000000000e+04
-3.743200000000000000e+04,-3.016600000000000000e+04,-7.125000000000000000e+03,-3.243000000000000000e+04,-2.849300000000000000e+04,-4.433400000000000000e+04,-2.365900000000000000e+04,1.296600000000000000e+04
-2.785600000000000000e+04,-2.555000000000000000e+04,-5.015000000000000000e+03,-2.117800000000000000e+04,-1.605400000000000000e+04,-3.547900000000000000e+04,-2.309300000000000000e+04,-2.992000000000000000e+03
-1.988500000000000000e+04,-2.534100000000000000e+04,-5.202000000000000000e+03,-2.957000000000000000e+03,3.163000000000000000e+03,-2.829100000000000000e+04,-1.399600000000000000e+04,-3.161500000000000000e+04
-2.238800000000000000e+04,-2.532300000000000000e+04,6.990000000000000000e+02,-1.038800000000000000e+04,-2.000000000000000000e+00,-3.290900000000000000e+04,-1.484600000000000000e+04,-4.527000000000000000e+03
-2.709000000000000000e+04,2.014800000000000000e+04,-2.467900000000000000e+04,-2.640200000000000000e+04,-5.931800000000000000e+04,-1.468200000000000000e+04,-2.578200000000000000e+04,-2.850600000000000000e+04
-2.817200000000000000e+04,-1.702100000000000000e+04,-2.701500000000000000e+04,-2.566000000000000000e+04,-1.970500000000000000e+04,-2.210700000000000000e+04,1.560700000000000000e+04,-4.057000000000000000e+03
-3.368000000000000000e+04,-2.657600000000000000e+04,-1.243900000000000000e+04,-2.259200000000000000e+04,-2.760800000000000000e+04,-2.231900000000000000e+04,2.067200000000000000e+04,-2.649300000000000000e+04
-3.253800000000000000e+04,2.753700000000000000e+04,-1.954500000000000000e+04,-7.085000000000000000e+03,-4.485000000000000000e+04,-1.419100000000000000e+04,-3.637000000000000000e+04,-3.703000000000000000e+04
-2.398600000000000000e+04,-9.710000000000000000e+03,1.438500000000000000e+04,-1.811800000000000000e+04,-1.182700000000000000e+04,-4.257400000000000000e+04,-1.300400000000000000e+04,-1.442100000000000000e+04
3.328000000000000000e+03,-2.104600000000000000e+04,-3.239600000000000000e+04,-6.233000000000000000e+03,-2.428200000000000000e+04,-1.360000000000000000e+03,-2.259300000000000000e+04,-3.374700000000000000e+04
-3.474300000000000000e+04,-1.613600000000000000e+04,4.120000000000000000e+02,-1.671500000000000000e+04,-3.639500000000000000e+04,-2.577100000000000000e+04,9.300000000000000000e+03,-2.488700000000000000e+04
9.507000000000000000e+03,-2.453500000000000000e+04,-1.416600000000000000e+04,9.788000000000000000e+03,-4.711000000000000000e+04,-1.128000000000000000e+03,-3.417700000000000000e+04,-4.861200000000000000e+04
-3.240100000000000000e+04,-2.833400000000000000e+04,-5.358000000000000000e+03,-2.335700000000000000e+04,1.156700000000000000e+04,-3.844600000000000000e+04,-2.690500000000000000e+04,-8.385000000000000000e+03
-2.511300000000000000e+04,-1.657700000000000000e+04,-2.044800000000000000e+04,-1.754600000000000000e+04,-4.048800000000000000e+04,-2.728200000000000000e+04,1.767600000000000000e+04,-1.693500000000000000e+04
-2.404900000000000000e+04,-2.760400000000000000e+04,1.016200000000000000e+04,-1.700200000000000000e+04,-5.100000000000000000e+01,-2.485000000000000000e+04,-1.810400000000000000e+04,-4.070700000000000000e+04
-2.097000000000000000e+04,3.451500000000000000e+04,-3.836700000000000000e+04,-1.963000000000000000e+04,-5.651800000000000000e+04,-2.552900000000000000e+04,-3.280700000000000000e+04,-3.858100000000000000e+04
-3.202400000000000000e+04,1.840500000000000000e+04,-1.916600000000000000e+04,-1.790900000000000000e+04,-5.002900000000000000e+04,-2.025900000000000000e+04,-2.478700000000000000e+04,-4.157800000000000000e+04
-1.978400000000000000e+04,-2.503600000000000000e+04,-1.832900000000000000e+04,8.520000000000000000e+02,-3.384600000000000000e+04,5.249000000000000000e+03,-3.257000000000000000e+04,-5.064000000000000000e+04
-3.790400000000000000e+04,-3.470800000000000000e+04,-9.420000000000000000e+02,-3.994100000000000000e+04,-3.112300000000000000e+04,-4.472800000000000000e+04,-3.109100000000000000e+04,1.081700000000000000e+04
-3.767200000000000000e+04,-1.981300000000000000e+04,-2.168500000000000000e+04,-3.547900000000000000e+04,-2.537900000000000000e+04,-3.399900000000000000e+04,-2.634200000000000000e+04,2.549600000000000000e+04
-1.023600000000000000e+04,-1.917900000000000000e+04,-2.807800000000000000e+04,-4.871000000000000000e+03,-2.264900000000000000e+04,2.161000000000000000e+03,-2.231900000000000000e+04,-4.058100000000000000e+04
-7.890000000000000000e+03,-1.245100000000000000e+04,-2.256100000000000000e+04,-9.502000000000000000e+03,-1.522100000000000000e+04,-1.068900000000000000e+04,9.717000000000000000e+03,-2.979100000000000000e+04
-2.187400000000000000e+04,2.644600000000000000e+04,-2.740300000000000000e+04,-2.689300000000000000e+04,-3.555400000000000000e+04,-2.819000000000000000e+04,-2.446100000000000000e+04,-3.557800000000000000e+04
-2.940900000000000000e+04,2.926000000000000000e+04,-2.153000000000000000e+04,-2.483500000000000000e+04,-5.451000000000000000e+04,-2.279200000000000000e+04,-1.617300000000000000e+04,-3.613000000000000000e+04
-1.482800000000000000e+04,-2.171400000000000000e+04,-1.416600000000000000e+04,-2.535700000000000000e+04,-1.226200000000000000e+04,-2.304300000000000000e+04,4.071000000000000000e+03,-2.208800000000000000e+04
-2.425400000000000000e+04,-1.637800000000000000e+04,-8.347000000000000000e+03,-2.762900000000000000e+04,-8.661000000000000000e+03,-2.954500000000000000e+04,7.145000000000000000e+03,-1.553500000000000000e+04
-5.973800000000000000e+04,-3.463700000000000000e+04,-1.588000000000000000e+03,-4.615100000000000000e+04,-2.877800000000000000e+04,-4.020700000000000000e+04,-3.048900000000000000e+04,7.358000000000000000e+03
-2.249700000000000000e+04,-1.734000000000000000e+04,-2.075300000000000000e+04,8.035000000000000000e+03,-1.243000000000000000e+04,1.143300000000000000e+04,-1.776400000000000000e+04,-2.437600000000000000e+04
-4.613400000000000000e+04,-3.396700000000000000e+04,-5.608000000000000000e+03,-3.595200000000000000e+04,-3.210000000000000000e+04,-4.509500000000000000e+04,-3.288300000000000000e+04,5.840000000000000000e+03
-6.820000000000000000e+03,-1.497100000000000000e+04,-1.681100000000000000e+04,1.206100000000000000e+04,-2.248500000000000000e+04,-5.481000000000000000e+03,-2.498700000000000000e+04,-5.039800000000000000e+04
-1.432700000000000000e+04,-2.498400000000000000e+04,-1.059000000000000000e+03,-1.920500000000000000e+04,1.942300000000000000e+04,-3.360100000000000000e+04,-3.008700000000000000e+04,-9.394000000000000000e+03
-2.222100000000000000e+04,8.666000000000000000e+03,-8.350000000000000000e+03,-7.622000000000000000e+03,-3.871200000000000000e+04,-8.572000000000000000e+03,-9.193000000000000000e+03,-4.529600000000000000e+04
-8.523000000000000000e+03,-1.873600000000000000e+04,-1.763700000000000000e+04,4.449000000000000000e+03,-1.352600000000000000e+04,-2.063500000000000000e+04,-1.938500000000000000e+04,-3.847900000000000000e+04
-1.274200000000000000e+04,4.868000000000000000e+03,-2.883400000000000000e+04,-1.972700000000000000e+04,-3.392000000000000000e+04,-9.967000000000000000e+03,-2.120800000000000000e+04,-1.995700000000000000e+04
-2.252500000000000000e+04,3.660000000000000000e+02,-1.789200000000000000e+04,-2.676700000000000000e+04,-1.285900000000000000e+04,-1.620600000000000000e+04,-1.009400000000000000e+04,-1.522000000000000000e+04
-4.756700000000000000e+04,-2.970900000000000000e+04,1.635500000000000000e+04,-3.450200000000000000e+04,-4.517200000000000000e+04,-4.108400000000000000e+04,-1.873100000000000000e+04,8.170000000000000000e+02
-2.720200000000000000e+04,-1.564100000000000000e+04,-5.476000000000000000e+03,-1.329000000000000000e+03,-1.877000000000000000e+03,-1.328600000000000000e+04,-1.113800000000000000e+04,-1.475800000000000000e+04
-1.563900000000000000e+04,-1.287900000000000000e+04,-1.563600000000000000e+04,5.486000000000000000e+03,-2.975400000000000000e+04,-9.406000000000000000e+03,-1.812800000000000000e+04,-4.178500000000000000e+04
-1.693300000000000000e+04,-1.122100000000000000e+04,-1.013900000000000000e+04,-5.789000000000000000e+03,-4.018900000000000000e+04,7.886000000000000000e+03,-1.092200000000000000e+04,-2.754800000000000000e+04
-1.616000000000000000e+04,-1.828900000000000000e+04,-2.629500000000000000e+04,1.125100000000000000e+04,-2.567400000000000000e+04,-4.281000000000000000e+03,-1.527200000000000000e+04,-1.926000000000000000e+04
-1.326200000000000000e+04,-2.287000000000000000e+04,-1.959800000000000000e+04,-1.819000000000000000e+04,-5.597000000000000000e+03,4.554000000000000000e+03,-3.041200000000000000e+04,-3.551800000000000000e+04
-3.180000000000000000e+03,-1.347300000000000000e+04,-1.476700000000000000e+04,1.060500000000000000e+04,-1.872300000000000000e+04,3.599000000000000000e+03,-2.681100000000000000e+04,-2.722600000000000000e+04
-1.442100000000000000e+04,-1.669200000000000000e+04,-1.529700000000000000e+04,-2.039600000000000000e+04,-1.641100000000000000e+04,-1.108300000000000000e+04,1.430300000000000000e+04,-1.558200000000000000e+04
-2.567500000000000000e+04,-2.028600000000000000e+04,-1.928800000000000000e+04,1.144200000000000000e+04,-2.570100000000000000e+04,-3.667000000000000000e+03,-2.418600000000000000e+04,-5.091900000000000000e+04
-1.345700000000000000e+04,-1.615500000000000000e+04,-1.828100000000000000e+04,-1.726000000000000000e+04,-3.089500000000000000e+04,1.152000000000000000e+04,-2.182500000000000000e+04,-3.954100000000000000e+04
-2.470300000000000000e+04,2.190000000000000000e+02,-1.631300000000000000e+04,-2.688200000000000000e+04,-3.393100000000000000e+04,-2.573400000000000000e+04,-7.957000000000000000e+03,-1.584600000000000000e+04
-4.378100000000000000e+04,-2.440400000000000000e+04,-1.158200000000000000e+04,-2.316600000000000000e+04,-3.641600000000000000e+04,-2.092500000000000000e+04,2.799000000000000000e+04,-2.242500000000000000e+04
-1.090900000000000000e+04,-2.024400000000000000e+04,-1.264800000000000000e+04,8.811000000000000000e+03,-1.153200000000000000e+04,1.677000000000000000e+03,-2.385900000000000000e+04,-1.536300000000000000e+04
-2.783500000000000000e+04,-1.491900000000000000e+04,-2.373400000000000000e+04,-2.101200000000000000e+04,-3.779600000000000000e+04,-2.643100000000000000e+04,-1.706900000000000000e+04,1.117100000000000000e+04
-3.062500000000000000e+04,-1.974800000000000000e+04,-1.309200000000000000e+04,-2.907800000000000000e+04,-3.000000000000000000e+04,-2.467900000000000000e+04,-2.466400000000000000e+04,1.669300000000000000e+04
-2.032300000000000000e+04,-2.198000000000000000e+03,-2.969200000000000000e+04,-1.965900000000000000e+04,-4.895300000000000000e+04,-1.945000000000000000e+04,-2.625000000000000000e+03,-3.770700000000000000e+04
-4.571800000000000000e+04,-1.687800000000000000e+04,-1.891000000000000000e+04,-1.058900000000000000e+04,-4.081200000000000000e+04,-1.723000000000000000e+04,1.518900000000000000e+04,-3.190400000000000000e+04
-8.771000000000000000e+03,-1.170300000000000000e+04,-7.660000000000000000e+03,1.646000000000000000e+03,-1.219700000000000000e+04,-1.405400000000000000e+04,-1.356900000000000000e+04,-4.834100000000000000e+04
-2.305600000000000000e+04,-1.487800000000000000e+04,-9.111000000000000000e+03,-2.185000000000000000e+04,-1.469500000000000000e+04,-2.277100000000000000e+04,2.133800000000000000e+04,-2.530800000000000000e+04
-2.772900000000000000e+04,-2.567000000000000000e+04,-6.179000000000000000e+03,-3.451500000000000000e+04,-2.996200000000000000e+04,-2.063500000000000000e+04,-2.152100000000000000e+04,1.075800000000000000e+04
-2.720200000000000000e+04,-2.312100000000000000e+04,-2.194300000000000000e+04,-2.939200000000000000e+04,-2.346000000000000000e+04,-3.035100000000000000e+04,-2.064600000000000000e+04,2.739500000000000000e+04
-1.993300000000000000e+04,-1.003400000000000000e+04,-2.077700000000000000e+04,-3.935000000000000000e+03,-2.069800000000000000e+04,-1.686800000000000000e+04,1.608700000000000000e+04,-2.382900000000000000e+04
-1.152200000000000000e+04,-1.600800000000000000e+04,-1.095400000000000000e+04,-5.677000000000000000e+03,-1.500000000000000000e+03,-4.873000000000000000e+03,-2.616300000000000000e+04,-3.856100000000000000e+04
-2.722700000000000000e+04,-1.874600000000000000e+04,-6.317000000000000000e+03,-4.775400000000000000e+04,-3.395100000000000000e+04,-3.365800000000000000e+04,-3.031800000000000000e+04,1.176600000000000000e+04
-2.472100000000000000e+04,-1.849100000000000000e+04,-7.178000000000000000e+03,-1.385000000000000000e+04,-1.746200000000000000e+04,-1.644800000000000000e+04,-1.081200000000000000e+04,-2.787600000000000000e+04
-8.102000000000000000e+03,1.720400000000000000e+04,-1.358600000000000000e+04,-1.721400000000000000e+04,-5.701900000000000000e+04,-1.841700000000000000e+04,-3.273700000000000000e+04,-3.618200000000000000e+04
-1.047600000000000000e+04,-1.136300000000000000e+04,-1.619500000000000000e+04,-8.920000000000000000e+02,-2.002800000000000000e+04,3.650000000000000000e+03,-1.965300000000000000e+04,-2.992700000000000000e+04
-3.580100000000000000e+04,-9.772000000000000000e+03,-1.168700000000000000e+04,-2.409800000000000000e+04,-2.704500000000000000e+04,-3.318300000000000000e+04,-2.468100000000000000e+04,1.625600000000000000e+04
1.238300000000000000e+04,-2.608200000000000000e+04,-2.157800000000000000e+04,-1.770700000000000000e+04,3.180000000000000000e+03,-1.814600000000000000e+04,-2.845500000000000000e+04,-3.552500000000000000e+04
-2.138400000000000000e+04,-1.429900000000000000e+04,-1.485900000000000000e+04,-6.448000000000000000e+03,-3.071900000000000000e+04,-2.309200000000000000e+04,1.662800000000000000e+04,-1.843800000000000000e+04
-2.712200000000000000e+04,3.234000000000000000e+03,-1.315800000000000000e+04,-1.585100000000000000e+04,-2.321300000000000000e+04,-2.351900000000000000e+04,-6.506000000000000000e+03,-3.720200000000000000e+04
-4.028600000000000000e+04,-2.374300000000000000e+04,-1.434000000000000000e+03,-1.361000000000000000e+04,-1.983800000000000000e+04,-3.579100000000000000e+04,-2.411300000000000000e+04,-3.233000000000000000e+03
-3.703200000000000000e+04,-1.765300000000000000e+04,-2.683700000000000000e+04,3.090000000000000000e+02,-1.481300000000000000e+04,-1.598400000000000000e+04,-1.009300000000000000e+04,-3.488400000000000000e+04
-2.174600000000000000e+04,-2.011300000000000000e+04,-2.063500000000000000e+04,-2.884200000000000000e+04,-3.036500000000000000e+04,-2.161600000000000000e+04,2.392100000000000000e+04,-1.817300000000000000e+04
-2.168000000000000000e+04,-1.680300000000000000e+04,-1.126600000000000000e+04,-2.387600000000000000e+04,-1.489400000000000000e+04,-2.324800000000000000e+04,-2.643800000000000000e+04,1.728900000000000000e+04
-3.384800000000000000e+04,-3.059400000000000000e+04,-1.403800000000000000e+04,-3.711300000000000000e+04,-2.651100000000000000e+04,-2.278600000000000000e+04,-2.467100000000000000e+04,1.142600000000000000e+04
-4.128500000000000000e+04,-3.024000000000000000e+04,-1.173200000000000000e+04,-4.033400000000000000e+04,-2.983000000000000000e+04,-4.325700000000000000e+04,-2.548000000000000000e+04,1.819300000000000000e+04
-3.022500000000000000e+04,-2.576700000000000000e+04,-2.113600000000000000e+04,-2.155900000000000000e+04,-1.361100000000000000e+04,-2.952000000000000000e+04,-2.608200000000000000e+04,1.059600000000000000e+04
-6.579000000000000000e+03,1.058200000000000000e+04,-2.205400000000000000e+04,-1.319300000000000000e+04,-2.010400000000000000e+04,-2.190900000000000000e+04,-3.679100000000000000e+04,-2.962700000000000000e+04
-2.183300000000000000e+04,-1.951800000000000000e+04,-7.829000000000000000e+03,-1.060800000000000000e+04,-2.153000000000000000e+04,-2.917000000000000000e+04,1.679800000000000000e+04,-2.201700000000000000e+04
-1.334000000000000000e+04,-4.745000000000000000e+03,-1.986700000000000000e+04,3.966000000000000000e+03,-1.912100000000000000e+04,-3.042000000000000000e+03,-1.192300000000000000e+04,-4.124800000000000000e+04
-1.891800000000000000e+04,1.591700000000000000e+04,-6.349000000000000000e+03,-1.057800000000000000e+04,-4.600900000000000000e+04,-1.598100000000000000e+04,-3.277600000000000000e+04,-4.031200000000000000e+04
-6.179000000000000000e+03,-1.641100000000000000e+04,-1.111600000000000000e+04,-6.167000000000000000e+03,-1.273800000000000000e+04,-6.521000000000000000e+03,-2.062700000000000000e+04,-2.614700000000000000e+04
-3.535100000000000000e+04,-1.443800000000000000e+04,-8.472000000000000000e+03,-5.515000000000000000e+03,-3.426200000000000000e+04,-8.211000000000000000e+03,-4.197000000000000000e+03,-3.746300000000000000e+04
-1.397600000000000000e+04,-1.286800000000000000e+04,-6.807000000000000000e+03,-8.241000000000000000e+03,-3.468000000000000000e+03,2.619000000000000000e+03,-1.593000000000000000e+04,-1.171100000000000000e+04
-2.242500000000000000e+04,-1.009300000000000000e+04,-2.775000000000000000e+04,-1.334500000000000000e+04,-4.336800000000000000e+04,-1.545200000000000000e+04,-3.431000000000000000e+03,-3.126600000000000000e+04
-1.074900000000000000e+04,-4.285000000000000000e+03,-9.046000000000000000e+03,-2.336000000000000000e+04,4.823000000000000000e+03,-1.026100000000000000e+04,-2.076100000000000000e+04,-3.222000000000000000e+03
-3.950400000000000000e+04,-1.791200000000000000e+04,-1.669300000000000000e+04,-3.288200000000000000e+04,-3.027000000000000000e+04,-3.241600000000000000e+04,-2.646000000000000000e+04,1.336200000000000000e+04
-2.506000000000000000e+04,-2.532400000000000000e+04,4.659000000000000000e+03,-2.391600000000000000e+04,-9.152000000000000000e+03,-3.645000000000000000e+04,-7.144000000000000000e+03,-1.982200000000000000e+04
-1.806800000000000000e+04,-1.896800000000000000e+04,-2.090400000000000000e+04,8.663000000000000000e+03,-1.039300000000000000e+04,-2.848000000000000000e+03,-2.003900000000000000e+04,-3.264700000000000000e+04
-1.598400000000000000e+04,-2.302200000000000000e+04,-2.232100000000000000e+04,-1.321000000000000000e+04,-3.167400000000000000e+04,2.265100000000000000e+04,-1.491000000000000000e+04,-3.436400000000000000e+04
-1.352300000000000000e+04,-2.490000000000000000e+03,-1.231400000000000000e+04,-1.892200000000000000e+04,-3.960600000000000000e+04,-9.889000000000000000e+03,-1.731000000000000000e+04,-3.722100000000000000e+04
-3.977000000000000000e+04,2.756400000000000000e+04,-2.811500000000000000e+04,-1.845500000000000000e+04,-6.799200000000000000e+04,-2.514900000000000000e+04,-3.604200000000000000e+04,-2.357400000000000000e+04
-2.061800000000000000e+04,1.242400000000000000e+04,-2.580000000000000000e+04,-2.705100000000000000e+04,-5.477500000000000000e+04,-4.075000000000000000e+03,-3.533800000000000000e+04,-4.756700000000000000e+04
-5.327000000000000000e+04,-3.029300000000000000e+04,-1.864300000000000000e+04,-3.356200000000000000e+04,-2.100000000000000000e+04,-3.222400000000000000e+04,-2.693500000000000000e+04,1.663500000000000000e+04
-1.178600000000000000e+04,-1.436400000000000000e+04,-5.994000000000000000e+03,-1.056000000000000000e+03,-4.353000000000000000e+03,-1.237200000000000000e+04,-2.352300000000000000e+04,-3.866800000000000000e+04
-1.325200000000000000e+04,-3.014100000000000000e+04,-2.043700000000000000e+04,-1.986900000000000000e+04,1.402300000000000000e+04,-1.738100000000000000e+04,-3.505400000000000000e+04,-2.990200000000000000e+04
-1.602000000000000000e+04,-1.109500000000000000e+04,6.564000000000000000e+03,-2.761600000000000000e+04,-4.256000000000000000e+03,-1.916100000000000000e+04,-2.300400000000000000e+04,-1.443800000000000000e+04
-2.835500000000000000e+04,-9.684000000000000000e+03,-2.492900000000000000e+04,-9.215000000000000000e+03,-3.051100000000000000e+04,-2.999100000000000000e+04,1.739100000000000000e+04,-3.135000000000000000e+04
-2.432800000000000000e+04,-2.658000000000000000e+04,-1.197600000000000000e+04,-3.312700000000000000e+04,-2.460400000000000000e+04,-2.902600000000000000e+04,-2.018300000000000000e+04,7.183000000000000000e+03
-1.382500000000000000e+04,-4.291000000000000000e+03,-9.830000000000000000e+02,5.869000000000000000e+03,-2.610500000000000000e+04,-1.769600000000000000e+04,-1.070900000000000000e+04,-5.181700000000000000e+04
-3.637700000000000000e+04,-2.565100000000000000e+04,-1.492900000000000000e+04,-3.651200000000000000e+04,-3.974900000000000000e+04,-2.179500000000000000e+04,-2.172300000000000000e+04,1.764700000000000000e+04
-2.291400000000000000e+04,-2.018500000000000000e+04,-1.315200000000000000e+04,-1.394000000000000000e+04,-1.876700000000000000e+04,-1.893400000000000000e+04,1.205000000000000000e+03,-2.801400000000000000e+04
-1.614400000000000000e+04,1.605400000000000000e+04,-3.920900000000000000e+04,-4.434000000000000000e+03,-2.688800000000000000e+04,-2.180700000000000000e+04,-1.200400000000000000e+04,-2.167800000000000000e+04
-2.056300000000000000e+04,-2.150300000000000000e+04,1.106900000000000000e+04,-1.242300000000000000e+04,-5.776000000000000000e+03,-3.294300000000000000e+04,-2.199000000000000000e+04,-9.687000000000000000e+03
-2.225800000000000000e+04,-5.194000000000000000e+03,-7.494000000000000000e+03,4.556000000000000000e+03,-1.844900000000000000e+04,-3.647000000000000000e+03,-1.621900000000000000e+04,-3.164800000000000000e+04
-2.764200000000000000e+04,-2.213100000000000000e+04,-4.512000000000000000e+03,-2.209000000000000000e+04,9.627000000000000000e+03,-2.882100000000000000e+04,-2.211700000000000000e+04,-1.516600000000000000e+04
-1.119000000000000000e+03,-9.604000000000000000e+03,-2.336300000000000000e+04,-2.757700000000000000e+04,-2.892100000000000000e+04,-1.243700000000000000e+04,-1.637000000000000000e+04,-1.895100000000000000e+04
-3.053600000000000000e+04,-1.431900000000000000e+04,-2.004200000000000000e+04,-1.508700000000000000e+04,-3.716100000000000000e+04,-6.785000000000000000e+03,6.396000000000000000e+03,-2.165000000000000000e+04
-3.242300000000000000e+04,-6.421000000000000000e+03,-6.734000000000000000e+03,-2.278500000000000000e+04,-2.735800000000000000e+04,-1.474700000000000000e+04,1.566000000000000000e+03,-2.578900000000000000e+04
-4.294000000000000000e+03,1.157000000000000000e+04,-1.074600000000000000e+04,-2.151100000000000000e+04,-4.065200000000000000e+04,-1.143400000000000000e+04,-2.342800000000000000e+04,-3.528000000000000000e+04
-3.552000000000000000e+04,-2.347100000000000000e+04,-1.230000000000000000e+03,-2.346600000000000000e+04,-2.647500000000000000e+04,-2.662900000000000000e+04,-1.552100000000000000e+04,-6.803000000000000000e+03
-2.089200000000000000e+04,-1.382200000000000000e+04,-1.553200000000000000e+04,-3.791100000000000000e+04,-1.433300000000000000e+04,-2.941100000000000000e+04,-2.628800000000000000e+04,1.320400000000000000e+04
-9.827000000000000000e+03,1.817000000000000000e+04,-6.415000000000000000e+03,-3.731400000000000000e+04,-4.038000000000000000e+04,-1.263900000000000000e+04,-2.627300000000000000e+04,-3.013800000000000000e+04
-7.196000000000000000e+03,-2.541500000000000000e+04,-1.301500000000000000e+04,-1.748000000000000000e+04,1.341500000000000000e+04,-3.203900000000000000e+04,-4.038300000000000000e+04,-2.205400000000000000e+04
-1.769700000000000000e+04,-9.464000000000000000e+03,-1.051800000000000000e+04,2.828000000000000000e+03,-1.367500000000000000e+04,1.103000000000000000e+03,-2.573700000000000000e+04,-4.894700000000000000e+04
1.132100000000000000e+04,-3.409900000000000000e+04,-2.883500000000000000e+04,-9.191000000000000000e+03,-2.585100000000000000e+04,8.398000000000000000e+03,-3.784200000000000000e+04,-5.189200000000000000e+04
-1.337700000000000000e+04,1.498400000000000000e+04,-2.171800000000000000e+04,-2.507600000000000000e+04,-4.483500000000000000e+04,-2.036900000000000000e+04,-3.454700000000000000e+04,-1.958800000000000000e+04
-2.393700000000000000e+04,-1.653600000000000000e+04,-3.161100000000000000e+04,7.907000000000000000e+03,-4.719300000000000000e+04,8.996000000000000000e+03,-1.840100000000000000e+04,-3.746700000000000000e+04
-1.493700000000000000e+04,-3.010500000000000000e+04,-2.877400000000000000e+04,-2.158200000000000000e+04,-2.314500000000000000e+04,-2.282000000000000000e+04,-2.510100000000000000e+04,2.258800000000000000e+04
-1.627800000000000000e+04,-1.110800000000000000e+04,-3.617000000000000000e+03,-1.785100000000000000e+04,-1.653600000000000000e+04,-4.897000000000000000e+03,-1.433200000000000000e+04,4.147000000000000000e+03
-3.077200000000000000e+04,3.080300000000000000e+04,-1.915500000000000000e+04,-3.256600000000000000e+04,-4.522600000000000000e+04,-2.081100000000000000e+04,-3.130000000000000000e+04,-2.690300000000000000e+04
-1.433200000000000000e+04,3.168000000000000000e+03,-5.731000000000000000e+03,-8.803000000000000000e+03,-2.656000000000000000e+04,-1.058800000000000000e+04,-2.241300000000000000e+04,-1.299500000000000000e+04
1.176900000000000000e+04,-2.306000000000000000e+04,-1.790100000000000000e+04,-8.586000000000000000e+03,-6.417000000000000000e+03,-1.228400000000000000e+04,-2.972100000000000000e+04,-4.673000000000000000e+04
-2.064300000000000000e+04,-2.714000000000000000e+04,-2.373600000000000000e+04,-1.022200000000000000e+04,-1.157100000000000000e+04,9.006000000000000000e+03,-1.236200000000000000e+04,-2.219700000000000000e+04
-2.983400000000000000e+04,7.053000000000000000e+03,-2.430800000000000000e+04,-1.788800000000000000e+04,-5.249400000000000000e+04,-4.690000000000000000e+03,-1.538600000000000000e+04,-3.890200000000000000e+04
-2.076700000000000000e+04,-1.639100000000000000e+04,-2.092400000000000000e+04,-8.900000000000000000e+02,-2.789200000000000000e+04,-6.971000000000000000e+03,-2.612000000000000000e+04,-3.548600000000000000e+04
-2.732000000000000000e+03,-2.166600000000000000e+04,-1.936900000000000000e+04,2.002000000000000000e+03,-1.197600000000000000e+04,-3.580000000000000000e+02,-3.078000000000000000e+04,-3.245300000000000000e+04
-2.399400000000000000e+04,-9.384000000000000000e+03,-1.087100000000000000e+04,1.583000000000000000e+03,-1.156800000000000000e+04,-1.919200000000000000e+04,-1.020100000000000000e+04,-2.905900000000000000e+04
-4.734000000000000000e+03,-1.501800000000000000e+04,-2.361800000000000000e+04,7.988000000000000000e+03,-2.658800000000000000e+04,1.356300000000000000e+04,-1.657100000000000000e+04,-1.414600000000000000e+04
-3.327000000000000000e+04,-2.142500000000000000e+04,-1.391100000000000000e+04,-4.411400000000000000e+04,-3.034300000000000000e+04,-2.140600000000000000e+04,-2.103900000000000000e+04,1.693300000000000000e+04
-7.044000000000000000e+03,-2.995000000000000000e+03,-1.245000000000000000e+04,-1.713500000000000000e+04,-1.843800000000000000e+04,-9.536000000000000000e+03,-8.047000000000000000e+03,-3.168800000000000000e+04
-1.328800000000000000e+04,-2.332100000000000000e+04,-1.655500000000000000e+04,-7.149000000000000000e+03,-3.409700000000000000e+04,7.751000000000000000e+03,-1.654700000000000000e+04,-2.981400000000000000e+04
-2.813200000000000000e+04,-2.835700000000000000e+04,-3.019700000000000000e+04,-1.794000000000000000e+03,-2.329200000000000000e+04,1.499600000000000000e+04,-1.747000000000000000e+04,-2.703100000000000000e+04
2.441000000000000000e+03,-1.084900000000000000e+04,-2.206500000000000000e+04,-3.544000000000000000e+03,-3.154200000000000000e+04,-3.180000000000000000e+02,-3.304800000000000000e+04,-3.407300000000000000e+04
-2.671300000000000000e+04,1.789900000000000000e+04,-1.574800000000000000e+04,-1.357900000000000000e+04,-3.508600000000000000e+04,-1.532400000000000000e+04,-2.096500000000000000e+04,-5.519400000000000000e+04
-2.299500000000000000e+04,-2.559700000000000000e+04,-7.187000000000000000e+03,-2.264900000000000000e+04,-2.388700000000000000e+04,-2.677000000000000000e+04,-1.925900000000000000e+04,2.111200000000000000e+04
-3.261300000000000000e+04,-7.800000000000000000e+03,-1.172800000000000000e+04,-1.805800000000000000e+04,-3.167800000000000000e+04,-1.441500000000000000e+04,8.730000000000000000e+03,-1.704500000000000000e+04
-1.236800000000000000e+04,-2.495000000000000000e+04,-6.984000000000000000e+03,-2.641300000000000000e+04,1.559100000000000000e+04,-2.562600000000000000e+04,-3.215800000000000000e+04,-7.725000000000000000e+03
-3.767400000000000000e+04,-1.446700000000000000e+04,-2.086500000000000000e+04,-1.664000000000000000e+04,-3.082100000000000000e+04,-2.188700000000000000e+04,2.118000000000000000e+04,-1.762900000000000000e+04
-1.369100000000000000e+04,-2.764000000000000000e+04,-1.071900000000000000e+04,-8.845000000000000000e+03,-6.700000000000000000e+01,-1.670700000000000000e+04,-3.296600000000000000e+04,-2.720100000000000000e+04
8.185000000000000000e+03,-1.617100000000000000e+04,-7.627000000000000000e+03,-4.930000000000000000e+02,-1.095000000000000000e+03,-1.644600000000000000e+04,-2.189500000000000000e+04,-2.925300000000000000e+04
-2.942300000000000000e+04,1.200500000000000000e+04,-2.206800000000000000e+04,-1.712800000000000000e+04,-3.465700000000000000e+04,-1.216200000000000000e+04,-1.446700000000000000e+04,-4.782000000000000000e+04
-1.155300000000000000e+04,-1.171100000000000000e+04,-2.538500000000000000e+04,-2.917500000000000000e+04,-1.319700000000000000e+04,-2.274800000000000000e+04,-2.182100000000000000e+04,1.912100000000000000e+04
-2.366200000000000000e+04,-1.509900000000000000e+04,-1.720000000000000000e+04,-3.241100000000000000e+04,-1.924800000000000000e+04,-2.273800000000000000e+04,-2.055800000000000000e+04,1.647000000000000000e+04
-4.530100000000000000e+04,-1.349500000000000000e+04,-5.948000000000000000e+03,-2.456000000000000000e+03,-2.642400000000000000e+04,-2.047400000000000000e+04,1.202700000000000000e+04,-3.542000000000000000e+04
-1.248600000000000000e+04,-2.183000000000000000e+04,-1.114100000000000000e+04,4.068000000000000000e+03,-2.153700000000000000e+04,-1.745300000000000000e+04,-1.123900000000000000e+04,-2.913500000000000000e+04
3.374000000000000000e+03,-2.773200000000000000e+04,-1.957100000000000000e+04,-3.841000000000000000e+03,-2.520900000000000000e+04,-3.313000000000000000e+03,-3.435700000000000000e+04,-5.690900000000000000e+04
-1.929800000000000000e+04,-2.008700000000000000e+04,-4.474000000000000000e+03,-1.416500000000000000e+04,-8.623000000000000000e+03,-1.006100000000000000e+04,-2.287100000000000000e+04,-2.289400000000000000e+04
-1.343800000000000000e+04,-2.074400000000000000e+04,5.281000000000000000e+03,-2.166000000000000000e+04,-2.574000000000000000e+03,-2.605500000000000000e+04,-2.191700000000000000e+04,-3.075700000000000000e+04
-1.786500000000000000e+04,7.012000000000000000e+03,-1.531500000000000000e+04,-2.392400000000000000e+04,-4.733700000000000000e+04,-2.459700000000000000e+04,-8.009000000000000000e+03,-4.051400000000000000e+04
2.632000000000000000e+03,-7.333000000000000000e+03,-2.110500000000000000e+04,-9.199000000000000000e+03,-9.186000000000000000e+03,-2.580500000000000000e+04,-1.138400000000000000e+04,-2.696900000000000000e+04
-1.205100000000000000e+04,-2.357400000000000000e+04,-2.360700000000000000e+04,-8.215000000000000000e+03,-1.628700000000000000e+04,2.566800000000000000e+04,-1.976400000000000000e+04,-2.631700000000000000e+04
-3.906000000000000000e+03,-2.529700000000000000e+04,-2.206600000000000000e+04,-1.117500000000000000e+04,-2.872500000000000000e+04,2.357800000000000000e+04,-1.822500000000000000e+04,-3.421700000000000000e+04
-3.590000000000000000e+04,-1.641700000000000000e+04,-1.894600000000000000e+04,-1.134000000000000000e+03,-2.527400000000000000e+04,-9.504000000000000000e+03,-1.531600000000000000e+04,-4.163700000000000000e+04
-2.543600000000000000e+04,-2.584800000000000000e+04,-3.498700000000000000e+04,3.670000000000000000e+02,-3.606200000000000000e+04,1.527300000000000000e+04,-1.037000000000000000e+04,-3.678400000000000000e+04
-2.938100000000000000e+04,4.017800000000000000e+04,-3.577900000000000000e+04,-3.383400000000000000e+04,-4.632600000000000000e+04,-1.146300000000000000e+04,-3.739200000000000000e+04,-4.133800000000000000e+04
-2.329800000000000000e+04,-1.857200000000000000e+04,-1.994700000000000000e+04,-3.114800000000000000e+04,-2.950900000000000000e+04,-3.021300000000000000e+04,-2.109700000000000000e+04,2.366000000000000000e+04
-2.276300000000000000e+04,1.700000000000000000e+03,-2.335600000000000000e+04,-1.113100000000000000e+04,-4.883100000000000000e+04,-6.773000000000000000e+03,-3.860100000000000000e+04,-2.281600000000000000e+04
-1.828000000000000000e+03,-2.206600000000000000e+04,-8.673000000000000000e+03,-4.716000000000000000e+03,-9.965000000000000000e+03,-1.395000000000000000e+04,-2.186100000000000000e+04,-3.820200000000000000e+04
-3.157500000000000000e+04,-2.539600000000000000e+04,1.868200000000000000e+04,-3.991100000000000000e+04,-2.945300000000000000e+04,-3.852800000000000000e+04,-1.170400000000000000e+04,-1.427100000000000000e+04
-2.443500000000000000e+04,-2.073700000000000000e+04,-9.948000000000000000e+03,-2.835000000000000000e+03,4.869000000000000000e+03,-3.231200000000000000e+04,-3.064700000000000000e+04,-2.347100000000000000e+04
-2.565300000000000000e+04,-2.193700000000000000e+04,2.864000000000000000e+03,-2.752600000000000000e+04,-7.231000000000000000e+03,-3.810900000000000000e+04,-2.862100000000000000e+04,-1.399900000000000000e+04
-2.691000000000000000e+04,-1.838600000000000000e+04,-2.586800000000000000e+04,-3.595600000000000000e+04,-1.962000000000000000e+04,-2.951800000000000000e+04,-2.063900000000000000e+04,1.605800000000000000e+04
-3.236800000000000000e+04,2.775200000000000000e+04,-1.983700000000000000e+04,-3.080500000000000000e+04,-3.646400000000000000e+04,-2.393500000000000000e+04,-3.079600000000000000e+04,-4.514100000000000000e+04
-3.651700000000000000e+04,-2.628600000000000000e+04,1.563500000000000000e+04,-1.250100000000000000e+04,-1.476400000000000000e+04,-3.804600000000000000e+04,-1.062500000000000000e+04,-1.385700000000000000e+04
1.065000000000000000e+03,-1.954800000000000000e+04,-2.818000000000000000e+03,-8.071000000000000000e+03,-1.354200000000000000e+04,-1.910700000000000000e+04,-2.366700000000000000e+04,-3.454400000000000000e+04
-1.691300000000000000e+04,1.009500000000000000e+04,-2.964900000000000000e+04,-3.750000000000000000e+03,-5.686900000000000000e+04,-1.889900000000000000e+04,-3.107400000000000000e+04,-2.878600000000000000e+04
-2.512300000000000000e+04,-1.686200000000000000e+04,-1.041300000000000000e+04,1.105600000000000000e+04,-4.337700000000000000e+04,1.642000000000000000e+03,-1.407600000000000000e+04,-3.524700000000000000e+04
-3.267700000000000000e+04,-7.320000000000000000e+03,-1.859100000000000000e+04,3.191000000000000000e+03,-2.626100000000000000e+04,-1.524000000000000000e+04,2.741000000000000000e+03,-2.185200000000000000e+04
-2.070800000000000000e+04,-1.999300000000000000e+04,-2.123000000000000000e+03,-2.103900000000000000e+04,-2.565800000000000000e+04,-2.842200000000000000e+04,1.077800000000000000e+04,-3.064000000000000000e+04
-3.309900000000000000e+04,-3.137100000000000000e+04,-7.447000000000000000e+03,-4.068100000000000000e+04,-4.016300000000000000e+04,-2.916300000000000000e+04,-2.835500000000000000e+04,1.307000000000000000e+04
-3.181000000000000000e+03,-1.784200000000000000e+04,-2.048000000000000000e+04,-2.993000000000000000e+03,-3.743200000000000000e+04,-7.819000000000000000e+03,-3.598500000000000000e+04,-4.673200000000000000e+04
-2.328600000000000000e+04,-2.370900000000000000e+04,-2.426300000000000000e+04,-5.340000000000000000e+03,-1.697400000000000000e+04,4.166000000000000000e+03,-1.726000000000000000e+04,-1.210900000000000000e+04
-1.269600000000000000e+04,-1.333200000000000000e+04,-1.565500000000000000e+04,3.287000000000000000e+03,-1.791500000000000000e+04,-6.131000000000000000e+03,-2.460300000000000000e+04,-4.418900000000000000e+04
-2.830300000000000000e+04,-4.987000000000000000e+03,-2.328600000000000000e+04,-5.294000000000000000e+03,-2.657900000000000000e+04,-2.985500000000000000e+04,8.932000000000000000e+03,-2.155100000000000000e+04
-1.718100000000000000e+04,-1.658100000000000000e+04,-2.007500000000000000e+04,-2.128300000000000000e+04,-1.000000000000000000e+00,-2.760000000000000000e+04,-2.287800000000000000e+04,-9.309000000000000000e+03
4.241000000000000000e+03,-1.661900000000000000e+04,-1.530600000000000000e+04,3.928000000000000000e+03,-4.937000000000000000e+03,-1.375800000000000000e+04,-2.959200000000000000e+04,-3.286200000000000000e+04
-3.209700000000000000e+04,-2.148200000000000000e+04,1.040400000000000000e+04,-3.123200000000000000e+04,-1.820500000000000000e+04,-4.081800000000000000e+04,-2.085000000000000000e+04,1.164900000000000000e+04
-3.178800000000000000e+04,-2.417900000000000000e+04,-9.768000000000000000e+03,-2.585600000000000000e+04,-1.622800000000000000e+04,-1.390700000000000000e+04,1.972400000000000000e+04,-1.366000000000000000e+04
-1.083400000000000000e+04,-1.544900000000000000e+04,-2.298100000000000000e+04,6.061000000000000000e+03,-2.889200000000000000e+04,-1.069100000000000000e+04,-2.043300000000000000e+04,-3.820200000000000000e+04
-2.442600000000000000e+04,-1.921100000000000000e+04,-4.215000000000000000e+03,-4.448900000000000000e+04,-1.972100000000000000e+04,-3.066200000000000000e+04,1.368400000000000000e+04,-1.504600000000000000e+04
-1.117700000000000000e+04,-1.470400000000000000e+04,-1.688600000000000000e+04,1.003700000000000000e+04,-2.427700000000000000e+04,-4.493000000000000000e+03,-2.244400000000000000e+04,-6.038100000000000000e+04
-2.578600000000000000e+04,-8.004000000000000000e+03,-4.493000000000000000e+03,-3.888100000000000000e+04,-2.098700000000000000e+04,-3.833900000000000000e+04,-2.766700000000000000e+04,1.026500000000000000e+04
-2.494000000000000000e+04,-1.798400000000000000e+04,3.177000000000000000e+03,-3.932500000000000000e+04,-1.574200000000000000e+04,-1.524500000000000000e+04,9.594000000000000000e+03,-1.592300000000000000e+04
-1.292400000000000000e+04,-1.954500000000000000e+04,-2.226600000000000000e+04,-1.611100000000000000e+04,-2.277900000000000000e+04,1.357500000000000000e+04,-2.680300000000000000e+04,-2.691300000000000000e+04
-2.769900000000000000e+04,-2.351800000000000000e+04,-8.146000000000000000e+03,-2.278200000000000000e+04,-2.561300000000000000e+04,-3.250300000000000000e+04,1.769100000000000000e+04,-4.115100000000000000e+04
-2.330600000000000000e+04,-2.581900000000000000e+04,-1.885400000000000000e+04,-3.847500000000000000e+04,-3.098700000000000000e+04,-1.864800000000000000e+04,-2.423500000000000000e+04,2.147200000000000000e+04
-1.256700000000000000e+04,-1.954400000000000000e+04,-1.404000000000000000e+04,-3.263000000000000000e+03,-1.231000000000000000e+04,-2.590500000000000000e+04,-2.413400000000000000e+04,-4.028600000000000000e+04
-6.660000000000000000e+03,-1.854500000000000000e+04,-2.071700000000000000e+04,1.165800000000000000e+04,-4.006100000000000000e+04,-1.063400000000000000e+04,-2.784500000000000000e+04,-3.959700000000000000e+04
-6.615000000000000000e+03,1.495200000000000000e+04,-2.792500000000000000e+04,-3.407700000000000000e+04,-4.108200000000000000e+04,-1.920800000000000000e+04,-2.206600000000000000e+04,-4.421700000000000000e+04
-1.372700000000000000e+04,-1.766500000000000000e+04,-1.489400000000000000e+04,7.706000000000000000e+03,-2.239700000000000000e+04,-1.516900000000000000e+04,-2.098400000000000000e+04,-2.415000000000000000e+04
-2.134700000000000000e+04,-2.032300000000000000e+04,-1.663200000000000000e+04,-1.384100000000000000e+04,-2.755500000000000000e+04,-1.980500000000000000e+04,1.368600000000000000e+04,-1.441600000000000000e+04
1.384000000000000000e+03,-2.334400000000000000e+04,-1.793800000000000000e+04,-6.527000000000000000e+03,-3.453500000000000000e+04,8.531000000000000000e+03,-2.751100000000000000e+04,-4.278300000000000000e+04
-1.792000000000000000e+04,-1.491800000000000000e+04,-1.587000000000000000e+04,-4.472000000000000000e+03,-1.587700000000000000e+04,1.282800000000000000e+04,-2.294000000000000000e+04,-2.915600000000000000e+04
-1.866600000000000000e+04,1.554800000000000000e+04,-2.838900000000000000e+04,-1.252700000000000000e+04,-4.405600000000000000e+04,-3.176800000000000000e+04,-3.100300000000000000e+04,-2.805500000000000000e+04
-2.541300000000000000e+04,-2.204400000000000000e+04,-2.287700000000000000e+04,-2.595800000000000000e+04,-2.569200000000000000e+04,-3.131300000000000000e+04,-2.129000000000000000e+04,2.277400000000000000e+04
-2.647400000000000000e+04,-1.862900000000000000e+04,-2.093500000000000000e+04,-2.072000000000000000e+04,-1.768500000000000000e+04,-2.254000000000000000e+04,-6.669000000000000000e+03,9.092000000000000000e+03
-1.750300000000000000e+04,2.249400000000000000e+04,-3.032000000000000000e+04,-2.097300000000000000e+04,-4.838200000000000000e+04,-2.683500000000000000e+04,-2.544400000000000000e+04,-3.888900000000000000e+04
-1.016200000000000000e+04,-9.371000000000000000e+03,-2.141000000000000000e+04,1.044700000000000000e+04,-3.416700000000000000e+04,-1.525400000000000000e+04,-2.989200000000000000e+04,-3.359100000000000000e+04
-2.994900000000000000e+04,-1.679100000000000000e+04,-2.325400000000000000e+04,6.484000000000000000e+03,-3.024500000000000000e+04,-2.631000000000000000e+03,-1.402300000000000000e+04,-2.278000000000000000e+04
-3.737600000000000000e+04,-2.506500000000000000e+04,-1.055500000000000000e+04,-3.996300000000000000e+04,-3.504600000000000000e+04,-2.054600000000000000e+04,-1.695700000000000000e+04,6.183000000000000000e+03
9.150000000000000000e+02,-1.624200000000000000e+04,-9.567000000000000000e+03,-1.583000000000000000e+04,7.458000000000000000e+03,-1.014400000000000000e+04,-1.852700000000000000e+04,-2.492800000000000000e+04
1.195700000000000000e+04,-1.879000000000000000e+04,-2.672100000000000000e+04,-2.128200000000000000e+04,-2.143300000000000000e+04,-2.573000000000000000e+03,-2.966800000000000000e+04,-4.461100000000000000e+04
-2.572100000000000000e+04,-9.967000000000000000e+03,-5.237000000000000000e+03,-2.908000000000000000e+03,-4.583000000000000000e+03,-2.142100000000000000e+04,1.015000000000000000e+03,-2.653200000000000000e+04
-6.210000000000000000e+03,-1.115800000000000000e+04,-1.594400000000000000e+04,-1.940200000000000000e+04,-4.355300000000000000e+04,1.034800000000000000e+04,-2.466100000000000000e+04,-3.938900000000000000e+04
-1.338600000000000000e+04,-1.558100000000000000e+04,-2.748000000000000000e+03,-1.979400000000000000e+04,1.108400000000000000e+04,-1.974500000000000000e+04,-1.539300000000000000e+04,3.279000000000000000e+03
-2.697200000000000000e+04,1.377000000000000000e+03,-2.086000000000000000e+04,-1.772900000000000000e+04,-3.275700000000000000e+04,-9.415000000000000000e+03,-9.100000000000000000e+03,-3.602500000000000000e+04
-7.670000000000000000e+03,2.167400000000000000e+04,-2.764600000000000000e+04,-2.387500000000000000e+04,-4.162600000000000000e+04,-9.206000000000000000e+03,-2.865500000000000000e+04,-3.267900000000000000e+04
-3.495100000000000000e+04,-3.396800000000000000e+04,-1.489700000000000000e+04,-2.710500000000000000e+04,-2.354200000000000000e+04,-3.837500000000000000e+04,-2.450700000000000000e+04,9.576000000000000000e+03
-3.168800000000000000e+04,-6.661000000000000000e+03,-1.354600000000000000e+04,3.871000000000000000e+03,-4.058500000000000000e+04,-1.071600000000000000e+04,-1.604400000000000000e+04,-4.792300000000000000e+04
-2.716800000000000000e+04,1.344400000000000000e+04,-1.125700000000000000e+04,-1.807200000000000000e+04,-3.788400000000000000e+04,-2.015200000000000000e+04,-2.391600000000000000e+04,-4.848300000000000000e+04
-1.497000000000000000e+04,1.787800000000000000e+04,-1.848200000000000000e+04,-2.680400000000000000e+04,-3.913200000000000000e+04,-3.262100000000000000e+04,-1.122400000000000000e+04,-3.018900000000000000e+04
-3.154100000000000000e+04,-1.974400000000000000e+04,-2.036600000000000000e+04,-3.415800000000000000e+04,-3.414900000000000000e+04,-1.064700000000000000e+04,1.127900000000000000e+04,-2.046300000000000000e+04
-1.207000000000000000e+04,-9.206000000000000000e+03,-2.310900000000000000e+04,-4.901000000000000000e+03,-2.833100000000000000e+04,8.152000000000000000e+03,-2.373000000000000000e+04,-3.328600000000000000e+04
-2.969600000000000000e+04,-1.441100000000000000e+04,-9.007000000000000000e+03,-3.052000000000000000e+04,-2.207500000000000000e+04,-1.450900000000000000e+04,1.025000000000000000e+04,-2.573600000000000000e+04
8.542000000000000000e+03,-2.340600000000000000e+04,-2.347900000000000000e+04,-2.517700000000000000e+04,-5.362000000000000000e+03,1.138000000000000000e+04,-3.562800000000000000e+04,-3.290000000000000000e+04
-2.199600000000000000e+04,-1.733300000000000000e+04,-1.421300000000000000e+04,-9.520000000000000000e+03,-4.004600000000000000e+04,-9.259000000000000000e+03,9.194000000000000000e+03,-3.333700000000000000e+04
-2.623800000000000000e+04,1.539800000000000000e+04,-2.018500000000000000e+04,-1.801900000000000000e+04,-3.327200000000000000e+04,-2.456200000000000000e+04,-1.595200000000000000e+04,-2.783600000000000000e+04
-1.654600000000000000e+04,-1.505100000000000000e+04,-1.731500000000000000e+04,-2.341900000000000000e+04,-3.680000000000000000e+04,2.225400000000000000e+04,-1.715700000000000000e+04,-2.066700000000000000e+04
-2.217800000000000000e+04,9.292000000000000000e+03,-1.288000000000000000e+04,-2.561200000000000000e+04,-1.943700000000000000e+04,-2.697100000000000000e+04,-1.367200000000000000e+04,-4.095300000000000000e+04
-1.972400000000000000e+04,-1.589800000000000000e+04,-4.758000000000000000e+03,-1.915300000000000000e+04,-9.180000000000000000e+03,-3.548600000000000000e+04,-2.356300000000000000e+04,6.195000000000000000e+03
-2.213700000000000000e+04,-2.384400000000000000e+04,-1.218400000000000000e+04,-3.308700000000000000e+04,-2.223700000000000000e+04,-2.929400000000000000e+04,-1.849000000000000000e+04,2.179200000000000000e+04
-1.815600000000000000e+04,-1.290300000000000000e+04,-2.033300000000000000e+04,5.150000000000000000e+02,-4.234200000000000000e+04,1.145200000000000000e+04,-3.151300000000000000e+04,-4.643400000000000000e+04
-2.682600000000000000e+04,-2.124400000000000000e+04,1.920000000000000000e+03,-1.261100000000000000e+04,-9.619000000000000000e+03,-2.950100000000000000e+04,-1.104700000000000000e+04,-3.056000000000000000e+03
-1.284100000000000000e+04,-1.722800000000000000e+04,-1.353400000000000000e+04,-2.208200000000000000e+04,-2.639500000000000000e+04,-3.257400000000000000e+04,1.047900000000000000e+04,-4.138000000000000000e+03
-1.073100000000000000e+04,-1.900400000000000000e+04,-1.604900000000000000e+04,-6.734000000000000000e+03,-1.198700000000000000e+04,-5.030000000000000000e+02,-1.058900000000000000e+04,-2.165800000000000000e+04
-1.247800000000000000e+04,-1.338400000000000000e+04,-1.675700000000000000e+04,6.258000000000000000e+03,-3.683100000000000000e+04,-5.637000000000000000e+03,-1.680000000000000000e+04,-3.449100000000000000e+04
-2.057100000000000000e+04,-3.167800000000000000e+04,-1.710600000000000000e+04,-1.710400000000000000e+04,-2.508000000000000000e+04,-1.865300000000000000e+04,-1.289900000000000000e+04,1.482100000000000000e+04
-3.034700000000000000e+04,-1.183000000000000000e+04,-2.663400000000000000e+04,-1.289400000000000000e+04,-2.545200000000000000e+04,-1.448900000000000000e+04,7.505000000000000000e+03,-2.077600000000000000e+04
-4.648000000000000000e+03,-2.766500000000000000e+04,-1.690400000000000000e+04,-9.021000000000000000e+03,1.547000000000000000e+03,-1.467600000000000000e+04,-3.251500000000000000e+04,-3.035900000000000000e+04
-2.148900000000000000e+04,-1.241700000000000000e+04,-1.106000000000000000e+04,-1.131600000000000000e+04,-1.689000000000000000e+04,-1.593300000000000000e+04,6.289000000000000000e+03,-3.128400000000000000e+04
6.050000000000000000e+03,-2.344100000000000000e+04,-9.759000000000000000e+03,-9.249000000000000000e+03,-4.245000000000000000e+03,-7.719000000000000000e+03,-1.636900000000000000e+04,-2.702600000000000000e+04
-8.503000000000000000e+03,-2.117400000000000000e+04,6.353000000000000000e+03,-2.016300000000000000e+04,5.439000000000000000e+03,-3.333100000000000000e+04,-3.233200000000000000e+04,-2.522200000000000000e+04
-2.798600000000000000e+04,2.182000000000000000e+03,-7.091000000000000000e+03,-2.020300000000000000e+04,-4.712100000000000000e+04,-1.109400000000000000e+04,-1.311900000000000000e+04,-3.770500000000000000e+04
-1.294400000000000000e+04,3.022600000000000000e+04,-2.044200000000000000e+04,-1.608300000000000000e+04,-5.911400000000000000e+04,-2.596000000000000000e+04,-2.816700000000000000e+04,-4.343900000000000000e+04
-1.851400000000000000e+04,-1.386600000000000000e+04,-3.130300000000000000e+04,-2.031500000000000000e+04,-2.742400000000000000e+04,-1.832400000000000000e+04,1.877900000000000000e+04,-9.227000000000000000e+03
-3.121200000000000000e+04,-1.207100000000000000e+04,-2.547700000000000000e+04,-9.448000000000000000e+03,-2.432200000000000000e+04,-9.010000000000000000e+03,1.016100000000000000e+04,-2.650500000000000000e+04
-3.464400000000000000e+04,1.805500000000000000e+04,-1.636900000000000000e+04,-3.054200000000000000e+04,-5.082200000000000000e+04,-8.536000000000000000e+03,-3.285900000000000000e+04,-3.793600000000000000e+04
-2.374000000000000000e+03,-2.981100000000000000e+04,-3.166900000000000000e+04,-2.173800000000000000e+04,1.530000000000000000e+04,-1.954100000000000000e+04,-3.153400000000000000e+04,-1.729500000000000000e+04
2.444000000000000000e+03,-1.230200000000000000e+04,-2.882600000000000000e+04,-5.883000000000000000e+03,-3.539500000000000000e+04,-4.131000000000000000e+03,-1.909700000000000000e+04,-3.756500000000000000e+04
-8.678000000000000000e+03,-2.561700000000000000e+04,-1.049600000000000000e+04,-1.376000000000000000e+04,6.800000000000000000e+03,-1.490700000000000000e+04,-3.678600000000000000e+04,-2.596500000000000000e+04
-3.115900000000000000e+04,1.040500000000000000e+04,-2.580800000000000000e+04,-9.326000000000000000e+03,-4.918500000000000000e+04,-1.489200000000000000e+04,-2.745400000000000000e+04,-2.995700000000000000e+04
-1.561400000000000000e+04,-1.397900000000000000e+04,-2.234500000000000000e+04,-3.043800000000000000e+04,-1.185600000000000000e+04,-2.083600000000000000e+04,1.699400000000000000e+04,-1.759100000000000000e+04
-2.267200000000000000e+04,-1.982900000000000000e+04,-9.741000000000000000e+03,-1.273400000000000000e+04,-2.049500000000000000e+04,-5.105000000000000000e+03,1.616000000000000000e+03,-3.080200000000000000e+04
8.710000000000000000e+03,-1.119300000000000000e+04,-1.302300000000000000e+04,7.683000000000000000e+03,-1.244400000000000000e+04,-9.863000000000000000e+03,-3.790200000000000000e+04,-4.457800000000000000e+04
-8.730000000000000000e+02,-2.482200000000000000e+04,-1.945800000000000000e+04,-6.929000000000000000e+03,-1.272300000000000000e+04,-4.771000000000000000e+03,-2.459800000000000000e+04,-4.571400000000000000e+04
-2.046000000000000000e+04,-1.124900000000000000e+04,-1.278000000000000000e+03,-2.748200000000000000e+04,-3.010500000000000000e+04,-1.985200000000000000e+04,1.935700000000000000e+04,-1.348000000000000000e+04
2.287000000000000000e+03,-5.220000000000000000e+03,-1.446600000000000000e+04,-1.861500000000000000e+04,-2.047800000000000000e+04,-5.578000000000000000e+03,-2.267400000000000000e+04,-2.831400000000000000e+04
-2.921800000000000000e+04,-2.146500000000000000e+04,-2.507600000000000000e+04,5.879000000000000000e+03,-3.835100000000000000e+04,2.227000000000000000e+03,-2.047700000000000000e+04,-3.488000000000000000e+04
-2.164700000000000000e+04,-1.230100000000000000e+04,-2.022500000000000000e+04,-1.263400000000000000e+04,-1.853100000000000000e+04,1.557000000000000000e+04,-2.490000000000000000e+04,-2.619500000000000000e+04
-1.463600000000000000e+04,-1.509200000000000000e+04,3.804000000000000000e+03,-2.057700000000000000e+04,-3.878000000000000000e+03,-1.921100000000000000e+04,-3.541400000000000000e+04,-2.009000000000000000e+04
-1.948000000000000000e+04,-7.920000000000000000e+02,-1.412900000000000000e+04,-8.790000000000000000e+03,-2.845000000000000000e+04,-1.029900000000000000e+04,-1.044300000000000000e+04,-1.663000000000000000e+03
-2.588300000000000000e+04,-2.860800000000000000e+04,-1.936000000000000000e+03,-1.224000000000000000e+04,1.231500000000000000e+04,-4.306700000000000000e+04,-3.411200000000000000e+04,-1.903400000000000000e+04
-2.355300000000000000e+04,-1.782200000000000000e+04,-2.827200000000000000e+04,-2.603000000000000000e+04,-2.476000000000000000e+04,-3.186800000000000000e+04,-2.073700000000000000e+04,1.975200000000000000e+04
-3.463400000000000000e+04,-2.797900000000000000e+04,-8.460000000000000000e+02,-3.505400000000000000e+04,-3.348000000000000000e+04,-3.083700000000000000e+04,-2.049100000000000000e+04,2.220000000000000000e+03
-1.511000000000000000e+03,-2.588000000000000000e+03,-1.609200000000000000e+04,7.198000000000000000e+03,-2.486000000000000000e+04,-2.710100000000000000e+04,-2.221300000000000000e+04,-2.682100000000000000e+04
-1.599700000000000000e+04,1.397200000000000000e+04,-2.189500000000000000e+04,-2.637600000000000000e+04,-3.462800000000000000e+04,-4.981000000000000000e+03,-3.367800000000000000e+04,-2.482100000000000000e+04
-2.899000000000000000e+04,2.646000000000000000e+04,-1.562000000000000000e+04,-2.663100000000000000e+04,-2.670400000000000000e+04,-1.738900000000000000e+04,-1.397200000000000000e+04,-2.687900000000000000e+04
-1.732300000000000000e+04,-1.882600000000000000e+04,2.145000000000000000e+03,-2.990400000000000000e+04,-2.033400000000000000e+04,-2.495500000000000000e+04,-2.029200000000000000e+04,-1.138000000000000000e+04
-3.412000000000000000e+04,-1.760800000000000000e+04,1.478000000000000000e+03,-1.989100000000000000e+04,-1.339300000000000000e+04,-2.802700000000000000e+04,-7.230000000000000000e+02,-2.229600000000000000e+04
-3.214800000000000000e+04,-2.229000000000000000e+03,-2.003100000000000000e+04,-1.588700000000000000e+04,-3.584000000000000000e+04,-1.178900000000000000e+04,1.164900000000000000e+04,-3.517600000000000000e+04
-1.758000000000000000e+04,-1.835700000000000000e+04,-7.678000000000000000e+03,-2.682700000000000000e+04,-1.918300000000000000e+04,-2.762900000000000000e+04,-3.992000000000000000e+03,2.559000000000000000e+03
-2.363000000000000000e+04,3.138300000000000000e+04,-2.132500000000000000e+04,-2.763600000000000000e+04,-4.014900000000000000e+04,-3.067700000000000000e+04,-2.934000000000000000e+04,-4.422400000000000000e+04
-1.443300000000000000e+04,-1.829300000000000000e+04,-3.179500000000000000e+04,-5.176000000000000000e+03,2.634000000000000000e+03,-5.942000000000000000e+03,-7.136000000000000000e+03,-3.527100000000000000e+04
-3.044500000000000000e+04,2.337400000000000000e+04,-2.987000000000000000e+04,-3.082800000000000000e+04,-6.106100000000000000e+04,-2.586900000000000000e+04,-2.147900000000000000e+04,-2.870900000000000000e+04
-7.614000000000000000e+03,-2.153000000000000000e+03,-1.131900000000000000e+04,-2.951300000000000000e+04,-2.457800000000000000e+04,-1.825900000000000000e+04,-4.681000000000000000e+03,-3.599800000000000000e+04
-2.504600000000000000e+04,-1.271300000000000000e+04,-7.016000000000000000e+03,-1.748100000000000000e+04,-1.210900000000000000e+04,-1.926100000000000000e+04,2.241400000000000000e+04,-2.153900000000000000e+04
-1.614400000000000000e+04,-1.120700000000000000e+04,-2.217800000000000000e+04,-2.560200000000000000e+04,-3.022800000000000000e+04,-1.402100000000000000e+04,-1.706400000000000000e+04,9.938000000000000000e+03
-1.738300000000000000e+04,6.420000000000000000e+03,-1.822000000000000000e+04,-1.497500000000000000e+04,-4.761300000000000000e+04,-6.234000000000000000e+03,-9.582000000000000000e+03,-3.468600000000000000e+04
-4.131400000000000000e+04,-2.758700000000000000e+04,-1.333200000000000000e+04,-2.115800000000000000e+04,-2.065900000000000000e+04,-2.075100000000000000e+04,2.448600000000000000e+04,-2.366400000000000000e+04
-3.023200000000000000e+04,-2.180600000000000000e+04,-8.920000000000000000e+03,-1.174200000000000000e+04,-1.734600000000000000e+04,-3.287600000000000000e+04,-1.794900000000000000e+04,-6.143000000000000000e+03
-3.146400000000000000e+04,-1.655800000000000000e+04,-1.151300000000000000e+04,-2.076000000000000000e+04,-2.778900000000000000e+04,-3.179900000000000000e+04,1.275900000000000000e+04,-3.267700000000000000e+04
1.460000000000000000e+04,-2.262000000000000000e+04,-2.030900000000000000e+04,-1.946900000000000000e+04,-1.776000000000000000e+04,7.160000000000000000e+03,-3.034800000000000000e+04,-4.678900000000000000e+04
2.090000000000000000e+02,-1.631900000000000000e+04,-3.246100000000000000e+04,-1.330100000000000000e+04,7.312000000000000000e+03,-2.579500000000000000e+04,-2.608500000000000000e+04,-3.036600000000000000e+04
-1.357800000000000000e+04,-1.236900000000000000e+04,-1.786700000000000000e+04,-1.366800000000000000e+04,-2.987300000000000000e+04,6.451000000000000000e+03,-1.773400000000000000e+04,-5.369200000000000000e+04
-4.530500000000000000e+04,-3.900700000000000000e+04,-3.497000000000000000e+03,-4.379400000000000000e+04,-3.355900000000000000e+04,-3.752300000000000000e+04,-3.212500000000000000e+04,6.650000000000000000e+03
-2.871800000000000000e+04,-1.859100000000000000e+04,-2.122900000000000000e+04,-2.697300000000000000e+04,-3.141100000000000000e+04,-2.419300000000000000e+04,1.675900000000000000e+04,-3.122800000000000000e+04
2.960000000000000000e+02,-1.876900000000000000e+04,-2.190300000000000000e+04,-7.621000000000000000e+03,-1.340600000000000000e+04,1.662500000000000000e+04,-1.823600000000000000e+04,-4.810200000000000000e+04
-1.302100000000000000e+04,-2.425800000000000000e+04,-8.493000000000000000e+03,-2.966200000000000000e+04,2.350000000000000000e+03,-2.995500000000000000e+04,-2.383400000000000000e+04,-2.724000000000000000e+03
1.207500000000000000e+04,-1.912200000000000000e+04,-2.293100000000000000e+04,-6.072000000000000000e+03,-1.709000000000000000e+04,-4.141000000000000000e+03,-1.848100000000000000e+04,-2.895800000000000000e+04
-2.534100000000000000e+04,-1.928400000000000000e+04,-2.538700000000000000e+04,-3.281200000000000000e+04,-1.763600000000000000e+04,-2.567100000000000000e+04,-2.056900000000000000e+04,2.271200000000000000e+04
-3.082900000000000000e+04,-1.592700000000000000e+04,-1.098200000000000000e+04,-2.064500000000000000e+04,-2.214200000000000000e+04,-7.167000000000000000e+03,2.232100000000000000e+04,-3.007000000000000000e+04
-2.686600000000000000e+04,-2.137100000000000000e+04,-2.569700000000000000e+04,-3.352700000000000000e+04,-2.112800000000000000e+04,-2.833700000000000000e+04,-1.533500000000000000e+04,1.731500000000000000e+04
-1.554700000000000000e+04,-2.198200000000000000e+04,-6.157000000000000000e+03,-1.939900000000000000e+04,1.680600000000000000e+04,-4.352000000000000000e+03,-1.077700000000000000e+04,-3.478700000000000000e+04
-2.910300000000000000e+04,-1.690000000000000000e+04,-1.197500000000000000e+04,-2.553400000000000000e+04,-3.987500000000000000e+04,-3.683700000000000000e+04,-3.165600000000000000e+04,8.740000000000000000e+03
-1.901000000000000000e+04,-2.733300000000000000e+04,-1.837000000000000000e+03,-2.463600000000000000e+04,-1.010000000000000000e+04,-4.969300000000000000e+04,-3.956500000000000000e+04,1.600800000000000000e+04
-2.276500000000000000e+04,1.074300000000000000e+04,-1.705200000000000000e+04,-1.211500000000000000e+04,-4.478300000000000000e+04,-1.830300000000000000e+04,-1.782100000000000000e+04,-1.921000000000000000e+04
-1.764200000000000000e+04,1.353600000000000000e+04,-7.845000000000000000e+03,-1.576100000000000000e+04,-3.491900000000000000e+04,-1.907600000000000000e+04,-1.773700000000000000e+04,-3.677800000000000000e+04
-3.491900000000000000e+04,-2.231700000000000000e+04,-1.614300000000000000e+04,-4.177000000000000000e+04,-2.106900000000000000e+04,-4.513600000000000000e+04,-3.215900000000000000e+04,1.507100000000000000e+04
-3.783600000000000000e+04,-8.632000000000000000e+03,-1.012400000000000000e+04,-3.939700000000000000e+04,-1.510900000000000000e+04,-3.270300000000000000e+04,8.592000000000000000e+03,-1.774700000000000000e+04
-7.942000000000000000e+03,-1.469200000000000000e+04,-2.560700000000000000e+04,-1.576000000000000000e+03,-1.191200000000000000e+04,-1.567300000000000000e+04,-1.728500000000000000e+04,-4.082700000000000000e+04
-1.962000000000000000e+04,1.923100000000000000e+04,-1.845600000000000000e+04,-2.382300000000000000e+04,-4.565800000000000000e+04,-2.129400000000000000e+04,-1.872800000000000000e+04,-2.539100000000000000e+04
-2.541600000000000000e+04,-1.127600000000000000e+04,2.517500000000000000e+04,-1.182900000000000000e+04,-1.683200000000000000e+04,-3.548300000000000000e+04,-1.720300000000000000e+04,-2.999200000000000000e+04
-9.350000000000000000e+03,-6.800000000000000000e+03,-6.120000000000000000e+02,1.118500000000000000e+04,-3.286000000000000000e+03,-2.724000000000000000e+03,-1.264100000000000000e+04,-1.737000000000000000e+04
-2.192700000000000000e+04,-7.446000000000000000e+03,-2.068800000000000000e+04,1.316000000000000000e+04,-2.481600000000000000e+04,-1.027700000000000000e+04,-1.035500000000000000e+04,-3.751700000000000000e+04
-1.546500000000000000e+04,-2.174900000000000000e+04,-2.661400000000000000e+04,3.801000000000000000e+03,-8.574000000000000000e+03,1.269600000000000000e+04,-1.224600000000000000e+04,-1.945100000000000000e+04
-1.983500000000000000e+04,-2.300300000000000000e+04,-2.410000000000000000e+04,-8.682000000000000000e+03,9.980000000000000000e+03,-1.506600000000000000e+04,-2.123800000000000000e+04,-3.087600000000000000e+04
-3.041900000000000000e+04,-2.295600000000000000e+04,-1.414300000000000000e+04,-3.865000000000000000e+03,1.393800000000000000e+04,-4.032800000000000000e+04,-1.895300000000000000e+04,-2.483700000000000000e+04
-2.285300000000000000e+04,-1.197100000000000000e+04,-1.394600000000000000e+04,-9.903000000000000000e+03,-1.597800000000000000e+04,-9.695000000000000000e+03,-1.987000000000000000e+03,-3.451100000000000000e+04
-1.936800000000000000e+04,1.734800000000000000e+04,-2.599100000000000000e+04,-2.401000000000000000e+04,-3.619400000000000000e+04,-2.325900000000000000e+04,-1.520800000000000000e+04,-2.664800000000000000e+04
-3.153700000000000000e+04,-3.604000000000000000e+04,-1.336600000000000000e+04,-3.962900000000000000e+04,-2.057000000000000000e+04,-4.318100000000000000e+04,-1.540500000000000000e+04,2.307400000000000000e+04
-1.463000000000000000e+04,1.582400000000000000e+04,-1.771000000000000000e+04,-1.203600000000000000e+04,-4.912000000000000000e+04,-2.841300000000000000e+04,-9.447000000000000000e+03,-3.364400000000000000e+04
-2.677800000000000000e+04,-8.180000000000000000e+03,-1.464800000000000000e+04,-1.231300000000000000e+04,-1.463000000000000000e+04,-6.306000000000000000e+03,-6.533000000000000000e+03,-3.284000000000000000e+04
-2.636600000000000000e+04,-2.309600000000000000e+04,-1.333000000000000000e+03,-2.529300000000000000e+04,-2.165000000000000000e+03,-3.778700000000000000e+04,-3.284000000000000000e+04,4.953000000000000000e+03
4.056000000000000000e+03,-1.889900000000000000e+04,-1.009600000000000000e+04,-7.640000000000000000e+02,-7.781000000000000000e+03,-1.866500000000000000e+04,-3.632400000000000000e+04,-3.284900000000000000e+04
-2.097200000000000000e+04,-1.717900000000000000e+04,-1.085000000000000000e+04,-3.026200000000000000e+04,-1.794300000000000000e+04,-2.043500000000000000e+04,-5.934000000000000000e+03,1.740200000000000000e+04
-3.327400000000000000e+04,-1.349300000000000000e+04,-1.076600000000000000e+04,-2.323400000000000000e+04,-2.776400000000000000e+04,-2.013500000000000000e+04,3.169200000000000000e+04,-3.159700000000000000e+04
1.395700000000000000e+04,-2.190800000000000000e+04,-2.396600000000000000e+04,-1.809000000000000000e+03,-1.673300000000000000e+04,1.829000000000000000e+03,-2.758200000000000000e+04,-4.909200000000000000e+04
-1.308100000000000000e+04,-1.326500000000000000e+04,-1.066600000000000000e+04,-1.982400000000000000e+04,-1.920900000000000000e+04,-1.954300000000000000e+04,-2.190000000000000000e+03,-2.914700000000000000e+04
-2.832400000000000000e+04,-2.605300000000000000e+04,1.734000000000000000e+03,-1.735700000000000000e+04,-1.545700000000000000e+04,-4.046300000000000000e+04,-3.377300000000000000e+04,-6.263000000000000000e+03
-2.609500000000000000e+04,-2.095800000000000000e+04,-2.570700000000000000e+04,-2.779400000000000000e+04,-2.418500000000000000e+04,-1.988900000000000000e+04,-1.654700000000000000e+04,2.521000000000000000e+04
-2.508400000000000000e+04,-1.622100000000000000e+04,-2.778700000000000000e+04,-3.894400000000000000e+04,-3.697000000000000000e+04,-1.700200000000000000e+04,1.639400000000000000e+04,-3.808600000000000000e+04
-3.512300000000000000e+04,-3.860200000000000000e+04,-3.093700000000000000e+04,-2.704800000000000000e+04,-2.127600000000000000e+04,-1.992300000000000000e+04,-2.722800000000000000e+04,2.541300000000000000e+04
-8.429000000000000000e+03,-2.119100000000000000e+04,-1.621300000000000000e+04,-3.540200000000000000e+04,1.778500000000000000e+04,-2.867500000000000000e+04,-3.814900000000000000e+04,-2.197300000000000000e+04
-3.366400000000000000e+04,2.711500000000000000e+04,-1.704500000000000000e+04,-2.482600000000000000e+04,-3.829400000000000000e+04,-2.186000000000000000e+04,-1.861200000000000000e+04,-3.257500000000000000e+04
-1.885600000000000000e+04,-1.622200000000000000e+04,-1.850800000000000000e+04,1.999000000000000000e+03,-3.525100000000000000e+04,7.689000000000000000e+03,-1.936500000000000000e+04,-2.216400000000000000e+04
-3.591300000000000000e+04,-2.113900000000000000e+04,-2.078000000000000000e+04,-4.328200000000000000e+04,-3.867900000000000000e+04,-3.619200000000000000e+04,-1.780200000000000000e+04,1.215100000000000000e+04
-2.760700000000000000e+04,-2.494000000000000000e+03,-1.465300000000000000e+04,-1.054000000000000000e+04,-3.029400000000000000e+04,-1.249400000000000000e+04,-1.588600000000000000e+04,-2.279700000000000000e+04
-1.530000000000000000e+02,-1.420000000000000000e+04,-1.377800000000000000e+04,-1.241500000000000000e+04,1.889000000000000000e+03,-1.902600000000000000e+04,-3.011900000000000000e+04,-2.851400000000000000e+04
-1.481500000000000000e+04,-7.589000000000000000e+03,-2.430200000000000000e+04,1.751000000000000000e+03,-1.746700000000000000e+04,-5.188000000000000000e+03,-1.544000000000000000e+04,-3.748300000000000000e+04
-1.390100000000000000e+04,-2.090000000000000000e+02,-1.117100000000000000e+04,-2.154600000000000000e+04,-2.576600000000000000e+04,-1.497700000000000000e+04,-1.254000000000000000e+03,-3.003900000000000000e+04
-1.323800000000000000e+04,-1.580500000000000000e+04,-1.780700000000000000e+04,4.554000000000000000e+03,-3.773700000000000000e+04,3.806000000000000000e+03,-2.606300000000000000e+04,-5.475000000000000000e+04
-2.836900000000000000e+04,-1.796900000000000000e+04,-1.851700000000000000e+04,-2.960100000000000000e+04,-2.750200000000000000e+04,-2.655600000000000000e+04,-2.107500000000000000e+04,1.388900000000000000e+04
-1.372500000000000000e+04,-2.365900000000000000e+04,-2.293900000000000000e+04,-3.120300000000000000e+04,-3.079900000000000000e+04,-2.465800000000000000e+04,-2.179600000000000000e+04,2.199100000000000000e+04
-6.500000000000000000e+03,-2.625000000000000000e+04,-1.768000000000000000e+03,7.658000000000000000e+03,-3.408000000000000000e+03,-1.596700000000000000e+04,-2.436000000000000000e+04,-1.950800000000000000e+04
-2.747100000000000000e+04,-8.228000000000000000e+03,-8.725000000000000000e+03,-5.411000000000000000e+03,-3.207300000000000000e+04,-1.662500000000000000e+04,3.146000000000000000e+03,-4.336900000000000000e+04
-1.325000000000000000e+04,-9.307000000000000000e+03,-2.667600000000000000e+04,-4.722000000000000000e+03,-4.787100000000000000e+04,3.679000000000000000e+03,-3.127500000000000000e+04,-3.396100000000000000e+04
-3.010000000000000000e+04,-6.316000000000000000e+03,-1.397600000000000000e+04,-1.751800000000000000e+04,-3.144900000000000000e+04,-1.795200000000000000e+04,1.206700000000000000e+04,-2.931700000000000000e+04
5.828000000000000000e+03,-8.817000000000000000e+03,-2.916100000000000000e+04,-1.281200000000000000e+04,-7.709000000000000000e+03,-8.633000000000000000e+03,-1.896800000000000000e+04,-3.784600000000000000e+04
-9.219000000000000000e+03,-1.085000000000000000e+04,-1.408200000000000000e+04,-1.038100000000000000e+04,-4.103100000000000000e+04,1.669600000000000000e+04,-1.734500000000000000e+04,-4.900200000000000000e+04
-4.654000000000000000e+03,-1.517500000000000000e+04,-2.703900000000000000e+04,4.022000000000000000e+03,-2.387300000000000000e+04,3.841000000000000000e+03,-2.470700000000000000e+04,-3.660900000000000000e+04
-9.862000000000000000e+03,2.395500000000000000e+04,-1.440200000000000000e+04,-1.065300000000000000e+04,-4.958800000000000000e+04,-2.387400000000000000e+04,-1.743000000000000000e+04,-3.971000000000000000e+04
-2.315400000000000000e+04,-9.690000000000000000e+03,-1.735100000000000000e+04,-2.844400000000000000e+04,-2.045300000000000000e+04,-2.984800000000000000e+04,8.660000000000000000e+03,-2.538500000000000000e+04
9.398000000000000000e+03,-2.511800000000000000e+04,-1.775400000000000000e+04,-9.204000000000000000e+03,-3.099100000000000000e+04,5.821000000000000000e+03,-3.069800000000000000e+04,-4.784200000000000000e+04
-2.179300000000000000e+04,2.466400000000000000e+04,-3.554200000000000000e+04,-3.880500000000000000e+04,-3.923600000000000000e+04,-1.579100000000000000e+04,-1.786200000000000000e+04,-1.475000000000000000e+04
-2.311000000000000000e+04,-2.572400000000000000e+04,-4.940000000000000000e+02,-3.533800000000000000e+04,2.161100000000000000e+04,-2.875200000000000000e+04,-3.581300000000000000e+04,-1.699800000000000000e+04
-8.153000000000000000e+03,-3.631200000000000000e+04,-1.144900000000000000e+04,-1.121000000000000000e+04,-1.209400000000000000e+04,2.550000000000000000e+02,-1.099000000000000000e+03,-3.049900000000000000e+04
-3.063000000000000000e+03,-3.850000000000000000e+02,-1.533600000000000000e+04,5.101000000000000000e+03,-2.951200000000000000e+04,-1.731300000000000000e+04,-3.114000000000000000e+04,-4.261500000000000000e+04
-2.663600000000000000e+04,-7.417000000000000000e+03,-2.239200000000000000e+04,1.362000000000000000e+03,-1.012400000000000000e+04,4.640000000000000000e+02,-1.510200000000000000e+04,-2.136200000000000000e+04
-3.024400000000000000e+04,-2.109900000000000000e+04,-1.548300000000000000e+04,-3.417400000000000000e+04,-3.078500000000000000e+04,-3.515300000000000000e+04,-1.984400000000000000e+04,1.773400000000000000e+04
-3.864700000000000000e+04,-1.542000000000000000e+04,-1.122800000000000000e+04,4.090000000000000000e+02,-1.652700000000000000e+04,-2.149900000000000000e+04,-1.337800000000000000e+04,-3.370700000000000000e+04
-3.641200000000000000e+04,-1.761000000000000000e+04,-2.353500000000000000e+04,-2.733100000000000000e+04,-2.555700000000000000e+04,-1.466800000000000000e+04,3.521000000000000000e+04,-2.258100000000000000e+04
-2.790800000000000000e+04,9.106000000000000000e+03,-5.476000000000000000e+03,-5.335000000000000000e+03,-3.009500000000000000e+04,-2.166200000000000000e+04,-1.673400000000000000e+04,-3.778400000000000000e+04
-2.010700000000000000e+04,-1.617200000000000000e+04,-2.005100000000000000e+04,-3.332100000000000000e+04,-2.260500000000000000e+04,-9.599000000000000000e+03,-1.763300000000000000e+04,1.364600000000000000e+04
-3.699900000000000000e+04,-1.876800000000000000e+04,-2.240300000000000000e+04,-2.095900000000000000e+04,-3.701000000000000000e+04,-5.474000000000000000e+03,1.843100000000000000e+04,-3.711000000000000000e+04
-1.233900000000000000e+04,-2.801100000000000000e+04,-2.351800000000000000e+04,-1.414900000000000000e+04,1.646200000000000000e+04,-2.528600000000000000e+04,-2.808200000000000000e+04,-1.795800000000000000e+04
-1.747000000000000000e+04,2.604900000000000000e+04,-3.529400000000000000e+04,-1.777300000000000000e+04,-5.027500000000000000e+04,-1.771800000000000000e+04,-4.154900000000000000e+04,-4.425000000000000000e+04
-2.678100000000000000e+04,-2.841000000000000000e+04,1.381000000000000000e+03,-1.284000000000000000e+03,6.010000000000000000e+02,-2.001800000000000000e+04,-1.600200000000000000e+04,-4.110800000000000000e+04
-1.930400000000000000e+04,-1.925000000000000000e+04,-6.481000000000000000e+03,-2.333900000000000000e+04,-1.889100000000000000e+04,-8.048000000000000000e+03,1.253500000000000000e+04,-1.470800000000000000e+04
5.787000000000000000e+03,-1.690900000000000000e+04,-1.450600000000000000e+04,-1.376800000000000000e+04,-6.238000000000000000e+03,-1.991000000000000000e+04,-2.636500000000000000e+04,-4.202600000000000000e+04
-1.126000000000000000e+03,-1.141900000000000000e+04,-1.255900000000000000e+04,-1.280500000000000000e+04,-3.362000000000000000e+03,-2.093700000000000000e+04,-2.999600000000000000e+04,-3.589800000000000000e+04
-1.145600000000000000e+04,1.444500000000000000e+04,-2.178900000000000000e+04,-1.549400000000000000e+04,-3.532900000000000000e+04,-2.081800000000000000e+04,-1.416300000000000000e+04,-2.839400000000000000e+04
-2.628200000000000000e+04,1.977500000000000000e+04,-1.681200000000000000e+04,-1.491600000000000000e+04,-5.884600000000000000e+04,-2.795300000000000000e+04,-1.737200000000000000e+04,-3.845200000000000000e+04
-7.657000000000000000e+03,-2.514400000000000000e+04,-2.530400000000000000e+04,8.758000000000000000e+03,-3.293400000000000000e+04,-1.505000000000000000e+03,-2.948800000000000000e+04,-4.895900000000000000e+04
-3.019100000000000000e+04,-2.052300000000000000e+04,-6.214000000000000000e+03,-4.089200000000000000e+04,-2.897700000000000000e+04,-2.789300000000000000e+04,-2.698900000000000000e+04,1.668900000000000000e+04
-2.885500000000000000e+04,3.693000000000000000e+03,-2.301600000000000000e+04,-1.676500000000000000e+04,-2.891500000000000000e+04,-9.623000000000000000e+03,-1.025200000000000000e+04,-3.240900000000000000e+04
-3.419600000000000000e+04,-4.128000000000000000e+03,-2.051200000000000000e+04,-8.346000000000000000e+03,-3.889900000000000000e+04,4.160000000000000000e+03,-1.420000000000000000e+03,-3.743000000000000000e+04
-5.010800000000000000e+04,-1.914100000000000000e+04,1.140600000000000000e+04,-6.445000000000000000e+03,-1.915500000000000000e+04,-4.088000000000000000e+04,-1.726200000000000000e+04,-1.229400000000000000e+04
7.310000000000000000e+03,-2.303000000000000000e+04,-2.067500000000000000e+04,4.553000000000000000e+03,-2.067200000000000000e+04,4.320000000000000000e+02,-3.112600000000000000e+04,-3.909300000000000000e+04
-1.517300000000000000e+04,-1.156800000000000000e+04,-1.684600000000000000e+04,-6.903000000000000000e+03,-3.199300000000000000e+04,4.588000000000000000e+03,-1.980700000000000000e+04,-2.521100000000000000e+04
-3.378700000000000000e+04,1.455900000000000000e+04,-1.564200000000000000e+04,-1.873700000000000000e+04,-5.322800000000000000e+04,-1.802900000000000000e+04,-2.470300000000000000e+04,-4.518600000000000000e+04
-2.536200000000000000e+04,-2.208800000000000000e+04,-2.038200000000000000e+04,-2.311200000000000000e+04,-3.024300000000000000e+04,-1.348500000000000000e+04,2.096500000000000000e+04,-1.997700000000000000e+04
-5.118000000000000000e+03,-2.652600000000000000e+04,-1.410100000000000000e+04,-3.253000000000000000e+03,-1.605100000000000000e+04,-1.030200000000000000e+04,-2.637300000000000000e+04,-5.800400000000000000e+04
-1.895800000000000000e+04,2.646000000000000000e+03,-2.799900000000000000e+04,-3.531000000000000000e+03,-2.978500000000000000e+04,-1.264200000000000000e+04,-1.484700000000000000e+04,-2.806500000000000000e+04
-1.607100000000000000e+04,2.314200000000000000e+04,-1.043200000000000000e+04,-3.978800000000000000e+04,-4.974300000000000000e+04,-1.885300000000000000e+04,-1.955700000000000000e+04,-3.628400000000000000e+04
-5.281700000000000000e+04,-3.488900000000000000e+04,-5.764000000000000000e+03,-2.737100000000000000e+04,-3.520800000000000000e+04,-3.924700000000000000e+04,-2.777600000000000000e+04,8.315000000000000000e+03
-1.861400000000000000e+04,-3.046000000000000000e+03,-1.159500000000000000e+04,-1.968900000000000000e+04,-2.458700000000000000e+04,-9.133000000000000000e+03,-4.950000000000000000e+02,-1.009700000000000000e+04
-2.699200000000000000e+04,-1.419400000000000000e+04,-2.465400000000000000e+04,-1.803200000000000000e+04,-3.008300000000000000e+04,-1.866700000000000000e+04,1.538300000000000000e+04,-2.029900000000000000e+04
-1.883300000000000000e+04,-2.126500000000000000e+04,-2.072400000000000000e+04,-5.497000000000000000e+03,-1.188600000000000000e+04,-1.827000000000000000e+03,-2.181100000000000000e+04,-3.237400000000000000e+04
-1.178900000000000000e+04,-2.670900000000000000e+04,-1.531100000000000000e+04,-2.853500000000000000e+04,2.601100000000000000e+04,-3.074400000000000000e+04,-4.256100000000000000e+04,-1.544600000000000000e+04
-2.507900000000000000e+04,-1.013500000000000000e+04,-2.023800000000000000e+04,-2.177300000000000000e+04,-2.924300000000000000e+04,-1.830800000000000000e+04,1.373800000000000000e+04,-2.679900000000000000e+04
-2.081000000000000000e+03,-1.807400000000000000e+04,-3.291000000000000000e+03,-5.162000000000000000e+03,-5.731000000000000000e+03,-1.820000000000000000e+04,-3.679200000000000000e+04,-4.686200000000000000e+04
-4.651900000000000000e+04,-2.010700000000000000e+04,2.904100000000000000e+04,-9.476000000000000000e+03,-3.234900000000000000e+04,-3.357000000000000000e+04,-1.655100000000000000e+04,-2.166200000000000000e+04
3.620000000000000000e+03,-1.635100000000000000e+04,-5.886000000000000000e+03,4.020000000000000000e+03,-1.015500000000000000e+04,-1.806800000000000000e+04,-3.061500000000000000e+04,-2.906000000000000000e+04
-2.284000000000000000e+04,-1.154400000000000000e+04,-1.494100000000000000e+04,1.886000000000000000e+03,-3.275300000000000000e+04,1.355000000000000000e+03,-1.958300000000000000e+04,-1.846000000000000000e+04
-3.706000000000000000e+03,5.539000000000000000e+03,-9.539000000000000000e+03,-2.840300000000000000e+04,-3.123200000000000000e+04,-6.972000000000000000e+03,-2.140300000000000000e+04,-3.924800000000000000e+04
2.328000000000000000e+03,-3.440000000000000000e+02,-1.954100000000000000e+04,-1.584200000000000000e+04,-2.864600000000000000e+04,-7.088000000000000000e+03,-2.420700000000000000e+04,-2.884200000000000000e+04
-1.359400000000000000e+04,-8.171000000000000000e+03,-5.786000000000000000e+03,-1.105000000000000000e+03,-1.093700000000000000e+04,-2.555300000000000000e+04,-2.543700000000000000e+04,-1.885000000000000000e+04
-1.678800000000000000e+04,9.187000000000000000e+03,-4.791000000000000000e+03,-1.467500000000000000e+04,-5.696700000000000000e+04,-1.904000000000000000e+04,-2.771200000000000000e+04,-3.956500000000000000e+04
-3.115200000000000000e+04,-1.350400000000000000e+04,-2.763600000000000000e+04,-2.723500000000000000e+04,-3.427700000000000000e+04,-1.605500000000000000e+04,2.276900000000000000e+04,-2.757000000000000000e+04
-1.449700000000000000e+04,-1.646100000000000000e+04,-1.993400000000000000e+04,1.569000000000000000e+03,-8.947000000000000000e+03,8.228000000000000000e+03,-8.949000000000000000e+03,-2.486800000000000000e+04
-1.131000000000000000e+04,8.257000000000000000e+03,-1.173700000000000000e+04,-2.592300000000000000e+04,-3.319700000000000000e+04,-1.739000000000000000e+04,-3.144700000000000000e+04,-5.075400000000000000e+04
-2.801400000000000000e+04,-2.301000000000000000e+04,-1.576100000000000000e+04,-2.915600000000000000e+04,-3.015500000000000000e+04,-1.471000000000000000e+04,-1.320900000000000000e+04,2.922000000000000000e+03
-1.337100000000000000e+04,-1.993000000000000000e+04,-1.971100000000000000e+04,-7.144000000000000000e+03,-5.063000000000000000e+03,1.246200000000000000e+04,-1.635000000000000000e+04,-2.659400000000000000e+04
-6.315000000000000000e+03,-3.958000000000000000e+03,-2.180600000000000000e+04,-1.769600000000000000e+04,-2.860100000000000000e+04,9.600000000000000000e+01,-2.552400000000000000e+04,-3.463300000000000000e+04
-1.671600000000000000e+04,1.060700000000000000e+04,-3.548900000000000000e+04,-9.350000000000000000e+03,-5.674100000000000000e+04,-2.034200000000000000e+04,-3.430100000000000000e+04,-4.001700000000000000e+04
1.695000000000000000e+03,-9.226000000000000000e+03,-1.993900000000000000e+04,-5.583000000000000000e+03,-2.107000000000000000e+04,-4.758000000000000000e+03,-2.485000000000000000e+04,-3.682000000000000000e+04
-1.910000000000000000e+04,-1.692900000000000000e+04,1.710000000000000000e+02,-3.441800000000000000e+04,1.463000000000000000e+03,-2.793900000000000000e+04,-2.582900000000000000e+04,-1.877500000000000000e+04
-2.313600000000000000e+04,-1.175100000000000000e+04,-1.069200000000000000e+04,-2.307900000000000000e+04,-1.578200000000000000e+04,-2.621500000000000000e+04,1.262300000000000000e+04,-7.228000000000000000e+03
-3.230600000000000000e+04,2.104300000000000000e+04,-3.146200000000000000e+04,-2.512800000000000000e+04,-5.110800000000000000e+04,-1.008100000000000000e+04,-3.416800000000000000e+04,-3.337100000000000000e+04
-2.058000000000000000e+03,-1.797000000000000000e+04,-1.619300000000000000e+04,5.300000000000000000e+03,-2.620000000000000000e+04,-1.990000000000000000e+02,-3.421300000000000000e+04,-4.382600000000000000e+04
7.472000000000000000e+03,-3.437000000000000000e+03,-7.636000000000000000e+03,-4.012000000000000000e+03,-2.941500000000000000e+04,-1.441500000000000000e+04,-1.935700000000000000e+04,-3.935900000000000000e+04
-3.116800000000000000e+04,-2.285500000000000000e+04,-1.215700000000000000e+04,-1.230200000000000000e+04,-1.378300000000000000e+04,-1.598700000000000000e+04,-5.990000000000000000e+03,-2.724900000000000000e+04
-9.375000000000000000e+03,-2.107200000000000000e+04,-2.402300000000000000e+04,-2.266800000000000000e+04,-1.938600000000000000e+04,-2.342400000000000000e+04,1.787900000000000000e+04,-9.879000000000000000e+03
-4.071200000000000000e+04,-1.129500000000000000e+04,-9.005000000000000000e+03,-2.138100000000000000e+04,-2.940200000000000000e+04,-1.085300000000000000e+04,1.544000000000000000e+04,-2.643500000000000000e+04
-2.372100000000000000e+04,-1.403800000000000000e+04,1.966100000000000000e+04,-2.831800000000000000e+04,-9.238000000000000000e+03,-3.600600000000000000e+04,-1.863200000000000000e+04,-1.659000000000000000e+04
6.619000000000000000e+03,-2.991100000000000000e+04,-2.808800000000000000e+04,-1.908500000000000000e+04,-2.273000000000000000e+03,-8.420000000000000000e+02,-2.577500000000000000e+04,-3.488000000000000000e+04
-2.975200000000000000e+04,-7.387000000000000000e+03,-2.127500000000000000e+04,-2.234900000000000000e+04,-2.158800000000000000e+04,-2.118700000000000000e+04,1.559200000000000000e+04,-2.546100000000000000e+04
-1.999100000000000000e+04,-2.054300000000000000e+04,-9.987000000000000000e+03,-3.743000000000000000e+04,-1.928000000000000000e+04,-3.595500000000000000e+04,-2.777300000000000000e+04,1.350400000000000000e+04
7.970000000000000000e+03,-1.579800000000000000e+04,-2.342700000000000000e+04,-1.508900000000000000e+04,-5.906000000000000000e+03,1.410000000000000000e+03,-2.419100000000000000e+04,-4.161400000000000000e+04
-2.435800000000000000e+04,-2.400500000000000000e+04,-1.323100000000000000e+04,-1.409100000000000000e+04,-3.582200000000000000e+04,-1.705100000000000000e+04,2.596700000000000000e+04,-2.376200000000000000e+04
-4.563000000000000000e+03,-1.593400000000000000e+04,-1.694400000000000000e+04,1.077000000000000000e+04,-4.367600000000000000e+04,-9.950000000000000000e+03,-3.182300000000000000e+04,-4.028000000000000000e+04
-3.740400000000000000e+04,-2.360100000000000000e+04,-1.179800000000000000e+04,-2.940400000000000000e+04,-3.409000000000000000e+04,-4.929900000000000000e+04,-2.277800000000000000e+04,1.567600000000000000e+04
-3.182000000000000000e+03,-6.812000000000000000e+03,-1.979400000000000000e+04,-1.587900000000000000e+04,-2.861300000000000000e+04,-1.525700000000000000e+04,-8.545000000000000000e+03,-4.504400000000000000e+04
-5.710000000000000000e+02,-1.179100000000000000e+04,-2.648000000000000000e+04,-1.042600000000000000e+04,-1.010300000000000000e+04,-7.080000000000000000e+03,-2.421000000000000000e+04,-3.344500000000000000e+04
-1.869200000000000000e+04,2.425000000000000000e+04,-3.328300000000000000e+04,-3.413600000000000000e+04,-5.974600000000000000e+04,-1.661200000000000000e+04,-2.170700000000000000e+04,-4.462900000000000000e+04
-8.355000000000000000e+03,-2.727800000000000000e+04,-1.408800000000000000e+04,-1.332600000000000000e+04,4.766000000000000000e+03,-5.300000000000000000e+01,-7.172000000000000000e+03,-2.353400000000000000e+04
-3.341600000000000000e+04,-1.579600000000000000e+04,-1.034700000000000000e+04,-2.165000000000000000e+03,-3.828800000000000000e+04,-1.254500000000000000e+04,6.453000000000000000e+03,-4.484200000000000000e+04
-3.604600000000000000e+04,-2.099100000000000000e+04,-2.320300000000000000e+04,-4.090200000000000000e+04,-2.864400000000000000e+04,-2.224100000000000000e+04,-2.050500000000000000e+04,2.025700000000000000e+04
-5.103000000000000000e+03,-1.664100000000000000e+04,-1.059400000000000000e+04,-6.942000000000000000e+03,-2.059400000000000000e+04,-8.631000000000000000e+03,-1.769000000000000000e+04,-3.973500000000000000e+04
-1.663700000000000000e+04,-1.300000000000000000e+04,-2.006000000000000000e+04,-1.870000000000000000e+03,-2.575800000000000000e+04,-1.916000000000000000e+03,-1.679900000000000000e+04,-4.855600000000000000e+04
-1.189700000000000000e+04,-1.794400000000000000e+04,-2.330600000000000000e+04,-2.678100000000000000e+04,-1.737300000000000000e+04,-1.107000000000000000e+04,8.096000000000000000e+03,-2.973700000000000000e+04
-2.006300000000000000e+04,-8.963000000000000000e+03,-2.932700000000000000e+04,-1.410600000000000000e+04,-3.389600000000000000e+04,-2.535300000000000000e+04,2.995300000000000000e+04,-2.914900000000000000e+04
-2.650500000000000000e+04,-1.848900000000000000e+04,-2.337100000000000000e+04,-1.790400000000000000e+04,-2.368900000000000000e+04,-8.744000000000000000e+03,1.199500000000000000e+04,-1.673700000000000000e+04
-2.631000000000000000e+04,-2.647300000000000000e+04,-5.121000000000000000e+03,-2.923600000000000000e+04,-3.785200000000000000e+04,-1.512500000000000000e+04,-2.569600000000000000e+04,-1.890000000000000000e+02
3.297000000000000000e+03,-3.379200000000000000e+04,-1.186200000000000000e+04,-7.960000000000000000e+03,2.096000000000000000e+03,-2.358800000000000000e+04,-3.084000000000000000e+04,-3.663000000000000000e+04
-1.912300000000000000e+04,-3.094300000000000000e+04,3.820000000000000000e+02,-1.515700000000000000e+04,1.034000000000000000e+04,-3.762700000000000000e+04,-2.354600000000000000e+04,-1.260500000000000000e+04
-2.727100000000000000e+04,-2.794900000000000000e+04,-1.552500000000000000e+04,-5.410400000000000000e+04,-2.799900000000000000e+04,-3.243100000000000000e+04,-2.221500000000000000e+04,2.207000000000000000e+04
-4.059600000000000000e+04,1.771900000000000000e+04,-2.040200000000000000e+04,-7.812000000000000000e+03,-4.875900000000000000e+04,-1.766500000000000000e+04,-1.418900000000000000e+04,-4.292500000000000000e+04
-2.926000000000000000e+04,2.559100000000000000e+04,-1.352100000000000000e+04,-1.355200000000000000e+04,-4.749600000000000000e+04,-2.700300000000000000e+04,-2.546800000000000000e+04,-3.784100000000000000e+04
1.077000000000000000e+04,-1.298100000000000000e+04,-2.697800000000000000e+04,-7.838000000000000000e+03,-2.631000000000000000e+04,-1.023100000000000000e+04,-3.238100000000000000e+04,-5.295900000000000000e+04
-1.324000000000000000e+04,-1.568300000000000000e+04,-1.611100000000000000e+04,1.137300000000000000e+04,-1.040200000000000000e+04,-2.649100000000000000e+04,-6.512000000000000000e+03,-4.501500000000000000e+04
-1.666700000000000000e+04,-9.015000000000000000e+03,-3.868000000000000000e+03,6.015000000000000000e+03,-2.487000000000000000e+04,-6.190000000000000000e+03,-2.120600000000000000e+04,-4.312600000000000000e+04
-3.100700000000000000e+04,-1.137500000000000000e+04,-1.272900000000000000e+04,-1.673300000000000000e+04,-3.401700000000000000e+04,-1.838700000000000000e+04,1.734500000000000000e+04,-3.215000000000000000e+04
9.625000000000000000e+03,-1.845600000000000000e+04,-2.505100000000000000e+04,-3.605000000000000000e+03,-3.539900000000000000e+04,-3.100000000000000000e+01,-2.499700000000000000e+04,-3.688900000000000000e+04
-4.778500000000000000e+04,-2.426100000000000000e+04,-1.402400000000000000e+04,-3.276000000000000000e+04,-3.166300000000000000e+04,-1.525600000000000000e+04,2.283200000000000000e+04,-2.933600000000000000e+04
-1.235300000000000000e+04,-2.080000000000000000e+04,-1.094400000000000000e+04,5.474000000000000000e+03,-2.212200000000000000e+04,-1.483000000000000000e+03,-2.476200000000000000e+04,-1.490700000000000000e+04
-6.507000000000000000e+03,-1.709400000000000000e+04,-1.367100000000000000e+04,-8.409000000000000000e+03,-2.078700000000000000e+04,-1.617600000000000000e+04,-1.281300000000000000e+04,-3.192400000000000000e+04
-1.079400000000000000e+04,-1.613100000000000000e+04,-1.808900000000000000e+04,-1.555800000000000000e+04,2.004000000000000000e+03,-1.042700000000000000e+04,-2.188900000000000000e+04,-4.627600000000000000e+04
-1.961400000000000000e+04,-2.595700000000000000e+04,-4.033000000000000000e+03,-1.097300000000000000e+04,1.066700000000000000e+04,-4.036000000000000000e+04,-3.302100000000000000e+04,-1.284500000000000000e+04
-1.815500000000000000e+04,-1.887800000000000000e+04,-1.648000000000000000e+04,1.088900000000000000e+04,-3.724200000000000000e+04,9.700000000000000000e+01,-1.990700000000000000e+04,-3.834600000000000000e+04
-1.986000000000000000e+03,-7.364000000000000000e+03,-7.211000000000000000e+03,-1.762700000000000000e+04,-2.577000000000000000e+03,6.083000000000000000e+03,-1.702300000000000000e+04,-1.635100000000000000e+04
-1.232000000000000000e+04,-2.571000000000000000e+04,-5.885000000000000000e+03,-1.994500000000000000e+04,7.090000000000000000e+03,-2.953300000000000000e+04,-3.432600000000000000e+04,-2.163300000000000000e+04
-2.808500000000000000e+04,-1.591400000000000000e+04,5.466000000000000000e+03,-3.475800000000000000e+04,-2.921900000000000000e+04,-3.989600000000000000e+04,-2.317600000000000000e+04,1.346200000000000000e+04
-3.837000000000000000e+03,-1.605700000000000000e+04,-4.203000000000000000e+03,1.395400000000000000e+04,-9.949000000000000000e+03,-1.673000000000000000e+03,-2.947300000000000000e+04,-3.662000000000000000e+04
-8.640000000000000000e+02,-2.351000000000000000e+04,-1.516300000000000000e+04,-7.899000000000000000e+03,-2.072600000000000000e+04,2.248000000000000000e+03,-2.835500000000000000e+04,-4.882700000000000000e+04
-1.468100000000000000e+04,-2.290400000000000000e+04,-1.164800000000000000e+04,-8.520000000000000000e+02,-2.104900000000000000e+04,4.625000000000000000e+03,-3.024700000000000000e+04,-3.872200000000000000e+04
-1.710500000000000000e+04,-3.386000000000000000e+03,-3.234700000000000000e+04,-4.982000000000000000e+03,-2.408600000000000000e+04,-1.790000000000000000e+03,-2.015900000000000000e+04,-3.903400000000000000e+04
-1.210300000000000000e+04,-2.861100000000000000e+04,-1.914000000000000000e+04,1.650200000000000000e+04,-2.807000000000000000e+04,-3.045000000000000000e+03,-1.467500000000000000e+04,-3.750900000000000000e+04
-6.862000000000000000e+03,-3.025800000000000000e+04,-2.743100000000000000e+04,1.865000000000000000e+03,-8.984000000000000000e+03,1.111700000000000000e+04,-1.890000000000000000e+04,-3.379500000000000000e+04
-9.551000000000000000e+03,-6.759000000000000000e+03,-2.056900000000000000e+04,1.747000000000000000e+03,-4.268600000000000000e+04,5.486000000000000000e+03,-2.693700000000000000e+04,-5.200500000000000000e+04
-3.183600000000000000e+04,-1.738400000000000000e+04,2.007000000000000000e+04,-2.045200000000000000e+04,-2.227100000000000000e+04,-3.747600000000000000e+04,-1.626000000000000000e+04,-3.718000000000000000e+03
-1.953300000000000000e+04,-1.779200000000000000e+04,-5.523000000000000000e+03,-1.603400000000000000e+04,-2.691300000000000000e+04,-3.618200000000000000e+04,-1.738100000000000000e+04,8.380000000000000000e+03
-4.920000000000000000e+03,-2.380500000000000000e+04,7.810000000000000000e+02,-1.983800000000000000e+04,4.432000000000000000e+03,-2.002100000000000000e+04,-3.254500000000000000e+04,-2.787400000000000000e+04
-3.079500000000000000e+04,-3.529800000000000000e+04,-1.112500000000000000e+04,-2.246200000000000000e+04,-1.332600000000000000e+04,-2.366800000000000000e+04,-2.547000000000000000e+03,-2.702400000000000000e+04
-2.299100000000000000e+04,2.394400000000000000e+04,-1.095600000000000000e+04,-1.311100000000000000e+04,-3.857700000000000000e+04,-2.423000000000000000e+04,-3.095000000000000000e+04,-4.578500000000000000e+04
-1.425500000000000000e+04,-8.648000000000000000e+03,-2.619700000000000000e+04,1.296700000000000000e+04,-2.566300000000000000e+04,-9.181000000000000000e+03,-2.890600000000000000e+04,-1.339700000000000000e+04
-1.350000000000000000e+03,-2.520500000000000000e+04,-1.193200000000000000e+04,-3.198700000000000000e+04,8.149000000000000000e+03,-1.524100000000000000e+04,-2.664000000000000000e+04,-2.198000000000000000e+04
1.373200000000000000e+04,-2.235200000000000000e+04,-1.975200000000000000e+04,-1.786000000000000000e+04,-4.000000000000000000e+01,-5.447000000000000000e+03,-3.211600000000000000e+04,-4.502100000000000000e+04
-3.198400000000000000e+04,1.475400000000000000e+04,-2.214300000000000000e+04,-1.699000000000000000e+04,-4.402400000000000000e+04,-2.388900000000000000e+04,-1.204700000000000000e+04,-4.120700000000000000e+04
-2.297400000000000000e+04,-4.103000000000000000e+03,-1.782200000000000000e+04,-1.718100000000000000e+04,-2.893500000000000000e+04,-3.166000000000000000e+03,4.224000000000000000e+03,-2.776700000000000000e+04
-1.830500000000000000e+04,3.071500000000000000e+04,-2.348000000000000000e+04,-1.642000000000000000e+04,-3.585300000000000000e+04,-4.090500000000000000e+04,-2.229800000000000000e+04,-2.761100000000000000e+04
-2.296000000000000000e+03,-2.289100000000000000e+04,-1.611500000000000000e+04,-1.616900000000000000e+04,1.290400000000000000e+04,-2.523500000000000000e+04,-3.395800000000000000e+04,-2.971100000000000000e+04
-2.911500000000000000e+04,-1.295900000000000000e+04,-1.267000000000000000e+04,-1.115800000000000000e+04,-1.989500000000000000e+04,2.817000000000000000e+03,-1.911500000000000000e+04,-1.270700000000000000e+04
-2.470700000000000000e+04,-6.294000000000000000e+03,-1.550200000000000000e+04,-1.925500000000000000e+04,-1.806000000000000000e+04,-2.226000000000000000e+04,7.450000000000000000e+02,-2.646900000000000000e+04
-3.899600000000000000e+04,1.832300000000000000e+04,-2.296500000000000000e+04,-1.869700000000000000e+04,-5.044600000000000000e+04,-1.118600000000000000e+04,-2.539900000000000000e+04,-2.590300000000000000e+04
-3.817800000000000000e+04,-3.142600000000000000e+04,-1.694700000000000000e+04,-4.554100000000000000e+04,-2.964100000000000000e+04,-2.978400000000000000e+04,-1.613200000000000000e+04,1.953600000000000000e+04
-2.329900000000000000e+04,-1.105500000000000000e+04,9.006000000000000000e+03,-1.800500000000000000e+04,-1.881500000000000000e+04,-2.052900000000000000e+04,-2.387200000000000000e+04,4.224000000000000000e+03
-1.052800000000000000e+04,-1.776100000000000000e+04,-1.771100000000000000e+04,-1.104000000000000000e+03,-2.250000000000000000e+04,9.802000000000000000e+03,-2.666500000000000000e+04,-4.059800000000000000e+04
-4.457300000000000000e+04,-1.300700000000000000e+04,-1.497700000000000000e+04,-1.365700000000000000e+04,-3.192700000000000000e+04,-1.655900000000000000e+04,2.755200000000000000e+04,-2.384000000000000000e+04
-2.120800000000000000e+04,-1.127200000000000000e+04,-2.784100000000000000e+04,-2.675000000000000000e+03,-3.269400000000000000e+04,-2.941100000000000000e+04,1.501300000000000000e+04,-1.951500000000000000e+04
-4.239300000000000000e+04,-2.708600000000000000e+04,4.089000000000000000e+03,-3.422600000000000000e+04,-4.258200000000000000e+04,-3.684300000000000000e+04,-2.732400000000000000e+04,2.767000000000000000e+03
-2.120500000000000000e+04,-2.528800000000000000e+04,-2.422200000000000000e+04,-3.463100000000000000e+04,-2.015800000000000000e+04,-1.603600000000000000e+04,-1.792200000000000000e+04,1.753600000000000000e+04
-2.512400000000000000e+04,-2.683100000000000000e+04,-2.052100000000000000e+04,-3.334500000000000000e+04,-1.840600000000000000e+04,-2.617600000000000000e+04,-1.518800000000000000e+04,2.108200000000000000e+04
-1.007700000000000000e+04,-1.960600000000000000e+04,-1.891000000000000000e+04,-1.644600000000000000e+04,-3.033300000000000000e+04,3.179000000000000000e+04,-2.673400000000000000e+04,-4.789700000000000000e+04
-1.686700000000000000e+04,2.066900000000000000e+04,-2.364100000000000000e+04,-1.408900000000000000e+04,-4.529700000000000000e+04,-2.688900000000000000e+04,-1.902600000000000000e+04,-2.232900000000000000e+04
-1.065500000000000000e+04,-1.017700000000000000e+04,-1.350800000000000000e+04,7.110000000000000000e+02,-1.873300000000000000e+04,-1.491400000000000000e+04,-1.674100000000000000e+04,-1.482300000000000000e+04
-1.762700000000000000e+04,-2.127400000000000000e+04,-1.756700000000000000e+04,2.201000000000000000e+03,-2.165300000000000000e+04,1.999300000000000000e+04,-2.150600000000000000e+04,-3.324700000000000000e+04
-2.373200000000000000e+04,-1.471700000000000000e+04,-1.223900000000000000e+04,-1.193700000000000000e+04,-8.560000000000000000e+03,-2.346500000000000000e+04,-1.206000000000000000e+04,5.770000000000000000e+02
-3.124900000000000000e+04,-2.201900000000000000e+04,3.934000000000000000e+03,-3.169700000000000000e+04,-7.982000000000000000e+03,-3.786600000000000000e+04,8.750000000000000000e+02,-1.558700000000000000e+04
-2.450000000000000000e+03,-2.856800000000000000e+04,-1.726300000000000000e+04,-8.207000000000000000e+03,-1.581700000000000000e+04,1.027300000000000000e+04,-3.057600000000000000e+04,-6.303700000000000000e+04
-3.675000000000000000e+04,-1.893600000000000000e+04,-2.076700000000000000e+04,-6.979000000000000000e+03,-4.039300000000000000e+04,-1.128500000000000000e+04,1.815500000000000000e+04,-3.212300000000000000e+04
-2.244000000000000000e+03,-1.903600000000000000e+04,-2.519100000000000000e+04,-2.030000000000000000e+02,-2.503000000000000000e+04,-1.730000000000000000e+03,-3.655600000000000000e+04,-5.349800000000000000e+04
-1.733100000000000000e+04,-9.715000000000000000e+03,-4.658000000000000000e+03,-2.450200000000000000e+04,-1.652700000000000000e+04,-2.000700000000000000e+04,1.239900000000000000e+04,-1.600600000000000000e+04
-1.889900000000000000e+04,-1.333600000000000000e+04,-1.960800000000000000e+04,-4.369000000000000000e+03,-3.494900000000000000e+04,-9.302000000000000000e+03,-2.403800000000000000e+04,-6.103400000000000000e+04
4.104000000000000000e+03,-2.594500000000000000e+04,-1.018900000000000000e+04,-1.731200000000000000e+04,-5.873000000000000000e+03,3.251000000000000000e+03,-4.208400000000000000e+04,-5.216200000000000000e+04
-2.806000000000000000e+03,-1.664500000000000000e+04,-9.821000000000000000e+03,-1.896900000000000000e+04,1.783700000000000000e+04,-3.576000000000000000e+03,-1.732500000000000000e+04,-3.837600000000000000e+04
-1.184500000000000000e+04,-1.908800000000000000e+04,-1.385400000000000000e+04,-8.080000000000000000e+03,-1.890000000000000000e+02,-6.464000000000000000e+03,-2.205600000000000000e+04,-3.523800000000000000e+04
-5.253000000000000000e+03,-2.470500000000000000e+04,-2.332200000000000000e+04,-1.705200000000000000e+04,1.002200000000000000e+04,-8.406000000000000000e+03,-3.707000000000000000e+04,-2.589300000000000000e+04
-3.032000000000000000e+04,-1.474700000000000000e+04,-4.837000000000000000e+03,1.805400000000000000e+04,-1.348000000000000000e+04,-1.270700000000000000e+04,-1.020800000000000000e+04,-2.748400000000000000e+04
-1.018200000000000000e+04,-2.819900000000000000e+04,-7.899000000000000000e+03,-1.993000000000000000e+04,5.408000000000000000e+03,-1.961500000000000000e+04,-2.043300000000000000e+04,-2.815200000000000000e+04
-3.387000000000000000e+04,-3.295500000000000000e+04,-1.030400000000000000e+04,-2.520000000000000000e+04,-3.605500000000000000e+04,-3.516000000000000000e+04,-1.671500000000000000e+04,5.116000000000000000e+03
2.349000000000000000e+03,-1.481500000000000000e+04,-2.093300000000000000e+04,1.039600000000000000e+04,-4.408500000000000000e+04,-2.760000000000000000e+03,-3.133600000000000000e+04,-4.568800000000000000e+04
-4.580200000000000000e+04,-2.369900000000000000e+04,-3.671000000000000000e+04,-1.143600000000000000e+04,-3.281700000000000000e+04,-1.451400000000000000e+04,1.756900000000000000e+04,-2.710300000000000000e+04
-2.606800000000000000e+04,-2.367300000000000000e+04,-1.387400000000000000e+04,-3.115000000000000000e+03,-1.200900000000000000e+04,-1.138800000000000000e+04,4.707000000000000000e+03,-2.197100000000000000e+04
-7.285000000000000000e+03,-2.569600000000000000e+04,-1.928600000000000000e+04,9.900000000000000000e+01,-9.398000000000000000e+03,-7.972000000000000000e+03,-1.428900000000000000e+04,-1.479700000000000000e+04
-3.973500000000000000e+04,-3.640700000000000000e+04,-2.255500000000000000e+04,-4.835400000000000000e+04,-4.109300000000000000e+04,-3.068000000000000000e+04,-2.661200000000000000e+04,2.414400000000000000e+04
-2.873200000000000000e+04,-1.009900000000000000e+04,-7.967000000000000000e+03,-2.545400000000000000e+04,-1.637200000000000000e+04,-1.748900000000000000e+04,-5.404000000000000000e+03,-2.312700000000000000e+04
-2.021900000000000000e+04,1.408100000000000000e+04,-1.061900000000000000e+04,-3.504400000000000000e+04,-1.943900000000000000e+04,-1.095700000000000000e+04,-2.884900000000000000e+04,-3.419900000000000000e+04
-2.315700000000000000e+04,1.943800000000000000e+04,-2.585100000000000000e+04,-2.607200000000000000e+04,-6.559700000000000000e+04,-2.944700000000000000e+04,-2.049900000000000000e+04,-3.729300000000000000e+04
-2.400600000000000000e+04,-2.024700000000000000e+04,-1.482700000000000000e+04,-2.502500000000000000e+04,-1.732700000000000000e+04,-7.610000000000000000e+03,7.612000000000000000e+03,-1.733700000000000000e+04
-4.661000000000000000e+03,-2.217300000000000000e+04,-1.371200000000000000e+04,-3.171700000000000000e+04,1.177000000000000000e+04,-2.695900000000000000e+04,-2.395100000000000000e+04,-2.621400000000000000e+04
-2.280600000000000000e+04,-1.331900000000000000e+04,-1.152400000000000000e+04,-9.365000000000000000e+03,-2.472400000000000000e+04,-3.081100000000000000e+04,1.183900000000000000e+04,-2.010000000000000000e+04
-4.151000000000000000e+03,-2.434000000000000000e+04,-1.803800000000000000e+04,-6.572000000000000000e+03,-1.977800000000000000e+04,1.586800000000000000e+04,-2.657600000000000000e+04,-2.507800000000000000e+04
-4.297000000000000000e+04,-5.938000000000000000e+03,-1.678700000000000000e+04,-1.910000000000000000e+03,-5.072600000000000000e+04,1.090000000000000000e+02,-2.999700000000000000e+04,-3.801000000000000000e+04
-3.044100000000000000e+04,-1.759000000000000000e+04,8.505000000000000000e+03,2.475000000000000000e+03,-9.718000000000000000e+03,-3.491800000000000000e+04,-1.969000000000000000e+03,-3.072800000000000000e+04
-2.815400000000000000e+04,3.118100000000000000e+04,-2.562500000000000000e+04,-3.581900000000000000e+04,-4.487600000000000000e+04,-1.595300000000000000e+04,-2.689700000000000000e+04,-3.608900000000000000e+04
-2.313000000000000000e+04,-1.520300000000000000e+04,-1.955600000000000000e+04,1.005300000000000000e+04,-1.150300000000000000e+04,-1.691500000000000000e+04,-1.577700000000000000e+04,-4.136200000000000000e+04
-1.919400000000000000e+04,-1.291800000000000000e+04,-4.212900000000000000e+04,3.410000000000000000e+02,-3.197200000000000000e+04,1.442800000000000000e+04,-2.116900000000000000e+04,-2.177900000000000000e+04
-7.955000000000000000e+03,-1.728600000000000000e+04,-2.935600000000000000e+04,-4.261000000000000000e+03,-1.242500000000000000e+04,-5.970000000000000000e+02,-1.344500000000000000e+04,-1.352000000000000000e+04
2.550000000000000000e+02,-1.524700000000000000e+04,-1.731300000000000000e+04,-1.948500000000000000e+04,1.930000000000000000e+03,-2.347200000000000000e+04,-2.977800000000000000e+04,-2.099000000000000000e+04
-1.592600000000000000e+04,1.344300000000000000e+04,-1.559500000000000000e+04,-2.622800000000000000e+04,-4.021800000000000000e+04,-1.863100000000000000e+04,-1.940200000000000000e+04,-3.798400000000000000e+04
-3.954000000000000000e+04,-1.990500000000000000e+04,-6.251000000000000000e+03,-2.582200000000000000e+04,-3.094600000000000000e+04,-3.638600000000000000e+04,-2.706200000000000000e+04,1.065800000000000000e+04
-2.915900000000000000e+04,-3.078100000000000000e+04,-1.403900000000000000e+04,1.572000000000000000e+03,-6.776000000000000000e+03,-2.822300000000000000e+04,-1.960200000000000000e+04,-2.077200000000000000e+04
-4.443700000000000000e+04,-2.512500000000000000e+04,-2.038000000000000000e+03,-3.283600000000000000e+04,-1.411100000000000000e+04,-5.453700000000000000e+04,-3.178500000000000000e+04,1.531000000000000000e+03
-2.440000000000000000e+03,1.753500000000000000e+04,-2.149300000000000000e+04,-1.508400000000000000e+04,-3.159700000000000000e+04,-2.812000000000000000e+04,-2.129700000000000000e+04,-2.886100000000000000e+04
-6.239000000000000000e+03,9.464000000000000000e+03,-2.071800000000000000e+04,-2.389000000000000000e+04,-3.387700000000000000e+04,-1.335800000000000000e+04,-1.346900000000000000e+04,-1.897700000000000000e+04
-3.119900000000000000e+04,-1.792700000000000000e+04,-1.956500000000000000e+04,-5.858000000000000000e+03,-6.878000000000000000e+03,-2.240700000000000000e+04,2.656700000000000000e+04,-1.891400000000000000e+04
-2.398600000000000000e+04,-6.051000000000000000e+03,-9.407000000000000000e+03,7.810000000000000000e+03,-3.692000000000000000e+04,-1.302000000000000000e+04,-1.608000000000000000e+03,-4.117400000000000000e+04
-3.869000000000000000e+03,-1.293600000000000000e+04,-1.581800000000000000e+04,-1.332000000000000000e+03,-3.531300000000000000e+04,1.639600000000000000e+04,-2.628400000000000000e+04,-5.201300000000000000e+04
-4.183000000000000000e+03,-1.507900000000000000e+04,-1.433200000000000000e+04,4.292000000000000000e+03,-2.425300000000000000e+04,-2.428400000000000000e+04,-4.502000000000000000e+03,-2.262000000000000000e+04
-2.265500000000000000e+04,-1.076700000000000000e+04,-2.730000000000000000e+04,-4.145500000000000000e+04,-2.274100000000000000e+04,-1.998600000000000000e+04,-1.799400000000000000e+04,1.620300000000000000e+04
-1.193700000000000000e+04,-1.268600000000000000e+04,-2.021900000000000000e+04,6.800000000000000000e+02,-3.607300000000000000e+04,1.144900000000000000e+04,-2.468500000000000000e+04,-4.354600000000000000e+04
-2.176800000000000000e+04,-1.295500000000000000e+04,-1.192200000000000000e+04,-2.165000000000000000e+03,-1.155300000000000000e+04,-1.274000000000000000e+03,-1.229000000000000000e+03,-4.049500000000000000e+04
-2.444600000000000000e+04,-1.749800000000000000e+04,-4.300000000000000000e+03,-2.668000000000000000e+04,-1.867300000000000000e+04,-2.237700000000000000e+04,1.673400000000000000e+04,-3.537200000000000000e+04
-3.305000000000000000e+03,-1.996500000000000000e+04,-2.710900000000000000e+04,9.490000000000000000e+02,-1.740600000000000000e+04,3.433000000000000000e+03,-3.293000000000000000e+04,-2.935400000000000000e+04
-2.326800000000000000e+04,-1.217900000000000000e+04,-2.399800000000000000e+04,-5.385000000000000000e+03,-2.505300000000000000e+04,-2.029600000000000000e+04,9.606000000000000000e+03,-1.851600000000000000e+04
-2.172300000000000000e+04,-2.240000000000000000e+04,-1.634500000000000000e+04,-2.981200000000000000e+04,-1.695000000000000000e+04,-1.995900000000000000e+04,1.227700000000000000e+04,-2.999600000000000000e+04
-3.170200000000000000e+04,3.377800000000000000e+04,-2.162800000000000000e+04,-1.814700000000000000e+04,-5.774900000000000000e+04,-1.270800000000000000e+04,-2.353000000000000000e+04,-3.667300000000000000e+04
-3.300000000000000000e+04,-7.955000000000000000e+03,-9.319000000000000000e+03,-1.199800000000000000e+04,-3.098100000000000000e+04,-1.267600000000000000e+04,-2.845000000000000000e+03,-3.357600000000000000e+04
-2.004000000000000000e+03,-1.379900000000000000e+04,-1.336300000000000000e+04,6.013000000000000000e+03,-5.243000000000000000e+03,-1.217800000000000000e+04,-1.062500000000000000e+04,-2.153500000000000000e+04
-1.444100000000000000e+04,-2.503000000000000000e+04,-2.206600000000000000e+04,6.575000000000000000e+03,-9.656000000000000000e+03,-5.797000000000000000e+03,-1.776300000000000000e+04,-2.536700000000000000e+04
-2.869100000000000000e+04,-2.689200000000000000e+04,-1.720900000000000000e+04,-1.657200000000000000e+04,-1.519400000000000000e+04,-1.467400000000000000e+04,-1.593900000000000000e+04,-2.721000000000000000e+03
-1.144000000000000000e+04,1.021400000000000000e+04,-1.879000000000000000e+04,-2.033300000000000000e+04,-2.968100000000000000e+04,-7.733000000000000000e+03,-3.494000000000000000e+03,-2.405800000000000000e+04
-1.710900000000000000e+04,-2.743000000000000000e+03,-2.533200000000000000e+04,-5.059000000000000000e+03,-3.670800000000000000e+04,-9.445000000000000000e+03,-1.503600000000000000e+04,-3.810100000000000000e+04
-3.115200000000000000e+04,3.171000000000000000e+03,-1.230100000000000000e+04,-1.522500000000000000e+04,-4.179000000000000000e+04,-1.648500000000000000e+04,6.848000000000000000e+03,-3.653200000000000000e+04
-2.506000000000000000e+04,-1.571400000000000000e+04,-1.279100000000000000e+04,-2.492700000000000000e+04,-4.586600000000000000e+04,-1.700100000000000000e+04,2.359300000000000000e+04,-1.897000000000000000e+04
-1.058100000000000000e+04,-7.601000000000000000e+03,-2.491400000000000000e+04,-4.211000000000000000e+03,-3.092100000000000000e+04,1.668000000000000000e+03,-3.239200000000000000e+04,-3.077000000000000000e+04
-5.950000000000000000e+02,-2.916200000000000000e+04,-1.858400000000000000e+04,-2.177300000000000000e+04,3.373000000000000000e+03,-2.078500000000000000e+04,-9.592000000000000000e+03,-3.234600000000000000e+04
-1.467800000000000000e+04,-1.196100000000000000e+04,-1.700000000000000000e+03,6.968000000000000000e+03,-2.422200000000000000e+04,-3.207000000000000000e+03,-1.971100000000000000e+04,-1.995200000000000000e+04
-4.208100000000000000e+04,-2.770700000000000000e+04,-2.274200000000000000e+04,-4.845600000000000000e+04,-3.820900000000000000e+04,-4.679400000000000000e+04,-3.102100000000000000e+04,2.733000000000000000e+04
-3.246600000000000000e+04,-3.178300000000000000e+04,-6.988000000000000000e+03,-2.804000000000000000e+04,-2.939000000000000000e+03,-2.936600000000000000e+04,-2.860500000000000000e+04,4.544000000000000000e+03
-2.940200000000000000e+04,9.057000000000000000e+03,-2.534800000000000000e+04,-2.267500000000000000e+04,-2.761200000000000000e+04,-9.434000000000000000e+03,-2.352900000000000000e+04,-1.053500000000000000e+04
-1.425800000000000000e+04,-2.223900000000000000e+04,-1.793200000000000000e+04,-3.567000000000000000e+03,-1.969200000000000000e+04,1.578600000000000000e+04,-2.263600000000000000e+04,-1.940100000000000000e+04
-8.347000000000000000e+03,-3.051700000000000000e+04,-1.382100000000000000e+04,1.157400000000000000e+04,-1.431000000000000000e+03,-3.689000000000000000e+03,-9.033000000000000000e+03,-4.857500000000000000e+04
-2.423200000000000000e+04,-3.819000000000000000e+03,-2.022600000000000000e+04,1.103500000000000000e+04,-2.536000000000000000e+04,-8.957000000000000000e+03,-7.328000000000000000e+03,-4.943800000000000000e+04
-2.864600000000000000e+04,1.762900000000000000e+04,-1.611900000000000000e+04,-2.382100000000000000e+04,-4.091400000000000000e+04,-1.365400000000000000e+04,-8.892000000000000000e+03,-4.304400000000000000e+04
7.303000000000000000e+03,-2.026400000000000000e+04,-2.328700000000000000e+04,-1.177500000000000000e+04,-1.051500000000000000e+04,2.186000000000000000e+03,-2.094500000000000000e+04,-2.212000000000000000e+04
-1.619600000000000000e+04,-2.828300000000000000e+04,-1.819200000000000000e+04,-6.023000000000000000e+03,-1.854700000000000000e+04,-1.326400000000000000e+04,2.532000000000000000e+03,-2.789500000000000000e+04
-3.081400000000000000e+04,5.988000000000000000e+03,-1.905600000000000000e+04,-1.403200000000000000e+04,-4.373400000000000000e+04,7.500000000000000000e+03,-2.523100000000000000e+04,-1.738800000000000000e+04
-2.946900000000000000e+04,-2.179800000000000000e+04,-1.547400000000000000e+04,3.520000000000000000e+03,-2.316100000000000000e+04,-1.712000000000000000e+03,-1.300700000000000000e+04,-3.827600000000000000e+04
-2.924100000000000000e+04,2.331800000000000000e+04,-1.916000000000000000e+04,-4.100500000000000000e+04,-5.102200000000000000e+04,-7.529000000000000000e+03,-2.609300000000000000e+04,-2.045700000000000000e+04
-3.123900000000000000e+04,-7.083000000000000000e+03,-1.552400000000000000e+04,2.320000000000000000e+02,-3.029300000000000000e+04,-1.304600000000000000e+04,-4.297000000000000000e+03,-2.978300000000000000e+04
-5.070200000000000000e+04,-3.196800000000000000e+04,-9.388000000000000000e+03,-4.296900000000000000e+04,-2.840500000000000000e+04,-3.567100000000000000e+04,-3.289200000000000000e+04,1.028100000000000000e+04
-1.488000000000000000e+04,-1.956000000000000000e+04,-2.376900000000000000e+04,-2.919400000000000000e+04,-2.853000000000000000e+04,-3.182800000000000000e+04,2.129900000000000000e+04,-2.384000000000000000e+04
-1.477300000000000000e+04,-1.663200000000000000e+04,-1.955700000000000000e+04,8.424000000000000000e+03,-1.211300000000000000e+04,1.999000000000000000e+03,-2.198500000000000000e+04,-3.828100000000000000e+04
-2.674300000000000000e+04,-3.873000000000000000e+03,-2.066400000000000000e+04,-1.959400000000000000e+04,-4.553100000000000000e+04,-1.339200000000000000e+04,2.174000000000000000e+04,-3.668300000000000000e+04
-1.318500000000000000e+04,-1.421800000000000000e+04,-1.123500000000000000e+04,-2.379600000000000000e+04,-2.064200000000000000e+04,-4.307000000000000000e+03,-2.458100000000000000e+04,1.605500000000000000e+04
-7.914000000000000000e+03,-5.624000000000000000e+03,-1.578900000000000000e+04,1.519000000000000000e+03,-3.224000000000000000e+04,-2.040000000000000000e+02,-1.059700000000000000e+04,-6.014200000000000000e+04
-3.167400000000000000e+04,-4.972000000000000000e+03,-1.503000000000000000e+04,-1.235400000000000000e+04,-1.970700000000000000e+04,-1.043000000000000000e+04,1.089600000000000000e+04,-2.952600000000000000e+04
-8.183000000000000000e+03,5.193000000000000000e+03,-2.353100000000000000e+04,-3.067900000000000000e+04,-3.425700000000000000e+04,-3.400000000000000000e+02,-3.460400000000000000e+04,-1.595900000000000000e+04
-8.389000000000000000e+03,-2.180900000000000000e+04,-1.646000000000000000e+04,-4.897000000000000000e+03,-4.765000000000000000e+03,-2.066700000000000000e+04,-1.683900000000000000e+04,-1.502900000000000000e+04
8.865000000000000000e+03,-1.406100000000000000e+04,-1.431800000000000000e+04,-1.424600000000000000e+04,-3.225000000000000000e+03,-2.060800000000000000e+04,-2.185200000000000000e+04,-2.578000000000000000e+04
-2.159800000000000000e+04,-1.054300000000000000e+04,-1.172200000000000000e+04,-1.588600000000000000e+04,-3.009700000000000000e+04,-1.111900000000000000e+04,-4.677000000000000000e+03,-3.756800000000000000e+04
-2.473700000000000000e+04,-8.220000000000000000e+03,-1.195700000000000000e+04,1.542600000000000000e+04,-4.351700000000000000e+04,-1.519800000000000000e+04,-2.141200000000000000e+04,-4.962700000000000000e+04
-3.215400000000000000e+04,3.109200000000000000e+04,-2.133700000000000000e+04,-1.935400000000000000e+04,-5.535700000000000000e+04,-2.856800000000000000e+04,-1.708300000000000000e+04,-4.385900000000000000e+04
-1.787300000000000000e+04,-1.311600000000000000e+04,5.949000000000000000e+03,-2.640200000000000000e+04,-1.656600000000000000e+04,-3.857100000000000000e+04,-1.493700000000000000e+04,-8.137000000000000000e+03
-3.229100000000000000e+04,-8.943000000000000000e+03,-1.739700000000000000e+04,-2.865500000000000000e+04,-3.761300000000000000e+04,-1.384200000000000000e+04,1.793100000000000000e+04,-3.994900000000000000e+04
-2.756600000000000000e+04,-1.141600000000000000e+04,-1.702800000000000000e+04,-9.007000000000000000e+03,-3.332400000000000000e+04,-1.661800000000000000e+04,1.238000000000000000e+04,-2.255700000000000000e+04
-3.457500000000000000e+04,-2.042300000000000000e+04,-7.196000000000000000e+03,-6.622000000000000000e+03,-2.082000000000000000e+04,-1.195600000000000000e+04,7.987000000000000000e+03,-2.941500000000000000e+04
-2.276400000000000000e+04,-2.050200000000000000e+04,-1.300800000000000000e+04,1.445000000000000000e+03,-2.576600000000000000e+04,-9.506000000000000000e+03,-3.936000000000000000e+03,-4.026200000000000000e+04
-1.597500000000000000e+04,1.541300000000000000e+04,-1.709100000000000000e+04,-1.598800000000000000e+04,-3.905900000000000000e+04,-1.735400000000000000e+04,-7.974000000000000000e+03,-3.688600000000000000e+04
-2.178000000000000000e+04,-2.215700000000000000e+04,-9.466000000000000000e+03,-4.017000000000000000e+04,-1.588500000000000000e+04,-3.225900000000000000e+04,-2.739700000000000000e+04,1.846600000000000000e+04
-6.531000000000000000e+03,6.270000000000000000e+02,-1.085600000000000000e+04,-3.573500000000000000e+04,-1.053400000000000000e+04,-9.160000000000000000e+02,-3.185000000000000000e+04,-8.463000000000000000e+03
-2.161000000000000000e+04,-1.912000000000000000e+04,-1.743600000000000000e+04,-3.308400000000000000e+04,-2.319900000000000000e+04,-2.018200000000000000e+04,9.674000000000000000e+03,-1.977200000000000000e+04
-1.778800000000000000e+04,-2.216200000000000000e+04,-1.593000000000000000e+04,-3.486400000000000000e+04,-1.463900000000000000e+04,-2.425000000000000000e+04,1.680200000000000000e+04,-1.653500000000000000e+04
-1.936000000000000000e+04,-2.197700000000000000e+04,-1.652400000000000000e+04,-2.435000000000000000e+03,-1.982200000000000000e+04,-4.684000000000000000e+03,-1.542200000000000000e+04,-2.679600000000000000e+04
-1.860500000000000000e+04,1.579500000000000000e+04,-1.256100000000000000e+04,-2.576800000000000000e+04,-3.982900000000000000e+04,-1.850300000000000000e+04,-4.235000000000000000e+03,-1.718800000000000000e+04
-1.921500000000000000e+04,-1.915400000000000000e+04,-1.271000000000000000e+04,-1.252600000000000000e+04,6.850000000000000000e+03,-2.405800000000000000e+04,-2.773900000000000000e+04,9.650000000000000000e+02
-4.308500000000000000e+04,-2.271200000000000000e+04,-8.693000000000000000e+03,-3.431400000000000000e+04,-3.187400000000000000e+04,-3.701100000000000000e+04,-2.354700000000000000e+04,9.119000000000000000e+03
-2.146200000000000000e+04,-1.096500000000000000e+04,-1.311600000000000000e+04,-1.633500000000000000e+04,-3.459300000000000000e+04,-3.701000000000000000e+03,-2.546000000000000000e+03,-2.990100000000000000e+04
-1.704000000000000000e+04,-1.501800000000000000e+04,-2.185300000000000000e+04,5.159000000000000000e+03,-1.193400000000000000e+04,-6.853000000000000000e+03,-1.983000000000000000e+04,-3.532400000000000000e+04
-1.199900000000000000e+04,5.730000000000000000e+03,-2.699400000000000000e+04,-1.498000000000000000e+04,-2.917400000000000000e+04,-1.799800000000000000e+04,-2.639200000000000000e+04,-3.380700000000000000e+04
-1.947000000000000000e+03,-1.397600000000000000e+04,-3.993000000000000000e+03,-4.191000000000000000e+03,2.750000000000000000e+02,-9.441000000000000000e+03,-3.433100000000000000e+04,-2.747200000000000000e+04
1.037100000000000000e+04,-1.809900000000000000e+04,-5.148000000000000000e+03,-3.688000000000000000e+03,-1.278900000000000000e+04,-2.027900000000000000e+04,-3.617700000000000000e+04,-4.706400000000000000e+04
-4.975000000000000000e+03,-1.384600000000000000e+04,-1.487900000000000000e+04,-4.127000000000000000e+03,-3.565400000000000000e+04,-2.513000000000000000e+03,-2.438700000000000000e+04,-3.109800000000000000e+04
-2.991600000000000000e+04,-1.385500000000000000e+04,-1.370900000000000000e+04,8.570000000000000000e+02,-1.121000000000000000e+04,-6.366000000000000000e+03,-5.773000000000000000e+03,-2.579300000000000000e+04
-3.286000000000000000e+04,4.693000000000000000e+03,-2.898800000000000000e+04,-8.367000000000000000e+03,-3.747700000000000000e+04,3.300000000000000000e+01,-2.180300000000000000e+04,-7.864000000000000000e+03
-1.156600000000000000e+04,-2.129000000000000000e+04,-1.462400000000000000e+04,-8.160000000000000000e+02,-9.111000000000000000e+03,-1.270700000000000000e+04,-2.337900000000000000e+04,-2.169900000000000000e+04
-3.617300000000000000e+04,-2.049100000000000000e+04,-8.846000000000000000e+03,-2.393700000000000000e+04,-2.726100000000000000e+04,-2.683900000000000000e+04,-7.661000000000000000e+03,-3.760000000000000000e+03
-8.453000000000000000e+03,-2.199700000000000000e+04,-1.934000000000000000e+04,-4.947000000000000000e+03,1.512600000000000000e+04,-1.480900000000000000e+04,-3.341100000000000000e+04,-3.128900000000000000e+04
-2.500300000000000000e+04,-3.187900000000000000e+04,-1.300800000000000000e+04,-2.624100000000000000e+04,1.274600000000000000e+04,-1.959500000000000000e+04,-2.413900000000000000e+04,-3.622900000000000000e+04
-5.256000000000000000e+04,-2.460100000000000000e+04,-1.348000000000000000e+03,4.688000000000000000e+03,-2.584200000000000000e+04,-2.205100000000000000e+04,-1.446000000000000000e+03,-2.067400000000000000e+04
-8.405000000000000000e+03,-2.719600000000000000e+04,-2.203700000000000000e+04,-1.332600000000000000e+04,-9.740000000000000000e+02,-1.153500000000000000e+04,-2.321200000000000000e+04,-4.144800000000000000e+04
-2.175500000000000000e+04,-2.081000000000000000e+04,-2.123000000000000000e+03,1.500200000000000000e+04,-2.142600000000000000e+04,-3.930000000000000000e+03,-2.338100000000000000e+04,-4.262300000000000000e+04
-1.342100000000000000e+04,7.566000000000000000e+03,-1.260900000000000000e+04,-1.536200000000000000e+04,-3.174800000000000000e+04,-2.801500000000000000e+04,-1.254100000000000000e+04,-3.252700000000000000e+04
-1.708800000000000000e+04,2.181400000000000000e+04,-1.214100000000000000e+04,-1.988900000000000000e+04,-3.038900000000000000e+04,-2.518200000000000000e+04,-3.365700000000000000e+04,-3.327000000000000000e+04
-7.090000000000000000e+03,8.087000000000000000e+03,-1.345300000000000000e+04,3.199000000000000000e+03,-3.528700000000000000e+04,-1.539600000000000000e+04,-5.695000000000000000e+03,-4.322000000000000000e+04
-2.772100000000000000e+04,3.299600000000000000e+04,-2.499600000000000000e+04,-1.842800000000000000e+04,-5.935400000000000000e+04,-2.213600000000000000e+04,-3.786700000000000000e+04,-3.639100000000000000e+04
-1.416200000000000000e+04,-2.711100000000000000e+04,-1.913000000000000000e+04,-2.851500000000000000e+04,-2.283400000000000000e+04,-1.641900000000000000e+04,1.106900000000000000e+04,-2.465900000000000000e+04
-2.974800000000000000e+04,-9.429000000000000000e+03,-1.634800000000000000e+04,-2.154900000000000000e+04,-2.214000000000000000e+04,-3.965300000000000000e+04,1.964500000000000000e+04,-3.158600000000000000e+04
-2.625500000000000000e+04,-1.794600000000000000e+04,-1.694400000000000000e+04,-2.404600000000000000e+04,-1.423200000000000000e+04,-7.931000000000000000e+03,1.539900000000000000e+04,-2.208500000000000000e+04
-2.980100000000000000e+04,-2.842300000000000000e+04,-2.023100000000000000e+04,-4.151800000000000000e+04,-3.125600000000000000e+04,-2.957200000000000000e+04,-2.783200000000000000e+04,2.517100000000000000e+04
-1.366000000000000000e+04,-6.270000000000000000e+02,-2.378600000000000000e+04,2.316000000000000000e+03,-2.053300000000000000e+04,-1.773200000000000000e+04,-1.887700000000000000e+04,-2.118900000000000000e+04
-4.134100000000000000e+04,-1.855300000000000000e+04,2.554300000000000000e+04,-1.146300000000000000e+04,-1.615600000000000000e+04,-3.435500000000000000e+04,-1.502300000000000000e+04,-3.150300000000000000e+04
-2.262300000000000000e+04,-1.744600000000000000e+04,-2.021400000000000000e+04,-2.448700000000000000e+04,-1.420200000000000000e+04,-2.598900000000000000e+04,-1.875200000000000000e+04,1.376500000000000000e+04
-3.216700000000000000e+04,-2.946000000000000000e+04,-2.811000000000000000e+03,-1.036200000000000000e+04,-1.008800000000000000e+04,-1.820100000000000000e+04,-2.845000000000000000e+03,-3.920400000000000000e+04
1.097200000000000000e+04,-3.348600000000000000e+04,-1.434600000000000000e+04,-5.665000000000000000e+03,-4.481000000000000000e+03,1.150000000000000000e+03,-2.857400000000000000e+04,-4.549600000000000000e+04
9.558000000000000000e+03,-2.322400000000000000e+04,-1.158000000000000000e+04,-1.068200000000000000e+04,-9.155000000000000000e+03,-6.140000000000000000e+02,-3.657600000000000000e+04,-4.994800000000000000e+04
-2.402900000000000000e+04,-1.489200000000000000e+04,-1.087000000000000000e+04,-1.490000000000000000e+04,-1.713600000000000000e+04,-1.982800000000000000e+04,6.670000000000000000e+03,-1.688400000000000000e+04
-1.411600000000000000e+04,1.391200000000000000e+04,-9.776000000000000000e+03,-1.838600000000000000e+04,-3.293700000000000000e+04,-2.400800000000000000e+04,-1.595200000000000000e+04,-4.360500000000000000e+04
-2.436500000000000000e+04,2.635100000000000000e+04,-2.599000000000000000e+04,-2.160500000000000000e+04,-5.038500000000000000e+04,-1.747700000000000000e+04,-3.312500000000000000e+04,-3.933400000000000000e+04
-1.679100000000000000e+04,-2.981100000000000000e+04,-1.770200000000000000e+04,-2.142400000000000000e+04,-3.036600000000000000e+04,-1.985500000000000000e+04,1.351400000000000000e+04,-1.829900000000000000e+04
-3.185700000000000000e+04,-1.682300000000000000e+04,-2.307300000000000000e+04,-4.213400000000000000e+04,-2.386200000000000000e+04,-3.003800000000000000e+04,-1.911800000000000000e+04,2.526200000000000000e+04
-2.427300000000000000e+04,-2.154900000000000000e+04,3.773000000000000000e+03,-1.742000000000000000e+04,-5.393000000000000000e+03,-2.520100000000000000e+04,-2.500000000000000000e+01,-2.266000000000000000e+04
-3.177000000000000000e+04,1.427000000000000000e+03,-2.491700000000000000e+04,-1.301700000000000000e+04,-4.428400000000000000e+04,-6.314000000000000000e+03,2.261000000000000000e+03,-3.420000000000000000e+04
5.781000000000000000e+03,-1.935900000000000000e+04,-2.068700000000000000e+04,-9.624000000000000000e+03,-6.500000000000000000e+02,-2.114100000000000000e+04,-2.544700000000000000e+04,-3.355500000000000000e+04
-1.486900000000000000e+04,1.143300000000000000e+04,-1.953700000000000000e+04,-7.868000000000000000e+03,-3.868800000000000000e+04,-1.856100000000000000e+04,-6.729000000000000000e+03,-4.052700000000000000e+04
-3.495700000000000000e+04,-1.776000000000000000e+04,-1.598400000000000000e+04,-1.974500000000000000e+04,-1.221600000000000000e+04,1.567600000000000000e+04,-2.011000000000000000e+03,-1.741600000000000000e+04
-2.436800000000000000e+04,-1.947200000000000000e+04,-1.128500000000000000e+04,-1.747000000000000000e+04,-2.018000000000000000e+04,-4.754000000000000000e+03,8.269000000000000000e+03,-1.151200000000000000e+04
-8.328000000000000000e+03,4.819000000000000000e+03,-2.997300000000000000e+04,-2.598000000000000000e+04,-3.986300000000000000e+04,-2.571400000000000000e+04,-2.203500000000000000e+04,-3.015300000000000000e+04
-2.881100000000000000e+04,2.941400000000000000e+04,-3.048800000000000000e+04,-2.503000000000000000e+04,-4.308200000000000000e+04,-1.750400000000000000e+04,-2.544000000000000000e+04,-2.675900000000000000e+04
-4.880000000000000000e+03,-2.048300000000000000e+04,-1.099100000000000000e+04,6.168000000000000000e+03,-3.551700000000000000e+04,-4.815000000000000000e+03,-3.324600000000000000e+04,-4.361700000000000000e+04
-1.768300000000000000e+04,-8.235000000000000000e+03,-1.169100000000000000e+04,-3.328500000000000000e+04,-2.607900000000000000e+04,-3.333200000000000000e+04,-1.880200000000000000e+04,6.008000000000000000e+03
-3.275200000000000000e+04,-2.291600000000000000e+04,-2.338600000000000000e+04,-5.047000000000000000e+04,-3.266800000000000000e+04,-2.122600000000000000e+04,-2.735700000000000000e+04,1.466000000000000000e+04
-1.753000000000000000e+04,-1.586300000000000000e+04,-6.295000000000000000e+03,1.513000000000000000e+03,-2.395000000000000000e+03,-5.209000000000000000e+03,-1.178500000000000000e+04,-2.869000000000000000e+04
-2.799700000000000000e+04,1.632700000000000000e+04,-2.085900000000000000e+04,-2.717600000000000000e+04,-4.657600000000000000e+04,-1.075900000000000000e+04,-5.030000000000000000e+03,-4.714500000000000000e+04
-3.346800000000000000e+04,-4.055000000000000000e+03,-1.214100000000000000e+04,-2.125200000000000000e+04,-3.303100000000000000e+04,-2.186000000000000000e+04,3.197800000000000000e+04,-3.575600000000000000e+04
-3.023000000000000000e+04,-8.015000000000000000e+03,-1.771000000000000000e+03,1.718000000000000000e+03,-3.227200000000000000e+04,-2.262300000000000000e+04,-3.831000000000000000e+03,-4.071500000000000000e+04
-2.190700000000000000e+04,-2.064200000000000000e+04,-1.651000000000000000e+04,-3.383600000000000000e+04,-2.334200000000000000e+04,-1.910000000000000000e+04,2.464600000000000000e+04,-1.930700000000000000e+04
-3.054400000000000000e+04,-2.410400000000000000e+04,-3.005000000000000000e+03,-2.573100000000000000e+04,-2.478800000000000000e+04,-2.008400000000000000e+04,7.410000000000000000e+03,-2.068600000000000000e+04
-1.668300000000000000e+04,-7.914000000000000000e+03,-2.172300000000000000e+04,4.242000000000000000e+03,-1.626600000000000000e+04,-1.770200000000000000e+04,-1.274800000000000000e+04,-3.396300000000000000e+04
-2.240600000000000000e+04,-1.633300000000000000e+04,-1.687300000000000000e+04,-2.630800000000000000e+04,-1.645900000000000000e+04,-4.456000000000000000e+04,-2.081300000000000000e+04,1.554300000000000000e+04
-2.729000000000000000e+04,-2.484800000000000000e+04,-6.253000000000000000e+03,-1.611000000000000000e+04,-2.650100000000000000e+04,-3.831400000000000000e+04,-1.044900000000000000e+04,1.367000000000000000e+03
-4.810600000000000000e+04,-2.312400000000000000e+04,-8.938000000000000000e+03,5.606000000000000000e+03,-3.267300000000000000e+04,-2.163900000000000000e+04,9.251000000000000000e+03,-3.888100000000000000e+04
-3.120800000000000000e+04,-1.046000000000000000e+04,-1.640200000000000000e+04,-2.804000000000000000e+03,-3.048400000000000000e+04,-1.008300000000000000e+04,1.966100000000000000e+04,-3.575800000000000000e+04
-3.032200000000000000e+04,-1.939900000000000000e+04,-1.304800000000000000e+04,-2.314000000000000000e+03,-3.607000000000000000e+03,-9.642000000000000000e+03,-1.473400000000000000e+04,-2.931600000000000000e+04
2.380000000000000000e+02,-2.987100000000000000e+04,-1.276700000000000000e+04,-1.558100000000000000e+04,7.982000000000000000e+03,-1.384700000000000000e+04,-2.625300000000000000e+04,-3.794800000000000000e+04
-2.239200000000000000e+04,1.927200000000000000e+04,-3.202000000000000000e+04,-2.014000000000000000e+03,-5.395100000000000000e+04,-3.380600000000000000e+04,-2.188300000000000000e+04,-3.243500000000000000e+04
-3.251900000000000000e+04,-1.552900000000000000e+04,-2.100300000000000000e+04,-3.394800000000000000e+04,-3.376400000000000000e+04,-1.777300000000000000e+04,1.078400000000000000e+04,-2.303400000000000000e+04
-7.240000000000000000e+02,-2.410200000000000000e+04,-1.596100000000000000e+04,-1.546900000000000000e+04,-1.724200000000000000e+04,-5.275000000000000000e+03,-2.692100000000000000e+04,-3.617900000000000000e+04
-1.579700000000000000e+04,-3.358600000000000000e+04,-1.351200000000000000e+04,-2.564200000000000000e+04,2.518000000000000000e+03,-2.192500000000000000e+04,-1.964000000000000000e+04,-1.023900000000000000e+04
-1.545000000000000000e+03,-1.757100000000000000e+04,-1.546500000000000000e+04,-8.426000000000000000e+03,6.496000000000000000e+03,-7.071000000000000000e+03,-1.679500000000000000e+04,-2.700400000000000000e+04
-1.577100000000000000e+04,-1.927700000000000000e+04,-2.799900000000000000e+04,-5.440000000000000000e+02,-2.576800000000000000e+04,1.268400000000000000e+04,-1.646600000000000000e+04,-4.408900000000000000e+04
-2.256200000000000000e+04,-2.155900000000000000e+04,-3.413900000000000000e+04,-1.210100000000000000e+04,-2.275600000000000000e+04,-1.293000000000000000e+04,-3.700000000000000000e+01,-8.607000000000000000e+03
4.920000000000000000e+02,-1.703200000000000000e+04,-1.906100000000000000e+04,-4.651000000000000000e+03,-7.357000000000000000e+03,-5.551000000000000000e+03,-2.680900000000000000e+04,-3.579400000000000000e+04
2.065000000000000000e+04,-1.034200000000000000e+04,-1.598600000000000000e+04,-1.927500000000000000e+04,-3.412500000000000000e+04,-1.220200000000000000e+04,-3.661900000000000000e+04,-5.125900000000000000e+04
-3.672300000000000000e+04,-3.604600000000000000e+04,-1.547700000000000000e+04,-4.752500000000000000e+04,-3.482200000000000000e+04,-4.601300000000000000e+04,-3.052200000000000000e+04,1.112300000000000000e+04
-3.889900000000000000e+04,1.989600000000000000e+04,-1.919300000000000000e+04,-4.073500000000000000e+04,-5.227400000000000000e+04,-9.251000000000000000e+03,-2.055000000000000000e+04,-4.506800000000000000e+04
-1.939700000000000000e+04,-2.339500000000000000e+04,-1.292400000000000000e+04,1.305000000000000000e+03,-2.857300000000000000e+04,-7.396000000000000000e+03,-2.327000000000000000e+04,-3.549600000000000000e+04
-1.002400000000000000e+04,-2.345500000000000000e+04,-2.133200000000000000e+04,-2.257200000000000000e+04,1.821100000000000000e+04,-1.318500000000000000e+04,-2.239800000000000000e+04,-2.835900000000000000e+04
-1.327300000000000000e+04,-1.653400000000000000e+04,-1.477000000000000000e+04,-2.299900000000000000e+04,1.018800000000000000e+04,-3.068800000000000000e+04,-2.234000000000000000e+03,-9.959000000000000000e+03
-3.507000000000000000e+03,-2.668600000000000000e+04,-1.897100000000000000e+04,-1.710200000000000000e+04,4.833000000000000000e+03,-8.905000000000000000e+03,-2.862300000000000000e+04,-3.097700000000000000e+04
-2.464800000000000000e+04,-1.216700000000000000e+04,4.901000000000000000e+03,-1.414800000000000000e+04,-1.659600000000000000e+04,-2.379800000000000000e+04,-5.380000000000000000e+03,-2.423000000000000000e+04
-2.024400000000000000e+04,-1.465700000000000000e+04,-2.761100000000000000e+04,2.760000000000000000e+02,-3.270700000000000000e+04,7.900000000000000000e+01,-6.490000000000000000e+03,-1.769700000000000000e+04
-8.270000000000000000e+02,-9.240000000000000000e+03,-1.427800000000000000e+04,-2.176500000000000000e+04,4.062000000000000000e+03,-2.249800000000000000e+04,-3.496100000000000000e+04,-2.704000000000000000e+04
-7.958000000000000000e+03,-3.109300000000000000e+04,-8.396000000000000000e+03,-8.278000000000000000e+03,1.098500000000000000e+04,-3.006400000000000000e+04,-1.699100000000000000e+04,-2.355700000000000000e+04
-2.327200000000000000e+04,-1.818900000000000000e+04,-3.262800000000000000e+04,-1.401600000000000000e+04,-3.131800000000000000e+04,8.503000000000000000e+03,-1.158600000000000000e+04,-3.631200000000000000e+04
-6.703000000000000000e+03,-1.631100000000000000e+04,-3.063800000000000000e+04,1.049700000000000000e+04,-2.183500000000000000e+04,-1.344000000000000000e+04,-2.110300000000000000e+04,-3.154500000000000000e+04
-2.498000000000000000e+04,-1.803600000000000000e+04,-2.191700000000000000e+04,7.903000000000000000e+03,-1.618000000000000000e+04,2.640000000000000000e+03,-1.358400000000000000e+04,-2.250400000000000000e+04
-2.024700000000000000e+04,-3.051100000000000000e+04,-1.578300000000000000e+04,-7.560000000000000000e+02,-1.740800000000000000e+04,1.176400000000000000e+04,-1.112800000000000000e+04,-4.411000000000000000e+04
-3.497100000000000000e+04,-3.009400000000000000e+04,-1.372200000000000000e+04,-3.307400000000000000e+04,-3.685000000000000000e+04,-2.859600000000000000e+04,-1.841400000000000000e+04,2.343700000000000000e+04
-4.823000000000000000e+03,-2.457600000000000000e+04,-1.590600000000000000e+04,-3.780000000000000000e+02,-2.993000000000000000e+04,8.934000000000000000e+03,-3.377300000000000000e+04,-4.199600000000000000e+04
-2.413500000000000000e+04,-1.234300000000000000e+04,-2.265800000000000000e+04,-1.768900000000000000e+04,-1.138000000000000000e+04,-2.402900000000000000e+04,2.177200000000000000e+04,-9.530000000000000000e+03
-1.783800000000000000e+04,-2.025200000000000000e+04,-6.481000000000000000e+03,-6.294000000000000000e+03,-3.000000000000000000e+01,-2.390800000000000000e+04,-2.701700000000000000e+04,-1.940200000000000000e+04
-1.490300000000000000e+04,1.498100000000000000e+04,-2.847700000000000000e+04,-1.905800000000000000e+04,-3.602900000000000000e+04,-1.183400000000000000e+04,-2.327000000000000000e+04,-1.771800000000000000e+04
-3.302400000000000000e+04,-5.018000000000000000e+03,-3.012100000000000000e+04,-5.995000000000000000e+03,-3.399200000000000000e+04,-2.285600000000000000e+04,1.696800000000000000e+04,-2.477500000000000000e+04
-2.559900000000000000e+04,-1.956900000000000000e+04,5.254000000000000000e+03,-2.415400000000000000e+04,2.531000000000000000e+03,-3.744800000000000000e+04,-3.296000000000000000e+04,-6.285000000000000000e+03
-2.559100000000000000e+04,-1.941200000000000000e+04,-1.649000000000000000e+03,-2.651900000000000000e+04,-1.768200000000000000e+04,-3.064500000000000000e+04,-1.197000000000000000e+04,-3.050000000000000000e+02
-1.518700000000000000e+04,-1.920700000000000000e+04,-8.570000000000000000e+03,-2.242600000000000000e+04,7.607000000000000000e+03,-3.845800000000000000e+04,-3.383400000000000000e+04,-1.193600000000000000e+04
-1.591100000000000000e+04,-1.948400000000000000e+04,-1.523700000000000000e+04,5.602000000000000000e+03,-3.463100000000000000e+04,1.205900000000000000e+04,-2.658400000000000000e+04,-4.608300000000000000e+04
-3.680300000000000000e+04,-4.856000000000000000e+03,3.761000000000000000e+03,-8.570000000000000000e+02,-1.089800000000000000e+04,-1.908100000000000000e+04,-1.300400000000000000e+04,-2.344400000000000000e+04
-2.839300000000000000e+04,-9.635000000000000000e+03,-1.676600000000000000e+04,-2.410000000000000000e+02,-1.347000000000000000e+04,-1.090100000000000000e+04,-2.080000000000000000e+03,-3.306900000000000000e+04
-2.119500000000000000e+04,-7.524000000000000000e+03,-7.179000000000000000e+03,5.415000000000000000e+03,-2.306400000000000000e+04,-1.449000000000000000e+04,-1.193300000000000000e+04,-3.367300000000000000e+04
-1.491100000000000000e+04,-1.391000000000000000e+04,-2.363900000000000000e+04,-8.503000000000000000e+03,-2.849600000000000000e+04,9.646000000000000000e+03,-2.041200000000000000e+04,-2.262200000000000000e+04
-1.183400000000000000e+04,1.273400000000000000e+04,-1.126700000000000000e+04,-1.603000000000000000e+04,-2.353500000000000000e+04,-1.756400000000000000e+04,-3.400100000000000000e+04,-2.435200000000000000e+04
-1.868600000000000000e+04,-1.765900000000000000e+04,-2.124000000000000000e+04,5.390000000000000000e+02,-1.652200000000000000e+04,-2.835000000000000000e+03,-1.330000000000000000e+04,-2.548100000000000000e+04
-2.668000000000000000e+04,-2.669600000000000000e+04,-2.778500000000000000e+04,-1.515600000000000000e+04,-8.165000000000000000e+03,-2.069000000000000000e+04,-2.739000000000000000e+03,-2.685700000000000000e+04
-1.211800000000000000e+04,-2.026600000000000000e+04,-1.713100000000000000e+04,-2.799100000000000000e+04,-1.197900000000000000e+04,-1.912800000000000000e+04,-1.603900000000000000e+04,1.313200000000000000e+04
-1.283800000000000000e+04,-2.096600000000000000e+04,-2.867500000000000000e+04,-1.302400000000000000e+04,-1.179000000000000000e+04,2.104300000000000000e+04,-1.061300000000000000e+04,-3.374800000000000000e+04
-1.546700000000000000e+04,-1.859100000000000000e+04,6.105000000000000000e+03,-4.890000000000000000e+02,-2.730000000000000000e+02,-2.235100000000000000e+04,-6.472000000000000000e+03,-1.760400000000000000e+04
-2.595800000000000000e+04,-1.001100000000000000e+04,-6.549000000000000000e+03,-1.271800000000000000e+04,-1.747500000000000000e+04,-1.800800000000000000e+04,-1.793000000000000000e+03,-1.437600000000000000e+04
-1.451200000000000000e+04,-1.301500000000000000e+04,-1.769700000000000000e+04,5.372000000000000000e+03,-1.903600000000000000e+04,2.917000000000000000e+03,-2.816600000000000000e+04,-1.694300000000000000e+04
-9.984000000000000000e+03,-1.617400000000000000e+04,-5.551000000000000000e+03,-1.348600000000000000e+04,-7.340000000000000000e+03,-4.098000000000000000e+03,-2.393800000000000000e+04,-4.724000000000000000e+04
-1.897600000000000000e+04,-2.185400000000000000e+04,1.665000000000000000e+03,-2.026300000000000000e+04,-1.769000000000000000e+04,-2.821500000000000000e+04,8.841000000000000000e+03,-1.507100000000000000e+04
-7.926000000000000000e+03,-1.418000000000000000e+04,-2.872100000000000000e+04,-1.320900000000000000e+04,-1.933000000000000000e+04,5.937000000000000000e+03,-1.573600000000000000e+04,-2.764100000000000000e+04
-2.007000000000000000e+04,-2.299900000000000000e+04,6.400000000000000000e+02,-2.626900000000000000e+04,-9.899000000000000000e+03,-3.370900000000000000e+04,-2.422400000000000000e+04,-1.669000000000000000e+03
4.988000000000000000e+03,-2.342500000000000000e+04,-7.476000000000000000e+03,-1.596700000000000000e+04,8.712000000000000000e+03,-3.128800000000000000e+04,-2.688400000000000000e+04,-3.615200000000000000e+04
-1.500400000000000000e+04,-3.379000000000000000e+04,-9.828000000000000000e+03,6.403000000000000000e+03,-2.470900000000000000e+04,-1.280900000000000000e+04,-1.827100000000000000e+04,-5.091200000000000000e+04
-1.147300000000000000e+04,-8.638000000000000000e+03,-3.248000000000000000e+03,-1.165600000000000000e+04,-1.058400000000000000e+04,-1.471600000000000000e+04,3.063000000000000000e+03,-3.530800000000000000e+04
-7.690000000000000000e+02,-8.583000000000000000e+03,-2.713600000000000000e+04,-1.247700000000000000e+04,-3.168000000000000000e+04,-7.431000000000000000e+03,-2.208800000000000000e+04,-2.842300000000000000e+04
-4.846800000000000000e+04,-2.222000000000000000e+04,-4.667000000000000000e+03,-2.652000000000000000e+03,-3.626900000000000000e+04,-2.929300000000000000e+04,2.298600000000000000e+04,-4.869900000000000000e+04
4.900000000000000000e+03,-2.241100000000000000e+04,-3.236000000000000000e+04,-1.033100000000000000e+04,-1.398600000000000000e+04,3.570000000000000000e+02,-1.766400000000000000e+04,-4.029000000000000000e+04
-1.860900000000000000e+04,-2.369700000000000000e+04,-2.808700000000000000e+04,1.343900000000000000e+04,-2.215600000000000000e+04,-1.218000000000000000e+04,1.770000000000000000e+03,-4.513000000000000000e+04
-1.910900000000000000e+04,-2.052900000000000000e+04,4.424000000000000000e+03,-6.163000000000000000e+03,-3.871000000000000000e+03,-2.826300000000000000e+04,-1.988500000000000000e+04,-2.428400000000000000e+04
-4.155200000000000000e+04,-4.585000000000000000e+03,-1.087800000000000000e+04,-6.556000000000000000e+03,-2.552100000000000000e+04,-2.641800000000000000e+04,-4.053000000000000000e+03,-3.015100000000000000e+04
-9.570000000000000000e+03,-8.841000000000000000e+03,2.083000000000000000e+03,2.123000000000000000e+03,-1.855200000000000000e+04,-7.180000000000000000e+03,-1.872900000000000000e+04,-4.100600000000000000e+04
-2.488600000000000000e+04,2.818400000000000000e+04,-2.846000000000000000e+04,-2.111900000000000000e+04,-5.069200000000000000e+04,-2.635200000000000000e+04,-2.982800000000000000e+04,-3.988700000000000000e+04
-1.939100000000000000e+04,-1.183000000000000000e+03,-2.824100000000000000e+04,1.656900000000000000e+04,-4.448000000000000000e+04,-4.730000000000000000e+02,-2.367800000000000000e+04,-3.664300000000000000e+04
-1.945000000000000000e+04,3.541000000000000000e+03,-1.486100000000000000e+04,-1.558000000000000000e+04,-4.532500000000000000e+04,-2.604600000000000000e+04,-5.602000000000000000e+03,-4.039800000000000000e+04
-2.491600000000000000e+04,-6.525000000000000000e+03,-1.706800000000000000e+04,-1.083400000000000000e+04,-3.365700000000000000e+04,-6.600000000000000000e+01,8.961000000000000000e+03,-3.343400000000000000e+04
-2.991400000000000000e+04,-7.345000000000000000e+03,-2.435000000000000000e+04,-2.034400000000000000e+04,-3.602800000000000000e+04,-2.379700000000000000e+04,1.179200000000000000e+04,-2.950900000000000000e+04
-1.988600000000000000e+04,1.530900000000000000e+04,-1.442100000000000000e+04,-1.991100000000000000e+04,-3.947700000000000000e+04,-1.565400000000000000e+04,-2.314200000000000000e+04,-5.214300000000000000e+04
-1.981700000000000000e+04,1.870600000000000000e+04,-3.168900000000000000e+04,-1.721400000000000000e+04,-5.284100000000000000e+04,-1.349700000000000000e+04,-1.996000000000000000e+04,-3.895600000000000000e+04
-3.094800000000000000e+04,2.180600000000000000e+04,-2.229600000000000000e+04,-1.967400000000000000e+04,-4.069900000000000000e+04,-1.950900000000000000e+04,-1.956500000000000000e+04,-2.658200000000000000e+04
1.054500000000000000e+04,-1.791200000000000000e+04,-3.142300000000000000e+04,-1.421500000000000000e+04,-9.378000000000000000e+03,-3.570000000000000000e+02,-3.092200000000000000e+04,-3.101800000000000000e+04
-4.133100000000000000e+04,-1.797200000000000000e+04,-6.940000000000000000e+03,-3.624000000000000000e+04,-3.206000000000000000e+04,-3.962100000000000000e+04,-2.608300000000000000e+04,1.625900000000000000e+04
-1.443600000000000000e+04,-2.051500000000000000e+04,-5.243000000000000000e+03,-2.565700000000000000e+04,-1.462300000000000000e+04,-2.487100000000000000e+04,1.889600000000000000e+04,-1.670500000000000000e+04
-2.514000000000000000e+04,-3.810000000000000000e+02,-1.686900000000000000e+04,-1.586500000000000000e+04,-3.268400000000000000e+04,-2.501800000000000000e+04,1.129600000000000000e+04,-1.776400000000000000e+04
-3.200000000000000000e+04,-8.061000000000000000e+03,-1.569800000000000000e+04,-1.987300000000000000e+04,-3.661400000000000000e+04,-2.298500000000000000e+04,1.673100000000000000e+04,-1.084900000000000000e+04
-2.793000000000000000e+04,-2.257800000000000000e+04,-1.293000000000000000e+04,-7.225000000000000000e+03,-1.231400000000000000e+04,-1.353500000000000000e+04,3.276000000000000000e+03,-1.372600000000000000e+04
-2.552900000000000000e+04,-1.710400000000000000e+04,-1.968600000000000000e+04,-5.838000000000000000e+03,-4.345000000000000000e+04,1.554000000000000000e+04,-1.068200000000000000e+04,-3.737100000000000000e+04
-4.039600000000000000e+04,-2.276500000000000000e+04,-6.180000000000000000e+02,4.527000000000000000e+03,-1.784300000000000000e+04,-9.807000000000000000e+03,1.128000000000000000e+03,-3.717600000000000000e+04
1.373600000000000000e+04,-3.278900000000000000e+04,-1.705700000000000000e+04,7.810000000000000000e+02,-1.043900000000000000e+04,-1.132700000000000000e+04,-4.035100000000000000e+04,-4.762900000000000000e+04
-3.870200000000000000e+04,-2.039300000000000000e+04,-2.811000000000000000e+03,-2.960500000000000000e+04,-3.415900000000000000e+04,-1.506900000000000000e+04,1.812700000000000000e+04,-4.303200000000000000e+04
1.241000000000000000e+04,-2.505800000000000000e+04,-2.408600000000000000e+04,-1.576300000000000000e+04,-5.061000000000000000e+03,-5.742000000000000000e+03,-3.750800000000000000e+04,-4.602900000000000000e+04
-3.322000000000000000e+04,-2.615300000000000000e+04,1.029000000000000000e+03,-1.253900000000000000e+04,-3.053500000000000000e+04,-5.135400000000000000e+04,-2.042700000000000000e+04,-6.963000000000000000e+03
-1.550600000000000000e+04,3.060900000000000000e+04,-2.179600000000000000e+04,-3.301900000000000000e+04,-5.857400000000000000e+04,-8.063000000000000000e+03,-3.296600000000000000e+04,-4.173200000000000000e+04
-2.631900000000000000e+04,-1.878600000000000000e+04,-2.549300000000000000e+04,-6.677000000000000000e+03,-2.249300000000000000e+04,-2.542900000000000000e+04,3.320000000000000000e+03,-2.936800000000000000e+04
-2.097200000000000000e+04,-7.580000000000000000e+03,-1.324000000000000000e+04,-1.359900000000000000e+04,-1.539000000000000000e+04,-8.261000000000000000e+03,1.794000000000000000e+03,-3.079400000000000000e+04
-1.031400000000000000e+04,-2.020900000000000000e+04,-1.937800000000000000e+04,5.141000000000000000e+03,-3.047400000000000000e+04,3.251000000000000000e+03,-2.118900000000000000e+04,-3.351100000000000000e+04
-3.335500000000000000e+04,-1.848400000000000000e+04,-1.565300000000000000e+04,-1.380300000000000000e+04,-3.831200000000000000e+04,-1.898100000000000000e+04,1.611600000000000000e+04,-2.711600000000000000e+04
-1.473300000000000000e+04,1.980900000000000000e+04,-1.799700000000000000e+04,-8.539000000000000000e+03,-3.854200000000000000e+04,-2.140000000000000000e+04,-1.522700000000000000e+04,-3.004700000000000000e+04
-2.928600000000000000e+04,7.591000000000000000e+03,-1.765900000000000000e+04,-2.344000000000000000e+03,-3.581000000000000000e+04,-2.086200000000000000e+04,-6.780000000000000000e+02,-3.011400000000000000e+04
-1.197200000000000000e+04,-1.499000000000000000e+04,-1.932400000000000000e+04,-1.722200000000000000e+04,-2.628700000000000000e+04,-2.063200000000000000e+04,1.363700000000000000e+04,-2.815800000000000000e+04
-2.530500000000000000e+04,-5.800000000000000000e+02,-1.423900000000000000e+04,-1.635500000000000000e+04,-3.589100000000000000e+04,-4.597000000000000000e+03,-1.131300000000000000e+04,-3.020500000000000000e+04
-2.018400000000000000e+04,-2.189900000000000000e+04,-8.535000000000000000e+03,1.347900000000000000e+04,-2.559400000000000000e+04,-1.175000000000000000e+04,-1.710300000000000000e+04,-5.311100000000000000e+04
-6.094000000000000000e+03,-2.476400000000000000e+04,-5.248000000000000000e+03,-1.323500000000000000e+04,4.335000000000000000e+03,-1.001300000000000000e+04,-1.418100000000000000e+04,-2.779200000000000000e+04
-2.718900000000000000e+04,-2.883100000000000000e+04,-2.103400000000000000e+04,-3.202300000000000000e+04,-3.685500000000000000e+04,-3.249300000000000000e+04,-2.542500000000000000e+04,2.412500000000000000e+04
-6.844000000000000000e+03,-2.392100000000000000e+04,-2.956900000000000000e+04,-3.357300000000000000e+04,-2.005700000000000000e+04,-3.245200000000000000e+04,-2.562800000000000000e+04,2.088800000000000000e+04
-4.904000000000000000e+03,-7.323000000000000000e+03,-8.431000000000000000e+03,1.536000000000000000e+03,-1.930900000000000000e+04,-4.084000000000000000e+03,-1.915000000000000000e+04,-3.788100000000000000e+04
-2.886800000000000000e+04,-1.839900000000000000e+04,-3.922000000000000000e+03,-1.116700000000000000e+04,-2.832000000000000000e+04,-2.155400000000000000e+04,9.569000000000000000e+03,-2.346700000000000000e+04
-2.533800000000000000e+04,-1.529700000000000000e+04,-1.964600000000000000e+04,-9.883000000000000000e+03,-2.556200000000000000e+04,-6.856000000000000000e+03,1.111300000000000000e+04,-3.501600000000000000e+04
-2.234000000000000000e+04,-1.761200000000000000e+04,-1.934900000000000000e+04,-1.635600000000000000e+04,-1.386700000000000000e+04,-6.554000000000000000e+03,-8.283000000000000000e+03,2.333500000000000000e+04
-5.227000000000000000e+03,-3.909000000000000000e+03,-3.154000000000000000e+04,-1.231400000000000000e+04,-4.117100000000000000e+04,7.171000000000000000e+03,-1.330400000000000000e+04,-3.600500000000000000e+04
4.063000000000000000e+03,-2.427200000000000000e+04,-2.785400000000000000e+04,5.779000000000000000e+03,-3.008400000000000000e+04,-9.831000000000000000e+03,-3.582000000000000000e+04,-3.908200000000000000e+04
7.347000000000000000e+03,-1.999300000000000000e+04,-2.357300000000000000e+04,-6.230000000000000000e+03,1.267900000000000000e+04,-9.612000000000000000e+03,-1.303500000000000000e+04,-2.944900000000000000e+04
-2.695900000000000000e+04,2.088100000000000000e+04,-1.690200000000000000e+04,-2.759800000000000000e+04,-4.328700000000000000e+04,-8.201000000000000000e+03,-2.261600000000000000e+04,-4.486100000000000000e+04
-9.129000000000000000e+03,-2.176900000000000000e+04,-2.042400000000000000e+04,-4.237000000000000000e+03,-1.538500000000000000e+04,1.134200000000000000e+04,-1.234900000000000000e+04,-2.832300000000000000e+04
4.884000000000000000e+03,-1.541900000000000000e+04,-1.317400000000000000e+04,-2.807900000000000000e+04,4.032000000000000000e+03,-1.906300000000000000e+04,-2.090200000000000000e+04,-2.136900000000000000e+04
-2.904400000000000000e+04,-1.220100000000000000e+04,8.860000000000000000e+02,-2.833100000000000000e+04,-1.811400000000000000e+04,-2.299300000000000000e+04,-1.556300000000000000e+04,-7.129000000000000000e+03
-3.198500000000000000e+04,-1.696600000000000000e+04,-1.529000000000000000e+04,-4.597000000000000000e+03,-8.832000000000000000e+03,-1.492800000000000000e+04,2.773000000000000000e+03,-3.179100000000000000e+04
-2.855300000000000000e+04,-2.488200000000000000e+04,1.092300000000000000e+04,-2.305700000000000000e+04,-1.749000000000000000e+04,-3.860700000000000000e+04,-2.316800000000000000e+04,-5.428000000000000000e+03
-3.044200000000000000e+04,-2.562100000000000000e+04,-2.152100000000000000e+04,-3.327100000000000000e+04,-1.808600000000000000e+04,-3.098000000000000000e+04,-2.771300000000000000e+04,1.885800000000000000e+04
-2.276600000000000000e+04,-9.722000000000000000e+03,2.042200000000000000e+04,-2.296400000000000000e+04,-5.520000000000000000e+03,-2.232100000000000000e+04,-1.105200000000000000e+04,-1.680700000000000000e+04
7.938000000000000000e+03,-2.523900000000000000e+04,-2.391800000000000000e+04,-1.591500000000000000e+04,8.955000000000000000e+03,-2.828800000000000000e+04,-2.428000000000000000e+04,-3.626600000000000000e+04
-3.377700000000000000e+04,-1.491700000000000000e+04,-6.005000000000000000e+03,-8.827000000000000000e+03,-3.085200000000000000e+04,-5.503000000000000000e+03,8.324000000000000000e+03,-1.960400000000000000e+04
-4.895000000000000000e+03,8.383000000000000000e+03,-3.248300000000000000e+04,-1.546000000000000000e+04,-3.121600000000000000e+04,-2.527600000000000000e+04,-2.271100000000000000e+04,-1.054500000000000000e+04
-2.287500000000000000e+04,-1.742000000000000000e+04,-1.601900000000000000e+04,2.247000000000000000e+03,-2.256800000000000000e+04,-5.914000000000000000e+03,-6.751000000000000000e+03,-2.203800000000000000e+04
-2.029300000000000000e+04,-1.184200000000000000e+04,-2.446100000000000000e+04,8.063000000000000000e+03,-4.054800000000000000e+04,8.951000000000000000e+03,-2.931200000000000000e+04,-3.849000000000000000e+04
-2.347200000000000000e+04,-1.303800000000000000e+04,-2.969500000000000000e+04,1.863000000000000000e+03,-3.910300000000000000e+04,7.794000000000000000e+03,-1.597000000000000000e+04,-3.375200000000000000e+04
-7.150000000000000000e+03,-8.987000000000000000e+03,-2.374100000000000000e+04,-2.118300000000000000e+04,-2.937100000000000000e+04,2.230500000000000000e+04,-8.052000000000000000e+03,-2.403500000000000000e+04
-5.902000000000000000e+03,1.936300000000000000e+04,-5.883000000000000000e+03,-2.502900000000000000e+04,-1.974000000000000000e+04,-3.097700000000000000e+04,-2.624700000000000000e+04,-2.771600000000000000e+04
-7.593000000000000000e+03,-1.829000000000000000e+04,-1.477200000000000000e+04,6.292000000000000000e+03,-3.280200000000000000e+04,-1.297800000000000000e+04,-3.059100000000000000e+04,-2.912400000000000000e+04
-3.235000000000000000e+04,-2.342600000000000000e+04,-1.114500000000000000e+04,-2.558000000000000000e+04,-2.583700000000000000e+04,-2.269300000000000000e+04,2.225900000000000000e+04,-2.470600000000000000e+04
-1.983700000000000000e+04,-9.330000000000000000e+03,-1.432900000000000000e+04,-2.713500000000000000e+04,-2.001400000000000000e+04,-1.009900000000000000e+04,1.341700000000000000e+04,-1.740100000000000000e+04
2.017000000000000000e+03,-2.150900000000000000e+04,-2.055900000000000000e+04,-4.481000000000000000e+03,-2.152600000000000000e+04,-8.270000000000000000e+02,-3.221700000000000000e+04,-4.533000000000000000e+04
-5.320000000000000000e+02,-8.506000000000000000e+03,-1.076000000000000000e+04,-2.240000000000000000e+03,-2.633500000000000000e+04,-1.502900000000000000e+04,-1.691100000000000000e+04,-2.871600000000000000e+04
-1.514000000000000000e+04,-2.910800000000000000e+04,-1.991500000000000000e+04,-3.150000000000000000e+02,-1.327500000000000000e+04,-4.280000000000000000e+02,-8.635000000000000000e+03,-3.770000000000000000e+04
-5.850000000000000000e+03,-1.989000000000000000e+04,-3.104000000000000000e+03,-1.953500000000000000e+04,7.337000000000000000e+03,-1.934500000000000000e+04,-3.599300000000000000e+04,-3.065000000000000000e+04
1.096500000000000000e+04,-1.886400000000000000e+04,-1.185300000000000000e+04,-1.143900000000000000e+04,-5.188000000000000000e+03,-6.115000000000000000e+03,-2.072200000000000000e+04,2.766000000000000000e+03
-1.611100000000000000e+04,1.946200000000000000e+04,-1.240000000000000000e+04,-6.786000000000000000e+03,-3.681500000000000000e+04,-2.285300000000000000e+04,-1.227300000000000000e+04,-4.785500000000000000e+04
-3.687600000000000000e+04,-2.431100000000000000e+04,-1.682900000000000000e+04,-2.784200000000000000e+04,-3.774900000000000000e+04,-1.494800000000000000e+04,-2.774700000000000000e+04,1.895800000000000000e+04
-5.104200000000000000e+04,-2.469900000000000000e+04,-1.701000000000000000e+03,-3.611000000000000000e+04,-3.393400000000000000e+04,-4.333400000000000000e+04,-1.329300000000000000e+04,1.261900000000000000e+04
-3.218600000000000000e+04,-2.600000000000000000e+04,-9.380000000000000000e+03,-2.651500000000000000e+04,-3.997000000000000000e+04,-3.748200000000000000e+04,-2.116200000000000000e+04,1.295900000000000000e+04
-3.359100000000000000e+04,-3.157000000000000000e+04,-1.557100000000000000e+04,-4.224300000000000000e+04,-3.234600000000000000e+04,-3.204700000000000000e+04,-1.317700000000000000e+04,1.897900000000000000e+04
-2.089100000000000000e+04,-1.157000000000000000e+04,-1.492000000000000000e+04,7.245000000000000000e+03,-4.301600000000000000e+04,8.741000000000000000e+03,-1.986900000000000000e+04,-2.387900000000000000e+04
-2.317100000000000000e+04,-1.065900000000000000e+04,-9.163000000000000000e+03,-2.680000000000000000e+04,-2.857900000000000000e+04,-1.424400000000000000e+04,-1.100000000000000000e+04,1.076900000000000000e+04
-1.510800000000000000e+04,-1.422400000000000000e+04,-1.692500000000000000e+04,-1.138500000000000000e+04,-3.299800000000000000e+04,-2.061200000000000000e+04,1.064600000000000000e+04,-1.459100000000000000e+04
-1.978000000000000000e+04,-2.716300000000000000e+04,-1.268100000000000000e+04,-8.602000000000000000e+03,1.979900000000000000e+04,-2.971800000000000000e+04,-3.869400000000000000e+04,-2.997100000000000000e+04
5.971000000000000000e+03,-1.612500000000000000e+04,-2.683200000000000000e+04,-1.515500000000000000e+04,-9.228000000000000000e+03,-2.130000000000000000e+02,-2.493200000000000000e+04,-3.199400000000000000e+04
-8.127000000000000000e+03,-2.019000000000000000e+04,-1.298500000000000000e+04,-1.076100000000000000e+04,-2.231400000000000000e+04,-5.618000000000000000e+03,-1.969500000000000000e+04,-4.272100000000000000e+04
-5.044000000000000000e+03,-2.035600000000000000e+04,-8.911000000000000000e+03,-5.662000000000000000e+03,-1.648000000000000000e+03,-1.659500000000000000e+04,-2.646700000000000000e+04,-4.783000000000000000e+04
-2.681200000000000000e+04,-1.368100000000000000e+04,-2.877900000000000000e+04,-1.163200000000000000e+04,-1.475200000000000000e+04,-1.039400000000000000e+04,7.037000000000000000e+03,-2.267600000000000000e+04
-2.678500000000000000e+04,-2.687900000000000000e+04,-2.528400000000000000e+04,-3.976300000000000000e+04,-1.527300000000000000e+04,-3.233800000000000000e+04,-2.540800000000000000e+04,2.108000000000000000e+04
-2.693900000000000000e+04,-3.424700000000000000e+04,-1.545100000000000000e+04,-3.786200000000000000e+04,-3.455400000000000000e+04,-2.926900000000000000e+04,-3.266600000000000000e+04,2.155800000000000000e+04
-6.366000000000000000e+03,-2.236800000000000000e+04,-1.005500000000000000e+04,-7.683000000000000000e+03,-1.858400000000000000e+04,-1.598800000000000000e+04,-3.190000000000000000e+02,-2.749800000000000000e+04
-2.424400000000000000e+04,-9.487000000000000000e+03,-6.801000000000000000e+03,-1.339700000000000000e+04,-2.715500000000000000e+04,-2.094800000000000000e+04,6.586000000000000000e+03,-3.151400000000000000e+04
-4.088000000000000000e+03,-2.350600000000000000e+04,2.050000000000000000e+03,-2.167200000000000000e+04,1.443900000000000000e+04,-3.060000000000000000e+04,-3.935600000000000000e+04,-1.347700000000000000e+04
-3.192000000000000000e+03,-1.408100000000000000e+04,-2.000000000000000000e+04,-1.762100000000000000e+04,-2.059300000000000000e+04,1.242500000000000000e+04,-3.001400000000000000e+04,-3.355900000000000000e+04
-3.056000000000000000e+04,1.569300000000000000e+04,-2.011900000000000000e+04,-3.577000000000000000e+03,-3.770800000000000000e+04,-7.616000000000000000e+03,-1.689600000000000000e+04,-4.051300000000000000e+04
-2.437800000000000000e+04,-2.052100000000000000e+04,-2.534000000000000000e+04,-3.794900000000000000e+04,-2.391200000000000000e+04,-1.859200000000000000e+04,-2.310000000000000000e+04,1.309500000000000000e+04
-1.875500000000000000e+04,-2.704900000000000000e+04,-2.005000000000000000e+04,2.492000000000000000e+03,-6.320000000000000000e+03,-9.652000000000000000e+03,-1.881300000000000000e+04,-3.459500000000000000e+04
-1.855700000000000000e+04,-1.760800000000000000e+04,5.880000000000000000e+02,-2.104200000000000000e+04,-1.044500000000000000e+04,-3.357300000000000000e+04,-1.290800000000000000e+04,-4.640000000000000000e+02
-3.213400000000000000e+04,-7.066000000000000000e+03,-7.032000000000000000e+03,-3.353200000000000000e+04,-2.039300000000000000e+04,-3.376500000000000000e+04,-2.674900000000000000e+04,1.241700000000000000e+04
-1.804000000000000000e+04,-1.457900000000000000e+04,-8.072000000000000000e+03,-1.786800000000000000e+04,-2.038000000000000000e+04,-2.507000000000000000e+04,1.429500000000000000e+04,-4.808100000000000000e+04
-4.148700000000000000e+04,1.061400000000000000e+04,-1.509300000000000000e+04,-6.664000000000000000e+03,-2.948000000000000000e+04,-2.321100000000000000e+04,-2.338400000000000000e+04,-1.902800000000000000e+04
-1.797800000000000000e+04,-3.940000000000000000e+03,-2.530600000000000000e+04,-2.536600000000000000e+04,-2.455500000000000000e+04,-2.408800000000000000e+04,-2.962000000000000000e+03,-1.076900000000000000e+04
-3.848900000000000000e+04,-1.944600000000000000e+04,-1.827000000000000000e+04,-2.358000000000000000e+04,-2.906800000000000000e+04,-2.610300000000000000e+04,1.928300000000000000e+04,-3.332300000000000000e+04
-3.040000000000000000e+04,-2.168300000000000000e+04,-1.008000000000000000e+04,-3.354100000000000000e+04,-2.630500000000000000e+04,-3.114300000000000000e+04,-2.312100000000000000e+04,1.554200000000000000e+04
-2.943000000000000000e+04,-1.852100000000000000e+04,-1.319300000000000000e+04,-2.811600000000000000e+04,-1.992900000000000000e+04,-2.156500000000000000e+04,9.860000000000000000e+03,-2.787800000000000000e+04
-1.952000000000000000e+04,1.662100000000000000e+04,-2.910200000000000000e+04,-1.642600000000000000e+04,-4.672700000000000000e+04,-2.106500000000000000e+04,-2.510200000000000000e+04,-4.578100000000000000e+04
-2.940800000000000000e+04,-1.790700000000000000e+04,-1.132900000000000000e+04,-6.412000000000000000e+03,-2.194200000000000000e+04,-1.654000000000000000e+04,9.547000000000000000e+03,-3.282900000000000000e+04
-3.289700000000000000e+04,-1.863300000000000000e+04,-1.609000000000000000e+04,-1.431600000000000000e+04,-3.401000000000000000e+04,-1.375600000000000000e+04,1.628400000000000000e+04,-3.642000000000000000e+04
-2.305700000000000000e+04,-2.534400000000000000e+04,-1.486600000000000000e+04,-2.072900000000000000e+04,-3.353200000000000000e+04,4.020000000000000000e+02,9.357000000000000000e+03,-2.715500000000000000e+04
-2.526100000000000000e+04,2.048200000000000000e+04,-2.572200000000000000e+04,-5.898000000000000000e+03,-4.014000000000000000e+04,-3.297800000000000000e+04,-2.241200000000000000e+04,-3.010200000000000000e+04
-3.876800000000000000e+04,9.605000000000000000e+03,-1.692100000000000000e+04,-1.494300000000000000e+04,-3.600700000000000000e+04,-2.181900000000000000e+04,6.750000000000000000e+02,-3.832600000000000000e+04
-2.983900000000000000e+04,-1.421900000000000000e+04,-3.363800000000000000e+04,-2.175200000000000000e+04,-3.441600000000000000e+04,-1.091500000000000000e+04,2.617000000000000000e+04,-2.277200000000000000e+04
-1.614300000000000000e+04,-1.756000000000000000e+04,-1.502300000000000000e+04,-9.310000000000000000e+03,-1.421100000000000000e+04,-2.184900000000000000e+04,9.041000000000000000e+03,-2.148000000000000000e+04
-1.622000000000000000e+04,-1.736800000000000000e+04,-1.494900000000000000e+04,1.133400000000000000e+04,-3.158200000000000000e+04,-1.958800000000000000e+04,-1.659300000000000000e+04,-3.939900000000000000e+04
-3.884600000000000000e+04,-1.907200000000000000e+04,-1.846100000000000000e+04,-3.398000000000000000e+04,-2.991200000000000000e+04,-5.382100000000000000e+04,-2.652700000000000000e+04,8.396000000000000000e+03
-1.555700000000000000e+04,-6.825000000000000000e+03,-1.541000000000000000e+04,4.140000000000000000e+02,-2.549700000000000000e+04,-1.815000000000000000e+03,-2.830800000000000000e+04,-3.584500000000000000e+04
-1.598600000000000000e+04,-1.082000000000000000e+03,-9.483000000000000000e+03,-2.044000000000000000e+04,-2.933800000000000000e+04,-1.629600000000000000e+04,-1.136900000000000000e+04,-1.488300000000000000e+04
-2.922600000000000000e+04,-2.383400000000000000e+04,-2.798700000000000000e+04,-3.343200000000000000e+04,-1.777400000000000000e+04,-2.685200000000000000e+04,-1.976900000000000000e+04,2.731200000000000000e+04
-3.168300000000000000e+04,-3.426800000000000000e+04,-1.362900000000000000e+04,-2.752400000000000000e+04,-3.370400000000000000e+04,-2.109200000000000000e+04,-1.879600000000000000e+04,1.276500000000000000e+04
-2.490000000000000000e+02,-1.450000000000000000e+04,-1.902100000000000000e+04,-1.673800000000000000e+04,-3.003800000000000000e+04,-4.830000000000000000e+03,-1.663000000000000000e+04,-2.943000000000000000e+04
-2.640500000000000000e+04,-1.856600000000000000e+04,-1.837100000000000000e+04,1.460800000000000000e+04,-3.495600000000000000e+04,-8.801000000000000000e+03,-3.280500000000000000e+04,-4.705800000000000000e+04
-2.763600000000000000e+04,1.304100000000000000e+04,-2.099900000000000000e+04,-1.648600000000000000e+04,-4.766000000000000000e+04,-1.109300000000000000e+04,-1.839000000000000000e+04,-4.251100000000000000e+04
-2.736000000000000000e+04,-1.436700000000000000e+04,-9.107000000000000000e+03,-2.802500000000000000e+04,-7.810000000000000000e+02,-2.828100000000000000e+04,-1.948400000000000000e+04,-2.794000000000000000e+03
1.402000000000000000e+04,-2.392200000000000000e+04,-1.745000000000000000e+04,-2.396000000000000000e+03,-1.176400000000000000e+04,-3.822000000000000000e+03,-4.261400000000000000e+04,-4.782100000000000000e+04
1.646600000000000000e+04,-2.003600000000000000e+04,-1.955100000000000000e+04,-2.180500000000000000e+04,-1.382000000000000000e+04,9.180000000000000000e+03,-2.966400000000000000e+04,-4.722900000000000000e+04
-2.774900000000000000e+04,-1.822100000000000000e+04,-3.754000000000000000e+03,-2.439800000000000000e+04,-2.411000000000000000e+04,-3.115300000000000000e+04,-1.995600000000000000e+04,1.968000000000000000e+03
-3.658000000000000000e+04,-2.292900000000000000e+04,1.149800000000000000e+04,-1.793600000000000000e+04,-1.792000000000000000e+04,-3.078600000000000000e+04,-3.150200000000000000e+04,-2.006500000000000000e+04
-2.653600000000000000e+04,-1.700900000000000000e+04,-2.393200000000000000e+04,-1.918900000000000000e+04,-2.300400000000000000e+04,-1.112800000000000000e+04,2.186800000000000000e+04,-1.588600000000000000e+04
-1.430100000000000000e+04,-3.000300000000000000e+04,-1.667000000000000000e+04,-3.158200000000000000e+04,-2.121700000000000000e+04,-3.071100000000000000e+04,-2.718400000000000000e+04,1.571900000000000000e+04
-3.696100000000000000e+04,1.412100000000000000e+04,-1.253100000000000000e+04,-1.353200000000000000e+04,-3.694300000000000000e+04,-2.158500000000000000e+04,-6.078000000000000000e+03,-4.423100000000000000e+04
-1.850900000000000000e+04,-2.051300000000000000e+04,-2.533200000000000000e+04,7.927000000000000000e+03,-1.518900000000000000e+04,2.873000000000000000e+03,-1.930200000000000000e+04,-3.172900000000000000e+04
-3.566000000000000000e+04,-2.518200000000000000e+04,-1.618800000000000000e+04,-2.161100000000000000e+04,-3.498500000000000000e+04,-1.346400000000000000e+04,2.728900000000000000e+04,-3.306300000000000000e+04
1.695000000000000000e+03,-3.459200000000000000e+04,-1.584400000000000000e+04,-6.913000000000000000e+03,-1.481500000000000000e+04,2.792000000000000000e+03,-3.412900000000000000e+04,-6.464500000000000000e+04
-3.178700000000000000e+04,-1.460400000000000000e+04,-1.860800000000000000e+04,-9.404000000000000000e+03,-3.209300000000000000e+04,-1.371900000000000000e+04,2.163300000000000000e+04,-3.019300000000000000e+04
-8.376000000000000000e+03,2.560200000000000000e+04,-5.281000000000000000e+03,-2.490700000000000000e+04,-2.873500000000000000e+04,-3.385900000000000000e+04,-2.212400000000000000e+04,-4.316400000000000000e+04
-1.996100000000000000e+04,-2.669000000000000000e+04,-1.396100000000000000e+04,-2.051900000000000000e+04,-2.603800000000000000e+04,-2.306500000000000000e+04,2.730900000000000000e+04,-2.066300000000000000e+04
4.110000000000000000e+02,-2.777000000000000000e+04,-1.504000000000000000e+04,-9.167000000000000000e+03,-5.663000000000000000e+03,-6.720000000000000000e+03,-3.612300000000000000e+04,-4.564800000000000000e+04
-3.055000000000000000e+04,-2.060600000000000000e+04,-2.523100000000000000e+04,-3.400600000000000000e+04,-2.511000000000000000e+04,-2.850900000000000000e+04,-1.577700000000000000e+04,2.664000000000000000e+04
-3.629300000000000000e+04,-2.217000000000000000e+04,-2.050400000000000000e+04,-2.499300000000000000e+04,-1.677200000000000000e+04,-1.243400000000000000e+04,2.945900000000000000e+04,-7.678000000000000000e+03
-1.029500000000000000e+04,-6.972000000000000000e+03,-1.586300000000000000e+04,-1.386700000000000000e+04,-1.050200000000000000e+04,-1.530600000000000000e+04,-3.248000000000000000e+03,-1.416100000000000000e+04
9.160000000000000000e+02,-3.170000000000000000e+02,-1.084600000000000000e+04,-6.345000000000000000e+03,-2.409900000000000000e+04,-2.068900000000000000e+04,-8.470000000000000000e+03,-3.212400000000000000e+04
-2.786500000000000000e+04,2.456400000000000000e+04,-1.786900000000000000e+04,-9.780000000000000000e+03,-2.927800000000000000e+04,-2.747200000000000000e+04,-2.407300000000000000e+04,-4.495500000000000000e+04
-4.111200000000000000e+04,-1.969200000000000000e+04,7.544000000000000000e+03,-2.550800000000000000e+04,-2.230900000000000000e+04,-4.577000000000000000e+04,-3.084400000000000000e+04,3.301000000000000000e+03
-1.570400000000000000e+04,-1.258400000000000000e+04,-1.730700000000000000e+04,-7.092000000000000000e+03,-2.056500000000000000e+04,3.705000000000000000e+03,-2.444800000000000000e+04,-4.972700000000000000e+04
1.231800000000000000e+04,-2.379400000000000000e+04,-2.173800000000000000e+04,-5.768000000000000000e+03,-3.830400000000000000e+04,4.675000000000000000e+03,-2.792300000000000000e+04,-4.935900000000000000e+04
-2.131000000000000000e+03,-1.644000000000000000e+04,-2.019200000000000000e+04,8.260000000000000000e+03,-2.583000000000000000e+04,-7.960000000000000000e+02,-2.562400000000000000e+04,-2.769400000000000000e+04
-2.837500000000000000e+04,1.425800000000000000e+04,-2.088700000000000000e+04,-4.996000000000000000e+03,-5.367200000000000000e+04,-9.516000000000000000e+03,-1.651600000000000000e+04,-3.784700000000000000e+04
-3.184200000000000000e+04,-2.665600000000000000e+04,-4.124000000000000000e+03,-3.050700000000000000e+04,-2.314800000000000000e+04,-3.372900000000000000e+04,-2.391000000000000000e+04,-2.667000000000000000e+03
-1.109700000000000000e+04,-2.494500000000000000e+04,-1.258900000000000000e+04,-1.451000000000000000e+04,-1.568400000000000000e+04,6.553000000000000000e+03,-9.165000000000000000e+03,-3.022400000000000000e+04
-1.979500000000000000e+04,-1.640000000000000000e+03,-2.425900000000000000e+04,-2.616700000000000000e+04,-3.948100000000000000e+04,-3.462000000000000000e+03,-2.685000000000000000e+04,-3.667700000000000000e+04
-1.970000000000000000e+04,-7.947000000000000000e+03,-2.253300000000000000e+04,-1.279700000000000000e+04,-1.404400000000000000e+04,-1.992600000000000000e+04,2.064000000000000000e+04,-2.380400000000000000e+04
-2.175600000000000000e+04,-7.105000000000000000e+03,-2.604900000000000000e+04,-2.651000000000000000e+03,-3.211800000000000000e+04,-2.402200000000000000e+04,2.147300000000000000e+04,-2.768900000000000000e+04
-2.112100000000000000e+04,6.996000000000000000e+03,-1.848200000000000000e+04,-9.095000000000000000e+03,-5.970900000000000000e+04,8.614000000000000000e+03,-3.102300000000000000e+04,-4.949400000000000000e+04
-3.221600000000000000e+04,-3.379600000000000000e+04,-1.982300000000000000e+04,-3.252000000000000000e+03,-2.804400000000000000e+04,8.113000000000000000e+03,-6.513000000000000000e+03,-4.327800000000000000e+04
-1.402600000000000000e+04,-1.347400000000000000e+04,2.730000000000000000e+02,-1.898000000000000000e+04,-2.506300000000000000e+04,-3.706700000000000000e+04,-1.570400000000000000e+04,-3.129000000000000000e+03
-3.207900000000000000e+04,-2.272700000000000000e+04,1.388300000000000000e+04,-2.723900000000000000e+04,-4.998000000000000000e+03,-2.868200000000000000e+04,-1.160000000000000000e+03,-2.445800000000000000e+04
-4.829800000000000000e+04,-2.520600000000000000e+04,-7.413000000000000000e+03,-2.126800000000000000e+04,-1.686200000000000000e+04,-4.310900000000000000e+04,-2.341100000000000000e+04,-4.300000000000000000e+01
-2.450200000000000000e+04,-2.217500000000000000e+04,-2.222800000000000000e+04,-4.110500000000000000e+04,-2.819200000000000000e+04,-3.164300000000000000e+04,-2.113400000000000000e+04,1.773300000000000000e+04
-7.877000000000000000e+03,-1.960300000000000000e+04,-2.498100000000000000e+04,-1.841700000000000000e+04,-5.754000000000000000e+03,-1.882400000000000000e+04,-3.026100000000000000e+04,-2.545400000000000000e+04
-2.670700000000000000e+04,-2.025300000000000000e+04,-1.236700000000000000e+04,1.509700000000000000e+04,1.072000000000000000e+03,-7.453000000000000000e+03,-1.418000000000000000e+04,-5.066300000000000000e+04
1.713400000000000000e+04,-1.875300000000000000e+04,-1.712300000000000000e+04,-6.603000000000000000e+03,-6.351000000000000000e+03,-8.000000000000000000e+02,-2.938700000000000000e+04,-4.313300000000000000e+04
-1.988400000000000000e+04,-1.832400000000000000e+04,-2.192300000000000000e+04,-1.412000000000000000e+04,-2.435700000000000000e+04,-1.785500000000000000e+04,2.274100000000000000e+04,-2.168600000000000000e+04
-3.080500000000000000e+04,-1.361000000000000000e+04,-1.565100000000000000e+04,-2.807400000000000000e+04,-8.409000000000000000e+03,-1.172900000000000000e+04,1.852900000000000000e+04,-1.723900000000000000e+04
-1.914200000000000000e+04,-1.350800000000000000e+04,-3.018100000000000000e+04,1.098900000000000000e+04,-2.472100000000000000e+04,-1.668800000000000000e+04,-2.247000000000000000e+04,-2.591300000000000000e+04
-3.066000000000000000e+04,-1.910000000000000000e+03,-1.933300000000000000e+04,-1.017200000000000000e+04,-2.842900000000000000e+04,-2.201600000000000000e+04,2.976500000000000000e+04,-1.751500000000000000e+04
-1.041400000000000000e+04,-2.546500000000000000e+04,-2.436500000000000000e+04,-2.605000000000000000e+04,-1.685000000000000000e+03,-2.743700000000000000e+04,-9.362000000000000000e+03,-1.640500000000000000e+04
-5.798000000000000000e+03,-7.970000000000000000e+02,-1.982600000000000000e+04,-1.670500000000000000e+04,-3.682300000000000000e+04,-2.719900000000000000e+04,-1.641100000000000000e+04,-2.068600000000000000e+04
-3.318300000000000000e+04,-8.857000000000000000e+03,-1.046600000000000000e+04,-2.201900000000000000e+04,-3.286800000000000000e+04,-1.428100000000000000e+04,1.344800000000000000e+04,-3.624400000000000000e+04
-2.181800000000000000e+04,-1.784800000000000000e+04,-1.325100000000000000e+04,-2.710400000000000000e+04,-5.159000000000000000e+03,-2.841900000000000000e+04,1.360600000000000000e+04,-1.991700000000000000e+04
-3.245800000000000000e+04,-1.006100000000000000e+04,-1.784100000000000000e+04,-8.110000000000000000e+02,-3.390000000000000000e+04,-1.328900000000000000e+04,-1.134700000000000000e+04,-3.387800000000000000e+04
-2.470700000000000000e+04,-2.045900000000000000e+04,-2.637000000000000000e+04,-7.488000000000000000e+03,-2.573700000000000000e+04,1.043500000000000000e+04,-2.472200000000000000e+04,-5.143800000000000000e+04
-3.157000000000000000e+04,-7.000000000000000000e+03,-2.614400000000000000e+04,-1.572700000000000000e+04,-3.924000000000000000e+04,-3.376400000000000000e+04,1.659000000000000000e+04,-3.135300000000000000e+04
-1.479800000000000000e+04,4.821000000000000000e+03,-6.846000000000000000e+03,-2.281200000000000000e+04,-3.059500000000000000e+04,-2.590600000000000000e+04,-1.157600000000000000e+04,-3.445800000000000000e+04
-2.231800000000000000e+04,-2.610000000000000000e+03,-1.908300000000000000e+04,-6.167000000000000000e+03,-2.976000000000000000e+04,-1.849500000000000000e+04,9.911000000000000000e+03,-1.733800000000000000e+04
-1.228200000000000000e+04,-2.039100000000000000e+04,-2.209600000000000000e+04,-1.028300000000000000e+04,-1.868500000000000000e+04,6.803000000000000000e+03,-1.265500000000000000e+04,-3.196500000000000000e+04
-2.751100000000000000e+04,-1.804700000000000000e+04,-2.848400000000000000e+04,-2.139500000000000000e+04,-2.549200000000000000e+04,-8.106000000000000000e+03,1.370400000000000000e+04,-2.925200000000000000e+04
-1.490000000000000000e+02,-2.347800000000000000e+04,-2.727900000000000000e+04,-1.325700000000000000e+04,-1.134600000000000000e+04,5.772000000000000000e+03,-1.613200000000000000e+04,-2.108000000000000000e+04
-2.934500000000000000e+04,-1.419400000000000000e+04,-2.150200000000000000e+04,-3.867600000000000000e+04,-2.195500000000000000e+04,-2.643800000000000000e+04,-1.723700000000000000e+04,1.646100000000000000e+04
-1.243400000000000000e+04,8.510000000000000000e+03,-1.622700000000000000e+04,-7.583000000000000000e+03,-4.207000000000000000e+04,-1.125800000000000000e+04,-3.374200000000000000e+04,-3.095200000000000000e+04
-3.694400000000000000e+04,-2.071600000000000000e+04,-2.534900000000000000e+04,-9.437000000000000000e+03,-2.351200000000000000e+04,-9.995000000000000000e+03,9.913000000000000000e+03,-2.958900000000000000e+04
-4.357100000000000000e+04,-2.933100000000000000e+04,-2.136500000000000000e+04,-5.039300000000000000e+04,-3.143800000000000000e+04,-5.016500000000000000e+04,-3.972200000000000000e+04,2.340800000000000000e+04
-3.379700000000000000e+04,-2.415500000000000000e+04,-1.806800000000000000e+04,-2.968800000000000000e+04,-2.083000000000000000e+04,-2.675800000000000000e+04,-2.038100000000000000e+04,4.815000000000000000e+03
-1.940600000000000000e+04,3.132200000000000000e+04,-1.818500000000000000e+04,-1.856400000000000000e+04,-5.866300000000000000e+04,-4.104000000000000000e+04,-3.946500000000000000e+04,-4.443100000000000000e+04
-3.358500000000000000e+04,-2.661300000000000000e+04,-1.860400000000000000e+04,-4.092200000000000000e+04,-2.896100000000000000e+04,-3.929700000000000000e+04,-2.957200000000000000e+04,1.640200000000000000e+04
-2.537500000000000000e+04,-2.487800000000000000e+04,-2.873000000000000000e+04,-3.157600000000000000e+04,-3.320800000000000000e+04,-2.144800000000000000e+04,-1.645200000000000000e+04,2.550800000000000000e+04
-2.452600000000000000e+04,-1.710600000000000000e+04,9.630000000000000000e+02,-3.332500000000000000e+04,-3.056600000000000000e+04,-2.251000000000000000e+03,2.462800000000000000e+04,-2.839500000000000000e+04
-1.890200000000000000e+04,-7.693000000000000000e+03,-1.468800000000000000e+04,2.835000000000000000e+03,-2.477600000000000000e+04,-7.463000000000000000e+03,-2.304600000000000000e+04,-3.830900000000000000e+04
-2.556100000000000000e+04,-9.355000000000000000e+03,-1.672000000000000000e+04,-2.343300000000000000e+04,-2.823900000000000000e+04,-1.277300000000000000e+04,1.423800000000000000e+04,-3.115700000000000000e+04
-7.158000000000000000e+03,-1.223600000000000000e+04,-1.806900000000000000e+04,1.146000000000000000e+03,-1.181100000000000000e+04,-2.205000000000000000e+03,-3.905600000000000000e+04,-4.925300000000000000e+04
-3.588600000000000000e+04,-2.516900000000000000e+04,-5.199000000000000000e+03,-3.330000000000000000e+04,-2.948800000000000000e+04,-4.300700000000000000e+04,-2.319500000000000000e+04,2.133000000000000000e+03
1.941900000000000000e+04,-2.462000000000000000e+04,-2.985800000000000000e+04,-1.315600000000000000e+04,-1.905700000000000000e+04,-7.925000000000000000e+03,-3.158700000000000000e+04,-4.447800000000000000e+04
-1.013000000000000000e+04,-1.859500000000000000e+04,-7.509000000000000000e+03,-3.431000000000000000e+03,-1.090000000000000000e+04,-8.937000000000000000e+03,-2.468900000000000000e+04,-4.535000000000000000e+04
-1.810900000000000000e+04,-2.528200000000000000e+04,-1.151000000000000000e+04,-2.413800000000000000e+04,1.445600000000000000e+04,-3.879200000000000000e+04,-3.088900000000000000e+04,-8.271000000000000000e+03
-2.707200000000000000e+04,1.931600000000000000e+04,-2.177300000000000000e+04,-1.456500000000000000e+04,-4.689600000000000000e+04,-3.007600000000000000e+04,-2.088100000000000000e+04,-2.954000000000000000e+04
-2.712800000000000000e+04,-1.735200000000000000e+04,-1.310800000000000000e+04,-3.625900000000000000e+04,-1.348800000000000000e+04,-3.082700000000000000e+04,-2.213400000000000000e+04,1.361700000000000000e+04
6.329000000000000000e+03,-1.683900000000000000e+04,-1.228000000000000000e+04,-3.214000000000000000e+03,-2.625300000000000000e+04,-1.038200000000000000e+04,-2.036600000000000000e+04,-3.851800000000000000e+04
-3.198000000000000000e+04,-2.647000000000000000e+04,-2.506400000000000000e+04,4.529000000000000000e+03,-1.459200000000000000e+04,-1.210000000000000000e+03,-1.271200000000000000e+04,-2.715600000000000000e+04
-4.233500000000000000e+04,-1.700400000000000000e+04,3.269300000000000000e+04,-2.530700000000000000e+04,-1.195000000000000000e+04,-3.178600000000000000e+04,-9.480000000000000000e+03,-3.172700000000000000e+04
-2.891000000000000000e+04,-3.805400000000000000e+04,-1.460700000000000000e+04,-1.534600000000000000e+04,1.249900000000000000e+04,-1.122800000000000000e+04,-2.437400000000000000e+04,-2.267100000000000000e+04
-2.317600000000000000e+04,-1.998000000000000000e+04,-4.960000000000000000e+03,-3.098100000000000000e+04,-1.556000000000000000e+03,-3.229000000000000000e+04,-2.487200000000000000e+04,-1.597000000000000000e+03
-4.429200000000000000e+04,-2.692400000000000000e+04,-8.100000000000000000e+03,-1.447600000000000000e+04,-1.816300000000000000e+04,-3.801100000000000000e+04,-3.186300000000000000e+04,8.207000000000000000e+03
-2.584700000000000000e+04,-2.453600000000000000e+04,-7.375000000000000000e+03,-5.530000000000000000e+02,6.868000000000000000e+03,-3.905200000000000000e+04,-2.034900000000000000e+04,-2.040600000000000000e+04
-2.736300000000000000e+04,-7.490000000000000000e+03,-1.837800000000000000e+04,-1.354000000000000000e+03,-4.438300000000000000e+04,-2.011100000000000000e+04,-1.374100000000000000e+04,-4.540500000000000000e+04
-2.035200000000000000e+04,-2.374300000000000000e+04,-1.845400000000000000e+04,-1.740900000000000000e+04,-1.403000000000000000e+04,-2.662400000000000000e+04,-1.810000000000000000e+04,1.828100000000000000e+04
-2.697000000000000000e+04,-1.103800000000000000e+04,-1.275400000000000000e+04,3.044000000000000000e+03,-2.931200000000000000e+04,-6.388000000000000000e+03,-3.722400000000000000e+04,-3.566500000000000000e+04
-2.814300000000000000e+04,-2.216100000000000000e+04,-6.565000000000000000e+03,-1.757400000000000000e+04,-1.597100000000000000e+04,-3.012200000000000000e+04,-1.301800000000000000e+04,1.596000000000000000e+03
-2.300200000000000000e+04,1.635400000000000000e+04,-2.113100000000000000e+04,-1.344700000000000000e+04,-5.559000000000000000e+04,-1.008100000000000000e+04,-3.369900000000000000e+04,-4.258600000000000000e+04
2.240000000000000000e+03,1.448000000000000000e+03,-2.694300000000000000e+04,-2.045200000000000000e+04,-4.599500000000000000e+04,-2.006000000000000000e+04,-3.223300000000000000e+04,-4.785500000000000000e+04
1.003700000000000000e+04,-2.523500000000000000e+04,-2.943000000000000000e+04,-9.273000000000000000e+03,-1.732000000000000000e+04,-5.641000000000000000e+03,-3.293400000000000000e+04,-3.480700000000000000e+04
-1.138100000000000000e+04,-2.390500000000000000e+04,-4.488000000000000000e+03,1.206200000000000000e+04,-7.904000000000000000e+03,-8.725000000000000000e+03,-2.120600000000000000e+04,-4.464400000000000000e+04
-3.117200000000000000e+04,-2.120100000000000000e+04,-2.303600000000000000e+04,-2.707500000000000000e+04,-2.957800000000000000e+04,-3.406200000000000000e+04,-2.514700000000000000e+04,1.746500000000000000e+04
-7.639000000000000000e+03,1.816300000000000000e+04,-1.982800000000000000e+04,-2.169000000000000000e+04,-4.009800000000000000e+04,-2.708900000000000000e+04,-2.071200000000000000e+04,-3.443400000000000000e+04
-9.269000000000000000e+03,-1.274700000000000000e+04,-9.055000000000000000e+03,-2.190000000000000000e+02,-7.300000000000000000e+02,-1.584700000000000000e+04,-3.579200000000000000e+04,-1.413200000000000000e+04
-2.541800000000000000e+04,2.394400000000000000e+04,-2.446300000000000000e+04,-3.331300000000000000e+04,-6.272000000000000000e+04,-3.321500000000000000e+04,-3.019700000000000000e+04,-3.261200000000000000e+04
-1.029100000000000000e+04,6.029000000000000000e+03,-1.921000000000000000e+04,-2.142500000000000000e+04,-3.558000000000000000e+04,-2.328400000000000000e+04,-1.255300000000000000e+04,-4.738800000000000000e+04
-3.210800000000000000e+04,-2.314200000000000000e+04,-2.200000000000000000e+04,-2.325300000000000000e+04,-3.011800000000000000e+04,-1.036800000000000000e+04,2.168300000000000000e+04,-3.217100000000000000e+04
1.015000000000000000e+03,-2.226800000000000000e+04,-3.270500000000000000e+04,-1.305100000000000000e+04,-1.120100000000000000e+04,1.074000000000000000e+03,-2.415200000000000000e+04,-4.638900000000000000e+04
-1.640200000000000000e+04,-4.546000000000000000e+03,-1.884600000000000000e+04,-9.433000000000000000e+03,-1.740000000000000000e+04,-1.295600000000000000e+04,-1.615000000000000000e+04,-1.080300000000000000e+04
-1.995100000000000000e+04,-2.038000000000000000e+04,-2.341000000000000000e+04,9.640000000000000000e+03,-2.637600000000000000e+04,1.003400000000000000e+04,-2.056900000000000000e+04,-3.696200000000000000e+04
-1.555400000000000000e+04,-3.030500000000000000e+04,-2.824600000000000000e+04,-4.922000000000000000e+03,-2.518500000000000000e+04,1.123300000000000000e+04,-2.238000000000000000e+04,-4.050400000000000000e+04
-5.600000000000000000e+03,-2.068500000000000000e+04,-8.670000000000000000e+03,8.960000000000000000e+03,-1.053000000000000000e+03,-9.162000000000000000e+03,-1.308300000000000000e+04,-3.132600000000000000e+04
-2.324900000000000000e+04,7.940000000000000000e+03,-2.689100000000000000e+04,-1.554400000000000000e+04,-3.713900000000000000e+04,-1.191000000000000000e+04,-1.776200000000000000e+04,-2.116200000000000000e+04
-3.150200000000000000e+04,-3.074800000000000000e+04,-2.177000000000000000e+04,-3.652600000000000000e+04,-2.886300000000000000e+04,-3.429200000000000000e+04,-1.402200000000000000e+04,1.920700000000000000e+04
-2.578900000000000000e+04,3.534000000000000000e+03,-1.119900000000000000e+04,-1.184300000000000000e+04,-3.665600000000000000e+04,-9.584000000000000000e+03,-1.367600000000000000e+04,-3.997000000000000000e+04
-9.206000000000000000e+03,-1.231300000000000000e+04,-1.951100000000000000e+04,7.341000000000000000e+03,-4.316700000000000000e+04,-3.796000000000000000e+03,-3.404700000000000000e+04,-5.371800000000000000e+04
-1.227200000000000000e+04,1.797800000000000000e+04,-3.290400000000000000e+04,-1.948500000000000000e+04,-4.140000000000000000e+04,-1.994800000000000000e+04,-2.166300000000000000e+04,-5.198100000000000000e+04
-6.500000000000000000e+01,-2.079500000000000000e+04,-1.224800000000000000e+04,-4.477000000000000000e+03,5.461000000000000000e+03,-2.638400000000000000e+04,-3.058900000000000000e+04,-1.095400000000000000e+04
-2.939100000000000000e+04,-2.440600000000000000e+04,-1.593000000000000000e+04,-2.796400000000000000e+04,-2.745200000000000000e+04,-2.093500000000000000e+04,-1.665800000000000000e+04,1.731400000000000000e+04
-6.657000000000000000e+03,-9.713000000000000000e+03,-4.842000000000000000e+03,-2.025400000000000000e+04,1.470000000000000000e+02,-1.925500000000000000e+04,-1.363000000000000000e+03,-3.211200000000000000e+04
-1.428100000000000000e+04,-2.521300000000000000e+04,-1.343500000000000000e+04,9.800000000000000000e+02,-1.604100000000000000e+04,-1.197300000000000000e+04,-1.583900000000000000e+04,-4.099200000000000000e+04
-7.200000000000000000e+01,-2.098100000000000000e+04,-1.851500000000000000e+04,2.612000000000000000e+03,-3.126400000000000000e+04,2.306000000000000000e+03,-2.298000000000000000e+04,-2.454900000000000000e+04
-1.946800000000000000e+04,-1.385100000000000000e+04,-2.021600000000000000e+04,6.965000000000000000e+03,-2.048700000000000000e+04,2.010000000000000000e+02,5.678000000000000000e+03,-3.511300000000000000e+04
-3.642000000000000000e+04,1.440700000000000000e+04,-1.883300000000000000e+04,-9.940000000000000000e+02,-4.805300000000000000e+04,-2.206400000000000000e+04,-3.296100000000000000e+04,-4.115600000000000000e+04
-2.264900000000000000e+04,-1.175000000000000000e+03,-2.880500000000000000e+04,-1.861900000000000000e+04,-3.105600000000000000e+04,3.250000000000000000e+02,-2.000500000000000000e+04,-1.956300000000000000e+04
-1.199200000000000000e+04,-1.669200000000000000e+04,-1.837000000000000000e+04,-1.665200000000000000e+04,6.200000000000000000e+03,-2.883000000000000000e+04,-3.460500000000000000e+04,-1.788500000000000000e+04
-1.469000000000000000e+04,-1.307400000000000000e+04,-2.174000000000000000e+04,-3.196600000000000000e+04,-1.987400000000000000e+04,-2.739300000000000000e+04,-1.609700000000000000e+04,1.713200000000000000e+04
-2.928300000000000000e+04,-3.824600000000000000e+04,-9.225000000000000000e+03,-2.048500000000000000e+04,-4.335300000000000000e+04,-2.647300000000000000e+04,-1.384700000000000000e+04,1.177000000000000000e+03
6.967000000000000000e+03,-1.919100000000000000e+04,-1.708100000000000000e+04,-7.646000000000000000e+03,-2.646000000000000000e+04,2.544000000000000000e+03,-3.340800000000000000e+04,-5.120400000000000000e+04
-1.801800000000000000e+04,-2.238900000000000000e+04,-2.119600000000000000e+04,5.620000000000000000e+02,-1.159700000000000000e+04,1.612000000000000000e+03,-1.342300000000000000e+04,-2.514100000000000000e+04
-1.752200000000000000e+04,-2.576600000000000000e+04,-1.463700000000000000e+04,-1.834200000000000000e+04,-1.415200000000000000e+04,-6.021000000000000000e+03,-1.557100000000000000e+04,1.330600000000000000e+04
-2.388100000000000000e+04,-2.399600000000000000e+04,-1.869300000000000000e+04,-2.614500000000000000e+04,-3.165300000000000000e+04,-2.545900000000000000e+04,-1.619000000000000000e+04,1.196900000000000000e+04
-5.968000000000000000e+03,-2.612500000000000000e+04,-3.094900000000000000e+04,7.444000000000000000e+03,-1.110000000000000000e+04,-5.486000000000000000e+03,-2.847800000000000000e+04,-3.196600000000000000e+04
-2.635300000000000000e+04,-2.063700000000000000e+04,-1.241100000000000000e+04,6.694000000000000000e+03,-1.128900000000000000e+04,-1.689300000000000000e+04,-8.129000000000000000e+03,-4.460000000000000000e+04
-1.892600000000000000e+04,-2.992900000000000000e+04,-2.518400000000000000e+04,-6.219000000000000000e+03,-2.576400000000000000e+04,7.136000000000000000e+03,-1.604700000000000000e+04,-2.716400000000000000e+04
-2.640400000000000000e+04,5.880000000000000000e+03,-2.665400000000000000e+04,-1.469100000000000000e+04,-3.721100000000000000e+04,-4.526000000000000000e+03,-1.596600000000000000e+04,-4.402200000000000000e+04
-2.602400000000000000e+04,-2.204200000000000000e+04,-2.217000000000000000e+04,-3.084700000000000000e+04,-3.670200000000000000e+04,-1.260900000000000000e+04,1.349000000000000000e+04,-1.672700000000000000e+04
-1.788500000000000000e+04,-2.995500000000000000e+04,-1.222300000000000000e+04,-9.202000000000000000e+03,6.824000000000000000e+03,-4.102500000000000000e+04,-2.821000000000000000e+04,-1.968900000000000000e+04
-3.378900000000000000e+04,-2.060800000000000000e+04,-2.204300000000000000e+04,-2.362100000000000000e+04,-2.343700000000000000e+04,-2.146200000000000000e+04,2.039300000000000000e+04,-2.562000000000000000e+04
-1.654800000000000000e+04,-2.184400000000000000e+04,-2.478500000000000000e+04,4.645000000000000000e+03,-3.644700000000000000e+04,1.340500000000000000e+04,-2.338000000000000000e+04,-4.328200000000000000e+04
-1.336200000000000000e+04,-1.674100000000000000e+04,-1.354600000000000000e+04,-9.271000000000000000e+03,-1.492100000000000000e+04,1.415700000000000000e+04,-2.089000000000000000e+04,-3.379500000000000000e+04
-3.006900000000000000e+04,3.097000000000000000e+03,-2.897700000000000000e+04,-1.739300000000000000e+04,-4.224700000000000000e+04,-1.249700000000000000e+04,-4.219000000000000000e+03,-3.556900000000000000e+04
-3.230400000000000000e+04,1.558400000000000000e+04,-1.208600000000000000e+04,-9.585000000000000000e+03,-4.647300000000000000e+04,-8.343000000000000000e+03,-1.543800000000000000e+04,-2.285400000000000000e+04
-1.484600000000000000e+04,2.214300000000000000e+04,-2.224600000000000000e+04,-1.453600000000000000e+04,-4.146000000000000000e+04,-1.304800000000000000e+04,-2.161100000000000000e+04,-1.735000000000000000e+04
-1.656400000000000000e+04,-8.519000000000000000e+03,-1.081800000000000000e+04,1.500000000000000000e+01,-2.672000000000000000e+03,-1.415100000000000000e+04,-2.973800000000000000e+04,-4.094700000000000000e+04
-2.745400000000000000e+04,-1.193300000000000000e+04,-1.596800000000000000e+04,-2.761000000000000000e+04,-3.666300000000000000e+04,-2.401700000000000000e+04,2.372300000000000000e+04,-3.160300000000000000e+04
-3.095900000000000000e+04,-3.170100000000000000e+04,-1.547200000000000000e+04,-2.316100000000000000e+04,6.564000000000000000e+03,-4.961000000000000000e+04,-2.421400000000000000e+04,2.256000000000000000e+03
4.801000000000000000e+03,-2.183800000000000000e+04,-1.730800000000000000e+04,7.819000000000000000e+03,-1.431300000000000000e+04,-7.121000000000000000e+03,-2.533200000000000000e+04,-2.131900000000000000e+04
-4.957900000000000000e+04,-2.976300000000000000e+04,-2.460000000000000000e+03,-2.988600000000000000e+04,-1.810100000000000000e+04,-4.594900000000000000e+04,-2.884300000000000000e+04,-3.532000000000000000e+03
-1.025000000000000000e+03,-1.823800000000000000e+04,-1.910100000000000000e+04,-3.490000000000000000e+03,-1.288800000000000000e+04,-1.145000000000000000e+03,-2.567900000000000000e+04,-3.257400000000000000e+04
-2.255500000000000000e+04,2.882100000000000000e+04,-7.415000000000000000e+03,-3.045600000000000000e+04,-4.518800000000000000e+04,-2.677100000000000000e+04,-2.800800000000000000e+04,-2.869300000000000000e+04
-2.020900000000000000e+04,-1.432600000000000000e+04,-9.690000000000000000e+03,-2.283000000000000000e+04,-2.385200000000000000e+04,-1.693900000000000000e+04,1.753500000000000000e+04,-2.404000000000000000e+04
-3.121200000000000000e+04,-1.259500000000000000e+04,-1.932200000000000000e+04,-1.976300000000000000e+04,-2.452100000000000000e+04,-2.961100000000000000e+04,8.806000000000000000e+03,-3.241800000000000000e+04
-2.156900000000000000e+04,-1.676500000000000000e+04,4.870000000000000000e+03,-1.548200000000000000e+04,-5.167000000000000000e+03,-3.692000000000000000e+04,-2.453700000000000000e+04,-1.031600000000000000e+04
-2.574700000000000000e+04,-1.347600000000000000e+04,-1.363400000000000000e+04,-2.903800000000000000e+04,-2.620700000000000000e+04,1.310000000000000000e+02,6.445000000000000000e+03,-2.756400000000000000e+04
1.948000000000000000e+03,-1.845400000000000000e+04,-1.955500000000000000e+04,-7.224000000000000000e+03,-9.533000000000000000e+03,-1.541800000000000000e+04,-1.641200000000000000e+04,-1.769800000000000000e+04
-3.733400000000000000e+04,-1.655400000000000000e+04,1.772000000000000000e+03,-2.134000000000000000e+04,-1.987800000000000000e+04,-2.015200000000000000e+04,-2.129600000000000000e+04,-6.926000000000000000e+03
-1.145300000000000000e+04,-5.346000000000000000e+03,-6.666000000000000000e+03,-2.347000000000000000e+03,-7.350000000000000000e+03,-5.223000000000000000e+03,-1.630000000000000000e+04,-1.132900000000000000e+04
1.511000000000000000e+03,-2.466100000000000000e+04,-6.587000000000000000e+03,-2.205900000000000000e+04,1.746000000000000000e+03,-2.311400000000000000e+04,-1.988300000000000000e+04,-2.492100000000000000e+04
-3.056000000000000000e+03,-2.183400000000000000e+04,-2.253100000000000000e+04,-1.000400000000000000e+04,-1.857100000000000000e+04,-5.372000000000000000e+03,-2.198300000000000000e+04,-3.609000000000000000e+04
-1.363400000000000000e+04,1.609800000000000000e+04,-2.319000000000000000e+04,-1.672400000000000000e+04,-4.158200000000000000e+04,-2.283200000000000000e+04,-2.376900000000000000e+04,-3.226300000000000000e+04
-2.839800000000000000e+04,-3.053200000000000000e+04,-5.120000000000000000e+03,-5.643000000000000000e+03,-5.280000000000000000e+03,-1.347200000000000000e+04,-9.300000000000000000e+03,-2.773400000000000000e+04
-1.834300000000000000e+04,-1.719500000000000000e+04,-2.245700000000000000e+04,-4.437900000000000000e+04,-1.555500000000000000e+04,-2.394600000000000000e+04,2.378800000000000000e+04,-2.352800000000000000e+04
-1.308600000000000000e+04,-1.771900000000000000e+04,3.428000000000000000e+03,-2.275400000000000000e+04,-3.966000000000000000e+03,-7.574000000000000000e+03,-1.856300000000000000e+04,-2.743600000000000000e+04
-1.640100000000000000e+04,-8.611000000000000000e+03,-1.221800000000000000e+04,1.060900000000000000e+04,-3.015000000000000000e+04,4.782000000000000000e+03,-2.016300000000000000e+04,-6.009700000000000000e+04
-8.396000000000000000e+03,1.704000000000000000e+03,-2.092100000000000000e+04,-8.568000000000000000e+03,-2.179400000000000000e+04,-1.323600000000000000e+04,-1.369200000000000000e+04,-1.539200000000000000e+04
-3.174600000000000000e+04,-3.083900000000000000e+04,-2.459300000000000000e+04,-4.193700000000000000e+04,-2.416100000000000000e+04,-2.936600000000000000e+04,-1.867100000000000000e+04,1.724900000000000000e+04
-4.541100000000000000e+04,-2.964300000000000000e+04,-8.156000000000000000e+03,-4.464400000000000000e+04,-3.371900000000000000e+04,-4.528800000000000000e+04,-1.883800000000000000e+04,1.021000000000000000e+04
-3.046200000000000000e+04,2.617200000000000000e+04,-3.601100000000000000e+04,-1.605800000000000000e+04,-5.735400000000000000e+04,-1.601500000000000000e+04,-2.590900000000000000e+04,-4.879000000000000000e+04
-1.143400000000000000e+04,-1.001300000000000000e+04,-5.670000000000000000e+02,7.338000000000000000e+03,-1.326500000000000000e+04,-1.346400000000000000e+04,-1.673600000000000000e+04,-2.931900000000000000e+04
-3.080400000000000000e+04,-2.532200000000000000e+04,-8.117000000000000000e+03,-2.874600000000000000e+04,-3.526400000000000000e+04,-3.393400000000000000e+04,-2.215300000000000000e+04,2.045000000000000000e+04
-2.533300000000000000e+04,2.517500000000000000e+04,-1.226800000000000000e+04,-2.372900000000000000e+04,-4.640300000000000000e+04,-2.625600000000000000e+04,-2.748700000000000000e+04,-4.346200000000000000e+04
-1.441600000000000000e+04,8.697000000000000000e+03,-2.210700000000000000e+04,-9.896000000000000000e+03,-4.199900000000000000e+04,-8.301000000000000000e+03,-1.075300000000000000e+04,-4.702300000000000000e+04
-1.471300000000000000e+04,1.074500000000000000e+04,-2.514200000000000000e+04,-1.571200000000000000e+04,-3.507600000000000000e+04,-2.662600000000000000e+04,-1.323100000000000000e+04,-3.337400000000000000e+04
-2.123800000000000000e+04,-1.793800000000000000e+04,-2.003600000000000000e+04,-8.700000000000000000e+02,-2.815300000000000000e+04,1.207100000000000000e+04,-1.416200000000000000e+04,-3.343200000000000000e+04
-3.110800000000000000e+04,2.455600000000000000e+04,-1.585300000000000000e+04,-2.321200000000000000e+04,-4.217700000000000000e+04,-2.662900000000000000e+04,-5.209000000000000000e+03,-4.132400000000000000e+04
-3.548800000000000000e+04,-2.635200000000000000e+04,-1.990300000000000000e+04,-3.270400000000000000e+04,-3.965200000000000000e+04,-3.462000000000000000e+04,-2.394100000000000000e+04,1.709300000000000000e+04
-8.630000000000000000e+03,3.523200000000000000e+04,-2.067000000000000000e+04,-1.124400000000000000e+04,-6.131300000000000000e+04,-3.723100000000000000e+04,-3.620900000000000000e+04,-4.958300000000000000e+04
-1.161700000000000000e+04,-3.020100000000000000e+04,-1.992600000000000000e+04,-5.052000000000000000e+03,3.211000000000000000e+03,-1.821800000000000000e+04,-1.553400000000000000e+04,-3.216900000000000000e+04
-3.274100000000000000e+04,1.721200000000000000e+04,-3.232100000000000000e+04,-1.948300000000000000e+04,-5.122500000000000000e+04,-3.879000000000000000e+03,-2.058100000000000000e+04,-2.493100000000000000e+04
-3.156800000000000000e+04,-1.915300000000000000e+04,-1.475200000000000000e+04,-1.085800000000000000e+04,-3.625900000000000000e+04,-1.984400000000000000e+04,2.136900000000000000e+04,-3.720200000000000000e+04
-2.610200000000000000e+04,-1.740800000000000000e+04,-2.425300000000000000e+04,-2.118600000000000000e+04,-1.663600000000000000e+04,8.983000000000000000e+03,-1.039200000000000000e+04,-2.393200000000000000e+04
-1.525600000000000000e+04,-1.243600000000000000e+04,-1.284600000000000000e+04,-1.752100000000000000e+04,3.151000000000000000e+03,-1.379700000000000000e+04,-1.894800000000000000e+04,-1.574100000000000000e+04
1.817900000000000000e+04,-1.472000000000000000e+04,-2.245200000000000000e+04,-9.775000000000000000e+03,-1.927900000000000000e+04,-2.292900000000000000e+04,-2.170800000000000000e+04,-3.797300000000000000e+04
-7.498000000000000000e+03,-1.752500000000000000e+04,-1.893300000000000000e+04,-7.430000000000000000e+02,-6.694000000000000000e+03,-4.245000000000000000e+03,-1.110600000000000000e+04,-2.602200000000000000e+04
-2.855000000000000000e+03,-2.834400000000000000e+04,-3.501000000000000000e+03,-1.823200000000000000e+04,1.402400000000000000e+04,-2.168500000000000000e+04,-3.772900000000000000e+04,-4.287200000000000000e+04
-2.667800000000000000e+04,-8.080000000000000000e+03,-7.663000000000000000e+03,-2.015000000000000000e+04,-5.317200000000000000e+04,-2.256600000000000000e+04,1.008500000000000000e+04,-3.791200000000000000e+04
-9.161000000000000000e+03,-2.217500000000000000e+04,-1.539000000000000000e+04,-1.680300000000000000e+04,1.550000000000000000e+03,-1.094800000000000000e+04,-2.069300000000000000e+04,-3.244600000000000000e+04
-4.542000000000000000e+03,-1.906900000000000000e+04,-1.466900000000000000e+04,1.102200000000000000e+04,-1.476300000000000000e+04,-2.492000000000000000e+03,-2.907700000000000000e+04,-4.680100000000000000e+04
-2.045600000000000000e+04,-3.571600000000000000e+04,-7.879000000000000000e+03,-2.248700000000000000e+04,1.165100000000000000e+04,-1.889600000000000000e+04,-2.721100000000000000e+04,-2.699600000000000000e+04
-1.129700000000000000e+04,-1.584100000000000000e+04,-1.946000000000000000e+04,7.970000000000000000e+02,-8.085000000000000000e+03,4.027000000000000000e+03,-1.840300000000000000e+04,-5.661000000000000000e+03
-1.750500000000000000e+04,-1.637500000000000000e+04,-2.282500000000000000e+04,-2.320000000000000000e+02,-2.793200000000000000e+04,1.646900000000000000e+04,-1.244900000000000000e+04,-3.775800000000000000e+04
-3.595000000000000000e+04,-2.711200000000000000e+04,-1.264000000000000000e+04,-4.969400000000000000e+04,-2.718500000000000000e+04,-5.284500000000000000e+04,-3.234900000000000000e+04,2.323100000000000000e+04
-3.282200000000000000e+04,-2.442700000000000000e+04,-1.756000000000000000e+04,-4.922600000000000000e+04,-3.223000000000000000e+04,-3.353000000000000000e+04,-2.372000000000000000e+04,2.121000000000000000e+04
-7.384000000000000000e+03,-2.248800000000000000e+04,-2.670400000000000000e+04,-1.699700000000000000e+04,1.094400000000000000e+04,-1.615200000000000000e+04,-2.408400000000000000e+04,-1.757600000000000000e+04
-1.395600000000000000e+04,2.012900000000000000e+04,-2.485900000000000000e+04,-1.808400000000000000e+04,-3.360400000000000000e+04,-3.235000000000000000e+04,-2.609400000000000000e+04,-4.263000000000000000e+04
-3.246100000000000000e+04,-5.841000000000000000e+03,-2.545600000000000000e+04,-8.781000000000000000e+03,-3.690900000000000000e+04,-3.079200000000000000e+04,1.866000000000000000e+03,-2.530800000000000000e+04
-3.979700000000000000e+04,-1.849800000000000000e+04,-2.276600000000000000e+04,-1.950500000000000000e+04,-3.457700000000000000e+04,-1.996500000000000000e+04,1.109900000000000000e+04,-2.555100000000000000e+04
-3.259900000000000000e+04,-1.645800000000000000e+04,-1.919800000000000000e+04,-2.863300000000000000e+04,-3.247300000000000000e+04,-2.533800000000000000e+04,1.289300000000000000e+04,-2.594900000000000000e+04
-1.078100000000000000e+04,-2.010400000000000000e+04,-1.114000000000000000e+04,-3.809600000000000000e+04,-2.275200000000000000e+04,-1.749100000000000000e+04,1.851500000000000000e+04,-1.049600000000000000e+04
-2.029100000000000000e+04,-1.677500000000000000e+04,-2.021700000000000000e+04,-1.734400000000000000e+04,-2.710000000000000000e+04,-2.451600000000000000e+04,-1.553200000000000000e+04,2.265300000000000000e+04
-6.212000000000000000e+03,2.080900000000000000e+04,-2.637900000000000000e+04,-3.714300000000000000e+04,-5.280900000000000000e+04,-2.458100000000000000e+04,-3.558700000000000000e+04,-2.777500000000000000e+04
-2.495000000000000000e+04,-1.627300000000000000e+04,-1.331000000000000000e+04,-3.451000000000000000e+03,-3.163000000000000000e+03,-9.865000000000000000e+03,-1.874500000000000000e+04,-3.931800000000000000e+04
1.786000000000000000e+04,-2.790700000000000000e+04,-2.325900000000000000e+04,-2.640000000000000000e+02,-1.673700000000000000e+04,-1.125300000000000000e+04,-3.190900000000000000e+04,-4.823000000000000000e+04
-2.297200000000000000e+04,-2.729900000000000000e+04,-2.019300000000000000e+04,7.052000000000000000e+03,-1.737900000000000000e+04,-8.018000000000000000e+03,-9.590000000000000000e+02,-2.489400000000000000e+04
-1.918700000000000000e+04,-1.421800000000000000e+04,-9.981000000000000000e+03,-1.784400000000000000e+04,-1.929700000000000000e+04,-1.176600000000000000e+04,-6.013000000000000000e+03,-2.676900000000000000e+04
-3.042500000000000000e+04,1.053000000000000000e+03,-2.159700000000000000e+04,-2.219900000000000000e+04,-2.818800000000000000e+04,-1.800600000000000000e+04,2.665000000000000000e+03,-2.798200000000000000e+04
-1.608000000000000000e+04,-8.672000000000000000e+03,-2.188000000000000000e+04,-1.501700000000000000e+04,-2.267800000000000000e+04,-1.138600000000000000e+04,1.157900000000000000e+04,-2.686400000000000000e+04
-2.189200000000000000e+04,-1.751500000000000000e+04,-4.134000000000000000e+03,-1.063000000000000000e+03,-1.181500000000000000e+04,-2.337100000000000000e+04,-2.197000000000000000e+04,-2.261400000000000000e+04
-2.263400000000000000e+04,-1.300000000000000000e+01,-3.803000000000000000e+03,-1.500900000000000000e+04,-3.010600000000000000e+04,-2.050100000000000000e+04,-1.203400000000000000e+04,-1.779900000000000000e+04
-1.860300000000000000e+04,-1.557600000000000000e+04,-1.179200000000000000e+04,-4.497000000000000000e+03,-3.027000000000000000e+04,1.925000000000000000e+03,-1.656400000000000000e+04,-3.910200000000000000e+04
-2.771800000000000000e+04,2.304900000000000000e+04,-2.010800000000000000e+04,-1.950000000000000000e+04,-5.101400000000000000e+04,-1.666100000000000000e+04,-3.329200000000000000e+04,-5.069200000000000000e+04
-1.098400000000000000e+04,-1.765100000000000000e+04,-4.235000000000000000e+03,-3.177900000000000000e+04,-3.104600000000000000e+04,-1.765400000000000000e+04,-1.791500000000000000e+04,4.218000000000000000e+03
-2.280200000000000000e+04,1.849300000000000000e+04,-2.146300000000000000e+04,-1.103200000000000000e+04,-4.899900000000000000e+04,-5.407000000000000000e+03,-3.702900000000000000e+04,-4.918700000000000000e+04
-1.432400000000000000e+04,-2.757300000000000000e+04,-8.753000000000000000e+03,-2.276200000000000000e+04,-1.801000000000000000e+03,-3.164900000000000000e+04,-1.743800000000000000e+04,-1.245800000000000000e+04
-9.129000000000000000e+03,-1.441300000000000000e+04,-1.822300000000000000e+04,1.329000000000000000e+04,-1.949300000000000000e+04,-1.045000000000000000e+03,-1.557800000000000000e+04,-2.814000000000000000e+04
-6.445000000000000000e+03,-1.761700000000000000e+04,-2.131800000000000000e+04,1.325200000000000000e+04,-1.720200000000000000e+04,-9.222000000000000000e+03,-2.869700000000000000e+04,-2.661500000000000000e+04
-1.867600000000000000e+04,-1.175900000000000000e+04,1.094800000000000000e+04,-1.884600000000000000e+04,-6.692000000000000000e+03,-2.724200000000000000e+04,-8.229000000000000000e+03,-2.395800000000000000e+04
-1.385800000000000000e+04,-2.576100000000000000e+04,-8.927000000000000000e+03,-2.941900000000000000e+04,-2.075000000000000000e+04,-2.914500000000000000e+04,1.961500000000000000e+04,-1.857400000000000000e+04
-1.846800000000000000e+04,-1.405100000000000000e+04,1.208700000000000000e+04,-8.433000000000000000e+03,-8.625000000000000000e+03,-2.664700000000000000e+04,-1.104300000000000000e+04,-3.845800000000000000e+04
-2.592500000000000000e+04,7.312000000000000000e+03,-2.006800000000000000e+04,-2.568700000000000000e+04,-4.921100000000000000e+04,-1.064500000000000000e+04,-1.527700000000000000e+04,-2.770400000000000000e+04
-4.281300000000000000e+04,-2.459500000000000000e+04,-1.743700000000000000e+04,-3.094900000000000000e+04,-1.960700000000000000e+04,-2.843600000000000000e+04,-2.285000000000000000e+04,-4.355000000000000000e+03
-2.460200000000000000e+04,2.047900000000000000e+04,-2.011800000000000000e+04,-1.961600000000000000e+04,-3.605200000000000000e+04,-1.800200000000000000e+04,-1.584900000000000000e+04,-3.588900000000000000e+04
1.029800000000000000e+04,-2.349600000000000000e+04,-1.960700000000000000e+04,5.356000000000000000e+03,-8.861000000000000000e+03,-1.415800000000000000e+04,-2.405400000000000000e+04,-4.012400000000000000e+04
-9.771000000000000000e+03,-2.168600000000000000e+04,-2.035800000000000000e+04,2.189000000000000000e+03,-2.090600000000000000e+04,-2.312000000000000000e+03,-5.861000000000000000e+03,-3.273300000000000000e+04
-1.059300000000000000e+04,9.774000000000000000e+03,-3.486500000000000000e+04,-1.713100000000000000e+04,-4.563400000000000000e+04,-1.738500000000000000e+04,-1.931800000000000000e+04,-3.964400000000000000e+04
-8.300000000000000000e+03,-1.076300000000000000e+04,-1.793600000000000000e+04,-4.562000000000000000e+03,-4.549200000000000000e+04,1.028500000000000000e+04,-3.050200000000000000e+04,-3.970000000000000000e+04
-1.268200000000000000e+04,-8.757000000000000000e+03,-2.427500000000000000e+04,7.375000000000000000e+03,-2.432100000000000000e+04,-1.154000000000000000e+03,-1.602700000000000000e+04,-4.527500000000000000e+04
-1.612600000000000000e+04,-2.137000000000000000e+03,-2.287700000000000000e+04,-3.286000000000000000e+03,-1.256300000000000000e+04,-7.061000000000000000e+03,-3.045600000000000000e+04,-4.510200000000000000e+04
-4.465000000000000000e+04,-2.242900000000000000e+04,2.337200000000000000e+04,-1.267200000000000000e+04,-2.638500000000000000e+04,-3.147300000000000000e+04,-1.481100000000000000e+04,-2.965300000000000000e+04
-1.693500000000000000e+04,-1.683400000000000000e+04,-1.175000000000000000e+04,-3.005800000000000000e+04,1.311700000000000000e+04,-3.053600000000000000e+04,-2.166800000000000000e+04,-5.039000000000000000e+03
-2.667700000000000000e+04,1.941500000000000000e+04,-1.705600000000000000e+04,-3.397500000000000000e+04,-4.482100000000000000e+04,-1.313300000000000000e+04,-1.520600000000000000e+04,-3.319000000000000000e+04
-1.478200000000000000e+04,-2.209000000000000000e+04,-5.257000000000000000e+03,-3.768200000000000000e+04,-3.703000000000000000e+03,-3.145400000000000000e+04,-1.975100000000000000e+04,4.970000000000000000e+02
2.406000000000000000e+03,-2.353500000000000000e+04,-1.220400000000000000e+04,2.983000000000000000e+03,-2.152600000000000000e+04,9.022000000000000000e+03,-2.091300000000000000e+04,-3.399500000000000000e+04
-4.352400000000000000e+04,-1.701600000000000000e+04,-1.961000000000000000e+03,-6.603000000000000000e+03,-3.048900000000000000e+04,-1.358300000000000000e+04,1.006600000000000000e+04,-5.701900000000000000e+04
-2.869600000000000000e+04,-1.863200000000000000e+04,1.205800000000000000e+04,-9.133000000000000000e+03,-2.104800000000000000e+04,-2.096000000000000000e+04,-1.004200000000000000e+04,-2.657000000000000000e+04
2.040000000000000000e+03,-2.119800000000000000e+04,-1.772600000000000000e+04,-1.917700000000000000e+04,5.803000000000000000e+03,-2.374500000000000000e+04,-3.232100000000000000e+04,-3.167100000000000000e+04
-2.953100000000000000e+04,-1.187600000000000000e+04,-2.887700000000000000e+04,-1.650500000000000000e+04,-2.343500000000000000e+04,-1.727900000000000000e+04,1.161300000000000000e+04,-1.873000000000000000e+04
-4.799000000000000000e+03,-2.760000000000000000e+04,-1.412400000000000000e+04,-8.983000000000000000e+03,-3.465200000000000000e+04,1.874000000000000000e+03,-2.871900000000000000e+04,-4.259500000000000000e+04
-2.442400000000000000e+04,-2.232100000000000000e+04,-9.108000000000000000e+03,-7.273000000000000000e+03,-1.728300000000000000e+04,-2.143000000000000000e+04,2.287000000000000000e+03,-2.486600000000000000e+04
-2.386000000000000000e+04,-2.164900000000000000e+04,-2.204100000000000000e+04,-1.418600000000000000e+04,-2.331500000000000000e+04,-1.973300000000000000e+04,6.953000000000000000e+03,-2.442100000000000000e+04
-1.722400000000000000e+04,-2.352000000000000000e+03,-2.742900000000000000e+04,1.303900000000000000e+04,-5.554900000000000000e+04,-1.171500000000000000e+04,-2.702400000000000000e+04,-5.453900000000000000e+04
-6.751000000000000000e+03,5.402000000000000000e+03,-2.241800000000000000e+04,-1.518700000000000000e+04,-2.686400000000000000e+04,-8.819000000000000000e+03,-2.232300000000000000e+04,-2.077100000000000000e+04
-2.120300000000000000e+04,1.043800000000000000e+04,-2.377100000000000000e+04,-2.171300000000000000e+04,-3.695000000000000000e+04,-6.281000000000000000e+03,-6.186000000000000000e+03,-3.339600000000000000e+04
-3.136100000000000000e+04,-1.785200000000000000e+04,7.800000000000000000e+02,-2.837400000000000000e+04,-2.380000000000000000e+04,-4.540100000000000000e+04,-2.153400000000000000e+04,5.225000000000000000e+03
2.591000000000000000e+03,-3.126900000000000000e+04,-4.935000000000000000e+03,-1.584400000000000000e+04,4.304000000000000000e+03,-1.870500000000000000e+04,-3.014000000000000000e+04,-3.523500000000000000e+04
-2.331600000000000000e+04,2.520900000000000000e+04,-1.803100000000000000e+04,-2.831000000000000000e+04,-5.692900000000000000e+04,-1.585200000000000000e+04,-9.462000000000000000e+03,-5.024000000000000000e+04
-7.231000000000000000e+03,-7.551000000000000000e+03,-2.548600000000000000e+04,1.572000000000000000e+03,-3.737000000000000000e+04,2.361000000000000000e+03,-2.083600000000000000e+04,-3.486400000000000000e+04
-1.203100000000000000e+04,-1.190100000000000000e+04,-2.199900000000000000e+04,5.659000000000000000e+03,-2.700200000000000000e+04,-1.062900000000000000e+04,-1.594600000000000000e+04,-4.046100000000000000e+04
-1.742400000000000000e+04,-1.952500000000000000e+04,-2.032400000000000000e+04,-4.030000000000000000e+03,-1.112600000000000000e+04,-2.041000000000000000e+03,-1.823300000000000000e+04,-3.036700000000000000e+04
-2.854500000000000000e+04,-2.586200000000000000e+04,-1.636500000000000000e+04,-2.705400000000000000e+04,-3.241400000000000000e+04,-2.430200000000000000e+04,5.794000000000000000e+03,-2.113500000000000000e+04
-2.322600000000000000e+04,-1.798900000000000000e+04,-1.686600000000000000e+04,-3.381600000000000000e+04,-1.714800000000000000e+04,-1.421800000000000000e+04,-1.785000000000000000e+04,1.312500000000000000e+04
-4.578000000000000000e+04,-3.581200000000000000e+04,-1.364100000000000000e+04,-4.881700000000000000e+04,-3.460000000000000000e+04,-3.275600000000000000e+04,-2.625600000000000000e+04,1.413700000000000000e+04
-4.161000000000000000e+03,-1.294400000000000000e+04,-1.410100000000000000e+04,1.130600000000000000e+04,-4.010500000000000000e+04,7.600000000000000000e+02,-2.211000000000000000e+04,-3.834300000000000000e+04
-4.025700000000000000e+04,2.001700000000000000e+04,-2.283000000000000000e+04,-1.822500000000000000e+04,-5.940900000000000000e+04,-1.045900000000000000e+04,-3.073200000000000000e+04,-2.645200000000000000e+04
-2.371200000000000000e+04,-8.458000000000000000e+03,-2.394900000000000000e+04,-3.230000000000000000e+02,-4.638000000000000000e+03,3.960000000000000000e+02,-1.553900000000000000e+04,-2.824600000000000000e+04
-1.532900000000000000e+04,-1.964200000000000000e+04,-1.539600000000000000e+04,-1.332000000000000000e+03,-2.345200000000000000e+04,2.109600000000000000e+04,-2.137600000000000000e+04,-3.683800000000000000e+04
4.030000000000000000e+02,-2.354300000000000000e+04,-8.777000000000000000e+03,-2.593000000000000000e+03,-1.440000000000000000e+03,-2.542500000000000000e+04,-1.095800000000000000e+04,-2.777800000000000000e+04
2.584000000000000000e+03,-1.949200000000000000e+04,-1.343700000000000000e+04,-1.096800000000000000e+04,-1.397900000000000000e+04,3.212000000000000000e+03,-2.205700000000000000e+04,-3.603400000000000000e+04
-2.131600000000000000e+04,2.094500000000000000e+04,-2.511700000000000000e+04,-3.053400000000000000e+04,-5.213900000000000000e+04,-7.166000000000000000e+03,-2.866900000000000000e+04,-3.302900000000000000e+04
-7.554000000000000000e+03,-3.488000000000000000e+03,3.364000000000000000e+03,-2.151100000000000000e+04,-2.075100000000000000e+04,-2.761500000000000000e+04,-1.714800000000000000e+04,-2.949700000000000000e+04
-6.955000000000000000e+03,-3.358300000000000000e+04,-1.515200000000000000e+04,-2.581400000000000000e+04,1.174900000000000000e+04,-1.549000000000000000e+04,-3.062500000000000000e+04,-2.135100000000000000e+04
-2.271200000000000000e+04,-1.573700000000000000e+04,-1.950600000000000000e+04,-2.218700000000000000e+04,-1.387400000000000000e+04,-1.243800000000000000e+04,1.280500000000000000e+04,-1.559800000000000000e+04
1.353800000000000000e+04,-1.363500000000000000e+04,-9.438000000000000000e+03,-4.997000000000000000e+03,-1.079800000000000000e+04,-1.670700000000000000e+04,-3.457900000000000000e+04,-4.429100000000000000e+04
-3.745100000000000000e+04,-1.517000000000000000e+04,-2.035700000000000000e+04,-2.192400000000000000e+04,-3.432100000000000000e+04,-1.114900000000000000e+04,4.103000000000000000e+03,-3.885900000000000000e+04
-1.261100000000000000e+04,-2.141100000000000000e+04,-2.185300000000000000e+04,-1.294600000000000000e+04,-1.348200000000000000e+04,2.443200000000000000e+04,-8.748000000000000000e+03,-2.925900000000000000e+04
-3.355900000000000000e+04,-1.915100000000000000e+04,-1.756700000000000000e+04,-1.552800000000000000e+04,-1.945100000000000000e+04,-3.738800000000000000e+04,2.090300000000000000e+04,-3.008500000000000000e+04
6.830000000000000000e+02,-2.778100000000000000e+04,-1.608500000000000000e+04,-7.962000000000000000e+03,-1.957300000000000000e+04,-8.723000000000000000e+03,-2.710700000000000000e+04,-4.302000000000000000e+04
-1.690600000000000000e+04,-2.631300000000000000e+04,-2.047400000000000000e+04,-3.118200000000000000e+04,-2.244000000000000000e+04,-2.911700000000000000e+04,-2.416900000000000000e+04,2.807800000000000000e+04
-2.735700000000000000e+04,-4.859000000000000000e+03,-2.750100000000000000e+04,-2.554100000000000000e+04,-2.628000000000000000e+04,-1.573700000000000000e+04,1.296200000000000000e+04,-1.774900000000000000e+04
-1.322800000000000000e+04,-2.708900000000000000e+04,-2.075300000000000000e+04,4.600000000000000000e+02,1.579000000000000000e+03,-1.066700000000000000e+04,-8.556000000000000000e+03,-1.043900000000000000e+04
-2.700200000000000000e+04,-2.532000000000000000e+04,1.642200000000000000e+04,-3.354900000000000000e+04,-8.927000000000000000e+03,-3.318000000000000000e+04,-1.099900000000000000e+04,-4.587000000000000000e+03
-3.730900000000000000e+04,-2.536900000000000000e+04,-2.455500000000000000e+04,-4.280500000000000000e+04,-4.156800000000000000e+04,-2.864600000000000000e+04,-2.331900000000000000e+04,2.518300000000000000e+04
6.253000000000000000e+03,-2.468600000000000000e+04,-1.294000000000000000e+04,-1.984600000000000000e+04,9.001000000000000000e+03,-1.380400000000000000e+04,-2.680400000000000000e+04,-3.816000000000000000e+04
9.432000000000000000e+03,-1.400100000000000000e+04,-1.505100000000000000e+04,-1.377000000000000000e+04,-3.465000000000000000e+03,-1.693400000000000000e+04,-2.785800000000000000e+04,-3.024600000000000000e+04
-2.605200000000000000e+04,-1.591600000000000000e+04,-2.498300000000000000e+04,2.385000000000000000e+03,-3.581400000000000000e+04,8.338000000000000000e+03,-2.650600000000000000e+04,-5.023000000000000000e+04
-2.445400000000000000e+04,-1.614500000000000000e+04,-5.195000000000000000e+03,-1.805300000000000000e+04,-3.646900000000000000e+04,-3.719800000000000000e+04,-2.582700000000000000e+04,-2.774000000000000000e+03
-1.164800000000000000e+04,1.380000000000000000e+03,-5.272000000000000000e+03,-9.400000000000000000e+03,-2.702800000000000000e+04,-1.329100000000000000e+04,-1.525300000000000000e+04,-4.182900000000000000e+04
-2.710200000000000000e+04,8.856000000000000000e+03,-2.519500000000000000e+04,-1.337800000000000000e+04,-4.742600000000000000e+04,-1.374800000000000000e+04,-8.725000000000000000e+03,-5.103300000000000000e+04
-2.046500000000000000e+04,-1.490800000000000000e+04,-1.526200000000000000e+04,-3.048000000000000000e+03,-3.042500000000000000e+04,1.897900000000000000e+04,-2.209100000000000000e+04,-3.996800000000000000e+04
-1.038700000000000000e+04,9.453000000000000000e+03,-2.077500000000000000e+04,-3.143300000000000000e+04,-2.698200000000000000e+04,-2.837400000000000000e+04,-1.041600000000000000e+04,-2.768100000000000000e+04
-8.485000000000000000e+03,-2.074700000000000000e+04,-2.088700000000000000e+04,-2.375300000000000000e+04,-1.202100000000000000e+04,-2.750600000000000000e+04,7.631000000000000000e+03,-2.312100000000000000e+04
-2.412300000000000000e+04,-1.014900000000000000e+04,-6.688000000000000000e+03,-1.075300000000000000e+04,-2.279300000000000000e+04,-1.945200000000000000e+04,-2.351000000000000000e+03,-3.816300000000000000e+04
-1.660000000000000000e+02,-9.262000000000000000e+03,-1.778700000000000000e+04,-2.623000000000000000e+03,-3.820000000000000000e+03,-1.087800000000000000e+04,-2.217600000000000000e+04,-4.102000000000000000e+04
-4.353500000000000000e+04,-2.256700000000000000e+04,-9.738000000000000000e+03,-1.336500000000000000e+04,-1.131400000000000000e+04,-3.805700000000000000e+04,-2.688900000000000000e+04,1.130400000000000000e+04
3.299000000000000000e+03,-2.304100000000000000e+04,-1.462900000000000000e+04,-2.149600000000000000e+04,-1.773600000000000000e+04,1.097700000000000000e+04,-1.271900000000000000e+04,-1.190600000000000000e+04
-3.555800000000000000e+04,2.642800000000000000e+04,-1.997100000000000000e+04,-1.380800000000000000e+04,-4.568600000000000000e+04,-2.485700000000000000e+04,-2.251800000000000000e+04,-4.115300000000000000e+04
8.480000000000000000e+02,1.145500000000000000e+04,-2.486600000000000000e+04,-2.282300000000000000e+04,-2.287400000000000000e+04,-1.942000000000000000e+04,-2.959200000000000000e+04,-4.743600000000000000e+04
-3.790000000000000000e+03,-9.119000000000000000e+03,-3.666400000000000000e+04,6.420000000000000000e+02,-3.076200000000000000e+04,-3.620000000000000000e+02,-2.638000000000000000e+04,-1.531300000000000000e+04
-1.162800000000000000e+04,-1.484100000000000000e+04,-1.230800000000000000e+04,8.508000000000000000e+03,-1.069500000000000000e+04,-2.165000000000000000e+03,3.450000000000000000e+02,-3.112300000000000000e+04
-7.648000000000000000e+03,-1.650400000000000000e+04,-1.204200000000000000e+04,4.206000000000000000e+03,-5.695000000000000000e+03,-2.929600000000000000e+04,-2.949800000000000000e+04,-3.312100000000000000e+04
-1.353000000000000000e+04,1.768100000000000000e+04,-1.615000000000000000e+04,-2.071700000000000000e+04,-4.226600000000000000e+04,-3.281900000000000000e+04,-1.989300000000000000e+04,-1.726800000000000000e+04
-1.566300000000000000e+04,-1.925600000000000000e+04,-1.167200000000000000e+04,-1.263900000000000000e+04,-3.191900000000000000e+04,-1.742500000000000000e+04,9.053000000000000000e+03,-3.964100000000000000e+04
-2.250600000000000000e+04,-2.822000000000000000e+04,-1.609800000000000000e+04,-1.772700000000000000e+04,1.934900000000000000e+04,-3.235200000000000000e+04,-2.390900000000000000e+04,-2.663600000000000000e+04
-1.241100000000000000e+04,-2.398600000000000000e+04,-3.028900000000000000e+04,-1.539900000000000000e+04,-2.266000000000000000e+04,3.571000000000000000e+03,-2.040700000000000000e+04,-1.516700000000000000e+04
-3.156800000000000000e+04,-6.364000000000000000e+03,-1.538200000000000000e+04,-2.152800000000000000e+04,-4.155300000000000000e+04,-2.540100000000000000e+04,1.535100000000000000e+04,-3.274700000000000000e+04
-2.036700000000000000e+04,2.879900000000000000e+04,-2.912600000000000000e+04,-2.356100000000000000e+04,-3.874000000000000000e+04,-1.098600000000000000e+04,-1.692200000000000000e+04,-2.824700000000000000e+04
9.678000000000000000e+03,-1.774600000000000000e+04,-1.545900000000000000e+04,-2.001100000000000000e+04,-7.549000000000000000e+03,4.750000000000000000e+02,-2.844700000000000000e+04,-4.234900000000000000e+04
-6.134000000000000000e+03,-1.093600000000000000e+04,-1.555700000000000000e+04,3.542000000000000000e+03,-1.429500000000000000e+04,-2.224900000000000000e+04,-2.326400000000000000e+04,-2.796700000000000000e+04
-4.196200000000000000e+04,-2.386600000000000000e+04,-1.065800000000000000e+04,-3.689200000000000000e+04,-3.188700000000000000e+04,-2.831400000000000000e+04,-2.069700000000000000e+04,8.218000000000000000e+03
-2.596800000000000000e+04,-1.200300000000000000e+04,-1.932900000000000000e+04,-2.605600000000000000e+04,-2.901800000000000000e+04,4.135000000000000000e+03,-1.081700000000000000e+04,-2.063100000000000000e+04
-1.215300000000000000e+04,-1.209400000000000000e+04,-2.093200000000000000e+04,-5.823000000000000000e+03,-3.610800000000000000e+04,4.332000000000000000e+03,-2.260700000000000000e+04,-3.331900000000000000e+04
-1.727900000000000000e+04,-1.756800000000000000e+04,-9.695000000000000000e+03,-3.687900000000000000e+04,-2.443500000000000000e+04,-3.780500000000000000e+04,-1.637900000000000000e+04,9.508000000000000000e+03
-3.020500000000000000e+04,-1.892000000000000000e+04,2.309100000000000000e+04,3.708000000000000000e+03,-2.378100000000000000e+04,-3.467200000000000000e+04,-1.473800000000000000e+04,-2.151400000000000000e+04
-1.740900000000000000e+04,3.040000000000000000e+02,-2.460400000000000000e+04,-1.324400000000000000e+04,-4.092900000000000000e+04,4.701000000000000000e+03,-2.065700000000000000e+04,-5.141600000000000000e+04
-3.878700000000000000e+04,-2.624900000000000000e+04,-1.371000000000000000e+04,-4.438700000000000000e+04,-3.991300000000000000e+04,-2.595200000000000000e+04,-2.237300000000000000e+04,1.539200000000000000e+04
-1.732200000000000000e+04,-1.812100000000000000e+04,-2.639000000000000000e+03,2.471000000000000000e+03,-1.066500000000000000e+04,-1.563700000000000000e+04,-2.921000000000000000e+03,-2.473700000000000000e+04
-2.019700000000000000e+04,-1.885900000000000000e+04,-2.282900000000000000e+04,-7.286000000000000000e+03,-3.548200000000000000e+04,6.136000000000000000e+03,-1.394700000000000000e+04,-2.861200000000000000e+04
-3.057000000000000000e+04,-2.717600000000000000e+04,-1.100800000000000000e+04,-2.528500000000000000e+04,-2.340500000000000000e+04,-2.356800000000000000e+04,-2.749400000000000000e+04,2.047500000000000000e+04
-2.418900000000000000e+04,-5.941000000000000000e+03,-1.116500000000000000e+04,-1.869300000000000000e+04,-2.729900000000000000e+04,-2.481200000000000000e+04,1.244700000000000000e+04,-3.132200000000000000e+04
-1.896700000000000000e+04,-1.575100000000000000e+04,-1.542200000000000000e+04,-2.646500000000000000e+04,-1.168000000000000000e+04,-1.958100000000000000e+04,1.253100000000000000e+04,-2.285100000000000000e+04
-1.048700000000000000e+04,-6.709000000000000000e+03,-1.632100000000000000e+04,7.401000000000000000e+03,-2.388100000000000000e+04,9.930000000000000000e+02,-1.071700000000000000e+04,-3.114600000000000000e+04
-6.766000000000000000e+03,-2.224500000000000000e+04,-2.299000000000000000e+04,-3.244000000000000000e+03,-2.502600000000000000e+04,5.903000000000000000e+03,-1.657600000000000000e+04,-4.237100000000000000e+04
-1.052800000000000000e+04,1.796200000000000000e+04,-1.368100000000000000e+04,-1.783100000000000000e+04,-3.396300000000000000e+04,-2.591400000000000000e+04,-1.868000000000000000e+04,-3.025800000000000000e+04
-2.387100000000000000e+04,1.915900000000000000e+04,-3.217000000000000000e+04,-1.121800000000000000e+04,-4.160100000000000000e+04,-2.475400000000000000e+04,-9.608000000000000000e+03,-2.137500000000000000e+04
-1.090000000000000000e+04,-1.910800000000000000e+04,-3.137000000000000000e+03,-1.180300000000000000e+04,-6.732000000000000000e+03,2.777000000000000000e+03,-2.565900000000000000e+04,-3.028300000000000000e+04
-8.301000000000000000e+03,1.174200000000000000e+04,-2.309700000000000000e+04,-2.699600000000000000e+04,-4.874600000000000000e+04,-1.046300000000000000e+04,-2.237800000000000000e+04,-3.886600000000000000e+04
-1.695200000000000000e+04,-1.674700000000000000e+04,-1.430900000000000000e+04,-2.570500000000000000e+04,-4.177600000000000000e+04,-1.545100000000000000e+04,2.033300000000000000e+04,-3.377300000000000000e+04
-2.218000000000000000e+03,-2.655900000000000000e+04,-2.145800000000000000e+04,-1.433900000000000000e+04,-7.857000000000000000e+03,2.280000000000000000e+02,-2.949900000000000000e+04,-3.714400000000000000e+04
5.064000000000000000e+03,-1.876200000000000000e+04,-1.377700000000000000e+04,3.256000000000000000e+03,-1.317000000000000000e+04,-1.003500000000000000e+04,-2.345100000000000000e+04,-2.646200000000000000e+04
-3.220400000000000000e+04,-2.637900000000000000e+04,-1.827600000000000000e+04,-2.922700000000000000e+04,-1.901800000000000000e+04,-1.757000000000000000e+04,-1.608600000000000000e+04,1.778800000000000000e+04
-1.220400000000000000e+04,-1.553000000000000000e+04,-1.852900000000000000e+04,-2.445000000000000000e+04,-3.192900000000000000e+04,-1.393700000000000000e+04,7.408000000000000000e+03,-2.361200000000000000e+04
-9.848000000000000000e+03,-2.027400000000000000e+04,-1.985200000000000000e+04,-1.435900000000000000e+04,-2.729200000000000000e+04,1.199800000000000000e+04,-1.641600000000000000e+04,-1.613400000000000000e+04
-3.274900000000000000e+04,-2.567600000000000000e+04,-1.261800000000000000e+04,-3.550100000000000000e+04,-3.248600000000000000e+04,-3.210300000000000000e+04,-2.534600000000000000e+04,1.628200000000000000e+04
-1.317900000000000000e+04,-2.608400000000000000e+04,-6.938000000000000000e+03,-3.396000000000000000e+03,-2.476500000000000000e+04,4.890000000000000000e+03,-3.423100000000000000e+04,-4.828200000000000000e+04
-1.784200000000000000e+04,-2.736200000000000000e+04,-2.206000000000000000e+03,-1.062500000000000000e+04,2.112500000000000000e+04,-1.512800000000000000e+04,-3.645100000000000000e+04,-1.457200000000000000e+04
-5.089600000000000000e+04,-1.257900000000000000e+04,-1.800000000000000000e+04,-2.252300000000000000e+04,-3.658000000000000000e+04,-1.906600000000000000e+04,3.441300000000000000e+04,-3.303800000000000000e+04
-2.959400000000000000e+04,-2.003600000000000000e+04,-2.589300000000000000e+04,-2.003000000000000000e+04,-2.956700000000000000e+04,-2.344500000000000000e+04,-1.716900000000000000e+04,1.693600000000000000e+04
-2.372100000000000000e+04,-1.531300000000000000e+04,-1.477900000000000000e+04,-2.644600000000000000e+04,-2.625800000000000000e+04,-1.236000000000000000e+04,7.671000000000000000e+03,-2.285800000000000000e+04
-3.006300000000000000e+04,-2.077000000000000000e+04,-1.628800000000000000e+04,-1.576100000000000000e+04,-2.585300000000000000e+04,-1.258800000000000000e+04,2.642300000000000000e+04,-3.177700000000000000e+04
-1.549500000000000000e+04,-1.784600000000000000e+04,-2.122500000000000000e+04,-2.839100000000000000e+04,-2.438700000000000000e+04,-1.626100000000000000e+04,-1.715500000000000000e+04,1.430800000000000000e+04
-8.588000000000000000e+03,-8.698000000000000000e+03,-4.929000000000000000e+03,7.946000000000000000e+03,-2.393100000000000000e+04,-2.170700000000000000e+04,-3.338400000000000000e+04,-3.774000000000000000e+04
-3.757100000000000000e+04,4.645000000000000000e+03,-1.504000000000000000e+04,-2.777900000000000000e+04,-4.401900000000000000e+04,-3.581000000000000000e+03,7.236000000000000000e+03,-4.646000000000000000e+04
-2.551100000000000000e+04,-1.115400000000000000e+04,-1.042600000000000000e+04,-1.791100000000000000e+04,-2.341000000000000000e+04,-2.671700000000000000e+04,8.921000000000000000e+03,-2.216300000000000000e+04
8.915000000000000000e+03,-1.886700000000000000e+04,-1.530800000000000000e+04,-1.598900000000000000e+04,-1.581600000000000000e+04,-5.211000000000000000e+03,-2.998200000000000000e+04,-5.633100000000000000e+04
-5.742000000000000000e+03,6.542000000000000000e+03,-2.401500000000000000e+04,-1.770000000000000000e+04,-3.403800000000000000e+04,-1.743700000000000000e+04,-2.490300000000000000e+04,-4.154600000000000000e+04
1.130000000000000000e+03,-2.347700000000000000e+04,-2.132100000000000000e+04,-2.854000000000000000e+03,-3.471000000000000000e+04,3.695000000000000000e+03,-3.690300000000000000e+04,-4.797500000000000000e+04
-1.505500000000000000e+04,-1.590000000000000000e+04,-8.713000000000000000e+03,-2.128000000000000000e+03,-2.927300000000000000e+04,-2.662400000000000000e+04,-5.790000000000000000e+03,-3.070600000000000000e+04
-2.110000000000000000e+03,-8.704000000000000000e+03,-1.963200000000000000e+04,1.460000000000000000e+03,-1.394600000000000000e+04,-2.450800000000000000e+04,-1.583400000000000000e+04,-4.038500000000000000e+04
-1.354500000000000000e+04,-1.760500000000000000e+04,-1.558300000000000000e+04,-1.104500000000000000e+04,-2.817400000000000000e+04,-3.340000000000000000e+03,1.206700000000000000e+04,-2.970400000000000000e+04
-8.570000000000000000e+03,-2.391700000000000000e+04,-1.564200000000000000e+04,-1.890800000000000000e+04,-1.219500000000000000e+04,-3.313300000000000000e+04,1.182200000000000000e+04,-2.439600000000000000e+04
-2.218800000000000000e+04,-2.147100000000000000e+04,-2.006900000000000000e+04,-2.232600000000000000e+04,-1.556900000000000000e+04,-1.114400000000000000e+04,-1.233100000000000000e+04,2.281100000000000000e+04
-3.591900000000000000e+04,-2.513000000000000000e+04,-1.898900000000000000e+04,-2.124100000000000000e+04,-3.294700000000000000e+04,-1.024200000000000000e+04,1.449600000000000000e+04,-2.425800000000000000e+04
-1.062700000000000000e+04,2.141900000000000000e+04,-2.907700000000000000e+04,-2.150500000000000000e+04,-5.065900000000000000e+04,-8.407000000000000000e+03,-2.368400000000000000e+04,-2.776600000000000000e+04
-3.830000000000000000e+04,-1.222900000000000000e+04,-2.295900000000000000e+04,9.209000000000000000e+03,-2.726000000000000000e+04,-9.828000000000000000e+03,-2.380000000000000000e+02,-4.293600000000000000e+04
-1.952400000000000000e+04,2.455800000000000000e+04,-1.865300000000000000e+04,-1.967800000000000000e+04,-4.823000000000000000e+04,-2.286000000000000000e+04,-3.380800000000000000e+04,-4.098100000000000000e+04
-2.674500000000000000e+04,-1.750600000000000000e+04,-5.338000000000000000e+03,-1.698000000000000000e+04,-1.464700000000000000e+04,-2.921400000000000000e+04,-3.317600000000000000e+04,5.240000000000000000e+02
2.120000000000000000e+03,-2.702200000000000000e+04,-1.133300000000000000e+04,-1.830800000000000000e+04,-2.390400000000000000e+04,1.604200000000000000e+04,-3.188400000000000000e+04,-4.298900000000000000e+04
6.831000000000000000e+03,-2.524200000000000000e+04,-1.917600000000000000e+04,-9.377000000000000000e+03,-2.036000000000000000e+03,-2.570800000000000000e+04,-2.250600000000000000e+04,-2.099900000000000000e+04
-5.932000000000000000e+03,-1.045500000000000000e+04,-2.317400000000000000e+04,-9.052000000000000000e+03,-3.611500000000000000e+04,1.469500000000000000e+04,-2.471400000000000000e+04,-3.941200000000000000e+04
1.836000000000000000e+03,-8.913000000000000000e+03,-2.168100000000000000e+04,-9.650000000000000000e+02,-5.298000000000000000e+03,-3.356000000000000000e+03,-1.774100000000000000e+04,-2.138200000000000000e+04
-2.565500000000000000e+04,1.153700000000000000e+04,-2.137400000000000000e+04,-3.859000000000000000e+03,-4.239500000000000000e+04,-7.120000000000000000e+03,-8.163000000000000000e+03,-3.444400000000000000e+04
-2.557000000000000000e+04,-2.668200000000000000e+04,-2.949700000000000000e+04,-3.376100000000000000e+04,-3.106700000000000000e+04,-3.528900000000000000e+04,-2.532200000000000000e+04,2.283700000000000000e+04
-2.088400000000000000e+04,-1.971500000000000000e+04,-2.445500000000000000e+04,4.150000000000000000e+02,-1.591400000000000000e+04,-1.305700000000000000e+04,2.176000000000000000e+03,-3.116300000000000000e+04
-1.961900000000000000e+04,-3.131000000000000000e+03,-2.836100000000000000e+04,-2.064700000000000000e+04,-3.100600000000000000e+04,-2.332500000000000000e+04,-4.480000000000000000e+02,-3.112500000000000000e+04
-1.090700000000000000e+04,8.942000000000000000e+03,-2.394300000000000000e+04,-1.658900000000000000e+04,-4.275100000000000000e+04,-2.028100000000000000e+04,-2.137700000000000000e+04,-5.121500000000000000e+04
-1.303700000000000000e+04,-1.239800000000000000e+04,-8.456000000000000000e+03,-1.930100000000000000e+04,-1.347500000000000000e+04,-1.449000000000000000e+04,-2.380200000000000000e+04,-3.321900000000000000e+04
-4.411200000000000000e+04,-2.564700000000000000e+04,3.644700000000000000e+04,-2.735400000000000000e+04,-2.053300000000000000e+04,-3.611100000000000000e+04,-5.294000000000000000e+03,-2.684000000000000000e+04
-3.982700000000000000e+04,-1.535100000000000000e+04,-2.693400000000000000e+04,-2.116400000000000000e+04,-2.738800000000000000e+04,4.616000000000000000e+03,2.154700000000000000e+04,-2.714700000000000000e+04
-8.810000000000000000e+03,-2.252800000000000000e+04,1.321000000000000000e+04,-2.683300000000000000e+04,-1.643800000000000000e+04,-4.622100000000000000e+04,-2.094900000000000000e+04,-6.431000000000000000e+03
-1.320800000000000000e+04,-1.100800000000000000e+04,-1.861600000000000000e+04,-1.182800000000000000e+04,-3.615900000000000000e+04,6.036000000000000000e+03,-8.069000000000000000e+03,-4.219000000000000000e+04
-2.677700000000000000e+04,-5.407000000000000000e+03,-1.015000000000000000e+04,-8.353000000000000000e+03,-1.767500000000000000e+04,-1.628400000000000000e+04,-1.602000000000000000e+03,-2.874700000000000000e+04
-2.085600000000000000e+04,-6.405000000000000000e+03,-1.600900000000000000e+04,9.909000000000000000e+03,-4.550800000000000000e+04,4.670000000000000000e+03,-2.578400000000000000e+04,-4.937400000000000000e+04
-2.932300000000000000e+04,-1.538200000000000000e+04,-5.882000000000000000e+03,-7.922000000000000000e+03,-2.691200000000000000e+04,-1.729400000000000000e+04,1.417700000000000000e+04,-2.199300000000000000e+04
-1.167200000000000000e+04,2.040000000000000000e+03,-5.751000000000000000e+03,-1.767800000000000000e+04,-2.840000000000000000e+04,-3.088400000000000000e+04,-5.267000000000000000e+03,-3.546000000000000000e+04
-1.251500000000000000e+04,-1.958700000000000000e+04,-6.615000000000000000e+03,-1.470500000000000000e+04,-2.355900000000000000e+04,4.062000000000000000e+03,2.252000000000000000e+03,-3.402000000000000000e+04
-1.309900000000000000e+04,2.485000000000000000e+04,-3.022900000000000000e+04,-3.628300000000000000e+04,-5.149400000000000000e+04,-9.148000000000000000e+03,-3.845400000000000000e+04,-2.869800000000000000e+04
-1.309500000000000000e+04,-1.438000000000000000e+04,-1.073200000000000000e+04,-1.456000000000000000e+03,6.865000000000000000e+03,-1.597200000000000000e+04,-1.966900000000000000e+04,-3.171500000000000000e+04
-1.506200000000000000e+04,-4.286000000000000000e+03,-1.802900000000000000e+04,-5.123000000000000000e+03,-4.796500000000000000e+04,5.242000000000000000e+03,-3.650700000000000000e+04,-2.352700000000000000e+04
-1.591900000000000000e+04,-2.427200000000000000e+04,-4.001300000000000000e+04,1.020000000000000000e+03,-3.221600000000000000e+04,1.430300000000000000e+04,-2.044100000000000000e+04,-2.727100000000000000e+04
-2.208900000000000000e+04,-1.713500000000000000e+04,2.087600000000000000e+04,-1.431300000000000000e+04,-2.007200000000000000e+04,-3.204300000000000000e+04,-2.336700000000000000e+04,-1.006000000000000000e+04
-1.106900000000000000e+04,-2.551500000000000000e+04,-6.668000000000000000e+03,-1.502800000000000000e+04,5.570000000000000000e+03,-1.783900000000000000e+04,-1.621300000000000000e+04,-3.109500000000000000e+04
-2.173700000000000000e+04,-7.495000000000000000e+03,-2.927600000000000000e+04,-7.290000000000000000e+03,-1.945000000000000000e+04,6.690000000000000000e+02,-2.408200000000000000e+04,-5.257500000000000000e+04
-2.033500000000000000e+04,-2.039800000000000000e+04,-1.842800000000000000e+04,-6.898000000000000000e+03,-2.425100000000000000e+04,-1.993100000000000000e+04,-6.810000000000000000e+02,-1.393500000000000000e+04
-4.289900000000000000e+04,-3.105500000000000000e+04,1.325000000000000000e+04,-2.529600000000000000e+04,-3.078000000000000000e+04,-4.012800000000000000e+04,1.909000000000000000e+03,-1.846700000000000000e+04
-7.486000000000000000e+03,-2.644800000000000000e+04,-1.675300000000000000e+04,-1.638500000000000000e+04,9.366000000000000000e+03,1.018000000000000000e+03,-2.825800000000000000e+04,-3.238100000000000000e+04
-2.038600000000000000e+04,-1.317300000000000000e+04,-2.293800000000000000e+04,-3.025600000000000000e+04,-2.131700000000000000e+04,-1.288000000000000000e+04,2.229300000000000000e+04,-1.842000000000000000e+04
-2.527300000000000000e+04,-2.461000000000000000e+04,-2.053000000000000000e+04,-4.066300000000000000e+04,-2.643900000000000000e+04,-3.665000000000000000e+04,-2.378000000000000000e+04,5.999000000000000000e+03
-1.404400000000000000e+04,-2.230200000000000000e+04,-1.799700000000000000e+04,9.536000000000000000e+03,-1.491000000000000000e+04,1.135300000000000000e+04,-2.208800000000000000e+04,-4.933300000000000000e+04
-2.404700000000000000e+04,-2.191800000000000000e+04,-2.380400000000000000e+04,-3.387800000000000000e+04,-1.768700000000000000e+04,-1.906000000000000000e+04,-2.062000000000000000e+04,2.250200000000000000e+04
-8.807000000000000000e+03,-1.966700000000000000e+04,-8.196000000000000000e+03,-1.093600000000000000e+04,-9.307000000000000000e+03,-2.373200000000000000e+04,-1.534500000000000000e+04,-3.069200000000000000e+04
-2.311800000000000000e+04,-1.434000000000000000e+04,-1.601900000000000000e+04,1.219200000000000000e+04,-3.060400000000000000e+04,-7.263000000000000000e+03,-1.417000000000000000e+04,-3.639200000000000000e+04
-2.513600000000000000e+04,2.757700000000000000e+04,-2.185800000000000000e+04,-3.394200000000000000e+04,-3.756000000000000000e+04,-1.731700000000000000e+04,-2.443900000000000000e+04,-4.217700000000000000e+04
-1.069500000000000000e+04,2.200500000000000000e+04,-1.152100000000000000e+04,-1.854800000000000000e+04,-4.608400000000000000e+04,-2.114900000000000000e+04,-1.119600000000000000e+04,-4.323900000000000000e+04
-2.074100000000000000e+04,-2.369500000000000000e+04,-1.410500000000000000e+04,-4.228500000000000000e+04,-1.563400000000000000e+04,-3.023300000000000000e+04,-1.669300000000000000e+04,1.285800000000000000e+04
-2.262600000000000000e+04,-1.780100000000000000e+04,-2.434700000000000000e+04,-7.517000000000000000e+03,-1.509400000000000000e+04,9.895000000000000000e+03,-1.180300000000000000e+04,-2.347200000000000000e+04
-5.686800000000000000e+04,-3.726500000000000000e+04,-8.045000000000000000e+03,-3.688500000000000000e+04,-3.979700000000000000e+04,-3.926300000000000000e+04,-2.810500000000000000e+04,1.308800000000000000e+04
8.654000000000000000e+03,-2.077600000000000000e+04,-3.249000000000000000e+04,-1.010000000000000000e+03,-1.717200000000000000e+04,6.111000000000000000e+03,-2.997500000000000000e+04,-2.970300000000000000e+04
-2.438000000000000000e+04,-2.613100000000000000e+04,4.153000000000000000e+03,-3.205800000000000000e+04,-2.756100000000000000e+04,-4.044600000000000000e+04,-6.425000000000000000e+03,-5.364000000000000000e+03
-2.144100000000000000e+04,1.684100000000000000e+04,-6.093000000000000000e+03,-6.873000000000000000e+03,-4.529800000000000000e+04,-2.168900000000000000e+04,-3.131300000000000000e+04,-3.901500000000000000e+04
-3.159500000000000000e+04,-1.750400000000000000e+04,8.400000000000000000e+01,-5.118000000000000000e+03,-1.495900000000000000e+04,-3.064300000000000000e+04,-1.172500000000000000e+04,-2.952000000000000000e+03
-6.140000000000000000e+03,-1.910000000000000000e+03,-2.121000000000000000e+03,-1.367700000000000000e+04,-2.395000000000000000e+04,-1.724800000000000000e+04,-2.549400000000000000e+04,-3.256200000000000000e+04
-2.283200000000000000e+04,-2.098800000000000000e+04,8.756000000000000000e+03,-8.146000000000000000e+03,-1.391500000000000000e+04,-3.574300000000000000e+04,-1.516200000000000000e+04,-8.547000000000000000e+03
-1.943500000000000000e+04,-1.337100000000000000e+04,-5.119000000000000000e+03,-6.020000000000000000e+02,-1.704000000000000000e+03,-1.361400000000000000e+04,-6.596000000000000000e+03,-3.761000000000000000e+03
-3.227300000000000000e+04,-2.262700000000000000e+04,-6.251000000000000000e+03,-3.821800000000000000e+04,-2.979900000000000000e+04,-3.182400000000000000e+04,-2.447300000000000000e+04,7.270000000000000000e+02
-2.008200000000000000e+04,-1.363600000000000000e+04,-2.855000000000000000e+03,2.247000000000000000e+03,-5.171900000000000000e+04,3.636000000000000000e+03,-3.610100000000000000e+04,-5.320600000000000000e+04
-1.460900000000000000e+04,-9.974000000000000000e+03,-1.884200000000000000e+04,-6.513000000000000000e+03,-2.932600000000000000e+04,-7.883000000000000000e+03,-1.050200000000000000e+04,-2.364700000000000000e+04
9.484000000000000000e+03,-2.517900000000000000e+04,-2.425100000000000000e+04,-1.329300000000000000e+04,1.603900000000000000e+04,-2.199400000000000000e+04,-2.516400000000000000e+04,-4.249300000000000000e+04
-2.398800000000000000e+04,-1.220700000000000000e+04,-2.807600000000000000e+04,-2.096000000000000000e+04,-2.201100000000000000e+04,-2.123800000000000000e+04,7.439000000000000000e+03,-1.837000000000000000e+04
-4.202900000000000000e+04,-2.538500000000000000e+04,1.781100000000000000e+04,-1.768400000000000000e+04,-2.022500000000000000e+04,-3.056600000000000000e+04,-1.573400000000000000e+04,-3.079600000000000000e+04
-2.183900000000000000e+04,-3.090300000000000000e+04,9.400000000000000000e+02,-4.182400000000000000e+04,-2.367800000000000000e+04,-4.175000000000000000e+04,-3.376300000000000000e+04,9.009000000000000000e+03
-1.666200000000000000e+04,2.736000000000000000e+03,-1.913300000000000000e+04,-1.277700000000000000e+04,-2.228600000000000000e+04,-1.268800000000000000e+04,-2.331200000000000000e+04,-3.590600000000000000e+04
-2.656000000000000000e+03,-1.894200000000000000e+04,-6.709000000000000000e+03,2.289000000000000000e+04,-1.102100000000000000e+04,-1.412200000000000000e+04,-2.243500000000000000e+04,-4.549700000000000000e+04
5.642000000000000000e+03,-2.734900000000000000e+04,-2.958700000000000000e+04,-1.479000000000000000e+04,-1.899600000000000000e+04,1.110000000000000000e+03,-2.056800000000000000e+04,-3.750200000000000000e+04
4.631000000000000000e+03,-2.723800000000000000e+04,-1.308100000000000000e+04,1.660000000000000000e+02,3.458000000000000000e+03,-1.621800000000000000e+04,-1.879800000000000000e+04,-2.703700000000000000e+04
-3.190500000000000000e+04,-2.948600000000000000e+04,-9.107000000000000000e+03,-2.115900000000000000e+04,-1.460000000000000000e+02,-3.212700000000000000e+04,-2.982900000000000000e+04,-1.689200000000000000e+04
-4.271700000000000000e+04,-2.919200000000000000e+04,-1.793600000000000000e+04,-3.898100000000000000e+04,-1.317000000000000000e+04,-1.968100000000000000e+04,-2.882200000000000000e+04,2.188800000000000000e+04
-1.567400000000000000e+04,-8.066000000000000000e+03,-2.233800000000000000e+04,-1.507600000000000000e+04,-3.411300000000000000e+04,-1.326600000000000000e+04,7.713000000000000000e+03,-3.965200000000000000e+04
-1.963400000000000000e+04,-2.344600000000000000e+04,-1.421800000000000000e+04,-3.279700000000000000e+04,2.250100000000000000e+04,-1.903700000000000000e+04,-2.239000000000000000e+04,-1.324900000000000000e+04
-2.141100000000000000e+04,-9.978000000000000000e+03,-1.755200000000000000e+04,-1.099600000000000000e+04,-1.823000000000000000e+04,-1.999800000000000000e+04,-1.532000000000000000e+03,-3.947600000000000000e+04
-8.966000000000000000e+03,-2.185400000000000000e+04,-1.849000000000000000e+04,-7.387000000000000000e+03,-2.088600000000000000e+04,1.325000000000000000e+04,-2.507400000000000000e+04,-2.717900000000000000e+04
-1.358400000000000000e+04,-6.805000000000000000e+03,-6.807000000000000000e+03,-1.362900000000000000e+04,-1.953000000000000000e+04,-1.194100000000000000e+04,-7.633000000000000000e+03,-4.076100000000000000e+04
-2.965000000000000000e+04,-2.361700000000000000e+04,-7.117000000000000000e+03,-3.346100000000000000e+04,-2.150400000000000000e+04,-3.057600000000000000e+04,-6.854000000000000000e+03,3.659000000000000000e+03
-2.270300000000000000e+04,-1.246200000000000000e+04,-1.387100000000000000e+04,-3.130100000000000000e+04,-1.764400000000000000e+04,-2.447900000000000000e+04,7.809000000000000000e+03,-9.857000000000000000e+03
-8.455000000000000000e+03,-3.130000000000000000e+03,-2.817700000000000000e+04,9.608000000000000000e+03,-4.446100000000000000e+04,-5.777000000000000000e+03,-3.434000000000000000e+04,-3.707300000000000000e+04
-2.873700000000000000e+04,2.497300000000000000e+04,-2.235400000000000000e+04,-8.470000000000000000e+03,-4.492900000000000000e+04,-1.802100000000000000e+04,-2.241600000000000000e+04,-3.518400000000000000e+04
-1.860800000000000000e+04,-2.710400000000000000e+04,-2.060100000000000000e+04,-2.729400000000000000e+04,1.176000000000000000e+04,-4.160400000000000000e+04,-3.200600000000000000e+04,-1.630400000000000000e+04
-2.108000000000000000e+04,-2.546700000000000000e+04,-1.872100000000000000e+04,1.975700000000000000e+04,-3.621300000000000000e+04,5.880000000000000000e+02,-9.097000000000000000e+03,-3.380400000000000000e+04
-1.351800000000000000e+04,1.123300000000000000e+04,-2.348300000000000000e+04,-1.794500000000000000e+04,-5.129300000000000000e+04,-2.736300000000000000e+04,-3.390800000000000000e+04,-3.332400000000000000e+04
-1.974800000000000000e+04,-2.065200000000000000e+04,-1.474600000000000000e+04,-2.322400000000000000e+04,-1.186000000000000000e+04,-2.366900000000000000e+04,-1.212900000000000000e+04,1.376200000000000000e+04
-2.831800000000000000e+04,-2.028900000000000000e+04,-2.496400000000000000e+04,-6.494000000000000000e+03,-2.733400000000000000e+04,-1.282700000000000000e+04,1.126400000000000000e+04,-3.675000000000000000e+04
-1.370100000000000000e+04,-2.619900000000000000e+04,-2.901600000000000000e+04,-4.276000000000000000e+03,-1.068200000000000000e+04,-9.220000000000000000e+02,-2.697200000000000000e+04,-3.648000000000000000e+04
2.866000000000000000e+03,-2.058500000000000000e+04,-1.805500000000000000e+04,1.753900000000000000e+04,-9.885000000000000000e+03,-6.638000000000000000e+03,-2.102900000000000000e+04,-4.481600000000000000e+04
-9.825000000000000000e+03,-3.203400000000000000e+04,-1.538200000000000000e+04,-1.190600000000000000e+04,3.955000000000000000e+03,-2.863000000000000000e+04,-1.430600000000000000e+04,-2.461600000000000000e+04
-2.552600000000000000e+04,-1.602100000000000000e+04,-2.006000000000000000e+04,-2.699600000000000000e+04,-3.794900000000000000e+04,-2.834800000000000000e+04,1.312000000000000000e+04,-3.320200000000000000e+04
-1.089600000000000000e+04,-8.534000000000000000e+03,-1.751700000000000000e+04,-2.739700000000000000e+04,-2.580500000000000000e+04,-9.207000000000000000e+03,5.919000000000000000e+03,-9.849000000000000000e+03
-1.806200000000000000e+04,5.109000000000000000e+03,-1.974400000000000000e+04,-6.044000000000000000e+03,-3.531300000000000000e+04,-5.498000000000000000e+03,-1.695600000000000000e+04,-4.359200000000000000e+04
-2.003300000000000000e+04,-2.939000000000000000e+04,-2.660500000000000000e+04,-2.982100000000000000e+04,-2.619000000000000000e+04,-2.518700000000000000e+04,-2.428600000000000000e+04,2.295300000000000000e+04
-2.451200000000000000e+04,-1.562000000000000000e+04,8.396000000000000000e+03,-2.741300000000000000e+04,-2.217600000000000000e+04,-3.543600000000000000e+04,-2.378600000000000000e+04,3.523000000000000000e+03
-4.320000000000000000e+04,-1.143100000000000000e+04,-1.370600000000000000e+04,3.260000000000000000e+02,-2.509000000000000000e+04,4.486000000000000000e+03,-7.927000000000000000e+03,-3.442700000000000000e+04
-1.693000000000000000e+03,-1.649700000000000000e+04,-1.465400000000000000e+04,4.487000000000000000e+03,-1.461600000000000000e+04,-7.740000000000000000e+02,-2.383400000000000000e+04,-3.197300000000000000e+04
-1.437700000000000000e+04,1.777700000000000000e+04,-2.899300000000000000e+04,-3.475200000000000000e+04,-4.112200000000000000e+04,-1.170500000000000000e+04,-2.173200000000000000e+04,-2.262600000000000000e+04
8.156000000000000000e+03,-1.921100000000000000e+04,-2.902000000000000000e+03,-3.213000000000000000e+03,8.860000000000000000e+02,-2.298300000000000000e+04,-2.687600000000000000e+04,-3.134400000000000000e+04
-1.600500000000000000e+04,5.209000000000000000e+03,-1.511500000000000000e+04,-2.214700000000000000e+04,-2.996700000000000000e+04,-1.797800000000000000e+04,-1.317800000000000000e+04,-2.840400000000000000e+04
-2.833900000000000000e+04,-2.076000000000000000e+03,-1.564000000000000000e+04,-2.720600000000000000e+04,-3.834900000000000000e+04,-2.211100000000000000e+04,1.918800000000000000e+04,-4.003100000000000000e+04
-1.035600000000000000e+04,-2.479800000000000000e+04,-2.909000000000000000e+04,-1.590000000000000000e+02,-1.640000000000000000e+04,1.159200000000000000e+04,-2.548200000000000000e+04,-4.014000000000000000e+04
-6.900000000000000000e+03,-2.055900000000000000e+04,-8.936000000000000000e+03,1.633100000000000000e+04,-1.314900000000000000e+04,-5.607000000000000000e+03,-8.676000000000000000e+03,-3.158300000000000000e+04
-3.341700000000000000e+04,-1.650300000000000000e+04,-6.318000000000000000e+03,-4.190900000000000000e+04,-2.396600000000000000e+04,-2.973000000000000000e+04,-2.676000000000000000e+04,3.590000000000000000e+03
-1.549300000000000000e+04,-2.655300000000000000e+04,-1.327900000000000000e+04,9.981000000000000000e+03,-3.763800000000000000e+04,1.950000000000000000e+02,-2.697800000000000000e+04,-4.469300000000000000e+04
-1.808800000000000000e+04,-2.453100000000000000e+04,-2.714200000000000000e+04,-9.630000000000000000e+03,-3.263400000000000000e+04,1.314400000000000000e+04,-7.909000000000000000e+03,-3.028800000000000000e+04
-4.920900000000000000e+04,-2.494800000000000000e+04,-2.340200000000000000e+04,-1.923000000000000000e+04,-3.983100000000000000e+04,-1.033000000000000000e+04,6.098000000000000000e+03,-2.768100000000000000e+04
-4.136000000000000000e+03,2.009000000000000000e+04,-2.786600000000000000e+04,-1.594700000000000000e+04,-4.528000000000000000e+04,-3.365900000000000000e+04,-1.947700000000000000e+04,-1.974800000000000000e+04
-2.807000000000000000e+04,-2.843000000000000000e+04,-1.246500000000000000e+04,-2.300400000000000000e+04,1.535500000000000000e+04,-3.029700000000000000e+04,-3.101400000000000000e+04,-6.178000000000000000e+03
-7.256000000000000000e+03,-1.264300000000000000e+04,-2.212000000000000000e+04,-8.704000000000000000e+03,-2.262500000000000000e+04,3.717000000000000000e+03,-2.570300000000000000e+04,-4.412300000000000000e+04
-1.094600000000000000e+04,-7.390000000000000000e+03,-1.699000000000000000e+04,-1.260300000000000000e+04,-1.897900000000000000e+04,1.648300000000000000e+04,-2.071600000000000000e+04,-3.049400000000000000e+04
-4.107000000000000000e+04,-2.131600000000000000e+04,7.886000000000000000e+03,-2.432900000000000000e+04,-2.737600000000000000e+04,-2.293900000000000000e+04,1.696000000000000000e+03,-1.633400000000000000e+04
-9.162000000000000000e+03,-2.105000000000000000e+04,-8.890000000000000000e+03,-1.438200000000000000e+04,-3.530000000000000000e+02,-1.551500000000000000e+04,-2.284600000000000000e+04,-3.251800000000000000e+04
-3.865200000000000000e+04,-7.900000000000000000e+03,-1.742000000000000000e+04,-2.784100000000000000e+04,-2.756800000000000000e+04,-5.278000000000000000e+03,1.870000000000000000e+03,-1.875800000000000000e+04
-8.972000000000000000e+03,-1.076100000000000000e+04,-1.500100000000000000e+04,3.795000000000000000e+03,-3.275900000000000000e+04,-1.762000000000000000e+04,-1.574600000000000000e+04,-3.334000000000000000e+04
-9.116000000000000000e+03,-7.541000000000000000e+03,-7.043000000000000000e+03,-3.480000000000000000e+02,-1.644800000000000000e+04,-1.164700000000000000e+04,-3.423700000000000000e+04,-4.754700000000000000e+04
-3.578500000000000000e+04,-1.637000000000000000e+04,-1.712300000000000000e+04,-3.200600000000000000e+04,-2.336700000000000000e+04,-1.532200000000000000e+04,2.456200000000000000e+04,-2.559200000000000000e+04
-3.619800000000000000e+04,-1.653000000000000000e+04,-2.137000000000000000e+04,-8.776000000000000000e+03,-3.430200000000000000e+04,-1.392000000000000000e+04,2.467300000000000000e+04,-2.925900000000000000e+04
-3.539000000000000000e+03,2.848000000000000000e+03,-1.447100000000000000e+04,-1.656800000000000000e+04,-2.284700000000000000e+04,-2.898100000000000000e+04,-2.678700000000000000e+04,-1.398200000000000000e+04
-6.894000000000000000e+03,-1.538700000000000000e+04,-1.644100000000000000e+04,-8.524000000000000000e+03,-1.420100000000000000e+04,-1.670500000000000000e+04,-1.368000000000000000e+03,-1.399100000000000000e+04
-2.448200000000000000e+04,-3.111700000000000000e+04,-1.076600000000000000e+04,-2.830900000000000000e+04,-2.402300000000000000e+04,-2.485200000000000000e+04,-1.013700000000000000e+04,1.416100000000000000e+04
-3.878100000000000000e+04,2.372700000000000000e+04,-1.583400000000000000e+04,-2.747100000000000000e+04,-4.416600000000000000e+04,-1.690200000000000000e+04,-2.411400000000000000e+04,-5.073100000000000000e+04
-2.340800000000000000e+04,-2.996100000000000000e+04,-1.211600000000000000e+04,-1.771200000000000000e+04,-2.951600000000000000e+04,-3.097600000000000000e+04,3.598600000000000000e+04,-3.354500000000000000e+04
-3.458400000000000000e+04,-2.620000000000000000e+04,1.378000000000000000e+04,-2.029700000000000000e+04,-1.814000000000000000e+03,-4.197600000000000000e+04,-1.605800000000000000e+04,-1.926700000000000000e+04
-1.048000000000000000e+04,9.751000000000000000e+03,-4.067000000000000000e+03,-2.739300000000000000e+04,-3.344000000000000000e+04,-2.250700000000000000e+04,-9.917000000000000000e+03,-3.184600000000000000e+04
-3.074700000000000000e+04,9.103000000000000000e+03,-3.346100000000000000e+04,-1.549100000000000000e+04,-4.773600000000000000e+04,-2.007200000000000000e+04,4.833000000000000000e+03,-3.259800000000000000e+04
-1.919800000000000000e+04,-2.460100000000000000e+04,-2.583200000000000000e+04,-2.874200000000000000e+04,-9.504000000000000000e+03,-3.206300000000000000e+04,-1.426300000000000000e+04,1.939200000000000000e+04
-1.630100000000000000e+04,2.348000000000000000e+03,-1.885400000000000000e+04,-7.507000000000000000e+03,-2.570600000000000000e+04,-2.390600000000000000e+04,-4.412000000000000000e+03,-3.882800000000000000e+04
6.855000000000000000e+03,-1.832100000000000000e+04,-2.631100000000000000e+04,9.143000000000000000e+03,-1.300400000000000000e+04,-7.928000000000000000e+03,-2.789900000000000000e+04,-2.042900000000000000e+04
-3.952800000000000000e+04,-3.900100000000000000e+04,-9.447000000000000000e+03,-3.774000000000000000e+04,-4.178400000000000000e+04,-3.287400000000000000e+04,-2.799300000000000000e+04,1.269100000000000000e+04
1.123300000000000000e+04,-2.214900000000000000e+04,-1.657600000000000000e+04,-2.180900000000000000e+04,-1.024200000000000000e+04,-1.479700000000000000e+04,-2.711300000000000000e+04,-2.875000000000000000e+04
-2.960100000000000000e+04,-2.962500000000000000e+04,-8.099000000000000000e+03,-1.911900000000000000e+04,-2.701500000000000000e+04,-3.282400000000000000e+04,-1.800300000000000000e+04,9.551000000000000000e+03
-9.210000000000000000e+03,-3.065800000000000000e+04,-1.808500000000000000e+04,1.247000000000000000e+03,-4.530000000000000000e+02,-5.357000000000000000e+03,-2.186700000000000000e+04,-4.505800000000000000e+04
-5.349000000000000000e+03,1.774800000000000000e+04,-1.894200000000000000e+04,-4.099700000000000000e+04,-5.097900000000000000e+04,-1.633100000000000000e+04,-3.596100000000000000e+04,-3.453200000000000000e+04
-8.674000000000000000e+03,-2.290500000000000000e+04,-1.992400000000000000e+04,-6.594000000000000000e+03,1.472900000000000000e+04,-2.854600000000000000e+04,-2.537200000000000000e+04,-2.122000000000000000e+04
-3.720000000000000000e+02,-1.461800000000000000e+04,-2.380200000000000000e+04,-2.100000000000000000e+03,-1.707700000000000000e+04,-2.991000000000000000e+03,-2.257500000000000000e+04,-3.192200000000000000e+04
-1.352000000000000000e+04,-2.294200000000000000e+04,-8.668000000000000000e+03,-1.144200000000000000e+04,1.061300000000000000e+04,-2.585600000000000000e+04,-1.598600000000000000e+04,-2.456800000000000000e+04
-1.768900000000000000e+04,2.368900000000000000e+04,-1.925600000000000000e+04,-1.523900000000000000e+04,-4.087600000000000000e+04,-2.042900000000000000e+04,-3.177000000000000000e+04,-5.159700000000000000e+04
-2.733500000000000000e+04,-1.315800000000000000e+04,-4.750000000000000000e+02,-2.100500000000000000e+04,-1.471800000000000000e+04,-1.708400000000000000e+04,7.951000000000000000e+03,-1.639900000000000000e+04
-2.343100000000000000e+04,5.090000000000000000e+02,-2.458600000000000000e+04,-1.418500000000000000e+04,-3.790100000000000000e+04,-1.717000000000000000e+04,2.868000000000000000e+03,-3.039500000000000000e+04
-1.592100000000000000e+04,-1.874000000000000000e+04,-3.073400000000000000e+04,-1.815600000000000000e+04,-1.803800000000000000e+04,-1.867500000000000000e+04,1.243900000000000000e+04,-1.544000000000000000e+04
-3.062900000000000000e+04,2.599700000000000000e+04,-2.677800000000000000e+04,-1.695400000000000000e+04,-6.075300000000000000e+04,-2.164100000000000000e+04,-3.345000000000000000e+04,-4.646300000000000000e+04
-8.743000000000000000e+03,9.162000000000000000e+03,-2.269600000000000000e+04,-1.774300000000000000e+04,-3.811400000000000000e+04,-1.405900000000000000e+04,-1.272200000000000000e+04,-3.064300000000000000e+04
-3.216600000000000000e+04,-1.083800000000000000e+04,-1.032900000000000000e+04,-2.003800000000000000e+04,-2.073400000000000000e+04,-1.020500000000000000e+04,7.008000000000000000e+03,-2.784000000000000000e+04
-2.292000000000000000e+04,-1.216200000000000000e+04,-8.307000000000000000e+03,-2.341600000000000000e+04,-1.982000000000000000e+04,-4.307000000000000000e+03,-7.203000000000000000e+03,-6.988000000000000000e+03
4.250000000000000000e+02,-1.628000000000000000e+04,-9.070000000000000000e+03,-2.910000000000000000e+02,-1.664600000000000000e+04,-1.517900000000000000e+04,-2.455500000000000000e+04,-3.220000000000000000e+04
-3.504100000000000000e+04,1.297900000000000000e+04,-9.589000000000000000e+03,-1.107900000000000000e+04,-4.890000000000000000e+04,-8.119000000000000000e+03,-3.502000000000000000e+03,-2.939000000000000000e+04
-2.232800000000000000e+04,2.051800000000000000e+04,-3.592100000000000000e+04,-3.047800000000000000e+04,-3.994800000000000000e+04,-2.471600000000000000e+04,-5.542000000000000000e+03,-3.047700000000000000e+04
-3.451100000000000000e+04,-2.803000000000000000e+04,-7.594000000000000000e+03,-4.054200000000000000e+04,-2.060900000000000000e+04,-4.862500000000000000e+04,-3.425500000000000000e+04,1.194900000000000000e+04
-1.644900000000000000e+04,-1.616600000000000000e+04,-1.003100000000000000e+04,-2.641400000000000000e+04,-2.602300000000000000e+04,-1.017100000000000000e+04,2.800000000000000000e+03,-2.943000000000000000e+04
-1.945500000000000000e+04,2.335400000000000000e+04,-1.909900000000000000e+04,-2.391700000000000000e+04,-4.488400000000000000e+04,-2.680500000000000000e+04,-3.164200000000000000e+04,-3.799700000000000000e+04
-3.125700000000000000e+04,-1.954300000000000000e+04,-2.260300000000000000e+04,1.000400000000000000e+04,-2.337900000000000000e+04,-1.255400000000000000e+04,-1.257800000000000000e+04,-2.709800000000000000e+04
-1.043500000000000000e+04,-1.062800000000000000e+04,-2.053900000000000000e+04,-1.480500000000000000e+04,2.756000000000000000e+03,-4.651000000000000000e+03,-1.487200000000000000e+04,-1.687700000000000000e+04
-1.874000000000000000e+04,1.812000000000000000e+04,-2.663400000000000000e+04,-3.052200000000000000e+04,-3.511100000000000000e+04,-3.495100000000000000e+04,-1.990300000000000000e+04,-1.813100000000000000e+04
-8.251000000000000000e+03,-1.889000000000000000e+04,-1.129500000000000000e+04,-1.159000000000000000e+04,1.565400000000000000e+04,-1.951000000000000000e+04,-3.864100000000000000e+04,-3.026900000000000000e+04
-2.704600000000000000e+04,-1.487200000000000000e+04,5.860000000000000000e+03,-2.620000000000000000e+04,-1.332100000000000000e+04,-3.128300000000000000e+04,-2.821600000000000000e+04,-5.580000000000000000e+03
-1.551400000000000000e+04,-1.672600000000000000e+04,-2.404600000000000000e+04,-7.320000000000000000e+02,-4.126100000000000000e+04,7.876000000000000000e+03,-2.323500000000000000e+04,-3.654900000000000000e+04
-2.390500000000000000e+04,9.541000000000000000e+03,-2.474100000000000000e+04,-2.174100000000000000e+04,-5.753900000000000000e+04,-1.902500000000000000e+04,-3.378000000000000000e+03,-3.862700000000000000e+04
-3.592100000000000000e+04,-1.095000000000000000e+03,-2.693400000000000000e+04,-2.274800000000000000e+04,-5.056000000000000000e+04,-1.095700000000000000e+04,7.117000000000000000e+03,-2.882700000000000000e+04
-2.917400000000000000e+04,-3.147500000000000000e+04,-4.523000000000000000e+03,-2.885900000000000000e+04,1.138700000000000000e+04,-3.712600000000000000e+04,-3.183800000000000000e+04,-6.602000000000000000e+03
2.717000000000000000e+03,1.773000000000000000e+03,-1.414000000000000000e+04,2.002000000000000000e+03,-3.150400000000000000e+04,-2.285200000000000000e+04,-2.184100000000000000e+04,-3.960600000000000000e+04
-4.522000000000000000e+03,-1.973200000000000000e+04,-1.855100000000000000e+04,-9.377000000000000000e+03,-2.361600000000000000e+04,8.527000000000000000e+03,-3.216500000000000000e+04,-3.866600000000000000e+04
-3.255300000000000000e+04,-1.718700000000000000e+04,-1.318800000000000000e+04,-3.652500000000000000e+04,-2.187200000000000000e+04,-2.147200000000000000e+04,1.525500000000000000e+04,-2.303800000000000000e+04
-1.166100000000000000e+04,-2.100100000000000000e+04,-3.700000000000000000e+01,-2.373100000000000000e+04,-3.756000000000000000e+03,-4.101500000000000000e+04,-1.247600000000000000e+04,-1.256500000000000000e+04
-2.933100000000000000e+04,-2.310600000000000000e+04,-2.281600000000000000e+04,-3.897500000000000000e+04,-2.561400000000000000e+04,-2.698900000000000000e+04,-1.391000000000000000e+04,1.881100000000000000e+04
-3.466300000000000000e+04,2.340100000000000000e+04,-1.724600000000000000e+04,-1.509500000000000000e+04,-4.768300000000000000e+04,-1.402800000000000000e+04,-2.759700000000000000e+04,-4.223700000000000000e+04
-2.271200000000000000e+04,-2.718000000000000000e+04,-1.987200000000000000e+04,-2.403800000000000000e+04,-3.314900000000000000e+04,-2.922700000000000000e+04,-2.370300000000000000e+04,1.488200000000000000e+04
1.364900000000000000e+04,-2.349200000000000000e+04,-1.174600000000000000e+04,-2.330000000000000000e+03,-1.751300000000000000e+04,-2.845000000000000000e+03,-2.657700000000000000e+04,-4.965900000000000000e+04
-5.019000000000000000e+03,1.535400000000000000e+04,-1.367800000000000000e+04,-1.518500000000000000e+04,-3.647000000000000000e+04,-1.146400000000000000e+04,-3.230700000000000000e+04,-3.775700000000000000e+04
-1.704000000000000000e+04,-2.126100000000000000e+04,-1.964700000000000000e+04,-2.833000000000000000e+04,-2.676800000000000000e+04,-2.774100000000000000e+04,3.300000000000000000e+04,-3.216700000000000000e+04
-3.496500000000000000e+04,-2.210900000000000000e+04,-2.695000000000000000e+04,-2.835600000000000000e+04,-2.867000000000000000e+04,-1.354500000000000000e+04,-1.520500000000000000e+04,1.088100000000000000e+04
-2.850200000000000000e+04,-1.224000000000000000e+04,-7.707000000000000000e+03,-3.441500000000000000e+04,-1.727300000000000000e+04,-2.950700000000000000e+04,-2.147400000000000000e+04,1.190400000000000000e+04
-2.429400000000000000e+04,-4.617000000000000000e+03,-2.105100000000000000e+04,-2.430000000000000000e+03,-4.699900000000000000e+04,1.284600000000000000e+04,-2.898500000000000000e+04,-3.698000000000000000e+04
-1.027100000000000000e+04,-2.054000000000000000e+04,-3.062100000000000000e+04,-2.007200000000000000e+04,-3.014300000000000000e+04,1.879600000000000000e+04,-2.325900000000000000e+04,-2.275700000000000000e+04
-1.948300000000000000e+04,-9.156000000000000000e+03,-1.600200000000000000e+04,2.499000000000000000e+03,-3.041200000000000000e+04,-1.500000000000000000e+03,-1.422300000000000000e+04,-3.531900000000000000e+04
-1.059500000000000000e+04,-1.522800000000000000e+04,-2.246100000000000000e+04,-7.014000000000000000e+03,-2.819500000000000000e+04,1.346200000000000000e+04,-2.117900000000000000e+04,-1.462000000000000000e+04
-2.280000000000000000e+03,-2.928400000000000000e+04,-1.033400000000000000e+04,-1.028700000000000000e+04,3.340000000000000000e+02,-2.331000000000000000e+03,-2.599900000000000000e+04,-2.264600000000000000e+04
-3.050500000000000000e+04,-1.877000000000000000e+04,1.278300000000000000e+04,-2.310600000000000000e+04,-3.607700000000000000e+04,-2.934200000000000000e+04,-8.837000000000000000e+03,-5.196000000000000000e+03
-2.256600000000000000e+04,1.920000000000000000e+04,-3.071700000000000000e+04,-2.690000000000000000e+04,-5.332300000000000000e+04,-2.029900000000000000e+04,-1.467400000000000000e+04,-3.728000000000000000e+04
9.526000000000000000e+03,-9.708000000000000000e+03,-1.299300000000000000e+04,-1.233200000000000000e+04,-3.399700000000000000e+04,-1.122100000000000000e+04,-2.952300000000000000e+04,-4.336900000000000000e+04
5.146000000000000000e+03,-2.005700000000000000e+04,-1.871100000000000000e+04,-3.463000000000000000e+03,-1.154200000000000000e+04,-8.925000000000000000e+03,-2.441800000000000000e+04,-3.480300000000000000e+04
-2.696700000000000000e+04,-1.534900000000000000e+04,-2.538200000000000000e+04,-1.766000000000000000e+04,-3.140900000000000000e+04,-1.747500000000000000e+04,1.844800000000000000e+04,-2.649300000000000000e+04
-3.546000000000000000e+04,-2.658300000000000000e+04,-1.915800000000000000e+04,-2.363100000000000000e+04,-2.602400000000000000e+04,-1.509000000000000000e+04,2.580300000000000000e+04,-1.766500000000000000e+04
-1.950600000000000000e+04,2.075200000000000000e+04,-6.450000000000000000e+03,-1.960000000000000000e+04,-3.315100000000000000e+04,-1.620400000000000000e+04,-1.503300000000000000e+04,-5.111400000000000000e+04
-1.954500000000000000e+04,1.985000000000000000e+04,-2.225400000000000000e+04,-2.566500000000000000e+04,-4.816500000000000000e+04,-2.170000000000000000e+03,-3.311400000000000000e+04,-3.516900000000000000e+04
-2.852800000000000000e+04,-2.022100000000000000e+04,7.850000000000000000e+02,-2.908100000000000000e+04,-1.787300000000000000e+04,-3.382800000000000000e+04,-1.246000000000000000e+03,-1.615800000000000000e+04
-3.754400000000000000e+04,-1.336300000000000000e+04,-2.079300000000000000e+04,-1.879700000000000000e+04,-2.695300000000000000e+04,-2.703200000000000000e+04,1.580600000000000000e+04,-3.208900000000000000e+04
-3.760000000000000000e+02,-1.229800000000000000e+04,-1.442900000000000000e+04,-5.742000000000000000e+03,-1.027100000000000000e+04,-1.920200000000000000e+04,-1.403000000000000000e+04,-1.812200000000000000e+04
-4.452400000000000000e+04,-1.882200000000000000e+04,-8.122000000000000000e+03,-2.544000000000000000e+03,-1.058600000000000000e+04,-1.090000000000000000e+04,1.208400000000000000e+04,-2.336900000000000000e+04
-1.718100000000000000e+04,-2.064500000000000000e+04,-2.342600000000000000e+04,-3.252000000000000000e+04,-2.060200000000000000e+04,-3.922700000000000000e+04,-1.892600000000000000e+04,1.920000000000000000e+04
-2.173600000000000000e+04,-8.081000000000000000e+03,-9.919000000000000000e+03,-4.014300000000000000e+04,-1.634700000000000000e+04,-2.627100000000000000e+04,-2.290300000000000000e+04,1.238700000000000000e+04
-2.202700000000000000e+04,-2.456100000000000000e+04,-1.682900000000000000e+04,-1.482800000000000000e+04,-2.388900000000000000e+04,-2.166200000000000000e+04,-1.941900000000000000e+04,1.907400000000000000e+04
-2.959200000000000000e+04,-1.077400000000000000e+04,-1.156600000000000000e+04,3.168000000000000000e+03,-3.722200000000000000e+04,3.676000000000000000e+03,-1.346100000000000000e+04,-4.134500000000000000e+04
-3.830900000000000000e+04,-1.794000000000000000e+04,-2.366200000000000000e+04,-3.959800000000000000e+04,-1.866100000000000000e+04,-3.420800000000000000e+04,-2.111700000000000000e+04,1.813500000000000000e+04
-5.349000000000000000e+03,-1.505200000000000000e+04,-2.069700000000000000e+04,2.955000000000000000e+03,-2.989000000000000000e+04,3.179000000000000000e+03,-2.252600000000000000e+04,-2.858800000000000000e+04
-1.596900000000000000e+04,2.219100000000000000e+04,-8.584000000000000000e+03,-2.771500000000000000e+04,-4.905200000000000000e+04,-2.715900000000000000e+04,-2.546600000000000000e+04,-3.336700000000000000e+04
-1.874800000000000000e+04,-2.063100000000000000e+04,-1.390800000000000000e+04,-3.661300000000000000e+04,-1.790200000000000000e+04,-2.717800000000000000e+04,1.857800000000000000e+04,-1.895800000000000000e+04
-4.302600000000000000e+04,-1.648200000000000000e+04,1.301400000000000000e+04,-2.915300000000000000e+04,-5.181200000000000000e+04,-4.977600000000000000e+04,-1.311000000000000000e+03,-4.070300000000000000e+04
-1.674100000000000000e+04,3.910700000000000000e+04,-2.121300000000000000e+04,-3.860200000000000000e+04,-5.528700000000000000e+04,-3.633500000000000000e+04,-2.963900000000000000e+04,-3.809000000000000000e+04
-8.077000000000000000e+03,-7.585000000000000000e+03,-1.289800000000000000e+04,-5.489000000000000000e+03,-2.259600000000000000e+04,-1.209700000000000000e+04,-7.270000000000000000e+03,-3.408900000000000000e+04
1.153300000000000000e+04,-2.312300000000000000e+04,-1.649600000000000000e+04,-1.585300000000000000e+04,-4.723200000000000000e+04,-1.487000000000000000e+03,-2.555700000000000000e+04,-4.657200000000000000e+04
-2.720600000000000000e+04,-1.476400000000000000e+04,-1.717600000000000000e+04,5.738000000000000000e+03,-2.668700000000000000e+04,-1.215500000000000000e+04,-1.746000000000000000e+03,-4.309400000000000000e+04
-1.095200000000000000e+04,-3.174000000000000000e+04,-1.491900000000000000e+04,-1.694800000000000000e+04,1.194200000000000000e+04,-2.220900000000000000e+04,-2.963200000000000000e+04,-2.832200000000000000e+04
-3.688700000000000000e+04,-2.954200000000000000e+04,-1.663200000000000000e+04,-2.977900000000000000e+04,-3.475900000000000000e+04,-3.301500000000000000e+04,-2.098100000000000000e+04,2.410100000000000000e+04
-1.256400000000000000e+04,-1.437300000000000000e+04,2.363000000000000000e+03,-1.284800000000000000e+04,-3.367000000000000000e+03,-2.387100000000000000e+04,-1.664400000000000000e+04,-1.723100000000000000e+04
-4.517800000000000000e+04,-2.188000000000000000e+04,-5.804000000000000000e+03,-4.556500000000000000e+04,-2.634800000000000000e+04,-4.184800000000000000e+04,-2.681800000000000000e+04,2.087800000000000000e+04
-8.411000000000000000e+03,-1.624300000000000000e+04,-1.452100000000000000e+04,5.213000000000000000e+03,-3.648500000000000000e+04,-1.444700000000000000e+04,-2.086800000000000000e+04,-5.293300000000000000e+04
-3.133500000000000000e+04,-2.184800000000000000e+04,-1.225500000000000000e+04,-3.742400000000000000e+04,-2.745000000000000000e+04,-2.943500000000000000e+04,-1.006300000000000000e+04,8.884000000000000000e+03
-6.716000000000000000e+03,-1.500300000000000000e+04,-9.542000000000000000e+03,5.230000000000000000e+02,-1.292200000000000000e+04,-1.877000000000000000e+04,-1.823800000000000000e+04,-3.409500000000000000e+04
2.873000000000000000e+03,-2.285200000000000000e+04,-1.253900000000000000e+04,-1.254800000000000000e+04,-7.524000000000000000e+03,-1.103300000000000000e+04,-2.035400000000000000e+04,-3.319800000000000000e+04
-2.212600000000000000e+04,2.407800000000000000e+04,-1.690700000000000000e+04,-2.067400000000000000e+04,-2.918600000000000000e+04,-2.163700000000000000e+04,-2.351600000000000000e+04,-3.371800000000000000e+04
-2.715700000000000000e+04,-1.272900000000000000e+04,-2.727600000000000000e+04,-1.657800000000000000e+04,-2.774000000000000000e+04,-2.657000000000000000e+03,-1.515700000000000000e+04,-2.843000000000000000e+03
-8.810000000000000000e+02,-1.516700000000000000e+04,-1.199700000000000000e+04,8.350000000000000000e+02,-1.162600000000000000e+04,-1.198700000000000000e+04,-2.623900000000000000e+04,-1.971000000000000000e+04
-1.212100000000000000e+04,-1.484200000000000000e+04,-5.502000000000000000e+03,-2.091300000000000000e+04,-2.636000000000000000e+04,-1.541400000000000000e+04,8.964000000000000000e+03,-2.194900000000000000e+04
-3.441800000000000000e+04,-2.120600000000000000e+04,-2.004600000000000000e+04,-2.930300000000000000e+04,-2.557700000000000000e+04,-2.902500000000000000e+04,-2.737500000000000000e+04,1.246800000000000000e+04
-9.813000000000000000e+03,-2.550800000000000000e+04,-1.607000000000000000e+04,7.544000000000000000e+03,1.002000000000000000e+03,-1.467600000000000000e+04,-2.373400000000000000e+04,-2.254400000000000000e+04
-4.243700000000000000e+04,-1.165600000000000000e+04,-1.306700000000000000e+04,3.334000000000000000e+03,-1.263900000000000000e+04,-1.475300000000000000e+04,1.506000000000000000e+03,-2.139700000000000000e+04
-5.025000000000000000e+03,-1.108200000000000000e+04,-1.067400000000000000e+04,-7.306000000000000000e+03,-1.517400000000000000e+04,-5.045000000000000000e+03,-7.773000000000000000e+03,-2.864900000000000000e+04
-1.928600000000000000e+04,1.355500000000000000e+04,-2.973300000000000000e+04,-5.177000000000000000e+03,-2.805600000000000000e+04,-1.147700000000000000e+04,-1.197000000000000000e+04,-2.269700000000000000e+04
-3.167800000000000000e+04,-2.441400000000000000e+04,-1.402400000000000000e+04,1.511100000000000000e+04,-2.351000000000000000e+04,-1.806200000000000000e+04,1.011000000000000000e+04,-3.559400000000000000e+04
-2.406300000000000000e+04,-2.097300000000000000e+04,-8.702000000000000000e+03,-2.397300000000000000e+04,-1.165900000000000000e+04,-2.613100000000000000e+04,1.027000000000000000e+04,-1.409100000000000000e+04
-7.905000000000000000e+03,-1.774100000000000000e+04,-2.020700000000000000e+04,8.890000000000000000e+02,-1.846400000000000000e+04,-9.223000000000000000e+03,-3.367800000000000000e+04,-3.393300000000000000e+04
-1.847000000000000000e+04,-1.810200000000000000e+04,-1.668000000000000000e+04,-1.917000000000000000e+03,-8.131000000000000000e+03,1.071600000000000000e+04,-9.973000000000000000e+03,-2.160600000000000000e+04
-2.404300000000000000e+04,-1.507100000000000000e+04,-3.035600000000000000e+04,-4.449000000000000000e+03,-1.610000000000000000e+04,-1.650500000000000000e+04,1.277100000000000000e+04,-2.888600000000000000e+04
-2.290300000000000000e+04,-1.466300000000000000e+04,-1.265700000000000000e+04,-9.409000000000000000e+03,-2.804500000000000000e+04,-2.189000000000000000e+04,1.118500000000000000e+04,-2.375700000000000000e+04
-1.235800000000000000e+04,-1.422300000000000000e+04,-2.292500000000000000e+04,3.568000000000000000e+03,-2.426800000000000000e+04,7.830000000000000000e+03,-2.203800000000000000e+04,-2.231600000000000000e+04
3.889000000000000000e+03,-2.162500000000000000e+04,-2.535700000000000000e+04,-6.801000000000000000e+03,-1.817300000000000000e+04,1.627800000000000000e+04,-3.501100000000000000e+04,-4.333300000000000000e+04
-4.596000000000000000e+03,-1.000100000000000000e+04,-7.769000000000000000e+03,-1.109300000000000000e+04,-9.753000000000000000e+03,-1.058200000000000000e+04,-1.740900000000000000e+04,-1.823800000000000000e+04
-3.862500000000000000e+04,-1.851300000000000000e+04,-6.065000000000000000e+03,-1.620100000000000000e+04,-2.452300000000000000e+04,-2.736800000000000000e+04,2.460600000000000000e+04,-2.475300000000000000e+04
-3.531300000000000000e+04,-1.948000000000000000e+04,-1.588200000000000000e+04,-1.785800000000000000e+04,-3.051500000000000000e+04,-1.676700000000000000e+04,2.185900000000000000e+04,-3.190300000000000000e+04
-2.392800000000000000e+04,-1.457400000000000000e+04,-1.157000000000000000e+03,-2.764000000000000000e+03,-9.532000000000000000e+03,-3.792800000000000000e+04,-1.544500000000000000e+04,-2.067100000000000000e+04
9.080000000000000000e+02,-2.548300000000000000e+04,-2.469800000000000000e+04,-7.691000000000000000e+03,-1.672500000000000000e+04,-2.060900000000000000e+04,-1.937300000000000000e+04,-4.120100000000000000e+04
-6.027000000000000000e+03,-9.045000000000000000e+03,-2.921900000000000000e+04,1.975100000000000000e+04,-2.128700000000000000e+04,-1.424900000000000000e+04,-1.616500000000000000e+04,-2.970100000000000000e+04
-1.821500000000000000e+04,-1.777500000000000000e+04,-2.463200000000000000e+04,-8.688000000000000000e+03,-1.529600000000000000e+04,8.393000000000000000e+03,-4.318000000000000000e+03,-2.121600000000000000e+04
-5.394000000000000000e+03,-6.683000000000000000e+03,-1.433400000000000000e+04,1.984800000000000000e+04,-4.391400000000000000e+04,-1.090400000000000000e+04,-1.457500000000000000e+04,-4.612000000000000000e+04
-2.992000000000000000e+04,-1.984700000000000000e+04,-2.167700000000000000e+04,-1.690200000000000000e+04,-2.318800000000000000e+04,-2.129500000000000000e+04,2.301200000000000000e+04,-1.810600000000000000e+04
-1.912400000000000000e+04,-2.508500000000000000e+04,-2.272600000000000000e+04,-2.218500000000000000e+04,9.722000000000000000e+03,-1.348100000000000000e+04,-2.368000000000000000e+04,-3.009000000000000000e+04
-2.193100000000000000e+04,-1.518300000000000000e+04,-2.256800000000000000e+04,1.672200000000000000e+04,-2.666300000000000000e+04,-1.554400000000000000e+04,-3.145000000000000000e+03,-3.128800000000000000e+04
-2.296800000000000000e+04,2.993500000000000000e+04,-3.238200000000000000e+04,-1.528800000000000000e+04,-5.853500000000000000e+04,-1.824100000000000000e+04,-3.382200000000000000e+04,-2.565900000000000000e+04
-1.249300000000000000e+04,-1.776300000000000000e+04,-1.383200000000000000e+04,-6.416000000000000000e+03,-2.338900000000000000e+04,6.796000000000000000e+03,-2.657200000000000000e+04,-4.934100000000000000e+04
-2.142400000000000000e+04,-2.425600000000000000e+04,-2.354200000000000000e+04,-2.860800000000000000e+04,-2.930000000000000000e+04,-2.250500000000000000e+04,-2.313000000000000000e+04,1.556200000000000000e+04
-3.415500000000000000e+04,-1.749800000000000000e+04,-2.461600000000000000e+04,-2.335000000000000000e+04,-2.562100000000000000e+04,-9.245000000000000000e+03,3.437100000000000000e+04,-1.990900000000000000e+04
4.492000000000000000e+03,-1.792400000000000000e+04,-1.278200000000000000e+04,1.440400000000000000e+04,-2.026300000000000000e+04,-1.260200000000000000e+04,-3.704000000000000000e+04,-3.338400000000000000e+04
-2.103400000000000000e+04,-1.408400000000000000e+04,-3.276800000000000000e+04,-4.833800000000000000e+04,-2.862200000000000000e+04,-2.207300000000000000e+04,-1.920600000000000000e+04,1.944700000000000000e+04
-3.634900000000000000e+04,-2.209500000000000000e+04,6.911000000000000000e+03,-1.278400000000000000e+04,-1.432300000000000000e+04,-3.515600000000000000e+04,-2.323600000000000000e+04,8.051000000000000000e+03
-5.665000000000000000e+03,-1.513200000000000000e+04,-1.905700000000000000e+04,4.127000000000000000e+03,-2.369800000000000000e+04,-3.880000000000000000e+03,-2.554000000000000000e+04,-4.592300000000000000e+04
-1.100000000000000000e+03,-2.685700000000000000e+04,-2.901800000000000000e+04,-9.576000000000000000e+03,-2.037100000000000000e+04,2.041300000000000000e+04,-1.289700000000000000e+04,-3.394700000000000000e+04
-2.051000000000000000e+03,-2.613000000000000000e+04,-2.900400000000000000e+04,3.909000000000000000e+03,-3.714300000000000000e+04,-5.580000000000000000e+02,-2.871400000000000000e+04,-3.427400000000000000e+04
-1.507900000000000000e+04,-9.309000000000000000e+03,-9.819000000000000000e+03,-6.041000000000000000e+03,-2.669800000000000000e+04,-2.092600000000000000e+04,-2.071000000000000000e+03,-3.356700000000000000e+04
-1.063000000000000000e+04,1.323600000000000000e+04,-3.141200000000000000e+04,-1.232800000000000000e+04,-3.226100000000000000e+04,-1.931000000000000000e+04,-4.519000000000000000e+03,-3.408500000000000000e+04
-2.009200000000000000e+04,-1.362800000000000000e+04,-2.599200000000000000e+04,4.744000000000000000e+03,-1.076400000000000000e+04,3.965000000000000000e+03,-2.271900000000000000e+04,-4.199100000000000000e+04
-3.035400000000000000e+04,1.410400000000000000e+04,-4.611000000000000000e+03,-2.479600000000000000e+04,-4.463400000000000000e+04,-2.363800000000000000e+04,-1.500800000000000000e+04,-4.815200000000000000e+04
-1.371300000000000000e+04,-1.069300000000000000e+04,-3.831000000000000000e+03,-7.311000000000000000e+03,-7.170000000000000000e+02,-1.803400000000000000e+04,-1.315900000000000000e+04,-4.530000000000000000e+02
-3.763600000000000000e+04,-2.205300000000000000e+04,-1.498100000000000000e+04,-3.378500000000000000e+04,-3.453200000000000000e+04,-4.407000000000000000e+04,-2.912400000000000000e+04,1.128100000000000000e+04
-3.199900000000000000e+04,-1.317400000000000000e+04,-1.496400000000000000e+04,-3.290800000000000000e+04,-2.597300000000000000e+04,-9.963000000000000000e+03,1.276200000000000000e+04,-3.730700000000000000e+04
-2.229200000000000000e+04,-1.504500000000000000e+04,-1.265400000000000000e+04,-2.640600000000000000e+04,-3.057600000000000000e+04,-9.973000000000000000e+03,2.014000000000000000e+04,-2.953600000000000000e+04
-1.440400000000000000e+04,-2.613300000000000000e+04,-1.575600000000000000e+04,-1.735800000000000000e+04,1.210600000000000000e+04,-2.214200000000000000e+04,-2.211800000000000000e+04,-2.339800000000000000e+04
1.129100000000000000e+04,-2.451900000000000000e+04,-2.986500000000000000e+04,-3.109000000000000000e+03,-1.651800000000000000e+04,-1.315300000000000000e+04,-2.988700000000000000e+04,-3.482500000000000000e+04
-2.807200000000000000e+04,-2.632000000000000000e+04,-2.261200000000000000e+04,-4.124600000000000000e+04,-2.600000000000000000e+04,-3.612300000000000000e+04,-2.130800000000000000e+04,2.482200000000000000e+04
-2.439000000000000000e+04,-3.103000000000000000e+03,-1.522200000000000000e+04,-6.436000000000000000e+03,-2.162700000000000000e+04,-1.592000000000000000e+04,-1.224800000000000000e+04,-2.312700000000000000e+04
1.543200000000000000e+04,-2.272100000000000000e+04,-1.301800000000000000e+04,-1.122100000000000000e+04,-1.123600000000000000e+04,-7.001000000000000000e+03,-2.187800000000000000e+04,-2.880700000000000000e+04
-1.484800000000000000e+04,-1.781400000000000000e+04,-1.525500000000000000e+04,-4.100000000000000000e+03,-3.632600000000000000e+04,2.021100000000000000e+04,-2.976400000000000000e+04,-4.427300000000000000e+04
-6.196000000000000000e+03,-2.043500000000000000e+04,-1.833900000000000000e+04,-2.932000000000000000e+03,-2.011900000000000000e+04,2.838000000000000000e+03,-1.714600000000000000e+04,-2.500300000000000000e+04
-4.277900000000000000e+04,-3.477000000000000000e+04,-1.403400000000000000e+04,-3.898200000000000000e+04,-4.209500000000000000e+04,-3.818100000000000000e+04,-3.386000000000000000e+04,1.417000000000000000e+04
-3.456600000000000000e+04,-1.926000000000000000e+04,-5.568000000000000000e+03,-1.804400000000000000e+04,-3.916000000000000000e+04,-1.957700000000000000e+04,9.477000000000000000e+03,-4.718700000000000000e+04
-1.412500000000000000e+04,-2.584500000000000000e+04,-2.230100000000000000e+04,-1.787400000000000000e+04,7.239000000000000000e+03,-1.925300000000000000e+04,-9.726000000000000000e+03,-2.435600000000000000e+04
-1.913600000000000000e+04,-2.268800000000000000e+04,-1.640000000000000000e+03,8.711000000000000000e+03,-1.355200000000000000e+04,-2.561200000000000000e+04,-1.415300000000000000e+04,-2.595800000000000000e+04
-9.944000000000000000e+03,-1.479500000000000000e+04,-1.574600000000000000e+04,-4.980000000000000000e+02,-8.310000000000000000e+03,-9.009000000000000000e+03,-1.782300000000000000e+04,-2.724000000000000000e+04
-2.528900000000000000e+04,-1.673500000000000000e+04,-1.608800000000000000e+04,-2.066500000000000000e+04,-2.502600000000000000e+04,-2.364700000000000000e+04,2.020700000000000000e+04,-1.774200000000000000e+04
-2.847400000000000000e+04,-8.936000000000000000e+03,-2.331600000000000000e+04,-2.334400000000000000e+04,-1.308500000000000000e+04,-1.509200000000000000e+04,1.901200000000000000e+04,-1.199500000000000000e+04
-2.215600000000000000e+04,-2.036900000000000000e+04,-2.119800000000000000e+04,-2.253800000000000000e+04,-2.145300000000000000e+04,-2.303000000000000000e+04,-2.095500000000000000e+04,1.095500000000000000e+04
-1.738200000000000000e+04,-1.321400000000000000e+04,-8.224000000000000000e+03,5.745000000000000000e+03,-6.640000000000000000e+02,-9.298000000000000000e+03,-1.267100000000000000e+04,-2.713800000000000000e+04
-2.388000000000000000e+03,1.500700000000000000e+04,-3.248200000000000000e+04,-2.260700000000000000e+04,-3.845900000000000000e+04,-1.368900000000000000e+04,-3.753400000000000000e+04,-2.572000000000000000e+04
-4.263400000000000000e+04,-3.366800000000000000e+04,-1.905100000000000000e+04,-4.129100000000000000e+04,-3.270900000000000000e+04,-4.048100000000000000e+04,-3.344500000000000000e+04,2.432500000000000000e+04
-2.696400000000000000e+04,-1.555600000000000000e+04,-1.143700000000000000e+04,-2.408500000000000000e+04,-2.486700000000000000e+04,-1.143800000000000000e+04,3.953000000000000000e+03,-1.755700000000000000e+04
-1.203700000000000000e+04,-9.560000000000000000e+03,-1.063100000000000000e+04,-2.092000000000000000e+04,2.749000000000000000e+03,-1.997500000000000000e+04,-1.598200000000000000e+04,-1.755600000000000000e+04
-2.424800000000000000e+04,1.749900000000000000e+04,-1.591000000000000000e+04,-2.132000000000000000e+03,-3.635000000000000000e+04,-3.493100000000000000e+04,-1.457000000000000000e+04,-3.392600000000000000e+04
-2.669400000000000000e+04,-1.561000000000000000e+04,1.032200000000000000e+04,-2.094700000000000000e+04,-1.541800000000000000e+04,-1.234500000000000000e+04,-7.415000000000000000e+03,-3.486800000000000000e+04
-3.560000000000000000e+04,-2.806400000000000000e+04,1.832000000000000000e+03,-3.889100000000000000e+04,-1.835200000000000000e+04,-4.004400000000000000e+04,-6.992000000000000000e+03,-1.555600000000000000e+04
-5.004000000000000000e+03,-2.445500000000000000e+04,-8.091000000000000000e+03,-1.523000000000000000e+04,4.479000000000000000e+03,-9.467000000000000000e+03,-1.645500000000000000e+04,-3.048300000000000000e+04
-1.246100000000000000e+04,-2.385200000000000000e+04,-2.136100000000000000e+04,-4.776000000000000000e+03,-1.537300000000000000e+04,2.940000000000000000e+02,-3.546000000000000000e+03,-4.105000000000000000e+04
-2.074500000000000000e+04,5.699000000000000000e+03,-2.732500000000000000e+04,-1.600500000000000000e+04,-4.669100000000000000e+04,-2.946000000000000000e+03,-1.341200000000000000e+04,-3.006000000000000000e+04
-2.501200000000000000e+04,-5.205000000000000000e+03,-1.606800000000000000e+04,-2.402400000000000000e+04,-1.837800000000000000e+04,-1.666200000000000000e+04,-2.035500000000000000e+04,1.855700000000000000e+04
-3.238600000000000000e+04,-1.453700000000000000e+04,-1.908700000000000000e+04,-2.924200000000000000e+04,-1.940200000000000000e+04,-2.410000000000000000e+04,-1.379000000000000000e+04,2.022500000000000000e+04
-1.444300000000000000e+04,-1.409400000000000000e+04,-2.222700000000000000e+04,-1.911700000000000000e+04,-1.414500000000000000e+04,-2.853400000000000000e+04,-2.049900000000000000e+04,2.649000000000000000e+04
-2.294900000000000000e+04,-1.723500000000000000e+04,-8.514000000000000000e+03,-2.420200000000000000e+04,-2.531900000000000000e+04,-1.728400000000000000e+04,-1.207300000000000000e+04,-6.080000000000000000e+02
-2.220800000000000000e+04,-2.401400000000000000e+04,-2.867100000000000000e+04,-1.247100000000000000e+04,-1.345800000000000000e+04,5.353000000000000000e+03,-1.309300000000000000e+04,-1.640400000000000000e+04
-3.448400000000000000e+04,-9.378000000000000000e+03,8.782000000000000000e+03,-1.744400000000000000e+04,-2.719500000000000000e+04,-2.470400000000000000e+04,2.941000000000000000e+03,-2.621000000000000000e+04
-4.325400000000000000e+04,-2.281600000000000000e+04,1.115100000000000000e+04,-1.286400000000000000e+04,-1.647600000000000000e+04,-4.840200000000000000e+04,-2.066700000000000000e+04,-7.180000000000000000e+02
4.114000000000000000e+03,-9.375000000000000000e+03,-3.206400000000000000e+04,-4.897000000000000000e+03,-3.232700000000000000e+04,-6.992000000000000000e+03,-2.845200000000000000e+04,-2.787700000000000000e+04
-1.894800000000000000e+04,-5.473000000000000000e+03,-1.870600000000000000e+04,-6.650000000000000000e+03,-3.171400000000000000e+04,1.677000000000000000e+03,-1.657500000000000000e+04,-4.834500000000000000e+04
-2.065000000000000000e+04,1.111400000000000000e+04,-1.890400000000000000e+04,-5.087000000000000000e+03,-3.484100000000000000e+04,-2.213100000000000000e+04,-1.099700000000000000e+04,-3.547700000000000000e+04
2.611000000000000000e+03,6.664000000000000000e+03,-2.862400000000000000e+04,-2.313200000000000000e+04,-1.865900000000000000e+04,-2.275200000000000000e+04,-2.633600000000000000e+04,-2.899700000000000000e+04
-2.263100000000000000e+04,-2.210600000000000000e+04,-1.379000000000000000e+04,-2.251300000000000000e+04,-1.190500000000000000e+04,-1.279100000000000000e+04,2.577600000000000000e+04,-2.121500000000000000e+04
-1.586000000000000000e+04,-9.705000000000000000e+03,-1.597500000000000000e+04,-2.700800000000000000e+04,-2.958400000000000000e+04,-1.939700000000000000e+04,-2.043800000000000000e+04,1.357300000000000000e+04
-1.565700000000000000e+04,-1.639200000000000000e+04,-2.284000000000000000e+03,-3.862000000000000000e+03,-1.351000000000000000e+03,-1.432400000000000000e+04,-1.235700000000000000e+04,-3.147600000000000000e+04
-3.118900000000000000e+04,-1.430300000000000000e+04,-2.010500000000000000e+04,1.183900000000000000e+04,-3.034300000000000000e+04,8.493000000000000000e+03,-2.238100000000000000e+04,-4.279400000000000000e+04
-2.212000000000000000e+04,-7.064000000000000000e+03,-1.529100000000000000e+04,-2.990300000000000000e+04,-1.667300000000000000e+04,-1.498100000000000000e+04,-1.841200000000000000e+04,1.176100000000000000e+04
-2.289200000000000000e+04,-1.833700000000000000e+04,6.011000000000000000e+03,-1.755200000000000000e+04,-1.812100000000000000e+04,-2.835700000000000000e+04,5.253000000000000000e+03,-2.134900000000000000e+04
-2.289100000000000000e+04,-1.566600000000000000e+04,3.659200000000000000e+04,-5.260000000000000000e+03,-1.251100000000000000e+04,-3.555000000000000000e+04,-1.543900000000000000e+04,-2.763500000000000000e+04
-1.704700000000000000e+04,-1.802900000000000000e+04,-1.232200000000000000e+04,-3.466600000000000000e+04,-2.578300000000000000e+04,-3.415800000000000000e+04,-2.313800000000000000e+04,1.231100000000000000e+04
-2.955300000000000000e+04,-1.002500000000000000e+04,2.559000000000000000e+03,-3.947000000000000000e+03,-2.034900000000000000e+04,-2.151500000000000000e+04,-1.142100000000000000e+04,-3.619600000000000000e+04
-1.608400000000000000e+04,-4.413000000000000000e+03,-3.232500000000000000e+04,-2.328800000000000000e+04,-1.233500000000000000e+04,-2.442500000000000000e+04,1.412800000000000000e+04,-1.914100000000000000e+04
4.500000000000000000e+02,-1.634400000000000000e+04,-1.170100000000000000e+04,-1.738200000000000000e+04,-1.132400000000000000e+04,1.080300000000000000e+04,-2.407100000000000000e+04,-2.594300000000000000e+04
-1.167500000000000000e+04,5.737000000000000000e+03,-1.875300000000000000e+04,-2.820400000000000000e+04,-3.004800000000000000e+04,-7.138000000000000000e+03,-2.845700000000000000e+04,-2.792200000000000000e+04
-1.717200000000000000e+04,2.269900000000000000e+04,-3.815100000000000000e+04,-3.459100000000000000e+04,-6.382000000000000000e+04,-1.435000000000000000e+04,-2.647900000000000000e+04,-4.047900000000000000e+04
-1.727500000000000000e+04,-7.163000000000000000e+03,-2.405900000000000000e+04,-8.783000000000000000e+03,-4.271700000000000000e+04,-1.514600000000000000e+04,3.664000000000000000e+03,-2.217900000000000000e+04
-4.577000000000000000e+04,-2.513900000000000000e+04,8.965000000000000000e+03,-2.246700000000000000e+04,-3.476700000000000000e+04,-1.763100000000000000e+04,-4.493000000000000000e+03,-1.619900000000000000e+04
-4.149800000000000000e+04,2.729000000000000000e+03,-1.835500000000000000e+04,-1.223500000000000000e+04,-4.440300000000000000e+04,-5.260000000000000000e+03,-1.237600000000000000e+04,-3.083300000000000000e+04
1.432000000000000000e+03,-1.781400000000000000e+04,-2.122200000000000000e+04,-7.250000000000000000e+03,-1.218600000000000000e+04,-5.806000000000000000e+03,-1.057600000000000000e+04,-4.239900000000000000e+04
-2.021100000000000000e+04,-9.987000000000000000e+03,-1.521300000000000000e+04,-9.334000000000000000e+03,-1.415300000000000000e+04,-1.375000000000000000e+04,6.910000000000000000e+03,-1.728800000000000000e+04
3.826000000000000000e+03,-1.813900000000000000e+04,-1.067600000000000000e+04,-1.198300000000000000e+04,-3.066600000000000000e+04,-9.706000000000000000e+03,-1.109400000000000000e+04,-3.785400000000000000e+04
-2.155100000000000000e+04,1.315000000000000000e+03,2.838000000000000000e+03,6.477000000000000000e+03,-2.561500000000000000e+04,-1.629400000000000000e+04,-1.638200000000000000e+04,-5.248200000000000000e+04
-1.847300000000000000e+04,-1.124900000000000000e+04,-1.354500000000000000e+04,-4.777000000000000000e+03,-2.416600000000000000e+04,7.400000000000000000e+01,-7.886000000000000000e+03,-4.549000000000000000e+04
-1.600400000000000000e+04,3.015900000000000000e+04,-2.413200000000000000e+04,-1.928900000000000000e+04,-4.321000000000000000e+04,-2.506800000000000000e+04,-3.274700000000000000e+04,-3.800000000000000000e+04
-1.807800000000000000e+04,-1.782000000000000000e+04,-2.080900000000000000e+04,-1.677200000000000000e+04,1.811500000000000000e+04,-2.835500000000000000e+04,-2.630900000000000000e+04,-1.725600000000000000e+04
-1.001000000000000000e+03,-2.639000000000000000e+04,-1.614100000000000000e+04,-2.091900000000000000e+04,1.344100000000000000e+04,-2.778400000000000000e+04,-3.851500000000000000e+04,-2.801700000000000000e+04
-3.794800000000000000e+04,-3.049200000000000000e+04,-8.618000000000000000e+03,-1.918600000000000000e+04,7.910000000000000000e+02,-3.423700000000000000e+04,-3.226800000000000000e+04,-3.728000000000000000e+03
-8.335000000000000000e+03,-1.815900000000000000e+04,-1.426500000000000000e+04,-2.175200000000000000e+04,1.615600000000000000e+04,-1.004300000000000000e+04,-2.338300000000000000e+04,-9.895000000000000000e+03
-3.813600000000000000e+04,-2.419500000000000000e+04,-2.331900000000000000e+04,-3.083500000000000000e+04,-3.774700000000000000e+04,-2.094200000000000000e+04,-2.008000000000000000e+04,2.073700000000000000e+04
-2.721900000000000000e+04,3.494100000000000000e+04,-2.120500000000000000e+04,-1.554800000000000000e+04,-5.999800000000000000e+04,-1.581300000000000000e+04,-2.812200000000000000e+04,-4.309900000000000000e+04
-3.445000000000000000e+03,-2.433200000000000000e+04,-2.116300000000000000e+04,-1.388200000000000000e+04,-7.243000000000000000e+03,4.969000000000000000e+03,-2.878700000000000000e+04,-3.722900000000000000e+04
9.900000000000000000e+02,-1.466500000000000000e+04,-1.223800000000000000e+04,-2.460000000000000000e+03,-3.465200000000000000e+04,-7.802000000000000000e+03,-3.521100000000000000e+04,-3.968400000000000000e+04
-4.609700000000000000e+04,-2.991200000000000000e+04,-3.857000000000000000e+03,-3.172600000000000000e+04,-4.039400000000000000e+04,-4.546400000000000000e+04,-2.815600000000000000e+04,7.401000000000000000e+03
-2.760500000000000000e+04,-2.107900000000000000e+04,-1.197100000000000000e+04,-2.124700000000000000e+04,-9.031000000000000000e+03,-3.040600000000000000e+04,-1.896000000000000000e+04,-2.861000000000000000e+03
-1.982500000000000000e+04,-1.658200000000000000e+04,-2.709000000000000000e+04,-2.079500000000000000e+04,-2.199800000000000000e+04,-1.694300000000000000e+04,1.473500000000000000e+04,-1.339700000000000000e+04
-2.181600000000000000e+04,1.210100000000000000e+04,-2.852400000000000000e+04,-1.516200000000000000e+04,-5.274500000000000000e+04,-6.435000000000000000e+03,-2.513000000000000000e+04,-4.166400000000000000e+04
-1.553700000000000000e+04,-2.250800000000000000e+04,-1.207800000000000000e+04,-3.314200000000000000e+04,-1.897200000000000000e+04,-3.248500000000000000e+04,1.509700000000000000e+04,-1.999100000000000000e+04
-3.007000000000000000e+04,-2.691200000000000000e+04,-1.010100000000000000e+04,-1.153700000000000000e+04,4.559000000000000000e+03,-2.392800000000000000e+04,-1.950400000000000000e+04,-1.182900000000000000e+04
-2.005200000000000000e+04,-1.672200000000000000e+04,-1.832800000000000000e+04,-2.923800000000000000e+04,-1.993900000000000000e+04,-3.638000000000000000e+04,-1.841200000000000000e+04,1.208900000000000000e+04
-2.543300000000000000e+04,-2.096100000000000000e+04,1.345700000000000000e+04,-2.702600000000000000e+04,-2.323400000000000000e+04,-3.636000000000000000e+04,-2.681500000000000000e+04,-1.545700000000000000e+04
-2.061100000000000000e+04,-1.784500000000000000e+04,-2.288700000000000000e+04,8.783000000000000000e+03,-3.331600000000000000e+04,-4.920000000000000000e+03,-1.291700000000000000e+04,-4.373000000000000000e+04
-2.071300000000000000e+04,-1.279300000000000000e+04,-3.134100000000000000e+04,6.082000000000000000e+03,-1.966000000000000000e+04,7.055000000000000000e+03,-1.846400000000000000e+04,-3.531400000000000000e+04
-3.406200000000000000e+04,-1.927300000000000000e+04,3.702000000000000000e+03,-2.469100000000000000e+04,-1.261900000000000000e+04,-3.173100000000000000e+04,-2.784200000000000000e+04,1.825000000000000000e+03
-1.677700000000000000e+04,-2.964800000000000000e+04,-2.023000000000000000e+04,-2.888900000000000000e+04,-2.408700000000000000e+04,-1.482700000000000000e+04,-1.946500000000000000e+04,1.365300000000000000e+04
-1.586000000000000000e+04,-1.009200000000000000e+04,-2.119800000000000000e+04,-1.175900000000000000e+04,-2.320200000000000000e+04,-6.137000000000000000e+03,-2.278000000000000000e+04,-3.528300000000000000e+04
-4.619000000000000000e+03,-2.361300000000000000e+04,-1.483500000000000000e+04,4.080000000000000000e+03,-7.292000000000000000e+03,-1.606500000000000000e+04,-2.340200000000000000e+04,-3.171300000000000000e+04
-1.848700000000000000e+04,1.942900000000000000e+04,-1.149100000000000000e+04,-1.434100000000000000e+04,-4.156700000000000000e+04,-2.431100000000000000e+04,-2.789600000000000000e+04,-4.303400000000000000e+04
-7.130000000000000000e+02,-2.925400000000000000e+04,-2.380600000000000000e+04,-8.258000000000000000e+03,-9.675000000000000000e+03,6.208000000000000000e+03,-2.945800000000000000e+04,-3.882400000000000000e+04
-1.340300000000000000e+04,-8.574000000000000000e+03,-2.381900000000000000e+04,-1.683600000000000000e+04,-2.383600000000000000e+04,-1.894000000000000000e+03,-2.811000000000000000e+03,-1.100400000000000000e+04
-3.632200000000000000e+04,-3.353400000000000000e+04,-1.698600000000000000e+04,-3.642000000000000000e+04,-3.111800000000000000e+04,-5.529200000000000000e+04,-2.861300000000000000e+04,2.384300000000000000e+04
-9.086000000000000000e+03,2.668000000000000000e+04,-2.536000000000000000e+04,-1.457900000000000000e+04,-5.031000000000000000e+04,-2.236000000000000000e+04,-1.958100000000000000e+04,-2.487300000000000000e+04
8.340000000000000000e+02,-2.587700000000000000e+04,-1.720500000000000000e+04,-9.981000000000000000e+03,-9.014000000000000000e+03,-3.732000000000000000e+03,-1.925400000000000000e+04,-3.614900000000000000e+04
-2.328200000000000000e+04,-1.843800000000000000e+04,-1.711100000000000000e+04,-3.690400000000000000e+04,-1.742200000000000000e+04,-2.539800000000000000e+04,-2.254800000000000000e+04,1.537300000000000000e+04
-1.340000000000000000e+03,-8.721000000000000000e+03,-3.277700000000000000e+04,-2.525000000000000000e+03,-1.751000000000000000e+04,2.119000000000000000e+03,-3.580400000000000000e+04,-3.492700000000000000e+04
-3.114800000000000000e+04,-2.168000000000000000e+04,2.065800000000000000e+04,-2.593900000000000000e+04,-1.273200000000000000e+04,-4.262100000000000000e+04,-2.853600000000000000e+04,-3.616000000000000000e+03
-2.442900000000000000e+04,-2.950800000000000000e+04,-1.050400000000000000e+04,-1.813300000000000000e+04,1.508100000000000000e+04,-3.578900000000000000e+04,-2.698700000000000000e+04,-1.840300000000000000e+04
-1.413800000000000000e+04,-1.765900000000000000e+04,-1.509700000000000000e+04,-1.787500000000000000e+04,-2.612700000000000000e+04,-1.006600000000000000e+04,-1.766700000000000000e+04,1.206800000000000000e+04
-2.888900000000000000e+04,-2.542500000000000000e+04,-1.034300000000000000e+04,-2.022100000000000000e+04,-2.783800000000000000e+04,-2.063400000000000000e+04,1.581400000000000000e+04,-2.419700000000000000e+04
-1.418700000000000000e+04,-2.199700000000000000e+04,-1.873800000000000000e+04,-1.643900000000000000e+04,-1.500800000000000000e+04,3.735000000000000000e+03,-2.446300000000000000e+04,-3.054200000000000000e+04
-2.051200000000000000e+04,1.887000000000000000e+04,-3.662000000000000000e+04,-1.047400000000000000e+04,-3.627000000000000000e+04,-1.611600000000000000e+04,-1.613200000000000000e+04,-3.373400000000000000e+04
-2.462000000000000000e+04,-1.985700000000000000e+04,-8.274000000000000000e+03,-8.117000000000000000e+03,-1.385400000000000000e+04,-1.361100000000000000e+04,6.624000000000000000e+03,-2.871800000000000000e+04
-1.395800000000000000e+04,-1.154700000000000000e+04,-2.111400000000000000e+04,-6.110000000000000000e+03,-2.324600000000000000e+04,1.499700000000000000e+04,-2.422500000000000000e+04,-2.219900000000000000e+04
-1.389800000000000000e+04,-1.715000000000000000e+04,-1.177900000000000000e+04,6.489000000000000000e+03,-2.283700000000000000e+04,-1.737200000000000000e+04,-4.915000000000000000e+03,-3.001800000000000000e+04
-2.461700000000000000e+04,-6.340000000000000000e+03,-1.744300000000000000e+04,-1.221700000000000000e+04,-2.761100000000000000e+04,-1.530100000000000000e+04,1.620000000000000000e+03,-3.139400000000000000e+04
-1.855600000000000000e+04,1.269100000000000000e+04,-1.386000000000000000e+04,-1.678200000000000000e+04,-2.946800000000000000e+04,-1.284000000000000000e+04,-2.140800000000000000e+04,-4.317700000000000000e+04
-2.275800000000000000e+04,-5.415000000000000000e+03,-2.284300000000000000e+04,3.729000000000000000e+03,-4.295400000000000000e+04,-1.529500000000000000e+04,-2.076800000000000000e+04,-4.431100000000000000e+04
-2.777400000000000000e+04,-6.969000000000000000e+03,6.536000000000000000e+03,-1.978900000000000000e+04,-1.369300000000000000e+04,-3.029500000000000000e+04,-1.349600000000000000e+04,-5.826000000000000000e+03
-1.466700000000000000e+04,-2.360400000000000000e+04,-2.755100000000000000e+04,-9.440000000000000000e+02,-1.216400000000000000e+04,2.077100000000000000e+04,-1.212400000000000000e+04,-2.961100000000000000e+04
-2.470200000000000000e+04,-1.815900000000000000e+04,-1.754900000000000000e+04,-2.768100000000000000e+04,-2.321000000000000000e+04,-1.775700000000000000e+04,-1.953400000000000000e+04,2.152200000000000000e+04
-2.768600000000000000e+04,-8.603000000000000000e+03,-2.383500000000000000e+04,-2.580700000000000000e+04,-2.696600000000000000e+04,1.906000000000000000e+03,-5.334000000000000000e+03,-1.800800000000000000e+04
-1.225700000000000000e+04,-2.270600000000000000e+04,-1.988000000000000000e+04,-2.602700000000000000e+04,1.185100000000000000e+04,-1.088500000000000000e+04,-2.067700000000000000e+04,-2.521900000000000000e+04
-3.710700000000000000e+04,-3.214500000000000000e+04,-1.819000000000000000e+04,-3.739500000000000000e+04,-3.472800000000000000e+04,-3.402900000000000000e+04,-1.375300000000000000e+04,5.576000000000000000e+03
1.340700000000000000e+04,-2.341200000000000000e+04,-2.324700000000000000e+04,-1.415500000000000000e+04,-7.841000000000000000e+03,-1.565900000000000000e+04,-3.279700000000000000e+04,-3.943300000000000000e+04
-2.841600000000000000e+04,-1.757800000000000000e+04,5.115000000000000000e+03,-3.425900000000000000e+04,-3.081800000000000000e+04,-3.085800000000000000e+04,-1.464800000000000000e+04,-5.028000000000000000e+03
-1.821600000000000000e+04,-2.153400000000000000e+04,2.024700000000000000e+04,-3.131100000000000000e+04,-1.454500000000000000e+04,-3.514200000000000000e+04,-1.276900000000000000e+04,-1.316300000000000000e+04
-3.618300000000000000e+04,-2.512800000000000000e+04,-9.834000000000000000e+03,-2.163800000000000000e+04,-2.287200000000000000e+04,-2.629000000000000000e+04,2.214900000000000000e+04,-2.926300000000000000e+04
-7.824000000000000000e+03,-1.814500000000000000e+04,-2.293200000000000000e+04,-3.184100000000000000e+04,-2.114900000000000000e+04,-4.436800000000000000e+04,-2.884400000000000000e+04,2.165300000000000000e+04
-2.814900000000000000e+04,2.854600000000000000e+04,-1.779200000000000000e+04,-1.347600000000000000e+04,-4.046900000000000000e+04,-2.454400000000000000e+04,-2.820000000000000000e+04,-3.101800000000000000e+04
-2.242400000000000000e+04,2.671300000000000000e+04,-1.986200000000000000e+04,-1.936400000000000000e+04,-4.442800000000000000e+04,-2.903300000000000000e+04,-2.470200000000000000e+04,-3.111400000000000000e+04
-3.034300000000000000e+04,-2.502800000000000000e+04,-4.815000000000000000e+03,-2.740700000000000000e+04,-1.031100000000000000e+04,-3.385700000000000000e+04,-2.906500000000000000e+04,5.284000000000000000e+03
-1.911000000000000000e+03,-2.221700000000000000e+04,-1.670300000000000000e+04,-5.300000000000000000e+02,-2.060800000000000000e+04,5.928000000000000000e+03,-2.036800000000000000e+04,-3.650700000000000000e+04
1.448900000000000000e+04,-2.533500000000000000e+04,-1.641400000000000000e+04,-1.454900000000000000e+04,-2.242600000000000000e+04,1.183000000000000000e+03,-2.987000000000000000e+04,-5.592400000000000000e+04
-3.148600000000000000e+04,-1.745600000000000000e+04,-1.294700000000000000e+04,-1.464600000000000000e+04,-3.373800000000000000e+04,-1.519700000000000000e+04,1.794900000000000000e+04,-2.447700000000000000e+04
5.870000000000000000e+03,-1.170900000000000000e+04,-4.390000000000000000e+03,7.163000000000000000e+03,6.380000000000000000e+02,-3.751000000000000000e+03,-2.323300000000000000e+04,-2.880000000000000000e+04
-2.534000000000000000e+04,-3.177500000000000000e+04,4.296000000000000000e+03,-3.702200000000000000e+04,-2.589600000000000000e+04,-4.473500000000000000e+04,-2.236500000000000000e+04,8.500000000000000000e+02
-1.699100000000000000e+04,1.609700000000000000e+04,-2.118200000000000000e+04,-1.911100000000000000e+04,-4.730300000000000000e+04,-2.011000000000000000e+03,-1.783400000000000000e+04,-3.093700000000000000e+04
-2.520200000000000000e+04,-1.958900000000000000e+04,-9.013000000000000000e+03,-3.207100000000000000e+04,-1.694600000000000000e+04,-3.978300000000000000e+04,-2.741200000000000000e+04,1.070300000000000000e+04
-2.667000000000000000e+04,-2.592700000000000000e+04,-1.388700000000000000e+04,-3.123700000000000000e+04,-2.731600000000000000e+04,-9.423000000000000000e+03,2.502100000000000000e+04,-4.511600000000000000e+04
-1.771300000000000000e+04,-2.457600000000000000e+04,8.579000000000000000e+03,-1.609700000000000000e+04,1.779000000000000000e+03,-3.920800000000000000e+04,-2.414500000000000000e+04,-1.398800000000000000e+04
-1.097400000000000000e+04,-1.104600000000000000e+04,-5.346000000000000000e+03,-2.172400000000000000e+04,-1.722700000000000000e+04,-5.250000000000000000e+02,-1.925300000000000000e+04,-3.749000000000000000e+04
-2.591600000000000000e+04,1.561600000000000000e+04,-2.515100000000000000e+04,-1.793000000000000000e+04,-4.894300000000000000e+04,-2.306200000000000000e+04,-3.469200000000000000e+04,-3.980200000000000000e+04
-3.144900000000000000e+04,-1.940600000000000000e+04,-2.181800000000000000e+04,-2.094500000000000000e+04,-2.078400000000000000e+04,-1.292100000000000000e+04,1.768200000000000000e+04,-2.093300000000000000e+04
-1.577700000000000000e+04,-1.358500000000000000e+04,-1.037000000000000000e+03,-1.924100000000000000e+04,-1.376800000000000000e+04,-2.283800000000000000e+04,9.632000000000000000e+03,-2.281000000000000000e+04
-1.447900000000000000e+04,-1.852300000000000000e+04,-1.819100000000000000e+04,-3.060800000000000000e+04,-1.692200000000000000e+04,-1.813100000000000000e+04,1.493000000000000000e+04,-1.626100000000000000e+04
-2.697400000000000000e+04,-2.234800000000000000e+04,-2.030600000000000000e+04,-3.269800000000000000e+04,-3.101100000000000000e+04,-2.079500000000000000e+04,2.056600000000000000e+04,-2.062900000000000000e+04
-1.291700000000000000e+04,-1.085200000000000000e+04,-1.675100000000000000e+04,-2.369000000000000000e+03,-5.028000000000000000e+03,1.400300000000000000e+04,-7.541000000000000000e+03,-1.637700000000000000e+04
-2.009800000000000000e+04,-8.050000000000000000e+03,-1.500900000000000000e+04,6.271000000000000000e+03,-3.345300000000000000e+04,-2.124600000000000000e+04,-2.402300000000000000e+04,-4.684300000000000000e+04
-2.925900000000000000e+04,-2.544600000000000000e+04,1.458100000000000000e+04,-2.336400000000000000e+04,-2.347200000000000000e+04,-3.413500000000000000e+04,-6.200000000000000000e+03,-3.029000000000000000e+03
8.745000000000000000e+03,-2.061900000000000000e+04,-3.909000000000000000e+03,-9.597000000000000000e+03,3.906000000000000000e+03,-1.833200000000000000e+04,-2.630100000000000000e+04,-2.078400000000000000e+04
-2.159600000000000000e+04,-2.065000000000000000e+04,6.366000000000000000e+03,-9.024000000000000000e+03,-1.563000000000000000e+03,-3.372000000000000000e+04,-1.290300000000000000e+04,-1.014500000000000000e+04
2.918000000000000000e+03,-2.026600000000000000e+04,-1.812500000000000000e+04,-2.450500000000000000e+04,-2.927900000000000000e+04,1.479600000000000000e+04,-3.757700000000000000e+04,-5.375500000000000000e+04
-1.096000000000000000e+04,-1.460700000000000000e+04,-1.435600000000000000e+04,-4.648000000000000000e+03,-2.234800000000000000e+04,-2.793000000000000000e+03,-2.084400000000000000e+04,-4.735500000000000000e+04
-2.683100000000000000e+04,-1.368100000000000000e+04,-1.971700000000000000e+04,-1.662500000000000000e+04,-4.141800000000000000e+04,-2.484900000000000000e+04,9.907000000000000000e+03,-4.953100000000000000e+04
-1.428500000000000000e+04,-1.255600000000000000e+04,-2.067500000000000000e+04,2.277000000000000000e+03,-2.474200000000000000e+04,-5.330000000000000000e+03,-2.171400000000000000e+04,-1.452500000000000000e+04
-5.264800000000000000e+04,-3.839000000000000000e+04,-1.031900000000000000e+04,-5.042100000000000000e+04,-3.512000000000000000e+04,-4.440300000000000000e+04,-2.755900000000000000e+04,1.583000000000000000e+04
-3.587300000000000000e+04,-2.078200000000000000e+04,-6.886000000000000000e+03,-4.141000000000000000e+04,-2.439900000000000000e+04,-4.486300000000000000e+04,-2.368400000000000000e+04,1.433500000000000000e+04
-7.279000000000000000e+03,-4.050000000000000000e+02,2.839000000000000000e+03,-2.961800000000000000e+04,-3.161100000000000000e+04,-2.314000000000000000e+04,-1.953200000000000000e+04,-3.492200000000000000e+04
-3.464000000000000000e+04,-1.294600000000000000e+04,-1.878900000000000000e+04,-1.191600000000000000e+04,-4.163600000000000000e+04,-2.165500000000000000e+04,1.070700000000000000e+04,-2.598000000000000000e+04
-2.437100000000000000e+04,-9.596000000000000000e+03,-1.472300000000000000e+04,4.087000000000000000e+03,-4.644100000000000000e+04,-9.532000000000000000e+03,-2.248300000000000000e+04,-3.345400000000000000e+04
-2.536300000000000000e+04,1.772900000000000000e+04,-2.178000000000000000e+04,-1.356100000000000000e+04,-4.659400000000000000e+04,-1.313600000000000000e+04,-8.034000000000000000e+03,-4.148200000000000000e+04
-3.045200000000000000e+04,-1.577600000000000000e+04,-3.042500000000000000e+04,1.195300000000000000e+04,-4.151100000000000000e+04,-8.738000000000000000e+03,-2.112900000000000000e+04,-3.615000000000000000e+04
-1.162000000000000000e+03,-1.444300000000000000e+04,-1.960500000000000000e+04,-3.020500000000000000e+04,2.402000000000000000e+03,-1.340100000000000000e+04,-2.684400000000000000e+04,-2.576900000000000000e+04
-2.785500000000000000e+04,-2.790000000000000000e+04,1.643000000000000000e+03,-2.806200000000000000e+04,5.981000000000000000e+03,-2.865800000000000000e+04,-3.798300000000000000e+04,-3.074000000000000000e+03
-2.560100000000000000e+04,-2.614800000000000000e+04,-1.355100000000000000e+04,-2.795700000000000000e+04,-2.554100000000000000e+04,-3.006600000000000000e+04,-1.938000000000000000e+04,2.395500000000000000e+04
2.176000000000000000e+03,-1.939900000000000000e+04,-1.088200000000000000e+04,-5.033000000000000000e+03,4.901000000000000000e+03,2.608000000000000000e+03,-3.830700000000000000e+04,-3.850100000000000000e+04
-1.240800000000000000e+04,-1.159000000000000000e+04,-1.663300000000000000e+04,-4.354000000000000000e+03,-2.231200000000000000e+04,-2.783600000000000000e+04,2.362200000000000000e+04,-2.277100000000000000e+04
-9.541000000000000000e+03,-2.500000000000000000e+04,-1.202100000000000000e+04,-7.327000000000000000e+03,8.671000000000000000e+03,-1.691500000000000000e+04,-3.758200000000000000e+04,-4.997300000000000000e+04
-1.128600000000000000e+04,-1.235500000000000000e+04,-1.055700000000000000e+04,6.505000000000000000e+03,-1.281800000000000000e+04,-2.056900000000000000e+04,-1.909900000000000000e+04,-3.621400000000000000e+04
-9.992000000000000000e+03,1.891500000000000000e+04,-3.943400000000000000e+04,-1.642400000000000000e+04,-6.202000000000000000e+04,-1.298100000000000000e+04,-3.164300000000000000e+04,-4.206300000000000000e+04
-3.256300000000000000e+04,-2.855400000000000000e+04,3.009000000000000000e+03,-1.005100000000000000e+04,1.552700000000000000e+04,-3.739100000000000000e+04,-3.325200000000000000e+04,-1.873300000000000000e+04
-2.398300000000000000e+04,-1.842800000000000000e+04,-2.135600000000000000e+04,-5.163600000000000000e+04,-2.894200000000000000e+04,-3.086000000000000000e+04,-2.061400000000000000e+04,2.450500000000000000e+04
-3.029000000000000000e+03,-2.541300000000000000e+04,-1.849300000000000000e+04,5.890000000000000000e+03,-1.327400000000000000e+04,4.840000000000000000e+02,-2.178100000000000000e+04,-1.461700000000000000e+04
-2.574300000000000000e+04,-1.042700000000000000e+04,-2.576100000000000000e+04,-3.067200000000000000e+04,-2.424200000000000000e+04,-1.039900000000000000e+04,3.659000000000000000e+03,-2.571900000000000000e+04
5.130000000000000000e+03,-1.867200000000000000e+04,-1.645700000000000000e+04,5.883000000000000000e+03,-2.276000000000000000e+04,-1.029700000000000000e+04,-2.976300000000000000e+04,-3.165700000000000000e+04
-3.539400000000000000e+04,-2.670000000000000000e+04,-1.556300000000000000e+04,-4.095100000000000000e+04,-2.720200000000000000e+04,-2.141600000000000000e+04,1.544000000000000000e+04,-2.163700000000000000e+04
-1.920000000000000000e+04,-1.426000000000000000e+04,-2.052000000000000000e+04,-6.149000000000000000e+03,-1.330300000000000000e+04,-1.385300000000000000e+04,-3.010200000000000000e+04,-3.026900000000000000e+04
-8.281000000000000000e+03,-2.570600000000000000e+04,-1.739100000000000000e+04,-2.774700000000000000e+04,-2.110700000000000000e+04,9.213000000000000000e+03,-6.577000000000000000e+03,-4.439000000000000000e+04
-2.478400000000000000e+04,3.803000000000000000e+03,-2.268700000000000000e+04,1.430000000000000000e+03,-4.261800000000000000e+04,-1.108100000000000000e+04,-1.387700000000000000e+04,-3.403800000000000000e+04
-6.204000000000000000e+03,-8.136000000000000000e+03,7.745000000000000000e+03,1.232000000000000000e+03,-1.051100000000000000e+04,-6.892000000000000000e+03,-2.469800000000000000e+04,-4.208600000000000000e+04
-3.157000000000000000e+03,1.663000000000000000e+03,-2.822500000000000000e+04,-2.145000000000000000e+04,-2.624900000000000000e+04,-2.326100000000000000e+04,-2.475700000000000000e+04,-2.783600000000000000e+04
-3.419200000000000000e+04,2.905400000000000000e+04,-3.305000000000000000e+04,-8.245000000000000000e+03,-4.875000000000000000e+04,-2.891200000000000000e+04,-1.451600000000000000e+04,-3.663000000000000000e+04
-1.751700000000000000e+04,-7.397000000000000000e+03,-3.398300000000000000e+04,-8.066000000000000000e+03,-4.227300000000000000e+04,7.684000000000000000e+03,-1.346900000000000000e+04,-4.104000000000000000e+04
-3.355000000000000000e+04,-2.253000000000000000e+04,-1.052900000000000000e+04,-3.176900000000000000e+04,-3.411300000000000000e+04,-2.147500000000000000e+04,-1.332300000000000000e+04,7.143000000000000000e+03
-2.859400000000000000e+04,-1.391700000000000000e+04,-9.230000000000000000e+03,-1.904800000000000000e+04,-2.901000000000000000e+04,-8.119000000000000000e+03,1.459100000000000000e+04,-1.689300000000000000e+04
-1.165400000000000000e+04,-2.294500000000000000e+04,-2.072100000000000000e+04,1.628000000000000000e+03,-1.446300000000000000e+04,5.359000000000000000e+03,-2.075200000000000000e+04,-3.814500000000000000e+04
-3.900700000000000000e+04,-1.671400000000000000e+04,-1.493500000000000000e+04,1.027700000000000000e+04,-3.459700000000000000e+04,-2.223000000000000000e+03,-9.206000000000000000e+03,-3.875200000000000000e+04
-3.117400000000000000e+04,-3.017500000000000000e+04,-1.527000000000000000e+04,4.067000000000000000e+03,8.477000000000000000e+03,-2.031300000000000000e+04,-1.439500000000000000e+04,-2.623600000000000000e+04
-2.427000000000000000e+04,-2.028300000000000000e+04,-1.225000000000000000e+04,-2.288200000000000000e+04,-2.783900000000000000e+04,-1.524000000000000000e+03,-9.417000000000000000e+03,-1.685300000000000000e+04
-2.396900000000000000e+04,-2.723000000000000000e+04,-2.451000000000000000e+03,-2.151200000000000000e+04,3.754000000000000000e+03,-2.981600000000000000e+04,-2.788500000000000000e+04,-8.733000000000000000e+03
-3.086100000000000000e+04,-1.826000000000000000e+04,-1.464900000000000000e+04,-2.567800000000000000e+04,-9.794000000000000000e+03,-3.555100000000000000e+04,-1.511800000000000000e+04,-7.600000000000000000e+02
-2.306800000000000000e+04,7.438000000000000000e+03,-1.461700000000000000e+04,-2.462000000000000000e+04,-3.464900000000000000e+04,-2.068300000000000000e+04,-1.107800000000000000e+04,-1.812500000000000000e+04
1.326500000000000000e+04,-2.447100000000000000e+04,-2.372800000000000000e+04,-1.939700000000000000e+04,-1.576700000000000000e+04,-7.692000000000000000e+03,-2.683000000000000000e+04,-3.355700000000000000e+04
7.172000000000000000e+03,-1.821300000000000000e+04,-2.786700000000000000e+04,-1.105500000000000000e+04,-2.024100000000000000e+04,-1.594900000000000000e+04,-2.250200000000000000e+04,-3.643900000000000000e+04
-1.767300000000000000e+04,-9.253000000000000000e+03,-2.407200000000000000e+04,5.173000000000000000e+03,-4.988600000000000000e+04,-9.478000000000000000e+03,-2.139000000000000000e+04,-3.745000000000000000e+04
-2.100500000000000000e+04,1.770400000000000000e+04,-4.159000000000000000e+03,-2.751200000000000000e+04,-4.397200000000000000e+04,-2.483100000000000000e+04,-1.781400000000000000e+04,-3.441000000000000000e+04
-2.859900000000000000e+04,-7.108000000000000000e+03,-2.850000000000000000e+04,-1.653200000000000000e+04,-3.289000000000000000e+04,-5.533000000000000000e+03,1.351500000000000000e+04,-3.094400000000000000e+04
-1.049000000000000000e+03,1.862900000000000000e+04,-1.968200000000000000e+04,-3.202500000000000000e+04,-4.528900000000000000e+04,-3.160200000000000000e+04,-2.154800000000000000e+04,-4.096300000000000000e+04
-8.333000000000000000e+03,-1.191500000000000000e+04,-2.594600000000000000e+04,-1.643700000000000000e+04,-3.756000000000000000e+03,1.297700000000000000e+04,-1.635400000000000000e+04,-1.745600000000000000e+04
-2.482000000000000000e+03,-1.443500000000000000e+04,-1.709100000000000000e+04,7.621000000000000000e+03,-2.584700000000000000e+04,-1.161000000000000000e+04,-2.804500000000000000e+04,-4.933900000000000000e+04
-1.065100000000000000e+04,-8.911000000000000000e+03,-2.338500000000000000e+04,-1.771300000000000000e+04,-2.817000000000000000e+03,6.600000000000000000e+01,-2.145700000000000000e+04,-2.327400000000000000e+04
-3.600900000000000000e+04,-1.574100000000000000e+04,-2.459800000000000000e+04,-3.004200000000000000e+04,-2.579900000000000000e+04,-1.336500000000000000e+04,2.440900000000000000e+04,-2.355100000000000000e+04
-3.771400000000000000e+04,-2.414500000000000000e+04,-1.622500000000000000e+04,-2.584000000000000000e+04,-2.307100000000000000e+04,-3.178800000000000000e+04,-2.270200000000000000e+04,1.873400000000000000e+04
-1.430900000000000000e+04,-2.448000000000000000e+04,-1.022000000000000000e+04,6.523000000000000000e+03,-5.978000000000000000e+03,2.080000000000000000e+03,-1.465700000000000000e+04,-3.885000000000000000e+04
-2.399700000000000000e+04,9.100000000000000000e+02,-1.330900000000000000e+04,-2.440600000000000000e+04,-2.419900000000000000e+04,-1.381200000000000000e+04,5.946000000000000000e+03,-2.187300000000000000e+04
-1.448700000000000000e+04,-3.560100000000000000e+04,-2.061000000000000000e+04,-7.653000000000000000e+03,-1.707000000000000000e+04,2.126200000000000000e+04,-7.729000000000000000e+03,-3.987000000000000000e+04
-7.420000000000000000e+02,-2.563700000000000000e+04,-1.812200000000000000e+04,-8.546000000000000000e+03,-4.180000000000000000e+03,5.817000000000000000e+03,-2.427600000000000000e+04,-2.671600000000000000e+04
-2.851800000000000000e+04,-1.718900000000000000e+04,1.628600000000000000e+04,-2.056400000000000000e+04,-1.905500000000000000e+04,-3.371500000000000000e+04,-2.374400000000000000e+04,-1.666100000000000000e+04
-2.921000000000000000e+04,-2.235900000000000000e+04,-8.058000000000000000e+03,-6.090000000000000000e+02,-2.053300000000000000e+04,-3.324800000000000000e+04,5.181000000000000000e+03,-3.298700000000000000e+04
-4.039300000000000000e+04,-2.176400000000000000e+04,8.468000000000000000e+03,-1.850500000000000000e+04,-2.752600000000000000e+04,-3.597300000000000000e+04,-2.537400000000000000e+04,8.170000000000000000e+02
-3.485300000000000000e+04,-1.628400000000000000e+04,1.867400000000000000e+04,-3.065400000000000000e+04,-2.359700000000000000e+04,-3.288700000000000000e+04,-1.071900000000000000e+04,4.890000000000000000e+02
-3.811400000000000000e+04,-2.863700000000000000e+04,-1.723000000000000000e+03,-2.691800000000000000e+04,-2.844000000000000000e+03,-4.966100000000000000e+04,-3.412300000000000000e+04,1.515400000000000000e+04
-5.051000000000000000e+03,-1.776000000000000000e+04,-1.558000000000000000e+04,3.589000000000000000e+03,-7.258000000000000000e+03,4.102000000000000000e+03,-2.201600000000000000e+04,-2.657300000000000000e+04
-1.091900000000000000e+04,-4.788000000000000000e+03,-1.729700000000000000e+04,3.659000000000000000e+03,-1.714900000000000000e+04,-6.559000000000000000e+03,-1.669400000000000000e+04,-2.717200000000000000e+04
-1.763400000000000000e+04,-2.388900000000000000e+04,-2.537000000000000000e+03,-3.311000000000000000e+04,-2.222700000000000000e+04,-2.090400000000000000e+04,-1.200000000000000000e+04,2.422000000000000000e+03
-2.385300000000000000e+04,2.711900000000000000e+04,-2.283400000000000000e+04,-8.182000000000000000e+03,-4.456500000000000000e+04,-2.636900000000000000e+04,-2.337500000000000000e+04,-3.872400000000000000e+04
-3.084400000000000000e+04,3.568200000000000000e+04,-2.651700000000000000e+04,-1.495800000000000000e+04,-6.432300000000000000e+04,-1.277500000000000000e+04,-3.776800000000000000e+04,-4.317100000000000000e+04
-6.921000000000000000e+03,-2.459600000000000000e+04,-9.565000000000000000e+03,-2.161700000000000000e+04,-1.220300000000000000e+04,-1.755600000000000000e+04,6.967000000000000000e+03,-2.052900000000000000e+04
-3.251800000000000000e+04,2.296400000000000000e+04,-3.101000000000000000e+04,-7.743000000000000000e+03,-5.494200000000000000e+04,-1.830100000000000000e+04,-2.691500000000000000e+04,-3.978300000000000000e+04
-1.492300000000000000e+04,1.454900000000000000e+04,-1.293300000000000000e+04,-1.847800000000000000e+04,-2.940600000000000000e+04,-2.679500000000000000e+04,-1.580600000000000000e+04,-1.817600000000000000e+04
-1.824900000000000000e+04,7.970000000000000000e+03,-2.214000000000000000e+03,-2.284100000000000000e+04,-3.855100000000000000e+04,-1.906900000000000000e+04,-1.298700000000000000e+04,-2.870900000000000000e+04
-2.878400000000000000e+04,-2.110000000000000000e+04,-2.371700000000000000e+04,-1.390300000000000000e+04,-2.114800000000000000e+04,3.282000000000000000e+03,-3.367000000000000000e+03,-2.256100000000000000e+04
-1.601500000000000000e+04,1.692100000000000000e+04,-2.235300000000000000e+04,-1.131600000000000000e+04,-3.142000000000000000e+04,-2.474300000000000000e+04,-7.098000000000000000e+03,-4.251200000000000000e+04
-1.875400000000000000e+04,1.407100000000000000e+04,-8.220000000000000000e+03,-3.034600000000000000e+04,-3.057100000000000000e+04,-2.655400000000000000e+04,-6.015000000000000000e+03,-3.056900000000000000e+04
-2.176600000000000000e+04,-2.191900000000000000e+04,-2.776700000000000000e+04,-1.044700000000000000e+04,-2.757900000000000000e+04,2.009800000000000000e+04,-3.862000000000000000e+03,-2.443000000000000000e+04
-1.590400000000000000e+04,3.136500000000000000e+04,-2.148900000000000000e+04,-1.335900000000000000e+04,-4.305100000000000000e+04,-3.596600000000000000e+04,-2.676300000000000000e+04,-3.607400000000000000e+04
-3.674000000000000000e+04,-3.054700000000000000e+04,2.292100000000000000e+04,-2.465100000000000000e+04,-3.182600000000000000e+04,-4.257000000000000000e+04,-1.863600000000000000e+04,-5.368000000000000000e+03
-4.466000000000000000e+04,1.209600000000000000e+04,-1.304200000000000000e+04,-2.886900000000000000e+04,-6.053600000000000000e+04,-4.939000000000000000e+03,-1.881800000000000000e+04,-3.664800000000000000e+04
-2.866500000000000000e+04,1.505200000000000000e+04,-2.272000000000000000e+04,-1.140100000000000000e+04,-5.513500000000000000e+04,-2.209600000000000000e+04,-2.350400000000000000e+04,-3.912500000000000000e+04
-2.016700000000000000e+04,-1.418000000000000000e+04,-1.300300000000000000e+04,-2.950100000000000000e+04,-1.135800000000000000e+04,-1.756800000000000000e+04,-1.853000000000000000e+04,5.025000000000000000e+03
-2.176700000000000000e+04,-1.808300000000000000e+04,-2.708700000000000000e+04,-2.199500000000000000e+04,-2.287800000000000000e+04,-1.427500000000000000e+04,-1.532000000000000000e+04,1.889400000000000000e+04
-1.647400000000000000e+04,-2.065200000000000000e+04,-2.966300000000000000e+04,3.015000000000000000e+03,-1.711400000000000000e+04,-1.145000000000000000e+03,-1.506600000000000000e+04,-4.340100000000000000e+04
9.594000000000000000e+03,-2.419300000000000000e+04,-2.418000000000000000e+04,8.670000000000000000e+03,-1.205100000000000000e+04,4.210000000000000000e+02,-2.963100000000000000e+04,-3.390100000000000000e+04
-2.323800000000000000e+04,-1.279600000000000000e+04,-6.107000000000000000e+03,-7.163000000000000000e+03,-2.337000000000000000e+04,-2.203600000000000000e+04,5.124000000000000000e+03,-4.454400000000000000e+04
-1.898700000000000000e+04,-1.574100000000000000e+04,-1.020400000000000000e+04,-2.124200000000000000e+04,-2.574000000000000000e+04,-2.770000000000000000e+04,6.630000000000000000e+02,-1.430500000000000000e+04
-3.052100000000000000e+04,-2.006400000000000000e+04,-4.807000000000000000e+03,-1.996100000000000000e+04,-2.767300000000000000e+04,-3.146100000000000000e+04,-3.440200000000000000e+04,1.190900000000000000e+04
-2.377300000000000000e+04,-8.454000000000000000e+03,-2.406600000000000000e+04,-1.221900000000000000e+04,-2.750300000000000000e+04,-1.592600000000000000e+04,1.272300000000000000e+04,-2.038300000000000000e+04
-2.642200000000000000e+04,-2.111200000000000000e+04,-2.353500000000000000e+04,-2.241800000000000000e+04,-2.440100000000000000e+04,-1.472100000000000000e+04,-1.354200000000000000e+04,4.555000000000000000e+03
-2.613900000000000000e+04,-1.997700000000000000e+04,-2.228900000000000000e+04,-3.107600000000000000e+04,-1.388200000000000000e+04,-1.266100000000000000e+04,-2.240000000000000000e+02,-2.572000000000000000e+03
-2.116400000000000000e+04,2.047400000000000000e+04,-2.451200000000000000e+04,-2.176700000000000000e+04,-5.278100000000000000e+04,-1.682500000000000000e+04,-3.336800000000000000e+04,-3.707100000000000000e+04
-5.357000000000000000e+03,-1.848000000000000000e+04,-2.161400000000000000e+04,-1.383000000000000000e+04,-1.138300000000000000e+04,-1.407700000000000000e+04,3.319000000000000000e+03,-1.212900000000000000e+04
-4.905000000000000000e+03,-1.874900000000000000e+04,-1.386300000000000000e+04,-6.887000000000000000e+03,-2.305600000000000000e+04,-1.562000000000000000e+03,-1.030100000000000000e+04,-3.198800000000000000e+04
-3.099600000000000000e+04,-2.951300000000000000e+04,-1.716900000000000000e+04,-1.959800000000000000e+04,-2.276300000000000000e+04,-3.608300000000000000e+04,-2.211200000000000000e+04,1.867500000000000000e+04
-1.567500000000000000e+04,-1.902600000000000000e+04,-4.101000000000000000e+03,-8.285000000000000000e+03,-8.439000000000000000e+03,-1.359000000000000000e+03,-1.114700000000000000e+04,-2.290900000000000000e+04
1.968600000000000000e+04,-2.614800000000000000e+04,-1.312100000000000000e+04,-7.343000000000000000e+03,-8.630000000000000000e+02,-1.114300000000000000e+04,-3.191300000000000000e+04,-4.481200000000000000e+04
-3.431300000000000000e+04,-2.910100000000000000e+04,7.549000000000000000e+03,-1.620300000000000000e+04,1.520000000000000000e+02,-3.660400000000000000e+04,-2.334300000000000000e+04,-1.666000000000000000e+03
-2.751200000000000000e+04,2.087000000000000000e+03,-1.971300000000000000e+04,-7.251000000000000000e+03,-2.901300000000000000e+04,-3.222100000000000000e+04,-2.085400000000000000e+04,-2.639300000000000000e+04
-2.235600000000000000e+04,-1.775300000000000000e+04,-4.623000000000000000e+03,-3.691900000000000000e+04,-1.856900000000000000e+04,-1.185200000000000000e+04,3.026200000000000000e+04,-2.521300000000000000e+04
-3.975700000000000000e+04,-2.119600000000000000e+04,-9.482000000000000000e+03,-3.191800000000000000e+04,-3.373000000000000000e+03,-2.896300000000000000e+04,-4.193000000000000000e+03,-1.923600000000000000e+04
-2.664200000000000000e+04,-2.378000000000000000e+04,1.288200000000000000e+04,-1.716800000000000000e+04,-2.840600000000000000e+04,-3.618600000000000000e+04,-2.955800000000000000e+04,-2.962000000000000000e+03
-1.037400000000000000e+04,-1.354900000000000000e+04,-2.443300000000000000e+04,7.073000000000000000e+03,-2.492500000000000000e+04,3.252000000000000000e+03,-2.055800000000000000e+04,-3.616000000000000000e+04
-8.390000000000000000e+03,-1.335200000000000000e+04,-9.907000000000000000e+03,-5.826000000000000000e+03,-1.246700000000000000e+04,-1.951900000000000000e+04,-1.964000000000000000e+04,-4.001400000000000000e+04
4.350000000000000000e+02,-2.068700000000000000e+04,-9.526000000000000000e+03,-9.218000000000000000e+03,-7.938000000000000000e+03,-1.385900000000000000e+04,-2.534500000000000000e+04,-4.101100000000000000e+04
1.912900000000000000e+04,-2.484900000000000000e+04,-2.134800000000000000e+04,-1.562500000000000000e+04,-1.467600000000000000e+04,-3.830000000000000000e+02,-2.911500000000000000e+04,-4.729500000000000000e+04
-2.420700000000000000e+04,-2.806700000000000000e+04,-1.153900000000000000e+04,1.358000000000000000e+03,2.188000000000000000e+03,-3.549400000000000000e+04,-2.970500000000000000e+04,-1.672100000000000000e+04
-2.124400000000000000e+04,-2.414400000000000000e+04,-1.443200000000000000e+04,-2.992300000000000000e+04,-2.541600000000000000e+04,-2.569400000000000000e+04,-2.583500000000000000e+04,2.287600000000000000e+04
-3.049100000000000000e+04,-7.916000000000000000e+03,-2.244900000000000000e+04,-1.007800000000000000e+04,-8.661000000000000000e+03,-1.942900000000000000e+04,-9.810000000000000000e+02,-2.740000000000000000e+04
8.550000000000000000e+02,-1.410700000000000000e+04,-2.438600000000000000e+04,1.840500000000000000e+04,-2.212100000000000000e+04,-1.593000000000000000e+04,-3.346700000000000000e+04,-2.323200000000000000e+04
-2.100100000000000000e+04,-2.611200000000000000e+04,-5.183000000000000000e+03,-1.541700000000000000e+04,1.234600000000000000e+04,-3.391200000000000000e+04,-3.085100000000000000e+04,-1.671600000000000000e+04
-2.961300000000000000e+04,-2.665700000000000000e+04,-1.474700000000000000e+04,-3.112900000000000000e+04,-2.986300000000000000e+04,-3.325000000000000000e+04,-2.906900000000000000e+04,3.629000000000000000e+03
-1.177700000000000000e+04,-2.300400000000000000e+04,-1.905600000000000000e+04,-2.970200000000000000e+04,-2.947200000000000000e+04,-1.681700000000000000e+04,7.043000000000000000e+03,-1.868400000000000000e+04
-1.585800000000000000e+04,-1.751300000000000000e+04,-1.131900000000000000e+04,-1.676100000000000000e+04,5.391000000000000000e+03,4.096000000000000000e+03,-3.894200000000000000e+04,-2.810700000000000000e+04
-2.287600000000000000e+04,-2.235600000000000000e+04,5.192000000000000000e+03,-1.880500000000000000e+04,5.973000000000000000e+03,-3.138200000000000000e+04,-3.113400000000000000e+04,-1.687600000000000000e+04
-3.478100000000000000e+04,-2.800600000000000000e+04,-1.408000000000000000e+04,-3.645700000000000000e+04,-2.720100000000000000e+04,-3.261300000000000000e+04,-1.231600000000000000e+04,2.252200000000000000e+04
-1.296200000000000000e+04,7.580000000000000000e+03,-8.995000000000000000e+03,-1.241100000000000000e+04,-4.783400000000000000e+04,-2.237500000000000000e+04,-1.318300000000000000e+04,-2.517400000000000000e+04
-2.035500000000000000e+04,-2.751900000000000000e+04,-2.076200000000000000e+04,-2.213500000000000000e+04,1.733600000000000000e+04,-2.285400000000000000e+04,-2.322400000000000000e+04,-2.564400000000000000e+04
-1.121900000000000000e+04,-1.972000000000000000e+04,-1.556600000000000000e+04,-3.492300000000000000e+04,-2.693100000000000000e+04,-2.335700000000000000e+04,-3.041100000000000000e+04,2.061700000000000000e+04
-2.658900000000000000e+04,8.452000000000000000e+03,-2.153300000000000000e+04,-1.504000000000000000e+04,-3.331300000000000000e+04,-1.573700000000000000e+04,-8.374000000000000000e+03,-4.233000000000000000e+04
-2.376500000000000000e+04,2.305500000000000000e+04,-8.202000000000000000e+03,-2.436900000000000000e+04,-4.913400000000000000e+04,-1.487600000000000000e+04,-2.979700000000000000e+04,-4.186900000000000000e+04
-3.780500000000000000e+04,-2.345700000000000000e+04,-1.990000000000000000e+02,-4.277500000000000000e+04,-3.290000000000000000e+04,-4.529100000000000000e+04,-3.128400000000000000e+04,1.063300000000000000e+04
-1.050200000000000000e+04,-1.826100000000000000e+04,-1.604400000000000000e+04,1.015800000000000000e+04,-3.853100000000000000e+04,4.387000000000000000e+03,-2.772600000000000000e+04,-4.341800000000000000e+04
3.206000000000000000e+03,-2.505000000000000000e+04,-2.048200000000000000e+04,-5.563000000000000000e+03,-1.383500000000000000e+04,-2.291000000000000000e+03,-3.660300000000000000e+04,-6.674300000000000000e+04
-1.278000000000000000e+03,-1.064900000000000000e+04,-2.173800000000000000e+04,-8.887000000000000000e+03,1.111800000000000000e+04,-8.740000000000000000e+03,-2.596200000000000000e+04,-2.477400000000000000e+04
-7.156000000000000000e+03,-2.839700000000000000e+04,-1.296900000000000000e+04,-6.010000000000000000e+03,-8.311000000000000000e+03,-2.557600000000000000e+04,-2.059400000000000000e+04,-3.797600000000000000e+04
-1.919700000000000000e+04,-3.246000000000000000e+03,-1.444000000000000000e+04,6.331000000000000000e+03,-4.449200000000000000e+04,-7.022000000000000000e+03,-2.134000000000000000e+04,-4.635900000000000000e+04
-9.022000000000000000e+03,-2.148000000000000000e+04,1.773000000000000000e+03,-1.748700000000000000e+04,2.792000000000000000e+03,-3.146000000000000000e+04,-3.362800000000000000e+04,-1.272500000000000000e+04
-3.159400000000000000e+04,-2.890700000000000000e+04,-1.395700000000000000e+04,-2.739000000000000000e+04,-3.311000000000000000e+04,-3.544200000000000000e+04,-2.163400000000000000e+04,1.401100000000000000e+04
-1.554900000000000000e+04,4.516000000000000000e+03,-1.465000000000000000e+04,-1.059000000000000000e+04,-2.881500000000000000e+04,-2.670000000000000000e+04,-1.310100000000000000e+04,-3.691700000000000000e+04
-2.753700000000000000e+04,-1.546000000000000000e+03,-2.269100000000000000e+04,-2.354000000000000000e+03,-3.940500000000000000e+04,9.603000000000000000e+03,-1.909700000000000000e+04,-2.343700000000000000e+04
-2.061600000000000000e+04,-2.874600000000000000e+04,-1.360300000000000000e+04,-2.021900000000000000e+04,7.157000000000000000e+03,-3.140300000000000000e+04,-2.470400000000000000e+04,-6.595000000000000000e+03
-1.442400000000000000e+04,-2.242700000000000000e+04,-1.476400000000000000e+04,-2.854000000000000000e+04,-3.157800000000000000e+04,2.036000000000000000e+03,2.596400000000000000e+04,-2.985900000000000000e+04
-2.736800000000000000e+04,-2.043500000000000000e+04,-3.076000000000000000e+03,-3.198700000000000000e+04,-2.125200000000000000e+04,-2.759200000000000000e+04,-1.581700000000000000e+04,1.084300000000000000e+04
-2.941200000000000000e+04,1.153100000000000000e+04,-2.146300000000000000e+04,-3.194400000000000000e+04,-5.997700000000000000e+04,-3.645000000000000000e+03,-2.725500000000000000e+04,-4.932800000000000000e+04
-1.210700000000000000e+04,-1.991900000000000000e+04,-2.755700000000000000e+04,-1.871300000000000000e+04,-2.748600000000000000e+04,1.743500000000000000e+04,-2.396400000000000000e+04,-2.380200000000000000e+04
-2.765600000000000000e+04,-1.117600000000000000e+04,-8.312000000000000000e+03,-7.254000000000000000e+03,-1.334900000000000000e+04,-2.383000000000000000e+04,5.720000000000000000e+02,-3.764500000000000000e+04
-2.001800000000000000e+04,2.065500000000000000e+04,-1.655400000000000000e+04,-2.084500000000000000e+04,-3.389900000000000000e+04,-1.243000000000000000e+04,-2.938900000000000000e+04,-3.301100000000000000e+04
-1.989100000000000000e+04,-1.166700000000000000e+04,1.157100000000000000e+04,-1.180700000000000000e+04,-2.187200000000000000e+04,-1.584000000000000000e+04,-1.636000000000000000e+03,-3.792300000000000000e+04
-2.236600000000000000e+04,-1.354400000000000000e+04,9.387000000000000000e+03,-9.986000000000000000e+03,-1.478300000000000000e+04,-2.914300000000000000e+04,-1.077200000000000000e+04,-1.846400000000000000e+04
-2.272900000000000000e+04,2.042800000000000000e+04,-1.647300000000000000e+04,-1.874500000000000000e+04,-4.279900000000000000e+04,-3.001400000000000000e+04,-1.297500000000000000e+04,-3.705800000000000000e+04
-1.598000000000000000e+04,2.023000000000000000e+03,-3.874000000000000000e+03,-2.038600000000000000e+04,-1.712900000000000000e+04,-2.375900000000000000e+04,-3.413000000000000000e+03,-1.603000000000000000e+04
-2.230300000000000000e+04,-1.965900000000000000e+04,-2.641100000000000000e+04,9.645000000000000000e+03,-3.207300000000000000e+04,-1.434200000000000000e+04,-1.127100000000000000e+04,-3.349700000000000000e+04
-4.044000000000000000e+03,1.662200000000000000e+04,-1.722400000000000000e+04,-2.545400000000000000e+04,-2.806600000000000000e+04,-2.909200000000000000e+04,-2.399600000000000000e+04,-4.823500000000000000e+04
-2.825900000000000000e+04,-2.097800000000000000e+04,-1.168000000000000000e+04,5.790000000000000000e+02,-1.136600000000000000e+04,-1.439600000000000000e+04,-2.098800000000000000e+04,-5.841900000000000000e+04
-4.070100000000000000e+04,-2.651700000000000000e+04,-1.300000000000000000e+04,-4.958600000000000000e+04,-3.026500000000000000e+04,-4.738200000000000000e+04,-3.232500000000000000e+04,1.915100000000000000e+04
-3.035800000000000000e+04,-1.871700000000000000e+04,-1.495900000000000000e+04,-3.996000000000000000e+04,-2.594500000000000000e+04,-3.197600000000000000e+04,-2.422600000000000000e+04,6.594000000000000000e+03
-8.878000000000000000e+03,-1.927700000000000000e+04,-2.349300000000000000e+04,-1.579000000000000000e+03,-4.228000000000000000e+04,-1.910000000000000000e+02,-3.245500000000000000e+04,-4.323400000000000000e+04
-1.769600000000000000e+04,1.161500000000000000e+04,-2.036600000000000000e+04,-2.222300000000000000e+04,-5.213400000000000000e+04,-1.262600000000000000e+04,-2.732800000000000000e+04,-2.010900000000000000e+04
-3.417600000000000000e+04,-1.161500000000000000e+04,-7.506000000000000000e+03,-1.370200000000000000e+04,-4.134400000000000000e+04,9.283000000000000000e+03,-1.110600000000000000e+04,-3.508100000000000000e+04
-1.577400000000000000e+04,-2.031500000000000000e+04,-1.825700000000000000e+04,1.257000000000000000e+03,-1.465900000000000000e+04,4.415000000000000000e+03,-2.516500000000000000e+04,-1.282500000000000000e+04
1.326700000000000000e+04,-2.123300000000000000e+04,-1.556000000000000000e+04,-1.567100000000000000e+04,-2.125700000000000000e+04,-2.012500000000000000e+04,-3.058000000000000000e+04,-3.751300000000000000e+04
-3.211500000000000000e+04,-1.139400000000000000e+04,1.860000000000000000e+04,1.510000000000000000e+03,-2.134500000000000000e+04,-1.568000000000000000e+04,-1.172900000000000000e+04,-2.781600000000000000e+04
-9.670000000000000000e+03,-2.233100000000000000e+04,-1.906900000000000000e+04,-3.223000000000000000e+03,-2.046700000000000000e+04,1.006600000000000000e+04,-1.357200000000000000e+04,-3.424200000000000000e+04
-4.020600000000000000e+04,-2.826800000000000000e+04,-1.052400000000000000e+04,-3.479800000000000000e+04,-3.237000000000000000e+04,-3.265100000000000000e+04,-3.505600000000000000e+04,1.127000000000000000e+04
-1.814700000000000000e+04,-3.489500000000000000e+04,-9.770000000000000000e+02,-1.648300000000000000e+04,1.341200000000000000e+04,-1.670100000000000000e+04,-2.771300000000000000e+04,-3.005000000000000000e+04
-1.935900000000000000e+04,7.305000000000000000e+03,-1.985900000000000000e+04,-7.343000000000000000e+03,-3.647900000000000000e+04,-1.677800000000000000e+04,-2.288900000000000000e+04,-1.188500000000000000e+04
-1.975300000000000000e+04,-1.769200000000000000e+04,-8.399000000000000000e+03,-4.317100000000000000e+04,-1.140400000000000000e+04,-2.756100000000000000e+04,-2.044900000000000000e+04,1.623800000000000000e+04
-3.402200000000000000e+04,-2.598000000000000000e+04,-1.413200000000000000e+04,-2.667600000000000000e+04,-2.699900000000000000e+04,-2.633300000000000000e+04,-2.174300000000000000e+04,7.032000000000000000e+03
-1.928600000000000000e+04,-2.316600000000000000e+04,-3.928000000000000000e+03,-3.470200000000000000e+04,1.172000000000000000e+04,-2.978700000000000000e+04,-2.579100000000000000e+04,-1.030500000000000000e+04
-1.641800000000000000e+04,2.154800000000000000e+04,-1.772500000000000000e+04,3.290000000000000000e+02,-4.396000000000000000e+04,-1.309000000000000000e+04,-3.465800000000000000e+04,-4.598000000000000000e+04
-2.107000000000000000e+04,-1.820400000000000000e+04,-2.504700000000000000e+04,-9.159000000000000000e+03,-2.618400000000000000e+04,7.270000000000000000e+03,-1.514700000000000000e+04,-1.286300000000000000e+04
-1.468500000000000000e+04,-1.791900000000000000e+04,-8.519000000000000000e+03,-2.316000000000000000e+03,-1.325200000000000000e+04,1.150900000000000000e+04,-6.870000000000000000e+03,-1.734700000000000000e+04
1.393200000000000000e+04,-1.804000000000000000e+04,-1.206100000000000000e+04,-1.862200000000000000e+04,-1.655600000000000000e+04,-5.367000000000000000e+03,-2.185900000000000000e+04,-2.762400000000000000e+04
-1.388600000000000000e+04,3.700000000000000000e+02,-1.553600000000000000e+04,7.519000000000000000e+03,-2.329000000000000000e+04,-8.224000000000000000e+03,-8.834000000000000000e+03,-3.147200000000000000e+04
-1.985700000000000000e+04,4.158000000000000000e+03,-3.049900000000000000e+04,-2.069600000000000000e+04,-1.738800000000000000e+04,5.420000000000000000e+02,-1.696800000000000000e+04,-1.646100000000000000e+04
-1.287600000000000000e+04,1.511000000000000000e+03,-2.234000000000000000e+03,-3.161400000000000000e+04,-2.303800000000000000e+04,-7.657000000000000000e+03,9.011000000000000000e+03,-3.867900000000000000e+04
-6.319000000000000000e+03,-1.317200000000000000e+04,-2.371500000000000000e+04,-1.030000000000000000e+04,-2.188700000000000000e+04,2.076000000000000000e+04,-2.522100000000000000e+04,-1.329000000000000000e+04
-2.871900000000000000e+04,-2.642800000000000000e+04,1.146200000000000000e+04,-2.366900000000000000e+04,-2.530900000000000000e+04,-3.432300000000000000e+04,-8.726000000000000000e+03,-5.404000000000000000e+03
-2.000500000000000000e+04,-1.621000000000000000e+04,-1.609900000000000000e+04,1.380000000000000000e+02,-3.661000000000000000e+03,-1.901400000000000000e+04,-6.657000000000000000e+03,-1.669600000000000000e+04
-4.212600000000000000e+04,-1.499000000000000000e+04,-2.347300000000000000e+04,-9.023000000000000000e+03,-2.119900000000000000e+04,-1.753400000000000000e+04,1.047000000000000000e+04,-2.327200000000000000e+04
-1.866700000000000000e+04,-4.330000000000000000e+02,-1.259300000000000000e+04,-2.307500000000000000e+04,-4.094100000000000000e+04,-3.792500000000000000e+04,-7.270000000000000000e+03,-3.931900000000000000e+04
-3.638700000000000000e+04,-2.082300000000000000e+04,-2.302600000000000000e+04,-2.373700000000000000e+04,-3.325300000000000000e+04,-2.483800000000000000e+04,1.645200000000000000e+04,-1.862100000000000000e+04
-2.867400000000000000e+04,-2.879200000000000000e+04,-1.871700000000000000e+04,-4.387800000000000000e+04,-3.248000000000000000e+04,-2.598900000000000000e+04,-2.080000000000000000e+04,2.789800000000000000e+04
-2.539800000000000000e+04,-1.627900000000000000e+04,-1.028900000000000000e+04,-2.956400000000000000e+04,-3.967700000000000000e+04,1.419500000000000000e+04,-4.453000000000000000e+03,-2.640900000000000000e+04
1.730200000000000000e+04,-2.733100000000000000e+04,-4.030200000000000000e+04,1.500000000000000000e+02,-1.483200000000000000e+04,-1.163700000000000000e+04,-2.994300000000000000e+04,-4.886900000000000000e+04
-9.730000000000000000e+02,-1.636500000000000000e+04,-1.559100000000000000e+04,-1.514300000000000000e+04,1.380300000000000000e+04,-1.960700000000000000e+04,-2.071500000000000000e+04,-2.378700000000000000e+04
-2.192500000000000000e+04,-1.951400000000000000e+04,-2.134400000000000000e+04,-4.149900000000000000e+04,-1.620900000000000000e+04,-2.211700000000000000e+04,-2.173000000000000000e+04,1.804400000000000000e+04
1.192000000000000000e+04,-2.549400000000000000e+04,-1.093300000000000000e+04,-1.339100000000000000e+04,-1.482300000000000000e+04,-4.915000000000000000e+03,-3.944600000000000000e+04,-4.281700000000000000e+04
-4.026100000000000000e+04,-3.182400000000000000e+04,-1.938000000000000000e+03,-3.722600000000000000e+04,-2.934500000000000000e+04,-4.753700000000000000e+04,-2.845200000000000000e+04,1.074400000000000000e+04
-2.650300000000000000e+04,-2.563800000000000000e+04,-1.005700000000000000e+04,-3.458500000000000000e+04,-3.450600000000000000e+04,-2.195100000000000000e+04,2.731900000000000000e+04,-3.100700000000000000e+04
-3.323600000000000000e+04,-1.808900000000000000e+04,-1.538000000000000000e+04,-3.185400000000000000e+04,-2.679100000000000000e+04,-4.063500000000000000e+04,-2.168500000000000000e+04,2.472000000000000000e+04
-4.030000000000000000e+03,-1.911600000000000000e+04,-2.244400000000000000e+04,-1.451500000000000000e+04,-7.609000000000000000e+03,1.493600000000000000e+04,-2.140500000000000000e+04,-2.007000000000000000e+04
1.158600000000000000e+04,-1.652400000000000000e+04,-1.937600000000000000e+04,-2.260600000000000000e+04,-1.524000000000000000e+04,-1.587200000000000000e+04,-2.339600000000000000e+04,-3.714400000000000000e+04
-2.836200000000000000e+04,3.596400000000000000e+04,-2.767900000000000000e+04,-4.250200000000000000e+04,-4.674700000000000000e+04,-1.447900000000000000e+04,-2.891600000000000000e+04,-2.571300000000000000e+04
-2.525900000000000000e+04,-2.108500000000000000e+04,4.941000000000000000e+03,-2.424800000000000000e+04,-9.891000000000000000e+03,-3.854900000000000000e+04,-1.791100000000000000e+04,-4.293000000000000000e+03
-1.356300000000000000e+04,-3.030200000000000000e+04,-2.129700000000000000e+04,-2.296000000000000000e+04,8.008000000000000000e+03,-3.235500000000000000e+04,-2.461300000000000000e+04,-1.025200000000000000e+04
-1.153800000000000000e+04,-2.113200000000000000e+04,-2.066600000000000000e+04,-8.771000000000000000e+03,-1.614300000000000000e+04,1.599900000000000000e+04,-1.354600000000000000e+04,-2.486200000000000000e+04
-3.277200000000000000e+04,-1.326800000000000000e+04,-1.722400000000000000e+04,-1.426100000000000000e+04,-4.211400000000000000e+04,-1.487100000000000000e+04,2.043500000000000000e+04,-3.855000000000000000e+04
-3.455900000000000000e+04,-1.819500000000000000e+04,-2.081700000000000000e+04,-5.488000000000000000e+03,-3.100600000000000000e+04,-2.559700000000000000e+04,2.417300000000000000e+04,-2.447500000000000000e+04
-1.198200000000000000e+04,-1.722400000000000000e+04,-1.141200000000000000e+04,1.198400000000000000e+04,-3.378700000000000000e+04,-1.069000000000000000e+04,-3.315500000000000000e+04,-4.257000000000000000e+04
2.628000000000000000e+03,1.532600000000000000e+04,-1.424000000000000000e+04,-2.734800000000000000e+04,-1.988700000000000000e+04,-2.376300000000000000e+04,-2.071700000000000000e+04,-3.449500000000000000e+04
-3.226700000000000000e+04,-1.611900000000000000e+04,-1.117000000000000000e+04,-2.954900000000000000e+04,-2.578200000000000000e+04,-2.188400000000000000e+04,1.821100000000000000e+04,-2.349300000000000000e+04
-1.016900000000000000e+04,-1.925200000000000000e+04,-1.946300000000000000e+04,-2.990400000000000000e+04,2.349500000000000000e+04,-2.850100000000000000e+04,-2.473200000000000000e+04,-2.623400000000000000e+04
-4.916800000000000000e+04,-2.134200000000000000e+04,-8.709000000000000000e+03,-2.595500000000000000e+04,-3.122500000000000000e+04,-2.026700000000000000e+04,8.919000000000000000e+03,-1.530100000000000000e+04
-2.484800000000000000e+04,-2.029000000000000000e+04,-1.772600000000000000e+04,-3.275300000000000000e+04,-3.057500000000000000e+04,-4.165100000000000000e+04,-3.156000000000000000e+04,2.129400000000000000e+04
-1.765200000000000000e+04,-2.331600000000000000e+04,-1.244900000000000000e+04,-2.299700000000000000e+04,5.549000000000000000e+03,-1.100000000000000000e+04,-1.773700000000000000e+04,-2.562500000000000000e+04
-8.012000000000000000e+03,-1.773300000000000000e+04,-1.165100000000000000e+04,-2.128200000000000000e+04,8.612000000000000000e+03,-2.816900000000000000e+04,-3.120900000000000000e+04,-2.412900000000000000e+04
-4.597000000000000000e+03,-7.014000000000000000e+03,-1.352300000000000000e+04,-1.918000000000000000e+03,-3.177400000000000000e+04,-9.121000000000000000e+03,-1.628800000000000000e+04,-3.555800000000000000e+04
-3.609100000000000000e+04,-3.800800000000000000e+04,-8.356000000000000000e+03,-3.292500000000000000e+04,-3.438100000000000000e+04,-4.815800000000000000e+04,-2.521900000000000000e+04,1.164800000000000000e+04
-1.775900000000000000e+04,-8.298000000000000000e+03,-4.329000000000000000e+03,-1.792400000000000000e+04,-2.456700000000000000e+04,-1.487100000000000000e+04,1.028100000000000000e+04,-2.172800000000000000e+04
-1.051300000000000000e+04,-1.709700000000000000e+04,-1.800500000000000000e+04,1.018500000000000000e+04,-1.883700000000000000e+04,1.655200000000000000e+04,-1.983300000000000000e+04,-3.289300000000000000e+04
-1.507400000000000000e+04,-1.967400000000000000e+04,-2.409400000000000000e+04,-1.543200000000000000e+04,-1.900600000000000000e+04,2.544700000000000000e+04,-4.762000000000000000e+03,-2.640000000000000000e+04
-2.429000000000000000e+03,-2.866300000000000000e+04,-1.346300000000000000e+04,2.957000000000000000e+03,-2.287100000000000000e+04,5.104000000000000000e+03,-2.756800000000000000e+04,-1.866100000000000000e+04
-3.372000000000000000e+04,1.930900000000000000e+04,-2.329400000000000000e+04,-1.192200000000000000e+04,-5.827300000000000000e+04,-1.349100000000000000e+04,-1.045300000000000000e+04,-4.512200000000000000e+04
1.119000000000000000e+04,-1.857500000000000000e+04,-1.300900000000000000e+04,2.041000000000000000e+03,-3.642400000000000000e+04,-4.323000000000000000e+03,-2.775500000000000000e+04,-4.455900000000000000e+04
-1.141100000000000000e+04,-8.089000000000000000e+03,-1.477600000000000000e+04,-8.701000000000000000e+03,-1.600700000000000000e+04,-4.089000000000000000e+03,-3.148800000000000000e+04,-3.683000000000000000e+04
-4.265800000000000000e+04,-2.485700000000000000e+04,-1.863200000000000000e+04,-4.276500000000000000e+04,-2.976100000000000000e+04,-3.344700000000000000e+04,-2.640800000000000000e+04,1.965100000000000000e+04
-4.204300000000000000e+04,-3.425900000000000000e+04,-4.075000000000000000e+03,-3.396700000000000000e+04,-3.094100000000000000e+04,-3.028200000000000000e+04,-1.914100000000000000e+04,5.012000000000000000e+03
-1.876800000000000000e+04,-2.224600000000000000e+04,-1.592900000000000000e+04,-3.506700000000000000e+04,-2.291300000000000000e+04,-3.811100000000000000e+04,-2.718000000000000000e+04,1.915800000000000000e+04
-1.631200000000000000e+04,-2.061400000000000000e+04,-2.893300000000000000e+04,-3.914500000000000000e+04,-1.950800000000000000e+04,-2.906300000000000000e+04,-2.059400000000000000e+04,2.220800000000000000e+04
-2.799300000000000000e+04,-1.279400000000000000e+04,4.935000000000000000e+03,-2.782600000000000000e+04,-3.664600000000000000e+04,-4.376600000000000000e+04,-3.220700000000000000e+04,7.896000000000000000e+03
-5.470000000000000000e+02,-2.175800000000000000e+04,-6.965000000000000000e+03,-9.225000000000000000e+03,-1.613300000000000000e+04,-9.851000000000000000e+03,-2.390800000000000000e+04,-3.668900000000000000e+04
-2.612100000000000000e+04,-2.126500000000000000e+04,-1.774800000000000000e+04,1.416100000000000000e+04,-2.278800000000000000e+04,-1.191800000000000000e+04,-1.720900000000000000e+04,-3.399900000000000000e+04
-1.191500000000000000e+04,-2.434000000000000000e+04,-2.470200000000000000e+04,-1.424000000000000000e+04,-2.360600000000000000e+04,2.466000000000000000e+04,-2.105800000000000000e+04,-1.674800000000000000e+04
-9.814000000000000000e+03,-1.534700000000000000e+04,-1.385000000000000000e+03,-1.033900000000000000e+04,-2.425000000000000000e+03,-1.554700000000000000e+04,-3.494700000000000000e+04,-3.502000000000000000e+04
2.839000000000000000e+03,-1.976700000000000000e+04,-1.891000000000000000e+04,-3.705000000000000000e+03,1.970000000000000000e+02,-1.765200000000000000e+04,-3.898200000000000000e+04,-4.298800000000000000e+04
-2.654000000000000000e+04,-2.348200000000000000e+04,-1.345900000000000000e+04,-9.856000000000000000e+03,7.114000000000000000e+03,-3.008600000000000000e+04,-2.297500000000000000e+04,-2.949500000000000000e+04
-9.431000000000000000e+03,-5.849000000000000000e+03,-6.790000000000000000e+03,-1.181000000000000000e+04,-1.175300000000000000e+04,-2.085100000000000000e+04,-1.645500000000000000e+04,-2.592300000000000000e+04
1.217000000000000000e+03,-1.757300000000000000e+04,-8.102000000000000000e+03,-3.520000000000000000e+02,-4.175000000000000000e+03,-4.737000000000000000e+03,-2.728200000000000000e+04,-3.523700000000000000e+04
-8.332000000000000000e+03,-2.362500000000000000e+04,-5.075000000000000000e+03,-2.185500000000000000e+04,2.884000000000000000e+03,-1.706400000000000000e+04,-2.204600000000000000e+04,-2.494900000000000000e+04
-2.619400000000000000e+04,-1.291400000000000000e+04,-1.127200000000000000e+04,-3.408600000000000000e+04,-1.554100000000000000e+04,-2.814600000000000000e+04,-1.845800000000000000e+04,2.018300000000000000e+04
-2.266900000000000000e+04,1.645900000000000000e+04,-1.605700000000000000e+04,-3.595300000000000000e+04,-4.286400000000000000e+04,-2.386700000000000000e+04,-2.361700000000000000e+04,-3.510900000000000000e+04
-9.222000000000000000e+03,-8.264000000000000000e+03,-1.707200000000000000e+04,1.665900000000000000e+04,-5.381600000000000000e+04,1.588000000000000000e+03,-3.597500000000000000e+04,-3.386600000000000000e+04
-1.826300000000000000e+04,-2.422300000000000000e+04,-1.621900000000000000e+04,-9.703000000000000000e+03,-2.242000000000000000e+03,-2.861300000000000000e+04,-2.516100000000000000e+04,-1.722100000000000000e+04
-2.962700000000000000e+04,-2.528900000000000000e+04,-2.359800000000000000e+04,-3.866000000000000000e+04,-3.057800000000000000e+04,-2.679100000000000000e+04,-2.238000000000000000e+04,2.934900000000000000e+04
-2.915100000000000000e+04,-7.805000000000000000e+03,-5.002000000000000000e+03,-2.924500000000000000e+04,-2.004500000000000000e+04,-1.696800000000000000e+04,6.400000000000000000e+02,-1.320400000000000000e+04
-2.038600000000000000e+04,-1.342400000000000000e+04,-8.181000000000000000e+03,2.592000000000000000e+03,-2.529000000000000000e+04,-2.830700000000000000e+04,5.554000000000000000e+03,-2.435300000000000000e+04
-1.590100000000000000e+04,-1.368500000000000000e+04,-2.635900000000000000e+04,-2.895400000000000000e+04,-2.657900000000000000e+04,-1.740500000000000000e+04,-2.239800000000000000e+04,-2.240000000000000000e+02
-4.723400000000000000e+04,-2.002000000000000000e+04,-3.248000000000000000e+03,-2.298300000000000000e+04,-4.711000000000000000e+04,-1.693500000000000000e+04,3.543300000000000000e+04,-3.258700000000000000e+04
1.597500000000000000e+04,-1.780200000000000000e+04,-1.610500000000000000e+04,-7.678000000000000000e+03,-4.535000000000000000e+03,-6.608000000000000000e+03,-3.446000000000000000e+04,-3.646500000000000000e+04
-5.897000000000000000e+03,-1.407800000000000000e+04,-1.667500000000000000e+04,4.642000000000000000e+03,-2.518500000000000000e+04,-3.650000000000000000e+03,-3.076800000000000000e+04,-3.700100000000000000e+04
1.136000000000000000e+03,-1.093000000000000000e+04,-1.620200000000000000e+04,-5.831000000000000000e+03,-3.281000000000000000e+04,-5.443000000000000000e+03,-3.080600000000000000e+04,-2.495400000000000000e+04
-2.099200000000000000e+04,-1.325700000000000000e+04,-1.217400000000000000e+04,-2.148000000000000000e+04,-7.125000000000000000e+03,-2.905900000000000000e+04,1.730600000000000000e+04,-1.702100000000000000e+04
-2.746800000000000000e+04,-1.248400000000000000e+04,-1.475900000000000000e+04,-3.667400000000000000e+04,-2.268200000000000000e+04,-8.152000000000000000e+03,2.218500000000000000e+04,-2.645400000000000000e+04
-2.051500000000000000e+04,-1.939000000000000000e+04,-2.547100000000000000e+04,-2.884600000000000000e+04,-2.353600000000000000e+04,-3.901800000000000000e+04,-2.708900000000000000e+04,1.669800000000000000e+04
-3.576100000000000000e+04,-1.973800000000000000e+04,2.585000000000000000e+03,-4.219500000000000000e+04,-2.338900000000000000e+04,-3.035300000000000000e+04,-2.112300000000000000e+04,6.888000000000000000e+03
-2.223600000000000000e+04,1.014200000000000000e+04,-2.278100000000000000e+04,-2.081000000000000000e+04,-4.069800000000000000e+04,-1.737600000000000000e+04,-9.203000000000000000e+03,-3.584900000000000000e+04
1.580000000000000000e+03,-1.975500000000000000e+04,-5.530000000000000000e+03,-1.046500000000000000e+04,-2.249700000000000000e+04,-5.036000000000000000e+03,-2.686900000000000000e+04,-4.518300000000000000e+04
-1.274100000000000000e+04,1.265100000000000000e+04,-2.261800000000000000e+04,-1.899400000000000000e+04,-3.846200000000000000e+04,-1.587500000000000000e+04,-3.074600000000000000e+04,-4.126300000000000000e+04
-1.194000000000000000e+04,-1.741300000000000000e+04,-2.345200000000000000e+04,9.610000000000000000e+02,-5.116000000000000000e+03,-1.519900000000000000e+04,-2.012800000000000000e+04,-2.996100000000000000e+04
-1.855300000000000000e+04,2.112400000000000000e+04,-2.259300000000000000e+04,-2.257900000000000000e+04,-3.960500000000000000e+04,-3.181800000000000000e+04,-2.214800000000000000e+04,-3.150200000000000000e+04
1.553500000000000000e+04,-1.789300000000000000e+04,-7.086000000000000000e+03,5.425000000000000000e+03,-9.075000000000000000e+03,-2.278300000000000000e+04,-3.560500000000000000e+04,-3.009300000000000000e+04
-4.142200000000000000e+04,1.433500000000000000e+04,-1.790200000000000000e+04,4.446000000000000000e+03,-3.806000000000000000e+04,-1.859300000000000000e+04,-3.645700000000000000e+04,-4.494300000000000000e+04
-2.287600000000000000e+04,-2.009200000000000000e+04,-1.366000000000000000e+04,-3.788300000000000000e+04,-6.349000000000000000e+03,-4.100000000000000000e+04,-2.659500000000000000e+04,-8.940000000000000000e+02
-2.425800000000000000e+04,-2.805300000000000000e+04,-9.519000000000000000e+03,-1.648600000000000000e+04,6.866000000000000000e+03,-2.302100000000000000e+04,-2.231300000000000000e+04,-2.220100000000000000e+04
-3.809600000000000000e+04,-2.427100000000000000e+04,1.408400000000000000e+04,-2.220300000000000000e+04,-1.990400000000000000e+04,-3.864600000000000000e+04,-2.543000000000000000e+04,1.234000000000000000e+03
-2.193100000000000000e+04,-3.129300000000000000e+04,-2.040200000000000000e+04,-6.591000000000000000e+03,5.852000000000000000e+03,-7.756000000000000000e+03,-2.070700000000000000e+04,-2.543900000000000000e+04
-2.155400000000000000e+04,-2.061700000000000000e+04,-1.722100000000000000e+04,-6.396000000000000000e+03,-3.519800000000000000e+04,1.166100000000000000e+04,-2.175900000000000000e+04,-3.619800000000000000e+04
-2.738300000000000000e+04,-1.474800000000000000e+04,5.513000000000000000e+03,-2.708900000000000000e+04,-1.948400000000000000e+04,-3.232500000000000000e+04,-4.448000000000000000e+03,-1.450200000000000000e+04
-1.423700000000000000e+04,1.832000000000000000e+04,-1.372500000000000000e+04,-2.439900000000000000e+04,-3.668800000000000000e+04,-2.273100000000000000e+04,-3.121800000000000000e+04,-1.665400000000000000e+04
-3.250800000000000000e+04,-1.111200000000000000e+04,-1.305300000000000000e+04,-4.955000000000000000e+03,-3.218500000000000000e+04,-3.386800000000000000e+04,1.461900000000000000e+04,-4.443500000000000000e+04
-2.390800000000000000e+04,-2.336500000000000000e+04,-1.239700000000000000e+04,-2.275200000000000000e+04,-1.840200000000000000e+04,-2.851300000000000000e+04,2.076200000000000000e+04,-1.826400000000000000e+04
-1.794600000000000000e+04,-2.146500000000000000e+04,-1.673800000000000000e+04,-3.570200000000000000e+04,-2.626500000000000000e+04,-2.632300000000000000e+04,-2.308900000000000000e+04,1.853000000000000000e+04
-2.661800000000000000e+04,-6.735000000000000000e+03,-2.202400000000000000e+04,-2.795900000000000000e+04,-2.899300000000000000e+04,-2.905900000000000000e+04,1.821300000000000000e+04,-3.581500000000000000e+04
-3.555000000000000000e+04,-2.428300000000000000e+04,-5.705000000000000000e+03,-2.789200000000000000e+04,-2.051700000000000000e+04,-1.992800000000000000e+04,-1.439300000000000000e+04,-7.748000000000000000e+03
-9.401000000000000000e+03,-9.195000000000000000e+03,-2.302900000000000000e+04,-1.785200000000000000e+04,-2.946200000000000000e+04,-1.341400000000000000e+04,1.562000000000000000e+03,-3.284600000000000000e+04
-2.301400000000000000e+04,-1.022700000000000000e+04,-4.884000000000000000e+03,-1.287100000000000000e+04,-2.601300000000000000e+04,-8.843000000000000000e+03,-1.235300000000000000e+04,-2.871200000000000000e+04
-1.595300000000000000e+04,2.087200000000000000e+04,-1.523000000000000000e+04,-2.399000000000000000e+04,-4.111700000000000000e+04,-1.565300000000000000e+04,-3.055700000000000000e+04,-4.222900000000000000e+04
-3.054400000000000000e+04,-1.687000000000000000e+04,-1.905600000000000000e+04,-3.818300000000000000e+04,-2.443400000000000000e+04,-1.773500000000000000e+04,1.762600000000000000e+04,-2.126800000000000000e+04
-3.007100000000000000e+04,1.715200000000000000e+04,-2.757500000000000000e+04,-1.193200000000000000e+04,-3.586700000000000000e+04,-2.640900000000000000e+04,-1.307400000000000000e+04,-4.134400000000000000e+04
-1.392300000000000000e+04,-2.036300000000000000e+04,-2.110000000000000000e+04,-1.288600000000000000e+04,-1.024000000000000000e+03,-2.812600000000000000e+04,-1.763700000000000000e+04,8.800000000000000000e+01
-2.855400000000000000e+04,-1.413900000000000000e+04,-1.894000000000000000e+04,-3.298900000000000000e+04,-2.897200000000000000e+04,-1.549100000000000000e+04,2.389600000000000000e+04,-3.204800000000000000e+04
-2.407900000000000000e+04,-1.059100000000000000e+04,-2.746000000000000000e+04,-3.622000000000000000e+03,-1.313700000000000000e+04,-4.445000000000000000e+03,-1.755900000000000000e+04,-3.177700000000000000e+04
-1.534100000000000000e+04,-2.021100000000000000e+04,-2.562700000000000000e+04,-1.420600000000000000e+04,-2.505800000000000000e+04,2.166600000000000000e+04,-1.207700000000000000e+04,-1.653700000000000000e+04
-6.091000000000000000e+03,1.782900000000000000e+04,-1.637600000000000000e+04,-1.850300000000000000e+04,-2.262300000000000000e+04,-2.753700000000000000e+04,-2.953100000000000000e+04,-3.911800000000000000e+04
-3.586300000000000000e+04,-2.091400000000000000e+04,-2.245800000000000000e+04,-1.722400000000000000e+04,-1.764200000000000000e+04,-1.328500000000000000e+04,6.381000000000000000e+03,-7.502000000000000000e+03
-2.210000000000000000e+04,-6.641000000000000000e+03,-1.805600000000000000e+04,8.640000000000000000e+02,-1.299300000000000000e+04,-7.686000000000000000e+03,4.535000000000000000e+03,-2.384200000000000000e+04
-1.976400000000000000e+04,-1.868600000000000000e+04,-1.472400000000000000e+04,-2.871000000000000000e+03,-1.823700000000000000e+04,-1.255000000000000000e+03,-2.092700000000000000e+04,-4.460700000000000000e+04
1.040000000000000000e+03,-2.226200000000000000e+04,-8.328000000000000000e+03,-1.404900000000000000e+04,1.515200000000000000e+04,-2.875900000000000000e+04,-3.025200000000000000e+04,-2.690400000000000000e+04
-1.781100000000000000e+04,-1.907600000000000000e+04,-1.212800000000000000e+04,-1.112600000000000000e+04,-2.118200000000000000e+04,-4.384000000000000000e+03,-7.332000000000000000e+03,-3.561700000000000000e+04
-3.770500000000000000e+04,-2.392200000000000000e+04,3.846000000000000000e+03,-3.282200000000000000e+04,-3.177400000000000000e+04,-3.870700000000000000e+04,-2.715500000000000000e+04,9.499000000000000000e+03
-2.396700000000000000e+04,-1.988700000000000000e+04,-1.833900000000000000e+04,-2.052100000000000000e+04,-2.154400000000000000e+04,-1.853000000000000000e+04,-1.141100000000000000e+04,1.839900000000000000e+04
-4.984500000000000000e+04,-2.644600000000000000e+04,-1.234800000000000000e+04,-2.972200000000000000e+04,-4.174600000000000000e+04,-4.297700000000000000e+04,-2.625400000000000000e+04,1.201100000000000000e+04
-1.784500000000000000e+04,-9.549000000000000000e+03,-8.382000000000000000e+03,-2.906400000000000000e+04,-2.087500000000000000e+04,-2.583900000000000000e+04,1.538200000000000000e+04,-2.410900000000000000e+04
-2.527000000000000000e+04,-1.619200000000000000e+04,-1.551200000000000000e+04,-5.250000000000000000e+02,-4.443600000000000000e+04,-2.943600000000000000e+04,2.407000000000000000e+04,-3.517700000000000000e+04
-2.691100000000000000e+04,-1.708600000000000000e+04,-1.283000000000000000e+04,-2.053500000000000000e+04,-2.692600000000000000e+04,-1.201500000000000000e+04,2.383100000000000000e+04,-3.301100000000000000e+04
-1.023100000000000000e+04,-1.415100000000000000e+04,-1.184300000000000000e+04,-2.752800000000000000e+04,-1.251600000000000000e+04,-2.682100000000000000e+04,-2.330000000000000000e+04,1.810800000000000000e+04
-2.561100000000000000e+04,-3.556500000000000000e+04,-1.488900000000000000e+04,-3.516500000000000000e+04,-4.299100000000000000e+04,-2.798800000000000000e+04,-2.382000000000000000e+04,1.596100000000000000e+04
-2.817700000000000000e+04,-1.089300000000000000e+04,-1.439800000000000000e+04,-6.611000000000000000e+03,-3.265000000000000000e+04,-1.388900000000000000e+04,1.530800000000000000e+04,-3.494400000000000000e+04
1.374200000000000000e+04,-1.932900000000000000e+04,-1.977000000000000000e+04,-3.164000000000000000e+03,2.900000000000000000e+02,-2.608600000000000000e+04,-2.318900000000000000e+04,-4.953400000000000000e+04
-8.253000000000000000e+03,-2.203600000000000000e+04,-1.047100000000000000e+04,-5.557000000000000000e+03,-4.901000000000000000e+03,-1.988300000000000000e+04,-2.359900000000000000e+04,-3.171700000000000000e+04
-1.206100000000000000e+04,2.385500000000000000e+04,-1.323500000000000000e+04,-1.806100000000000000e+04,-4.435000000000000000e+04,-2.662800000000000000e+04,-2.863800000000000000e+04,-3.316400000000000000e+04
-4.930200000000000000e+04,-3.040000000000000000e+04,-7.484000000000000000e+03,-2.352100000000000000e+04,-2.333000000000000000e+04,-4.706600000000000000e+04,-2.213900000000000000e+04,3.127000000000000000e+03
-2.145100000000000000e+04,-9.387000000000000000e+03,-2.412400000000000000e+04,-2.078800000000000000e+04,-3.271000000000000000e+04,-8.072000000000000000e+03,2.339400000000000000e+04,-3.452100000000000000e+04
-2.460500000000000000e+04,-1.039300000000000000e+04,-1.499700000000000000e+04,-1.690600000000000000e+04,-2.511500000000000000e+04,-2.561600000000000000e+04,1.821000000000000000e+04,-2.712900000000000000e+04
-2.732000000000000000e+04,-3.047600000000000000e+04,-7.985000000000000000e+03,-3.222500000000000000e+04,1.650400000000000000e+04,-2.563000000000000000e+04,-2.609300000000000000e+04,-1.135700000000000000e+04
-3.461700000000000000e+04,-1.564100000000000000e+04,-1.861300000000000000e+04,-1.136000000000000000e+03,-1.669300000000000000e+04,4.557000000000000000e+03,-4.898000000000000000e+03,-2.840500000000000000e+04
8.096000000000000000e+03,-4.753000000000000000e+03,-2.513200000000000000e+04,-2.440200000000000000e+04,-3.845000000000000000e+04,-1.690100000000000000e+04,-2.711200000000000000e+04,-2.186000000000000000e+04
-1.735000000000000000e+04,-1.273700000000000000e+04,-2.558200000000000000e+04,-1.216000000000000000e+03,-2.968600000000000000e+04,8.513000000000000000e+03,-1.568800000000000000e+04,-3.441800000000000000e+04
-2.400800000000000000e+04,-1.545200000000000000e+04,-2.022100000000000000e+04,-1.086600000000000000e+04,-1.859700000000000000e+04,-1.392100000000000000e+04,4.758000000000000000e+03,-2.647300000000000000e+04
-1.347400000000000000e+04,-2.515500000000000000e+04,8.639000000000000000e+03,-1.724200000000000000e+04,-4.728000000000000000e+03,-3.413200000000000000e+04,-8.992000000000000000e+03,-2.059500000000000000e+04
-3.910300000000000000e+04,-1.441300000000000000e+04,-2.636500000000000000e+04,-2.511700000000000000e+04,-3.291200000000000000e+04,-1.300100000000000000e+04,1.681300000000000000e+04,-2.373200000000000000e+04
-1.670700000000000000e+04,-2.214000000000000000e+04,9.196000000000000000e+03,-4.089900000000000000e+04,-1.815600000000000000e+04,-2.802500000000000000e+04,-1.659500000000000000e+04,-1.809000000000000000e+03
-1.411500000000000000e+04,-2.285300000000000000e+04,6.941000000000000000e+03,-1.528600000000000000e+04,2.242000000000000000e+03,-4.490300000000000000e+04,-3.966200000000000000e+04,-1.215800000000000000e+04
-1.020200000000000000e+04,8.584000000000000000e+03,-1.785700000000000000e+04,-1.918000000000000000e+04,-4.027000000000000000e+04,-1.940900000000000000e+04,-1.912100000000000000e+04,-4.645700000000000000e+04
1.436200000000000000e+04,-2.155100000000000000e+04,-2.742300000000000000e+04,-1.204900000000000000e+04,-2.715500000000000000e+04,-4.111000000000000000e+03,-2.815400000000000000e+04,-4.967000000000000000e+04
-4.509000000000000000e+03,-2.433400000000000000e+04,-1.070400000000000000e+04,-2.270000000000000000e+02,-1.795900000000000000e+04,6.650000000000000000e+02,-3.803700000000000000e+04,-5.915000000000000000e+04
-2.111900000000000000e+04,-1.836500000000000000e+04,-1.926000000000000000e+03,-2.087400000000000000e+04,-6.202000000000000000e+03,-2.978400000000000000e+04,-9.012000000000000000e+03,-1.590200000000000000e+04
-9.161000000000000000e+03,-8.632000000000000000e+03,-1.578900000000000000e+04,7.737000000000000000e+03,-2.771700000000000000e+04,3.300000000000000000e+03,-2.854100000000000000e+04,-3.244900000000000000e+04
-2.799900000000000000e+04,-1.256800000000000000e+04,-2.049600000000000000e+04,-3.108400000000000000e+04,-2.927000000000000000e+04,-1.179700000000000000e+04,3.192700000000000000e+04,-2.909200000000000000e+04
7.317000000000000000e+03,-4.156000000000000000e+03,-2.241100000000000000e+04,-2.006700000000000000e+04,-3.159600000000000000e+04,-1.182500000000000000e+04,-3.599000000000000000e+04,-2.890600000000000000e+04
-3.403800000000000000e+04,-2.163200000000000000e+04,-2.210000000000000000e+02,-3.221800000000000000e+04,-2.711000000000000000e+04,-3.977300000000000000e+04,-2.265200000000000000e+04,8.496000000000000000e+03
-3.329900000000000000e+04,-1.951700000000000000e+04,3.545000000000000000e+03,-2.281900000000000000e+04,-3.147900000000000000e+04,-7.574000000000000000e+03,1.217200000000000000e+04,-3.497000000000000000e+04
-8.760000000000000000e+03,-2.317700000000000000e+04,-1.807000000000000000e+04,-7.273000000000000000e+03,-9.948000000000000000e+03,9.386000000000000000e+03,-1.426200000000000000e+04,-2.825400000000000000e+04
-7.475000000000000000e+03,-2.402600000000000000e+04,-1.352300000000000000e+04,-2.448700000000000000e+04,1.695500000000000000e+04,-1.758100000000000000e+04,-1.589600000000000000e+04,-2.089700000000000000e+04
-1.972500000000000000e+04,3.288300000000000000e+04,-2.071100000000000000e+04,-2.040500000000000000e+04,-6.047100000000000000e+04,-2.532600000000000000e+04,-2.507500000000000000e+04,-3.240200000000000000e+04
-1.746000000000000000e+04,-1.378900000000000000e+04,-8.964000000000000000e+03,1.464500000000000000e+04,-2.075500000000000000e+04,-9.792000000000000000e+03,-3.836000000000000000e+04,-5.257600000000000000e+04
-1.290000000000000000e+03,-2.094000000000000000e+03,-2.499400000000000000e+04,-1.464400000000000000e+04,-2.976400000000000000e+04,-1.538800000000000000e+04,-2.600400000000000000e+04,-3.612600000000000000e+04
-3.625200000000000000e+04,-3.468000000000000000e+04,-3.942000000000000000e+03,-3.684000000000000000e+04,-2.947200000000000000e+04,-5.136300000000000000e+04,-2.434500000000000000e+04,1.931200000000000000e+04
-1.498600000000000000e+04,-2.023900000000000000e+04,-1.873700000000000000e+04,-1.431200000000000000e+04,-2.945700000000000000e+04,2.429000000000000000e+03,8.346000000000000000e+03,-2.824700000000000000e+04
-3.078800000000000000e+04,-2.909100000000000000e+04,-1.980800000000000000e+04,-3.083700000000000000e+04,-4.372200000000000000e+04,-2.655900000000000000e+04,-2.878000000000000000e+04,1.296500000000000000e+04
-2.702800000000000000e+04,-2.255600000000000000e+04,-1.514400000000000000e+04,-1.722100000000000000e+04,-3.486800000000000000e+04,-2.872500000000000000e+04,1.383400000000000000e+04,-2.172300000000000000e+04
-1.451000000000000000e+03,-1.208100000000000000e+04,-1.463800000000000000e+04,-7.366000000000000000e+03,-3.367500000000000000e+04,-3.433000000000000000e+03,-2.719500000000000000e+04,-3.096000000000000000e+04
-2.655200000000000000e+04,-1.483000000000000000e+04,-1.836600000000000000e+04,-8.664000000000000000e+03,-2.275400000000000000e+04,-1.058500000000000000e+04,4.089000000000000000e+03,-1.730200000000000000e+04
-1.050000000000000000e+04,-9.040000000000000000e+02,-1.767000000000000000e+04,-1.957200000000000000e+04,-2.406300000000000000e+04,-1.161800000000000000e+04,-1.265000000000000000e+03,-2.061100000000000000e+04
-1.485100000000000000e+04,-1.778600000000000000e+04,-2.185800000000000000e+04,-6.994000000000000000e+03,-3.477400000000000000e+04,-5.384000000000000000e+03,-1.329400000000000000e+04,-2.863800000000000000e+04
-3.191000000000000000e+03,-1.881200000000000000e+04,-2.136700000000000000e+04,-3.633800000000000000e+04,2.166600000000000000e+04,-2.264100000000000000e+04,-2.247700000000000000e+04,-1.507300000000000000e+04
1.009900000000000000e+04,-1.011500000000000000e+04,-2.598800000000000000e+04,-1.672600000000000000e+04,-1.153400000000000000e+04,-1.432100000000000000e+04,-1.975600000000000000e+04,-2.825400000000000000e+04
-4.540000000000000000e+03,-2.686300000000000000e+04,-1.723700000000000000e+04,-2.795400000000000000e+04,1.172800000000000000e+04,-3.189300000000000000e+04,-2.378500000000000000e+04,-2.345300000000000000e+04
-1.134200000000000000e+04,1.313800000000000000e+04,-2.067600000000000000e+04,-5.632000000000000000e+03,-3.447900000000000000e+04,-3.541300000000000000e+04,-1.213100000000000000e+04,-2.914500000000000000e+04
-1.537800000000000000e+04,-3.299800000000000000e+04,-2.139100000000000000e+04,1.855000000000000000e+03,-3.946000000000000000e+03,-2.106900000000000000e+04,-2.767700000000000000e+04,-2.671600000000000000e+04
-1.911500000000000000e+04,-1.569700000000000000e+04,-9.842000000000000000e+03,1.554500000000000000e+04,1.442000000000000000e+03,-2.400200000000000000e+04,-1.939200000000000000e+04,-3.649000000000000000e+04
-6.186000000000000000e+03,3.431200000000000000e+04,-1.876300000000000000e+04,-1.440000000000000000e+04,-4.931200000000000000e+04,-2.951000000000000000e+04,-2.992600000000000000e+04,-4.675200000000000000e+04
-2.069000000000000000e+04,-2.073700000000000000e+04,-2.348900000000000000e+04,-3.261600000000000000e+04,-2.846600000000000000e+04,-2.985100000000000000e+04,-2.383100000000000000e+04,2.573800000000000000e+04
-6.951000000000000000e+03,-1.555000000000000000e+04,-3.065700000000000000e+04,-6.723000000000000000e+03,-2.068900000000000000e+04,6.247000000000000000e+03,-1.576400000000000000e+04,-2.589100000000000000e+04
-2.042500000000000000e+04,-2.555000000000000000e+04,-2.530000000000000000e+04,-3.980000000000000000e+02,-1.967100000000000000e+04,2.039700000000000000e+04,-2.802000000000000000e+04,-2.656100000000000000e+04
4.286000000000000000e+03,-3.149800000000000000e+04,-2.111200000000000000e+04,8.750000000000000000e+02,-3.299600000000000000e+04,-9.328000000000000000e+03,-3.633200000000000000e+04,-5.462200000000000000e+04
-5.851000000000000000e+03,1.865000000000000000e+04,-2.775100000000000000e+04,-3.026800000000000000e+04,-5.122400000000000000e+04,-1.651300000000000000e+04,-3.070700000000000000e+04,-4.015200000000000000e+04
-7.281000000000000000e+03,-1.129800000000000000e+04,-6.787000000000000000e+03,1.968000000000000000e+03,-2.769300000000000000e+04,-3.951100000000000000e+04,-1.852000000000000000e+04,-4.458900000000000000e+04
-1.513200000000000000e+04,-1.594500000000000000e+04,-1.564300000000000000e+04,-2.110500000000000000e+04,-2.092700000000000000e+04,-2.292200000000000000e+04,-1.657400000000000000e+04,1.670500000000000000e+04
-2.302000000000000000e+04,2.605300000000000000e+04,-1.636800000000000000e+04,-2.746800000000000000e+04,-4.776500000000000000e+04,-1.693500000000000000e+04,-2.555800000000000000e+04,-3.300200000000000000e+04
-1.786000000000000000e+04,-5.469000000000000000e+03,-2.703100000000000000e+04,-1.204700000000000000e+04,-5.245000000000000000e+03,-1.178800000000000000e+04,-7.197000000000000000e+03,-1.856700000000000000e+04
-2.132700000000000000e+04,-1.345300000000000000e+04,-3.112500000000000000e+04,6.162000000000000000e+03,-3.640200000000000000e+04,4.001000000000000000e+03,-3.085600000000000000e+04,-3.920000000000000000e+04
-1.218000000000000000e+04,9.940000000000000000e+02,-1.587700000000000000e+04,-3.006100000000000000e+04,-4.351300000000000000e+04,5.990000000000000000e+03,-2.254400000000000000e+04,-2.981800000000000000e+04
-1.878800000000000000e+04,-1.672700000000000000e+04,-1.655200000000000000e+04,-2.570900000000000000e+04,-1.577300000000000000e+04,-2.579000000000000000e+04,1.035600000000000000e+04,-1.187700000000000000e+04
-7.060000000000000000e+03,-1.854400000000000000e+04,-1.351000000000000000e+04,-5.934000000000000000e+03,-2.536000000000000000e+03,-1.024100000000000000e+04,-3.490000000000000000e+04,-3.547300000000000000e+04
-2.344300000000000000e+04,-1.436800000000000000e+04,-5.104000000000000000e+03,-7.916000000000000000e+03,-2.199400000000000000e+04,-3.109700000000000000e+04,6.174000000000000000e+03,-2.332200000000000000e+04
-1.763700000000000000e+04,5.417000000000000000e+03,-2.625100000000000000e+04,-2.059200000000000000e+04,-2.532500000000000000e+04,-2.182800000000000000e+04,-1.457000000000000000e+04,-3.725000000000000000e+04
-1.407000000000000000e+04,3.279000000000000000e+03,-1.446100000000000000e+04,-3.356500000000000000e+04,-1.807800000000000000e+04,-3.124300000000000000e+04,-2.464000000000000000e+04,-2.417800000000000000e+04
-3.075300000000000000e+04,1.265900000000000000e+04,-2.394900000000000000e+04,-2.983300000000000000e+04,-3.937200000000000000e+04,-1.225000000000000000e+04,-1.470600000000000000e+04,-1.929900000000000000e+04
4.187000000000000000e+03,-2.828100000000000000e+04,-1.940300000000000000e+04,-1.508400000000000000e+04,-6.440000000000000000e+03,-1.040000000000000000e+03,-2.866700000000000000e+04,-3.951300000000000000e+04
-2.496100000000000000e+04,1.017400000000000000e+04,-2.295400000000000000e+04,-2.188400000000000000e+04,-3.106700000000000000e+04,-3.161000000000000000e+03,-8.976000000000000000e+03,-2.900400000000000000e+04
-2.452300000000000000e+04,-1.854300000000000000e+04,-4.287000000000000000e+03,-9.931000000000000000e+03,-9.422000000000000000e+03,-1.433000000000000000e+04,1.247500000000000000e+04,-1.279500000000000000e+04
1.447400000000000000e+04,-2.865300000000000000e+04,-1.869500000000000000e+04,-1.621300000000000000e+04,-3.356500000000000000e+04,6.235000000000000000e+03,-2.768300000000000000e+04,-4.951100000000000000e+04
-1.081800000000000000e+04,-1.720700000000000000e+04,-1.519500000000000000e+04,-1.752000000000000000e+03,-3.333900000000000000e+04,1.083000000000000000e+03,-2.336900000000000000e+04,-4.375900000000000000e+04
2.803000000000000000e+03,4.570000000000000000e+03,-1.838200000000000000e+04,-2.163900000000000000e+04,-2.606400000000000000e+04,-1.931500000000000000e+04,-3.395800000000000000e+04,-4.268400000000000000e+04
-1.170000000000000000e+04,1.084400000000000000e+04,-2.158800000000000000e+04,-1.925800000000000000e+04,-3.168700000000000000e+04,-3.226000000000000000e+03,-2.206500000000000000e+04,-3.466100000000000000e+04
-2.382400000000000000e+04,-1.277400000000000000e+04,-1.010600000000000000e+04,-3.221400000000000000e+04,-2.655800000000000000e+04,-3.698000000000000000e+04,-8.304000000000000000e+03,9.768000000000000000e+03
-3.141200000000000000e+04,-1.497900000000000000e+04,5.400000000000000000e+02,-2.836100000000000000e+04,-2.248300000000000000e+04,-1.514600000000000000e+04,-8.770000000000000000e+03,5.979000000000000000e+03
-2.498300000000000000e+04,-1.278700000000000000e+04,-2.728500000000000000e+04,8.268000000000000000e+03,-4.996800000000000000e+04,7.308000000000000000e+03,-2.945000000000000000e+04,-4.954600000000000000e+04
-2.934900000000000000e+04,-2.535700000000000000e+04,-1.623300000000000000e+04,-3.720100000000000000e+04,-2.291600000000000000e+04,-4.260400000000000000e+04,-2.965600000000000000e+04,8.974000000000000000e+03
-1.576300000000000000e+04,3.073000000000000000e+03,-2.249600000000000000e+04,-1.675200000000000000e+04,-3.551400000000000000e+04,-1.996600000000000000e+04,-1.078900000000000000e+04,-2.731500000000000000e+04
-2.818900000000000000e+04,2.136900000000000000e+04,-2.509400000000000000e+04,-3.099200000000000000e+04,-6.556800000000000000e+04,-4.838000000000000000e+03,-3.127800000000000000e+04,-3.058600000000000000e+04
-9.750000000000000000e+03,-3.218200000000000000e+04,-4.754000000000000000e+03,-1.674600000000000000e+04,1.407900000000000000e+04,-2.562700000000000000e+04,-4.219700000000000000e+04,-2.680900000000000000e+04
-2.706000000000000000e+04,-2.261700000000000000e+04,2.873000000000000000e+03,-1.483500000000000000e+04,-1.150600000000000000e+04,-1.696600000000000000e+04,-2.224000000000000000e+04,2.292000000000000000e+03
-1.936100000000000000e+04,-5.837000000000000000e+03,-1.857900000000000000e+04,9.100000000000000000e+03,-2.548100000000000000e+04,-2.619300000000000000e+04,-3.775600000000000000e+04,-4.508800000000000000e+04
-9.027000000000000000e+03,-2.196900000000000000e+04,9.109000000000000000e+03,-2.152500000000000000e+04,4.430000000000000000e+02,-3.910300000000000000e+04,-3.393300000000000000e+04,-1.717600000000000000e+04
-2.983300000000000000e+04,-2.076000000000000000e+04,-2.467000000000000000e+03,-2.464800000000000000e+04,-6.743000000000000000e+03,-2.831400000000000000e+04,-2.116200000000000000e+04,2.046000000000000000e+03
-3.449000000000000000e+03,1.831000000000000000e+03,-2.020000000000000000e+04,-3.051100000000000000e+04,-3.616700000000000000e+04,-1.236200000000000000e+04,-1.252400000000000000e+04,-4.070600000000000000e+04
-2.140600000000000000e+04,1.673200000000000000e+04,-1.612000000000000000e+03,-2.360300000000000000e+04,-4.389900000000000000e+04,-2.344000000000000000e+04,-1.334300000000000000e+04,-3.294600000000000000e+04
-1.700000000000000000e+04,-1.855400000000000000e+04,-2.209400000000000000e+04,2.706000000000000000e+03,-2.768500000000000000e+04,2.140000000000000000e+03,-2.209100000000000000e+04,-3.144600000000000000e+04
-8.965000000000000000e+03,-1.690400000000000000e+04,-1.880100000000000000e+04,-5.202000000000000000e+03,3.684000000000000000e+03,2.874000000000000000e+03,-1.077200000000000000e+04,5.982000000000000000e+03
-1.423200000000000000e+04,-4.897000000000000000e+03,-2.208800000000000000e+04,-1.366800000000000000e+04,-2.469600000000000000e+04,-6.330000000000000000e+02,-4.448000000000000000e+03,-3.357700000000000000e+04
-1.400700000000000000e+04,-1.041300000000000000e+04,-1.940500000000000000e+04,7.998000000000000000e+03,-2.721200000000000000e+04,-9.158000000000000000e+03,-1.947400000000000000e+04,-2.809300000000000000e+04
-1.870200000000000000e+04,-1.297500000000000000e+04,-1.632800000000000000e+04,-1.836200000000000000e+04,-1.711200000000000000e+04,-1.838100000000000000e+04,9.707000000000000000e+03,-1.102100000000000000e+04
-2.992000000000000000e+04,-2.160200000000000000e+04,-4.360000000000000000e+03,-2.250300000000000000e+04,-1.594100000000000000e+04,-4.106000000000000000e+04,-8.816000000000000000e+03,-1.269500000000000000e+04
-2.327200000000000000e+04,6.614000000000000000e+03,-2.759700000000000000e+04,-7.111000000000000000e+03,-3.932300000000000000e+04,-1.848100000000000000e+04,-2.311700000000000000e+04,-2.700700000000000000e+04
-6.788000000000000000e+03,-1.081500000000000000e+04,-2.527700000000000000e+04,1.662000000000000000e+04,-1.805400000000000000e+04,-1.307100000000000000e+04,-1.312000000000000000e+04,-3.012400000000000000e+04
-1.016200000000000000e+04,-1.271900000000000000e+04,-1.158200000000000000e+04,-1.736000000000000000e+03,-3.625900000000000000e+04,6.671000000000000000e+03,-1.772700000000000000e+04,-3.042100000000000000e+04
8.467000000000000000e+03,-1.389100000000000000e+04,-2.891900000000000000e+04,-1.468000000000000000e+03,-1.909200000000000000e+04,-7.931000000000000000e+03,-2.359600000000000000e+04,-3.021400000000000000e+04
-5.551000000000000000e+03,-1.391500000000000000e+04,-2.254800000000000000e+04,-1.829000000000000000e+03,-2.304400000000000000e+04,-1.999000000000000000e+04,-9.425000000000000000e+03,-3.012000000000000000e+04
-3.236900000000000000e+04,-1.879600000000000000e+04,-1.954200000000000000e+04,-3.830200000000000000e+04,-3.120300000000000000e+04,-2.214800000000000000e+04,-2.700000000000000000e+04,2.376400000000000000e+04
-2.403900000000000000e+04,-2.987000000000000000e+03,-2.077100000000000000e+04,-2.860500000000000000e+04,-2.889700000000000000e+04,4.000000000000000000e+02,-8.606000000000000000e+03,-1.632000000000000000e+04
-1.233900000000000000e+04,1.151700000000000000e+04,-2.234000000000000000e+04,-1.145400000000000000e+04,-3.818100000000000000e+04,-2.843300000000000000e+04,-1.916100000000000000e+04,-2.268700000000000000e+04
-2.102300000000000000e+04,-5.114000000000000000e+03,-1.515700000000000000e+04,-1.045000000000000000e+03,-3.244800000000000000e+04,-1.972400000000000000e+04,1.383400000000000000e+04,-2.263700000000000000e+04
-5.671000000000000000e+03,-3.134700000000000000e+04,-7.826000000000000000e+03,-1.908300000000000000e+04,1.868600000000000000e+04,-3.935700000000000000e+04,-4.258700000000000000e+04,-1.608400000000000000e+04
-1.256600000000000000e+04,-1.886100000000000000e+04,-1.246000000000000000e+04,-1.017600000000000000e+04,-1.591800000000000000e+04,-2.179200000000000000e+04,3.460000000000000000e+03,-2.504100000000000000e+04
-1.485500000000000000e+04,-9.710000000000000000e+02,-3.520000000000000000e+04,-8.155000000000000000e+03,-3.916900000000000000e+04,-5.810000000000000000e+03,-1.411700000000000000e+04,-2.177600000000000000e+04
-3.630100000000000000e+04,-2.262400000000000000e+04,-2.620400000000000000e+04,-4.938800000000000000e+04,-2.698600000000000000e+04,-2.627900000000000000e+04,-1.987700000000000000e+04,1.583700000000000000e+04
-2.495900000000000000e+04,2.373800000000000000e+04,-2.440400000000000000e+04,-2.603600000000000000e+04,-5.927100000000000000e+04,-2.367200000000000000e+04,-2.936100000000000000e+04,-4.119800000000000000e+04
-9.689000000000000000e+03,-2.208100000000000000e+04,-1.719100000000000000e+04,-7.867000000000000000e+03,7.890000000000000000e+02,-2.090100000000000000e+04,-3.010600000000000000e+04,-2.216900000000000000e+04
-2.733800000000000000e+04,-2.479500000000000000e+04,-8.158000000000000000e+03,-3.652000000000000000e+04,-1.218900000000000000e+04,-4.071100000000000000e+04,-3.343600000000000000e+04,1.083800000000000000e+04
-2.365700000000000000e+04,-1.928800000000000000e+04,-1.827500000000000000e+04,-1.117300000000000000e+04,-3.060600000000000000e+04,-2.566300000000000000e+04,1.943200000000000000e+04,-1.147300000000000000e+04
-2.090300000000000000e+04,-2.077400000000000000e+04,-1.422200000000000000e+04,-1.586100000000000000e+04,-2.611200000000000000e+04,-1.328400000000000000e+04,6.387000000000000000e+03,-2.505600000000000000e+04
-2.585300000000000000e+04,-2.396200000000000000e+04,-2.140800000000000000e+04,-3.507200000000000000e+04,-2.090700000000000000e+04,-2.332300000000000000e+04,2.100400000000000000e+04,-1.072400000000000000e+04
-3.376300000000000000e+04,-1.439400000000000000e+04,-1.961200000000000000e+04,3.243000000000000000e+03,-4.464500000000000000e+04,-2.595900000000000000e+04,1.288300000000000000e+04,-3.971500000000000000e+04
1.206000000000000000e+03,-3.046000000000000000e+03,-1.642000000000000000e+03,-1.073200000000000000e+04,-3.967000000000000000e+04,-8.936000000000000000e+03,-3.785900000000000000e+04,-4.027300000000000000e+04
-4.401600000000000000e+04,-1.494800000000000000e+04,-5.501000000000000000e+03,-4.049000000000000000e+03,-5.091500000000000000e+04,-1.180900000000000000e+04,2.234400000000000000e+04,-4.031100000000000000e+04
-3.135700000000000000e+04,-1.530700000000000000e+04,-1.999500000000000000e+04,-2.814500000000000000e+04,-4.497500000000000000e+04,-2.444000000000000000e+04,-3.107800000000000000e+04,1.748400000000000000e+04
-3.912900000000000000e+04,-2.901600000000000000e+04,8.817000000000000000e+03,-2.035800000000000000e+04,-1.485700000000000000e+04,-3.591100000000000000e+04,-2.335400000000000000e+04,-2.207000000000000000e+03
-1.279900000000000000e+04,-2.049700000000000000e+04,-5.887000000000000000e+03,-1.577600000000000000e+04,9.110000000000000000e+02,-3.173200000000000000e+04,-3.936000000000000000e+03,-1.751600000000000000e+04
-1.725200000000000000e+04,-1.138400000000000000e+04,-2.451400000000000000e+04,-1.680900000000000000e+04,-2.347100000000000000e+04,1.684000000000000000e+03,2.733000000000000000e+03,-3.002300000000000000e+04
-4.042400000000000000e+04,-2.001700000000000000e+04,-6.519000000000000000e+03,-2.426500000000000000e+04,-2.730000000000000000e+04,-3.710600000000000000e+04,-2.323300000000000000e+04,-2.259000000000000000e+03
-1.189400000000000000e+04,-2.120300000000000000e+04,-2.263600000000000000e+04,7.456000000000000000e+03,-4.070100000000000000e+04,-1.788000000000000000e+03,-2.691900000000000000e+04,-3.756300000000000000e+04
-2.056200000000000000e+04,-3.191000000000000000e+04,-1.907000000000000000e+03,-1.856500000000000000e+04,-6.943000000000000000e+03,-2.074500000000000000e+04,-1.910600000000000000e+04,-4.260000000000000000e+03
-2.222000000000000000e+04,1.972100000000000000e+04,-2.351800000000000000e+04,-1.956100000000000000e+04,-5.417100000000000000e+04,-2.039900000000000000e+04,-3.264600000000000000e+04,-3.185100000000000000e+04
-1.513300000000000000e+04,7.172000000000000000e+03,-5.653000000000000000e+03,-2.098000000000000000e+03,-3.022000000000000000e+04,-2.346400000000000000e+04,-1.635400000000000000e+04,-4.172500000000000000e+04
-1.798000000000000000e+03,-2.819900000000000000e+04,-1.339200000000000000e+04,-2.377200000000000000e+04,1.196600000000000000e+04,-1.184900000000000000e+04,-2.609900000000000000e+04,-4.622200000000000000e+04
-2.179300000000000000e+04,-2.262300000000000000e+04,-1.716700000000000000e+04,-4.969600000000000000e+04,-2.625500000000000000e+04,-3.135400000000000000e+04,-2.362100000000000000e+04,2.042600000000000000e+04
-1.818100000000000000e+04,-2.432900000000000000e+04,7.601000000000000000e+03,-1.804400000000000000e+04,-1.718600000000000000e+04,-3.447800000000000000e+04,-2.205600000000000000e+04,-1.141100000000000000e+04
-1.571600000000000000e+04,-1.778900000000000000e+04,-2.124200000000000000e+04,-2.293600000000000000e+04,-2.357900000000000000e+04,-1.714500000000000000e+04,1.193400000000000000e+04,-1.953300000000000000e+04
-3.604800000000000000e+04,-2.246300000000000000e+04,-1.623300000000000000e+04,-2.579300000000000000e+04,-2.609500000000000000e+04,-1.760900000000000000e+04,1.111500000000000000e+04,-1.513700000000000000e+04
-3.448000000000000000e+03,-1.623600000000000000e+04,-1.878000000000000000e+04,-5.276000000000000000e+03,-1.507300000000000000e+04,-1.447400000000000000e+04,-1.211300000000000000e+04,-2.118500000000000000e+04
-4.029900000000000000e+04,-2.101200000000000000e+04,-3.479000000000000000e+03,-1.268800000000000000e+04,-2.093200000000000000e+04,-3.143900000000000000e+04,-2.246500000000000000e+04,9.480000000000000000e+02
-1.725100000000000000e+04,-1.582400000000000000e+04,-1.568300000000000000e+04,-2.882800000000000000e+04,-2.074800000000000000e+04,-1.164000000000000000e+04,-2.428500000000000000e+04,1.118000000000000000e+04
-2.905700000000000000e+04,-2.799600000000000000e+04,-2.838400000000000000e+04,-2.058300000000000000e+04,-3.099800000000000000e+04,-1.010900000000000000e+04,1.102800000000000000e+04,-1.860900000000000000e+04
-2.339900000000000000e+04,-1.535000000000000000e+04,-1.935300000000000000e+04,-9.955000000000000000e+03,-4.398300000000000000e+04,8.243000000000000000e+03,-1.274500000000000000e+04,-3.773900000000000000e+04
-1.057000000000000000e+04,-1.613800000000000000e+04,-1.987000000000000000e+04,-1.007000000000000000e+04,-2.377000000000000000e+03,-1.840300000000000000e+04,-1.580800000000000000e+04,-3.853600000000000000e+04
-1.046000000000000000e+04,-2.674300000000000000e+04,-2.134200000000000000e+04,-1.188000000000000000e+04,-6.260000000000000000e+03,8.325000000000000000e+03,-1.965500000000000000e+04,-2.147500000000000000e+04
-2.604400000000000000e+04,-3.186000000000000000e+04,-1.275600000000000000e+04,2.135900000000000000e+04,-1.751200000000000000e+04,-6.083000000000000000e+03,-1.402000000000000000e+04,-4.465100000000000000e+04
-9.291000000000000000e+03,-1.867700000000000000e+04,-2.998000000000000000e+04,-4.454000000000000000e+03,-2.403800000000000000e+04,9.035000000000000000e+03,-2.972800000000000000e+04,-3.172400000000000000e+04
-1.921800000000000000e+04,-1.631300000000000000e+04,1.544800000000000000e+04,-2.093400000000000000e+04,1.281000000000000000e+03,-3.884300000000000000e+04,-1.706300000000000000e+04,-2.118400000000000000e+04
-9.421000000000000000e+03,-1.176400000000000000e+04,-1.106400000000000000e+04,-1.031300000000000000e+04,-2.152700000000000000e+04,-9.940000000000000000e+03,-1.419600000000000000e+04,-4.153000000000000000e+04
-1.630100000000000000e+04,-2.528100000000000000e+04,-1.369600000000000000e+04,-3.324700000000000000e+04,1.390600000000000000e+04,-2.347200000000000000e+04,-3.154000000000000000e+04,-2.893500000000000000e+04
-1.237900000000000000e+04,-9.194000000000000000e+03,-1.389100000000000000e+04,4.579000000000000000e+03,-2.287500000000000000e+04,-2.253700000000000000e+04,-1.746500000000000000e+04,-3.669400000000000000e+04
-2.968800000000000000e+04,-2.148700000000000000e+04,-1.332900000000000000e+04,-3.990200000000000000e+04,-1.654700000000000000e+04,-3.886700000000000000e+04,-2.577600000000000000e+04,1.923700000000000000e+04
-2.685600000000000000e+04,-1.258800000000000000e+04,-3.819200000000000000e+04,-2.409900000000000000e+04,-3.910100000000000000e+04,-2.147400000000000000e+04,1.283900000000000000e+04,-3.839900000000000000e+04
-1.924500000000000000e+04,-2.670500000000000000e+04,-2.139500000000000000e+04,-1.334600000000000000e+04,-2.314500000000000000e+04,1.540700000000000000e+04,-1.883800000000000000e+04,-2.334100000000000000e+04
-2.891800000000000000e+04,-2.267900000000000000e+04,5.044000000000000000e+03,-8.981000000000000000e+03,-1.468200000000000000e+04,-1.923800000000000000e+04,-9.003000000000000000e+03,-2.820600000000000000e+04
-2.496300000000000000e+04,7.893000000000000000e+03,-8.943000000000000000e+03,-2.162400000000000000e+04,-2.648900000000000000e+04,-1.702900000000000000e+04,-3.010800000000000000e+04,-2.424700000000000000e+04
-2.793700000000000000e+04,-1.179900000000000000e+04,-1.585400000000000000e+04,-1.459300000000000000e+04,-1.985500000000000000e+04,-2.376500000000000000e+04,1.595600000000000000e+04,-2.530400000000000000e+04
5.409000000000000000e+03,-1.839800000000000000e+04,-1.868300000000000000e+04,-6.257000000000000000e+03,-2.580800000000000000e+04,-1.113000000000000000e+03,-3.329500000000000000e+04,-5.251000000000000000e+04
-2.363000000000000000e+03,-1.193500000000000000e+04,-2.138900000000000000e+04,9.974000000000000000e+03,-2.086900000000000000e+04,-1.807600000000000000e+04,-1.221100000000000000e+04,-4.212500000000000000e+04
-1.729100000000000000e+04,-1.244900000000000000e+04,-1.271800000000000000e+04,-1.504600000000000000e+04,-1.231000000000000000e+04,-1.293400000000000000e+04,6.126000000000000000e+03,-1.020900000000000000e+04
-2.164200000000000000e+04,2.972000000000000000e+03,-2.228500000000000000e+04,-1.877500000000000000e+04,-4.249400000000000000e+04,-1.195700000000000000e+04,-6.382000000000000000e+03,-3.976600000000000000e+04
-3.208300000000000000e+04,-4.178000000000000000e+03,-1.866300000000000000e+04,-1.311900000000000000e+04,-3.244600000000000000e+04,-1.768000000000000000e+04,2.226400000000000000e+04,-3.201300000000000000e+04
-1.184400000000000000e+04,-8.828000000000000000e+03,1.238400000000000000e+04,-2.419200000000000000e+04,-1.406700000000000000e+04,-2.588700000000000000e+04,-1.842200000000000000e+04,-1.170000000000000000e+02
-2.742300000000000000e+04,1.188200000000000000e+04,-1.940000000000000000e+04,-2.199500000000000000e+04,-3.244900000000000000e+04,-2.237300000000000000e+04,-2.613400000000000000e+04,-1.553000000000000000e+04
-3.003200000000000000e+04,9.125000000000000000e+03,-1.354100000000000000e+04,-2.806500000000000000e+04,-3.807700000000000000e+04,-2.590000000000000000e+04,-1.351700000000000000e+04,-3.597900000000000000e+04
-1.047900000000000000e+04,-1.762700000000000000e+04,-2.571700000000000000e+04,2.288000000000000000e+03,-2.794900000000000000e+04,9.814000000000000000e+03,-2.214600000000000000e+04,-2.861400000000000000e+04
-2.839500000000000000e+04,2.752600000000000000e+04,-3.254100000000000000e+04,-1.978600000000000000e+04,-5.817700000000000000e+04,-9.347000000000000000e+03,-2.413300000000000000e+04,-4.794700000000000000e+04
9.292000000000000000e+03,-2.589300000000000000e+04,-1.482300000000000000e+04,-1.470000000000000000e+03,-2.609500000000000000e+04,-8.278000000000000000e+03,-2.722400000000000000e+04,-4.677500000000000000e+04
-1.794700000000000000e+04,-1.133400000000000000e+04,-1.949800000000000000e+04,-1.177400000000000000e+04,-1.911400000000000000e+04,-1.969800000000000000e+04,1.607200000000000000e+04,-1.880200000000000000e+04
-2.633800000000000000e+04,-1.113800000000000000e+04,-2.313300000000000000e+04,-3.027100000000000000e+04,-2.146700000000000000e+04,-2.477000000000000000e+03,5.046000000000000000e+03,-2.582200000000000000e+04
8.067000000000000000e+03,-1.942300000000000000e+04,-2.835800000000000000e+04,-2.024700000000000000e+04,-6.388000000000000000e+03,-1.216700000000000000e+04,-2.512000000000000000e+04,-3.169000000000000000e+04
-2.945100000000000000e+04,1.027900000000000000e+04,-6.971000000000000000e+03,-2.014700000000000000e+04,-3.258200000000000000e+04,-5.286000000000000000e+03,-2.680500000000000000e+04,-1.288700000000000000e+04
-1.586200000000000000e+04,5.769000000000000000e+03,-2.067300000000000000e+04,-9.584000000000000000e+03,-4.378000000000000000e+04,-1.081900000000000000e+04,-1.585600000000000000e+04,-2.899700000000000000e+04
-2.167800000000000000e+04,-1.814900000000000000e+04,2.285000000000000000e+03,-1.746100000000000000e+04,-8.604000000000000000e+03,-3.127100000000000000e+04,1.686200000000000000e+04,-2.038700000000000000e+04
-2.797700000000000000e+04,-1.405700000000000000e+04,-3.568000000000000000e+03,-1.979000000000000000e+04,-2.557900000000000000e+04,-1.657400000000000000e+04,1.452600000000000000e+04,-1.973000000000000000e+04
-1.255800000000000000e+04,1.657100000000000000e+04,-1.677000000000000000e+04,-1.835400000000000000e+04,-6.408700000000000000e+04,-1.699600000000000000e+04,-3.236000000000000000e+04,-4.109500000000000000e+04
-2.240500000000000000e+04,-1.992500000000000000e+04,1.301700000000000000e+04,-2.036100000000000000e+04,-1.031300000000000000e+04,-4.122400000000000000e+04,-2.414500000000000000e+04,-1.530000000000000000e+04
-3.378500000000000000e+04,-2.185700000000000000e+04,-1.575400000000000000e+04,-1.264800000000000000e+04,6.653000000000000000e+03,-3.992000000000000000e+04,-1.478600000000000000e+04,-2.786300000000000000e+04
-2.586800000000000000e+04,1.035000000000000000e+03,-1.536500000000000000e+04,-8.930000000000000000e+03,-5.969500000000000000e+04,-6.478000000000000000e+03,-2.591800000000000000e+04,-4.432100000000000000e+04
-4.484100000000000000e+04,-2.424500000000000000e+04,-1.236000000000000000e+03,-3.024900000000000000e+04,-3.024300000000000000e+04,-4.636800000000000000e+04,-2.877100000000000000e+04,7.020000000000000000e+03
-6.510000000000000000e+03,-1.703300000000000000e+04,-1.675100000000000000e+04,-2.613400000000000000e+04,1.173800000000000000e+04,-3.173200000000000000e+04,-2.192600000000000000e+04,-2.489800000000000000e+04
-3.244000000000000000e+04,-1.952700000000000000e+04,-5.175000000000000000e+03,-1.692400000000000000e+04,-1.180800000000000000e+04,-1.576900000000000000e+04,-2.170100000000000000e+04,-1.097600000000000000e+04
-2.814000000000000000e+04,-1.504900000000000000e+04,-1.227600000000000000e+04,-2.026400000000000000e+04,-3.096600000000000000e+04,-1.729500000000000000e+04,-2.453700000000000000e+04,1.303300000000000000e+04
-2.303800000000000000e+04,-1.616200000000000000e+04,-3.443000000000000000e+03,-3.922900000000000000e+04,-1.870600000000000000e+04,-3.434600000000000000e+04,-2.115200000000000000e+04,1.200800000000000000e+04
-2.707700000000000000e+04,1.474600000000000000e+04,-2.027800000000000000e+04,-1.199300000000000000e+04,-4.047000000000000000e+04,-1.354300000000000000e+04,-9.690000000000000000e+03,-4.056400000000000000e+04
-1.461000000000000000e+04,-9.900000000000000000e+02,-2.098500000000000000e+04,-8.240000000000000000e+02,-3.442300000000000000e+04,-1.886400000000000000e+04,-2.515100000000000000e+04,-3.921200000000000000e+04
-2.653700000000000000e+04,-8.966000000000000000e+03,-1.838800000000000000e+04,-2.846700000000000000e+04,-2.241800000000000000e+04,-1.158900000000000000e+04,-1.060000000000000000e+03,-3.225500000000000000e+04
-3.045700000000000000e+04,-1.821400000000000000e+04,-3.384100000000000000e+04,-5.875000000000000000e+03,-4.644400000000000000e+04,2.871000000000000000e+04,-1.920600000000000000e+04,-2.918700000000000000e+04
-2.153500000000000000e+04,-1.288500000000000000e+04,-1.668000000000000000e+04,6.929000000000000000e+03,-2.945000000000000000e+04,-9.420000000000000000e+03,-7.947000000000000000e+03,-4.327800000000000000e+04
-1.999500000000000000e+04,-2.929300000000000000e+04,-1.902100000000000000e+04,-1.827400000000000000e+04,-3.012600000000000000e+04,-1.380000000000000000e+04,2.559600000000000000e+04,-2.573500000000000000e+04
-1.273300000000000000e+04,2.376600000000000000e+04,-2.244600000000000000e+04,-2.241100000000000000e+04,-3.717900000000000000e+04,-2.434100000000000000e+04,-2.124800000000000000e+04,-3.275800000000000000e+04
-2.753200000000000000e+04,-6.583000000000000000e+03,-2.649100000000000000e+04,-1.033500000000000000e+04,-3.392400000000000000e+04,-1.978500000000000000e+04,8.536000000000000000e+03,-2.896800000000000000e+04
-3.156100000000000000e+04,-2.761000000000000000e+03,-1.037500000000000000e+04,2.018200000000000000e+04,-1.947800000000000000e+04,4.590000000000000000e+03,-1.298400000000000000e+04,-3.378400000000000000e+04
5.030000000000000000e+02,-1.982700000000000000e+04,-1.016000000000000000e+04,-5.308000000000000000e+03,-1.126500000000000000e+04,-3.123000000000000000e+03,-3.870500000000000000e+04,-5.564400000000000000e+04
-2.849900000000000000e+04,-1.743700000000000000e+04,-1.705500000000000000e+04,-3.224900000000000000e+04,-2.526600000000000000e+04,-2.782100000000000000e+04,-2.201000000000000000e+04,1.910100000000000000e+04
-2.083500000000000000e+04,4.156000000000000000e+03,-1.778400000000000000e+04,-2.383000000000000000e+03,-4.653100000000000000e+04,-8.539000000000000000e+03,-2.198700000000000000e+04,-3.633800000000000000e+04
-3.621000000000000000e+04,-2.362100000000000000e+04,-8.350000000000000000e+02,-2.923300000000000000e+04,-3.400900000000000000e+04,-3.660000000000000000e+04,-3.190700000000000000e+04,1.412200000000000000e+04
-1.101100000000000000e+04,-1.668700000000000000e+04,-1.835500000000000000e+04,-1.134000000000000000e+03,6.310000000000000000e+02,-6.733000000000000000e+03,-2.426000000000000000e+04,-3.164500000000000000e+04
-3.430500000000000000e+04,-2.205200000000000000e+04,-5.454000000000000000e+03,-3.523300000000000000e+04,-3.119700000000000000e+04,-3.133100000000000000e+04,-2.406700000000000000e+04,7.608000000000000000e+03
-2.445400000000000000e+04,-2.151400000000000000e+04,-1.733800000000000000e+04,-1.975000000000000000e+03,1.917900000000000000e+04,-2.693800000000000000e+04,-2.212700000000000000e+04,-1.721400000000000000e+04
-4.650500000000000000e+04,-2.291400000000000000e+04,-5.766000000000000000e+03,-2.930600000000000000e+04,-1.987600000000000000e+04,-1.524500000000000000e+04,2.236300000000000000e+04,-2.287400000000000000e+04
-3.950300000000000000e+04,-5.000000000000000000e+01,-1.773900000000000000e+04,-3.846400000000000000e+04,-3.160600000000000000e+04,-1.873900000000000000e+04,1.216600000000000000e+04,-2.863000000000000000e+04
-3.421200000000000000e+04,-1.804600000000000000e+04,-1.885200000000000000e+04,-9.580000000000000000e+03,-4.135900000000000000e+04,-2.482400000000000000e+04,1.734300000000000000e+04,-3.533900000000000000e+04
-4.022000000000000000e+04,-1.045700000000000000e+04,-1.711200000000000000e+04,-2.053000000000000000e+04,-2.768500000000000000e+04,-2.142500000000000000e+04,2.469700000000000000e+04,-3.837600000000000000e+04
-2.098000000000000000e+04,2.853000000000000000e+04,-2.036400000000000000e+04,-2.542800000000000000e+04,-4.282000000000000000e+04,-2.050300000000000000e+04,-6.609000000000000000e+03,-3.087100000000000000e+04
-1.013000000000000000e+03,-2.374900000000000000e+04,-1.767600000000000000e+04,-9.430000000000000000e+03,-5.140000000000000000e+03,-9.955000000000000000e+03,-1.115700000000000000e+04,-4.329900000000000000e+04
-1.918000000000000000e+04,-2.291700000000000000e+04,-1.061700000000000000e+04,-1.690600000000000000e+04,1.902300000000000000e+04,-1.779000000000000000e+04,-2.993200000000000000e+04,-3.516700000000000000e+04
-4.862500000000000000e+04,-4.262000000000000000e+04,-1.077700000000000000e+04,-4.299100000000000000e+04,-4.278900000000000000e+04,-3.463600000000000000e+04,-2.235100000000000000e+04,1.673700000000000000e+04
1.475900000000000000e+04,-1.266700000000000000e+04,-6.067000000000000000e+03,-3.320800000000000000e+04,-1.288100000000000000e+04,-1.118400000000000000e+04,-3.181800000000000000e+04,-3.661500000000000000e+04
-3.329000000000000000e+04,1.803500000000000000e+04,-6.861000000000000000e+03,-7.223000000000000000e+03,-3.698200000000000000e+04,-1.894900000000000000e+04,-1.003600000000000000e+04,-3.434400000000000000e+04
-2.876000000000000000e+04,-1.907200000000000000e+04,-1.905600000000000000e+04,-3.962400000000000000e+04,-3.394300000000000000e+04,-1.642300000000000000e+04,-2.062500000000000000e+04,1.211500000000000000e+04
-1.239900000000000000e+04,-3.023000000000000000e+03,-1.054400000000000000e+04,1.041000000000000000e+03,-3.105600000000000000e+04,-9.754000000000000000e+03,-3.427400000000000000e+04,-4.023200000000000000e+04
-1.284600000000000000e+04,9.379000000000000000e+03,-2.997300000000000000e+04,-1.628200000000000000e+04,-2.885100000000000000e+04,6.867000000000000000e+03,-3.143400000000000000e+04,-4.102600000000000000e+04
-3.632400000000000000e+04,-2.380100000000000000e+04,1.127300000000000000e+04,-1.479300000000000000e+04,-1.663200000000000000e+04,-2.959400000000000000e+04,-1.702100000000000000e+04,-1.859700000000000000e+04
-3.590200000000000000e+04,-1.919100000000000000e+04,-1.444800000000000000e+04,-1.549500000000000000e+04,-2.266400000000000000e+04,-8.431000000000000000e+03,3.419000000000000000e+03,-1.733300000000000000e+04
-4.956500000000000000e+04,-2.556300000000000000e+04,-1.592600000000000000e+04,-4.105800000000000000e+04,-3.747000000000000000e+04,-3.846400000000000000e+04,-3.108300000000000000e+04,9.795000000000000000e+03
-2.406200000000000000e+04,2.672000000000000000e+04,-1.899000000000000000e+04,-1.486200000000000000e+04,-4.803100000000000000e+04,-2.606900000000000000e+04,-2.941800000000000000e+04,-3.371400000000000000e+04
-2.260700000000000000e+04,3.939000000000000000e+03,-3.884900000000000000e+04,-1.516200000000000000e+04,-4.027100000000000000e+04,-2.304800000000000000e+04,-8.183000000000000000e+03,-3.059500000000000000e+04
-1.620600000000000000e+04,1.943600000000000000e+04,-2.702800000000000000e+04,-1.942700000000000000e+04,-3.938400000000000000e+04,-2.426100000000000000e+04,-2.141900000000000000e+04,-3.747800000000000000e+04
-2.497400000000000000e+04,-3.356800000000000000e+04,-2.163400000000000000e+04,-3.205900000000000000e+04,-2.917000000000000000e+04,-1.379900000000000000e+04,-2.153700000000000000e+04,1.981700000000000000e+04
-1.217700000000000000e+04,-3.123600000000000000e+04,-2.795600000000000000e+04,1.021000000000000000e+03,-9.759000000000000000e+03,-1.848200000000000000e+04,-1.785000000000000000e+04,-3.589200000000000000e+04
-3.498100000000000000e+04,-1.756600000000000000e+04,2.181000000000000000e+04,-2.733700000000000000e+04,-1.284600000000000000e+04,-2.771600000000000000e+04,-2.165200000000000000e+04,-1.101300000000000000e+04
-1.068700000000000000e+04,-1.259200000000000000e+04,-1.536500000000000000e+04,5.217000000000000000e+03,-3.679600000000000000e+04,1.599000000000000000e+03,-1.733400000000000000e+04,-1.651000000000000000e+04
-1.672500000000000000e+04,-1.303600000000000000e+04,-1.370100000000000000e+04,-1.526500000000000000e+04,-2.460200000000000000e+04,-3.894000000000000000e+03,-2.926400000000000000e+04,-3.249300000000000000e+04
-2.683200000000000000e+04,-2.379900000000000000e+04,1.003000000000000000e+03,-1.086200000000000000e+04,-2.805800000000000000e+04,-3.016200000000000000e+04,1.751200000000000000e+04,-4.105700000000000000e+04
8.893000000000000000e+03,-2.683400000000000000e+04,-1.946500000000000000e+04,-5.713000000000000000e+03,-2.335000000000000000e+04,-8.129000000000000000e+03,-2.773300000000000000e+04,-4.013800000000000000e+04
-5.426000000000000000e+03,-1.799800000000000000e+04,-2.096300000000000000e+04,-3.204000000000000000e+03,-2.720300000000000000e+04,1.338400000000000000e+04,-1.614500000000000000e+04,-3.430800000000000000e+04
-2.025200000000000000e+04,-1.988000000000000000e+04,-2.322500000000000000e+04,-1.112800000000000000e+04,-2.735000000000000000e+04,-1.032300000000000000e+04,-1.698000000000000000e+04,-4.119000000000000000e+04
-2.279900000000000000e+04,-1.928000000000000000e+04,-9.262000000000000000e+03,-9.046000000000000000e+03,-5.904000000000000000e+03,-3.923300000000000000e+04,-1.736700000000000000e+04,-1.216400000000000000e+04
-2.168500000000000000e+04,-1.083200000000000000e+04,-2.273600000000000000e+04,-1.786500000000000000e+04,-3.142500000000000000e+04,-2.428600000000000000e+04,1.796100000000000000e+04,-3.570400000000000000e+04
-2.364100000000000000e+04,-1.200100000000000000e+04,-1.017600000000000000e+04,-1.046000000000000000e+03,-2.512300000000000000e+04,-3.228000000000000000e+03,-2.013200000000000000e+04,-4.317700000000000000e+04
-2.512300000000000000e+04,-8.515000000000000000e+03,-2.350500000000000000e+04,1.271300000000000000e+04,-3.531600000000000000e+04,-3.023000000000000000e+03,-2.063100000000000000e+04,-4.330000000000000000e+04
-2.318100000000000000e+04,9.292000000000000000e+03,-1.577700000000000000e+04,-2.263100000000000000e+04,-4.425400000000000000e+04,-1.547000000000000000e+03,-2.173200000000000000e+04,-2.241100000000000000e+04
-1.689100000000000000e+04,-1.773600000000000000e+04,-3.933000000000000000e+03,-2.688000000000000000e+04,-7.288000000000000000e+03,-3.756400000000000000e+04,-2.612300000000000000e+04,4.875000000000000000e+03
