-3.350000000000000000e+03,-8.720000000000000000e+03,-1.052300000000000000e+04,3.463000000000000000e+03,-1.134700000000000000e+04,8.987000000000000000e+03,-9.199000000000000000e+03,-1.223400000000000000e+04
4.860000000000000000e+03,-3.736000000000000000e+03,-1.356700000000000000e+04,5.850000000000000000e+02,-1.094900000000000000e+04,5.520000000000000000e+03,-1.037100000000000000e+04,-1.470300000000000000e+04
-3.619000000000000000e+03,2.294000000000000000e+03,-8.119000000000000000e+03,-1.030000000000000000e+03,-1.347900000000000000e+04,-3.045000000000000000e+03,-3.651000000000000000e+03,-1.476800000000000000e+04
-1.043000000000000000e+03,-7.959000000000000000e+03,-2.608000000000000000e+03,2.329000000000000000e+03,3.070000000000000000e+02,-5.671000000000000000e+03,-3.045000000000000000e+03,-6.866000000000000000e+03
-7.782000000000000000e+03,5.778000000000000000e+03,-6.167000000000000000e+03,-8.245000000000000000e+03,-5.670000000000000000e+03,-8.880000000000000000e+03,-3.463000000000000000e+03,-1.464000000000000000e+03
2.342000000000000000e+03,1.108700000000000000e+04,-7.639000000000000000e+03,-6.220000000000000000e+02,-6.120000000000000000e+03,-8.306000000000000000e+03,-6.680000000000000000e+03,-1.623100000000000000e+04
-2.000000000000000000e+01,-6.996000000000000000e+03,-7.230000000000000000e+03,8.202000000000000000e+03,-1.730000000000000000e+03,-1.381000000000000000e+03,-5.843000000000000000e+03,-1.309500000000000000e+04
-5.321000000000000000e+03,8.513000000000000000e+03,-7.592000000000000000e+03,1.789000000000000000e+03,-1.154600000000000000e+04,-6.644000000000000000e+03,-3.149000000000000000e+03,-1.344300000000000000e+04
-5.027000000000000000e+03,-3.913000000000000000e+03,-5.919000000000000000e+03,-5.402000000000000000e+03,-8.221000000000000000e+03,-3.656000000000000000e+03,7.040000000000000000e+03,-1.643000000000000000e+04
6.880000000000000000e+03,-6.565000000000000000e+03,-7.252000000000000000e+03,-5.770000000000000000e+02,-4.864000000000000000e+03,-5.158000000000000000e+03,-1.007200000000000000e+04,-1.837900000000000000e+04
-3.392000000000000000e+03,-7.886000000000000000e+03,-9.710000000000000000e+03,-4.407000000000000000e+03,-4.991000000000000000e+03,4.984000000000000000e+03,-6.936000000000000000e+03,-8.034000000000000000e+03
-7.232000000000000000e+03,-2.991000000000000000e+03,-4.352000000000000000e+03,-2.380000000000000000e+03,-9.163000000000000000e+03,-1.272500000000000000e+04,8.487000000000000000e+03,-7.821000000000000000e+03
-1.259900000000000000e+04,-6.577000000000000000e+03,-3.180000000000000000e+03,-5.154000000000000000e+03,-7.619000000000000000e+03,-1.095200000000000000e+04,1.381900000000000000e+04,-7.288000000000000000e+03
-8.470000000000000000e+03,-7.064000000000000000e+03,-6.244000000000000000e+03,-2.880000000000000000e+03,-6.119000000000000000e+03,-5.200000000000000000e+03,7.935000000000000000e+03,-7.491000000000000000e+03
5.510000000000000000e+03,-8.805000000000000000e+03,-5.470000000000000000e+03,-1.265000000000000000e+03,3.362000000000000000e+03,-3.612000000000000000e+03,-1.076000000000000000e+04,-1.820500000000000000e+04
5.118000000000000000e+03,-1.211600000000000000e+04,-8.927000000000000000e+03,-4.491000000000000000e+03,1.231000000000000000e+04,-1.032600000000000000e+04,-1.207100000000000000e+04,-8.122000000000000000e+03
5.020000000000000000e+03,-1.076700000000000000e+04,-2.113000000000000000e+03,2.907000000000000000e+03,5.500000000000000000e+03,-1.073100000000000000e+04,-9.161000000000000000e+03,-1.262800000000000000e+04
-5.976000000000000000e+03,-3.030000000000000000e+02,-6.230000000000000000e+03,4.899000000000000000e+03,-7.354000000000000000e+03,-3.934000000000000000e+03,-7.072000000000000000e+03,-1.153700000000000000e+04
-5.812000000000000000e+03,-7.239000000000000000e+03,-7.716000000000000000e+03,-7.107000000000000000e+03,-8.159000000000000000e+03,-5.265000000000000000e+03,1.193000000000000000e+04,-5.744000000000000000e+03
-8.020000000000000000e+02,-9.319000000000000000e+03,-9.886000000000000000e+03,-4.730000000000000000e+02,6.709000000000000000e+03,-4.764000000000000000e+03,-9.078000000000000000e+03,-1.061200000000000000e+04
-9.187000000000000000e+03,-8.687000000000000000e+03,-1.230000000000000000e+03,-8.471000000000000000e+03,-3.725000000000000000e+03,-1.027100000000000000e+04,1.452100000000000000e+04,-7.711000000000000000e+03
-3.840000000000000000e+03,-1.033200000000000000e+04,-4.636000000000000000e+03,-5.865000000000000000e+03,-3.568000000000000000e+03,-9.694000000000000000e+03,8.478000000000000000e+03,-6.639000000000000000e+03
2.699000000000000000e+03,-6.163000000000000000e+03,-7.575000000000000000e+03,9.202000000000000000e+03,-1.006500000000000000e+04,-3.646000000000000000e+03,-1.356200000000000000e+04,-1.489500000000000000e+04
1.927000000000000000e+03,-6.677000000000000000e+03,-4.576000000000000000e+03,-4.347000000000000000e+03,-7.130000000000000000e+02,2.835000000000000000e+03,-6.155000000000000000e+03,-8.289000000000000000e+03
-5.760000000000000000e+03,1.853000000000000000e+03,-9.998000000000000000e+03,-2.064000000000000000e+03,-1.129200000000000000e+04,-1.035000000000000000e+03,-5.361000000000000000e+03,-9.606000000000000000e+03
-7.966000000000000000e+03,-4.655000000000000000e+03,-3.097000000000000000e+03,-7.795000000000000000e+03,-5.819000000000000000e+03,-1.187500000000000000e+04,1.792000000000000000e+03,3.329000000000000000e+03
-7.861000000000000000e+03,-9.289000000000000000e+03,-4.004000000000000000e+03,-1.360500000000000000e+04,-7.591000000000000000e+03,-5.247000000000000000e+03,-6.361000000000000000e+03,6.799000000000000000e+03
-4.964000000000000000e+03,4.770000000000000000e+03,-6.062000000000000000e+03,-7.541000000000000000e+03,-7.660000000000000000e+03,-4.827000000000000000e+03,-3.397000000000000000e+03,-3.754000000000000000e+03
8.199000000000000000e+03,-9.619000000000000000e+03,-1.050400000000000000e+04,2.255000000000000000e+03,-1.956000000000000000e+03,-3.159000000000000000e+03,-2.870000000000000000e+03,-1.262700000000000000e+04
-1.646000000000000000e+03,8.843000000000000000e+03,-5.309000000000000000e+03,-1.475000000000000000e+03,-2.865000000000000000e+03,-7.222000000000000000e+03,-7.590000000000000000e+03,-1.288900000000000000e+04
-5.475000000000000000e+03,2.205000000000000000e+03,-8.807000000000000000e+03,4.000000000000000000e+00,-7.861000000000000000e+03,-5.053000000000000000e+03,2.300000000000000000e+02,-7.085000000000000000e+03
-9.906000000000000000e+03,-8.372000000000000000e+03,-4.398000000000000000e+03,-9.252000000000000000e+03,-5.567000000000000000e+03,-1.216500000000000000e+04,-4.640000000000000000e+03,1.086600000000000000e+04
-5.802000000000000000e+03,-5.829000000000000000e+03,-3.387000000000000000e+03,-8.000000000000000000e+02,-8.420000000000000000e+03,-1.028700000000000000e+04,1.044700000000000000e+04,-5.607000000000000000e+03
-2.203000000000000000e+03,-3.883000000000000000e+03,-7.194000000000000000e+03,1.747000000000000000e+03,-9.476000000000000000e+03,5.752000000000000000e+03,-1.036800000000000000e+04,-1.161800000000000000e+04
-6.345000000000000000e+03,-6.010000000000000000e+03,-6.378000000000000000e+03,-1.700000000000000000e+03,-6.703000000000000000e+03,-5.880000000000000000e+03,1.030900000000000000e+04,-3.071000000000000000e+03
1.624000000000000000e+03,-1.049500000000000000e+04,-8.247000000000000000e+03,1.029000000000000000e+03,-1.027000000000000000e+03,-5.655000000000000000e+03,6.440000000000000000e+02,-1.112900000000000000e+04
2.096000000000000000e+03,-1.454000000000000000e+03,-1.080200000000000000e+04,3.774000000000000000e+03,-1.207300000000000000e+04,-1.148000000000000000e+03,-7.374000000000000000e+03,-1.296900000000000000e+04
2.247000000000000000e+03,-7.493000000000000000e+03,-1.321300000000000000e+04,9.610000000000000000e+02,-9.670000000000000000e+03,1.782000000000000000e+03,-1.301400000000000000e+04,-1.753800000000000000e+04
-5.209000000000000000e+03,6.514000000000000000e+03,-1.217700000000000000e+04,-7.323000000000000000e+03,-1.335600000000000000e+04,-5.900000000000000000e+03,-2.222000000000000000e+03,-1.409200000000000000e+04
-4.400000000000000000e+02,-6.946000000000000000e+03,-4.808000000000000000e+03,-6.686000000000000000e+03,-6.734000000000000000e+03,-7.953000000000000000e+03,8.495000000000000000e+03,-8.557000000000000000e+03
-2.574000000000000000e+03,1.376300000000000000e+04,-9.516000000000000000e+03,-3.195000000000000000e+03,-9.417000000000000000e+03,-1.062500000000000000e+04,-6.219000000000000000e+03,-1.276900000000000000e+04
-8.921000000000000000e+03,-1.058100000000000000e+04,1.580000000000000000e+02,-9.202000000000000000e+03,6.170000000000000000e+02,-1.606300000000000000e+04,-6.586000000000000000e+03,6.801000000000000000e+03
-8.164000000000000000e+03,-8.793000000000000000e+03,-5.703000000000000000e+03,-6.659000000000000000e+03,-8.156000000000000000e+03,-9.290000000000000000e+03,-3.160000000000000000e+02,6.637000000000000000e+03
-9.251000000000000000e+03,-5.468000000000000000e+03,-4.749000000000000000e+03,-7.258000000000000000e+03,-7.119000000000000000e+03,-1.007800000000000000e+04,-7.357000000000000000e+03,1.327400000000000000e+04
8.400000000000000000e+02,-8.637000000000000000e+03,-9.070000000000000000e+03,5.756000000000000000e+03,-1.564000000000000000e+03,-9.980000000000000000e+02,-5.089000000000000000e+03,-8.709000000000000000e+03
-3.334000000000000000e+03,-5.086000000000000000e+03,-6.979000000000000000e+03,8.779000000000000000e+03,-1.229800000000000000e+04,4.620000000000000000e+02,-1.033100000000000000e+04,-1.569600000000000000e+04
1.267800000000000000e+04,-7.781000000000000000e+03,-1.071200000000000000e+04,1.320000000000000000e+02,-1.514000000000000000e+03,-6.092000000000000000e+03,-1.258100000000000000e+04,-1.676400000000000000e+04
-2.639000000000000000e+03,5.675000000000000000e+03,-7.073000000000000000e+03,-5.578000000000000000e+03,-5.845000000000000000e+03,-9.405000000000000000e+03,-3.004000000000000000e+03,-1.649700000000000000e+04
-2.842000000000000000e+03,-3.989000000000000000e+03,-6.387000000000000000e+03,5.532000000000000000e+03,-1.101900000000000000e+04,-7.677000000000000000e+03,-4.486000000000000000e+03,-1.199400000000000000e+04
-4.980000000000000000e+03,1.052600000000000000e+04,-1.028900000000000000e+04,-3.564000000000000000e+03,-5.044000000000000000e+03,-7.801000000000000000e+03,-1.565000000000000000e+03,-1.013000000000000000e+04
3.843000000000000000e+03,-8.459000000000000000e+03,-1.152000000000000000e+04,9.020000000000000000e+02,1.944000000000000000e+03,-1.840000000000000000e+03,-1.177200000000000000e+04,-1.544900000000000000e+04
-8.884000000000000000e+03,9.366000000000000000e+03,-9.648000000000000000e+03,-6.142000000000000000e+03,-1.212600000000000000e+04,-2.517000000000000000e+03,-5.489000000000000000e+03,-1.003000000000000000e+04
-6.258000000000000000e+03,-1.106200000000000000e+04,1.119600000000000000e+04,-7.104000000000000000e+03,3.310000000000000000e+02,-8.948000000000000000e+03,-8.478000000000000000e+03,-1.214000000000000000e+03
8.929000000000000000e+03,-1.139300000000000000e+04,-4.768000000000000000e+03,-1.344000000000000000e+03,-5.196000000000000000e+03,2.357000000000000000e+03,-7.724000000000000000e+03,-1.915800000000000000e+04
-1.006000000000000000e+03,-4.611000000000000000e+03,-6.999000000000000000e+03,5.633000000000000000e+03,-2.927000000000000000e+03,-9.690000000000000000e+02,-8.625000000000000000e+03,-5.760000000000000000e+03
-3.864000000000000000e+03,-3.962000000000000000e+03,-8.047000000000000000e+03,1.150000000000000000e+03,-6.512000000000000000e+03,4.760000000000000000e+03,-3.645000000000000000e+03,-5.018000000000000000e+03
-1.193500000000000000e+04,-1.093000000000000000e+04,1.468000000000000000e+03,-1.205400000000000000e+04,-6.475000000000000000e+03,-1.212900000000000000e+04,7.110000000000000000e+02,2.766000000000000000e+03
-5.461000000000000000e+03,1.603700000000000000e+04,-1.038900000000000000e+04,-3.357000000000000000e+03,-7.777000000000000000e+03,-8.131000000000000000e+03,-1.032700000000000000e+04,-1.416100000000000000e+04
-1.113000000000000000e+04,-4.147000000000000000e+03,-3.623000000000000000e+03,-3.210000000000000000e+02,-8.430000000000000000e+03,-8.723000000000000000e+03,7.516000000000000000e+03,-9.286000000000000000e+03
-7.517000000000000000e+03,-3.662000000000000000e+03,-5.489000000000000000e+03,-1.026000000000000000e+03,-6.965000000000000000e+03,-1.001600000000000000e+04,4.483000000000000000e+03,-4.085000000000000000e+03
-4.336000000000000000e+03,-1.259900000000000000e+04,-1.755000000000000000e+03,-7.084000000000000000e+03,1.007500000000000000e+04,-1.060100000000000000e+04,-1.026800000000000000e+04,-4.831000000000000000e+03
-4.839000000000000000e+03,-8.622000000000000000e+03,-9.263000000000000000e+03,2.931000000000000000e+03,-4.775000000000000000e+03,-1.554000000000000000e+03,-4.164000000000000000e+03,-8.035000000000000000e+03
-7.099000000000000000e+03,-1.119600000000000000e+04,1.889000000000000000e+03,-9.438000000000000000e+03,-1.993000000000000000e+03,-9.344000000000000000e+03,1.674000000000000000e+03,-2.239000000000000000e+03
-5.779000000000000000e+03,-8.302000000000000000e+03,-6.672000000000000000e+03,-3.360000000000000000e+03,2.302000000000000000e+03,-6.424000000000000000e+03,-1.576000000000000000e+03,6.100000000000000000e+01
-1.059700000000000000e+04,-1.001700000000000000e+04,-5.761000000000000000e+03,-9.022000000000000000e+03,-9.811000000000000000e+03,-1.086200000000000000e+04,-8.401000000000000000e+03,1.277900000000000000e+04
6.257000000000000000e+03,-7.112000000000000000e+03,-1.016000000000000000e+04,4.533000000000000000e+03,-2.118000000000000000e+03,-6.820000000000000000e+02,-8.999000000000000000e+03,-1.498200000000000000e+04
-1.340000000000000000e+03,-9.768000000000000000e+03,-7.898000000000000000e+03,-1.924000000000000000e+03,7.201000000000000000e+03,-5.345000000000000000e+03,-6.500000000000000000e+03,-5.522000000000000000e+03
-3.574000000000000000e+03,2.653000000000000000e+03,-9.494000000000000000e+03,4.416000000000000000e+03,-1.291800000000000000e+04,-4.575000000000000000e+03,-1.091000000000000000e+04,-1.684900000000000000e+04
-9.363000000000000000e+03,-1.058300000000000000e+04,-1.783000000000000000e+03,-1.123700000000000000e+04,-8.969000000000000000e+03,-1.610700000000000000e+04,-5.602000000000000000e+03,9.846000000000000000e+03
-5.795000000000000000e+03,-9.981000000000000000e+03,6.930000000000000000e+02,-7.859000000000000000e+03,8.170000000000000000e+02,-1.215000000000000000e+04,-5.435000000000000000e+03,3.521000000000000000e+03
-4.754000000000000000e+03,1.046400000000000000e+04,-1.178100000000000000e+04,-6.356000000000000000e+03,-6.131000000000000000e+03,-7.678000000000000000e+03,-1.899000000000000000e+03,-1.639900000000000000e+04
-2.748000000000000000e+03,-8.009000000000000000e+03,-6.500000000000000000e+03,5.080000000000000000e+03,-3.129000000000000000e+03,-6.470000000000000000e+02,-4.663000000000000000e+03,-1.111600000000000000e+04
-5.186000000000000000e+03,-3.627000000000000000e+03,-8.126000000000000000e+03,1.728000000000000000e+03,-1.066600000000000000e+04,6.150000000000000000e+02,-5.932000000000000000e+03,-2.827000000000000000e+03
-9.160000000000000000e+02,-9.449000000000000000e+03,-4.166000000000000000e+03,-1.643000000000000000e+03,8.917000000000000000e+03,-1.122200000000000000e+04,-9.191000000000000000e+03,-8.514000000000000000e+03
-4.134000000000000000e+03,-1.077500000000000000e+04,-8.429000000000000000e+03,3.911000000000000000e+03,1.620000000000000000e+02,-1.149000000000000000e+03,-3.024000000000000000e+03,-1.120700000000000000e+04
-5.416000000000000000e+03,-7.359000000000000000e+03,-5.040000000000000000e+03,-3.553000000000000000e+03,-6.678000000000000000e+03,-6.380000000000000000e+03,1.068500000000000000e+04,-6.372000000000000000e+03
7.120000000000000000e+02,7.126000000000000000e+03,-4.836000000000000000e+03,-6.450000000000000000e+02,-4.945000000000000000e+03,-7.232000000000000000e+03,-7.915000000000000000e+03,-1.495400000000000000e+04
6.840000000000000000e+02,-4.120000000000000000e+03,-1.124400000000000000e+04,1.281000000000000000e+03,-9.772000000000000000e+03,3.317000000000000000e+03,-4.347000000000000000e+03,-1.288000000000000000e+04
-1.872000000000000000e+03,-9.801000000000000000e+03,-8.525000000000000000e+03,-3.025000000000000000e+03,1.140000000000000000e+02,-8.578000000000000000e+03,1.505000000000000000e+03,-6.140000000000000000e+03
-1.016900000000000000e+04,1.027800000000000000e+04,-9.166000000000000000e+03,-5.556000000000000000e+03,-9.556000000000000000e+03,-5.135000000000000000e+03,3.274000000000000000e+03,-7.795000000000000000e+03
1.506000000000000000e+03,-9.220000000000000000e+03,-7.530000000000000000e+03,7.451000000000000000e+03,-1.158800000000000000e+04,4.200000000000000000e+03,-1.356800000000000000e+04,-2.046600000000000000e+04
3.883000000000000000e+03,-5.942000000000000000e+03,-1.072000000000000000e+04,-6.673000000000000000e+03,-2.356000000000000000e+03,8.741000000000000000e+03,-7.149000000000000000e+03,-1.849700000000000000e+04
7.520000000000000000e+02,1.900000000000000000e+01,-7.291000000000000000e+03,-2.928000000000000000e+03,-3.294000000000000000e+03,-4.579000000000000000e+03,-5.011000000000000000e+03,-7.068000000000000000e+03
-5.656000000000000000e+03,-1.017800000000000000e+04,-2.581000000000000000e+03,-8.008000000000000000e+03,-6.102000000000000000e+03,-1.463100000000000000e+04,-2.004000000000000000e+03,7.963000000000000000e+03
-1.062000000000000000e+03,-9.901000000000000000e+03,-5.900000000000000000e+03,-1.111000000000000000e+03,-4.115000000000000000e+03,-9.580000000000000000e+02,-9.670000000000000000e+02,-8.250000000000000000e+03
2.651000000000000000e+03,-1.234700000000000000e+04,-7.525000000000000000e+03,-4.590000000000000000e+02,4.346000000000000000e+03,-7.140000000000000000e+03,-9.790000000000000000e+03,-1.227100000000000000e+04
-9.029000000000000000e+03,-9.052000000000000000e+03,-5.447000000000000000e+03,-1.172700000000000000e+04,-5.708000000000000000e+03,-1.198100000000000000e+04,-6.997000000000000000e+03,1.037600000000000000e+04
-5.553000000000000000e+03,1.326700000000000000e+04,-4.207000000000000000e+03,-5.204000000000000000e+03,-1.186600000000000000e+04,-8.640000000000000000e+03,-7.780000000000000000e+02,-1.018500000000000000e+04
5.062000000000000000e+03,-2.520000000000000000e+03,-1.326700000000000000e+04,2.338000000000000000e+03,-1.066900000000000000e+04,-1.040000000000000000e+02,-1.049200000000000000e+04,-1.383100000000000000e+04
4.698000000000000000e+03,-8.870000000000000000e+03,-8.174000000000000000e+03,9.990000000000000000e+02,-1.560000000000000000e+02,-2.188000000000000000e+03,-7.559000000000000000e+03,-2.034100000000000000e+04
3.010000000000000000e+02,-9.627000000000000000e+03,5.994000000000000000e+03,-2.474000000000000000e+03,2.468000000000000000e+03,-1.131700000000000000e+04,-8.339000000000000000e+03,-7.444000000000000000e+03
-3.704000000000000000e+03,-1.316200000000000000e+04,6.776000000000000000e+03,-1.170600000000000000e+04,1.326000000000000000e+03,-1.175000000000000000e+04,-3.519000000000000000e+03,5.470000000000000000e+02
3.521000000000000000e+03,-9.815000000000000000e+03,-7.998000000000000000e+03,-2.526000000000000000e+03,7.717000000000000000e+03,-7.799000000000000000e+03,-1.046300000000000000e+04,-1.134600000000000000e+04
2.135000000000000000e+03,-9.813000000000000000e+03,-1.030400000000000000e+04,-2.869000000000000000e+03,8.156000000000000000e+03,-6.671000000000000000e+03,-8.611000000000000000e+03,-1.146200000000000000e+04
5.409000000000000000e+03,-7.906000000000000000e+03,-2.575000000000000000e+03,1.029700000000000000e+04,-1.103900000000000000e+04,-2.199000000000000000e+03,-1.034200000000000000e+04,-1.419200000000000000e+04
-5.447000000000000000e+03,-2.674000000000000000e+03,-6.717000000000000000e+03,1.837000000000000000e+03,-3.949000000000000000e+03,-6.792000000000000000e+03,-5.263000000000000000e+03,-4.577000000000000000e+03
-3.499000000000000000e+03,-1.013300000000000000e+04,9.025000000000000000e+03,-7.178000000000000000e+03,4.494000000000000000e+03,-1.167900000000000000e+04,-4.513000000000000000e+03,-6.725000000000000000e+03
-4.805000000000000000e+03,1.058000000000000000e+03,-6.453000000000000000e+03,-4.431000000000000000e+03,-7.714000000000000000e+03,-5.530000000000000000e+02,-2.168000000000000000e+03,-5.713000000000000000e+03
-1.064900000000000000e+04,-8.622000000000000000e+03,-7.250000000000000000e+03,-1.232600000000000000e+04,-5.701000000000000000e+03,-1.182600000000000000e+04,-7.351000000000000000e+03,1.291900000000000000e+04
-1.195200000000000000e+04,-8.130000000000000000e+03,-5.655000000000000000e+03,-1.079600000000000000e+04,-8.629000000000000000e+03,-1.543900000000000000e+04,-9.115000000000000000e+03,1.403400000000000000e+04
-8.947000000000000000e+03,-1.035100000000000000e+04,3.012000000000000000e+03,-7.734000000000000000e+03,-3.811000000000000000e+03,-1.306100000000000000e+04,-1.164100000000000000e+04,4.313000000000000000e+03
1.883000000000000000e+03,-6.822000000000000000e+03,-7.261000000000000000e+03,2.560000000000000000e+02,-4.951000000000000000e+03,4.588000000000000000e+03,-4.975000000000000000e+03,-9.276000000000000000e+03
1.346700000000000000e+04,-1.073100000000000000e+04,-1.102300000000000000e+04,1.390000000000000000e+03,-2.419000000000000000e+03,-2.624000000000000000e+03,-1.271400000000000000e+04,-2.063100000000000000e+04
-3.434000000000000000e+03,-1.183600000000000000e+04,-3.803000000000000000e+03,-4.788000000000000000e+03,3.529000000000000000e+03,-1.060700000000000000e+04,-2.825000000000000000e+03,-2.398000000000000000e+03
-5.586000000000000000e+03,-8.340000000000000000e+03,-6.279000000000000000e+03,-7.108000000000000000e+03,-6.496000000000000000e+03,-1.176600000000000000e+04,-7.916000000000000000e+03,1.139700000000000000e+04
-5.610000000000000000e+02,-5.583000000000000000e+03,-3.211000000000000000e+03,5.435000000000000000e+03,-1.209500000000000000e+04,-1.808000000000000000e+03,-8.689000000000000000e+03,-1.757600000000000000e+04
-7.137000000000000000e+03,-1.024000000000000000e+04,6.990000000000000000e+03,-9.321000000000000000e+03,1.416000000000000000e+03,-1.275200000000000000e+04,-9.482000000000000000e+03,-5.260000000000000000e+02
-5.433000000000000000e+03,-6.130000000000000000e+03,-4.697000000000000000e+03,-9.544000000000000000e+03,-5.274000000000000000e+03,-7.870000000000000000e+02,3.967000000000000000e+03,-2.397000000000000000e+03
1.237000000000000000e+03,-9.474000000000000000e+03,4.240000000000000000e+03,3.840000000000000000e+03,4.900000000000000000e+01,-2.302000000000000000e+03,-9.029000000000000000e+03,-1.483400000000000000e+04
-3.641000000000000000e+03,-4.306000000000000000e+03,-1.031800000000000000e+04,1.252000000000000000e+03,-1.083800000000000000e+04,6.080000000000000000e+03,-9.033000000000000000e+03,-5.798000000000000000e+03
3.763000000000000000e+03,-9.217000000000000000e+03,-6.410000000000000000e+03,1.148000000000000000e+03,-1.325000000000000000e+03,-7.530000000000000000e+02,-6.900000000000000000e+03,-1.501700000000000000e+04
-1.203000000000000000e+03,-3.228000000000000000e+03,-5.789000000000000000e+03,-2.128000000000000000e+03,-1.059700000000000000e+04,-7.360000000000000000e+03,-1.731000000000000000e+03,-1.291700000000000000e+04
-5.208000000000000000e+03,-4.849000000000000000e+03,-1.095900000000000000e+04,-2.207000000000000000e+03,-8.690000000000000000e+03,-1.712000000000000000e+03,-3.702000000000000000e+03,-1.133900000000000000e+04
-4.231000000000000000e+03,-7.407000000000000000e+03,-5.229000000000000000e+03,-9.967000000000000000e+03,-2.481000000000000000e+03,-7.826000000000000000e+03,1.904000000000000000e+03,-3.490000000000000000e+02
-6.798000000000000000e+03,-8.613000000000000000e+03,-5.955000000000000000e+03,-8.408000000000000000e+03,-3.175000000000000000e+03,-1.033800000000000000e+04,6.838000000000000000e+03,-4.541000000000000000e+03
8.470000000000000000e+03,-7.649000000000000000e+03,-1.261100000000000000e+04,2.101000000000000000e+03,-8.016000000000000000e+03,1.150000000000000000e+02,-1.216800000000000000e+04,-1.726600000000000000e+04
-1.629000000000000000e+03,-2.823000000000000000e+03,-8.041000000000000000e+03,-3.145000000000000000e+03,-4.236000000000000000e+03,-6.604000000000000000e+03,1.727000000000000000e+03,-1.309600000000000000e+04
-6.449000000000000000e+03,-3.574000000000000000e+03,-4.289000000000000000e+03,-2.970000000000000000e+03,-7.124000000000000000e+03,-8.164000000000000000e+03,8.517000000000000000e+03,-8.234000000000000000e+03
-9.342000000000000000e+03,-4.478000000000000000e+03,1.649000000000000000e+03,-7.312000000000000000e+03,-3.285000000000000000e+03,-1.128600000000000000e+04,-6.226000000000000000e+03,7.365000000000000000e+03
-7.114000000000000000e+03,-6.980000000000000000e+03,-1.647000000000000000e+03,-7.192000000000000000e+03,-5.920000000000000000e+03,-1.223900000000000000e+04,1.402200000000000000e+04,-3.148000000000000000e+03
-3.888000000000000000e+03,-5.952000000000000000e+03,-5.993000000000000000e+03,6.490000000000000000e+03,-1.449700000000000000e+04,7.594000000000000000e+03,-1.078700000000000000e+04,-1.414300000000000000e+04
-7.449000000000000000e+03,-8.969000000000000000e+03,-4.283000000000000000e+03,-9.115000000000000000e+03,-6.644000000000000000e+03,-1.250100000000000000e+04,-9.250000000000000000e+03,1.002500000000000000e+04
6.612000000000000000e+03,-9.551000000000000000e+03,-7.549000000000000000e+03,2.465000000000000000e+03,-4.128000000000000000e+03,2.239000000000000000e+03,-9.057000000000000000e+03,-2.068300000000000000e+04
-5.953000000000000000e+03,8.676000000000000000e+03,-7.506000000000000000e+03,4.200000000000000000e+01,-1.508000000000000000e+03,-1.100800000000000000e+04,-5.562000000000000000e+03,-1.206700000000000000e+04
-8.979000000000000000e+03,-9.118000000000000000e+03,-2.782000000000000000e+03,-1.013800000000000000e+04,-9.110000000000000000e+03,-1.505600000000000000e+04,-6.480000000000000000e+03,1.067900000000000000e+04
-2.088000000000000000e+03,1.192800000000000000e+04,-6.746000000000000000e+03,-7.027000000000000000e+03,-7.104000000000000000e+03,-1.209800000000000000e+04,-1.424000000000000000e+03,-1.234900000000000000e+04
6.710000000000000000e+02,-1.206200000000000000e+04,-7.172000000000000000e+03,-7.294000000000000000e+03,6.039000000000000000e+03,-2.320000000000000000e+02,-7.745000000000000000e+03,-5.382000000000000000e+03
-9.946000000000000000e+03,-7.632000000000000000e+03,-6.155000000000000000e+03,-7.374000000000000000e+03,-5.782000000000000000e+03,-1.422300000000000000e+04,-5.249000000000000000e+03,8.934000000000000000e+03
-6.928000000000000000e+03,-1.075900000000000000e+04,1.046400000000000000e+04,-7.927000000000000000e+03,1.260000000000000000e+02,-1.104000000000000000e+04,-9.833000000000000000e+03,7.720000000000000000e+02
-5.647000000000000000e+03,-9.310000000000000000e+03,6.218000000000000000e+03,-2.624000000000000000e+03,1.800000000000000000e+02,-1.033000000000000000e+04,-2.207000000000000000e+03,-3.645000000000000000e+03
-5.388000000000000000e+03,-9.441000000000000000e+03,2.610000000000000000e+03,-3.235000000000000000e+03,5.800000000000000000e+01,-1.137500000000000000e+04,-5.796000000000000000e+03,-4.041000000000000000e+03
7.063000000000000000e+03,-5.571000000000000000e+03,-7.543000000000000000e+03,-2.013000000000000000e+03,-4.707000000000000000e+03,3.800000000000000000e+01,-8.591000000000000000e+03,-1.860600000000000000e+04
-4.753000000000000000e+03,-7.783000000000000000e+03,-1.024400000000000000e+04,2.702000000000000000e+03,-7.913000000000000000e+03,8.071000000000000000e+03,-1.013500000000000000e+04,-1.150700000000000000e+04
-4.429000000000000000e+03,-7.290000000000000000e+03,-9.174000000000000000e+03,-4.370000000000000000e+03,1.640000000000000000e+02,-2.569000000000000000e+03,-7.565000000000000000e+03,-5.886000000000000000e+03
-2.597000000000000000e+03,1.675000000000000000e+03,-7.176000000000000000e+03,-2.751000000000000000e+03,-9.510000000000000000e+03,-7.204000000000000000e+03,-4.080000000000000000e+02,-1.440100000000000000e+04
-2.541000000000000000e+03,-3.074000000000000000e+03,-1.064000000000000000e+04,2.874000000000000000e+03,-7.746000000000000000e+03,5.836000000000000000e+03,-9.650000000000000000e+03,-6.615000000000000000e+03
-9.152000000000000000e+03,1.455200000000000000e+04,-8.168000000000000000e+03,-1.516000000000000000e+03,-1.189000000000000000e+04,-1.015400000000000000e+04,-2.588000000000000000e+03,-1.067500000000000000e+04
-1.636000000000000000e+03,-1.055500000000000000e+04,-6.086000000000000000e+03,-7.391000000000000000e+03,1.006200000000000000e+04,-7.834000000000000000e+03,-5.048000000000000000e+03,-7.106000000000000000e+03
-2.765000000000000000e+03,9.270000000000000000e+03,-9.058000000000000000e+03,-2.927000000000000000e+03,-9.305000000000000000e+03,-8.219000000000000000e+03,-5.357000000000000000e+03,-1.591900000000000000e+04
-7.763000000000000000e+03,-1.067700000000000000e+04,7.382000000000000000e+03,-9.304000000000000000e+03,-3.040000000000000000e+02,-1.212600000000000000e+04,-8.344000000000000000e+03,-4.300000000000000000e+02
-4.750000000000000000e+03,7.235000000000000000e+03,-9.304000000000000000e+03,-2.663000000000000000e+03,-1.208500000000000000e+04,-7.501000000000000000e+03,-2.320000000000000000e+03,-1.596600000000000000e+04
-2.046000000000000000e+03,-1.334000000000000000e+03,-6.386000000000000000e+03,-1.977000000000000000e+03,-7.348000000000000000e+03,-2.195000000000000000e+03,-9.360000000000000000e+02,-6.015000000000000000e+03
-7.830000000000000000e+03,-1.053500000000000000e+04,-1.624000000000000000e+03,-6.372000000000000000e+03,-3.183000000000000000e+03,-1.649400000000000000e+04,7.873000000000000000e+03,-1.200000000000000000e+01
-7.198000000000000000e+03,-7.109000000000000000e+03,-7.010000000000000000e+03,-5.071000000000000000e+03,-2.317000000000000000e+03,-9.815000000000000000e+03,1.019500000000000000e+04,-6.233000000000000000e+03
-6.544000000000000000e+03,8.019000000000000000e+03,-6.782000000000000000e+03,-3.737000000000000000e+03,-8.751000000000000000e+03,-5.544000000000000000e+03,-1.361000000000000000e+03,-1.263500000000000000e+04
3.924000000000000000e+03,-1.066800000000000000e+04,-4.998000000000000000e+03,-2.500000000000000000e+01,6.980000000000000000e+02,-4.780000000000000000e+03,-5.282000000000000000e+03,-9.086000000000000000e+03
-4.721000000000000000e+03,4.850000000000000000e+02,-8.092000000000000000e+03,3.880000000000000000e+02,-9.440000000000000000e+03,-1.130000000000000000e+02,-1.850000000000000000e+03,-1.281100000000000000e+04
-5.397000000000000000e+03,1.851200000000000000e+04,-9.913000000000000000e+03,-3.451000000000000000e+03,-6.978000000000000000e+03,-6.187000000000000000e+03,-7.589000000000000000e+03,-9.430000000000000000e+03
-1.629000000000000000e+03,-4.093000000000000000e+03,-1.140400000000000000e+04,9.900000000000000000e+01,-9.816000000000000000e+03,5.070000000000000000e+02,-5.889000000000000000e+03,-1.340100000000000000e+04
-4.345000000000000000e+03,9.148000000000000000e+03,-1.377500000000000000e+04,-6.059000000000000000e+03,-1.028600000000000000e+04,-1.040000000000000000e+03,-3.562000000000000000e+03,-9.760000000000000000e+03
-6.465000000000000000e+03,1.078700000000000000e+04,-1.279500000000000000e+04,-3.046000000000000000e+03,-6.732000000000000000e+03,-5.758000000000000000e+03,-3.711000000000000000e+03,-1.237600000000000000e+04
-6.138000000000000000e+03,-8.372000000000000000e+03,-7.729000000000000000e+03,-9.691000000000000000e+03,-5.161000000000000000e+03,-1.068100000000000000e+04,1.454900000000000000e+04,-3.916000000000000000e+03
-6.773000000000000000e+03,-7.280000000000000000e+03,5.509000000000000000e+03,-4.697000000000000000e+03,-5.839000000000000000e+03,-9.676000000000000000e+03,2.610000000000000000e+02,-3.747000000000000000e+03
-7.119000000000000000e+03,1.174400000000000000e+04,-9.486000000000000000e+03,-2.238000000000000000e+03,-1.019800000000000000e+04,-5.967000000000000000e+03,-6.877000000000000000e+03,-7.190000000000000000e+03
4.391000000000000000e+03,-9.339000000000000000e+03,-4.228000000000000000e+03,-8.650000000000000000e+02,-3.018000000000000000e+03,-1.086000000000000000e+03,-8.983000000000000000e+03,-1.210500000000000000e+04
-7.093000000000000000e+03,-3.529000000000000000e+03,-4.678000000000000000e+03,-1.480000000000000000e+03,-1.038300000000000000e+04,-5.219000000000000000e+03,2.912000000000000000e+03,-9.902000000000000000e+03
-9.297000000000000000e+03,2.117400000000000000e+04,-1.042100000000000000e+04,-3.826000000000000000e+03,-1.253900000000000000e+04,-1.197800000000000000e+04,-2.400000000000000000e+02,-8.590000000000000000e+03
-1.074100000000000000e+04,-8.514000000000000000e+03,-6.391000000000000000e+03,-7.619000000000000000e+03,-7.081000000000000000e+03,-1.498700000000000000e+04,-2.868000000000000000e+03,1.037900000000000000e+04
1.923000000000000000e+03,-1.264700000000000000e+04,-1.056100000000000000e+04,-4.403000000000000000e+03,1.087400000000000000e+04,-1.134500000000000000e+04,-1.362600000000000000e+04,-1.345600000000000000e+04
-5.654000000000000000e+03,5.316000000000000000e+03,-8.525000000000000000e+03,-2.723000000000000000e+03,-1.079600000000000000e+04,-4.880000000000000000e+03,1.134000000000000000e+03,-1.145900000000000000e+04
-3.069000000000000000e+03,9.407000000000000000e+03,-8.650000000000000000e+03,4.570000000000000000e+02,-9.133000000000000000e+03,-2.490000000000000000e+03,-2.189000000000000000e+03,-7.160000000000000000e+03
1.748000000000000000e+03,-7.268000000000000000e+03,-5.844000000000000000e+03,4.885000000000000000e+03,-9.631000000000000000e+03,6.894000000000000000e+03,-1.052600000000000000e+04,-1.064600000000000000e+04
-5.574000000000000000e+03,6.106000000000000000e+03,-7.716000000000000000e+03,-2.699000000000000000e+03,-7.032000000000000000e+03,-3.721000000000000000e+03,-2.289000000000000000e+03,-5.645000000000000000e+03
-6.990000000000000000e+02,-6.511000000000000000e+03,-1.100000000000000000e+04,1.105000000000000000e+03,-2.308000000000000000e+03,-6.816000000000000000e+03,-2.440000000000000000e+02,-1.016000000000000000e+04
1.193700000000000000e+04,-8.755000000000000000e+03,-6.807000000000000000e+03,1.778000000000000000e+03,-4.270000000000000000e+02,-4.783000000000000000e+03,-1.109200000000000000e+04,-1.700400000000000000e+04
-7.387000000000000000e+03,-9.157000000000000000e+03,-4.582000000000000000e+03,-5.656000000000000000e+03,-4.806000000000000000e+03,-1.264500000000000000e+04,-7.189000000000000000e+03,6.767000000000000000e+03
-5.237000000000000000e+03,5.631000000000000000e+03,-1.132100000000000000e+04,-4.047000000000000000e+03,-1.027400000000000000e+04,1.140000000000000000e+02,-9.360000000000000000e+03,-7.596000000000000000e+03
-1.035900000000000000e+04,-7.977000000000000000e+03,-1.766000000000000000e+03,-2.746000000000000000e+03,-5.478000000000000000e+03,-1.122800000000000000e+04,1.170700000000000000e+04,-3.200000000000000000e+02
-1.088800000000000000e+04,-6.583000000000000000e+03,-8.104000000000000000e+03,-8.089000000000000000e+03,-9.413000000000000000e+03,-1.350300000000000000e+04,-1.278800000000000000e+04,1.339800000000000000e+04
-4.314000000000000000e+03,-6.570000000000000000e+03,-5.007000000000000000e+03,1.832000000000000000e+03,-9.671000000000000000e+03,9.753000000000000000e+03,-1.065800000000000000e+04,-1.208900000000000000e+04
-1.045000000000000000e+03,-4.085000000000000000e+03,-1.119100000000000000e+04,3.119000000000000000e+03,-1.173000000000000000e+04,6.700000000000000000e+03,-1.224100000000000000e+04,-1.227000000000000000e+04
-8.983000000000000000e+03,-1.271500000000000000e+04,-4.408000000000000000e+03,-1.050200000000000000e+04,-5.426000000000000000e+03,-1.590300000000000000e+04,-5.693000000000000000e+03,1.146400000000000000e+04
-4.207000000000000000e+03,-1.451000000000000000e+03,-5.739000000000000000e+03,3.696000000000000000e+03,-5.324000000000000000e+03,-7.883000000000000000e+03,-4.278000000000000000e+03,-1.277700000000000000e+04
-7.324000000000000000e+03,-5.650000000000000000e+02,-5.188000000000000000e+03,-1.450000000000000000e+02,-2.581000000000000000e+03,-1.170100000000000000e+04,4.245000000000000000e+03,-7.965000000000000000e+03
1.208000000000000000e+03,-4.674000000000000000e+03,-1.178200000000000000e+04,-1.289000000000000000e+03,-6.646000000000000000e+03,-2.182000000000000000e+03,-2.792000000000000000e+03,-1.557200000000000000e+04
-5.733000000000000000e+03,-7.029000000000000000e+03,-8.714000000000000000e+03,2.962000000000000000e+03,-1.010400000000000000e+04,9.315000000000000000e+03,-1.018700000000000000e+04,-6.107000000000000000e+03
-9.956000000000000000e+03,-1.896000000000000000e+03,-7.597000000000000000e+03,-9.368000000000000000e+03,-6.260000000000000000e+03,-1.085100000000000000e+04,1.055200000000000000e+04,-9.524000000000000000e+03
-4.603000000000000000e+03,-6.604000000000000000e+03,-5.872000000000000000e+03,-3.317000000000000000e+03,-8.648000000000000000e+03,-8.260000000000000000e+03,1.621800000000000000e+04,-4.681000000000000000e+03
-7.114000000000000000e+03,-6.884000000000000000e+03,-6.497000000000000000e+03,-1.087000000000000000e+03,-5.457000000000000000e+03,-8.624000000000000000e+03,1.182500000000000000e+04,-3.436000000000000000e+03
-3.659000000000000000e+03,2.695000000000000000e+03,-5.430000000000000000e+03,-6.954000000000000000e+03,8.350000000000000000e+02,-7.496000000000000000e+03,-4.370000000000000000e+03,-1.046000000000000000e+04
-2.756000000000000000e+03,3.840000000000000000e+03,-7.217000000000000000e+03,1.349000000000000000e+03,-4.360000000000000000e+03,-1.149000000000000000e+04,-5.633000000000000000e+03,-9.659000000000000000e+03
-8.730000000000000000e+03,-1.067900000000000000e+04,-2.317000000000000000e+03,-6.354000000000000000e+03,-7.958000000000000000e+03,-1.422800000000000000e+04,-5.173000000000000000e+03,8.444000000000000000e+03
-4.859000000000000000e+03,-8.996000000000000000e+03,1.045000000000000000e+03,-7.574000000000000000e+03,-4.277000000000000000e+03,-1.567600000000000000e+04,-6.828000000000000000e+03,4.471000000000000000e+03
-3.751000000000000000e+03,1.207800000000000000e+04,-1.036300000000000000e+04,-1.800000000000000000e+03,-1.053300000000000000e+04,-6.937000000000000000e+03,-8.025000000000000000e+03,-8.202000000000000000e+03
-8.774000000000000000e+03,-7.927000000000000000e+03,-2.858000000000000000e+03,-6.378000000000000000e+03,-5.831000000000000000e+03,-1.380700000000000000e+04,-6.417000000000000000e+03,9.483000000000000000e+03
-6.650000000000000000e+03,2.058100000000000000e+04,-8.949000000000000000e+03,-5.237000000000000000e+03,-1.093900000000000000e+04,-7.336000000000000000e+03,-1.118400000000000000e+04,-1.759900000000000000e+04
-2.335000000000000000e+03,-5.453000000000000000e+03,-9.176000000000000000e+03,5.130000000000000000e+02,-5.290000000000000000e+03,7.500000000000000000e+03,-7.169000000000000000e+03,-9.317000000000000000e+03
5.255000000000000000e+03,-1.072800000000000000e+04,-2.119000000000000000e+03,-6.570000000000000000e+02,2.742000000000000000e+03,-5.711000000000000000e+03,-6.457000000000000000e+03,-1.470700000000000000e+04
-6.207000000000000000e+03,-9.504000000000000000e+03,-5.160000000000000000e+02,-4.518000000000000000e+03,-2.914000000000000000e+03,-1.278400000000000000e+04,-2.730000000000000000e+02,8.350000000000000000e+02
-1.233000000000000000e+03,-8.068000000000000000e+03,-9.738000000000000000e+03,3.490000000000000000e+02,-1.422600000000000000e+04,8.730000000000000000e+03,-1.321400000000000000e+04,-1.688600000000000000e+04
-9.058000000000000000e+03,-1.118700000000000000e+04,-1.454000000000000000e+03,-8.983000000000000000e+03,-6.626000000000000000e+03,-1.690100000000000000e+04,-4.043000000000000000e+03,6.632000000000000000e+03
-4.232000000000000000e+03,9.425000000000000000e+03,-3.850000000000000000e+03,-7.222000000000000000e+03,-5.162000000000000000e+03,-1.175100000000000000e+04,-4.283000000000000000e+03,-8.234000000000000000e+03
-9.892000000000000000e+03,-1.071100000000000000e+04,1.322000000000000000e+03,-7.916000000000000000e+03,-4.043000000000000000e+03,-1.285500000000000000e+04,1.039600000000000000e+04,-5.905000000000000000e+03
-8.648000000000000000e+03,-6.348000000000000000e+03,-1.118200000000000000e+04,1.679000000000000000e+03,-9.454000000000000000e+03,-2.061000000000000000e+03,2.802000000000000000e+03,-9.265000000000000000e+03
-9.515000000000000000e+03,-2.382000000000000000e+03,-5.381000000000000000e+03,-3.963000000000000000e+03,-1.241900000000000000e+04,-5.008000000000000000e+03,5.344000000000000000e+03,-9.457000000000000000e+03
-4.936000000000000000e+03,-9.416000000000000000e+03,1.051100000000000000e+04,-4.730000000000000000e+02,-5.090000000000000000e+02,-1.094000000000000000e+04,-6.792000000000000000e+03,-8.261000000000000000e+03
-1.104600000000000000e+04,-1.085000000000000000e+04,-4.235000000000000000e+03,-9.067000000000000000e+03,-7.937000000000000000e+03,-1.435900000000000000e+04,-1.116800000000000000e+04,9.777000000000000000e+03
-4.730000000000000000e+03,-6.621000000000000000e+03,-8.542000000000000000e+03,4.132000000000000000e+03,-6.814000000000000000e+03,1.611000000000000000e+03,-3.786000000000000000e+03,-9.756000000000000000e+03
-5.172000000000000000e+03,4.453000000000000000e+03,-6.860000000000000000e+03,-5.740000000000000000e+03,-8.625000000000000000e+03,-9.249000000000000000e+03,4.403000000000000000e+03,-1.084700000000000000e+04
-1.214500000000000000e+04,-7.520000000000000000e+03,-9.113000000000000000e+03,-6.979000000000000000e+03,-7.737000000000000000e+03,-1.556400000000000000e+04,-6.571000000000000000e+03,1.121700000000000000e+04
-8.758000000000000000e+03,3.682000000000000000e+03,-3.332000000000000000e+03,-7.387000000000000000e+03,-1.236400000000000000e+04,-9.846000000000000000e+03,4.315000000000000000e+03,-1.203200000000000000e+04
-4.286000000000000000e+03,-1.060200000000000000e+04,4.100000000000000000e+01,-9.580000000000000000e+03,9.759000000000000000e+03,-1.157300000000000000e+04,-8.704000000000000000e+03,-4.432000000000000000e+03
-1.464000000000000000e+03,-5.151000000000000000e+03,-7.591000000000000000e+03,-4.200000000000000000e+01,-3.530000000000000000e+02,6.656000000000000000e+03,-3.322000000000000000e+03,-6.649000000000000000e+03
-1.493000000000000000e+03,-9.187000000000000000e+03,-9.043000000000000000e+03,5.402000000000000000e+03,-9.581000000000000000e+03,4.593000000000000000e+03,-1.104800000000000000e+04,-1.290200000000000000e+04
-4.119000000000000000e+03,-4.600000000000000000e+03,-2.094000000000000000e+03,1.078000000000000000e+03,-7.621000000000000000e+03,-7.398000000000000000e+03,7.872000000000000000e+03,-7.461000000000000000e+03
-7.228000000000000000e+03,-6.844000000000000000e+03,-5.847000000000000000e+03,2.520000000000000000e+02,-1.004200000000000000e+04,-4.447000000000000000e+03,8.667000000000000000e+03,-8.700000000000000000e+03
-3.353000000000000000e+03,9.176000000000000000e+03,-6.741000000000000000e+03,-4.620000000000000000e+03,-1.039200000000000000e+04,-7.088000000000000000e+03,-4.058000000000000000e+03,-1.301200000000000000e+04
-4.243000000000000000e+03,-1.071100000000000000e+04,-1.036000000000000000e+03,-1.176000000000000000e+03,-3.649000000000000000e+03,-9.982000000000000000e+03,9.027000000000000000e+03,-7.531000000000000000e+03
8.786000000000000000e+03,-6.196000000000000000e+03,-9.464000000000000000e+03,5.120000000000000000e+02,-5.535000000000000000e+03,-9.240000000000000000e+03,-3.228000000000000000e+03,-1.381000000000000000e+04
-6.593000000000000000e+03,-8.540000000000000000e+03,-5.669000000000000000e+03,-3.043000000000000000e+03,-4.575000000000000000e+03,-6.809000000000000000e+03,5.172000000000000000e+03,-1.370500000000000000e+04
-2.004000000000000000e+03,9.834000000000000000e+03,-7.890000000000000000e+03,1.926000000000000000e+03,-6.327000000000000000e+03,-6.100000000000000000e+03,-9.590000000000000000e+03,-4.790000000000000000e+03
-6.226000000000000000e+03,9.352000000000000000e+03,-9.329000000000000000e+03,-3.342000000000000000e+03,-1.084000000000000000e+04,-2.295000000000000000e+03,-6.189000000000000000e+03,-9.754000000000000000e+03
-4.104000000000000000e+03,1.178400000000000000e+04,-6.620000000000000000e+03,-3.605000000000000000e+03,-8.788000000000000000e+03,-8.129000000000000000e+03,-3.185000000000000000e+03,-1.764800000000000000e+04
-9.746000000000000000e+03,-7.386000000000000000e+03,-9.725000000000000000e+03,3.105000000000000000e+03,-4.919000000000000000e+03,1.012200000000000000e+04,-4.564000000000000000e+03,-9.624000000000000000e+03
-7.331000000000000000e+03,-5.294000000000000000e+03,-6.149000000000000000e+03,-3.766000000000000000e+03,-3.946000000000000000e+03,-8.597000000000000000e+03,1.160000000000000000e+02,-3.306000000000000000e+03
-5.744000000000000000e+03,-7.240000000000000000e+03,-2.233000000000000000e+03,-8.635000000000000000e+03,-4.889000000000000000e+03,-6.658000000000000000e+03,6.900000000000000000e+03,-2.805000000000000000e+03
9.760000000000000000e+03,-9.739000000000000000e+03,-9.465000000000000000e+03,3.330000000000000000e+02,-1.588000000000000000e+03,-3.374000000000000000e+03,-1.126600000000000000e+04,-1.659800000000000000e+04
-6.983000000000000000e+03,-3.307000000000000000e+03,-1.741000000000000000e+03,-6.853000000000000000e+03,-5.287000000000000000e+03,-5.180000000000000000e+03,9.870000000000000000e+02,6.170000000000000000e+02
-5.727000000000000000e+03,-5.591000000000000000e+03,-4.353000000000000000e+03,-8.220000000000000000e+02,-7.461000000000000000e+03,-7.622000000000000000e+03,5.952000000000000000e+03,-9.896000000000000000e+03
3.077000000000000000e+03,-9.122000000000000000e+03,-9.546000000000000000e+03,4.323000000000000000e+03,-8.510000000000000000e+03,6.972000000000000000e+03,-1.052500000000000000e+04,-1.924000000000000000e+04
2.430000000000000000e+03,-1.046100000000000000e+04,-9.950000000000000000e+03,3.620000000000000000e+03,-8.000000000000000000e+03,3.071000000000000000e+03,-9.109000000000000000e+03,-1.254100000000000000e+04
-8.218000000000000000e+03,1.289200000000000000e+04,-9.112000000000000000e+03,-1.371000000000000000e+03,-1.244000000000000000e+04,-9.754000000000000000e+03,-2.389000000000000000e+03,-1.200400000000000000e+04
-3.891000000000000000e+03,4.067000000000000000e+03,-7.610000000000000000e+03,-1.676000000000000000e+03,-1.307500000000000000e+04,-5.712000000000000000e+03,-3.289000000000000000e+03,-1.296200000000000000e+04
-7.643000000000000000e+03,-1.225200000000000000e+04,4.540000000000000000e+03,-1.051600000000000000e+04,6.649000000000000000e+03,-1.338200000000000000e+04,-1.129600000000000000e+04,-2.865000000000000000e+03
-5.955000000000000000e+03,-3.857000000000000000e+03,-6.285000000000000000e+03,-7.797000000000000000e+03,-6.913000000000000000e+03,-4.385000000000000000e+03,6.148000000000000000e+03,-1.673000000000000000e+03
-5.497000000000000000e+03,-3.292000000000000000e+03,-1.290500000000000000e+04,2.322000000000000000e+03,-7.360000000000000000e+03,-1.858000000000000000e+03,-6.450000000000000000e+03,-1.401900000000000000e+04
6.645000000000000000e+03,-1.004300000000000000e+04,-6.400000000000000000e+03,1.329000000000000000e+03,-8.356000000000000000e+03,-1.174000000000000000e+03,-1.161300000000000000e+04,-1.764400000000000000e+04
-1.156400000000000000e+04,-1.086000000000000000e+04,-3.461000000000000000e+03,-9.008000000000000000e+03,-4.320000000000000000e+03,-1.546700000000000000e+04,-1.075700000000000000e+04,1.039800000000000000e+04
-5.273000000000000000e+03,-8.770000000000000000e+03,-2.347000000000000000e+03,-9.257000000000000000e+03,-6.353000000000000000e+03,-1.240300000000000000e+04,3.989000000000000000e+03,2.326000000000000000e+03
-1.877000000000000000e+03,-5.045000000000000000e+03,-1.046000000000000000e+04,4.097000000000000000e+03,-1.285600000000000000e+04,5.378000000000000000e+03,-1.312200000000000000e+04,-1.182100000000000000e+04
-5.298000000000000000e+03,-2.496000000000000000e+03,-1.121800000000000000e+04,-8.942000000000000000e+03,-1.024600000000000000e+04,-4.944000000000000000e+03,8.800000000000000000e+02,-4.633000000000000000e+03
-9.856000000000000000e+03,-9.410000000000000000e+03,-4.659000000000000000e+03,-1.053300000000000000e+04,-6.879000000000000000e+03,-1.781300000000000000e+04,-1.340200000000000000e+04,1.472400000000000000e+04
-6.910000000000000000e+03,-2.393000000000000000e+03,-8.835000000000000000e+03,-5.676000000000000000e+03,-1.239100000000000000e+04,-1.488000000000000000e+03,5.043000000000000000e+03,-1.081100000000000000e+04
4.745000000000000000e+03,-9.233000000000000000e+03,-6.291000000000000000e+03,4.318000000000000000e+03,-9.320000000000000000e+03,3.350000000000000000e+03,-1.368400000000000000e+04,-1.330300000000000000e+04
-4.503000000000000000e+03,2.917000000000000000e+03,-9.093000000000000000e+03,-5.297000000000000000e+03,-1.106200000000000000e+04,-5.761000000000000000e+03,2.550000000000000000e+03,-1.586900000000000000e+04
2.408000000000000000e+03,-6.674000000000000000e+03,-8.086000000000000000e+03,5.297000000000000000e+03,-1.005700000000000000e+04,2.817000000000000000e+03,-1.636100000000000000e+04,-1.347900000000000000e+04
-1.168200000000000000e+04,-1.135600000000000000e+04,-1.363000000000000000e+03,-1.313900000000000000e+04,-5.500000000000000000e+03,-1.767900000000000000e+04,-6.818000000000000000e+03,9.787000000000000000e+03
-1.178700000000000000e+04,-8.942000000000000000e+03,-4.192000000000000000e+03,-9.149000000000000000e+03,-7.487000000000000000e+03,-1.614100000000000000e+04,-3.284000000000000000e+03,1.145200000000000000e+04
7.555000000000000000e+03,-9.162000000000000000e+03,-7.526000000000000000e+03,-2.096000000000000000e+03,-3.760000000000000000e+02,-9.001000000000000000e+03,-5.644000000000000000e+03,-1.316200000000000000e+04
-4.685000000000000000e+03,-8.688000000000000000e+03,-3.989000000000000000e+03,-7.567000000000000000e+03,-4.389000000000000000e+03,-5.748000000000000000e+03,4.397000000000000000e+03,-4.538000000000000000e+03
3.952000000000000000e+03,4.340000000000000000e+02,-8.597000000000000000e+03,2.337000000000000000e+03,-9.188000000000000000e+03,-6.277000000000000000e+03,-1.256200000000000000e+04,-1.883900000000000000e+04
-2.056000000000000000e+03,-1.051900000000000000e+04,-3.207000000000000000e+03,6.514000000000000000e+03,-2.596000000000000000e+03,-5.781000000000000000e+03,-2.860000000000000000e+03,-8.408000000000000000e+03
-8.329000000000000000e+03,-3.906000000000000000e+03,-2.316000000000000000e+03,-3.880000000000000000e+02,-6.927000000000000000e+03,-9.281000000000000000e+03,9.208000000000000000e+03,-7.534000000000000000e+03
2.870000000000000000e+02,-6.852000000000000000e+03,-8.172000000000000000e+03,1.730000000000000000e+02,-5.556000000000000000e+03,2.767000000000000000e+03,-5.821000000000000000e+03,-7.128000000000000000e+03
-2.550000000000000000e+02,-6.040000000000000000e+02,-9.824000000000000000e+03,-1.098000000000000000e+03,-1.044000000000000000e+04,2.083000000000000000e+03,-7.245000000000000000e+03,-1.273700000000000000e+04
-3.425000000000000000e+03,-8.146000000000000000e+03,-2.693000000000000000e+03,1.094000000000000000e+03,-2.927000000000000000e+03,-8.664000000000000000e+03,6.136000000000000000e+03,-7.114000000000000000e+03
-4.274000000000000000e+03,-8.905000000000000000e+03,-6.358000000000000000e+03,-4.027000000000000000e+03,-2.048000000000000000e+03,-6.456000000000000000e+03,4.423000000000000000e+03,-8.175000000000000000e+03
2.101000000000000000e+03,9.346000000000000000e+03,-1.015100000000000000e+04,-2.976000000000000000e+03,-1.033800000000000000e+04,-8.186000000000000000e+03,-4.259000000000000000e+03,-1.640500000000000000e+04
-6.400000000000000000e+03,-4.970000000000000000e+03,-5.260000000000000000e+03,-3.481000000000000000e+03,-7.531000000000000000e+03,-1.032600000000000000e+04,1.859000000000000000e+03,-2.140000000000000000e+02
-1.352000000000000000e+03,-5.969000000000000000e+03,-1.486900000000000000e+04,3.695000000000000000e+03,-6.289000000000000000e+03,4.909000000000000000e+03,-1.060800000000000000e+04,-9.531000000000000000e+03
7.180000000000000000e+03,-6.053000000000000000e+03,-7.582000000000000000e+03,4.190000000000000000e+03,-3.735000000000000000e+03,-4.256000000000000000e+03,-9.831000000000000000e+03,-1.639500000000000000e+04
-6.212000000000000000e+03,-1.155900000000000000e+04,4.735000000000000000e+03,-7.214000000000000000e+03,-2.471000000000000000e+03,-1.323900000000000000e+04,-9.740000000000000000e+03,6.812000000000000000e+03
-8.609000000000000000e+03,-4.700000000000000000e+03,-1.053900000000000000e+04,-5.372000000000000000e+03,-9.097000000000000000e+03,-9.001000000000000000e+03,1.223500000000000000e+04,-9.155000000000000000e+03
-5.912000000000000000e+03,-5.880000000000000000e+03,-8.334000000000000000e+03,-5.679000000000000000e+03,-4.190000000000000000e+03,-3.478000000000000000e+03,-5.429000000000000000e+03,4.831000000000000000e+03
-6.042000000000000000e+03,1.608400000000000000e+04,-7.928000000000000000e+03,-2.727000000000000000e+03,-1.127100000000000000e+04,-1.090100000000000000e+04,-3.998000000000000000e+03,-1.470300000000000000e+04
-1.377000000000000000e+03,-3.219000000000000000e+03,-1.026300000000000000e+04,4.082000000000000000e+03,-1.255000000000000000e+04,7.910000000000000000e+03,-1.726900000000000000e+04,-1.190700000000000000e+04
-8.057000000000000000e+03,-1.039000000000000000e+03,-9.311000000000000000e+03,-1.045500000000000000e+04,-9.056000000000000000e+03,-5.836000000000000000e+03,1.222700000000000000e+04,-9.651000000000000000e+03
-9.340000000000000000e+03,1.427800000000000000e+04,-7.174000000000000000e+03,-3.455000000000000000e+03,-1.248100000000000000e+04,-8.050000000000000000e+03,-1.401000000000000000e+03,-1.527300000000000000e+04
-6.227000000000000000e+03,1.484000000000000000e+04,-1.158300000000000000e+04,-6.922000000000000000e+03,-8.081000000000000000e+03,-8.630000000000000000e+03,-2.889000000000000000e+03,-1.453600000000000000e+04
-4.693000000000000000e+03,-1.245400000000000000e+04,5.778000000000000000e+03,-7.015000000000000000e+03,2.811000000000000000e+03,-1.468700000000000000e+04,-9.728000000000000000e+03,-1.986000000000000000e+03
-3.161000000000000000e+03,-3.699000000000000000e+03,-6.554000000000000000e+03,-5.319000000000000000e+03,-8.043000000000000000e+03,-8.232000000000000000e+03,3.857000000000000000e+03,-7.759000000000000000e+03
-2.490000000000000000e+02,-7.158000000000000000e+03,-1.026500000000000000e+04,3.870000000000000000e+03,-8.437000000000000000e+03,7.757000000000000000e+03,-7.507000000000000000e+03,-8.282000000000000000e+03
-6.591000000000000000e+03,-1.052200000000000000e+04,-7.590000000000000000e+02,-9.501000000000000000e+03,-5.305000000000000000e+03,-1.248300000000000000e+04,-1.120100000000000000e+04,7.474000000000000000e+03
-9.030000000000000000e+03,-8.821000000000000000e+03,-1.080000000000000000e+02,-4.162000000000000000e+03,2.833000000000000000e+03,-1.052300000000000000e+04,-6.589000000000000000e+03,3.163000000000000000e+03
3.710000000000000000e+02,-7.046000000000000000e+03,-4.910000000000000000e+03,-3.374000000000000000e+03,-4.266000000000000000e+03,-5.533000000000000000e+03,1.046000000000000000e+03,-9.875000000000000000e+03
-1.116600000000000000e+04,-8.213000000000000000e+03,-6.497000000000000000e+03,-7.757000000000000000e+03,-8.775000000000000000e+03,-1.440500000000000000e+04,-1.309000000000000000e+03,9.715000000000000000e+03
-6.228000000000000000e+03,-2.915000000000000000e+03,-8.548000000000000000e+03,5.089000000000000000e+03,-1.125200000000000000e+04,8.882000000000000000e+03,-1.645100000000000000e+04,-6.594000000000000000e+03
-1.077200000000000000e+04,-9.734000000000000000e+03,-3.990000000000000000e+03,-1.233900000000000000e+04,-1.059500000000000000e+04,-1.389100000000000000e+04,-1.374800000000000000e+04,1.336400000000000000e+04
2.050000000000000000e+03,-7.828000000000000000e+03,-9.576000000000000000e+03,5.161000000000000000e+03,-1.132600000000000000e+04,1.870000000000000000e+03,-1.356800000000000000e+04,-1.668700000000000000e+04
-1.685000000000000000e+03,-1.018400000000000000e+04,-8.957000000000000000e+03,-5.384000000000000000e+03,9.057000000000000000e+03,-9.968000000000000000e+03,-8.156000000000000000e+03,-3.817000000000000000e+03
-1.165400000000000000e+04,-5.624000000000000000e+03,-3.905000000000000000e+03,-3.511000000000000000e+03,-9.659000000000000000e+03,-8.317000000000000000e+03,1.418900000000000000e+04,-5.278000000000000000e+03
-8.369000000000000000e+03,-8.590000000000000000e+03,-1.585000000000000000e+03,-6.051000000000000000e+03,3.682000000000000000e+03,-8.045000000000000000e+03,-7.251000000000000000e+03,-3.246000000000000000e+03
-6.274000000000000000e+03,-4.837000000000000000e+03,-5.622000000000000000e+03,-4.021000000000000000e+03,-3.814000000000000000e+03,-1.070000000000000000e+04,6.807000000000000000e+03,-5.157000000000000000e+03
-6.221000000000000000e+03,-1.639000000000000000e+03,-5.017000000000000000e+03,-4.620000000000000000e+03,-8.276000000000000000e+03,-5.469000000000000000e+03,6.114000000000000000e+03,-6.858000000000000000e+03
-8.332000000000000000e+03,-2.450000000000000000e+02,-8.282000000000000000e+03,-4.878000000000000000e+03,-1.008100000000000000e+04,-7.380000000000000000e+03,8.228000000000000000e+03,-1.012400000000000000e+04
-1.495000000000000000e+03,-6.677000000000000000e+03,-1.022300000000000000e+04,5.816000000000000000e+03,-1.120400000000000000e+04,4.140000000000000000e+03,-1.042100000000000000e+04,-1.252100000000000000e+04
-3.400000000000000000e+02,-5.470000000000000000e+03,-1.029300000000000000e+04,5.989000000000000000e+03,-1.059000000000000000e+04,3.364000000000000000e+03,-1.266200000000000000e+04,-1.646300000000000000e+04
3.891000000000000000e+03,-8.760000000000000000e+03,-6.602000000000000000e+03,-2.440000000000000000e+03,-5.587000000000000000e+03,-2.009000000000000000e+03,-7.020000000000000000e+03,-1.311600000000000000e+04
-1.413000000000000000e+03,-7.282000000000000000e+03,-5.154000000000000000e+03,5.549000000000000000e+03,-1.373000000000000000e+03,-5.468000000000000000e+03,-8.168000000000000000e+03,-1.152900000000000000e+04
-7.352000000000000000e+03,2.054600000000000000e+04,-9.229000000000000000e+03,-2.392000000000000000e+03,-1.427200000000000000e+04,-5.999000000000000000e+03,-1.062100000000000000e+04,-1.189800000000000000e+04
4.100000000000000000e+01,-1.031100000000000000e+04,-7.181000000000000000e+03,-9.600000000000000000e+02,7.302000000000000000e+03,-1.058500000000000000e+04,-9.874000000000000000e+03,-7.530000000000000000e+03
-7.100000000000000000e+02,-8.580000000000000000e+02,-9.099000000000000000e+03,-1.543000000000000000e+03,-1.066900000000000000e+04,-5.629000000000000000e+03,-1.167000000000000000e+03,-1.582200000000000000e+04
-5.391000000000000000e+03,-1.120700000000000000e+04,3.860000000000000000e+03,-8.852000000000000000e+03,7.241000000000000000e+03,-1.257700000000000000e+04,-9.050000000000000000e+03,-4.358000000000000000e+03
6.206000000000000000e+03,-5.426000000000000000e+03,-7.790000000000000000e+03,4.218000000000000000e+03,-4.510000000000000000e+03,-4.192000000000000000e+03,-7.238000000000000000e+03,-1.569300000000000000e+04
-4.284000000000000000e+03,-2.531000000000000000e+03,-9.304000000000000000e+03,5.504000000000000000e+03,-1.230500000000000000e+04,1.535000000000000000e+03,-1.200700000000000000e+04,-1.332600000000000000e+04
-7.553000000000000000e+03,-3.760000000000000000e+03,-5.817000000000000000e+03,-1.089300000000000000e+04,-8.095000000000000000e+03,-8.143000000000000000e+03,1.086300000000000000e+04,-9.068000000000000000e+03
6.506000000000000000e+03,-8.194000000000000000e+03,-1.082600000000000000e+04,7.440000000000000000e+02,-7.302000000000000000e+03,3.377000000000000000e+03,-1.171100000000000000e+04,-1.471600000000000000e+04
-7.321000000000000000e+03,1.026400000000000000e+04,-8.698000000000000000e+03,-3.486000000000000000e+03,-6.727000000000000000e+03,-6.793000000000000000e+03,-1.467000000000000000e+03,-1.440900000000000000e+04
-9.070000000000000000e+02,1.700000000000000000e+02,-8.803000000000000000e+03,-4.000000000000000000e+00,-7.749000000000000000e+03,-2.987000000000000000e+03,-1.804000000000000000e+03,-9.158000000000000000e+03
-8.260000000000000000e+02,-6.954000000000000000e+03,-6.198000000000000000e+03,4.040000000000000000e+03,-9.341000000000000000e+03,5.633000000000000000e+03,-2.626000000000000000e+03,-1.185300000000000000e+04
-7.695000000000000000e+03,-5.152000000000000000e+03,-7.310000000000000000e+03,-1.950000000000000000e+02,-1.222100000000000000e+04,7.970000000000000000e+03,-8.973000000000000000e+03,-1.276500000000000000e+04
-2.770000000000000000e+03,-1.020900000000000000e+04,8.375000000000000000e+03,8.240000000000000000e+02,-6.464000000000000000e+03,-1.022400000000000000e+04,1.410000000000000000e+02,-1.292500000000000000e+04
-4.388000000000000000e+03,-1.213300000000000000e+04,-1.633000000000000000e+03,-7.621000000000000000e+03,8.497000000000000000e+03,-1.411400000000000000e+04,-4.051000000000000000e+03,-3.635000000000000000e+03
5.767000000000000000e+03,-9.989000000000000000e+03,-6.208000000000000000e+03,-3.877000000000000000e+03,5.403000000000000000e+03,-7.397000000000000000e+03,-8.292000000000000000e+03,-1.321900000000000000e+04
-2.718000000000000000e+03,-2.208000000000000000e+03,-4.664000000000000000e+03,3.054000000000000000e+03,-5.692000000000000000e+03,-9.890000000000000000e+02,-1.088500000000000000e+04,-1.005600000000000000e+04
-1.061700000000000000e+04,-1.127200000000000000e+04,-1.783000000000000000e+03,-1.240900000000000000e+04,-6.012000000000000000e+03,-1.582400000000000000e+04,-8.938000000000000000e+03,9.389000000000000000e+03
3.706000000000000000e+03,-1.072700000000000000e+04,-7.377000000000000000e+03,6.418000000000000000e+03,-9.266000000000000000e+03,2.617000000000000000e+03,-1.529600000000000000e+04,-1.437800000000000000e+04
8.360000000000000000e+02,-8.093000000000000000e+03,-6.501000000000000000e+03,8.000000000000000000e+00,-1.020000000000000000e+02,-6.167000000000000000e+03,-8.596000000000000000e+03,-6.127000000000000000e+03
-1.063900000000000000e+04,1.934900000000000000e+04,-1.076700000000000000e+04,-8.288000000000000000e+03,-1.554600000000000000e+04,-8.853000000000000000e+03,-3.071000000000000000e+03,-1.334500000000000000e+04
-6.715000000000000000e+03,-7.298000000000000000e+03,-3.662000000000000000e+03,-7.630000000000000000e+03,-4.812000000000000000e+03,-1.363000000000000000e+04,7.194000000000000000e+03,-3.224000000000000000e+03
5.600000000000000000e+03,-4.422000000000000000e+03,-1.144600000000000000e+04,1.050000000000000000e+02,-6.119000000000000000e+03,-8.550000000000000000e+02,-8.700000000000000000e+03,-1.604000000000000000e+04
-5.131000000000000000e+03,-9.982000000000000000e+03,2.153000000000000000e+03,-5.547000000000000000e+03,-1.343000000000000000e+03,-1.358000000000000000e+04,-5.105000000000000000e+03,6.390000000000000000e+02
-1.617000000000000000e+03,2.782000000000000000e+03,-1.254700000000000000e+04,-4.376000000000000000e+03,-1.178500000000000000e+04,-6.500000000000000000e+02,-4.793000000000000000e+03,-1.445100000000000000e+04
-5.942000000000000000e+03,1.125600000000000000e+04,-9.360000000000000000e+03,-2.519000000000000000e+03,-1.218400000000000000e+04,-9.567000000000000000e+03,-7.067000000000000000e+03,-1.662300000000000000e+04
-1.116900000000000000e+04,-6.079000000000000000e+03,-7.209000000000000000e+03,-9.144000000000000000e+03,-6.905000000000000000e+03,-1.500800000000000000e+04,-6.391000000000000000e+03,1.170000000000000000e+04
-4.451000000000000000e+03,1.476300000000000000e+04,-9.782000000000000000e+03,-7.089000000000000000e+03,-1.167200000000000000e+04,-7.139000000000000000e+03,-1.253000000000000000e+03,-1.289200000000000000e+04
-8.862000000000000000e+03,1.606000000000000000e+03,-4.983000000000000000e+03,1.875000000000000000e+03,-8.656000000000000000e+03,-7.226000000000000000e+03,3.150000000000000000e+03,-8.364000000000000000e+03
-9.899000000000000000e+03,-5.019000000000000000e+03,-4.313000000000000000e+03,-7.611000000000000000e+03,-9.744000000000000000e+03,-1.118000000000000000e+04,9.800000000000000000e+03,-5.138000000000000000e+03
2.581000000000000000e+03,4.152000000000000000e+03,-1.112700000000000000e+04,2.978000000000000000e+03,-5.762000000000000000e+03,-8.152000000000000000e+03,-1.090200000000000000e+04,-1.351700000000000000e+04
-2.714000000000000000e+03,-1.135200000000000000e+04,-2.714000000000000000e+03,-8.696000000000000000e+03,8.973000000000000000e+03,-1.254900000000000000e+04,-1.098500000000000000e+04,-2.977000000000000000e+03
-1.003600000000000000e+04,1.854000000000000000e+04,-7.681000000000000000e+03,-3.885000000000000000e+03,-1.360200000000000000e+04,-9.837000000000000000e+03,-5.749000000000000000e+03,-1.479800000000000000e+04
-6.557000000000000000e+03,-1.274700000000000000e+04,4.182000000000000000e+03,-9.703000000000000000e+03,3.941000000000000000e+03,-1.417800000000000000e+04,-8.708000000000000000e+03,3.053000000000000000e+03
-8.663000000000000000e+03,-9.550000000000000000e+03,-9.210000000000000000e+02,-7.579000000000000000e+03,-6.433000000000000000e+03,-1.107400000000000000e+04,-3.396000000000000000e+03,7.151000000000000000e+03
-8.597000000000000000e+03,1.627500000000000000e+04,-1.267700000000000000e+04,-7.561000000000000000e+03,-1.384100000000000000e+04,-8.752000000000000000e+03,-4.768000000000000000e+03,-1.457100000000000000e+04
-7.558000000000000000e+03,-8.695000000000000000e+03,-3.471000000000000000e+03,-8.457000000000000000e+03,-7.123000000000000000e+03,-1.239800000000000000e+04,-7.261000000000000000e+03,1.168900000000000000e+04
-1.139000000000000000e+03,1.582400000000000000e+04,-1.345300000000000000e+04,-2.029000000000000000e+03,-1.026000000000000000e+04,-7.093000000000000000e+03,-8.134000000000000000e+03,-1.419400000000000000e+04
-6.705000000000000000e+03,-6.741000000000000000e+03,-6.225000000000000000e+03,-1.009600000000000000e+04,-5.013000000000000000e+03,-1.842000000000000000e+03,3.888000000000000000e+03,-4.748000000000000000e+03
2.786000000000000000e+03,-1.089300000000000000e+04,-6.403000000000000000e+03,-3.735000000000000000e+03,6.073000000000000000e+03,-6.129000000000000000e+03,-7.373000000000000000e+03,-1.245800000000000000e+04
-6.139000000000000000e+03,-1.334400000000000000e+04,1.798000000000000000e+03,-8.249000000000000000e+03,4.746000000000000000e+03,-1.199700000000000000e+04,-9.546000000000000000e+03,2.809000000000000000e+03
-6.222000000000000000e+03,-9.072000000000000000e+03,2.195000000000000000e+03,-6.771000000000000000e+03,-4.263000000000000000e+03,-1.536700000000000000e+04,-7.942000000000000000e+03,4.760000000000000000e+03
3.030000000000000000e+02,-8.498000000000000000e+03,-4.054000000000000000e+03,4.257000000000000000e+03,5.909000000000000000e+03,-5.531000000000000000e+03,-1.078100000000000000e+04,-1.539200000000000000e+04
-6.159000000000000000e+03,-4.291000000000000000e+03,-7.133000000000000000e+03,-8.100000000000000000e+03,-8.045000000000000000e+03,-8.809000000000000000e+03,4.608000000000000000e+03,-1.365000000000000000e+03
-3.382000000000000000e+03,-6.237000000000000000e+03,-5.878000000000000000e+03,-3.399000000000000000e+03,-6.604000000000000000e+03,-8.371000000000000000e+03,9.339000000000000000e+03,-5.828000000000000000e+03
-2.150000000000000000e+03,-3.425000000000000000e+03,-1.248900000000000000e+04,3.101000000000000000e+03,-7.644000000000000000e+03,-2.243000000000000000e+03,-9.541000000000000000e+03,-1.662300000000000000e+04
-6.360000000000000000e+03,-2.611000000000000000e+03,-7.219000000000000000e+03,-2.529000000000000000e+03,-7.545000000000000000e+03,-1.199000000000000000e+03,-4.896000000000000000e+03,-3.973000000000000000e+03
-9.209000000000000000e+03,-9.272000000000000000e+03,-4.200000000000000000e+01,-1.049000000000000000e+04,-2.113000000000000000e+03,-1.256000000000000000e+04,5.558000000000000000e+03,-2.806000000000000000e+03
-7.056000000000000000e+03,-8.230000000000000000e+03,5.370000000000000000e+02,-1.661000000000000000e+03,-5.302000000000000000e+03,-1.349300000000000000e+04,9.254000000000000000e+03,-5.911000000000000000e+03
-7.077000000000000000e+03,5.626000000000000000e+03,-7.451000000000000000e+03,-3.536000000000000000e+03,-4.025000000000000000e+03,-7.901000000000000000e+03,2.401000000000000000e+03,-8.970000000000000000e+03
-5.976000000000000000e+03,-4.698000000000000000e+03,-4.161000000000000000e+03,-5.823000000000000000e+03,-3.531000000000000000e+03,-1.118900000000000000e+04,6.285000000000000000e+03,-5.325000000000000000e+03
-5.400000000000000000e+03,-8.663000000000000000e+03,-7.525000000000000000e+03,-6.407000000000000000e+03,-1.814000000000000000e+03,-1.121100000000000000e+04,5.724000000000000000e+03,-4.218000000000000000e+03
3.564000000000000000e+03,-1.163700000000000000e+04,-5.950000000000000000e+03,-3.967000000000000000e+03,8.400000000000000000e+03,-4.173000000000000000e+03,-6.600000000000000000e+03,-1.210900000000000000e+04
-8.220000000000000000e+02,-8.631000000000000000e+03,9.500000000000000000e+03,-3.737000000000000000e+03,-1.000000000000000000e+03,-1.029100000000000000e+04,-3.520000000000000000e+03,-1.146100000000000000e+04
-4.424000000000000000e+03,-1.032600000000000000e+04,-1.532000000000000000e+03,-5.213000000000000000e+03,-8.510000000000000000e+02,-1.080300000000000000e+04,-8.353000000000000000e+03,5.273000000000000000e+03
-6.387000000000000000e+03,-8.687000000000000000e+03,-4.465000000000000000e+03,2.316000000000000000e+03,-2.429000000000000000e+03,-6.961000000000000000e+03,7.246000000000000000e+03,-7.577000000000000000e+03
-1.563000000000000000e+03,-5.615000000000000000e+03,-7.135000000000000000e+03,1.950000000000000000e+03,-1.328300000000000000e+04,1.520000000000000000e+02,-8.475000000000000000e+03,-1.550100000000000000e+04
-2.909000000000000000e+03,-6.622000000000000000e+03,-1.010200000000000000e+04,-1.697000000000000000e+03,-6.391000000000000000e+03,1.138600000000000000e+04,-1.202300000000000000e+04,-1.121000000000000000e+04
-1.982000000000000000e+03,-7.917000000000000000e+03,-7.982000000000000000e+03,4.452000000000000000e+03,-1.133800000000000000e+04,6.782000000000000000e+03,-1.436200000000000000e+04,-1.766000000000000000e+04
6.460000000000000000e+03,-8.588000000000000000e+03,-6.632000000000000000e+03,4.530000000000000000e+03,-7.411000000000000000e+03,7.029000000000000000e+03,-1.381000000000000000e+04,-9.999000000000000000e+03
-3.477000000000000000e+03,1.015300000000000000e+04,-6.390000000000000000e+03,-3.472000000000000000e+03,-7.959000000000000000e+03,-9.339000000000000000e+03,-4.890000000000000000e+03,-1.703700000000000000e+04
-7.573000000000000000e+03,-1.283800000000000000e+04,5.671000000000000000e+03,-9.370000000000000000e+03,-1.230000000000000000e+02,-1.508500000000000000e+04,-7.665000000000000000e+03,1.188000000000000000e+03
-9.056000000000000000e+03,-5.854000000000000000e+03,-6.100000000000000000e+03,-3.750000000000000000e+02,-9.482000000000000000e+03,-1.430000000000000000e+03,5.743000000000000000e+03,-1.117700000000000000e+04
-2.865000000000000000e+03,-4.135000000000000000e+03,-1.098900000000000000e+04,2.540000000000000000e+02,-9.980000000000000000e+03,7.540000000000000000e+03,-1.030900000000000000e+04,-1.195100000000000000e+04
8.574000000000000000e+03,-9.119000000000000000e+03,-1.021400000000000000e+04,1.172000000000000000e+03,2.452000000000000000e+03,-4.715000000000000000e+03,-9.346000000000000000e+03,-1.154900000000000000e+04
-4.707000000000000000e+03,-6.885000000000000000e+03,-2.044000000000000000e+03,-4.406000000000000000e+03,-4.034000000000000000e+03,-1.018500000000000000e+04,7.298000000000000000e+03,-2.702000000000000000e+03
-5.977000000000000000e+03,-5.621000000000000000e+03,-5.857000000000000000e+03,-7.128000000000000000e+03,-3.399000000000000000e+03,-9.939000000000000000e+03,9.391000000000000000e+03,-5.569000000000000000e+03
2.190000000000000000e+03,-8.182000000000000000e+03,-1.011200000000000000e+04,-2.944000000000000000e+03,8.212000000000000000e+03,-1.857000000000000000e+03,-3.725000000000000000e+03,-1.147600000000000000e+04
2.385000000000000000e+03,-6.406000000000000000e+03,-4.638000000000000000e+03,-2.469000000000000000e+03,4.120000000000000000e+02,-5.793000000000000000e+03,-4.128000000000000000e+03,-1.531200000000000000e+04
-1.228600000000000000e+04,1.755500000000000000e+04,-1.070800000000000000e+04,-2.286000000000000000e+03,-1.545800000000000000e+04,-7.456000000000000000e+03,-7.839000000000000000e+03,-1.052600000000000000e+04
5.196000000000000000e+03,-9.469000000000000000e+03,1.368000000000000000e+03,3.462000000000000000e+03,-4.130000000000000000e+02,-7.194000000000000000e+03,-1.210300000000000000e+04,-1.632300000000000000e+04
-4.083000000000000000e+03,-7.940000000000000000e+03,3.269000000000000000e+03,-4.300000000000000000e+03,-1.669000000000000000e+03,-1.545900000000000000e+04,-3.782000000000000000e+03,-3.319000000000000000e+03
-1.565000000000000000e+03,-5.217000000000000000e+03,-5.822000000000000000e+03,-6.276000000000000000e+03,-7.428000000000000000e+03,-4.339000000000000000e+03,4.846000000000000000e+03,-3.718000000000000000e+03
-1.184200000000000000e+04,-8.901000000000000000e+03,-5.248000000000000000e+03,-8.610000000000000000e+03,-8.605000000000000000e+03,-1.039500000000000000e+04,-4.666000000000000000e+03,1.060200000000000000e+04
-7.292000000000000000e+03,8.026000000000000000e+03,-6.082000000000000000e+03,-3.411000000000000000e+03,-2.742000000000000000e+03,-7.457000000000000000e+03,-4.804000000000000000e+03,-1.060900000000000000e+04
9.956000000000000000e+03,-8.207000000000000000e+03,-6.896000000000000000e+03,-2.183000000000000000e+03,-2.557000000000000000e+03,-4.491000000000000000e+03,-5.285000000000000000e+03,-1.467900000000000000e+04
-7.873000000000000000e+03,-9.821000000000000000e+03,-1.978000000000000000e+03,-9.888000000000000000e+03,-7.662000000000000000e+03,-1.200100000000000000e+04,-7.869000000000000000e+03,1.023700000000000000e+04
-9.337000000000000000e+03,-5.803000000000000000e+03,-6.638000000000000000e+03,-2.306000000000000000e+03,-8.205000000000000000e+03,-8.264000000000000000e+03,1.106200000000000000e+04,-6.928000000000000000e+03
-9.125000000000000000e+03,1.259400000000000000e+04,-9.000000000000000000e+03,-2.105000000000000000e+03,-7.957000000000000000e+03,-4.392000000000000000e+03,-5.154000000000000000e+03,-6.126000000000000000e+03
-3.217000000000000000e+03,-3.401000000000000000e+03,-1.004900000000000000e+04,4.081000000000000000e+03,-9.017000000000000000e+03,8.543000000000000000e+03,-1.999100000000000000e+04,-7.835000000000000000e+03
-5.933000000000000000e+03,-4.832000000000000000e+03,-8.618000000000000000e+03,5.618000000000000000e+03,-1.083100000000000000e+04,7.351000000000000000e+03,-1.099100000000000000e+04,-6.338000000000000000e+03
-6.950000000000000000e+03,-8.426000000000000000e+03,-2.575000000000000000e+03,-6.327000000000000000e+03,-7.350000000000000000e+02,-1.053500000000000000e+04,-8.243000000000000000e+03,6.859000000000000000e+03
-9.899000000000000000e+03,-1.016500000000000000e+04,-3.368000000000000000e+03,-7.111000000000000000e+03,-5.732000000000000000e+03,-1.210000000000000000e+04,-9.003000000000000000e+03,8.622000000000000000e+03
-6.363000000000000000e+03,-1.188400000000000000e+04,5.736000000000000000e+03,-7.351000000000000000e+03,4.240000000000000000e+02,-1.589300000000000000e+04,-8.913000000000000000e+03,1.209000000000000000e+03
8.945000000000000000e+03,-9.480000000000000000e+03,-8.793000000000000000e+03,-1.351000000000000000e+03,5.308000000000000000e+03,-9.748000000000000000e+03,-1.023200000000000000e+04,-1.214300000000000000e+04
-7.765000000000000000e+03,-7.063000000000000000e+03,-2.189000000000000000e+03,-9.717000000000000000e+03,-5.897000000000000000e+03,-1.019700000000000000e+04,8.389000000000000000e+03,-2.835000000000000000e+03
-2.251000000000000000e+03,4.995000000000000000e+03,-9.417000000000000000e+03,-2.639000000000000000e+03,-3.061000000000000000e+03,-6.481000000000000000e+03,-3.687000000000000000e+03,-1.210000000000000000e+04
-9.452000000000000000e+03,-1.215100000000000000e+04,8.770000000000000000e+02,-8.536000000000000000e+03,-4.148000000000000000e+03,-1.170400000000000000e+04,-1.110000000000000000e+04,9.031000000000000000e+03
-2.963000000000000000e+03,1.798300000000000000e+04,-8.420000000000000000e+03,-2.643000000000000000e+03,-9.846000000000000000e+03,-8.736000000000000000e+03,-3.896000000000000000e+03,-1.125100000000000000e+04
-4.614000000000000000e+03,-4.371000000000000000e+03,-1.121200000000000000e+04,1.613000000000000000e+03,-6.151000000000000000e+03,2.038000000000000000e+03,-5.244000000000000000e+03,-1.938000000000000000e+03
2.373000000000000000e+03,-1.166800000000000000e+04,-8.556000000000000000e+03,-2.398000000000000000e+03,6.761000000000000000e+03,-3.420000000000000000e+03,-4.938000000000000000e+03,-8.810000000000000000e+03
-8.301000000000000000e+03,-7.395000000000000000e+03,-7.833000000000000000e+03,-4.273000000000000000e+03,-1.008600000000000000e+04,-9.575000000000000000e+03,-9.994000000000000000e+03,8.765000000000000000e+03
-8.261000000000000000e+03,-6.674000000000000000e+03,-6.876000000000000000e+03,1.126000000000000000e+03,-1.068900000000000000e+04,-3.852000000000000000e+03,7.304000000000000000e+03,-9.510000000000000000e+03
-9.850000000000000000e+02,-1.169000000000000000e+03,-7.374000000000000000e+03,-5.480000000000000000e+02,-9.001000000000000000e+03,9.510000000000000000e+02,-1.302400000000000000e+04,-2.073400000000000000e+04
-7.710000000000000000e+02,-4.546000000000000000e+03,-9.024000000000000000e+03,3.175000000000000000e+03,1.438000000000000000e+03,-3.058000000000000000e+03,-8.452000000000000000e+03,-8.412000000000000000e+03
-5.973000000000000000e+03,3.625000000000000000e+03,-4.911000000000000000e+03,3.190000000000000000e+02,-5.804000000000000000e+03,-8.007000000000000000e+03,-1.242000000000000000e+03,-9.805000000000000000e+03
6.930000000000000000e+03,-5.474000000000000000e+03,-1.363500000000000000e+04,2.640000000000000000e+02,-5.539000000000000000e+03,-3.770000000000000000e+02,-9.621000000000000000e+03,-1.608000000000000000e+04
-9.001000000000000000e+03,-1.208500000000000000e+04,-6.250000000000000000e+02,-8.292000000000000000e+03,3.631000000000000000e+03,-1.277100000000000000e+04,-8.745000000000000000e+03,2.806000000000000000e+03
-8.131000000000000000e+03,-1.093800000000000000e+04,-2.630000000000000000e+02,-9.562000000000000000e+03,-1.126000000000000000e+03,-1.490500000000000000e+04,-1.017200000000000000e+04,8.090000000000000000e+03
4.563000000000000000e+03,-7.180000000000000000e+03,-9.764000000000000000e+03,3.909000000000000000e+03,-7.043000000000000000e+03,1.216000000000000000e+03,-1.546300000000000000e+04,-1.987800000000000000e+04
1.338000000000000000e+03,-2.972000000000000000e+03,-1.164500000000000000e+04,7.096000000000000000e+03,-6.790000000000000000e+03,-3.698000000000000000e+03,-1.108000000000000000e+04,-1.389400000000000000e+04
2.152000000000000000e+03,-6.439000000000000000e+03,-1.002400000000000000e+04,4.956000000000000000e+03,-3.876000000000000000e+03,4.880000000000000000e+02,-1.076100000000000000e+04,-1.615700000000000000e+04
-7.338000000000000000e+03,-2.868000000000000000e+03,-3.809000000000000000e+03,-5.481000000000000000e+03,-9.309000000000000000e+03,-1.271500000000000000e+04,1.261900000000000000e+04,-4.937000000000000000e+03
-6.826000000000000000e+03,-1.134400000000000000e+04,1.546000000000000000e+03,-2.981000000000000000e+03,-9.910000000000000000e+02,-1.388000000000000000e+04,-1.728000000000000000e+03,-4.084000000000000000e+03
8.437000000000000000e+03,-7.193000000000000000e+03,-9.536000000000000000e+03,5.440000000000000000e+03,-1.184300000000000000e+04,1.065000000000000000e+03,-1.423800000000000000e+04,-2.142000000000000000e+04
-1.821000000000000000e+03,8.830000000000000000e+03,-5.591000000000000000e+03,-4.553000000000000000e+03,-9.932000000000000000e+03,-8.919000000000000000e+03,-9.710000000000000000e+02,-1.412200000000000000e+04
1.387400000000000000e+04,-7.278000000000000000e+03,-9.484000000000000000e+03,9.620000000000000000e+02,-1.061900000000000000e+04,2.589000000000000000e+03,-6.637000000000000000e+03,-1.444700000000000000e+04
-1.146600000000000000e+04,-9.029000000000000000e+03,-7.876000000000000000e+03,-8.838000000000000000e+03,-1.283700000000000000e+04,-1.011800000000000000e+04,-8.534000000000000000e+03,1.421600000000000000e+04
-5.827000000000000000e+03,-8.653000000000000000e+03,-3.859000000000000000e+03,-3.649000000000000000e+03,8.344000000000000000e+03,-1.104300000000000000e+04,-1.034700000000000000e+04,1.684000000000000000e+03
-5.026000000000000000e+03,7.349000000000000000e+03,-7.413000000000000000e+03,-6.117000000000000000e+03,-6.271000000000000000e+03,-9.865000000000000000e+03,-4.750000000000000000e+03,-8.687000000000000000e+03
-1.200300000000000000e+04,3.230000000000000000e+03,-6.546000000000000000e+03,-7.340000000000000000e+02,-1.494500000000000000e+04,-9.462000000000000000e+03,7.011000000000000000e+03,-9.273000000000000000e+03
-7.420000000000000000e+03,-7.053000000000000000e+03,-6.769000000000000000e+03,-4.420000000000000000e+03,-6.051000000000000000e+03,-7.267000000000000000e+03,1.349400000000000000e+04,-4.079000000000000000e+03
-1.923000000000000000e+03,-6.690000000000000000e+03,-9.625000000000000000e+03,4.053000000000000000e+03,-2.750000000000000000e+03,-2.390000000000000000e+03,-5.469000000000000000e+03,-5.823000000000000000e+03
-4.418000000000000000e+03,3.076000000000000000e+03,-8.421000000000000000e+03,-1.037400000000000000e+04,-1.020400000000000000e+04,8.620000000000000000e+02,-1.205000000000000000e+03,-1.234400000000000000e+04
-2.498000000000000000e+03,-1.086500000000000000e+04,8.090000000000000000e+02,-5.082000000000000000e+03,6.727000000000000000e+03,-1.288300000000000000e+04,-5.928000000000000000e+03,-7.757000000000000000e+03
1.034500000000000000e+04,-7.944000000000000000e+03,-5.898000000000000000e+03,2.959000000000000000e+03,-2.886000000000000000e+03,-8.783000000000000000e+03,-8.912000000000000000e+03,-1.573600000000000000e+04
-4.431000000000000000e+03,7.108000000000000000e+03,-7.246000000000000000e+03,8.780000000000000000e+02,-7.315000000000000000e+03,-6.893000000000000000e+03,-7.130000000000000000e+02,-5.088000000000000000e+03
-5.776000000000000000e+03,-6.622000000000000000e+03,-7.949000000000000000e+03,6.110000000000000000e+02,-8.192000000000000000e+03,2.012000000000000000e+03,1.981000000000000000e+03,-1.019000000000000000e+04
4.303000000000000000e+03,-4.412000000000000000e+03,-1.014900000000000000e+04,-1.460000000000000000e+02,-9.618000000000000000e+03,-6.730000000000000000e+02,-6.622000000000000000e+03,-1.623400000000000000e+04
-7.242000000000000000e+03,-4.384000000000000000e+03,-3.182000000000000000e+03,2.888000000000000000e+03,-1.245800000000000000e+04,2.220000000000000000e+02,-3.216000000000000000e+03,-1.509700000000000000e+04
-4.972000000000000000e+03,-9.151000000000000000e+03,-4.268000000000000000e+03,-5.272000000000000000e+03,-1.357000000000000000e+03,-1.323500000000000000e+04,9.898000000000000000e+03,-5.046000000000000000e+03
-5.401000000000000000e+03,-1.038800000000000000e+04,1.607000000000000000e+03,-9.036000000000000000e+03,-5.961000000000000000e+03,-1.486700000000000000e+04,-5.638000000000000000e+03,4.356000000000000000e+03
1.015000000000000000e+03,-4.357000000000000000e+03,-8.348000000000000000e+03,3.036000000000000000e+03,-1.067400000000000000e+04,-6.760000000000000000e+02,-1.287900000000000000e+04,-1.769700000000000000e+04
-5.912000000000000000e+03,1.323600000000000000e+04,-7.934000000000000000e+03,-4.993000000000000000e+03,-9.619000000000000000e+03,-5.972000000000000000e+03,-2.007000000000000000e+03,-9.414000000000000000e+03
-3.646000000000000000e+03,-7.881000000000000000e+03,-4.800000000000000000e+01,-3.607000000000000000e+03,-3.619000000000000000e+03,-7.984000000000000000e+03,5.013000000000000000e+03,-9.482000000000000000e+03
-2.368000000000000000e+03,-5.528000000000000000e+03,-5.028000000000000000e+03,-5.527000000000000000e+03,-8.723000000000000000e+03,-6.691000000000000000e+03,6.733000000000000000e+03,-1.376800000000000000e+04
-9.259000000000000000e+03,-6.592000000000000000e+03,-7.835000000000000000e+03,-4.153000000000000000e+03,-4.393000000000000000e+03,-6.361000000000000000e+03,9.148000000000000000e+03,-6.611000000000000000e+03
-9.609000000000000000e+03,-1.183000000000000000e+04,-6.578000000000000000e+03,-2.100000000000000000e+02,-2.505000000000000000e+03,-8.441000000000000000e+03,1.308700000000000000e+04,-5.613000000000000000e+03
-8.697000000000000000e+03,-6.071000000000000000e+03,-8.273000000000000000e+03,-5.173000000000000000e+03,-8.038000000000000000e+03,-1.033600000000000000e+04,1.345400000000000000e+04,-7.000000000000000000e+03
-5.990000000000000000e+02,6.531000000000000000e+03,-9.584000000000000000e+03,-1.868000000000000000e+03,-6.775000000000000000e+03,-4.800000000000000000e+03,-5.072000000000000000e+03,-7.890000000000000000e+03
-2.137000000000000000e+03,-1.144100000000000000e+04,9.696000000000000000e+03,-8.140000000000000000e+03,1.441000000000000000e+03,-8.084000000000000000e+03,-4.800000000000000000e+03,-6.048000000000000000e+03
-6.519000000000000000e+03,-5.205000000000000000e+03,-8.969000000000000000e+03,-7.070000000000000000e+03,-9.527000000000000000e+03,-6.885000000000000000e+03,2.954000000000000000e+03,-4.138000000000000000e+03
-5.163000000000000000e+03,-7.478000000000000000e+03,-4.012000000000000000e+03,-8.986000000000000000e+03,-4.057000000000000000e+03,-6.842000000000000000e+03,7.498000000000000000e+03,-3.098000000000000000e+03
-3.105000000000000000e+03,-8.986000000000000000e+03,-6.498000000000000000e+03,-8.557000000000000000e+03,-2.238000000000000000e+03,-8.636000000000000000e+03,4.649000000000000000e+03,-2.554000000000000000e+03
-3.734000000000000000e+03,-8.256000000000000000e+03,1.813000000000000000e+03,5.470000000000000000e+02,4.569000000000000000e+03,-9.180000000000000000e+03,-1.117700000000000000e+04,-1.277400000000000000e+04
-8.736000000000000000e+03,-1.045500000000000000e+04,4.622000000000000000e+03,-1.158300000000000000e+04,-5.051000000000000000e+03,-1.296100000000000000e+04,-5.336000000000000000e+03,4.416000000000000000e+03
-9.479000000000000000e+03,-8.663000000000000000e+03,1.434000000000000000e+03,-3.698000000000000000e+03,-2.596000000000000000e+03,-1.275800000000000000e+04,3.496000000000000000e+03,1.950000000000000000e+02
-5.781000000000000000e+03,-6.231000000000000000e+03,-6.056000000000000000e+03,-7.565000000000000000e+03,-6.398000000000000000e+03,-2.782000000000000000e+03,-2.834000000000000000e+03,2.108000000000000000e+03
-6.134000000000000000e+03,-2.176000000000000000e+03,-5.056000000000000000e+03,-1.879000000000000000e+03,-7.657000000000000000e+03,-1.212000000000000000e+03,-6.230000000000000000e+02,-2.641000000000000000e+03
-8.768000000000000000e+03,-1.135100000000000000e+04,-3.443000000000000000e+03,-9.746000000000000000e+03,-7.409000000000000000e+03,-1.575200000000000000e+04,-1.083200000000000000e+04,1.194300000000000000e+04
-7.457000000000000000e+03,-6.322000000000000000e+03,-8.974000000000000000e+03,-1.872000000000000000e+03,-8.329000000000000000e+03,9.281000000000000000e+03,-1.033000000000000000e+04,-6.645000000000000000e+03
4.923000000000000000e+03,-6.167000000000000000e+03,-9.400000000000000000e+03,1.040000000000000000e+03,-2.321000000000000000e+03,-4.660000000000000000e+02,-6.043000000000000000e+03,-1.091100000000000000e+04
1.221900000000000000e+04,-9.136000000000000000e+03,-9.207000000000000000e+03,-4.738000000000000000e+03,-3.174000000000000000e+03,-5.990000000000000000e+03,-6.553000000000000000e+03,-1.734600000000000000e+04
-3.173000000000000000e+03,-1.167200000000000000e+04,8.208000000000000000e+03,-1.928000000000000000e+03,1.517000000000000000e+03,-9.533000000000000000e+03,-3.131000000000000000e+03,-5.522000000000000000e+03
-2.669000000000000000e+03,-3.089000000000000000e+03,-8.114000000000000000e+03,1.290000000000000000e+03,-6.018000000000000000e+03,-7.685000000000000000e+03,-2.119000000000000000e+03,-1.494900000000000000e+04
-5.779000000000000000e+03,-6.994000000000000000e+03,-5.304000000000000000e+03,-4.234000000000000000e+03,-7.207000000000000000e+03,-8.412000000000000000e+03,5.771000000000000000e+03,-8.407000000000000000e+03
8.192000000000000000e+03,-6.538000000000000000e+03,-6.024000000000000000e+03,2.256000000000000000e+03,-2.387000000000000000e+03,-3.716000000000000000e+03,-1.068000000000000000e+04,-1.903100000000000000e+04
-1.166200000000000000e+04,-7.821000000000000000e+03,-4.698000000000000000e+03,-1.015900000000000000e+04,-7.315000000000000000e+03,-1.132300000000000000e+04,-8.612000000000000000e+03,1.113700000000000000e+04
6.520000000000000000e+03,-7.336000000000000000e+03,-6.319000000000000000e+03,1.282000000000000000e+03,-2.190000000000000000e+02,-3.853000000000000000e+03,-6.203000000000000000e+03,-1.647300000000000000e+04
-8.317000000000000000e+03,1.817900000000000000e+04,-1.137900000000000000e+04,-8.960000000000000000e+02,-1.292100000000000000e+04,-5.407000000000000000e+03,-8.089000000000000000e+03,-1.121300000000000000e+04
-2.750000000000000000e+02,-5.764000000000000000e+03,-6.628000000000000000e+03,5.309000000000000000e+03,-1.003400000000000000e+04,6.867000000000000000e+03,-1.085000000000000000e+04,-8.853000000000000000e+03
5.880000000000000000e+03,-8.927000000000000000e+03,-9.572000000000000000e+03,7.660000000000000000e+03,-1.021000000000000000e+04,6.181000000000000000e+03,-1.638200000000000000e+04,-1.367800000000000000e+04
-2.915000000000000000e+03,-2.451000000000000000e+03,-1.243400000000000000e+04,6.650000000000000000e+02,-7.225000000000000000e+03,-7.629000000000000000e+03,-3.786000000000000000e+03,-1.323800000000000000e+04
4.602000000000000000e+03,-6.508000000000000000e+03,-1.074900000000000000e+04,2.835000000000000000e+03,-9.024000000000000000e+03,5.602000000000000000e+03,-1.530000000000000000e+04,-1.636300000000000000e+04
2.717000000000000000e+03,-5.210000000000000000e+03,-1.069500000000000000e+04,1.916000000000000000e+03,-1.324000000000000000e+04,3.607000000000000000e+03,-8.602000000000000000e+03,-1.397500000000000000e+04
9.350000000000000000e+02,8.700000000000000000e+02,-4.321000000000000000e+03,-3.298000000000000000e+03,-2.537000000000000000e+03,4.710000000000000000e+02,-7.287000000000000000e+03,-1.715800000000000000e+04
-7.255000000000000000e+03,1.685100000000000000e+04,-7.234000000000000000e+03,-9.848000000000000000e+03,-4.379000000000000000e+03,-9.991000000000000000e+03,2.245000000000000000e+03,-1.493500000000000000e+04
-8.477000000000000000e+03,-9.664000000000000000e+03,-7.020000000000000000e+02,-9.668000000000000000e+03,-8.724000000000000000e+03,-1.417200000000000000e+04,-1.551500000000000000e+04,1.287300000000000000e+04
-6.286000000000000000e+03,-6.213000000000000000e+03,2.838000000000000000e+03,-4.511000000000000000e+03,2.006000000000000000e+03,-7.546000000000000000e+03,-2.032000000000000000e+03,-2.036000000000000000e+03
-8.340000000000000000e+03,-7.072000000000000000e+03,-6.111000000000000000e+03,-1.655000000000000000e+03,-6.861000000000000000e+03,-4.962000000000000000e+03,1.265500000000000000e+04,-5.348000000000000000e+03
-2.939000000000000000e+03,-9.383000000000000000e+03,2.065000000000000000e+03,-5.903000000000000000e+03,1.774000000000000000e+03,-8.563000000000000000e+03,-6.754000000000000000e+03,-9.274000000000000000e+03
-4.530000000000000000e+02,-7.682000000000000000e+03,-1.026500000000000000e+04,3.306000000000000000e+03,-1.028000000000000000e+04,4.610000000000000000e+03,-1.128000000000000000e+04,-1.650600000000000000e+04
-5.007000000000000000e+03,2.960000000000000000e+03,-5.976000000000000000e+03,-3.225000000000000000e+03,-1.096900000000000000e+04,-3.194000000000000000e+03,-2.033000000000000000e+03,-1.499500000000000000e+04
5.943000000000000000e+03,-1.090800000000000000e+04,-5.745000000000000000e+03,1.839000000000000000e+03,5.827000000000000000e+03,-7.669000000000000000e+03,-1.158700000000000000e+04,-1.249700000000000000e+04
-1.274000000000000000e+03,-1.075000000000000000e+03,-7.814000000000000000e+03,5.222000000000000000e+03,-7.289000000000000000e+03,-6.978000000000000000e+03,-3.882000000000000000e+03,-1.336200000000000000e+04
-4.773000000000000000e+03,-1.010500000000000000e+04,-7.930000000000000000e+02,-5.389000000000000000e+03,4.776000000000000000e+03,-1.411900000000000000e+04,-8.306000000000000000e+03,-4.461000000000000000e+03
-1.871000000000000000e+03,9.249000000000000000e+03,-1.232900000000000000e+04,9.040000000000000000e+02,-4.729000000000000000e+03,-2.793000000000000000e+03,-1.068600000000000000e+04,-5.228000000000000000e+03
4.340000000000000000e+02,-1.152200000000000000e+04,-9.245000000000000000e+03,-4.928000000000000000e+03,7.747000000000000000e+03,-1.967000000000000000e+03,-7.479000000000000000e+03,-9.242000000000000000e+03
-7.010000000000000000e+03,-8.687000000000000000e+03,-4.135000000000000000e+03,-7.454000000000000000e+03,-2.247000000000000000e+03,-1.098500000000000000e+04,7.347000000000000000e+03,-4.498000000000000000e+03
-1.183900000000000000e+04,-8.975000000000000000e+03,-6.571000000000000000e+03,-1.224300000000000000e+04,-7.772000000000000000e+03,-1.058200000000000000e+04,-1.093500000000000000e+04,1.304800000000000000e+04
-7.596000000000000000e+03,-8.728000000000000000e+03,-2.714000000000000000e+03,-8.152000000000000000e+03,-6.796000000000000000e+03,-1.279000000000000000e+04,-1.166000000000000000e+04,1.186300000000000000e+04
-2.007000000000000000e+03,-5.059000000000000000e+03,-8.290000000000000000e+03,1.161000000000000000e+03,-5.761000000000000000e+03,6.640000000000000000e+02,-1.733000000000000000e+03,-9.576000000000000000e+03
-5.677000000000000000e+03,1.207800000000000000e+04,-9.143000000000000000e+03,-3.995000000000000000e+03,-1.039900000000000000e+04,-5.815000000000000000e+03,-3.240000000000000000e+03,-9.884000000000000000e+03
3.307000000000000000e+03,-7.352000000000000000e+03,-2.693000000000000000e+03,3.671000000000000000e+03,-4.820000000000000000e+02,-3.423000000000000000e+03,-6.047000000000000000e+03,-1.401700000000000000e+04
-2.519000000000000000e+03,-8.730000000000000000e+03,3.677000000000000000e+03,-5.372000000000000000e+03,3.521000000000000000e+03,-1.207500000000000000e+04,-8.988000000000000000e+03,-4.107000000000000000e+03
2.913000000000000000e+03,-1.210400000000000000e+04,-1.284800000000000000e+04,-5.175000000000000000e+03,9.006000000000000000e+03,-6.400000000000000000e+03,-4.584000000000000000e+03,-8.499000000000000000e+03
-9.160000000000000000e+02,-6.164000000000000000e+03,-2.988000000000000000e+03,-3.888000000000000000e+03,-4.780000000000000000e+02,1.117000000000000000e+03,-1.014600000000000000e+04,-4.809000000000000000e+03
-1.120900000000000000e+04,-4.994000000000000000e+03,-9.294000000000000000e+03,-1.680000000000000000e+02,-9.301000000000000000e+03,-8.787000000000000000e+03,1.171600000000000000e+04,-5.238000000000000000e+03
-1.051800000000000000e+04,-1.186000000000000000e+04,3.190000000000000000e+02,-1.180100000000000000e+04,-7.124000000000000000e+03,-1.763500000000000000e+04,-6.586000000000000000e+03,9.249000000000000000e+03
-6.791000000000000000e+03,-9.488000000000000000e+03,-3.377000000000000000e+03,-5.561000000000000000e+03,9.100000000000000000e+01,-1.290700000000000000e+04,-9.577000000000000000e+03,4.866000000000000000e+03
-8.293000000000000000e+03,-2.420000000000000000e+03,-9.061000000000000000e+03,-9.754000000000000000e+03,-8.424000000000000000e+03,-8.859000000000000000e+03,9.170000000000000000e+03,-6.997000000000000000e+03
-7.294000000000000000e+03,-1.127100000000000000e+04,9.048000000000000000e+03,-1.109900000000000000e+04,6.000000000000000000e+00,-1.739500000000000000e+04,-1.055100000000000000e+04,3.313000000000000000e+03
-4.901000000000000000e+03,-7.170000000000000000e+03,-4.094000000000000000e+03,-3.682000000000000000e+03,6.552000000000000000e+03,-1.334100000000000000e+04,-9.905000000000000000e+03,-9.267000000000000000e+03
2.989000000000000000e+03,-3.281000000000000000e+03,-8.145000000000000000e+03,4.600000000000000000e+02,-1.024800000000000000e+04,-1.200000000000000000e+03,-7.442000000000000000e+03,-1.830400000000000000e+04
-2.849000000000000000e+03,-5.108000000000000000e+03,-8.776000000000000000e+03,-2.586000000000000000e+03,-7.725000000000000000e+03,2.854000000000000000e+03,-6.779000000000000000e+03,-9.717000000000000000e+03
-1.070800000000000000e+04,-6.588000000000000000e+03,-1.890000000000000000e+02,-8.943000000000000000e+03,-1.144700000000000000e+04,-1.306900000000000000e+04,-3.587000000000000000e+03,4.919000000000000000e+03
-2.728000000000000000e+03,1.265100000000000000e+04,-6.654000000000000000e+03,-2.701000000000000000e+03,-1.343600000000000000e+04,-5.554000000000000000e+03,-6.334000000000000000e+03,-1.511700000000000000e+04
-8.033000000000000000e+03,-1.895000000000000000e+03,-7.779000000000000000e+03,-5.285000000000000000e+03,-8.970000000000000000e+03,-4.874000000000000000e+03,3.235000000000000000e+03,-4.285000000000000000e+03
-9.329000000000000000e+03,-1.940000000000000000e+03,-6.625000000000000000e+03,-4.753000000000000000e+03,-5.238000000000000000e+03,-1.289300000000000000e+04,5.150000000000000000e+03,-8.846000000000000000e+03
-6.751000000000000000e+03,-1.274100000000000000e+04,5.642000000000000000e+03,-1.214100000000000000e+04,-1.961000000000000000e+03,-1.657300000000000000e+04,-9.538000000000000000e+03,5.916000000000000000e+03
-7.086000000000000000e+03,7.238000000000000000e+03,-9.796000000000000000e+03,-3.214000000000000000e+03,-1.352000000000000000e+04,-4.034000000000000000e+03,-3.400000000000000000e+03,-9.888000000000000000e+03
-1.115800000000000000e+04,-8.522000000000000000e+03,-6.975000000000000000e+03,-6.567000000000000000e+03,-9.146000000000000000e+03,-1.209100000000000000e+04,-5.810000000000000000e+03,1.109300000000000000e+04
-2.362000000000000000e+03,4.557000000000000000e+03,-9.944000000000000000e+03,-1.912000000000000000e+03,-7.697000000000000000e+03,-6.981000000000000000e+03,-1.974000000000000000e+03,-1.309500000000000000e+04
1.733000000000000000e+03,-5.257000000000000000e+03,-1.241800000000000000e+04,1.096000000000000000e+03,-1.582700000000000000e+04,-8.910000000000000000e+02,-8.403000000000000000e+03,-1.691700000000000000e+04
4.939000000000000000e+03,-1.002400000000000000e+04,-6.963000000000000000e+03,1.440000000000000000e+02,-5.203000000000000000e+03,-2.158000000000000000e+03,-8.483000000000000000e+03,-1.907900000000000000e+04
-9.189000000000000000e+03,-1.165300000000000000e+04,-2.206000000000000000e+03,-1.130900000000000000e+04,4.580000000000000000e+02,-1.368800000000000000e+04,-9.127000000000000000e+03,7.713000000000000000e+03
-7.189000000000000000e+03,-8.521000000000000000e+03,-4.843000000000000000e+03,-1.058400000000000000e+04,-8.366000000000000000e+03,-1.110500000000000000e+04,-9.983000000000000000e+03,1.137400000000000000e+04
1.495000000000000000e+03,-1.087100000000000000e+04,-1.011400000000000000e+04,-4.834000000000000000e+03,9.668000000000000000e+03,-8.097000000000000000e+03,-1.210400000000000000e+04,-1.313000000000000000e+04
-1.610000000000000000e+02,-9.647000000000000000e+03,-1.004300000000000000e+04,8.394000000000000000e+03,-1.820000000000000000e+03,-7.605000000000000000e+03,3.418000000000000000e+03,-1.037500000000000000e+04
3.100000000000000000e+01,4.257000000000000000e+03,-1.167200000000000000e+04,-3.947000000000000000e+03,-5.095000000000000000e+03,-6.013000000000000000e+03,-7.715000000000000000e+03,-1.507400000000000000e+04
-1.534000000000000000e+03,-1.237800000000000000e+04,-8.051000000000000000e+03,-6.503000000000000000e+03,1.362500000000000000e+04,-1.121200000000000000e+04,-8.174000000000000000e+03,-4.805000000000000000e+03
-1.179700000000000000e+04,-6.348000000000000000e+03,-6.133000000000000000e+03,-8.830000000000000000e+03,-1.039900000000000000e+04,-8.424000000000000000e+03,-5.823000000000000000e+03,9.817000000000000000e+03
1.445000000000000000e+03,-8.631000000000000000e+03,-7.718000000000000000e+03,3.704000000000000000e+03,-4.722000000000000000e+03,3.442000000000000000e+03,-5.640000000000000000e+02,-1.351200000000000000e+04
-7.160000000000000000e+02,-7.222000000000000000e+03,-9.330000000000000000e+03,4.717000000000000000e+03,1.770000000000000000e+02,-3.178000000000000000e+03,-8.671000000000000000e+03,-1.268900000000000000e+04
-4.756000000000000000e+03,-1.296500000000000000e+04,-1.089000000000000000e+03,-6.126000000000000000e+03,9.073000000000000000e+03,-1.281800000000000000e+04,-1.076600000000000000e+04,-3.879000000000000000e+03
-9.597000000000000000e+03,-1.031700000000000000e+04,-3.759000000000000000e+03,-1.141100000000000000e+04,-5.268000000000000000e+03,-1.391700000000000000e+04,-3.648000000000000000e+03,9.287000000000000000e+03
-4.385000000000000000e+03,-1.278100000000000000e+04,6.290000000000000000e+03,-1.048400000000000000e+04,4.772000000000000000e+03,-1.438600000000000000e+04,-7.280000000000000000e+03,-1.093000000000000000e+03
-6.727000000000000000e+03,-1.197800000000000000e+04,9.950000000000000000e+02,-1.043100000000000000e+04,-2.148000000000000000e+03,-1.397400000000000000e+04,-1.230000000000000000e+03,3.407000000000000000e+03
-8.640000000000000000e+02,5.385000000000000000e+03,-7.964000000000000000e+03,1.624000000000000000e+03,-7.921000000000000000e+03,-7.026000000000000000e+03,-4.579000000000000000e+03,-1.172400000000000000e+04
-5.625000000000000000e+03,-9.690000000000000000e+02,-3.505000000000000000e+03,8.274000000000000000e+03,-1.526500000000000000e+04,-9.670000000000000000e+02,-7.143000000000000000e+03,-1.288800000000000000e+04
-4.605000000000000000e+03,9.742000000000000000e+03,-1.004600000000000000e+04,-1.213000000000000000e+03,-8.636000000000000000e+03,-4.428000000000000000e+03,-6.936000000000000000e+03,-7.566000000000000000e+03
-6.331000000000000000e+03,1.096500000000000000e+04,-7.739000000000000000e+03,-2.567000000000000000e+03,-9.916000000000000000e+03,-1.083400000000000000e+04,-6.170000000000000000e+02,-9.847000000000000000e+03
-7.651000000000000000e+03,1.482700000000000000e+04,-1.301400000000000000e+04,-8.060000000000000000e+03,-1.036300000000000000e+04,-7.236000000000000000e+03,-5.868000000000000000e+03,-1.516800000000000000e+04
-1.099200000000000000e+04,-8.358000000000000000e+03,2.958000000000000000e+03,-1.264900000000000000e+04,-5.914000000000000000e+03,-8.975000000000000000e+03,-9.838000000000000000e+03,4.222000000000000000e+03
-4.738000000000000000e+03,-3.578000000000000000e+03,-5.031000000000000000e+03,-2.144000000000000000e+03,-9.255000000000000000e+03,-5.891000000000000000e+03,2.538000000000000000e+03,-1.349200000000000000e+04
-9.090000000000000000e+03,-3.225000000000000000e+03,-9.487000000000000000e+03,3.888000000000000000e+03,-9.719000000000000000e+03,-3.920000000000000000e+02,-2.893000000000000000e+03,-7.751000000000000000e+03
-3.576000000000000000e+03,-8.097000000000000000e+03,-4.632000000000000000e+03,-1.085400000000000000e+04,-3.692000000000000000e+03,-8.891000000000000000e+03,6.387000000000000000e+03,5.650000000000000000e+02
-4.337000000000000000e+03,-5.330000000000000000e+03,-7.458000000000000000e+03,4.753000000000000000e+03,-9.156000000000000000e+03,6.659000000000000000e+03,-1.542300000000000000e+04,-5.818000000000000000e+03
-3.921000000000000000e+03,-1.135100000000000000e+04,-4.537000000000000000e+03,-1.315000000000000000e+03,9.053000000000000000e+03,-8.692000000000000000e+03,-7.146000000000000000e+03,-8.952000000000000000e+03
-5.250000000000000000e+03,-8.169000000000000000e+03,-6.364000000000000000e+03,1.317000000000000000e+03,-4.483000000000000000e+03,3.833000000000000000e+03,-3.733000000000000000e+03,-1.035800000000000000e+04
-6.836000000000000000e+03,-8.739000000000000000e+03,-7.707000000000000000e+03,-1.853000000000000000e+03,-5.680000000000000000e+03,-6.799000000000000000e+03,9.664000000000000000e+03,-4.248000000000000000e+03
-4.933000000000000000e+03,-5.165000000000000000e+03,-4.394000000000000000e+03,-7.777000000000000000e+03,-6.213000000000000000e+03,-1.111800000000000000e+04,5.848000000000000000e+03,-4.648000000000000000e+03
7.242000000000000000e+03,-5.914000000000000000e+03,-7.748000000000000000e+03,-2.454000000000000000e+03,-4.133000000000000000e+03,-3.833000000000000000e+03,-7.974000000000000000e+03,-1.882600000000000000e+04
3.101000000000000000e+03,-7.458000000000000000e+03,-1.117200000000000000e+04,-8.750000000000000000e+02,4.000000000000000000e+00,-7.260000000000000000e+03,-4.771000000000000000e+03,-9.319000000000000000e+03
-1.825000000000000000e+03,-7.387000000000000000e+03,-5.941000000000000000e+03,5.267000000000000000e+03,-1.028500000000000000e+04,1.921000000000000000e+03,-7.337000000000000000e+03,-1.277100000000000000e+04
-8.813000000000000000e+03,-3.479000000000000000e+03,-9.269000000000000000e+03,-7.271000000000000000e+03,-8.348000000000000000e+03,-1.179000000000000000e+04,1.268900000000000000e+04,-7.895000000000000000e+03
-9.357000000000000000e+03,-1.137700000000000000e+04,-2.720000000000000000e+03,-1.060900000000000000e+04,-6.904000000000000000e+03,-1.364000000000000000e+04,-7.247000000000000000e+03,1.095900000000000000e+04
-8.057000000000000000e+03,5.030000000000000000e+02,-3.625000000000000000e+03,-1.958000000000000000e+03,-1.266500000000000000e+04,-7.252000000000000000e+03,4.952000000000000000e+03,-1.455200000000000000e+04
-1.151700000000000000e+04,-5.507000000000000000e+03,-6.150000000000000000e+03,-6.872000000000000000e+03,-6.422000000000000000e+03,-9.651000000000000000e+03,-5.862000000000000000e+03,8.963000000000000000e+03
-9.057000000000000000e+03,1.668300000000000000e+04,-1.405100000000000000e+04,-2.774000000000000000e+03,-1.067900000000000000e+04,-3.505000000000000000e+03,-9.055000000000000000e+03,-1.075400000000000000e+04
-6.653000000000000000e+03,-3.425000000000000000e+03,-6.884000000000000000e+03,-4.490000000000000000e+02,-1.215000000000000000e+04,4.230000000000000000e+02,-7.518000000000000000e+03,-1.528300000000000000e+04
6.740000000000000000e+03,-6.511000000000000000e+03,-6.775000000000000000e+03,-1.799000000000000000e+03,-4.428000000000000000e+03,-2.767000000000000000e+03,-5.395000000000000000e+03,-1.431500000000000000e+04
-1.440000000000000000e+03,-1.001100000000000000e+04,1.006300000000000000e+04,-3.441000000000000000e+03,1.408000000000000000e+03,-1.055500000000000000e+04,-5.554000000000000000e+03,-7.856000000000000000e+03
-8.641000000000000000e+03,-9.625000000000000000e+03,-2.361000000000000000e+03,-9.216000000000000000e+03,-7.973000000000000000e+03,-1.296500000000000000e+04,1.783000000000000000e+03,7.805000000000000000e+03
7.135000000000000000e+03,-8.877000000000000000e+03,-8.583000000000000000e+03,1.320000000000000000e+03,6.090000000000000000e+02,-1.740000000000000000e+03,-9.299000000000000000e+03,-1.713600000000000000e+04
-6.995000000000000000e+03,-4.849000000000000000e+03,-6.375000000000000000e+03,-8.458000000000000000e+03,-6.386000000000000000e+03,-9.142000000000000000e+03,1.147800000000000000e+04,-3.930000000000000000e+03
-3.684000000000000000e+03,1.016100000000000000e+04,-9.806000000000000000e+03,-7.669000000000000000e+03,-1.474300000000000000e+04,-3.956000000000000000e+03,-4.458000000000000000e+03,-1.627800000000000000e+04
-9.450000000000000000e+03,-7.856000000000000000e+03,-5.376000000000000000e+03,-1.179200000000000000e+04,-6.272000000000000000e+03,-1.535100000000000000e+04,-3.320000000000000000e+03,1.098400000000000000e+04
4.267000000000000000e+03,-7.317000000000000000e+03,-6.010000000000000000e+03,7.146000000000000000e+03,-4.056000000000000000e+03,-3.047000000000000000e+03,-9.818000000000000000e+03,-1.242000000000000000e+04
5.685000000000000000e+03,-1.106300000000000000e+04,-5.609000000000000000e+03,3.490000000000000000e+03,-3.384000000000000000e+03,3.686000000000000000e+03,-1.336000000000000000e+04,-1.649300000000000000e+04
9.140000000000000000e+02,-4.915000000000000000e+03,-2.692000000000000000e+03,5.460000000000000000e+03,-1.113300000000000000e+04,-5.434000000000000000e+03,-5.579000000000000000e+03,-1.445000000000000000e+04
-3.480000000000000000e+02,-8.950000000000000000e+03,-1.036100000000000000e+04,2.691000000000000000e+03,1.620000000000000000e+02,1.981000000000000000e+03,-8.812000000000000000e+03,-8.372000000000000000e+03
-4.330000000000000000e+02,-6.550000000000000000e+02,-1.048900000000000000e+04,-4.678000000000000000e+03,7.200000000000000000e+01,-2.628000000000000000e+03,-2.214000000000000000e+03,-1.077100000000000000e+04
-8.396000000000000000e+03,-7.442000000000000000e+03,-5.139000000000000000e+03,-1.098300000000000000e+04,-6.601000000000000000e+03,-1.086500000000000000e+04,-4.257000000000000000e+03,8.740000000000000000e+03
-9.950000000000000000e+02,-2.431000000000000000e+03,-7.950000000000000000e+03,5.830000000000000000e+02,-5.325000000000000000e+03,1.361000000000000000e+03,-5.164000000000000000e+03,-2.594000000000000000e+03
-8.657000000000000000e+03,-8.684000000000000000e+03,2.100000000000000000e+01,-1.092100000000000000e+04,-2.928000000000000000e+03,-8.081000000000000000e+03,-6.860000000000000000e+03,5.510000000000000000e+03
-7.379000000000000000e+03,-4.637000000000000000e+03,-8.741000000000000000e+03,-2.979000000000000000e+03,-8.767000000000000000e+03,-9.540000000000000000e+03,7.000000000000000000e+03,-1.177500000000000000e+04
-1.824000000000000000e+03,-7.484000000000000000e+03,-6.326000000000000000e+03,-2.898000000000000000e+03,-3.872000000000000000e+03,-8.520000000000000000e+03,5.754000000000000000e+03,-7.629000000000000000e+03
-4.453000000000000000e+03,-1.145900000000000000e+04,3.718000000000000000e+03,-8.536000000000000000e+03,1.181000000000000000e+03,-1.541500000000000000e+04,-4.966000000000000000e+03,2.672000000000000000e+03
-1.127800000000000000e+04,-8.715000000000000000e+03,-8.454000000000000000e+03,-1.207700000000000000e+04,-1.060600000000000000e+04,-1.446000000000000000e+04,-1.031900000000000000e+04,1.606000000000000000e+04
1.500000000000000000e+01,-8.195000000000000000e+03,-9.900000000000000000e+03,8.139000000000000000e+03,-1.148700000000000000e+04,3.568000000000000000e+03,-1.149600000000000000e+04,-1.280800000000000000e+04
7.141000000000000000e+03,-9.997000000000000000e+03,7.720000000000000000e+02,-6.860000000000000000e+02,1.534000000000000000e+03,-7.384000000000000000e+03,-1.062900000000000000e+04,-1.640800000000000000e+04
1.576000000000000000e+03,-5.825000000000000000e+03,-1.127200000000000000e+04,3.961000000000000000e+03,-8.825000000000000000e+03,-1.909000000000000000e+03,-1.140400000000000000e+04,-1.622900000000000000e+04
8.650000000000000000e+02,-7.673000000000000000e+03,-7.725000000000000000e+03,2.133000000000000000e+03,-1.147300000000000000e+04,3.090000000000000000e+02,-4.789000000000000000e+03,-1.344600000000000000e+04
-8.041000000000000000e+03,-5.366000000000000000e+03,-8.303000000000000000e+03,-9.289000000000000000e+03,-6.966000000000000000e+03,-1.242600000000000000e+04,1.390500000000000000e+04,-6.795000000000000000e+03
2.257000000000000000e+03,-8.319000000000000000e+03,-7.924000000000000000e+03,2.963000000000000000e+03,-8.736000000000000000e+03,2.998000000000000000e+03,-6.385000000000000000e+03,-1.262100000000000000e+04
3.536000000000000000e+03,-6.600000000000000000e+03,-1.142000000000000000e+04,4.732000000000000000e+03,1.880000000000000000e+02,-2.769000000000000000e+03,-1.253800000000000000e+04,-1.596900000000000000e+04
-5.072000000000000000e+03,-5.986000000000000000e+03,-2.556000000000000000e+03,2.170000000000000000e+03,-6.750000000000000000e+02,-2.793000000000000000e+03,-3.560000000000000000e+03,-6.939000000000000000e+03
3.301000000000000000e+03,-1.122900000000000000e+04,-9.830000000000000000e+03,3.157000000000000000e+03,-5.415000000000000000e+03,-2.672000000000000000e+03,3.330000000000000000e+02,-9.327000000000000000e+03
-6.169000000000000000e+03,-1.478000000000000000e+03,-7.137000000000000000e+03,2.497000000000000000e+03,-4.716000000000000000e+03,-2.631000000000000000e+03,-4.249000000000000000e+03,-6.212000000000000000e+03
-4.144000000000000000e+03,1.763600000000000000e+04,-7.422000000000000000e+03,-3.437000000000000000e+03,-1.014700000000000000e+04,-8.208000000000000000e+03,-5.547000000000000000e+03,-1.743400000000000000e+04
2.542000000000000000e+03,-7.832000000000000000e+03,-5.289000000000000000e+03,4.505000000000000000e+03,-4.339000000000000000e+03,-1.507000000000000000e+03,-1.126200000000000000e+04,-6.760000000000000000e+03
-1.214400000000000000e+04,-5.647000000000000000e+03,-8.267000000000000000e+03,4.258000000000000000e+03,-9.051000000000000000e+03,-7.988000000000000000e+03,9.969000000000000000e+03,-3.784000000000000000e+03
-2.908000000000000000e+03,-5.846000000000000000e+03,-8.154000000000000000e+03,-5.526000000000000000e+03,-9.933000000000000000e+03,5.324000000000000000e+03,-6.934000000000000000e+03,-6.162000000000000000e+03
6.934000000000000000e+03,-8.377000000000000000e+03,-9.026000000000000000e+03,-1.983000000000000000e+03,-2.873000000000000000e+03,-7.698000000000000000e+03,-6.581000000000000000e+03,-1.567700000000000000e+04
-8.167000000000000000e+03,-6.134000000000000000e+03,-5.421000000000000000e+03,-2.812000000000000000e+03,-4.548000000000000000e+03,-5.335000000000000000e+03,2.014000000000000000e+03,-7.911000000000000000e+03
-9.739000000000000000e+03,-3.021000000000000000e+03,-7.430000000000000000e+03,-7.065000000000000000e+03,-8.922000000000000000e+03,-9.959000000000000000e+03,1.065300000000000000e+04,-4.633000000000000000e+03
3.920000000000000000e+02,-7.702000000000000000e+03,-1.117500000000000000e+04,4.401000000000000000e+03,-7.278000000000000000e+03,5.810000000000000000e+02,-9.161000000000000000e+03,-1.213600000000000000e+04
1.070000000000000000e+02,7.804000000000000000e+03,-1.241900000000000000e+04,-1.114000000000000000e+03,-1.182200000000000000e+04,-1.443000000000000000e+03,-1.099500000000000000e+04,-1.329700000000000000e+04
-4.607000000000000000e+03,-8.049000000000000000e+03,-6.965000000000000000e+03,-9.693000000000000000e+03,-6.118000000000000000e+03,-5.158000000000000000e+03,1.033700000000000000e+04,-6.647000000000000000e+03
-8.386000000000000000e+03,-7.139000000000000000e+03,-8.152000000000000000e+03,-4.222000000000000000e+03,-6.711000000000000000e+03,-6.624000000000000000e+03,1.407400000000000000e+04,-3.587000000000000000e+03
-4.489000000000000000e+03,-8.492000000000000000e+03,-5.341000000000000000e+03,4.301000000000000000e+03,-5.095000000000000000e+03,-3.718000000000000000e+03,-2.959000000000000000e+03,-1.018500000000000000e+04
-2.546000000000000000e+03,-1.083400000000000000e+04,-1.048400000000000000e+04,-3.345000000000000000e+03,1.474300000000000000e+04,-1.112900000000000000e+04,-9.178000000000000000e+03,-7.838000000000000000e+03
-1.883000000000000000e+03,-8.230000000000000000e+03,-7.467000000000000000e+03,6.211000000000000000e+03,-6.243000000000000000e+03,-6.080000000000000000e+02,-1.093600000000000000e+04,-1.501400000000000000e+04
2.763000000000000000e+03,-9.750000000000000000e+02,-1.268600000000000000e+04,-3.643000000000000000e+03,-1.290700000000000000e+04,-1.972000000000000000e+03,-4.382000000000000000e+03,-1.716800000000000000e+04
-8.014000000000000000e+03,-7.480000000000000000e+03,-5.626000000000000000e+03,-6.805000000000000000e+03,-6.895000000000000000e+03,-1.032900000000000000e+04,7.586000000000000000e+03,-3.174000000000000000e+03
-2.614000000000000000e+03,-7.384000000000000000e+03,-8.620000000000000000e+03,-4.370000000000000000e+02,-3.529000000000000000e+03,-1.027000000000000000e+04,3.765000000000000000e+03,-3.621000000000000000e+03
-1.252000000000000000e+03,-1.070600000000000000e+04,-4.761000000000000000e+03,-5.119000000000000000e+03,7.503000000000000000e+03,-1.055000000000000000e+04,-1.228600000000000000e+04,-7.627000000000000000e+03
6.601000000000000000e+03,-6.521000000000000000e+03,-2.648000000000000000e+03,2.575000000000000000e+03,-4.609000000000000000e+03,-6.409000000000000000e+03,-8.114000000000000000e+03,-1.387700000000000000e+04
-5.868000000000000000e+03,-9.173000000000000000e+03,-4.500000000000000000e+01,-8.019000000000000000e+03,-6.781000000000000000e+03,-1.018600000000000000e+04,1.335500000000000000e+04,-7.389000000000000000e+03
-1.191000000000000000e+03,-5.478000000000000000e+03,-9.899000000000000000e+03,4.825000000000000000e+03,-1.364700000000000000e+04,4.690000000000000000e+03,-1.442200000000000000e+04,-1.373200000000000000e+04
-2.273000000000000000e+03,-7.803000000000000000e+03,-6.687000000000000000e+03,3.415000000000000000e+03,-7.793000000000000000e+03,1.203800000000000000e+04,-1.328900000000000000e+04,-1.215700000000000000e+04
-8.114000000000000000e+03,1.086800000000000000e+04,-8.149000000000000000e+03,-9.550000000000000000e+03,-1.208600000000000000e+04,-5.282000000000000000e+03,-4.072000000000000000e+03,-1.342100000000000000e+04
-9.342000000000000000e+03,-1.228500000000000000e+04,-5.569000000000000000e+03,-1.372800000000000000e+04,-5.170000000000000000e+03,-1.637100000000000000e+04,-8.559000000000000000e+03,1.364800000000000000e+04
-5.113000000000000000e+03,1.260200000000000000e+04,-9.015000000000000000e+03,-4.530000000000000000e+03,-1.347600000000000000e+04,-4.868000000000000000e+03,-7.374000000000000000e+03,-1.791600000000000000e+04
5.714000000000000000e+03,-6.239000000000000000e+03,-1.429700000000000000e+04,9.780000000000000000e+02,-9.699000000000000000e+03,-7.200000000000000000e+01,-7.948000000000000000e+03,-1.646200000000000000e+04
1.820000000000000000e+02,-7.033000000000000000e+03,-6.110000000000000000e+03,6.756000000000000000e+03,-1.146000000000000000e+04,-2.398000000000000000e+03,-7.026000000000000000e+03,-1.248700000000000000e+04
5.307000000000000000e+03,-4.923000000000000000e+03,-1.246800000000000000e+04,1.842000000000000000e+03,-7.244000000000000000e+03,5.115000000000000000e+03,-1.551900000000000000e+04,-1.274100000000000000e+04
-5.363000000000000000e+03,8.691000000000000000e+03,-1.048900000000000000e+04,-5.894000000000000000e+03,-5.278000000000000000e+03,-7.495000000000000000e+03,-3.990000000000000000e+03,-7.598000000000000000e+03
-5.346000000000000000e+03,8.764000000000000000e+03,-1.217400000000000000e+04,-9.757000000000000000e+03,-1.146100000000000000e+04,-6.573000000000000000e+03,1.664000000000000000e+03,-1.736100000000000000e+04
-2.559000000000000000e+03,-9.204000000000000000e+03,3.789000000000000000e+03,-2.741000000000000000e+03,3.229000000000000000e+03,-1.305600000000000000e+04,-5.043000000000000000e+03,-8.878000000000000000e+03
-6.191000000000000000e+03,-7.486000000000000000e+03,-5.922000000000000000e+03,-5.530000000000000000e+03,-7.298000000000000000e+03,-5.714000000000000000e+03,6.460000000000000000e+03,-6.416000000000000000e+03
-1.168700000000000000e+04,-7.962000000000000000e+03,-6.695000000000000000e+03,-9.048000000000000000e+03,-1.021900000000000000e+04,-1.014900000000000000e+04,-1.008800000000000000e+04,1.147500000000000000e+04
6.747000000000000000e+03,-8.209000000000000000e+03,-9.300000000000000000e+03,2.896000000000000000e+03,-7.197000000000000000e+03,1.711000000000000000e+03,-1.291400000000000000e+04,-2.040700000000000000e+04
1.143000000000000000e+03,-8.343000000000000000e+03,-6.348000000000000000e+03,8.550000000000000000e+02,2.193000000000000000e+03,-3.733000000000000000e+03,-7.006000000000000000e+03,-1.469800000000000000e+04
-6.006000000000000000e+03,-1.319700000000000000e+04,-4.080000000000000000e+03,-8.745000000000000000e+03,1.000000000000000000e+04,-1.281300000000000000e+04,-9.644000000000000000e+03,-3.051000000000000000e+03
6.880000000000000000e+02,-6.051000000000000000e+03,-9.071000000000000000e+03,3.089000000000000000e+03,-7.802000000000000000e+03,9.777000000000000000e+03,-1.535000000000000000e+04,-8.308000000000000000e+03
7.087000000000000000e+03,-1.045100000000000000e+04,-9.788000000000000000e+03,1.275000000000000000e+03,-9.629000000000000000e+03,4.407000000000000000e+03,-1.411800000000000000e+04,-2.062600000000000000e+04
-3.594000000000000000e+03,-3.315000000000000000e+03,-1.140200000000000000e+04,-4.150000000000000000e+03,-7.790000000000000000e+03,-2.690000000000000000e+03,1.245000000000000000e+03,-7.529000000000000000e+03
2.270000000000000000e+02,-6.303000000000000000e+03,-8.898000000000000000e+03,4.761000000000000000e+03,-5.990000000000000000e+03,7.387000000000000000e+03,-1.129700000000000000e+04,-8.060000000000000000e+03
6.086000000000000000e+03,-6.488000000000000000e+03,-1.124900000000000000e+04,3.766000000000000000e+03,-6.433000000000000000e+03,-1.021000000000000000e+03,-6.200000000000000000e+03,-1.737000000000000000e+04
2.702000000000000000e+03,-5.766000000000000000e+03,-9.155000000000000000e+03,4.006000000000000000e+03,-1.028200000000000000e+04,2.214000000000000000e+03,-1.050300000000000000e+04,-1.722800000000000000e+04
-5.385000000000000000e+03,-3.262000000000000000e+03,-6.650000000000000000e+03,-4.391000000000000000e+03,-6.955000000000000000e+03,-1.221000000000000000e+04,1.011200000000000000e+04,-8.011000000000000000e+03
1.348500000000000000e+04,-1.024500000000000000e+04,-1.085800000000000000e+04,4.932000000000000000e+03,-2.417000000000000000e+03,-2.394000000000000000e+03,-1.223500000000000000e+04,-1.701500000000000000e+04
-1.739000000000000000e+03,-3.460000000000000000e+03,-8.643000000000000000e+03,3.270000000000000000e+03,-1.220000000000000000e+03,-3.919000000000000000e+03,-2.536000000000000000e+03,-9.089000000000000000e+03
-7.055000000000000000e+03,-5.216000000000000000e+03,-3.556000000000000000e+03,4.056000000000000000e+03,-3.914000000000000000e+03,-7.322000000000000000e+03,-1.829000000000000000e+03,-1.055800000000000000e+04
-4.580000000000000000e+03,9.238000000000000000e+03,-1.100400000000000000e+04,-7.090000000000000000e+03,-1.233400000000000000e+04,-7.334000000000000000e+03,9.340000000000000000e+02,-1.780200000000000000e+04
-6.187000000000000000e+03,9.893000000000000000e+03,-1.187900000000000000e+04,-1.400000000000000000e+01,-7.573000000000000000e+03,-6.012000000000000000e+03,-6.166000000000000000e+03,-1.288000000000000000e+04
-1.062000000000000000e+04,-7.374000000000000000e+03,-3.160000000000000000e+03,7.360000000000000000e+02,-2.870000000000000000e+02,-1.051700000000000000e+04,4.871000000000000000e+03,-5.242000000000000000e+03
-9.148000000000000000e+03,-1.179500000000000000e+04,-4.999000000000000000e+03,-9.107000000000000000e+03,2.002000000000000000e+03,-1.551600000000000000e+04,-7.579000000000000000e+03,1.107200000000000000e+04
-5.166000000000000000e+03,1.278900000000000000e+04,-9.738000000000000000e+03,-1.175000000000000000e+03,-6.678000000000000000e+03,-5.109000000000000000e+03,-4.963000000000000000e+03,-1.074800000000000000e+04
-4.870000000000000000e+02,-9.940000000000000000e+03,-4.700000000000000000e+01,-1.689000000000000000e+03,6.631000000000000000e+03,-8.533000000000000000e+03,-7.327000000000000000e+03,-9.611000000000000000e+03
-3.194000000000000000e+03,-8.264000000000000000e+03,-4.984000000000000000e+03,2.350000000000000000e+02,-2.262000000000000000e+03,-4.187000000000000000e+03,2.290000000000000000e+03,-1.139600000000000000e+04
-5.029000000000000000e+03,-4.549000000000000000e+03,-7.787000000000000000e+03,3.986000000000000000e+03,-1.176500000000000000e+04,7.176000000000000000e+03,-1.235100000000000000e+04,-1.290800000000000000e+04
-2.958000000000000000e+03,6.575000000000000000e+03,-9.054000000000000000e+03,-2.857000000000000000e+03,-9.569000000000000000e+03,-2.614000000000000000e+03,-8.959000000000000000e+03,-1.855700000000000000e+04
5.623000000000000000e+03,-1.015600000000000000e+04,-1.079700000000000000e+04,6.563000000000000000e+03,1.326000000000000000e+03,5.480000000000000000e+02,-1.550600000000000000e+04,-1.722100000000000000e+04
-8.781000000000000000e+03,1.646000000000000000e+03,-4.742000000000000000e+03,-7.849000000000000000e+03,-3.628000000000000000e+03,-9.127000000000000000e+03,5.847000000000000000e+03,-1.145000000000000000e+04
1.316000000000000000e+03,-5.433000000000000000e+03,-8.763000000000000000e+03,3.641000000000000000e+03,-4.772000000000000000e+03,-3.532000000000000000e+03,-2.153000000000000000e+03,-1.567000000000000000e+04
-8.720000000000000000e+03,-9.510000000000000000e+03,-4.098000000000000000e+03,-6.890000000000000000e+02,-4.911000000000000000e+03,-7.615000000000000000e+03,1.338600000000000000e+04,-7.121000000000000000e+03
-1.214000000000000000e+03,-7.895000000000000000e+03,-1.189200000000000000e+04,6.780000000000000000e+03,-4.516000000000000000e+03,2.759000000000000000e+03,-9.430000000000000000e+03,-8.093000000000000000e+03
9.284000000000000000e+03,-9.652000000000000000e+03,-3.456000000000000000e+03,2.066000000000000000e+03,-8.319000000000000000e+03,2.439000000000000000e+03,-7.492000000000000000e+03,-1.195500000000000000e+04
-1.009500000000000000e+04,-1.009800000000000000e+04,-2.408000000000000000e+03,-1.059600000000000000e+04,-4.471000000000000000e+03,-1.388200000000000000e+04,-7.978000000000000000e+03,1.023100000000000000e+04
-4.716000000000000000e+03,-1.162100000000000000e+04,6.193000000000000000e+03,-6.286000000000000000e+03,3.580000000000000000e+03,-1.086000000000000000e+04,-6.896000000000000000e+03,-5.567000000000000000e+03
-3.877000000000000000e+03,1.549800000000000000e+04,-1.238400000000000000e+04,-6.026000000000000000e+03,-1.269300000000000000e+04,-6.962000000000000000e+03,-6.425000000000000000e+03,-1.573200000000000000e+04
-7.586000000000000000e+03,1.695000000000000000e+03,-7.691000000000000000e+03,3.700000000000000000e+02,-1.504400000000000000e+04,-2.761000000000000000e+03,-4.208000000000000000e+03,-1.434800000000000000e+04
2.697000000000000000e+03,-6.695000000000000000e+03,-7.492000000000000000e+03,6.695000000000000000e+03,-5.304000000000000000e+03,-1.831000000000000000e+03,-9.215000000000000000e+03,-1.374900000000000000e+04
-8.036000000000000000e+03,1.547000000000000000e+04,-9.461000000000000000e+03,-1.042900000000000000e+04,-6.246000000000000000e+03,-9.313000000000000000e+03,-2.128000000000000000e+03,-1.303100000000000000e+04
4.572000000000000000e+03,-8.380000000000000000e+03,-6.121000000000000000e+03,4.104000000000000000e+03,-1.023700000000000000e+04,9.179000000000000000e+03,-1.536400000000000000e+04,-1.069500000000000000e+04
-7.434000000000000000e+03,-8.619000000000000000e+03,-5.628000000000000000e+03,-1.048400000000000000e+04,-3.775000000000000000e+03,-6.228000000000000000e+03,1.223200000000000000e+04,-2.976000000000000000e+03
-8.858000000000000000e+03,-1.212000000000000000e+04,1.542000000000000000e+03,-8.701000000000000000e+03,-1.561000000000000000e+03,-1.012800000000000000e+04,-6.081000000000000000e+03,3.995000000000000000e+03
9.615000000000000000e+03,-6.761000000000000000e+03,-6.265000000000000000e+03,1.896000000000000000e+03,-6.287000000000000000e+03,5.800000000000000000e+01,-1.420000000000000000e+03,-1.369800000000000000e+04
-1.780000000000000000e+02,-5.827000000000000000e+03,-7.516000000000000000e+03,4.076000000000000000e+03,-5.593000000000000000e+03,-4.759000000000000000e+03,-6.484000000000000000e+03,-1.617300000000000000e+04
-7.200000000000000000e+03,-1.455000000000000000e+04,-6.400000000000000000e+02,-1.148200000000000000e+04,-6.365000000000000000e+03,-1.534900000000000000e+04,-7.309000000000000000e+03,9.793000000000000000e+03
-3.988000000000000000e+03,-5.927000000000000000e+03,-6.124000000000000000e+03,-4.860000000000000000e+03,-2.436000000000000000e+03,-9.707000000000000000e+03,6.209000000000000000e+03,-4.128000000000000000e+03
-7.315000000000000000e+03,-1.238600000000000000e+04,1.178000000000000000e+03,-8.143000000000000000e+03,-1.984000000000000000e+03,-1.416800000000000000e+04,-9.629000000000000000e+03,7.776000000000000000e+03
-2.376000000000000000e+03,-9.257000000000000000e+03,-7.156000000000000000e+03,6.100000000000000000e+03,-1.000700000000000000e+04,5.794000000000000000e+03,-1.146500000000000000e+04,-1.282600000000000000e+04
-4.454000000000000000e+03,2.159000000000000000e+03,-8.762000000000000000e+03,3.537000000000000000e+03,-1.253500000000000000e+04,-2.862000000000000000e+03,-1.056900000000000000e+04,-1.615200000000000000e+04
-3.920000000000000000e+02,-8.714000000000000000e+03,-7.916000000000000000e+03,-7.090000000000000000e+02,9.484000000000000000e+03,-6.838000000000000000e+03,-9.803000000000000000e+03,-1.385900000000000000e+04
7.868000000000000000e+03,-8.895000000000000000e+03,-1.081200000000000000e+04,3.822000000000000000e+03,-3.425000000000000000e+03,2.674000000000000000e+03,-1.185200000000000000e+04,-1.789600000000000000e+04
-2.155000000000000000e+03,5.223000000000000000e+03,-8.949000000000000000e+03,-3.875000000000000000e+03,-1.003500000000000000e+04,-5.142000000000000000e+03,-2.672000000000000000e+03,-9.506000000000000000e+03
-1.839000000000000000e+03,1.370900000000000000e+04,-1.071800000000000000e+04,-2.430000000000000000e+02,-1.106500000000000000e+04,-7.389000000000000000e+03,-4.067000000000000000e+03,-1.097700000000000000e+04
-9.731000000000000000e+03,-4.540000000000000000e+02,-1.086000000000000000e+04,1.900000000000000000e+02,-8.913000000000000000e+03,-3.971000000000000000e+03,3.786000000000000000e+03,-9.196000000000000000e+03
-9.072000000000000000e+03,-1.129700000000000000e+04,-5.095000000000000000e+03,-7.929000000000000000e+03,-7.452000000000000000e+03,-1.743800000000000000e+04,-9.718000000000000000e+03,1.201800000000000000e+04
1.058000000000000000e+03,-5.964000000000000000e+03,-1.164000000000000000e+04,8.770000000000000000e+02,-7.914000000000000000e+03,7.066000000000000000e+03,-1.253100000000000000e+04,-1.719400000000000000e+04
-2.527000000000000000e+03,-3.568000000000000000e+03,-1.038400000000000000e+04,2.498000000000000000e+03,-1.077300000000000000e+04,8.708000000000000000e+03,-1.188400000000000000e+04,-1.162000000000000000e+04
-1.120500000000000000e+04,7.887000000000000000e+03,-9.223000000000000000e+03,-6.776000000000000000e+03,-1.442300000000000000e+04,-7.871000000000000000e+03,3.115000000000000000e+03,-1.404800000000000000e+04
-2.189000000000000000e+03,-6.387000000000000000e+03,-7.741000000000000000e+03,-5.437000000000000000e+03,8.980000000000000000e+02,-5.168000000000000000e+03,-7.029000000000000000e+03,-5.053000000000000000e+03
-8.990000000000000000e+03,-1.048000000000000000e+04,-3.809000000000000000e+03,-7.874000000000000000e+03,-5.524000000000000000e+03,-1.404100000000000000e+04,-6.465000000000000000e+03,6.034000000000000000e+03
-3.631000000000000000e+03,-6.733000000000000000e+03,-1.255200000000000000e+04,8.182000000000000000e+03,-1.179400000000000000e+04,7.431000000000000000e+03,-1.267200000000000000e+04,-1.383000000000000000e+04
-2.078000000000000000e+03,-8.909000000000000000e+03,-4.357000000000000000e+03,-7.889000000000000000e+03,-3.894000000000000000e+03,-6.208000000000000000e+03,2.549000000000000000e+03,-5.239000000000000000e+03
-7.251000000000000000e+03,1.470200000000000000e+04,-6.321000000000000000e+03,-6.246000000000000000e+03,-1.025900000000000000e+04,-9.608000000000000000e+03,-2.818000000000000000e+03,-1.080800000000000000e+04
-6.808000000000000000e+03,1.924200000000000000e+04,-9.033000000000000000e+03,-3.158000000000000000e+03,-1.177000000000000000e+04,-7.646000000000000000e+03,-7.211000000000000000e+03,-9.879000000000000000e+03
-1.789000000000000000e+03,-1.120000000000000000e+04,2.210000000000000000e+03,-3.176000000000000000e+03,5.845000000000000000e+03,-1.044200000000000000e+04,-1.011100000000000000e+04,-1.099900000000000000e+04
-7.511000000000000000e+03,-7.607000000000000000e+03,-3.619000000000000000e+03,-1.096200000000000000e+04,-4.852000000000000000e+03,-1.459400000000000000e+04,1.183500000000000000e+04,-1.817000000000000000e+03
-2.484000000000000000e+03,-8.526000000000000000e+03,-6.552000000000000000e+03,5.976000000000000000e+03,-6.697000000000000000e+03,1.367000000000000000e+03,-8.109000000000000000e+03,-1.067400000000000000e+04
2.948000000000000000e+03,-5.408000000000000000e+03,-1.021800000000000000e+04,-4.060000000000000000e+02,-7.509000000000000000e+03,-8.114000000000000000e+03,-2.723000000000000000e+03,-1.547700000000000000e+04
9.510000000000000000e+02,-9.131000000000000000e+03,-1.230500000000000000e+04,-3.167000000000000000e+03,7.680000000000000000e+02,7.740000000000000000e+02,-7.324000000000000000e+03,-1.053400000000000000e+04
2.226000000000000000e+03,-6.195000000000000000e+03,-8.276000000000000000e+03,-5.555000000000000000e+03,4.040000000000000000e+02,-2.718000000000000000e+03,-8.290000000000000000e+03,-1.744600000000000000e+04
-5.190000000000000000e+02,2.900000000000000000e+01,-5.302000000000000000e+03,1.370000000000000000e+03,-8.859000000000000000e+03,-8.878000000000000000e+03,6.200000000000000000e+02,-1.265400000000000000e+04
1.021500000000000000e+04,-6.889000000000000000e+03,-7.999000000000000000e+03,-2.190000000000000000e+02,-1.013000000000000000e+03,-5.288000000000000000e+03,-1.166200000000000000e+04,-1.770500000000000000e+04
-4.880000000000000000e+02,7.366000000000000000e+03,-1.006300000000000000e+04,-4.568000000000000000e+03,-8.036000000000000000e+03,-8.262000000000000000e+03,-1.386000000000000000e+03,-1.410300000000000000e+04
-9.128000000000000000e+03,-1.006600000000000000e+04,-1.650000000000000000e+02,-8.900000000000000000e+03,1.110000000000000000e+02,-1.230400000000000000e+04,-3.632000000000000000e+03,3.941000000000000000e+03
9.890000000000000000e+02,2.204000000000000000e+03,-1.098600000000000000e+04,-8.914000000000000000e+03,-7.667000000000000000e+03,-7.138000000000000000e+03,-1.058000000000000000e+03,-1.440400000000000000e+04
-5.370000000000000000e+03,-1.303700000000000000e+04,3.157000000000000000e+03,-9.725000000000000000e+03,5.617000000000000000e+03,-1.350700000000000000e+04,-1.037800000000000000e+04,1.049000000000000000e+03
-3.174000000000000000e+03,-2.809000000000000000e+03,-4.567000000000000000e+03,-1.722000000000000000e+03,-4.525000000000000000e+03,2.650000000000000000e+03,-6.597000000000000000e+03,-8.710000000000000000e+02
-3.630000000000000000e+02,-6.595000000000000000e+03,-3.135000000000000000e+03,2.073000000000000000e+03,-2.322000000000000000e+03,-3.920000000000000000e+03,-1.280000000000000000e+03,-1.066900000000000000e+04
-1.483000000000000000e+03,-4.788000000000000000e+03,-7.429000000000000000e+03,5.909000000000000000e+03,-1.189000000000000000e+04,8.740000000000000000e+03,-9.982000000000000000e+03,-6.734000000000000000e+03
-1.470000000000000000e+03,-8.416000000000000000e+03,-1.784000000000000000e+03,-1.411000000000000000e+03,-1.325000000000000000e+03,-8.826000000000000000e+03,-6.295000000000000000e+03,-6.022000000000000000e+03
-4.211000000000000000e+03,1.100800000000000000e+04,-1.007800000000000000e+04,-5.414000000000000000e+03,-4.083000000000000000e+03,-5.668000000000000000e+03,-6.327000000000000000e+03,-1.541000000000000000e+04
-5.296000000000000000e+03,6.117000000000000000e+03,-8.184000000000000000e+03,-5.760000000000000000e+03,-1.189600000000000000e+04,-8.395000000000000000e+03,-6.600000000000000000e+01,-1.175900000000000000e+04
-6.587000000000000000e+03,-9.468000000000000000e+03,-8.929000000000000000e+03,-2.847000000000000000e+03,-4.122000000000000000e+03,-2.708000000000000000e+03,1.163900000000000000e+04,-7.124000000000000000e+03
9.120000000000000000e+02,-4.373000000000000000e+03,-9.115000000000000000e+03,2.152000000000000000e+03,-4.542000000000000000e+03,1.921000000000000000e+03,-6.648000000000000000e+03,-7.842000000000000000e+03
-3.027000000000000000e+03,-7.557000000000000000e+03,-9.340000000000000000e+03,6.084000000000000000e+03,-9.606000000000000000e+03,-4.266000000000000000e+03,-3.412000000000000000e+03,-1.719800000000000000e+04
-8.007000000000000000e+03,-5.744000000000000000e+03,-6.568000000000000000e+03,-4.210000000000000000e+03,-1.011100000000000000e+04,-9.146000000000000000e+03,7.889000000000000000e+03,-3.312000000000000000e+03
-5.453000000000000000e+03,-9.836000000000000000e+03,-4.007000000000000000e+03,-4.162000000000000000e+03,-1.938000000000000000e+03,-8.618000000000000000e+03,1.751000000000000000e+03,-8.137000000000000000e+03
1.110000000000000000e+02,-1.110500000000000000e+04,-3.321000000000000000e+03,-3.162000000000000000e+03,6.464000000000000000e+03,-1.158900000000000000e+04,-6.764000000000000000e+03,-4.717000000000000000e+03
-4.132000000000000000e+03,-1.220000000000000000e+04,1.893000000000000000e+03,-6.589000000000000000e+03,-1.461000000000000000e+03,-1.314100000000000000e+04,-9.639000000000000000e+03,5.339000000000000000e+03
-3.325000000000000000e+03,6.717000000000000000e+03,-1.113200000000000000e+04,-5.327000000000000000e+03,-7.022000000000000000e+03,-4.374000000000000000e+03,-4.054000000000000000e+03,-1.144000000000000000e+04
-5.629000000000000000e+03,-5.638000000000000000e+03,-2.963000000000000000e+03,-3.900000000000000000e+03,-2.804000000000000000e+03,-7.705000000000000000e+03,8.683000000000000000e+03,-5.339000000000000000e+03
-9.629000000000000000e+03,-9.681000000000000000e+03,-7.600000000000000000e+01,-1.192400000000000000e+04,-6.934000000000000000e+03,-1.380000000000000000e+04,-6.258000000000000000e+03,9.413000000000000000e+03
-6.273000000000000000e+03,5.380000000000000000e+02,1.400000000000000000e+02,9.730000000000000000e+02,-7.242000000000000000e+03,-9.253000000000000000e+03,-1.542000000000000000e+03,-1.106900000000000000e+04
-6.738000000000000000e+03,-8.694000000000000000e+03,-4.438000000000000000e+03,-6.661000000000000000e+03,-5.742000000000000000e+03,-1.670700000000000000e+04,-2.179000000000000000e+03,9.210000000000000000e+03
-2.108000000000000000e+03,-7.542000000000000000e+03,-3.291000000000000000e+03,7.632000000000000000e+03,-1.243000000000000000e+03,-8.688000000000000000e+03,-8.404000000000000000e+03,-1.370400000000000000e+04
5.442000000000000000e+03,-1.043100000000000000e+04,-7.634000000000000000e+03,-1.876000000000000000e+03,2.935000000000000000e+03,-3.791000000000000000e+03,-8.985000000000000000e+03,-1.705100000000000000e+04
-9.561000000000000000e+03,-9.773000000000000000e+03,-7.677000000000000000e+03,-7.290000000000000000e+03,-8.249000000000000000e+03,-1.553100000000000000e+04,-5.258000000000000000e+03,1.211700000000000000e+04
-8.136000000000000000e+03,-1.241100000000000000e+04,1.986000000000000000e+03,-1.134400000000000000e+04,-4.794000000000000000e+03,-1.416600000000000000e+04,-8.956000000000000000e+03,6.139000000000000000e+03
-7.878000000000000000e+03,1.880200000000000000e+04,-9.518000000000000000e+03,-7.268000000000000000e+03,-1.314800000000000000e+04,-8.537000000000000000e+03,-3.380000000000000000e+03,-1.359700000000000000e+04
-1.019000000000000000e+04,-1.035100000000000000e+04,-3.755000000000000000e+03,-9.557000000000000000e+03,-6.084000000000000000e+03,-1.681900000000000000e+04,-9.862000000000000000e+03,1.153000000000000000e+04
-7.424000000000000000e+03,-1.200600000000000000e+04,-1.681000000000000000e+03,-9.455000000000000000e+03,-6.195000000000000000e+03,-1.645300000000000000e+04,-1.642000000000000000e+03,8.140000000000000000e+03
-8.630000000000000000e+02,-7.484000000000000000e+03,-8.728000000000000000e+03,1.760000000000000000e+03,-2.083000000000000000e+03,1.093000000000000000e+03,-1.081300000000000000e+04,-1.411300000000000000e+04
7.910000000000000000e+02,-9.795000000000000000e+03,-3.533000000000000000e+03,-4.107000000000000000e+03,6.504000000000000000e+03,-9.903000000000000000e+03,-9.306000000000000000e+03,-9.143000000000000000e+03
-2.283000000000000000e+03,7.922000000000000000e+03,-7.829000000000000000e+03,-4.838000000000000000e+03,-1.100000000000000000e+04,-8.437000000000000000e+03,-5.219000000000000000e+03,-1.826000000000000000e+04
-8.531000000000000000e+03,-8.076000000000000000e+03,-4.706000000000000000e+03,-8.917000000000000000e+03,-3.810000000000000000e+03,-1.121000000000000000e+04,-3.562000000000000000e+03,6.839000000000000000e+03
3.098000000000000000e+03,-8.741000000000000000e+03,-9.443000000000000000e+03,8.592000000000000000e+03,-1.067900000000000000e+04,5.740000000000000000e+03,-1.381100000000000000e+04,-1.322600000000000000e+04
-4.230000000000000000e+03,-5.784000000000000000e+03,-6.177000000000000000e+03,-4.552000000000000000e+03,-1.037600000000000000e+04,6.873000000000000000e+03,-1.526000000000000000e+03,-7.087000000000000000e+03
-1.894000000000000000e+03,-9.061000000000000000e+03,-5.413000000000000000e+03,-3.018000000000000000e+03,8.177000000000000000e+03,-9.452000000000000000e+03,-4.564000000000000000e+03,-6.186000000000000000e+03
6.527000000000000000e+03,-7.271000000000000000e+03,-7.903000000000000000e+03,2.640000000000000000e+03,-1.459000000000000000e+03,-3.531000000000000000e+03,-8.697000000000000000e+03,-1.435500000000000000e+04
-7.946000000000000000e+03,-1.119500000000000000e+04,2.790000000000000000e+03,-9.846000000000000000e+03,-2.618000000000000000e+03,-1.383900000000000000e+04,-9.564000000000000000e+03,3.063000000000000000e+03
-9.665000000000000000e+03,-7.469000000000000000e+03,-2.526000000000000000e+03,-1.223200000000000000e+04,-9.133000000000000000e+03,-1.442600000000000000e+04,-5.872000000000000000e+03,9.874000000000000000e+03
-5.253000000000000000e+03,1.468900000000000000e+04,-1.176200000000000000e+04,-5.930000000000000000e+02,-1.299700000000000000e+04,-5.423000000000000000e+03,-1.292200000000000000e+04,-1.515900000000000000e+04
-2.614000000000000000e+03,8.668000000000000000e+03,-5.870000000000000000e+03,-5.830000000000000000e+02,-1.324500000000000000e+04,-6.608000000000000000e+03,-8.213000000000000000e+03,-1.574300000000000000e+04
-9.800000000000000000e+01,-6.117000000000000000e+03,-9.608000000000000000e+03,4.990000000000000000e+02,-5.720000000000000000e+03,6.750000000000000000e+02,-3.744000000000000000e+03,-1.615500000000000000e+04
-1.148500000000000000e+04,-6.488000000000000000e+03,-5.962000000000000000e+03,-7.140000000000000000e+03,-7.901000000000000000e+03,-1.373300000000000000e+04,-1.434000000000000000e+03,7.868000000000000000e+03
-4.331000000000000000e+03,-6.797000000000000000e+03,-2.313000000000000000e+03,-2.427000000000000000e+03,-3.846000000000000000e+03,-9.101000000000000000e+03,8.254000000000000000e+03,-1.108900000000000000e+04
-1.600000000000000000e+03,-6.824000000000000000e+03,-5.514000000000000000e+03,8.224000000000000000e+03,-4.487000000000000000e+03,-4.927000000000000000e+03,-7.742000000000000000e+03,-1.380600000000000000e+04
4.097000000000000000e+03,-7.922000000000000000e+03,-6.524000000000000000e+03,1.355000000000000000e+03,-4.517000000000000000e+03,-2.750000000000000000e+02,-1.174200000000000000e+04,-1.669400000000000000e+04
-4.808000000000000000e+03,6.297000000000000000e+03,-9.483000000000000000e+03,-4.783000000000000000e+03,-1.004800000000000000e+04,-2.510000000000000000e+03,-5.771000000000000000e+03,-1.315000000000000000e+04
-3.166000000000000000e+03,-4.864000000000000000e+03,-6.333000000000000000e+03,7.743000000000000000e+03,-1.014900000000000000e+04,-4.620000000000000000e+02,-1.099800000000000000e+04,-1.400000000000000000e+04
-3.966000000000000000e+03,-9.876000000000000000e+03,-2.163000000000000000e+03,-6.603000000000000000e+03,7.972000000000000000e+03,-1.298800000000000000e+04,-8.807000000000000000e+03,-1.386000000000000000e+03
-3.072000000000000000e+03,-1.122900000000000000e+04,9.964000000000000000e+03,-6.539000000000000000e+03,3.386000000000000000e+03,-1.277000000000000000e+04,-5.949000000000000000e+03,-6.499000000000000000e+03
-4.976000000000000000e+03,1.155000000000000000e+04,-1.049500000000000000e+04,-2.472000000000000000e+03,-9.359000000000000000e+03,-6.274000000000000000e+03,-6.982000000000000000e+03,-1.390800000000000000e+04
-1.935000000000000000e+03,-1.002200000000000000e+04,3.283000000000000000e+03,-3.622000000000000000e+03,3.535000000000000000e+03,-8.337000000000000000e+03,-8.221000000000000000e+03,-8.368000000000000000e+03
-2.998000000000000000e+03,6.824000000000000000e+03,-1.156400000000000000e+04,-6.450000000000000000e+02,-3.277000000000000000e+03,-7.009000000000000000e+03,-4.893000000000000000e+03,-9.936000000000000000e+03
-7.780000000000000000e+02,6.468000000000000000e+03,-8.121000000000000000e+03,2.179000000000000000e+03,-1.156000000000000000e+04,-2.270000000000000000e+03,-4.778000000000000000e+03,-7.623000000000000000e+03
-6.585000000000000000e+03,-1.133300000000000000e+04,-6.272000000000000000e+03,1.096000000000000000e+03,-6.812000000000000000e+03,-5.330000000000000000e+03,6.260000000000000000e+03,-9.045000000000000000e+03
-5.645000000000000000e+03,9.707000000000000000e+03,-1.145200000000000000e+04,-5.813000000000000000e+03,-4.633000000000000000e+03,-6.729000000000000000e+03,-3.923000000000000000e+03,-8.063000000000000000e+03
-1.249900000000000000e+04,-1.210000000000000000e+02,-2.202000000000000000e+03,-2.766000000000000000e+03,-1.110100000000000000e+04,-1.239600000000000000e+04,1.041300000000000000e+04,-1.094000000000000000e+04
-8.682000000000000000e+03,-5.335000000000000000e+03,-6.128000000000000000e+03,-6.957000000000000000e+03,-1.099200000000000000e+04,-9.868000000000000000e+03,1.352200000000000000e+04,-6.258000000000000000e+03
-7.843000000000000000e+03,-3.643000000000000000e+03,-1.295900000000000000e+04,-7.217000000000000000e+03,-7.341000000000000000e+03,-4.127000000000000000e+03,1.285900000000000000e+04,-5.880000000000000000e+03
-9.450000000000000000e+02,-1.046200000000000000e+04,-6.481000000000000000e+03,-2.336000000000000000e+03,1.149400000000000000e+04,-6.290000000000000000e+03,-1.178000000000000000e+04,-1.059300000000000000e+04
-3.686000000000000000e+03,-9.648000000000000000e+03,-3.824000000000000000e+03,3.832000000000000000e+03,-4.261000000000000000e+03,-5.675000000000000000e+03,3.559000000000000000e+03,-1.409900000000000000e+04
-2.977000000000000000e+03,-7.371000000000000000e+03,1.543000000000000000e+03,1.654000000000000000e+03,-3.340000000000000000e+02,-8.743000000000000000e+03,-5.012000000000000000e+03,-9.762000000000000000e+03
4.156000000000000000e+03,-8.248000000000000000e+03,-5.763000000000000000e+03,2.205000000000000000e+03,-2.781000000000000000e+03,-4.349000000000000000e+03,-8.954000000000000000e+03,-1.166400000000000000e+04
-5.655000000000000000e+03,1.441700000000000000e+04,-1.010400000000000000e+04,-7.792000000000000000e+03,-6.344000000000000000e+03,-2.970000000000000000e+03,-5.271000000000000000e+03,-1.529700000000000000e+04
1.039700000000000000e+04,-8.758000000000000000e+03,-1.309800000000000000e+04,6.300000000000000000e+02,-4.900000000000000000e+03,-3.260000000000000000e+02,-1.350800000000000000e+04,-1.671600000000000000e+04
-3.407000000000000000e+03,-4.124000000000000000e+03,-6.555000000000000000e+03,5.220000000000000000e+02,-4.108000000000000000e+03,-1.754000000000000000e+03,-6.600000000000000000e+03,-3.307000000000000000e+03
-3.399000000000000000e+03,-9.645000000000000000e+03,7.458000000000000000e+03,-7.746000000000000000e+03,1.030000000000000000e+02,-1.196000000000000000e+04,-6.804000000000000000e+03,-4.046000000000000000e+03
1.900000000000000000e+01,-2.864000000000000000e+03,-8.774000000000000000e+03,6.180000000000000000e+02,-8.507000000000000000e+03,5.860000000000000000e+03,-9.518000000000000000e+03,-6.986000000000000000e+03
-1.326000000000000000e+03,3.861000000000000000e+03,-7.001000000000000000e+03,8.450000000000000000e+02,-8.832000000000000000e+03,-2.793000000000000000e+03,-5.028000000000000000e+03,-4.510000000000000000e+03
-7.581000000000000000e+03,-7.501000000000000000e+03,-5.951000000000000000e+03,-1.168500000000000000e+04,-7.374000000000000000e+03,-7.823000000000000000e+03,1.223900000000000000e+04,-5.011000000000000000e+03
3.012000000000000000e+03,-3.555000000000000000e+03,-9.150000000000000000e+03,3.836000000000000000e+03,-1.060500000000000000e+04,-3.081000000000000000e+03,-7.260000000000000000e+03,-1.212200000000000000e+04
-5.261000000000000000e+03,-9.593000000000000000e+03,-5.901000000000000000e+03,-5.150000000000000000e+03,3.173000000000000000e+03,-4.433000000000000000e+03,-2.046000000000000000e+03,-1.573000000000000000e+03
-8.419000000000000000e+03,-5.164000000000000000e+03,-9.218000000000000000e+03,-7.217000000000000000e+03,-1.050800000000000000e+04,-3.225000000000000000e+03,8.502000000000000000e+03,-6.479000000000000000e+03
-4.988000000000000000e+03,-1.079500000000000000e+04,3.672000000000000000e+03,-5.816000000000000000e+03,2.210000000000000000e+02,-1.323000000000000000e+04,-3.573000000000000000e+03,-4.001000000000000000e+03
5.540000000000000000e+02,-1.290500000000000000e+04,-4.658000000000000000e+03,-8.394000000000000000e+03,9.881000000000000000e+03,-1.149000000000000000e+04,-7.161000000000000000e+03,-8.526000000000000000e+03
-3.983000000000000000e+03,-1.184000000000000000e+03,-4.078000000000000000e+03,-1.157000000000000000e+03,-5.456000000000000000e+03,-1.299100000000000000e+04,3.336000000000000000e+03,-5.847000000000000000e+03
-9.095000000000000000e+03,5.020000000000000000e+02,-5.107000000000000000e+03,1.376000000000000000e+03,-7.892000000000000000e+03,-7.532000000000000000e+03,2.237000000000000000e+03,-1.066500000000000000e+04
9.884000000000000000e+03,-8.714000000000000000e+03,-1.022800000000000000e+04,6.874000000000000000e+03,-8.218000000000000000e+03,-2.642000000000000000e+03,-6.528000000000000000e+03,-1.466900000000000000e+04
-2.842000000000000000e+03,-2.558000000000000000e+03,-7.443000000000000000e+03,2.460000000000000000e+03,-1.401700000000000000e+04,6.729000000000000000e+03,-6.526000000000000000e+03,-1.091500000000000000e+04
-5.179000000000000000e+03,-8.720000000000000000e+03,3.240000000000000000e+02,1.480000000000000000e+02,8.991000000000000000e+03,-9.714000000000000000e+03,-9.548000000000000000e+03,-8.633000000000000000e+03
-3.603000000000000000e+03,-9.695000000000000000e+03,-3.496000000000000000e+03,-7.323000000000000000e+03,8.056000000000000000e+03,-1.351800000000000000e+04,-6.637000000000000000e+03,-3.141000000000000000e+03
-1.343800000000000000e+04,-9.510000000000000000e+03,-7.324000000000000000e+03,-7.177000000000000000e+03,-9.466000000000000000e+03,-1.516700000000000000e+04,-1.089800000000000000e+04,1.268100000000000000e+04
-5.947000000000000000e+03,-6.482000000000000000e+03,-6.303000000000000000e+03,-7.288000000000000000e+03,-9.249000000000000000e+03,-9.511000000000000000e+03,1.255800000000000000e+04,-6.969000000000000000e+03
-7.517000000000000000e+03,-5.398000000000000000e+03,-4.008000000000000000e+03,-3.464000000000000000e+03,-1.999000000000000000e+03,-4.810000000000000000e+03,6.478000000000000000e+03,-4.856000000000000000e+03
-1.003100000000000000e+04,-6.557000000000000000e+03,-7.770000000000000000e+03,-1.917000000000000000e+03,-7.801000000000000000e+03,-1.064300000000000000e+04,1.530600000000000000e+04,-3.871000000000000000e+03
-1.300800000000000000e+04,-6.963000000000000000e+03,-1.128300000000000000e+04,-7.933000000000000000e+03,-1.116300000000000000e+04,-1.101400000000000000e+04,-1.009900000000000000e+04,1.295400000000000000e+04
-7.042000000000000000e+03,-7.015000000000000000e+03,-2.122000000000000000e+03,5.436000000000000000e+03,-1.075500000000000000e+04,-7.592000000000000000e+03,-2.875000000000000000e+03,-1.303100000000000000e+04
-2.982000000000000000e+03,-4.939000000000000000e+03,-6.305000000000000000e+03,-4.729000000000000000e+03,-5.480000000000000000e+03,-1.091700000000000000e+04,1.146100000000000000e+04,-4.582000000000000000e+03
4.750000000000000000e+02,-4.892000000000000000e+03,-8.515000000000000000e+03,5.885000000000000000e+03,-9.796000000000000000e+03,6.437000000000000000e+03,-1.274900000000000000e+04,-9.275000000000000000e+03
-7.087000000000000000e+03,1.416500000000000000e+04,-1.043100000000000000e+04,-7.090000000000000000e+02,-6.881000000000000000e+03,-6.209000000000000000e+03,-8.483000000000000000e+03,-1.030900000000000000e+04
-6.358000000000000000e+03,-6.861000000000000000e+03,-3.997000000000000000e+03,-6.585000000000000000e+03,-5.179000000000000000e+03,-1.142500000000000000e+04,9.544000000000000000e+03,-5.254000000000000000e+03
-2.238000000000000000e+03,1.857200000000000000e+04,-9.901000000000000000e+03,-1.831000000000000000e+03,-1.174400000000000000e+04,-6.593000000000000000e+03,-5.407000000000000000e+03,-1.105300000000000000e+04
-2.991000000000000000e+03,-1.665000000000000000e+03,-1.012200000000000000e+04,2.459000000000000000e+03,-1.022000000000000000e+04,1.844000000000000000e+03,-7.673000000000000000e+03,-1.327000000000000000e+04
-8.577000000000000000e+03,-8.817000000000000000e+03,-6.919000000000000000e+03,-7.420000000000000000e+03,-7.783000000000000000e+03,-9.150000000000000000e+03,-1.087900000000000000e+04,1.079800000000000000e+04
-8.830000000000000000e+02,-3.922000000000000000e+03,-9.099000000000000000e+03,1.405000000000000000e+03,-9.737000000000000000e+03,6.286000000000000000e+03,-3.794000000000000000e+03,-9.342000000000000000e+03
-1.857000000000000000e+03,-5.216000000000000000e+03,-1.961000000000000000e+03,2.388000000000000000e+03,-4.833000000000000000e+03,-6.319000000000000000e+03,-7.569000000000000000e+03,-4.394000000000000000e+03
-6.006000000000000000e+03,-1.079700000000000000e+04,-7.300000000000000000e+02,-5.724000000000000000e+03,-2.674000000000000000e+03,-8.799000000000000000e+03,8.283000000000000000e+03,-9.630000000000000000e+02
-8.164000000000000000e+03,3.436000000000000000e+03,-6.346000000000000000e+03,-1.746000000000000000e+03,-7.154000000000000000e+03,-9.975000000000000000e+03,-1.059000000000000000e+03,-6.240000000000000000e+02
-5.670000000000000000e+03,-4.265000000000000000e+03,-1.076300000000000000e+04,2.287000000000000000e+03,-7.260000000000000000e+03,5.626000000000000000e+03,-1.016000000000000000e+04,-5.339000000000000000e+03
1.890000000000000000e+02,-1.077700000000000000e+04,-2.838000000000000000e+03,1.099000000000000000e+03,9.782000000000000000e+03,-6.357000000000000000e+03,-1.135300000000000000e+04,-1.130800000000000000e+04
9.000000000000000000e+01,-7.971000000000000000e+03,6.954000000000000000e+03,-1.856000000000000000e+03,-2.432000000000000000e+03,-1.122500000000000000e+04,-5.472000000000000000e+03,-1.420300000000000000e+04
-8.809000000000000000e+03,-1.307900000000000000e+04,1.645000000000000000e+03,-6.452000000000000000e+03,-1.817000000000000000e+03,-1.675000000000000000e+04,-9.963000000000000000e+03,7.189000000000000000e+03
-2.573000000000000000e+03,-1.262300000000000000e+04,-3.325000000000000000e+03,-5.381000000000000000e+03,1.606000000000000000e+03,-6.566000000000000000e+03,-2.509000000000000000e+03,-2.179000000000000000e+03
1.226000000000000000e+03,-1.027200000000000000e+04,-4.709000000000000000e+03,1.741000000000000000e+03,-3.030000000000000000e+03,-7.397000000000000000e+03,5.669000000000000000e+03,-1.309800000000000000e+04
2.044000000000000000e+03,-6.987000000000000000e+03,-8.623000000000000000e+03,-8.920000000000000000e+02,3.710000000000000000e+03,-9.280000000000000000e+03,-9.152000000000000000e+03,-9.800000000000000000e+03
-4.522000000000000000e+03,-8.327000000000000000e+03,-8.150000000000000000e+02,-3.908000000000000000e+03,-2.344000000000000000e+03,-1.085400000000000000e+04,4.554000000000000000e+03,-8.111000000000000000e+03
4.621000000000000000e+03,-4.499000000000000000e+03,-5.983000000000000000e+03,-1.301000000000000000e+03,1.183000000000000000e+03,-7.554000000000000000e+03,-5.155000000000000000e+03,-1.273000000000000000e+04
-1.163800000000000000e+04,-1.451000000000000000e+03,-6.159000000000000000e+03,-8.030000000000000000e+03,-1.040500000000000000e+04,-1.079100000000000000e+04,-5.679000000000000000e+03,8.053000000000000000e+03
-4.030000000000000000e+03,6.087000000000000000e+03,-2.707000000000000000e+03,-4.443000000000000000e+03,-8.408000000000000000e+03,-8.462000000000000000e+03,-7.227000000000000000e+03,-9.073000000000000000e+03
-5.402000000000000000e+03,-6.923000000000000000e+03,-7.717000000000000000e+03,-1.223000000000000000e+03,-5.879000000000000000e+03,8.271000000000000000e+03,-4.901000000000000000e+03,-6.296000000000000000e+03
-7.555000000000000000e+03,-9.359000000000000000e+03,-4.628000000000000000e+03,-1.171500000000000000e+04,-8.831000000000000000e+03,-1.266200000000000000e+04,-8.007000000000000000e+03,1.200900000000000000e+04
-7.349000000000000000e+03,-1.020800000000000000e+04,2.060000000000000000e+02,-6.101000000000000000e+03,-3.748000000000000000e+03,-1.688700000000000000e+04,-6.790000000000000000e+03,6.806000000000000000e+03
2.042000000000000000e+03,-3.087000000000000000e+03,-1.045900000000000000e+04,-4.054000000000000000e+03,-7.441000000000000000e+03,1.950000000000000000e+03,-5.568000000000000000e+03,-1.600200000000000000e+04
-2.911000000000000000e+03,-9.429000000000000000e+03,-4.767000000000000000e+03,-4.712000000000000000e+03,-2.260000000000000000e+03,-1.010600000000000000e+04,7.135000000000000000e+03,-4.582000000000000000e+03
1.006000000000000000e+03,3.580000000000000000e+03,-7.476000000000000000e+03,-3.072000000000000000e+03,-3.719000000000000000e+03,-4.722000000000000000e+03,-2.808000000000000000e+03,-7.726000000000000000e+03
1.239000000000000000e+04,-1.077300000000000000e+04,-3.895000000000000000e+03,3.005000000000000000e+03,-4.710000000000000000e+02,-6.320000000000000000e+03,-6.169000000000000000e+03,-1.512500000000000000e+04
-5.859000000000000000e+03,-6.039000000000000000e+03,-7.921000000000000000e+03,-2.117000000000000000e+03,-6.731000000000000000e+03,5.735000000000000000e+03,-6.409000000000000000e+03,-1.060100000000000000e+04
-3.224000000000000000e+03,-2.279000000000000000e+03,-1.118300000000000000e+04,4.243000000000000000e+03,-1.515500000000000000e+04,4.525000000000000000e+03,-1.334200000000000000e+04,-1.049200000000000000e+04
-4.032000000000000000e+03,2.602000000000000000e+03,-6.996000000000000000e+03,-5.036000000000000000e+03,-5.333000000000000000e+03,-7.947000000000000000e+03,-3.266000000000000000e+03,-6.411000000000000000e+03
-8.374000000000000000e+03,1.234700000000000000e+04,-8.780000000000000000e+03,-7.097000000000000000e+03,-1.197900000000000000e+04,-6.699000000000000000e+03,1.780000000000000000e+02,-1.471700000000000000e+04
-1.998000000000000000e+03,-6.695000000000000000e+03,-5.431000000000000000e+03,5.857000000000000000e+03,-2.534000000000000000e+03,-6.692000000000000000e+03,-1.944000000000000000e+03,-9.031000000000000000e+03
-2.393000000000000000e+03,1.337900000000000000e+04,-1.042600000000000000e+04,1.472000000000000000e+03,-1.041200000000000000e+04,-3.740000000000000000e+03,-6.553000000000000000e+03,-6.018000000000000000e+03
-1.418400000000000000e+04,-7.006000000000000000e+03,-7.086000000000000000e+03,-7.664000000000000000e+03,-9.294000000000000000e+03,-1.274500000000000000e+04,-1.163400000000000000e+04,1.175900000000000000e+04
2.362000000000000000e+03,-6.036000000000000000e+03,-5.668000000000000000e+03,1.904000000000000000e+03,-1.329000000000000000e+04,-3.947000000000000000e+03,-5.844000000000000000e+03,-1.327800000000000000e+04
-4.844000000000000000e+03,-8.848000000000000000e+03,-3.490000000000000000e+03,-5.847000000000000000e+03,-6.959000000000000000e+03,-1.528600000000000000e+04,-3.560000000000000000e+03,8.971000000000000000e+03
-8.701000000000000000e+03,-3.775000000000000000e+03,-3.885000000000000000e+03,-1.729000000000000000e+03,-4.757000000000000000e+03,-1.205400000000000000e+04,1.023400000000000000e+04,-6.345000000000000000e+03
-3.256000000000000000e+03,-7.921000000000000000e+03,-3.944000000000000000e+03,-6.252000000000000000e+03,3.496000000000000000e+03,-3.626000000000000000e+03,4.350000000000000000e+02,-9.161000000000000000e+03
-6.925000000000000000e+03,-3.622000000000000000e+03,-9.124000000000000000e+03,-5.494000000000000000e+03,-9.238000000000000000e+03,-7.283000000000000000e+03,1.171300000000000000e+04,-6.482000000000000000e+03
-6.655000000000000000e+03,2.050000000000000000e+03,-9.456000000000000000e+03,-8.749000000000000000e+03,-1.148700000000000000e+04,-5.867000000000000000e+03,1.118000000000000000e+03,-1.149600000000000000e+04
-1.507000000000000000e+03,-6.192000000000000000e+03,-8.963000000000000000e+03,2.841000000000000000e+03,1.390000000000000000e+02,-2.724000000000000000e+03,-1.223400000000000000e+04,-1.090500000000000000e+04
-7.221000000000000000e+03,-8.317000000000000000e+03,-6.824000000000000000e+03,-8.159000000000000000e+03,-7.420000000000000000e+03,-1.259700000000000000e+04,-7.284000000000000000e+03,1.085100000000000000e+04
-1.076100000000000000e+04,-6.931000000000000000e+03,5.330000000000000000e+03,-6.025000000000000000e+03,-6.920000000000000000e+03,-1.132100000000000000e+04,-2.617000000000000000e+03,-7.680000000000000000e+02
4.914000000000000000e+03,-9.590000000000000000e+03,-4.754000000000000000e+03,-8.157000000000000000e+03,1.273000000000000000e+03,-5.718000000000000000e+03,-5.655000000000000000e+03,-1.311100000000000000e+04
3.925000000000000000e+03,-9.549000000000000000e+03,-7.243000000000000000e+03,-1.370000000000000000e+03,5.405000000000000000e+03,-1.142500000000000000e+04,-1.095100000000000000e+04,-1.090100000000000000e+04
-2.023000000000000000e+03,-8.663000000000000000e+03,-4.787000000000000000e+03,-1.966000000000000000e+03,5.480000000000000000e+02,-1.292900000000000000e+04,6.710000000000000000e+02,-4.422000000000000000e+03
-2.366000000000000000e+03,1.300000000000000000e+01,-5.273000000000000000e+03,4.743000000000000000e+03,-4.452000000000000000e+03,-7.113000000000000000e+03,-3.239000000000000000e+03,-1.307600000000000000e+04
-9.370000000000000000e+03,7.440000000000000000e+03,-1.191400000000000000e+04,-3.827000000000000000e+03,-1.392300000000000000e+04,-2.057000000000000000e+03,-3.348000000000000000e+03,-9.333000000000000000e+03
-9.543000000000000000e+03,-1.099900000000000000e+04,-3.758000000000000000e+03,-1.116500000000000000e+04,-9.020000000000000000e+03,-1.831100000000000000e+04,-6.488000000000000000e+03,1.075500000000000000e+04
-3.880000000000000000e+02,-6.242000000000000000e+03,-9.474000000000000000e+03,1.042000000000000000e+03,-7.211000000000000000e+03,1.851000000000000000e+03,-3.615000000000000000e+03,-6.965000000000000000e+03
-1.374000000000000000e+03,-1.199000000000000000e+04,-4.988000000000000000e+03,-6.720000000000000000e+03,1.176700000000000000e+04,-6.945000000000000000e+03,-5.916000000000000000e+03,-7.816000000000000000e+03
-7.339000000000000000e+03,1.286200000000000000e+04,-7.008000000000000000e+03,-3.782000000000000000e+03,-8.182000000000000000e+03,-5.341000000000000000e+03,-4.259000000000000000e+03,-1.302400000000000000e+04
-7.714000000000000000e+03,5.991000000000000000e+03,-1.002900000000000000e+04,-4.746000000000000000e+03,-6.680000000000000000e+03,-3.489000000000000000e+03,-4.922000000000000000e+03,-4.726000000000000000e+03
1.617000000000000000e+03,-6.711000000000000000e+03,-7.326000000000000000e+03,-8.930000000000000000e+02,-1.048700000000000000e+04,4.494000000000000000e+03,-5.616000000000000000e+03,-1.329300000000000000e+04
-5.277000000000000000e+03,-5.326000000000000000e+03,-8.672000000000000000e+03,-7.844000000000000000e+03,-4.881000000000000000e+03,-7.577000000000000000e+03,6.896000000000000000e+03,-4.633000000000000000e+03
-7.563000000000000000e+03,-3.751000000000000000e+03,-7.947000000000000000e+03,-4.177000000000000000e+03,-1.311400000000000000e+04,-6.869000000000000000e+03,1.193200000000000000e+04,-4.073000000000000000e+03
-8.353000000000000000e+03,9.828000000000000000e+03,-8.777000000000000000e+03,-3.934000000000000000e+03,-1.450900000000000000e+04,-5.198000000000000000e+03,-6.564000000000000000e+03,-1.630900000000000000e+04
-9.601000000000000000e+03,-1.026400000000000000e+04,-7.608000000000000000e+03,-9.185000000000000000e+03,-9.196000000000000000e+03,-1.089400000000000000e+04,-9.308000000000000000e+03,1.071800000000000000e+04
-6.769000000000000000e+03,2.388000000000000000e+03,-8.316000000000000000e+03,-1.772000000000000000e+03,-9.795000000000000000e+03,-6.681000000000000000e+03,5.211000000000000000e+03,-8.167000000000000000e+03
7.431000000000000000e+03,-9.312000000000000000e+03,-4.959000000000000000e+03,1.911000000000000000e+03,-6.692000000000000000e+03,6.534000000000000000e+03,-1.476200000000000000e+04,-1.223600000000000000e+04
-5.362000000000000000e+03,-8.574000000000000000e+03,2.946000000000000000e+03,-3.520000000000000000e+03,1.827000000000000000e+03,-1.031300000000000000e+04,-3.258000000000000000e+03,-1.862000000000000000e+03
-1.027200000000000000e+04,-7.595000000000000000e+03,-6.586000000000000000e+03,-8.009000000000000000e+03,-9.496000000000000000e+03,-8.273000000000000000e+03,-8.744000000000000000e+03,1.303000000000000000e+04
6.930000000000000000e+02,-6.876000000000000000e+03,-1.086700000000000000e+04,1.052000000000000000e+03,-5.079000000000000000e+03,5.093000000000000000e+03,-8.993000000000000000e+03,-1.329200000000000000e+04
-1.309000000000000000e+03,-9.266000000000000000e+03,2.455000000000000000e+03,8.470000000000000000e+02,2.714000000000000000e+03,-7.070000000000000000e+03,-7.396000000000000000e+03,-1.248500000000000000e+04
-6.843000000000000000e+03,-9.874000000000000000e+03,9.160000000000000000e+02,-9.589000000000000000e+03,-2.656000000000000000e+03,-1.280700000000000000e+04,2.974000000000000000e+03,1.215000000000000000e+03
-7.187000000000000000e+03,-3.858000000000000000e+03,-2.203000000000000000e+03,7.847000000000000000e+03,-8.711000000000000000e+03,-4.364000000000000000e+03,-6.696000000000000000e+03,-1.284000000000000000e+04
1.024000000000000000e+03,-6.986000000000000000e+03,-6.000000000000000000e+03,2.083000000000000000e+03,-2.357000000000000000e+03,-4.412000000000000000e+03,-8.610000000000000000e+03,-1.268900000000000000e+04
-3.196000000000000000e+03,-5.228000000000000000e+03,-8.857000000000000000e+03,-7.410000000000000000e+02,-7.189000000000000000e+03,6.351000000000000000e+03,-5.637000000000000000e+03,-7.643000000000000000e+03
-5.760000000000000000e+03,-8.115000000000000000e+03,-5.994000000000000000e+03,-5.623000000000000000e+03,-4.799000000000000000e+03,-1.026900000000000000e+04,8.880000000000000000e+03,-3.474000000000000000e+03
-7.442000000000000000e+03,-4.556000000000000000e+03,-5.956000000000000000e+03,-2.177000000000000000e+03,-5.549000000000000000e+03,-8.451000000000000000e+03,5.176000000000000000e+03,-2.026000000000000000e+03
-9.790000000000000000e+03,-7.698000000000000000e+03,-8.253000000000000000e+03,-8.623000000000000000e+03,-1.082300000000000000e+04,-1.248800000000000000e+04,-4.647000000000000000e+03,9.836000000000000000e+03
-4.050000000000000000e+03,-6.871000000000000000e+03,-9.533000000000000000e+03,8.000000000000000000e+02,-2.252000000000000000e+03,-3.714000000000000000e+03,-1.789000000000000000e+03,-9.506000000000000000e+03
-4.243000000000000000e+03,-6.162000000000000000e+03,-5.964000000000000000e+03,2.401000000000000000e+03,-8.359000000000000000e+03,4.087000000000000000e+03,-3.422000000000000000e+03,-1.164500000000000000e+04
1.904000000000000000e+03,-7.684000000000000000e+03,-7.625000000000000000e+03,6.901000000000000000e+03,-1.285700000000000000e+04,5.986000000000000000e+03,-1.417500000000000000e+04,-1.751600000000000000e+04
-1.159200000000000000e+04,-4.914000000000000000e+03,-8.656000000000000000e+03,-7.532000000000000000e+03,-6.786000000000000000e+03,-1.470800000000000000e+04,1.287700000000000000e+04,-4.840000000000000000e+03
-2.500000000000000000e+01,-7.655000000000000000e+03,-5.590000000000000000e+03,3.550000000000000000e+03,2.138000000000000000e+03,-7.096000000000000000e+03,-7.979000000000000000e+03,-1.430000000000000000e+04
5.050000000000000000e+02,-9.213000000000000000e+03,-5.350000000000000000e+02,7.259000000000000000e+03,-1.128000000000000000e+03,-5.134000000000000000e+03,-1.167800000000000000e+04,-1.421400000000000000e+04
-1.663000000000000000e+03,-1.227000000000000000e+04,-7.278000000000000000e+03,-7.038000000000000000e+03,9.285000000000000000e+03,-9.583000000000000000e+03,-1.053800000000000000e+04,-9.264000000000000000e+03
1.077000000000000000e+03,-8.895000000000000000e+03,-9.461000000000000000e+03,2.770000000000000000e+03,-3.652000000000000000e+03,2.270000000000000000e+03,-4.240000000000000000e+03,-1.202000000000000000e+04
-8.320000000000000000e+03,-1.258600000000000000e+04,-4.348000000000000000e+03,-1.060800000000000000e+04,-7.144000000000000000e+03,-1.915900000000000000e+04,-7.617000000000000000e+03,1.231800000000000000e+04
-4.656000000000000000e+03,1.201200000000000000e+04,-8.747000000000000000e+03,-8.349000000000000000e+03,-9.437000000000000000e+03,-9.348000000000000000e+03,-1.336000000000000000e+03,-1.326400000000000000e+04
-9.094000000000000000e+03,-7.858000000000000000e+03,-5.765000000000000000e+03,-9.313000000000000000e+03,-8.993000000000000000e+03,-1.618800000000000000e+04,-9.268000000000000000e+03,1.180100000000000000e+04
-4.946000000000000000e+03,-3.149000000000000000e+03,-4.839000000000000000e+03,8.590000000000000000e+02,-5.317000000000000000e+03,-8.296000000000000000e+03,5.090000000000000000e+02,-9.537000000000000000e+03
-5.591000000000000000e+03,-3.310000000000000000e+03,-6.011000000000000000e+03,-5.238000000000000000e+03,-8.438000000000000000e+03,-6.124000000000000000e+03,6.371000000000000000e+03,-2.659000000000000000e+03
-8.589000000000000000e+03,-7.930000000000000000e+02,-3.218000000000000000e+03,2.303000000000000000e+03,-1.297200000000000000e+04,-1.243000000000000000e+04,8.320000000000000000e+03,-9.424000000000000000e+03
-2.386000000000000000e+03,-7.336000000000000000e+03,-2.791000000000000000e+03,-5.499000000000000000e+03,-5.254000000000000000e+03,-1.064800000000000000e+04,7.963000000000000000e+03,-3.997000000000000000e+03
-7.220000000000000000e+03,-1.725000000000000000e+03,-6.498000000000000000e+03,-2.206000000000000000e+03,-6.568000000000000000e+03,-5.080000000000000000e+03,6.632000000000000000e+03,-8.571000000000000000e+03
-6.430000000000000000e+03,-8.278000000000000000e+03,-4.911000000000000000e+03,-4.541000000000000000e+03,-3.167000000000000000e+03,-5.601000000000000000e+03,1.875000000000000000e+03,-1.128000000000000000e+04
-3.479000000000000000e+03,-1.226000000000000000e+03,-8.646000000000000000e+03,-2.844000000000000000e+03,-4.408000000000000000e+03,-1.256000000000000000e+03,-4.033000000000000000e+03,-7.237000000000000000e+03
-3.094000000000000000e+03,-4.469000000000000000e+03,-4.997000000000000000e+03,-6.701000000000000000e+03,-6.575000000000000000e+03,-1.268200000000000000e+04,3.812000000000000000e+03,-2.131000000000000000e+03
-4.914000000000000000e+03,-1.284100000000000000e+04,-2.942000000000000000e+03,-1.310000000000000000e+04,2.247000000000000000e+03,-7.890000000000000000e+03,-8.371000000000000000e+03,1.142000000000000000e+03
-1.049200000000000000e+04,-3.434000000000000000e+03,-6.239000000000000000e+03,-6.947000000000000000e+03,-1.032100000000000000e+04,-9.963000000000000000e+03,1.009500000000000000e+04,-7.791000000000000000e+03
-7.964000000000000000e+03,-4.845000000000000000e+03,-6.992000000000000000e+03,-5.467000000000000000e+03,-1.113600000000000000e+04,-1.041900000000000000e+04,9.805000000000000000e+03,-8.698000000000000000e+03
-7.329000000000000000e+03,-4.388000000000000000e+03,1.585000000000000000e+03,-1.078000000000000000e+03,-6.993000000000000000e+03,-1.301200000000000000e+04,1.111000000000000000e+03,-6.024000000000000000e+03
4.382000000000000000e+03,-9.304000000000000000e+03,-7.254000000000000000e+03,6.588000000000000000e+03,-6.823000000000000000e+03,-1.280000000000000000e+03,-1.077800000000000000e+04,-1.413600000000000000e+04
-8.527000000000000000e+03,1.327400000000000000e+04,-9.500000000000000000e+03,-3.737000000000000000e+03,-9.968000000000000000e+03,-1.224000000000000000e+03,-6.563000000000000000e+03,-7.732000000000000000e+03
-1.064500000000000000e+04,-4.996000000000000000e+03,3.532000000000000000e+03,-6.921000000000000000e+03,-7.390000000000000000e+03,-1.460600000000000000e+04,7.673000000000000000e+03,-2.992000000000000000e+03
-8.818000000000000000e+03,-4.799000000000000000e+03,-6.338000000000000000e+03,-1.089700000000000000e+04,-5.205000000000000000e+03,-1.109600000000000000e+04,1.120400000000000000e+04,-5.899000000000000000e+03
-8.098000000000000000e+03,1.182500000000000000e+04,-9.503000000000000000e+03,-4.008000000000000000e+03,-1.304000000000000000e+04,-9.300000000000000000e+03,-1.613000000000000000e+03,-1.296200000000000000e+04
-1.030000000000000000e+02,-1.060100000000000000e+04,-3.535000000000000000e+03,3.221000000000000000e+03,1.871000000000000000e+03,-5.960000000000000000e+03,-7.178000000000000000e+03,-1.207400000000000000e+04
-1.070500000000000000e+04,-6.206000000000000000e+03,-7.605000000000000000e+03,-6.245000000000000000e+03,-9.357000000000000000e+03,-8.791000000000000000e+03,1.480800000000000000e+04,-4.118000000000000000e+03
-2.635000000000000000e+03,-9.859000000000000000e+03,9.314000000000000000e+03,-2.134000000000000000e+03,1.886000000000000000e+03,-1.260200000000000000e+04,-6.863000000000000000e+03,-9.831000000000000000e+03
4.172000000000000000e+03,-8.853000000000000000e+03,-4.855000000000000000e+03,6.028000000000000000e+03,-4.098000000000000000e+03,-4.347000000000000000e+03,-9.631000000000000000e+03,-8.839000000000000000e+03
-9.653000000000000000e+03,-3.855000000000000000e+03,-7.822000000000000000e+03,-1.386000000000000000e+03,-6.899000000000000000e+03,-3.302000000000000000e+03,8.781000000000000000e+03,-5.565000000000000000e+03
-3.239000000000000000e+03,-3.556000000000000000e+03,-9.989000000000000000e+03,3.070000000000000000e+02,-7.886000000000000000e+03,-4.610000000000000000e+02,-4.365000000000000000e+03,-1.288400000000000000e+04
-1.354000000000000000e+03,-8.112000000000000000e+03,-1.278000000000000000e+03,-2.799000000000000000e+03,1.920000000000000000e+02,-9.824000000000000000e+03,-1.149000000000000000e+03,-4.787000000000000000e+03
3.288000000000000000e+03,-7.527000000000000000e+03,-8.609000000000000000e+03,-1.388000000000000000e+03,1.021000000000000000e+03,-3.423000000000000000e+03,-2.670000000000000000e+03,-9.472000000000000000e+03
3.934000000000000000e+03,-5.681000000000000000e+03,-1.335300000000000000e+04,3.200000000000000000e+01,-7.633000000000000000e+03,3.794000000000000000e+03,-1.512100000000000000e+04,-1.717200000000000000e+04
4.440000000000000000e+02,-9.825000000000000000e+03,-5.717000000000000000e+03,6.940000000000000000e+03,-7.299000000000000000e+03,1.482000000000000000e+03,-9.364000000000000000e+03,-1.878100000000000000e+04
-1.696000000000000000e+03,-3.868000000000000000e+03,-1.162000000000000000e+04,-4.131000000000000000e+03,-6.879000000000000000e+03,-1.390000000000000000e+03,-2.886000000000000000e+03,-1.288400000000000000e+04
-4.279000000000000000e+03,-6.508000000000000000e+03,-5.786000000000000000e+03,-5.536000000000000000e+03,-3.656000000000000000e+03,-8.382000000000000000e+03,9.341000000000000000e+03,-4.272000000000000000e+03
-3.613000000000000000e+03,-2.170000000000000000e+03,-4.080000000000000000e+03,1.313000000000000000e+03,-8.320000000000000000e+03,-2.343000000000000000e+03,-6.810000000000000000e+03,-1.554800000000000000e+04
2.494000000000000000e+03,-9.569000000000000000e+03,-5.216000000000000000e+03,3.853000000000000000e+03,-6.070000000000000000e+02,-6.945000000000000000e+03,-3.225000000000000000e+03,-7.617000000000000000e+03
-8.155000000000000000e+03,-1.293200000000000000e+04,-2.576000000000000000e+03,-1.191400000000000000e+04,-7.744000000000000000e+03,-1.646500000000000000e+04,-6.460000000000000000e+03,1.293400000000000000e+04
5.673000000000000000e+03,-9.717000000000000000e+03,-8.459000000000000000e+03,-7.640000000000000000e+02,8.920000000000000000e+02,-5.162000000000000000e+03,-5.669000000000000000e+03,-1.289500000000000000e+04
-7.611000000000000000e+03,-1.149400000000000000e+04,-2.305000000000000000e+03,-7.755000000000000000e+03,2.563000000000000000e+03,-1.167800000000000000e+04,-7.003000000000000000e+03,4.719000000000000000e+03
9.700000000000000000e+01,-8.630000000000000000e+03,-1.071500000000000000e+04,2.297000000000000000e+03,1.021600000000000000e+04,-7.010000000000000000e+03,-1.077900000000000000e+04,-1.392700000000000000e+04
-7.895000000000000000e+03,-2.670000000000000000e+03,-1.049600000000000000e+04,-4.567000000000000000e+03,-8.919000000000000000e+03,-8.178000000000000000e+03,1.508400000000000000e+04,-5.731000000000000000e+03
-6.280000000000000000e+02,-8.355000000000000000e+03,-9.634000000000000000e+03,-9.016000000000000000e+03,1.411900000000000000e+04,-5.412000000000000000e+03,-5.378000000000000000e+03,-1.095000000000000000e+04
-4.167000000000000000e+03,4.670000000000000000e+03,-1.115700000000000000e+04,-6.140000000000000000e+02,-1.440600000000000000e+04,-4.119000000000000000e+03,-1.218600000000000000e+04,-1.895400000000000000e+04
-8.746000000000000000e+03,1.553900000000000000e+04,-1.245100000000000000e+04,-7.583000000000000000e+03,-7.823000000000000000e+03,-6.854000000000000000e+03,-3.895000000000000000e+03,-1.346100000000000000e+04
-9.956000000000000000e+03,-1.047900000000000000e+04,-5.460000000000000000e+02,-6.292000000000000000e+03,-3.008000000000000000e+03,-1.262700000000000000e+04,-7.106000000000000000e+03,3.942000000000000000e+03
-4.497000000000000000e+03,-1.009000000000000000e+04,-1.710000000000000000e+03,-7.837000000000000000e+03,-8.020000000000000000e+02,-1.041600000000000000e+04,4.100000000000000000e+02,-2.870000000000000000e+03
-7.820000000000000000e+03,-7.341000000000000000e+03,-6.857000000000000000e+03,-8.506000000000000000e+03,-8.555000000000000000e+03,-1.076900000000000000e+04,1.284200000000000000e+04,-5.541000000000000000e+03
-9.331000000000000000e+03,-1.172500000000000000e+04,-4.180000000000000000e+02,-1.119200000000000000e+04,-8.868000000000000000e+03,-1.543200000000000000e+04,-5.149000000000000000e+03,7.952000000000000000e+03
3.240000000000000000e+03,-4.236000000000000000e+03,-1.412500000000000000e+04,4.645000000000000000e+03,-8.710000000000000000e+03,5.970000000000000000e+02,-9.647000000000000000e+03,-1.565100000000000000e+04
3.050000000000000000e+02,-1.172400000000000000e+04,-6.875000000000000000e+03,-8.700000000000000000e+01,1.712000000000000000e+03,-8.770000000000000000e+03,-4.963000000000000000e+03,-7.093000000000000000e+03
-3.843000000000000000e+03,-6.745000000000000000e+03,-5.555000000000000000e+03,-9.037000000000000000e+03,-3.740000000000000000e+03,-6.823000000000000000e+03,3.027000000000000000e+03,-8.627000000000000000e+03
-9.150000000000000000e+03,6.648000000000000000e+03,-7.600000000000000000e+03,-7.880000000000000000e+03,-1.157700000000000000e+04,-3.135000000000000000e+03,-1.794000000000000000e+03,-8.446000000000000000e+03
-6.191000000000000000e+03,-9.310000000000000000e+03,-4.796000000000000000e+03,-6.079000000000000000e+03,-2.526000000000000000e+03,-1.170600000000000000e+04,4.226000000000000000e+03,-3.116000000000000000e+03
5.076000000000000000e+03,-8.403000000000000000e+03,-9.881000000000000000e+03,7.943000000000000000e+03,-8.882000000000000000e+03,3.286000000000000000e+03,-1.544700000000000000e+04,-1.170000000000000000e+04
-6.070000000000000000e+03,-6.079000000000000000e+03,-4.533000000000000000e+03,-5.983000000000000000e+03,-4.912000000000000000e+03,-7.808000000000000000e+03,-6.223000000000000000e+03,8.664000000000000000e+03
-1.640000000000000000e+03,-4.400000000000000000e+03,-8.764000000000000000e+03,2.523000000000000000e+03,-3.922000000000000000e+03,4.741000000000000000e+03,-8.430000000000000000e+03,-5.198000000000000000e+03
-7.435000000000000000e+03,-5.905000000000000000e+03,-2.775000000000000000e+03,-2.781000000000000000e+03,-4.901000000000000000e+03,-8.014000000000000000e+03,8.135000000000000000e+03,-7.424000000000000000e+03
-8.402000000000000000e+03,-8.329000000000000000e+03,-4.606000000000000000e+03,-1.253900000000000000e+04,-8.031000000000000000e+03,-1.332500000000000000e+04,4.690000000000000000e+02,6.675000000000000000e+03
-5.740000000000000000e+03,-1.131300000000000000e+04,6.195000000000000000e+03,-5.508000000000000000e+03,5.826000000000000000e+03,-1.419800000000000000e+04,-1.061400000000000000e+04,-2.432000000000000000e+03
-8.112000000000000000e+03,-8.613000000000000000e+03,-4.245000000000000000e+03,-2.297000000000000000e+03,-6.953000000000000000e+03,-9.180000000000000000e+03,8.450000000000000000e+03,-5.941000000000000000e+03
2.868000000000000000e+03,-6.268000000000000000e+03,-8.496000000000000000e+03,-2.638000000000000000e+03,1.856000000000000000e+03,-4.553000000000000000e+03,-5.266000000000000000e+03,-1.601400000000000000e+04
-7.085000000000000000e+03,-1.034400000000000000e+04,7.040000000000000000e+02,-9.380000000000000000e+02,-9.430000000000000000e+02,-1.328300000000000000e+04,4.323000000000000000e+03,1.429000000000000000e+03
-5.090000000000000000e+03,-6.846000000000000000e+03,-6.423000000000000000e+03,-6.219000000000000000e+03,-3.919000000000000000e+03,-8.599000000000000000e+03,3.836000000000000000e+03,-2.390000000000000000e+03
-5.095000000000000000e+03,-5.712000000000000000e+03,-8.429000000000000000e+03,6.368000000000000000e+03,-3.725000000000000000e+03,-2.778000000000000000e+03,-9.443000000000000000e+03,-1.024300000000000000e+04
-6.424000000000000000e+03,1.626000000000000000e+03,-8.265000000000000000e+03,-9.425000000000000000e+03,-6.109000000000000000e+03,-9.772000000000000000e+03,6.997000000000000000e+03,-8.657000000000000000e+03
-9.236000000000000000e+03,-8.086000000000000000e+03,-3.816000000000000000e+03,3.894000000000000000e+03,-8.049000000000000000e+03,-3.073000000000000000e+03,3.596000000000000000e+03,-1.011500000000000000e+04
-1.015200000000000000e+04,-1.161600000000000000e+04,-3.955000000000000000e+03,-9.393000000000000000e+03,-8.782000000000000000e+03,-1.648900000000000000e+04,-8.936000000000000000e+03,1.032200000000000000e+04
-8.919000000000000000e+03,-6.393000000000000000e+03,-4.434000000000000000e+03,-5.039000000000000000e+03,-1.040300000000000000e+04,-1.039300000000000000e+04,1.389200000000000000e+04,-7.066000000000000000e+03
-8.180000000000000000e+03,-9.800000000000000000e+03,-4.710000000000000000e+02,-8.638000000000000000e+03,-6.512000000000000000e+03,-1.065300000000000000e+04,-1.288400000000000000e+04,1.087000000000000000e+04
8.320000000000000000e+02,-3.707000000000000000e+03,-4.166000000000000000e+03,7.870000000000000000e+02,-5.183000000000000000e+03,-2.158000000000000000e+03,-3.637000000000000000e+03,-3.539000000000000000e+03
-8.212000000000000000e+03,1.005300000000000000e+04,-7.068000000000000000e+03,-8.547000000000000000e+03,-7.695000000000000000e+03,-9.992000000000000000e+03,1.714000000000000000e+03,-1.087600000000000000e+04
-1.081600000000000000e+04,-2.386000000000000000e+03,-7.831000000000000000e+03,-8.260000000000000000e+03,-8.015000000000000000e+03,-8.499000000000000000e+03,-7.794000000000000000e+03,6.000000000000000000e+03
-4.247000000000000000e+03,-2.928000000000000000e+03,-9.021000000000000000e+03,4.046000000000000000e+03,-4.376000000000000000e+03,-3.513000000000000000e+03,-3.784000000000000000e+03,-1.384000000000000000e+04
-9.648000000000000000e+03,1.677100000000000000e+04,-1.066400000000000000e+04,-7.746000000000000000e+03,-9.889000000000000000e+03,-9.656000000000000000e+03,-2.457000000000000000e+03,-1.278800000000000000e+04
-2.077000000000000000e+03,-9.008000000000000000e+03,-5.838000000000000000e+03,-6.946000000000000000e+03,-2.047000000000000000e+03,-4.589000000000000000e+03,7.757000000000000000e+03,-8.919000000000000000e+03
-8.770000000000000000e+02,-6.241000000000000000e+03,-1.051900000000000000e+04,2.290000000000000000e+03,-1.027900000000000000e+04,1.445000000000000000e+03,-6.486000000000000000e+03,-8.760000000000000000e+03
-5.177000000000000000e+03,9.099000000000000000e+03,-1.008700000000000000e+04,-7.947000000000000000e+03,-8.485000000000000000e+03,-1.085700000000000000e+04,4.166000000000000000e+03,-1.474600000000000000e+04
-1.621000000000000000e+03,-3.357000000000000000e+03,-4.672000000000000000e+03,-2.084000000000000000e+03,-4.480000000000000000e+03,-1.091000000000000000e+03,-1.161000000000000000e+03,-3.804000000000000000e+03
-4.041000000000000000e+03,-2.691000000000000000e+03,-1.086500000000000000e+04,4.910000000000000000e+02,-1.058100000000000000e+04,1.951000000000000000e+03,-8.115000000000000000e+03,-1.563800000000000000e+04
-9.783000000000000000e+03,-6.424000000000000000e+03,-8.818000000000000000e+03,-9.821000000000000000e+03,-7.501000000000000000e+03,-1.024600000000000000e+04,-9.753000000000000000e+03,1.403000000000000000e+04
-2.670000000000000000e+03,-1.026800000000000000e+04,5.460000000000000000e+02,-6.836000000000000000e+03,-1.707000000000000000e+03,-1.318700000000000000e+04,6.310000000000000000e+02,-8.910000000000000000e+02
-9.383000000000000000e+03,9.584000000000000000e+03,-6.884000000000000000e+03,-5.110000000000000000e+03,-1.146600000000000000e+04,-7.753000000000000000e+03,1.035000000000000000e+03,-9.111000000000000000e+03
-5.557000000000000000e+03,-1.189000000000000000e+04,3.749000000000000000e+03,-4.562000000000000000e+03,4.227000000000000000e+03,-1.115100000000000000e+04,-6.322000000000000000e+03,-5.769000000000000000e+03
-5.767000000000000000e+03,1.282400000000000000e+04,-1.034400000000000000e+04,6.580000000000000000e+02,-1.448600000000000000e+04,-6.423000000000000000e+03,-1.023700000000000000e+04,-1.475500000000000000e+04
6.152000000000000000e+03,-9.770000000000000000e+03,-5.579000000000000000e+03,3.925000000000000000e+03,-7.144000000000000000e+03,-1.652000000000000000e+03,-1.020100000000000000e+04,-1.563500000000000000e+04
-6.276000000000000000e+03,-4.833000000000000000e+03,-4.844000000000000000e+03,-4.675000000000000000e+03,-9.476000000000000000e+03,-1.092300000000000000e+04,7.519000000000000000e+03,-4.681000000000000000e+03
-4.737000000000000000e+03,-5.912000000000000000e+03,-7.376000000000000000e+03,5.166000000000000000e+03,-9.698000000000000000e+03,5.822000000000000000e+03,-6.226000000000000000e+03,-1.223500000000000000e+04
-9.142000000000000000e+03,-1.027200000000000000e+04,-4.677000000000000000e+03,-6.748000000000000000e+03,6.510000000000000000e+02,-9.605000000000000000e+03,-7.291000000000000000e+03,9.908000000000000000e+03
-7.750000000000000000e+03,-7.752000000000000000e+03,-3.128000000000000000e+03,-1.103000000000000000e+03,-5.675000000000000000e+03,-1.067900000000000000e+04,8.608000000000000000e+03,-7.030000000000000000e+03
-3.878000000000000000e+03,-1.004900000000000000e+04,5.876000000000000000e+03,-9.147000000000000000e+03,1.595000000000000000e+03,-1.626300000000000000e+04,-1.078900000000000000e+04,-2.923000000000000000e+03
3.374000000000000000e+03,-1.070000000000000000e+04,-6.386000000000000000e+03,-2.095000000000000000e+03,-9.800000000000000000e+02,-2.759000000000000000e+03,-7.639000000000000000e+03,-7.766000000000000000e+03
-3.912000000000000000e+03,2.947000000000000000e+03,-9.365000000000000000e+03,-6.828000000000000000e+03,-8.903000000000000000e+03,-3.329000000000000000e+03,-2.432000000000000000e+03,-4.914000000000000000e+03
-4.320000000000000000e+03,2.141000000000000000e+03,-9.049000000000000000e+03,-3.676000000000000000e+03,-4.519000000000000000e+03,-4.362000000000000000e+03,-4.815000000000000000e+03,-5.819000000000000000e+03
-2.744000000000000000e+03,5.761000000000000000e+03,-5.890000000000000000e+03,8.150000000000000000e+02,-1.240600000000000000e+04,-1.121000000000000000e+03,-7.822000000000000000e+03,-1.582000000000000000e+04
-6.498000000000000000e+03,-9.339000000000000000e+03,-1.504000000000000000e+03,-7.427000000000000000e+03,-5.936000000000000000e+03,-9.676000000000000000e+03,1.246300000000000000e+04,-8.544000000000000000e+03
-1.664000000000000000e+03,-4.647000000000000000e+03,-1.010000000000000000e+04,-1.627000000000000000e+03,-2.444000000000000000e+03,-3.760000000000000000e+03,-3.000000000000000000e+03,-7.875000000000000000e+03
3.990000000000000000e+03,-7.836000000000000000e+03,-1.265900000000000000e+04,2.849000000000000000e+03,-1.202900000000000000e+04,1.061000000000000000e+04,-1.874500000000000000e+04,-1.459500000000000000e+04
-7.274000000000000000e+03,-7.754000000000000000e+03,-3.685000000000000000e+03,-1.102900000000000000e+04,-9.806000000000000000e+03,-1.247300000000000000e+04,-1.095500000000000000e+04,1.201500000000000000e+04
-4.152000000000000000e+03,-7.171000000000000000e+03,4.323000000000000000e+03,2.973000000000000000e+03,-8.638000000000000000e+03,1.043000000000000000e+03,-1.012300000000000000e+04,-1.813300000000000000e+04
-5.705000000000000000e+03,6.275000000000000000e+03,-5.873000000000000000e+03,-1.693000000000000000e+03,-2.897000000000000000e+03,-1.020100000000000000e+04,-6.080000000000000000e+02,-9.852000000000000000e+03
3.755000000000000000e+03,-7.687000000000000000e+03,-9.511000000000000000e+03,1.735000000000000000e+03,2.214000000000000000e+03,-2.152000000000000000e+03,-1.200700000000000000e+04,-1.775800000000000000e+04
9.972000000000000000e+03,-7.569000000000000000e+03,-1.395900000000000000e+04,-3.480000000000000000e+02,-1.227800000000000000e+04,5.053000000000000000e+03,-1.641300000000000000e+04,-1.833100000000000000e+04
3.896000000000000000e+03,-5.320000000000000000e+02,-1.347100000000000000e+04,4.583000000000000000e+03,-2.318000000000000000e+03,-2.684000000000000000e+03,-1.564600000000000000e+04,-1.636300000000000000e+04
5.538000000000000000e+03,-9.819000000000000000e+03,-8.389000000000000000e+03,6.743000000000000000e+03,-1.614000000000000000e+03,-4.830000000000000000e+02,-7.932000000000000000e+03,-1.292100000000000000e+04
-7.019000000000000000e+03,-6.962000000000000000e+03,-5.754000000000000000e+03,-8.059000000000000000e+03,-8.178000000000000000e+03,-9.727000000000000000e+03,1.153400000000000000e+04,-7.767000000000000000e+03
-4.248000000000000000e+03,-5.905000000000000000e+03,-7.840000000000000000e+03,-3.864000000000000000e+03,-9.981000000000000000e+03,-8.861000000000000000e+03,1.059300000000000000e+04,-8.781000000000000000e+03
-7.574000000000000000e+03,1.170100000000000000e+04,-1.069500000000000000e+04,-7.161000000000000000e+03,-9.043000000000000000e+03,-9.085000000000000000e+03,-2.142000000000000000e+03,-1.288900000000000000e+04
-3.680000000000000000e+03,-7.342000000000000000e+03,-7.051000000000000000e+03,-3.065000000000000000e+03,-5.921000000000000000e+03,-6.801000000000000000e+03,6.473000000000000000e+03,-3.084000000000000000e+03
-3.513000000000000000e+03,-4.456000000000000000e+03,-8.139000000000000000e+03,6.224000000000000000e+03,-8.849000000000000000e+03,3.185000000000000000e+03,-9.103000000000000000e+03,-1.532500000000000000e+04
-6.999000000000000000e+03,-1.128800000000000000e+04,8.113000000000000000e+03,-8.663000000000000000e+03,1.291000000000000000e+03,-1.427200000000000000e+04,-8.609000000000000000e+03,2.880000000000000000e+02
-1.126800000000000000e+04,-1.328200000000000000e+04,-3.506000000000000000e+03,-1.279500000000000000e+04,-7.331000000000000000e+03,-1.758300000000000000e+04,-4.629000000000000000e+03,1.082500000000000000e+04
-4.010000000000000000e+03,-2.895000000000000000e+03,-7.318000000000000000e+03,-5.720000000000000000e+02,-9.719000000000000000e+03,2.900000000000000000e+03,-1.498000000000000000e+03,-7.972000000000000000e+03
-9.735000000000000000e+03,-6.355000000000000000e+03,-4.783000000000000000e+03,-2.311000000000000000e+03,-4.810000000000000000e+03,-4.100000000000000000e+03,5.118000000000000000e+03,-8.118000000000000000e+03
-2.032000000000000000e+03,-4.449000000000000000e+03,-1.098300000000000000e+04,5.780000000000000000e+02,-7.248000000000000000e+03,6.228000000000000000e+03,-5.189000000000000000e+03,-8.376000000000000000e+03
-7.222000000000000000e+03,1.461100000000000000e+04,-1.483300000000000000e+04,-3.844000000000000000e+03,-1.192600000000000000e+04,-7.223000000000000000e+03,-6.589000000000000000e+03,-1.591000000000000000e+04
4.691000000000000000e+03,-8.754000000000000000e+03,-9.177000000000000000e+03,5.473000000000000000e+03,-1.616300000000000000e+04,1.459000000000000000e+03,-1.232800000000000000e+04,-1.799300000000000000e+04
-6.726000000000000000e+03,-7.850000000000000000e+03,-1.770000000000000000e+03,-1.201300000000000000e+04,-8.799000000000000000e+03,-8.894000000000000000e+03,9.155000000000000000e+03,-6.198000000000000000e+03
-5.200000000000000000e+02,-8.041000000000000000e+03,-4.557000000000000000e+03,8.039000000000000000e+03,-1.143700000000000000e+04,-2.617000000000000000e+03,-7.291000000000000000e+03,-1.755300000000000000e+04
8.100000000000000000e+02,-4.838000000000000000e+03,-9.132000000000000000e+03,3.158000000000000000e+03,-8.552000000000000000e+03,7.764000000000000000e+03,-1.426200000000000000e+04,-5.555000000000000000e+03
1.215600000000000000e+04,-8.238000000000000000e+03,-5.969000000000000000e+03,3.427000000000000000e+03,-1.922000000000000000e+03,-2.628000000000000000e+03,-1.072400000000000000e+04,-1.773700000000000000e+04
-9.392000000000000000e+03,1.825600000000000000e+04,-1.119200000000000000e+04,-3.815000000000000000e+03,-1.155300000000000000e+04,-5.858000000000000000e+03,-7.359000000000000000e+03,-8.349000000000000000e+03
-7.603000000000000000e+03,-9.424000000000000000e+03,-3.828000000000000000e+03,-7.767000000000000000e+03,-7.438000000000000000e+03,-1.025600000000000000e+04,-7.942000000000000000e+03,9.855000000000000000e+03
-6.386000000000000000e+03,-6.895000000000000000e+03,-6.679000000000000000e+03,8.610000000000000000e+02,-8.150000000000000000e+03,-4.464000000000000000e+03,8.591000000000000000e+03,-7.882000000000000000e+03
-1.347300000000000000e+04,-3.770000000000000000e+03,-5.737000000000000000e+03,2.300000000000000000e+02,-1.116400000000000000e+04,-1.066300000000000000e+04,1.365100000000000000e+04,-5.919000000000000000e+03
-4.306000000000000000e+03,-3.349000000000000000e+03,-4.807000000000000000e+03,-1.545000000000000000e+03,-9.927000000000000000e+03,5.060000000000000000e+03,-9.288000000000000000e+03,-8.374000000000000000e+03
-1.056900000000000000e+04,-6.459000000000000000e+03,-8.412000000000000000e+03,-5.994000000000000000e+03,-8.421000000000000000e+03,-7.591000000000000000e+03,1.746300000000000000e+04,-3.064000000000000000e+03
-1.197000000000000000e+03,-1.180500000000000000e+04,-6.914000000000000000e+03,-3.367000000000000000e+03,6.744000000000000000e+03,-8.538000000000000000e+03,-8.858000000000000000e+03,-7.097000000000000000e+03
-5.200000000000000000e+01,5.511000000000000000e+03,-1.035500000000000000e+04,8.700000000000000000e+01,-1.519000000000000000e+04,-7.580000000000000000e+02,-6.018000000000000000e+03,-1.306600000000000000e+04
-3.288000000000000000e+03,-1.408000000000000000e+04,-1.862000000000000000e+03,-9.140000000000000000e+03,1.022000000000000000e+04,-1.110300000000000000e+04,-8.951000000000000000e+03,-5.722000000000000000e+03
-1.006400000000000000e+04,-8.995000000000000000e+03,8.780000000000000000e+02,-1.174200000000000000e+04,-7.331000000000000000e+03,-1.129300000000000000e+04,-6.955000000000000000e+03,6.135000000000000000e+03
-3.344000000000000000e+03,1.258100000000000000e+04,-1.186500000000000000e+04,-6.988000000000000000e+03,-8.399000000000000000e+03,-5.453000000000000000e+03,-7.892000000000000000e+03,-8.550000000000000000e+03
-1.319800000000000000e+04,-9.771000000000000000e+03,-5.627000000000000000e+03,-1.081600000000000000e+04,-9.183000000000000000e+03,-1.517400000000000000e+04,-6.481000000000000000e+03,1.250000000000000000e+04
-7.421000000000000000e+03,-1.545000000000000000e+03,-7.748000000000000000e+03,-5.922000000000000000e+03,-1.088400000000000000e+04,-8.350000000000000000e+03,1.065600000000000000e+04,-1.070100000000000000e+04
-1.049700000000000000e+04,-3.825000000000000000e+03,-7.765000000000000000e+03,-5.020000000000000000e+03,-6.463000000000000000e+03,-1.144300000000000000e+04,1.162200000000000000e+04,-7.823000000000000000e+03
-1.213000000000000000e+03,1.251000000000000000e+03,-7.830000000000000000e+03,-7.430000000000000000e+02,-4.979000000000000000e+03,-7.704000000000000000e+03,-3.568000000000000000e+03,-5.267000000000000000e+03
8.215000000000000000e+03,-9.168000000000000000e+03,-9.541000000000000000e+03,3.784000000000000000e+03,-1.853000000000000000e+03,-5.729000000000000000e+03,-8.345000000000000000e+03,-1.887200000000000000e+04
-8.237000000000000000e+03,-5.434000000000000000e+03,-7.461000000000000000e+03,-1.126100000000000000e+04,-7.269000000000000000e+03,-1.139900000000000000e+04,1.185400000000000000e+04,-6.947000000000000000e+03
-1.103500000000000000e+04,-1.084200000000000000e+04,-1.158000000000000000e+03,-1.096100000000000000e+04,-6.217000000000000000e+03,-1.274300000000000000e+04,-3.018000000000000000e+03,6.602000000000000000e+03
3.033000000000000000e+03,-8.868000000000000000e+03,-1.093400000000000000e+04,4.167000000000000000e+03,-1.172000000000000000e+03,1.740000000000000000e+03,-1.289300000000000000e+04,-1.813400000000000000e+04
-3.690000000000000000e+02,1.958000000000000000e+03,-1.185000000000000000e+04,-5.494000000000000000e+03,-1.153800000000000000e+04,-3.423000000000000000e+03,-5.417000000000000000e+03,-1.625700000000000000e+04
-5.352000000000000000e+03,-9.022000000000000000e+03,-8.823000000000000000e+03,3.166000000000000000e+03,-3.032000000000000000e+03,-1.303000000000000000e+03,-5.051000000000000000e+03,-1.249600000000000000e+04
-2.104000000000000000e+03,-6.305000000000000000e+03,-4.239000000000000000e+03,9.751000000000000000e+03,-4.709000000000000000e+03,-3.508000000000000000e+03,-1.109800000000000000e+04,-1.297300000000000000e+04
5.218000000000000000e+03,-8.724000000000000000e+03,-4.436000000000000000e+03,1.337000000000000000e+03,1.681000000000000000e+03,-4.734000000000000000e+03,-4.177000000000000000e+03,-1.424400000000000000e+04
-4.528000000000000000e+03,-8.074000000000000000e+03,-9.314000000000000000e+03,5.642000000000000000e+03,-1.467000000000000000e+04,4.449000000000000000e+03,-1.202700000000000000e+04,-1.518400000000000000e+04
-3.675000000000000000e+03,-6.244000000000000000e+03,-8.688000000000000000e+03,-8.500000000000000000e+03,-8.256000000000000000e+03,-3.713000000000000000e+03,3.675000000000000000e+03,-6.958000000000000000e+03
1.193000000000000000e+03,-6.351000000000000000e+03,-9.760000000000000000e+03,1.188000000000000000e+03,-1.146500000000000000e+04,1.820000000000000000e+03,-8.780000000000000000e+03,-1.614000000000000000e+04
1.488000000000000000e+03,-9.168000000000000000e+03,-5.935000000000000000e+03,-1.948000000000000000e+03,7.079000000000000000e+03,-3.867000000000000000e+03,-7.852000000000000000e+03,-1.477000000000000000e+04
-1.037100000000000000e+04,-1.094300000000000000e+04,-1.287000000000000000e+03,-1.108900000000000000e+04,-4.681000000000000000e+03,-1.637100000000000000e+04,-6.594000000000000000e+03,8.711000000000000000e+03
-3.585000000000000000e+03,-6.260000000000000000e+03,-5.055000000000000000e+03,2.265000000000000000e+03,-9.492000000000000000e+03,-8.300000000000000000e+02,-7.014000000000000000e+03,-3.716000000000000000e+03
-5.041000000000000000e+03,1.093700000000000000e+04,-2.880000000000000000e+03,-3.735000000000000000e+03,-7.729000000000000000e+03,-8.165000000000000000e+03,-4.553000000000000000e+03,-1.223700000000000000e+04
-8.711000000000000000e+03,-6.936000000000000000e+03,-2.764000000000000000e+03,-7.008000000000000000e+03,-6.738000000000000000e+03,-9.133000000000000000e+03,-6.602000000000000000e+03,9.403000000000000000e+03
-1.082600000000000000e+04,-1.190500000000000000e+04,-4.500000000000000000e+03,-9.770000000000000000e+03,-7.145000000000000000e+03,-1.506700000000000000e+04,-1.010000000000000000e+03,1.068600000000000000e+04
-8.904000000000000000e+03,2.109000000000000000e+03,-7.867000000000000000e+03,1.280000000000000000e+03,-1.145100000000000000e+04,-3.836000000000000000e+03,-7.630000000000000000e+02,-6.008000000000000000e+03
4.550000000000000000e+02,-1.964000000000000000e+03,-2.650000000000000000e+03,3.327000000000000000e+03,-1.377000000000000000e+04,-4.505000000000000000e+03,-7.871000000000000000e+03,-1.727200000000000000e+04
-5.708000000000000000e+03,1.156600000000000000e+04,-1.102900000000000000e+04,-5.876000000000000000e+03,-1.031200000000000000e+04,-4.824000000000000000e+03,-3.460000000000000000e+03,-9.532000000000000000e+03
-4.949000000000000000e+03,-9.644000000000000000e+03,-6.115000000000000000e+03,-2.734000000000000000e+03,-6.402000000000000000e+03,-8.682000000000000000e+03,7.834000000000000000e+03,-4.267000000000000000e+03
-2.067000000000000000e+03,2.675000000000000000e+03,-1.239500000000000000e+04,2.951000000000000000e+03,-9.741000000000000000e+03,-5.527000000000000000e+03,-9.673000000000000000e+03,-1.408300000000000000e+04
-3.615000000000000000e+03,-1.052500000000000000e+04,-1.207000000000000000e+03,-7.535000000000000000e+03,-1.021000000000000000e+03,-1.118900000000000000e+04,5.436000000000000000e+03,-3.736000000000000000e+03
-5.018000000000000000e+03,1.167200000000000000e+04,-8.875000000000000000e+03,-4.305000000000000000e+03,-7.800000000000000000e+03,-6.364000000000000000e+03,-3.848000000000000000e+03,-1.160800000000000000e+04
5.736000000000000000e+03,-4.687000000000000000e+03,-7.687000000000000000e+03,-7.230000000000000000e+03,4.540000000000000000e+03,-5.297000000000000000e+03,-4.520000000000000000e+03,-1.427400000000000000e+04
-1.028400000000000000e+04,6.190000000000000000e+02,-7.798000000000000000e+03,-3.117000000000000000e+03,-9.263000000000000000e+03,-6.269000000000000000e+03,9.388000000000000000e+03,-8.938000000000000000e+03
-3.075000000000000000e+03,-6.169000000000000000e+03,-8.942000000000000000e+03,7.130000000000000000e+02,-9.098000000000000000e+03,1.903000000000000000e+03,-4.411000000000000000e+03,-1.372600000000000000e+04
-1.385600000000000000e+04,-4.033000000000000000e+03,-9.270000000000000000e+03,-4.314000000000000000e+03,-1.381500000000000000e+04,-1.064300000000000000e+04,-8.346000000000000000e+03,1.142500000000000000e+04
-4.857000000000000000e+03,-7.620000000000000000e+03,-8.645000000000000000e+03,2.144000000000000000e+03,-9.633000000000000000e+03,8.840000000000000000e+02,-4.583000000000000000e+03,-1.372400000000000000e+04
-7.910000000000000000e+03,-1.038700000000000000e+04,-1.244000000000000000e+03,-1.032200000000000000e+04,-5.553000000000000000e+03,-1.662700000000000000e+04,-8.324000000000000000e+03,8.210000000000000000e+03
-1.041600000000000000e+04,-1.359700000000000000e+04,1.124000000000000000e+03,-1.209100000000000000e+04,-5.663000000000000000e+03,-1.624800000000000000e+04,-1.000100000000000000e+04,8.942000000000000000e+03
4.870000000000000000e+02,-6.884000000000000000e+03,-8.397000000000000000e+03,4.483000000000000000e+03,-9.762000000000000000e+03,5.324000000000000000e+03,-1.388600000000000000e+04,-1.437500000000000000e+04
-8.078000000000000000e+03,-1.138400000000000000e+04,-1.997000000000000000e+03,-1.010700000000000000e+04,-3.662000000000000000e+03,-1.871900000000000000e+04,-6.302000000000000000e+03,8.285000000000000000e+03
-5.371000000000000000e+03,-5.766000000000000000e+03,-6.427000000000000000e+03,5.395000000000000000e+03,-1.224400000000000000e+04,-3.743000000000000000e+03,-4.207000000000000000e+03,-1.008500000000000000e+04
-3.782000000000000000e+03,-7.822000000000000000e+03,-3.713000000000000000e+03,-6.626000000000000000e+03,-6.190000000000000000e+02,-1.315500000000000000e+04,-6.552000000000000000e+03,6.363000000000000000e+03
-2.411000000000000000e+03,-2.374000000000000000e+03,-7.804000000000000000e+03,2.712000000000000000e+03,-7.604000000000000000e+03,7.660000000000000000e+02,-8.892000000000000000e+03,-7.026000000000000000e+03
-3.569000000000000000e+03,1.885200000000000000e+04,-9.477000000000000000e+03,-5.028000000000000000e+03,-1.237900000000000000e+04,-8.778000000000000000e+03,-7.479000000000000000e+03,-1.627900000000000000e+04
-6.719000000000000000e+03,-7.852000000000000000e+03,-3.327000000000000000e+03,-3.200000000000000000e+03,-1.133700000000000000e+04,-6.217000000000000000e+03,1.727000000000000000e+04,-5.076000000000000000e+03
-4.005000000000000000e+03,-6.675000000000000000e+03,-5.979000000000000000e+03,-6.173000000000000000e+03,-2.935000000000000000e+03,-8.104000000000000000e+03,4.029000000000000000e+03,-8.052000000000000000e+03
-1.064100000000000000e+04,-5.922000000000000000e+03,-6.157000000000000000e+03,-1.557000000000000000e+03,-1.138400000000000000e+04,-5.296000000000000000e+03,1.544700000000000000e+04,-6.126000000000000000e+03
1.460400000000000000e+04,-1.008500000000000000e+04,-8.762000000000000000e+03,-4.572000000000000000e+03,3.795000000000000000e+03,-1.028000000000000000e+04,-7.372000000000000000e+03,-1.396100000000000000e+04
-9.175000000000000000e+03,-9.409000000000000000e+03,-6.058000000000000000e+03,-6.972000000000000000e+03,-9.872000000000000000e+03,-1.544200000000000000e+04,-4.983000000000000000e+03,1.081100000000000000e+04
-2.574000000000000000e+03,-7.598000000000000000e+03,-7.956000000000000000e+03,3.642000000000000000e+03,-1.039700000000000000e+04,2.180000000000000000e+02,-1.138400000000000000e+04,-1.600700000000000000e+04
-8.803000000000000000e+03,-1.237300000000000000e+04,6.279000000000000000e+03,-1.181500000000000000e+04,-3.010000000000000000e+02,-1.370500000000000000e+04,-1.173500000000000000e+04,4.993000000000000000e+03
4.811000000000000000e+03,-1.000800000000000000e+04,-1.101000000000000000e+04,-4.768000000000000000e+03,4.774000000000000000e+03,-4.985000000000000000e+03,-9.160000000000000000e+03,-1.393900000000000000e+04
-2.600000000000000000e+02,-1.001700000000000000e+04,-8.498000000000000000e+03,3.537000000000000000e+03,-1.421800000000000000e+04,1.010700000000000000e+04,-1.362100000000000000e+04,-1.393700000000000000e+04
8.755000000000000000e+03,-3.375000000000000000e+03,-1.010400000000000000e+04,2.931000000000000000e+03,-8.127000000000000000e+03,-4.989000000000000000e+03,-9.087000000000000000e+03,-1.772500000000000000e+04
-1.112300000000000000e+04,-5.440000000000000000e+03,-1.917000000000000000e+03,-7.398000000000000000e+03,-9.704000000000000000e+03,-1.198900000000000000e+04,-3.197000000000000000e+03,7.794000000000000000e+03
8.243000000000000000e+03,-8.323000000000000000e+03,-6.589000000000000000e+03,-4.437000000000000000e+03,-3.380000000000000000e+02,-1.229200000000000000e+04,-6.974000000000000000e+03,-1.161700000000000000e+04
-4.001000000000000000e+03,-8.505000000000000000e+03,5.653000000000000000e+03,-7.010000000000000000e+02,-5.012000000000000000e+03,-1.060400000000000000e+04,7.680000000000000000e+02,-1.128200000000000000e+04
-1.008700000000000000e+04,-8.446000000000000000e+03,-7.215000000000000000e+03,-9.474000000000000000e+03,-6.721000000000000000e+03,-9.346000000000000000e+03,-3.291000000000000000e+03,1.037300000000000000e+04
-9.054000000000000000e+03,-3.835000000000000000e+03,-4.593000000000000000e+03,-6.600000000000000000e+01,-6.488000000000000000e+03,-4.584000000000000000e+03,6.955000000000000000e+03,-5.777000000000000000e+03
-3.325000000000000000e+03,4.200000000000000000e+03,-6.619000000000000000e+03,-3.429000000000000000e+03,-9.752000000000000000e+03,-7.332000000000000000e+03,-1.111000000000000000e+03,-1.190100000000000000e+04
-6.501000000000000000e+03,1.035600000000000000e+04,-1.228200000000000000e+04,-3.498000000000000000e+03,-1.143300000000000000e+04,-5.992000000000000000e+03,-4.313000000000000000e+03,-1.434600000000000000e+04
-1.267000000000000000e+03,-1.148900000000000000e+04,6.665000000000000000e+03,-2.359000000000000000e+03,7.240000000000000000e+02,-1.254100000000000000e+04,-5.996000000000000000e+03,-7.932000000000000000e+03
4.430000000000000000e+03,-2.674000000000000000e+03,-1.177900000000000000e+04,-4.360000000000000000e+02,-4.969000000000000000e+03,3.760000000000000000e+02,-3.527000000000000000e+03,-1.049800000000000000e+04
5.698000000000000000e+03,-9.530000000000000000e+03,-9.216000000000000000e+03,3.748000000000000000e+03,-1.091100000000000000e+04,5.588000000000000000e+03,-1.159700000000000000e+04,-1.568800000000000000e+04
-4.865000000000000000e+03,-2.040000000000000000e+03,-7.110000000000000000e+03,-5.374000000000000000e+03,-9.578000000000000000e+03,-7.417000000000000000e+03,7.665000000000000000e+03,-8.923000000000000000e+03
-2.870000000000000000e+02,-1.034000000000000000e+04,-5.029000000000000000e+03,2.420000000000000000e+02,6.651000000000000000e+03,-1.056400000000000000e+04,-9.283000000000000000e+03,-6.173000000000000000e+03
-4.249000000000000000e+03,-6.456000000000000000e+03,-8.180000000000000000e+03,2.810000000000000000e+03,-1.093400000000000000e+04,1.502000000000000000e+03,1.260000000000000000e+02,-1.108800000000000000e+04
-6.954000000000000000e+03,-2.885000000000000000e+03,-3.563000000000000000e+03,-8.796000000000000000e+03,-6.033000000000000000e+03,-1.319300000000000000e+04,6.399000000000000000e+03,-6.400000000000000000e+01
-1.125600000000000000e+04,-9.464000000000000000e+03,-6.762000000000000000e+03,-9.538000000000000000e+03,-7.304000000000000000e+03,-1.165400000000000000e+04,-6.492000000000000000e+03,1.025200000000000000e+04
-1.940000000000000000e+02,-1.026100000000000000e+04,-6.154000000000000000e+03,-3.700000000000000000e+01,5.973000000000000000e+03,-7.037000000000000000e+03,-4.385000000000000000e+03,-7.170000000000000000e+03
-5.923000000000000000e+03,9.330000000000000000e+02,-4.892000000000000000e+03,-1.642000000000000000e+03,-4.854000000000000000e+03,-2.812000000000000000e+03,-3.932000000000000000e+03,7.260000000000000000e+02
-5.419000000000000000e+03,1.048700000000000000e+04,-8.442000000000000000e+03,-3.439000000000000000e+03,-1.084600000000000000e+04,-3.892000000000000000e+03,-3.982000000000000000e+03,-1.005500000000000000e+04
7.878000000000000000e+03,-7.588000000000000000e+03,-5.536000000000000000e+03,4.307000000000000000e+03,-6.363000000000000000e+03,-8.430000000000000000e+02,-1.180200000000000000e+04,-1.465400000000000000e+04
-3.427000000000000000e+03,-1.319700000000000000e+04,-1.027000000000000000e+03,-5.848000000000000000e+03,6.735000000000000000e+03,-7.760000000000000000e+03,-6.688000000000000000e+03,-8.086000000000000000e+03
-3.087000000000000000e+03,1.295100000000000000e+04,-1.175500000000000000e+04,-8.702000000000000000e+03,-7.111000000000000000e+03,-1.046200000000000000e+04,6.780000000000000000e+02,-1.621100000000000000e+04
8.870000000000000000e+02,-7.890000000000000000e+03,-5.040000000000000000e+03,3.070000000000000000e+03,-1.529000000000000000e+03,-6.170000000000000000e+03,-6.620000000000000000e+03,-1.297000000000000000e+04
-9.078000000000000000e+03,7.196000000000000000e+03,-1.137200000000000000e+04,1.143000000000000000e+03,-1.324900000000000000e+04,5.330000000000000000e+02,-1.022500000000000000e+04,-1.062700000000000000e+04
-5.839000000000000000e+03,-3.536000000000000000e+03,-7.219000000000000000e+03,-8.754000000000000000e+03,-7.289000000000000000e+03,-7.930000000000000000e+03,8.458000000000000000e+03,-3.223000000000000000e+03
-5.570000000000000000e+03,-4.471000000000000000e+03,-7.204000000000000000e+03,-3.107000000000000000e+03,-1.241400000000000000e+04,-6.224000000000000000e+03,6.477000000000000000e+03,-1.119300000000000000e+04
1.927000000000000000e+03,-7.017000000000000000e+03,-4.525000000000000000e+03,7.083000000000000000e+03,-5.099000000000000000e+03,-7.980000000000000000e+02,-1.096700000000000000e+04,-1.370900000000000000e+04
-5.315000000000000000e+03,-5.365000000000000000e+03,-1.030000000000000000e+04,-3.109000000000000000e+03,-6.758000000000000000e+03,5.542000000000000000e+03,-1.854000000000000000e+03,-8.894000000000000000e+03
-8.890000000000000000e+02,-6.287000000000000000e+03,-5.363000000000000000e+03,3.450000000000000000e+03,4.360000000000000000e+03,-8.202000000000000000e+03,-1.433100000000000000e+04,-1.529700000000000000e+04
-7.880000000000000000e+03,-7.796000000000000000e+03,-9.018000000000000000e+03,2.492000000000000000e+03,-1.003600000000000000e+04,-2.104000000000000000e+03,5.445000000000000000e+03,-7.697000000000000000e+03
-3.940000000000000000e+03,7.221000000000000000e+03,-1.329000000000000000e+04,-5.166000000000000000e+03,-1.035500000000000000e+04,-6.963000000000000000e+03,-5.056000000000000000e+03,-1.311000000000000000e+04
2.328000000000000000e+03,1.822000000000000000e+03,-5.201000000000000000e+03,-3.040000000000000000e+02,-7.404000000000000000e+03,-7.768000000000000000e+03,-3.277000000000000000e+03,-1.533000000000000000e+04
6.150000000000000000e+02,-6.377000000000000000e+03,-1.020100000000000000e+04,5.091000000000000000e+03,-9.438000000000000000e+03,2.760000000000000000e+03,-1.086300000000000000e+04,-1.673100000000000000e+04
1.327000000000000000e+03,-4.399000000000000000e+03,-8.536000000000000000e+03,3.177000000000000000e+03,-1.001100000000000000e+04,-3.746000000000000000e+03,-7.666000000000000000e+03,-1.610500000000000000e+04
-4.231000000000000000e+03,-1.077100000000000000e+04,4.951000000000000000e+03,-9.582000000000000000e+03,4.801000000000000000e+03,-1.233500000000000000e+04,-3.207000000000000000e+03,-4.184000000000000000e+03
-4.029000000000000000e+03,-7.441000000000000000e+03,-8.092000000000000000e+03,-7.095000000000000000e+03,-2.711000000000000000e+03,-4.236000000000000000e+03,1.088700000000000000e+04,-9.346000000000000000e+03
-3.742000000000000000e+03,-2.256000000000000000e+03,-3.070000000000000000e+03,3.460000000000000000e+02,-1.132500000000000000e+04,-1.397000000000000000e+03,1.445000000000000000e+03,-1.685900000000000000e+04
-6.815000000000000000e+03,-1.162600000000000000e+04,-5.683000000000000000e+03,-9.474000000000000000e+03,-6.730000000000000000e+03,-1.500200000000000000e+04,-9.059000000000000000e+03,1.191700000000000000e+04
-8.311000000000000000e+03,-1.605000000000000000e+03,-5.578000000000000000e+03,4.250000000000000000e+02,-9.107000000000000000e+03,6.911000000000000000e+03,-9.919000000000000000e+03,-4.559000000000000000e+03
-1.339000000000000000e+03,1.446500000000000000e+04,-1.235100000000000000e+04,-4.241000000000000000e+03,-1.054900000000000000e+04,-7.638000000000000000e+03,-6.345000000000000000e+03,-1.050000000000000000e+04
-1.081700000000000000e+04,-1.114400000000000000e+04,-2.388000000000000000e+03,-1.031700000000000000e+04,-7.153000000000000000e+03,-1.537000000000000000e+04,-4.662000000000000000e+03,9.606000000000000000e+03
3.701000000000000000e+03,-8.886000000000000000e+03,-8.380000000000000000e+03,-2.687000000000000000e+03,9.840000000000000000e+02,-2.187000000000000000e+03,-3.657000000000000000e+03,-1.354900000000000000e+04
-7.582000000000000000e+03,-7.983000000000000000e+03,-8.769000000000000000e+03,6.427000000000000000e+03,-2.921000000000000000e+03,-2.718000000000000000e+03,-5.744000000000000000e+03,-1.175900000000000000e+04
-2.316000000000000000e+03,-3.569000000000000000e+03,-1.021500000000000000e+04,-1.738000000000000000e+03,-2.043000000000000000e+03,4.183000000000000000e+03,-8.265000000000000000e+03,-1.202600000000000000e+04
-9.889000000000000000e+03,-9.035000000000000000e+03,-2.884000000000000000e+03,-7.811000000000000000e+03,-7.281000000000000000e+03,-1.414300000000000000e+04,8.690000000000000000e+02,7.360000000000000000e+03
3.072000000000000000e+03,-7.929000000000000000e+03,-4.001000000000000000e+03,1.955000000000000000e+03,-4.663000000000000000e+03,-1.510000000000000000e+02,-7.918000000000000000e+03,-1.218600000000000000e+04
-4.137000000000000000e+03,1.249600000000000000e+04,-9.999000000000000000e+03,-7.585000000000000000e+03,-1.111200000000000000e+04,-4.808000000000000000e+03,-5.562000000000000000e+03,-1.667700000000000000e+04
-5.880000000000000000e+03,-4.200000000000000000e+03,-6.945000000000000000e+03,2.595000000000000000e+03,-1.105300000000000000e+04,6.699000000000000000e+03,-1.091900000000000000e+04,-1.182500000000000000e+04
-4.534000000000000000e+03,-1.008200000000000000e+04,-6.687000000000000000e+03,-5.845000000000000000e+03,4.499000000000000000e+03,-1.237200000000000000e+04,-7.074000000000000000e+03,-6.030000000000000000e+02
-1.016000000000000000e+03,1.036300000000000000e+04,-6.078000000000000000e+03,-7.920000000000000000e+02,-7.500000000000000000e+03,-7.562000000000000000e+03,-7.698000000000000000e+03,-1.271200000000000000e+04
-6.629000000000000000e+03,-9.702000000000000000e+03,-5.020000000000000000e+03,-3.343000000000000000e+03,-7.064000000000000000e+03,-4.329000000000000000e+03,9.453000000000000000e+03,-8.288000000000000000e+03
-9.932000000000000000e+03,-8.511000000000000000e+03,-5.925000000000000000e+03,-1.153300000000000000e+04,-7.571000000000000000e+03,-1.694400000000000000e+04,-3.949000000000000000e+03,1.059300000000000000e+04
-7.697000000000000000e+03,-7.100000000000000000e+01,-6.858000000000000000e+03,-6.009000000000000000e+03,-6.594000000000000000e+03,-1.005300000000000000e+04,9.592000000000000000e+03,-8.956000000000000000e+03
-1.863000000000000000e+03,9.471000000000000000e+03,-7.260000000000000000e+03,-1.936000000000000000e+03,-7.946000000000000000e+03,-9.801000000000000000e+03,-1.073000000000000000e+03,-1.310500000000000000e+04
-1.359400000000000000e+04,-4.231000000000000000e+03,-6.683000000000000000e+03,-6.799000000000000000e+03,-1.062500000000000000e+04,-1.187100000000000000e+04,-3.556000000000000000e+03,9.317000000000000000e+03
-2.448000000000000000e+03,-7.792000000000000000e+03,-8.003000000000000000e+03,2.370000000000000000e+02,-4.883000000000000000e+03,4.320000000000000000e+03,-3.081000000000000000e+03,-8.758000000000000000e+03
-2.793000000000000000e+03,-8.999000000000000000e+03,-4.877000000000000000e+03,-6.229000000000000000e+03,-3.884000000000000000e+03,-7.887000000000000000e+03,7.680000000000000000e+03,-1.229200000000000000e+04
-6.530000000000000000e+03,-8.169000000000000000e+03,-6.418000000000000000e+03,-1.103600000000000000e+04,-7.578000000000000000e+03,-1.155400000000000000e+04,9.717000000000000000e+03,-2.583000000000000000e+03
-3.522000000000000000e+03,-2.615000000000000000e+03,-5.666000000000000000e+03,1.827000000000000000e+03,-9.391000000000000000e+03,-9.353000000000000000e+03,-8.620000000000000000e+02,-1.295400000000000000e+04
-3.159000000000000000e+03,-8.640000000000000000e+03,-7.256000000000000000e+03,4.069000000000000000e+03,-8.376000000000000000e+03,2.788000000000000000e+03,-4.699000000000000000e+03,-1.115800000000000000e+04
-2.410000000000000000e+03,-8.750000000000000000e+03,-7.177000000000000000e+03,-8.144000000000000000e+03,-6.212000000000000000e+03,-9.991000000000000000e+03,1.112800000000000000e+04,-6.306000000000000000e+03
5.851000000000000000e+03,-5.857000000000000000e+03,-1.068400000000000000e+04,2.528000000000000000e+03,-7.309000000000000000e+03,6.620000000000000000e+02,-1.003600000000000000e+04,-1.564200000000000000e+04
-1.078300000000000000e+04,4.586000000000000000e+03,-6.994000000000000000e+03,-4.925000000000000000e+03,-8.275000000000000000e+03,-7.502000000000000000e+03,-5.640000000000000000e+02,-1.240200000000000000e+04
-5.608000000000000000e+03,1.252200000000000000e+04,-9.157000000000000000e+03,2.340000000000000000e+02,-9.547000000000000000e+03,-3.426000000000000000e+03,-7.894000000000000000e+03,-1.019700000000000000e+04
-2.900000000000000000e+01,-7.581000000000000000e+03,-9.028000000000000000e+03,4.735000000000000000e+03,-5.043000000000000000e+03,-2.823000000000000000e+03,-6.334000000000000000e+03,-1.350900000000000000e+04
-9.802000000000000000e+03,-4.851000000000000000e+03,-4.505000000000000000e+03,-3.264000000000000000e+03,-7.081000000000000000e+03,-9.628000000000000000e+03,1.085800000000000000e+04,-4.381000000000000000e+03
-6.246000000000000000e+03,3.664000000000000000e+03,-8.454000000000000000e+03,-7.206000000000000000e+03,-9.951000000000000000e+03,-9.456000000000000000e+03,4.837000000000000000e+03,-1.085800000000000000e+04
-2.282000000000000000e+03,-4.419000000000000000e+03,-6.062000000000000000e+03,-1.152000000000000000e+03,-6.651000000000000000e+03,-3.393000000000000000e+03,8.630000000000000000e+02,-7.852000000000000000e+03
-8.964000000000000000e+03,-4.645000000000000000e+03,-7.577000000000000000e+03,-1.642000000000000000e+03,-5.810000000000000000e+03,-8.915000000000000000e+03,1.237400000000000000e+04,-7.478000000000000000e+03
-6.510000000000000000e+03,-2.941000000000000000e+03,2.576000000000000000e+03,-8.835000000000000000e+03,-4.295000000000000000e+03,-1.207700000000000000e+04,7.600000000000000000e+01,-3.576000000000000000e+03
-2.459000000000000000e+03,-2.443000000000000000e+03,-7.844000000000000000e+03,3.871000000000000000e+03,-9.992000000000000000e+03,-2.571000000000000000e+03,-3.842000000000000000e+03,-1.223200000000000000e+04
9.385000000000000000e+03,-8.338000000000000000e+03,-8.669000000000000000e+03,4.110000000000000000e+03,-1.295000000000000000e+03,-6.401000000000000000e+03,-1.125200000000000000e+04,-1.461300000000000000e+04
1.308900000000000000e+04,-5.956000000000000000e+03,-7.252000000000000000e+03,-1.130000000000000000e+02,-4.385000000000000000e+03,-5.800000000000000000e+03,-6.074000000000000000e+03,-1.418600000000000000e+04
-7.967000000000000000e+03,-1.216600000000000000e+04,-5.956000000000000000e+03,-8.739000000000000000e+03,-8.302000000000000000e+03,-1.279700000000000000e+04,-9.008000000000000000e+03,1.279100000000000000e+04
-2.969000000000000000e+03,-5.454000000000000000e+03,-2.373000000000000000e+03,2.622000000000000000e+03,9.770000000000000000e+02,-9.727000000000000000e+03,-7.617000000000000000e+03,-1.183700000000000000e+04
-9.674000000000000000e+03,-1.016800000000000000e+04,-1.180000000000000000e+03,-6.585000000000000000e+03,-7.078000000000000000e+03,-1.377500000000000000e+04,-6.775000000000000000e+03,7.608000000000000000e+03
8.509000000000000000e+03,-9.126000000000000000e+03,-4.705000000000000000e+03,2.693000000000000000e+03,3.531000000000000000e+03,-1.098400000000000000e+04,-9.387000000000000000e+03,-1.512900000000000000e+04
-4.712000000000000000e+03,-7.400000000000000000e+03,-7.775000000000000000e+03,-6.402000000000000000e+03,-3.281000000000000000e+03,-8.389000000000000000e+03,1.014300000000000000e+04,-4.221000000000000000e+03
-2.811000000000000000e+03,-5.158000000000000000e+03,-4.861000000000000000e+03,2.431000000000000000e+03,-7.263000000000000000e+03,-3.396000000000000000e+03,-4.300000000000000000e+01,-7.671000000000000000e+03
5.221000000000000000e+03,-4.533000000000000000e+03,-9.307000000000000000e+03,1.532000000000000000e+03,-7.336000000000000000e+03,-3.892000000000000000e+03,-9.732000000000000000e+03,-1.729000000000000000e+04
4.796000000000000000e+03,-8.078000000000000000e+03,-2.688000000000000000e+03,-1.300000000000000000e+03,-3.222000000000000000e+03,-2.960000000000000000e+03,-7.227000000000000000e+03,-9.996000000000000000e+03
2.824000000000000000e+03,-8.124000000000000000e+03,-6.093000000000000000e+03,2.467000000000000000e+03,-9.440000000000000000e+03,9.220000000000000000e+03,-1.272500000000000000e+04,-1.000400000000000000e+04
-3.788000000000000000e+03,-4.162000000000000000e+03,-6.314000000000000000e+03,-1.902000000000000000e+03,-6.778000000000000000e+03,-8.146000000000000000e+03,2.580000000000000000e+02,-1.258300000000000000e+04
-4.980000000000000000e+02,-9.158000000000000000e+03,8.137000000000000000e+03,-4.616000000000000000e+03,1.128000000000000000e+03,-8.145000000000000000e+03,-3.223000000000000000e+03,-1.087000000000000000e+04
-7.204000000000000000e+03,-5.706000000000000000e+03,-5.981000000000000000e+03,-6.144000000000000000e+03,-4.489000000000000000e+03,-8.461000000000000000e+03,9.689000000000000000e+03,-4.409000000000000000e+03
-1.109700000000000000e+04,-5.424000000000000000e+03,-8.996000000000000000e+03,-1.080700000000000000e+04,-1.021400000000000000e+04,-7.826000000000000000e+03,-1.047100000000000000e+04,9.894000000000000000e+03
8.674000000000000000e+03,-6.912000000000000000e+03,-9.834000000000000000e+03,3.436000000000000000e+03,-6.049000000000000000e+03,-2.044000000000000000e+03,-7.687000000000000000e+03,-1.473300000000000000e+04
-1.007700000000000000e+04,-6.743000000000000000e+03,-6.806000000000000000e+03,-1.372000000000000000e+04,-1.020100000000000000e+04,-1.743600000000000000e+04,-3.740000000000000000e+03,1.007700000000000000e+04
-9.506000000000000000e+03,-7.753000000000000000e+03,-7.705000000000000000e+03,-4.120000000000000000e+03,-5.254000000000000000e+03,-1.010400000000000000e+04,-1.122500000000000000e+04,6.076000000000000000e+03
-6.072000000000000000e+03,-6.194000000000000000e+03,-4.445000000000000000e+03,-5.252000000000000000e+03,-5.787000000000000000e+03,-7.387000000000000000e+03,8.059000000000000000e+03,-7.620000000000000000e+02
-1.314000000000000000e+03,-5.236000000000000000e+03,-7.477000000000000000e+03,9.870000000000000000e+02,-5.076000000000000000e+03,7.334000000000000000e+03,-6.647000000000000000e+03,-6.596000000000000000e+03
-3.358000000000000000e+03,7.678000000000000000e+03,-8.010000000000000000e+03,-2.093000000000000000e+03,-7.594000000000000000e+03,-3.624000000000000000e+03,-2.646000000000000000e+03,-1.397800000000000000e+04
-2.563000000000000000e+03,-9.120000000000000000e+02,-1.091600000000000000e+04,-5.780000000000000000e+02,-4.998000000000000000e+03,-3.026000000000000000e+03,-8.848000000000000000e+03,-1.343900000000000000e+04
-7.916000000000000000e+03,1.805200000000000000e+04,-1.036900000000000000e+04,-2.172000000000000000e+03,-1.247800000000000000e+04,-6.445000000000000000e+03,-7.317000000000000000e+03,-1.149200000000000000e+04
-4.953000000000000000e+03,5.225000000000000000e+03,-5.674000000000000000e+03,-1.121100000000000000e+04,-7.235000000000000000e+03,-9.503000000000000000e+03,2.313000000000000000e+03,-1.025000000000000000e+04
1.169000000000000000e+03,-8.666000000000000000e+03,-1.110900000000000000e+04,-1.485000000000000000e+03,-6.900000000000000000e+02,5.253000000000000000e+03,-8.824000000000000000e+03,-1.327600000000000000e+04
-6.386000000000000000e+03,1.188900000000000000e+04,-1.030800000000000000e+04,-6.347000000000000000e+03,-1.276700000000000000e+04,-5.642000000000000000e+03,-6.306000000000000000e+03,-1.712700000000000000e+04
6.633000000000000000e+03,8.640000000000000000e+03,-1.007700000000000000e+04,9.180000000000000000e+02,-1.115500000000000000e+04,-7.850000000000000000e+03,-1.001400000000000000e+04,-1.506900000000000000e+04
-3.021000000000000000e+03,-1.182200000000000000e+04,6.866000000000000000e+03,-8.731000000000000000e+03,4.461000000000000000e+03,-1.267400000000000000e+04,-9.853000000000000000e+03,-6.487000000000000000e+03
-7.869000000000000000e+03,6.656000000000000000e+03,-4.997000000000000000e+03,-4.715000000000000000e+03,-9.796000000000000000e+03,-5.850000000000000000e+03,-2.477000000000000000e+03,-8.735000000000000000e+03
-4.022000000000000000e+03,6.336000000000000000e+03,-8.278000000000000000e+03,-5.040000000000000000e+02,-1.218400000000000000e+04,-5.960000000000000000e+03,-1.432000000000000000e+03,-1.321900000000000000e+04
-5.983000000000000000e+03,1.165000000000000000e+03,-4.750000000000000000e+03,-9.324000000000000000e+03,-4.946000000000000000e+03,-5.068000000000000000e+03,-2.755000000000000000e+03,-1.004900000000000000e+04
-1.050700000000000000e+04,-4.837000000000000000e+03,-5.363000000000000000e+03,-6.879000000000000000e+03,-3.647000000000000000e+03,-9.555000000000000000e+03,-5.565000000000000000e+03,9.320000000000000000e+03
-8.916000000000000000e+03,-7.332000000000000000e+03,-5.699000000000000000e+03,-7.868000000000000000e+03,-8.769000000000000000e+03,-1.216400000000000000e+04,-1.004000000000000000e+04,1.134000000000000000e+04
-2.887000000000000000e+03,-7.313000000000000000e+03,-6.174000000000000000e+03,-1.580000000000000000e+02,-7.020000000000000000e+02,-7.775000000000000000e+03,5.067000000000000000e+03,-4.820000000000000000e+03
-5.521000000000000000e+03,9.214000000000000000e+03,-8.276000000000000000e+03,-5.939000000000000000e+03,-1.653300000000000000e+04,-6.961000000000000000e+03,-5.364000000000000000e+03,-1.743200000000000000e+04
-3.407000000000000000e+03,-9.684000000000000000e+03,4.134000000000000000e+03,-6.301000000000000000e+03,8.148000000000000000e+03,-1.054400000000000000e+04,-7.340000000000000000e+03,-5.107000000000000000e+03
7.740000000000000000e+02,-4.353000000000000000e+03,-4.355000000000000000e+03,1.383000000000000000e+03,-9.086000000000000000e+03,-7.250000000000000000e+02,-8.339000000000000000e+03,-2.066500000000000000e+04
-1.310000000000000000e+03,-9.147000000000000000e+03,5.209000000000000000e+03,7.471000000000000000e+03,-4.754000000000000000e+03,-3.118000000000000000e+03,-1.135900000000000000e+04,-1.850500000000000000e+04
-2.659000000000000000e+03,-6.728000000000000000e+03,-6.132000000000000000e+03,4.900000000000000000e+01,-1.272000000000000000e+03,-7.011000000000000000e+03,-2.501000000000000000e+03,-1.558500000000000000e+04
-2.157000000000000000e+03,-4.585000000000000000e+03,-5.823000000000000000e+03,-4.473000000000000000e+03,-6.172000000000000000e+03,-5.013000000000000000e+03,1.433000000000000000e+03,-4.298000000000000000e+03
-2.433000000000000000e+03,-7.939000000000000000e+03,-9.121000000000000000e+03,1.233000000000000000e+03,-1.106500000000000000e+04,1.521000000000000000e+03,1.700000000000000000e+01,-7.972000000000000000e+03
-8.341000000000000000e+03,-1.065100000000000000e+04,-7.964000000000000000e+03,-1.011900000000000000e+04,-8.315000000000000000e+03,-1.288800000000000000e+04,-1.272700000000000000e+04,1.397200000000000000e+04
-5.463000000000000000e+03,8.978000000000000000e+03,-6.725000000000000000e+03,-5.093000000000000000e+03,-7.388000000000000000e+03,-7.792000000000000000e+03,1.378000000000000000e+03,-1.037400000000000000e+04
-1.149500000000000000e+04,-8.903000000000000000e+03,-4.786000000000000000e+03,-5.643000000000000000e+03,-6.296000000000000000e+03,-1.343500000000000000e+04,-7.726000000000000000e+03,7.435000000000000000e+03
-1.263800000000000000e+04,-3.860000000000000000e+03,-6.978000000000000000e+03,-9.992000000000000000e+03,-8.692000000000000000e+03,-1.578500000000000000e+04,-5.040000000000000000e+03,7.665000000000000000e+03
-9.922000000000000000e+03,-7.902000000000000000e+03,-5.902000000000000000e+03,-1.018500000000000000e+04,-8.593000000000000000e+03,-1.201700000000000000e+04,-6.944000000000000000e+03,9.485000000000000000e+03
-4.437000000000000000e+03,-7.390000000000000000e+03,-1.005600000000000000e+04,1.912000000000000000e+03,-4.901000000000000000e+03,9.079000000000000000e+03,-8.813000000000000000e+03,-1.096900000000000000e+04
1.363000000000000000e+03,-3.020000000000000000e+03,-5.641000000000000000e+03,-2.739000000000000000e+03,-7.135000000000000000e+03,-4.500000000000000000e+03,-3.492000000000000000e+03,-1.549800000000000000e+04
-8.556000000000000000e+03,-7.061000000000000000e+03,-2.695000000000000000e+03,-6.613000000000000000e+03,-3.628000000000000000e+03,-9.647000000000000000e+03,1.219500000000000000e+04,-4.584000000000000000e+03
-8.102000000000000000e+03,-6.338000000000000000e+03,-3.383000000000000000e+03,-6.047000000000000000e+03,-5.934000000000000000e+03,-1.148500000000000000e+04,1.183000000000000000e+04,-6.233000000000000000e+03
-7.750000000000000000e+03,-1.257200000000000000e+04,4.000000000000000000e+01,-1.173400000000000000e+04,-7.376000000000000000e+03,-1.768300000000000000e+04,-9.540000000000000000e+03,9.286000000000000000e+03
5.020000000000000000e+03,-6.742000000000000000e+03,-7.295000000000000000e+03,-1.272000000000000000e+03,-5.463000000000000000e+03,-3.270000000000000000e+03,-7.127000000000000000e+03,-1.449500000000000000e+04
-3.610000000000000000e+02,-6.051000000000000000e+03,-5.836000000000000000e+03,5.220000000000000000e+02,-7.832000000000000000e+03,6.482000000000000000e+03,-4.583000000000000000e+03,-1.561200000000000000e+04
-5.300000000000000000e+03,-5.645000000000000000e+03,-4.244000000000000000e+03,-4.334000000000000000e+03,-7.549000000000000000e+03,-1.326500000000000000e+04,1.196100000000000000e+04,-5.452000000000000000e+03
-9.984000000000000000e+03,-9.905000000000000000e+03,-6.184000000000000000e+03,-1.107900000000000000e+04,-7.393000000000000000e+03,-1.640200000000000000e+04,-7.363000000000000000e+03,1.236500000000000000e+04
-1.008500000000000000e+04,-1.069000000000000000e+04,-6.592000000000000000e+03,-7.588000000000000000e+03,-8.395000000000000000e+03,-1.171600000000000000e+04,-6.810000000000000000e+03,1.211200000000000000e+04
-3.432000000000000000e+03,-6.401000000000000000e+03,-9.648000000000000000e+03,1.173000000000000000e+03,-1.106700000000000000e+04,8.467000000000000000e+03,-7.945000000000000000e+03,-6.188000000000000000e+03
-4.931000000000000000e+03,-8.451000000000000000e+03,2.359000000000000000e+03,-1.974000000000000000e+03,-3.530000000000000000e+02,-1.158700000000000000e+04,-3.502000000000000000e+03,-8.278000000000000000e+03
-1.067900000000000000e+04,-3.850000000000000000e+02,-5.706000000000000000e+03,-3.374000000000000000e+03,-1.253200000000000000e+04,-7.303000000000000000e+03,7.297000000000000000e+03,-1.232400000000000000e+04
-1.299400000000000000e+04,9.340000000000000000e+02,-7.418000000000000000e+03,-3.636000000000000000e+03,-1.039300000000000000e+04,-7.301000000000000000e+03,5.178000000000000000e+03,-6.351000000000000000e+03
-5.033000000000000000e+03,-7.451000000000000000e+03,-8.774000000000000000e+03,-9.421000000000000000e+03,-5.808000000000000000e+03,-1.349800000000000000e+04,1.083600000000000000e+04,-8.519000000000000000e+03
4.298000000000000000e+03,-8.386000000000000000e+03,-1.185300000000000000e+04,8.130000000000000000e+03,-3.474000000000000000e+03,5.551000000000000000e+03,-1.355600000000000000e+04,-1.246200000000000000e+04
6.360000000000000000e+02,-1.244300000000000000e+04,3.807000000000000000e+03,-6.883000000000000000e+03,9.404000000000000000e+03,-9.908000000000000000e+03,-1.007500000000000000e+04,-1.253600000000000000e+04
-3.205000000000000000e+03,-4.387000000000000000e+03,-1.757000000000000000e+03,1.740000000000000000e+03,-4.092000000000000000e+03,-9.209000000000000000e+03,6.506000000000000000e+03,-9.368000000000000000e+03
-4.098000000000000000e+03,-6.006000000000000000e+03,-7.481000000000000000e+03,-2.090000000000000000e+02,-9.279000000000000000e+03,4.466000000000000000e+03,-7.528000000000000000e+03,-1.479900000000000000e+04
4.381000000000000000e+03,-7.337000000000000000e+03,-1.071000000000000000e+03,9.230000000000000000e+02,-2.989000000000000000e+03,-6.513000000000000000e+03,-2.369000000000000000e+03,-1.662700000000000000e+04
-4.061000000000000000e+03,-6.982000000000000000e+03,-9.673000000000000000e+03,6.990000000000000000e+03,-1.437000000000000000e+04,3.454000000000000000e+03,-1.001800000000000000e+04,-1.584000000000000000e+04
-8.268000000000000000e+03,-5.021000000000000000e+03,-6.165000000000000000e+03,-2.858000000000000000e+03,-4.761000000000000000e+03,-5.056000000000000000e+03,1.087100000000000000e+04,-5.264000000000000000e+03
-6.413000000000000000e+03,-8.151000000000000000e+03,-3.380000000000000000e+03,-5.682000000000000000e+03,-8.417000000000000000e+03,-6.391000000000000000e+03,1.253600000000000000e+04,-4.905000000000000000e+03
-3.178000000000000000e+03,-1.042500000000000000e+04,-5.610000000000000000e+02,2.000000000000000000e+01,-6.158000000000000000e+03,-3.007000000000000000e+03,8.930000000000000000e+02,-1.099900000000000000e+04
-3.207000000000000000e+03,-1.126300000000000000e+04,-4.484000000000000000e+03,-6.484000000000000000e+03,8.486000000000000000e+03,-1.289800000000000000e+04,-8.803000000000000000e+03,-2.582000000000000000e+03
-7.733000000000000000e+03,-9.390000000000000000e+03,-1.745000000000000000e+03,-9.190000000000000000e+03,-4.549000000000000000e+03,-1.574100000000000000e+04,-1.197900000000000000e+04,1.102100000000000000e+04
-3.337000000000000000e+03,-6.671000000000000000e+03,-1.031000000000000000e+03,1.629000000000000000e+03,-1.520000000000000000e+03,-2.374000000000000000e+03,-2.534000000000000000e+03,-7.643000000000000000e+03
-5.881000000000000000e+03,1.388300000000000000e+04,-8.569000000000000000e+03,-8.338000000000000000e+03,-2.153000000000000000e+03,-1.004700000000000000e+04,1.073000000000000000e+03,-1.296500000000000000e+04
-1.208900000000000000e+04,4.560000000000000000e+02,-8.800000000000000000e+02,-2.401000000000000000e+03,-4.251000000000000000e+03,-1.216200000000000000e+04,3.548000000000000000e+03,-1.044600000000000000e+04
-9.127000000000000000e+03,-4.525000000000000000e+03,-6.567000000000000000e+03,-1.061000000000000000e+03,-9.015000000000000000e+03,-8.218000000000000000e+03,9.853000000000000000e+03,-4.332000000000000000e+03
-7.019000000000000000e+03,9.717000000000000000e+03,-1.002400000000000000e+04,-4.108000000000000000e+03,-9.352000000000000000e+03,-5.003000000000000000e+03,-3.096000000000000000e+03,-1.125300000000000000e+04
-8.721000000000000000e+03,-4.573000000000000000e+03,-8.527000000000000000e+03,-6.960000000000000000e+03,-5.476000000000000000e+03,-1.144400000000000000e+04,1.159100000000000000e+04,-6.738000000000000000e+03
-1.070100000000000000e+04,-1.233600000000000000e+04,-4.737000000000000000e+03,-1.097600000000000000e+04,-1.000400000000000000e+04,-1.681700000000000000e+04,-7.059000000000000000e+03,1.378300000000000000e+04
-6.810000000000000000e+02,-7.687000000000000000e+03,-7.617000000000000000e+03,3.652000000000000000e+03,-8.226000000000000000e+03,1.039000000000000000e+03,-4.313000000000000000e+03,-1.255500000000000000e+04
-8.815000000000000000e+03,-8.738000000000000000e+03,-5.368000000000000000e+03,-4.719000000000000000e+03,-2.708000000000000000e+03,-1.486300000000000000e+04,-6.034000000000000000e+03,1.003200000000000000e+04
-7.015000000000000000e+03,1.437600000000000000e+04,-1.024800000000000000e+04,-2.405000000000000000e+03,-8.460000000000000000e+03,-8.847000000000000000e+03,-3.243000000000000000e+03,-1.145200000000000000e+04
-1.105100000000000000e+04,-9.394000000000000000e+03,-4.052000000000000000e+03,-8.662000000000000000e+03,-9.102000000000000000e+03,-1.310800000000000000e+04,-1.259100000000000000e+04,1.148200000000000000e+04
-4.301000000000000000e+03,-4.925000000000000000e+03,-8.320000000000000000e+03,2.786000000000000000e+03,-2.807000000000000000e+03,-5.726000000000000000e+03,-8.999000000000000000e+03,-9.916000000000000000e+03
-3.745000000000000000e+03,-8.522000000000000000e+03,-4.504000000000000000e+03,-4.371000000000000000e+03,-1.854000000000000000e+03,-8.584000000000000000e+03,3.124000000000000000e+03,-5.528000000000000000e+03
1.100000000000000000e+02,1.215900000000000000e+04,-7.280000000000000000e+03,-2.760000000000000000e+02,-5.861000000000000000e+03,-4.384000000000000000e+03,-7.141000000000000000e+03,-1.019600000000000000e+04
2.714000000000000000e+03,-1.619000000000000000e+03,-4.762000000000000000e+03,4.500000000000000000e+02,-7.697000000000000000e+03,-2.688000000000000000e+03,-6.374000000000000000e+03,-1.448300000000000000e+04
-2.026000000000000000e+03,-8.167000000000000000e+03,7.697000000000000000e+03,-4.706000000000000000e+03,-5.030000000000000000e+03,-8.366000000000000000e+03,2.230000000000000000e+02,-9.728000000000000000e+03
-5.505000000000000000e+03,-7.406000000000000000e+03,-8.041000000000000000e+03,-6.002000000000000000e+03,-5.071000000000000000e+03,-1.014800000000000000e+04,9.655000000000000000e+03,-7.636000000000000000e+03
-7.650000000000000000e+03,-9.417000000000000000e+03,-4.817000000000000000e+03,-7.351000000000000000e+03,-7.720000000000000000e+03,-1.303600000000000000e+04,-1.173200000000000000e+04,1.161700000000000000e+04
-7.937000000000000000e+03,-1.242900000000000000e+04,2.919000000000000000e+03,-5.644000000000000000e+03,-6.990000000000000000e+02,-1.142900000000000000e+04,-1.712000000000000000e+03,-3.010000000000000000e+02
-1.000900000000000000e+04,-6.712000000000000000e+03,-4.188000000000000000e+03,-7.972000000000000000e+03,-9.378000000000000000e+03,-9.846000000000000000e+03,-1.049500000000000000e+04,1.316000000000000000e+04
-8.719000000000000000e+03,-1.156000000000000000e+04,-4.997000000000000000e+03,-1.307800000000000000e+04,-6.323000000000000000e+03,-1.470000000000000000e+04,-1.007500000000000000e+04,1.266900000000000000e+04
-1.151900000000000000e+04,-1.078500000000000000e+04,-4.447000000000000000e+03,-8.334000000000000000e+03,-6.415000000000000000e+03,-1.271400000000000000e+04,-9.573000000000000000e+03,1.023400000000000000e+04
-1.039100000000000000e+04,-7.739000000000000000e+03,-4.777000000000000000e+03,-2.613000000000000000e+03,-4.736000000000000000e+03,-4.541000000000000000e+03,1.409100000000000000e+04,-6.782000000000000000e+03
-1.208000000000000000e+04,-7.744000000000000000e+03,-5.067000000000000000e+03,-1.043600000000000000e+04,-8.878000000000000000e+03,-1.249600000000000000e+04,-1.074500000000000000e+04,1.250400000000000000e+04
-5.242000000000000000e+03,-4.185000000000000000e+03,-6.250000000000000000e+03,2.932000000000000000e+03,-9.145000000000000000e+03,6.510000000000000000e+03,-8.878000000000000000e+03,-6.319000000000000000e+03
6.240000000000000000e+02,-2.020000000000000000e+03,-1.030100000000000000e+04,3.549000000000000000e+03,-8.832000000000000000e+03,5.249000000000000000e+03,-1.243700000000000000e+04,-1.173200000000000000e+04
-7.416000000000000000e+03,-5.376000000000000000e+03,-9.447000000000000000e+03,-1.089600000000000000e+04,-8.072000000000000000e+03,-8.138000000000000000e+03,8.480000000000000000e+03,-4.549000000000000000e+03
-5.865000000000000000e+03,-4.953000000000000000e+03,-8.841000000000000000e+03,-1.033900000000000000e+04,-6.881000000000000000e+03,-5.102000000000000000e+03,1.145300000000000000e+04,-5.012000000000000000e+03
-2.241000000000000000e+03,-3.013000000000000000e+03,-6.743000000000000000e+03,2.800000000000000000e+03,-9.292000000000000000e+03,-3.089000000000000000e+03,-4.422000000000000000e+03,-1.310200000000000000e+04
-9.335000000000000000e+03,-1.019000000000000000e+04,-4.320000000000000000e+03,-8.117000000000000000e+03,-8.142000000000000000e+03,-1.669100000000000000e+04,-6.784000000000000000e+03,1.082800000000000000e+04
-7.989000000000000000e+03,1.282300000000000000e+04,-9.243000000000000000e+03,-8.542000000000000000e+03,-1.068000000000000000e+04,-1.019400000000000000e+04,-1.420000000000000000e+03,-1.349000000000000000e+04
-8.183000000000000000e+03,-1.116500000000000000e+04,-6.745000000000000000e+03,-1.115000000000000000e+04,-7.528000000000000000e+03,-1.038400000000000000e+04,-9.625000000000000000e+03,1.056200000000000000e+04
-4.482000000000000000e+03,-7.229000000000000000e+03,-5.310000000000000000e+03,-2.500000000000000000e+01,-8.272000000000000000e+03,-9.462000000000000000e+03,8.897000000000000000e+03,-1.269400000000000000e+04
1.639000000000000000e+03,-1.143000000000000000e+04,-7.903000000000000000e+03,-8.413000000000000000e+03,1.297900000000000000e+04,-1.033600000000000000e+04,-9.951000000000000000e+03,-7.695000000000000000e+03
-6.677000000000000000e+03,-9.150000000000000000e+03,-3.200000000000000000e+02,-4.133000000000000000e+03,-6.008000000000000000e+03,-1.058700000000000000e+04,8.091000000000000000e+03,-5.233000000000000000e+03
-5.890000000000000000e+03,-2.024000000000000000e+03,-2.808000000000000000e+03,-4.716000000000000000e+03,-5.700000000000000000e+01,-8.164000000000000000e+03,-3.150000000000000000e+02,3.211000000000000000e+03
4.034000000000000000e+03,-3.727000000000000000e+03,-8.715000000000000000e+03,-1.447000000000000000e+03,-7.210000000000000000e+03,2.133000000000000000e+03,-9.234000000000000000e+03,-1.109100000000000000e+04
-8.938000000000000000e+03,-7.214000000000000000e+03,-1.862000000000000000e+03,-7.148000000000000000e+03,-2.466000000000000000e+03,-1.429200000000000000e+04,-4.671000000000000000e+03,7.048000000000000000e+03
-8.699000000000000000e+03,-7.138000000000000000e+03,-1.049500000000000000e+04,-2.460000000000000000e+02,-8.424000000000000000e+03,-4.888000000000000000e+03,1.369000000000000000e+04,-4.282000000000000000e+03
-8.968000000000000000e+03,-6.723000000000000000e+03,-8.800000000000000000e+02,-5.499000000000000000e+03,-5.933000000000000000e+03,-1.052000000000000000e+04,6.339000000000000000e+03,4.550000000000000000e+02
1.120000000000000000e+03,-5.100000000000000000e+03,-6.674000000000000000e+03,7.267000000000000000e+03,-1.096400000000000000e+04,1.714000000000000000e+03,-1.151000000000000000e+04,-1.391000000000000000e+04
6.031000000000000000e+03,-7.372000000000000000e+03,-5.595000000000000000e+03,6.847000000000000000e+03,-1.105100000000000000e+04,5.033000000000000000e+03,-1.603100000000000000e+04,-1.703200000000000000e+04
-1.858000000000000000e+03,-3.082000000000000000e+03,-7.580000000000000000e+03,4.036000000000000000e+03,-6.882000000000000000e+03,2.122000000000000000e+03,-1.068500000000000000e+04,-2.410000000000000000e+03
5.240000000000000000e+02,-7.641000000000000000e+03,-6.039000000000000000e+03,2.585000000000000000e+03,1.860000000000000000e+02,-1.091600000000000000e+04,-6.200000000000000000e+02,-7.950000000000000000e+03
-1.266300000000000000e+04,1.088100000000000000e+04,-1.211300000000000000e+04,-6.201000000000000000e+03,-1.480200000000000000e+04,-4.888000000000000000e+03,-4.545000000000000000e+03,-1.485600000000000000e+04
-1.098300000000000000e+04,1.125700000000000000e+04,-8.286000000000000000e+03,-3.021000000000000000e+03,-1.172300000000000000e+04,-2.304000000000000000e+03,-6.799000000000000000e+03,-1.034500000000000000e+04
-1.227300000000000000e+04,2.324100000000000000e+04,-9.188000000000000000e+03,-5.334000000000000000e+03,-1.727900000000000000e+04,-1.056400000000000000e+04,-4.869000000000000000e+03,-1.509100000000000000e+04
-7.120000000000000000e+03,-1.281500000000000000e+04,7.544000000000000000e+03,-1.050400000000000000e+04,2.543000000000000000e+03,-1.349300000000000000e+04,-1.048500000000000000e+04,-2.710000000000000000e+02
-1.931000000000000000e+03,-7.812000000000000000e+03,-3.773000000000000000e+03,-6.855000000000000000e+03,4.610000000000000000e+02,-7.709000000000000000e+03,8.480000000000000000e+02,-4.910000000000000000e+03
-4.934000000000000000e+03,-6.532000000000000000e+03,-9.003000000000000000e+03,-2.632000000000000000e+03,-1.246600000000000000e+04,5.478000000000000000e+03,-2.783000000000000000e+03,-8.257000000000000000e+03
-7.048000000000000000e+03,-1.085000000000000000e+04,-2.461000000000000000e+03,-7.283000000000000000e+03,8.516000000000000000e+03,-1.269300000000000000e+04,-6.986000000000000000e+03,-4.240000000000000000e+02
-3.986000000000000000e+03,-1.194300000000000000e+04,-3.706000000000000000e+03,-6.787000000000000000e+03,1.009200000000000000e+04,-1.369600000000000000e+04,-1.120500000000000000e+04,-1.876000000000000000e+03
-5.208000000000000000e+03,-5.258000000000000000e+03,-8.485000000000000000e+03,2.836000000000000000e+03,-6.637000000000000000e+03,4.577000000000000000e+03,-1.002600000000000000e+04,-4.280000000000000000e+03
-7.507000000000000000e+03,-1.199800000000000000e+04,6.617000000000000000e+03,-8.355000000000000000e+03,-1.375000000000000000e+03,-1.456200000000000000e+04,-3.003000000000000000e+03,2.180000000000000000e+03
-1.211000000000000000e+03,-2.445000000000000000e+03,-7.534000000000000000e+03,5.207000000000000000e+03,-3.453000000000000000e+03,-6.230000000000000000e+03,-4.530000000000000000e+03,-1.033000000000000000e+04
-5.726000000000000000e+03,-6.190000000000000000e+03,-7.289000000000000000e+03,-1.141000000000000000e+03,-3.994000000000000000e+03,9.380000000000000000e+02,-1.850000000000000000e+02,-7.045000000000000000e+03
3.130000000000000000e+03,-8.980000000000000000e+03,-8.420000000000000000e+03,5.136000000000000000e+03,-7.337000000000000000e+03,6.880000000000000000e+02,-1.486400000000000000e+04,-1.717200000000000000e+04
-7.187000000000000000e+03,-7.855000000000000000e+03,-5.114000000000000000e+03,-5.099000000000000000e+03,7.059000000000000000e+03,-1.107400000000000000e+04,-4.932000000000000000e+03,1.401000000000000000e+03
-7.927000000000000000e+03,8.001000000000000000e+03,-1.179700000000000000e+04,-1.568000000000000000e+03,-1.201600000000000000e+04,-5.638000000000000000e+03,-2.420000000000000000e+02,-1.239900000000000000e+04
-4.608000000000000000e+03,-4.821000000000000000e+03,-1.112500000000000000e+04,6.316000000000000000e+03,-1.096600000000000000e+04,8.960000000000000000e+02,-9.939000000000000000e+03,-1.495200000000000000e+04
9.216000000000000000e+03,-8.569000000000000000e+03,-7.720000000000000000e+03,4.960000000000000000e+02,-4.236000000000000000e+03,-1.957000000000000000e+03,-7.176000000000000000e+03,-1.070800000000000000e+04
-5.739000000000000000e+03,-1.093400000000000000e+04,4.930000000000000000e+03,-7.394000000000000000e+03,-1.100000000000000000e+01,-1.143600000000000000e+04,-2.983000000000000000e+03,-3.575000000000000000e+03
-8.322000000000000000e+03,-8.904000000000000000e+03,-6.031000000000000000e+03,-7.134000000000000000e+03,-7.901000000000000000e+03,-1.425200000000000000e+04,-8.030000000000000000e+03,1.258300000000000000e+04
-5.600000000000000000e+02,-4.564000000000000000e+03,-1.144900000000000000e+04,2.625000000000000000e+03,-9.021000000000000000e+03,5.229000000000000000e+03,-9.314000000000000000e+03,-7.817000000000000000e+03
-6.561000000000000000e+03,1.869600000000000000e+04,-7.751000000000000000e+03,-3.677000000000000000e+03,-9.982000000000000000e+03,-9.487000000000000000e+03,-5.274000000000000000e+03,-1.457300000000000000e+04
6.480000000000000000e+03,-8.322000000000000000e+03,-5.973000000000000000e+03,4.142000000000000000e+03,-3.917000000000000000e+03,-3.203000000000000000e+03,-9.023000000000000000e+03,-1.461800000000000000e+04
-1.010700000000000000e+04,-9.075000000000000000e+03,-5.394000000000000000e+03,-3.900000000000000000e+03,-8.753000000000000000e+03,-1.206900000000000000e+04,-6.919000000000000000e+03,8.133000000000000000e+03
-1.075500000000000000e+04,-9.001000000000000000e+03,-3.637000000000000000e+03,-1.109200000000000000e+04,-2.784000000000000000e+03,-1.113800000000000000e+04,5.170000000000000000e+02,6.726000000000000000e+03
-8.019000000000000000e+03,-5.388000000000000000e+03,-8.783000000000000000e+03,-1.061900000000000000e+04,-7.296000000000000000e+03,-9.813000000000000000e+03,1.030900000000000000e+04,-4.346000000000000000e+03
-6.570000000000000000e+03,-6.817000000000000000e+03,3.879000000000000000e+03,-3.202000000000000000e+03,-2.646000000000000000e+03,-1.248800000000000000e+04,-5.770000000000000000e+03,-6.000000000000000000e+02
-6.812000000000000000e+03,-8.004000000000000000e+03,5.240000000000000000e+03,-6.930000000000000000e+03,-5.330000000000000000e+03,-1.409500000000000000e+04,3.581000000000000000e+03,-4.669000000000000000e+03
-3.157000000000000000e+03,-9.064000000000000000e+03,-1.042800000000000000e+04,-1.045300000000000000e+04,-8.202000000000000000e+03,-6.972000000000000000e+03,1.122500000000000000e+04,-8.123000000000000000e+03
-5.742000000000000000e+03,-8.162000000000000000e+03,-1.164600000000000000e+04,-3.621000000000000000e+03,-2.369000000000000000e+03,7.951000000000000000e+03,-2.740000000000000000e+03,-1.113600000000000000e+04
-6.980000000000000000e+03,-1.189700000000000000e+04,-5.372000000000000000e+03,-9.592000000000000000e+03,-4.986000000000000000e+03,-1.245800000000000000e+04,1.009900000000000000e+04,-1.321000000000000000e+03
-4.337000000000000000e+03,-1.207400000000000000e+04,6.950000000000000000e+03,-8.905000000000000000e+03,-9.780000000000000000e+02,-1.681900000000000000e+04,-9.728000000000000000e+03,2.462000000000000000e+03
-2.191000000000000000e+03,6.130000000000000000e+03,-7.863000000000000000e+03,-6.930000000000000000e+02,-1.404100000000000000e+04,-5.170000000000000000e+03,-6.138000000000000000e+03,-1.483700000000000000e+04
-2.422000000000000000e+03,-8.206000000000000000e+03,-6.794000000000000000e+03,2.348000000000000000e+03,7.802000000000000000e+03,-8.688000000000000000e+03,-8.692000000000000000e+03,-8.823000000000000000e+03
-9.244000000000000000e+03,-7.276000000000000000e+03,-4.410000000000000000e+03,-7.992000000000000000e+03,-1.024100000000000000e+04,-8.205000000000000000e+03,-1.235100000000000000e+04,8.638000000000000000e+03
5.884000000000000000e+03,-1.094500000000000000e+04,-8.856000000000000000e+03,-2.317000000000000000e+03,5.833000000000000000e+03,-1.031400000000000000e+04,-9.948000000000000000e+03,-1.080000000000000000e+04
-7.208000000000000000e+03,-9.379000000000000000e+03,-5.500000000000000000e+02,-3.876000000000000000e+03,-9.000000000000000000e+00,-9.400000000000000000e+03,1.787000000000000000e+03,6.160000000000000000e+02
-1.767000000000000000e+03,-7.437000000000000000e+03,7.227000000000000000e+03,2.254000000000000000e+03,1.320000000000000000e+03,-6.706000000000000000e+03,-8.660000000000000000e+03,-1.104300000000000000e+04
-7.688000000000000000e+03,1.538700000000000000e+04,-7.941000000000000000e+03,-3.065000000000000000e+03,-1.402000000000000000e+04,-7.905000000000000000e+03,-6.398000000000000000e+03,-1.597900000000000000e+04
-8.889000000000000000e+03,-9.035000000000000000e+03,-2.373000000000000000e+03,-1.124500000000000000e+04,-7.667000000000000000e+03,-1.511600000000000000e+04,-8.787000000000000000e+03,9.821000000000000000e+03
8.990000000000000000e+02,-9.055000000000000000e+03,-6.459000000000000000e+03,-3.734000000000000000e+03,4.103000000000000000e+03,2.652000000000000000e+03,-7.599000000000000000e+03,-8.476000000000000000e+03
-3.941000000000000000e+03,-8.486000000000000000e+03,-4.397000000000000000e+03,-4.019000000000000000e+03,8.210000000000000000e+02,-9.618000000000000000e+03,-5.833000000000000000e+03,-5.216000000000000000e+03
6.586000000000000000e+03,-6.340000000000000000e+03,-7.012000000000000000e+03,1.775000000000000000e+03,5.890000000000000000e+02,-6.968000000000000000e+03,-9.980000000000000000e+03,-1.660500000000000000e+04
-1.422000000000000000e+03,-4.512000000000000000e+03,-1.372000000000000000e+03,7.702000000000000000e+03,-5.200000000000000000e+03,1.538000000000000000e+03,-1.209700000000000000e+04,-1.698400000000000000e+04
-2.716000000000000000e+03,-2.864000000000000000e+03,-1.014500000000000000e+04,-1.358000000000000000e+03,-3.854000000000000000e+03,6.290000000000000000e+03,-6.569000000000000000e+03,-7.724000000000000000e+03
-1.178800000000000000e+04,-6.937000000000000000e+03,-4.786000000000000000e+03,-7.003000000000000000e+03,-8.786000000000000000e+03,-9.680000000000000000e+03,-7.803000000000000000e+03,8.531000000000000000e+03
-8.582000000000000000e+03,-6.465000000000000000e+03,-7.272000000000000000e+03,-8.965000000000000000e+03,-6.592000000000000000e+03,-5.814000000000000000e+03,9.282000000000000000e+03,-6.850000000000000000e+03
-2.701000000000000000e+03,-8.366000000000000000e+03,-6.213000000000000000e+03,5.580000000000000000e+03,-1.337800000000000000e+04,5.975000000000000000e+03,-1.264700000000000000e+04,-1.386100000000000000e+04
-5.812000000000000000e+03,-8.819000000000000000e+03,1.720000000000000000e+02,-9.719000000000000000e+03,-1.495000000000000000e+03,-1.516200000000000000e+04,4.899000000000000000e+03,-2.270000000000000000e+03
-5.233000000000000000e+03,1.792000000000000000e+03,-1.044700000000000000e+04,-1.276000000000000000e+03,-6.124000000000000000e+03,-3.983000000000000000e+03,-5.079000000000000000e+03,-1.556400000000000000e+04
-3.383000000000000000e+03,-1.129700000000000000e+04,7.199000000000000000e+03,-7.250000000000000000e+03,1.026000000000000000e+03,-1.378900000000000000e+04,-6.796000000000000000e+03,-4.329000000000000000e+03
1.391000000000000000e+03,-5.224000000000000000e+03,-1.086100000000000000e+04,-1.631000000000000000e+03,-9.761000000000000000e+03,2.602000000000000000e+03,-2.229000000000000000e+03,-1.267900000000000000e+04
6.126000000000000000e+03,-4.806000000000000000e+03,-8.975000000000000000e+03,4.848000000000000000e+03,-9.970000000000000000e+03,1.502000000000000000e+03,-9.582000000000000000e+03,-1.055800000000000000e+04
-7.949000000000000000e+03,-6.801000000000000000e+03,-1.640000000000000000e+02,-4.507000000000000000e+03,-5.297000000000000000e+03,-1.079900000000000000e+04,4.069000000000000000e+03,-1.293000000000000000e+03
-9.527000000000000000e+03,-7.474000000000000000e+03,-6.313000000000000000e+03,-7.520000000000000000e+03,-8.738000000000000000e+03,-1.198700000000000000e+04,-8.757000000000000000e+03,1.140500000000000000e+04
2.747000000000000000e+03,-9.871000000000000000e+03,-7.894000000000000000e+03,5.054000000000000000e+03,-9.602000000000000000e+03,1.104400000000000000e+04,-1.647800000000000000e+04,-9.948000000000000000e+03
-3.548000000000000000e+03,-9.585000000000000000e+03,6.782000000000000000e+03,-3.910000000000000000e+03,2.162000000000000000e+03,-9.894000000000000000e+03,-5.004000000000000000e+03,-7.187000000000000000e+03
-7.130000000000000000e+03,-9.080000000000000000e+03,-4.649000000000000000e+03,-2.422000000000000000e+03,-3.751000000000000000e+03,-1.203200000000000000e+04,1.040600000000000000e+04,-6.418000000000000000e+03
-1.617000000000000000e+03,1.076200000000000000e+04,-6.474000000000000000e+03,-3.751000000000000000e+03,-8.770000000000000000e+03,-4.231000000000000000e+03,-7.702000000000000000e+03,-1.133500000000000000e+04
9.165000000000000000e+03,-5.748000000000000000e+03,-1.023100000000000000e+04,8.070000000000000000e+02,-2.116000000000000000e+03,-4.671000000000000000e+03,-5.749000000000000000e+03,-1.775600000000000000e+04
6.834000000000000000e+03,-1.128300000000000000e+04,-3.182000000000000000e+03,5.435000000000000000e+03,-3.541000000000000000e+03,-4.452000000000000000e+03,-1.178100000000000000e+04,-1.883200000000000000e+04
-9.750000000000000000e+02,-7.256000000000000000e+03,-1.182300000000000000e+04,2.300000000000000000e+03,-1.101100000000000000e+04,3.398000000000000000e+03,-1.425900000000000000e+04,-1.691000000000000000e+04
-1.986000000000000000e+03,-3.454000000000000000e+03,-1.011300000000000000e+04,5.455000000000000000e+03,-5.322000000000000000e+03,2.223000000000000000e+03,-8.904000000000000000e+03,-1.402400000000000000e+04
8.060000000000000000e+02,-4.505000000000000000e+03,-1.242800000000000000e+04,1.208000000000000000e+03,-4.779000000000000000e+03,-1.624000000000000000e+03,-7.060000000000000000e+03,-1.307600000000000000e+04
-4.505000000000000000e+03,-1.109000000000000000e+04,5.902000000000000000e+03,-8.090000000000000000e+03,4.040000000000000000e+03,-1.003000000000000000e+04,-6.320000000000000000e+03,-7.583000000000000000e+03
-6.090000000000000000e+02,-1.049800000000000000e+04,-8.255000000000000000e+03,-2.997000000000000000e+03,8.587000000000000000e+03,-1.132100000000000000e+04,-1.144800000000000000e+04,-9.375000000000000000e+03
-1.005000000000000000e+04,7.184000000000000000e+03,-1.125900000000000000e+04,-3.630000000000000000e+03,-1.402000000000000000e+04,-6.918000000000000000e+03,-3.651000000000000000e+03,-1.019800000000000000e+04
-2.440000000000000000e+03,-6.680000000000000000e+03,-5.566000000000000000e+03,4.637000000000000000e+03,-1.890000000000000000e+03,-2.085000000000000000e+03,-3.351000000000000000e+03,-1.064400000000000000e+04
-6.801000000000000000e+03,-1.253200000000000000e+04,9.498000000000000000e+03,-1.531000000000000000e+03,-7.684000000000000000e+03,-1.249500000000000000e+04,-4.590000000000000000e+02,-1.623000000000000000e+03
-3.375000000000000000e+03,-5.332000000000000000e+03,-8.375000000000000000e+03,-2.447000000000000000e+03,-5.924000000000000000e+03,-5.696000000000000000e+03,2.412000000000000000e+03,-4.268000000000000000e+03
-1.836000000000000000e+03,-2.729000000000000000e+03,-1.020500000000000000e+04,3.220000000000000000e+03,-7.109000000000000000e+03,-1.222000000000000000e+03,-1.053900000000000000e+04,-1.677700000000000000e+04
-3.221000000000000000e+03,-6.995000000000000000e+03,-9.519000000000000000e+03,4.629000000000000000e+03,-6.956000000000000000e+03,3.843000000000000000e+03,-5.109000000000000000e+03,-9.905000000000000000e+03
1.067000000000000000e+03,-4.214000000000000000e+03,-1.127300000000000000e+04,1.354000000000000000e+03,-1.005700000000000000e+04,-2.710000000000000000e+02,-9.238000000000000000e+03,-1.705700000000000000e+04
-2.720000000000000000e+03,1.037500000000000000e+04,-1.129400000000000000e+04,-3.291000000000000000e+03,-6.596000000000000000e+03,-8.787000000000000000e+03,-5.141000000000000000e+03,-1.605800000000000000e+04
-4.288000000000000000e+03,-7.274000000000000000e+03,-1.092000000000000000e+04,7.100000000000000000e+03,-1.308700000000000000e+04,1.649000000000000000e+03,-7.760000000000000000e+03,-1.265700000000000000e+04
-3.263000000000000000e+03,-9.645000000000000000e+03,6.943000000000000000e+03,-3.227000000000000000e+03,-4.250000000000000000e+02,-1.188000000000000000e+04,-8.727000000000000000e+03,-7.547000000000000000e+03
-1.049800000000000000e+04,-9.196000000000000000e+03,-3.673000000000000000e+03,-1.028500000000000000e+04,-8.688000000000000000e+03,-1.684200000000000000e+04,3.480000000000000000e+02,8.698000000000000000e+03
-3.410000000000000000e+03,-1.146900000000000000e+04,7.074000000000000000e+03,-6.134000000000000000e+03,-1.230000000000000000e+02,-1.374700000000000000e+04,-8.292000000000000000e+03,-9.563000000000000000e+03
-3.553000000000000000e+03,-8.407000000000000000e+03,-7.097000000000000000e+03,5.500000000000000000e+02,-8.797000000000000000e+03,1.274000000000000000e+03,-1.545000000000000000e+03,-1.137300000000000000e+04
-2.262000000000000000e+03,1.016600000000000000e+04,-1.153200000000000000e+04,-4.732000000000000000e+03,-1.188000000000000000e+04,-6.095000000000000000e+03,-6.428000000000000000e+03,-1.742100000000000000e+04
-9.049000000000000000e+03,-6.866000000000000000e+03,-3.964000000000000000e+03,-4.681000000000000000e+03,-1.124000000000000000e+03,-1.133600000000000000e+04,-7.304000000000000000e+03,9.228000000000000000e+03
-7.154000000000000000e+03,1.155300000000000000e+04,-1.105600000000000000e+04,-5.855000000000000000e+03,-1.384500000000000000e+04,-5.416000000000000000e+03,-3.832000000000000000e+03,-1.519900000000000000e+04
-8.071000000000000000e+03,-7.632000000000000000e+03,-3.187000000000000000e+03,-7.242000000000000000e+03,-4.535000000000000000e+03,-9.160000000000000000e+03,1.028200000000000000e+04,-7.957000000000000000e+03
-8.113000000000000000e+03,-5.965000000000000000e+03,-5.149000000000000000e+03,-4.950000000000000000e+02,-3.211000000000000000e+03,-1.118300000000000000e+04,6.234000000000000000e+03,-3.955000000000000000e+03
-5.821000000000000000e+03,-1.279300000000000000e+04,8.203000000000000000e+03,-9.427000000000000000e+03,6.710000000000000000e+02,-1.453300000000000000e+04,-1.047700000000000000e+04,3.686000000000000000e+03
-1.875000000000000000e+03,-4.915000000000000000e+03,-3.779000000000000000e+03,6.212000000000000000e+03,-1.560000000000000000e+02,-9.064000000000000000e+03,-8.734000000000000000e+03,-1.026500000000000000e+04
-9.433000000000000000e+03,3.042000000000000000e+03,-8.839000000000000000e+03,-4.949000000000000000e+03,-1.349000000000000000e+04,-1.041400000000000000e+04,1.020400000000000000e+04,-9.684000000000000000e+03
-9.127000000000000000e+03,-1.049600000000000000e+04,-2.953000000000000000e+03,-9.517000000000000000e+03,-2.083000000000000000e+03,-1.402200000000000000e+04,-5.637000000000000000e+03,6.875000000000000000e+03
-4.973000000000000000e+03,-3.161000000000000000e+03,-4.821000000000000000e+03,-3.233000000000000000e+03,-7.261000000000000000e+03,-1.664000000000000000e+03,-3.624000000000000000e+03,-8.336000000000000000e+03
-8.594000000000000000e+03,-3.300000000000000000e+03,-4.754000000000000000e+03,-5.193000000000000000e+03,-1.053000000000000000e+04,-1.294400000000000000e+04,1.543900000000000000e+04,-4.299000000000000000e+03
-5.720000000000000000e+03,-1.763000000000000000e+03,-1.146600000000000000e+04,3.667000000000000000e+03,-7.420000000000000000e+03,7.367000000000000000e+03,-8.756000000000000000e+03,-9.372000000000000000e+03
-5.079000000000000000e+03,-4.802000000000000000e+03,-5.722000000000000000e+03,-6.776000000000000000e+03,-6.657000000000000000e+03,-6.524000000000000000e+03,1.241000000000000000e+04,-1.015000000000000000e+04
9.460000000000000000e+02,-5.579000000000000000e+03,-6.675000000000000000e+03,2.283000000000000000e+03,-5.260000000000000000e+03,-3.271000000000000000e+03,-5.199000000000000000e+03,-1.589300000000000000e+04
-6.645000000000000000e+03,-1.741000000000000000e+03,-8.025000000000000000e+03,3.030000000000000000e+03,-9.739000000000000000e+03,7.499000000000000000e+03,-1.505200000000000000e+04,-4.415000000000000000e+03
-7.028000000000000000e+03,-5.904000000000000000e+03,-9.498000000000000000e+03,-4.393000000000000000e+03,-7.614000000000000000e+03,-5.593000000000000000e+03,1.203500000000000000e+04,-1.126800000000000000e+04
2.287000000000000000e+03,-4.243000000000000000e+03,-3.211000000000000000e+03,3.768000000000000000e+03,-7.244000000000000000e+03,6.840000000000000000e+02,-9.394000000000000000e+03,-1.239400000000000000e+04
-1.626000000000000000e+03,-4.505000000000000000e+03,-9.255000000000000000e+03,-4.898000000000000000e+03,-7.192000000000000000e+03,4.372000000000000000e+03,-2.008000000000000000e+03,-9.616000000000000000e+03
6.265000000000000000e+03,-4.213000000000000000e+03,-8.771000000000000000e+03,-5.166000000000000000e+03,5.300000000000000000e+02,-6.683000000000000000e+03,-5.482000000000000000e+03,-1.333400000000000000e+04
-5.292000000000000000e+03,-2.774000000000000000e+03,-6.615000000000000000e+03,-1.094000000000000000e+03,-7.315000000000000000e+03,1.460000000000000000e+02,-8.375000000000000000e+03,-1.088800000000000000e+04
-6.247000000000000000e+03,-1.107600000000000000e+04,8.260000000000000000e+02,-7.427000000000000000e+03,1.845000000000000000e+03,-1.537300000000000000e+04,-8.737000000000000000e+03,4.903000000000000000e+03
-1.180200000000000000e+04,-9.100000000000000000e+02,-8.651000000000000000e+03,-1.328900000000000000e+04,-7.032000000000000000e+03,-6.841000000000000000e+03,7.479000000000000000e+03,-6.083000000000000000e+03
-5.472000000000000000e+03,-4.250000000000000000e+02,-7.765000000000000000e+03,5.800000000000000000e+01,-7.226000000000000000e+03,3.438000000000000000e+03,-2.933000000000000000e+03,-3.897000000000000000e+03
-9.288000000000000000e+03,6.700000000000000000e+01,-6.623000000000000000e+03,-4.519000000000000000e+03,-8.273000000000000000e+03,-1.177900000000000000e+04,8.271000000000000000e+03,-6.185000000000000000e+03
-3.307000000000000000e+03,-1.112000000000000000e+04,-5.967000000000000000e+03,-6.483000000000000000e+03,9.441000000000000000e+03,-1.086700000000000000e+04,-7.681000000000000000e+03,-6.468000000000000000e+03
-9.229000000000000000e+03,-1.047400000000000000e+04,3.048000000000000000e+03,-4.197000000000000000e+03,-4.143000000000000000e+03,-1.673600000000000000e+04,1.438000000000000000e+03,-2.921000000000000000e+03
3.838000000000000000e+03,-9.971000000000000000e+03,7.100000000000000000e+02,2.462000000000000000e+03,-5.782000000000000000e+03,-4.657000000000000000e+03,-4.204000000000000000e+03,-1.648500000000000000e+04
-6.104000000000000000e+03,1.101800000000000000e+04,-1.125100000000000000e+04,-6.980000000000000000e+02,-1.288900000000000000e+04,-8.363000000000000000e+03,-4.218000000000000000e+03,-1.153400000000000000e+04
-1.166600000000000000e+04,-3.649000000000000000e+03,-8.886000000000000000e+03,-7.404000000000000000e+03,-7.992000000000000000e+03,-1.082500000000000000e+04,9.555000000000000000e+03,-1.371000000000000000e+03
-6.519000000000000000e+03,-9.012000000000000000e+03,-3.393000000000000000e+03,-6.951000000000000000e+03,-3.020000000000000000e+02,-6.281000000000000000e+03,7.360000000000000000e+03,-4.341000000000000000e+03
-6.582000000000000000e+03,1.325700000000000000e+04,-1.287600000000000000e+04,6.800000000000000000e+01,-1.550300000000000000e+04,-1.290000000000000000e+03,-8.219000000000000000e+03,-1.533900000000000000e+04
-2.600000000000000000e+02,-9.795000000000000000e+03,1.035000000000000000e+04,-5.215000000000000000e+03,4.905000000000000000e+03,-8.500000000000000000e+03,-6.655000000000000000e+03,-1.140600000000000000e+04
-9.082000000000000000e+03,9.002000000000000000e+03,-6.402000000000000000e+03,8.840000000000000000e+02,-4.919000000000000000e+03,-9.451000000000000000e+03,-5.024000000000000000e+03,-1.099100000000000000e+04
5.371000000000000000e+03,-1.041400000000000000e+04,5.630000000000000000e+02,1.133000000000000000e+03,1.033000000000000000e+03,-2.713000000000000000e+03,-1.196700000000000000e+04,-2.052200000000000000e+04
-3.606000000000000000e+03,-2.681000000000000000e+03,-5.209000000000000000e+03,-6.330000000000000000e+02,-9.036000000000000000e+03,-3.797000000000000000e+03,-8.380000000000000000e+02,-1.053000000000000000e+04
-9.338000000000000000e+03,-1.215200000000000000e+04,-3.213000000000000000e+03,-1.050300000000000000e+04,-5.686000000000000000e+03,-1.384900000000000000e+04,-9.931000000000000000e+03,1.041600000000000000e+04
-3.448000000000000000e+03,-7.773000000000000000e+03,-6.479000000000000000e+03,-1.940000000000000000e+02,-1.360000000000000000e+02,-9.383000000000000000e+03,1.353000000000000000e+03,-5.062000000000000000e+03
-5.105000000000000000e+03,-8.276000000000000000e+03,-6.721000000000000000e+03,-4.259000000000000000e+03,-9.802000000000000000e+03,-5.275000000000000000e+03,8.236000000000000000e+03,-6.143000000000000000e+03
-6.081000000000000000e+03,-5.574000000000000000e+03,-4.887000000000000000e+03,-8.918000000000000000e+03,-6.889000000000000000e+03,-1.421400000000000000e+04,1.087300000000000000e+04,-1.560000000000000000e+03
1.173800000000000000e+04,-7.458000000000000000e+03,-7.081000000000000000e+03,2.569000000000000000e+03,-6.106000000000000000e+03,-5.202000000000000000e+03,-1.077000000000000000e+04,-1.301600000000000000e+04
-5.457000000000000000e+03,1.767700000000000000e+04,-9.031000000000000000e+03,-4.836000000000000000e+03,-7.514000000000000000e+03,-7.700000000000000000e+03,-5.708000000000000000e+03,-1.113800000000000000e+04
-1.965000000000000000e+03,-9.313000000000000000e+03,2.139000000000000000e+03,1.303000000000000000e+03,8.330000000000000000e+02,-8.458000000000000000e+03,-6.892000000000000000e+03,-9.802000000000000000e+03
5.315000000000000000e+03,-8.319000000000000000e+03,-3.296000000000000000e+03,1.472000000000000000e+03,-6.542000000000000000e+03,6.480000000000000000e+02,-1.373800000000000000e+04,-2.325200000000000000e+04
6.365000000000000000e+03,-1.000600000000000000e+04,-1.397000000000000000e+03,2.822000000000000000e+03,-3.225000000000000000e+03,-1.550000000000000000e+03,-7.319000000000000000e+03,-1.926200000000000000e+04
-5.804000000000000000e+03,-9.741000000000000000e+03,-4.051000000000000000e+03,-4.779000000000000000e+03,1.026100000000000000e+04,-1.349800000000000000e+04,-1.245900000000000000e+04,-2.319000000000000000e+03
-6.159000000000000000e+03,-1.727000000000000000e+03,-8.812000000000000000e+03,-9.042000000000000000e+03,-9.865000000000000000e+03,-3.770000000000000000e+03,6.084000000000000000e+03,-8.843000000000000000e+03
-1.854000000000000000e+03,-2.189000000000000000e+03,-6.408000000000000000e+03,1.925000000000000000e+03,-1.383000000000000000e+04,-1.005000000000000000e+03,-6.194000000000000000e+03,-1.461100000000000000e+04
-8.954000000000000000e+03,-9.460000000000000000e+02,-8.048000000000000000e+03,-7.403000000000000000e+03,-9.615000000000000000e+03,-9.279000000000000000e+03,6.835000000000000000e+03,-8.938000000000000000e+03
2.864000000000000000e+03,-1.023600000000000000e+04,-7.417000000000000000e+03,-1.573000000000000000e+03,1.123500000000000000e+04,-1.003000000000000000e+04,-9.075000000000000000e+03,-1.329800000000000000e+04
-2.417000000000000000e+03,-1.000400000000000000e+04,4.921000000000000000e+03,-3.727000000000000000e+03,1.742000000000000000e+03,-5.248000000000000000e+03,-4.049000000000000000e+03,-5.798000000000000000e+03
-2.084000000000000000e+03,-4.714000000000000000e+03,-8.695000000000000000e+03,3.192000000000000000e+03,-1.086500000000000000e+04,2.648000000000000000e+03,-6.998000000000000000e+03,-1.363700000000000000e+04
-9.433000000000000000e+03,-1.008900000000000000e+04,-4.538000000000000000e+03,-9.008000000000000000e+03,-7.412000000000000000e+03,-8.293000000000000000e+03,-1.180100000000000000e+04,1.311500000000000000e+04
-4.666000000000000000e+03,-1.076700000000000000e+04,8.167000000000000000e+03,-1.016900000000000000e+04,6.192000000000000000e+03,-1.169900000000000000e+04,-5.817000000000000000e+03,-7.904000000000000000e+03
-7.782000000000000000e+03,-7.267000000000000000e+03,-6.937000000000000000e+03,-7.101000000000000000e+03,-7.798000000000000000e+03,-1.009300000000000000e+04,1.604400000000000000e+04,-6.176000000000000000e+03
-5.752000000000000000e+03,-8.201000000000000000e+03,-3.714000000000000000e+03,-1.066100000000000000e+04,-5.225000000000000000e+03,-1.466700000000000000e+04,6.640000000000000000e+03,-4.393000000000000000e+03
-7.116000000000000000e+03,2.032200000000000000e+04,-1.307400000000000000e+04,-6.022000000000000000e+03,-1.100000000000000000e+04,-8.817000000000000000e+03,-7.243000000000000000e+03,-1.294500000000000000e+04
-8.901000000000000000e+03,-6.124000000000000000e+03,-2.453000000000000000e+03,-6.662000000000000000e+03,-5.467000000000000000e+03,-1.079200000000000000e+04,1.170600000000000000e+04,-5.372000000000000000e+03
-1.250400000000000000e+04,-1.136100000000000000e+04,2.351000000000000000e+03,-1.035300000000000000e+04,-8.153000000000000000e+03,-1.797300000000000000e+04,-2.568000000000000000e+03,6.378000000000000000e+03
-4.753000000000000000e+03,-7.210000000000000000e+03,-4.747000000000000000e+03,-9.113000000000000000e+03,-3.841000000000000000e+03,-9.073000000000000000e+03,1.327100000000000000e+04,-7.706000000000000000e+03
-6.137000000000000000e+03,1.263600000000000000e+04,-1.134500000000000000e+04,-5.203000000000000000e+03,-1.170400000000000000e+04,-7.247000000000000000e+03,4.190000000000000000e+02,-1.032000000000000000e+04
-3.693000000000000000e+03,1.159700000000000000e+04,-8.591000000000000000e+03,-1.723000000000000000e+03,-7.269000000000000000e+03,-9.230000000000000000e+03,-6.969000000000000000e+03,-1.357600000000000000e+04
4.213000000000000000e+03,-7.057000000000000000e+03,-3.878000000000000000e+03,6.842000000000000000e+03,-7.485000000000000000e+03,-3.874000000000000000e+03,-1.378200000000000000e+04,-1.557500000000000000e+04
-9.775000000000000000e+03,-1.064100000000000000e+04,-5.904000000000000000e+03,-8.505000000000000000e+03,-7.548000000000000000e+03,-1.545500000000000000e+04,-2.432000000000000000e+03,1.039600000000000000e+04
-7.416000000000000000e+03,6.326000000000000000e+03,-7.483000000000000000e+03,-4.242000000000000000e+03,-9.646000000000000000e+03,-4.101000000000000000e+03,7.400000000000000000e+01,-8.708000000000000000e+03
-5.918000000000000000e+03,7.683000000000000000e+03,-1.214600000000000000e+04,-6.293000000000000000e+03,-1.097500000000000000e+04,-8.054000000000000000e+03,6.660000000000000000e+02,-1.172200000000000000e+04
-5.902000000000000000e+03,-6.007000000000000000e+03,-1.253200000000000000e+04,2.862000000000000000e+03,-1.030300000000000000e+04,4.870000000000000000e+03,-6.573000000000000000e+03,-1.574400000000000000e+04
-4.854000000000000000e+03,-4.773000000000000000e+03,-8.106000000000000000e+03,3.504000000000000000e+03,-9.426000000000000000e+03,3.871000000000000000e+03,-8.921000000000000000e+03,-9.546000000000000000e+03
1.054300000000000000e+04,-7.958000000000000000e+03,-1.021700000000000000e+04,7.350000000000000000e+02,-7.510000000000000000e+03,8.280000000000000000e+02,-7.147000000000000000e+03,-1.605500000000000000e+04
-7.595000000000000000e+03,-1.183500000000000000e+04,2.794000000000000000e+03,-5.051000000000000000e+03,-4.974000000000000000e+03,-1.059800000000000000e+04,1.770000000000000000e+03,1.499000000000000000e+03
-7.269000000000000000e+03,-5.305000000000000000e+03,-5.382000000000000000e+03,-1.195000000000000000e+03,-5.726000000000000000e+03,-8.635000000000000000e+03,7.542000000000000000e+03,-8.755000000000000000e+03
-4.870000000000000000e+03,-6.047000000000000000e+03,-6.540000000000000000e+03,-7.655000000000000000e+03,-3.956000000000000000e+03,-7.564000000000000000e+03,2.703000000000000000e+03,-1.333000000000000000e+03
1.109200000000000000e+04,-7.824000000000000000e+03,-7.484000000000000000e+03,1.703000000000000000e+03,-1.004500000000000000e+04,-4.332000000000000000e+03,-6.436000000000000000e+03,-1.559900000000000000e+04
-2.345000000000000000e+03,-8.094000000000000000e+03,-1.057300000000000000e+04,3.520000000000000000e+03,-3.915000000000000000e+03,-1.133000000000000000e+03,-5.447000000000000000e+03,-7.466000000000000000e+03
-6.790000000000000000e+03,1.133500000000000000e+04,-6.896000000000000000e+03,-4.625000000000000000e+03,-9.451000000000000000e+03,-6.820000000000000000e+03,-2.979000000000000000e+03,-1.166800000000000000e+04
-5.075000000000000000e+03,-1.165900000000000000e+04,1.550000000000000000e+03,-9.073000000000000000e+03,-1.021000000000000000e+03,-1.453900000000000000e+04,-8.242000000000000000e+03,5.220000000000000000e+03
2.067000000000000000e+03,-7.713000000000000000e+03,-1.225900000000000000e+04,6.385000000000000000e+03,-1.056300000000000000e+04,2.062000000000000000e+03,-1.327500000000000000e+04,-1.690800000000000000e+04
-4.076000000000000000e+03,-6.519000000000000000e+03,1.600000000000000000e+02,-1.325000000000000000e+03,-9.756000000000000000e+03,-1.193500000000000000e+04,1.146400000000000000e+04,-6.137000000000000000e+03
1.388000000000000000e+03,-7.187000000000000000e+03,-8.864000000000000000e+03,6.658000000000000000e+03,-1.048800000000000000e+04,4.445000000000000000e+03,-8.364000000000000000e+03,-1.124100000000000000e+04
-8.681000000000000000e+03,1.438900000000000000e+04,-8.899000000000000000e+03,-2.900000000000000000e+01,-8.676000000000000000e+03,-6.372000000000000000e+03,-7.936000000000000000e+03,-1.090600000000000000e+04
-8.170000000000000000e+02,-8.869000000000000000e+03,-6.636000000000000000e+03,3.259000000000000000e+03,1.034400000000000000e+04,-4.976000000000000000e+03,-6.548000000000000000e+03,-1.083300000000000000e+04
-5.032000000000000000e+03,-8.672000000000000000e+03,-8.867000000000000000e+03,7.397000000000000000e+03,-8.064000000000000000e+03,-1.150000000000000000e+02,-3.649000000000000000e+03,-1.030500000000000000e+04
-4.104000000000000000e+03,-4.660000000000000000e+02,-6.992000000000000000e+03,-6.260000000000000000e+03,-8.322000000000000000e+03,-4.118000000000000000e+03,4.261000000000000000e+03,-8.577000000000000000e+03
4.318000000000000000e+03,-6.251000000000000000e+03,-1.596200000000000000e+04,-3.280000000000000000e+02,-8.863000000000000000e+03,1.657000000000000000e+03,-9.097000000000000000e+03,-1.719800000000000000e+04
1.196000000000000000e+03,-3.143000000000000000e+03,-1.424500000000000000e+04,5.240000000000000000e+02,-1.061900000000000000e+04,1.681000000000000000e+03,-1.186800000000000000e+04,-1.543600000000000000e+04
-1.253000000000000000e+03,-9.512000000000000000e+03,-7.947000000000000000e+03,4.085000000000000000e+03,2.047000000000000000e+03,-8.444000000000000000e+03,-6.952000000000000000e+03,-6.196000000000000000e+03
-5.360000000000000000e+03,-1.236600000000000000e+04,-4.163000000000000000e+03,-6.680000000000000000e+03,7.948000000000000000e+03,-1.266900000000000000e+04,-8.198000000000000000e+03,-3.294000000000000000e+03
-3.100000000000000000e+02,-6.698000000000000000e+03,-6.852000000000000000e+03,4.462000000000000000e+03,-2.201000000000000000e+03,-6.414000000000000000e+03,-8.259000000000000000e+03,-1.329900000000000000e+04
-4.352000000000000000e+03,-9.424000000000000000e+03,-2.940000000000000000e+02,-4.683000000000000000e+03,9.184000000000000000e+03,-1.156800000000000000e+04,-7.865000000000000000e+03,-3.421000000000000000e+03
-7.057000000000000000e+03,-6.841000000000000000e+03,-7.589000000000000000e+03,3.983000000000000000e+03,-8.896000000000000000e+03,4.865000000000000000e+03,-6.062000000000000000e+03,-1.655800000000000000e+04
-3.236000000000000000e+03,-7.074000000000000000e+03,-9.746000000000000000e+03,2.117000000000000000e+03,-8.033000000000000000e+03,5.289000000000000000e+03,-7.038000000000000000e+03,-9.168000000000000000e+03
1.985000000000000000e+03,-2.681000000000000000e+03,-8.841000000000000000e+03,1.670000000000000000e+02,-8.484000000000000000e+03,5.558000000000000000e+03,-5.851000000000000000e+03,-8.905000000000000000e+03
2.585000000000000000e+03,-6.349000000000000000e+03,-9.422000000000000000e+03,-2.170000000000000000e+02,-5.058000000000000000e+03,-5.790000000000000000e+02,-3.876000000000000000e+03,-1.319500000000000000e+04
-8.501000000000000000e+03,-3.913000000000000000e+03,-7.056000000000000000e+03,-5.559000000000000000e+03,-8.932000000000000000e+03,-1.142800000000000000e+04,1.058600000000000000e+04,-1.916000000000000000e+03
-1.316400000000000000e+04,-8.990000000000000000e+03,-4.284000000000000000e+03,2.190000000000000000e+02,-9.175000000000000000e+03,-7.310000000000000000e+03,1.170500000000000000e+04,-6.194000000000000000e+03
-1.333200000000000000e+04,1.355000000000000000e+04,-7.843000000000000000e+03,-9.717000000000000000e+03,-1.525700000000000000e+04,-8.977000000000000000e+03,-2.020000000000000000e+03,-1.202600000000000000e+04
4.443000000000000000e+03,-8.129000000000000000e+03,-8.792000000000000000e+03,8.465000000000000000e+03,-1.084700000000000000e+04,1.117000000000000000e+03,-1.295500000000000000e+04,-1.452400000000000000e+04
-1.229400000000000000e+04,-8.377000000000000000e+03,-5.776000000000000000e+03,-1.062900000000000000e+04,-9.107000000000000000e+03,-1.635300000000000000e+04,-1.171000000000000000e+04,1.443100000000000000e+04
-8.282000000000000000e+03,1.872000000000000000e+04,-9.948000000000000000e+03,-7.155000000000000000e+03,-1.261500000000000000e+04,-2.134000000000000000e+03,-8.032000000000000000e+03,-6.762000000000000000e+03
-2.635000000000000000e+03,1.116400000000000000e+04,-2.922000000000000000e+03,-3.559000000000000000e+03,-7.139000000000000000e+03,-1.239100000000000000e+04,-4.906000000000000000e+03,-1.374400000000000000e+04
1.005000000000000000e+03,-7.716000000000000000e+03,-7.020000000000000000e+02,-3.371000000000000000e+03,-1.560000000000000000e+03,1.401000000000000000e+03,-6.686000000000000000e+03,-4.138000000000000000e+03
-5.992000000000000000e+03,1.566300000000000000e+04,-1.027400000000000000e+04,-6.690000000000000000e+02,-1.039700000000000000e+04,-9.570000000000000000e+03,-1.374000000000000000e+03,-1.181900000000000000e+04
-7.312000000000000000e+03,8.253000000000000000e+03,-6.824000000000000000e+03,-7.522000000000000000e+03,-1.139300000000000000e+04,-6.976000000000000000e+03,-5.030000000000000000e+02,-1.700200000000000000e+04
-1.144100000000000000e+04,-1.109000000000000000e+04,-6.715000000000000000e+03,-8.976000000000000000e+03,-8.760000000000000000e+03,-1.566300000000000000e+04,-3.265000000000000000e+03,1.097800000000000000e+04
-1.160000000000000000e+03,-1.035500000000000000e+04,5.725000000000000000e+03,-7.627000000000000000e+03,2.853000000000000000e+03,-1.541900000000000000e+04,-1.002000000000000000e+04,-4.755000000000000000e+03
6.765000000000000000e+03,-9.353000000000000000e+03,-8.555000000000000000e+03,8.882000000000000000e+03,-8.693000000000000000e+03,3.980000000000000000e+02,-1.482600000000000000e+04,-1.386400000000000000e+04
-4.022000000000000000e+03,-6.013000000000000000e+03,-3.526000000000000000e+03,1.476000000000000000e+03,-5.825000000000000000e+03,-9.209000000000000000e+03,6.066000000000000000e+03,-5.016000000000000000e+03
-6.244000000000000000e+03,-8.805000000000000000e+03,-1.400000000000000000e+02,-3.806000000000000000e+03,-5.427000000000000000e+03,-1.521900000000000000e+04,5.824000000000000000e+03,2.937000000000000000e+03
-1.001100000000000000e+04,-6.727000000000000000e+03,-6.161000000000000000e+03,-9.947000000000000000e+03,-9.168000000000000000e+03,-1.065700000000000000e+04,1.437100000000000000e+04,-2.908000000000000000e+03
-7.950000000000000000e+03,5.852000000000000000e+03,-1.021500000000000000e+04,-3.233000000000000000e+03,-1.117500000000000000e+04,-4.658000000000000000e+03,-5.905000000000000000e+03,-1.270800000000000000e+04
-2.994000000000000000e+03,-5.653000000000000000e+03,-1.018000000000000000e+04,2.002000000000000000e+03,-4.415000000000000000e+03,6.625000000000000000e+03,-8.330000000000000000e+03,-5.655000000000000000e+03
-4.980000000000000000e+03,-6.409000000000000000e+03,-8.862000000000000000e+03,3.113000000000000000e+03,-7.958000000000000000e+03,1.420000000000000000e+03,-1.055000000000000000e+04,-1.525900000000000000e+04
6.351000000000000000e+03,-9.455000000000000000e+03,-2.535000000000000000e+03,-1.060000000000000000e+03,-2.115000000000000000e+03,-3.469000000000000000e+03,-1.277300000000000000e+04,-1.373400000000000000e+04
-5.624000000000000000e+03,1.365200000000000000e+04,-8.640000000000000000e+03,-5.289000000000000000e+03,-5.925000000000000000e+03,-1.000200000000000000e+04,-3.499000000000000000e+03,-1.010700000000000000e+04
-4.139000000000000000e+03,-8.855000000000000000e+03,-2.669000000000000000e+03,-5.102000000000000000e+03,-3.159000000000000000e+03,-1.130100000000000000e+04,4.278000000000000000e+03,-2.464000000000000000e+03
-5.696000000000000000e+03,-8.892000000000000000e+03,-4.306000000000000000e+03,-8.381000000000000000e+03,-7.012000000000000000e+03,-8.108000000000000000e+03,1.233000000000000000e+04,-3.686000000000000000e+03
-6.769000000000000000e+03,-5.330000000000000000e+03,-2.580000000000000000e+03,-4.793000000000000000e+03,-8.931000000000000000e+03,-5.050000000000000000e+03,7.214000000000000000e+03,-9.042000000000000000e+03
-1.192000000000000000e+04,-3.659000000000000000e+03,-5.232000000000000000e+03,-1.124000000000000000e+03,-1.471200000000000000e+04,-6.532000000000000000e+03,9.109000000000000000e+03,-9.376000000000000000e+03
4.349000000000000000e+03,-7.062000000000000000e+03,-1.145500000000000000e+04,9.230000000000000000e+02,-1.112700000000000000e+04,6.647000000000000000e+03,-1.549900000000000000e+04,-1.762600000000000000e+04
1.931000000000000000e+03,-7.319000000000000000e+03,-7.485000000000000000e+03,1.801000000000000000e+03,5.433000000000000000e+03,-6.021000000000000000e+03,-6.438000000000000000e+03,-1.114500000000000000e+04
-1.667000000000000000e+03,-1.021500000000000000e+04,-8.838000000000000000e+03,5.773000000000000000e+03,-7.116000000000000000e+03,-1.227000000000000000e+03,-5.167000000000000000e+03,-1.670700000000000000e+04
-4.959000000000000000e+03,-7.239000000000000000e+03,-7.983000000000000000e+03,5.522000000000000000e+03,-1.307400000000000000e+04,4.604000000000000000e+03,-1.184000000000000000e+04,-1.074700000000000000e+04
-4.353000000000000000e+03,-8.753000000000000000e+03,-1.075000000000000000e+03,-1.092200000000000000e+04,-7.479000000000000000e+03,-9.415000000000000000e+03,-1.937000000000000000e+03,1.944000000000000000e+03
-8.900000000000000000e+02,-3.118000000000000000e+03,-1.101500000000000000e+04,2.910000000000000000e+02,-9.623000000000000000e+03,3.591000000000000000e+03,-8.738000000000000000e+03,-1.568100000000000000e+04
-1.599000000000000000e+03,-5.601000000000000000e+03,-2.802000000000000000e+03,4.785000000000000000e+03,-6.004000000000000000e+03,-1.800000000000000000e+03,-9.428000000000000000e+03,-1.082000000000000000e+04
-4.171000000000000000e+03,-8.670000000000000000e+03,-9.250000000000000000e+02,-1.108400000000000000e+04,-7.180000000000000000e+03,-2.572000000000000000e+03,-9.890000000000000000e+02,-5.066000000000000000e+03
1.266000000000000000e+03,-1.156400000000000000e+04,-9.821000000000000000e+03,1.943000000000000000e+03,5.073000000000000000e+03,-3.654000000000000000e+03,-7.706000000000000000e+03,-9.946000000000000000e+03
-8.208000000000000000e+03,-8.982000000000000000e+03,-3.890000000000000000e+02,-1.193500000000000000e+04,-1.215000000000000000e+03,-8.603000000000000000e+03,-8.011000000000000000e+03,7.803000000000000000e+03
-2.792000000000000000e+03,-1.462000000000000000e+03,-9.610000000000000000e+03,-2.573000000000000000e+03,-4.982000000000000000e+03,2.680000000000000000e+03,-9.340000000000000000e+03,-1.064200000000000000e+04
-7.810000000000000000e+02,-7.119000000000000000e+03,-3.076000000000000000e+03,2.322000000000000000e+03,-1.535000000000000000e+03,-5.300000000000000000e+03,-4.208000000000000000e+03,-1.424600000000000000e+04
-2.546000000000000000e+03,-6.086000000000000000e+03,-7.569000000000000000e+03,1.969000000000000000e+03,-1.063000000000000000e+04,8.196000000000000000e+03,-1.380600000000000000e+04,-4.522000000000000000e+03
-2.800000000000000000e+01,-1.201900000000000000e+04,-7.865000000000000000e+03,-4.511000000000000000e+03,8.461000000000000000e+03,-6.046000000000000000e+03,-5.524000000000000000e+03,-4.606000000000000000e+03
-1.069300000000000000e+04,-5.377000000000000000e+03,-5.224000000000000000e+03,-1.171500000000000000e+04,-1.028300000000000000e+04,-1.326200000000000000e+04,-5.432000000000000000e+03,1.195200000000000000e+04
6.577000000000000000e+03,-1.017100000000000000e+04,-6.884000000000000000e+03,-3.576000000000000000e+03,-5.078000000000000000e+03,-1.059000000000000000e+03,-9.880000000000000000e+03,-1.306200000000000000e+04
4.211000000000000000e+03,-8.813000000000000000e+03,-5.101000000000000000e+03,1.810000000000000000e+03,8.470000000000000000e+02,-3.249000000000000000e+03,-9.366000000000000000e+03,-1.482200000000000000e+04
7.910000000000000000e+02,-8.210000000000000000e+03,2.572000000000000000e+03,4.040000000000000000e+03,6.320000000000000000e+02,-6.378000000000000000e+03,-7.291000000000000000e+03,-7.559000000000000000e+03
-1.072900000000000000e+04,-2.508000000000000000e+03,-8.432000000000000000e+03,-5.747000000000000000e+03,-7.554000000000000000e+03,-8.638000000000000000e+03,1.519400000000000000e+04,-8.986000000000000000e+03
-9.057000000000000000e+03,-1.006700000000000000e+04,3.199000000000000000e+03,-7.723000000000000000e+03,4.076000000000000000e+03,-1.358600000000000000e+04,-1.039800000000000000e+04,-1.062000000000000000e+03
-7.464000000000000000e+03,-1.042800000000000000e+04,-1.849000000000000000e+03,-1.107100000000000000e+04,-7.040000000000000000e+03,-1.745400000000000000e+04,-7.748000000000000000e+03,1.012800000000000000e+04
4.100000000000000000e+03,-7.440000000000000000e+03,-1.074100000000000000e+04,-1.520000000000000000e+03,9.100000000000000000e+02,-1.403000000000000000e+03,-6.734000000000000000e+03,-1.719200000000000000e+04
-7.289000000000000000e+03,-1.951000000000000000e+03,-1.081300000000000000e+04,-7.700000000000000000e+03,-1.090800000000000000e+04,-1.492000000000000000e+03,3.637000000000000000e+03,-6.997000000000000000e+03
1.059200000000000000e+04,-8.236000000000000000e+03,-9.082000000000000000e+03,5.415000000000000000e+03,-5.091000000000000000e+03,-5.066000000000000000e+03,-1.488800000000000000e+04,-1.347900000000000000e+04
-8.550000000000000000e+03,-4.837000000000000000e+03,-5.761000000000000000e+03,-8.747000000000000000e+03,-6.925000000000000000e+03,-1.228600000000000000e+04,9.779000000000000000e+03,-4.046000000000000000e+03
-1.979000000000000000e+03,-7.713000000000000000e+03,-2.521000000000000000e+03,-4.568000000000000000e+03,-6.719000000000000000e+03,1.785000000000000000e+03,-5.430000000000000000e+02,-4.887000000000000000e+03
2.193000000000000000e+03,-6.207000000000000000e+03,-6.760000000000000000e+03,1.170000000000000000e+03,-5.646000000000000000e+03,4.573000000000000000e+03,-1.127100000000000000e+04,-2.073400000000000000e+04
-6.249000000000000000e+03,2.081000000000000000e+03,-3.799000000000000000e+03,-6.182000000000000000e+03,-7.622000000000000000e+03,-1.536300000000000000e+04,5.223000000000000000e+03,-8.222000000000000000e+03
-6.899000000000000000e+03,3.571000000000000000e+03,-1.100300000000000000e+04,2.247000000000000000e+03,-1.325000000000000000e+04,-6.223000000000000000e+03,1.608000000000000000e+03,-1.010000000000000000e+04
-4.211000000000000000e+03,-9.298000000000000000e+03,8.438000000000000000e+03,-8.284000000000000000e+03,8.940000000000000000e+02,-1.217900000000000000e+04,-8.417000000000000000e+03,-2.207000000000000000e+03
-2.507000000000000000e+03,-7.489000000000000000e+03,2.437000000000000000e+03,1.098000000000000000e+03,1.344000000000000000e+03,-8.282000000000000000e+03,-8.692000000000000000e+03,-7.041000000000000000e+03
-5.723000000000000000e+03,-7.443000000000000000e+03,-3.331000000000000000e+03,-9.954000000000000000e+03,-6.425000000000000000e+03,-1.324300000000000000e+04,1.157300000000000000e+04,-6.744000000000000000e+03
-3.603000000000000000e+03,1.765000000000000000e+03,-1.223700000000000000e+04,-7.307000000000000000e+03,-5.536000000000000000e+03,-3.532000000000000000e+03,2.005000000000000000e+03,-1.144500000000000000e+04
-9.008000000000000000e+03,1.184800000000000000e+04,-1.117100000000000000e+04,-2.123000000000000000e+03,-1.000300000000000000e+04,-8.418000000000000000e+03,-3.546000000000000000e+03,-1.238100000000000000e+04
-2.399000000000000000e+03,-8.707000000000000000e+03,-4.410000000000000000e+03,-6.269000000000000000e+03,-4.612000000000000000e+03,-8.043000000000000000e+03,2.931000000000000000e+03,-6.785000000000000000e+03
-7.909000000000000000e+03,-4.174000000000000000e+03,-6.163000000000000000e+03,1.019000000000000000e+03,-7.960000000000000000e+03,1.792000000000000000e+03,-2.835000000000000000e+03,-5.722000000000000000e+03
6.336000000000000000e+03,-6.745000000000000000e+03,-9.456000000000000000e+03,-2.157000000000000000e+03,-5.711000000000000000e+03,1.348000000000000000e+03,-8.357000000000000000e+03,-1.707400000000000000e+04
-2.558000000000000000e+03,-1.057700000000000000e+04,-4.651000000000000000e+03,-4.485000000000000000e+03,-3.629000000000000000e+03,-1.115400000000000000e+04,6.820000000000000000e+03,-6.712000000000000000e+03
-4.801000000000000000e+03,-6.884000000000000000e+03,-7.640000000000000000e+03,2.370000000000000000e+02,-9.680000000000000000e+03,5.273000000000000000e+03,-2.746000000000000000e+03,-6.794000000000000000e+03
2.642000000000000000e+03,-1.133700000000000000e+04,-6.128000000000000000e+03,-3.411000000000000000e+03,-2.756000000000000000e+03,5.371000000000000000e+03,-1.043800000000000000e+04,-9.060000000000000000e+03
-4.625000000000000000e+03,8.661000000000000000e+03,-8.861000000000000000e+03,-3.392000000000000000e+03,-1.023100000000000000e+04,-1.004100000000000000e+04,6.460000000000000000e+02,-1.124600000000000000e+04
-2.733000000000000000e+03,-1.126200000000000000e+04,-4.260000000000000000e+03,-3.539000000000000000e+03,-6.222000000000000000e+03,-1.042700000000000000e+04,6.530000000000000000e+03,-2.808000000000000000e+03
-6.662000000000000000e+03,-9.589000000000000000e+03,5.860000000000000000e+02,-1.310800000000000000e+04,-8.530000000000000000e+02,-1.364900000000000000e+04,-4.194000000000000000e+03,2.803000000000000000e+03
-5.694000000000000000e+03,4.321000000000000000e+03,-5.885000000000000000e+03,1.640000000000000000e+02,-5.865000000000000000e+03,-3.883000000000000000e+03,-5.001000000000000000e+03,-6.326000000000000000e+03
-4.262000000000000000e+03,-9.592000000000000000e+03,-3.241000000000000000e+03,-4.026000000000000000e+03,-7.468000000000000000e+03,-6.876000000000000000e+03,1.064100000000000000e+04,-6.253000000000000000e+03
-2.288000000000000000e+03,-7.587000000000000000e+03,-6.705000000000000000e+03,4.300000000000000000e+02,-9.419000000000000000e+03,6.400000000000000000e+03,-5.950000000000000000e+03,-1.040400000000000000e+04
7.303000000000000000e+03,-6.840000000000000000e+03,-3.681000000000000000e+03,3.291000000000000000e+03,-4.130000000000000000e+02,-3.491000000000000000e+03,-1.043200000000000000e+04,-1.556000000000000000e+04
6.799000000000000000e+03,-7.482000000000000000e+03,-9.845000000000000000e+03,-7.670000000000000000e+02,1.575000000000000000e+03,-4.170000000000000000e+03,-7.924000000000000000e+03,-1.573000000000000000e+04
-9.767000000000000000e+03,1.759000000000000000e+03,-9.672000000000000000e+03,-7.313000000000000000e+03,-1.213500000000000000e+04,-6.281000000000000000e+03,8.659000000000000000e+03,-9.407000000000000000e+03
-1.368000000000000000e+03,-5.452000000000000000e+03,-1.029700000000000000e+04,1.477000000000000000e+03,-9.178000000000000000e+03,4.628000000000000000e+03,-6.388000000000000000e+03,-9.683000000000000000e+03
-5.028000000000000000e+03,-1.081000000000000000e+03,-7.622000000000000000e+03,1.834000000000000000e+03,-9.845000000000000000e+03,5.375000000000000000e+03,-8.744000000000000000e+03,-6.159000000000000000e+03
2.140000000000000000e+03,-4.563000000000000000e+03,-1.179100000000000000e+04,2.921000000000000000e+03,-9.627000000000000000e+03,1.893000000000000000e+03,-1.184100000000000000e+04,-1.999700000000000000e+04
-1.124600000000000000e+04,-8.764000000000000000e+03,-4.845000000000000000e+03,-1.148500000000000000e+04,-6.342000000000000000e+03,-1.578400000000000000e+04,-7.459000000000000000e+03,9.367000000000000000e+03
-9.808000000000000000e+03,-1.343900000000000000e+04,2.045000000000000000e+03,-9.964000000000000000e+03,-1.633000000000000000e+03,-1.467600000000000000e+04,-1.205800000000000000e+04,6.731000000000000000e+03
-8.510000000000000000e+02,-1.142800000000000000e+04,-4.171000000000000000e+03,-4.410000000000000000e+02,3.161000000000000000e+03,-1.306600000000000000e+04,-4.474000000000000000e+03,-9.133000000000000000e+03
-4.913000000000000000e+03,-1.062400000000000000e+04,-4.662000000000000000e+03,-4.034000000000000000e+03,2.168000000000000000e+03,-1.383600000000000000e+04,-9.665000000000000000e+03,1.807000000000000000e+03
-2.156000000000000000e+03,5.274000000000000000e+03,-9.763000000000000000e+03,8.520000000000000000e+02,-1.178600000000000000e+04,-5.715000000000000000e+03,-7.252000000000000000e+03,-1.236300000000000000e+04
-5.325000000000000000e+03,-7.466000000000000000e+03,-4.241000000000000000e+03,-9.579000000000000000e+03,-1.121000000000000000e+03,-1.055200000000000000e+04,6.471000000000000000e+03,-5.164000000000000000e+03
-6.215000000000000000e+03,-7.120000000000000000e+03,-3.982000000000000000e+03,-3.902000000000000000e+03,-6.941000000000000000e+03,-9.101000000000000000e+03,1.146400000000000000e+04,-3.464000000000000000e+03
-4.716000000000000000e+03,1.341500000000000000e+04,-9.940000000000000000e+03,-2.340000000000000000e+02,-8.040000000000000000e+03,-5.874000000000000000e+03,-6.991000000000000000e+03,-1.351900000000000000e+04
-3.862000000000000000e+03,-8.942000000000000000e+03,3.104000000000000000e+03,-2.316000000000000000e+03,5.420000000000000000e+02,-1.317800000000000000e+04,-8.349000000000000000e+03,-1.071000000000000000e+03
1.127200000000000000e+04,-8.637000000000000000e+03,-1.034200000000000000e+04,-8.230000000000000000e+02,-1.236400000000000000e+04,3.126000000000000000e+03,-6.306000000000000000e+03,-1.408900000000000000e+04
-8.154000000000000000e+03,-7.266000000000000000e+03,-3.147000000000000000e+03,-5.422000000000000000e+03,-8.341000000000000000e+03,-1.247300000000000000e+04,8.847000000000000000e+03,-4.407000000000000000e+03
-1.511000000000000000e+03,-5.783000000000000000e+03,-1.112600000000000000e+04,-1.421000000000000000e+03,-1.237900000000000000e+04,6.079000000000000000e+03,-1.379800000000000000e+04,-1.638400000000000000e+04
-6.123000000000000000e+03,-1.266900000000000000e+04,-1.706000000000000000e+03,-1.140000000000000000e+04,9.623000000000000000e+03,-1.190600000000000000e+04,-1.194800000000000000e+04,-9.610000000000000000e+02
-8.861000000000000000e+03,-3.796000000000000000e+03,-5.725000000000000000e+03,-1.481000000000000000e+03,-8.025000000000000000e+03,-1.113500000000000000e+04,9.908000000000000000e+03,-2.044000000000000000e+03
-6.010000000000000000e+02,-1.153600000000000000e+04,7.495000000000000000e+03,-9.500000000000000000e+01,2.993000000000000000e+03,-1.124400000000000000e+04,-7.796000000000000000e+03,-1.188000000000000000e+04
-2.237000000000000000e+03,6.863000000000000000e+03,-1.148000000000000000e+04,-3.123000000000000000e+03,-1.033100000000000000e+04,-4.801000000000000000e+03,-8.212000000000000000e+03,-1.566900000000000000e+04
-6.733000000000000000e+03,1.232500000000000000e+04,-1.234200000000000000e+04,-4.924000000000000000e+03,-1.108000000000000000e+04,-3.209000000000000000e+03,-7.449000000000000000e+03,-1.501200000000000000e+04
1.971000000000000000e+03,-4.960000000000000000e+03,-1.203200000000000000e+04,3.971000000000000000e+03,-6.733000000000000000e+03,2.039000000000000000e+03,-1.584900000000000000e+04,-1.934600000000000000e+04
-1.139300000000000000e+04,-1.162000000000000000e+04,-3.692000000000000000e+03,-1.054100000000000000e+04,-7.000000000000000000e+03,-1.730300000000000000e+04,-8.575000000000000000e+03,1.174900000000000000e+04
-1.143200000000000000e+04,-6.521000000000000000e+03,-6.721000000000000000e+03,-7.370000000000000000e+03,-8.869000000000000000e+03,-1.287200000000000000e+04,-8.466000000000000000e+03,1.192100000000000000e+04
-5.242000000000000000e+03,-3.514000000000000000e+03,-1.349600000000000000e+04,6.920000000000000000e+02,-1.126000000000000000e+04,3.506000000000000000e+03,-2.913000000000000000e+03,-1.313200000000000000e+04
-5.785000000000000000e+03,-3.020000000000000000e+03,-5.679000000000000000e+03,-2.157000000000000000e+03,-7.220000000000000000e+03,-5.974000000000000000e+03,4.341000000000000000e+03,-8.681000000000000000e+03
-3.875000000000000000e+03,1.241200000000000000e+04,-8.468000000000000000e+03,-6.045000000000000000e+03,-9.405000000000000000e+03,-6.885000000000000000e+03,-1.160000000000000000e+03,-1.439400000000000000e+04
-5.993000000000000000e+03,1.179600000000000000e+04,-9.058000000000000000e+03,-5.645000000000000000e+03,-1.302600000000000000e+04,-5.445000000000000000e+03,-4.370000000000000000e+03,-1.248800000000000000e+04
-3.928000000000000000e+03,-8.167000000000000000e+03,-4.993000000000000000e+03,-9.321000000000000000e+03,-2.599000000000000000e+03,-6.066000000000000000e+03,6.021000000000000000e+03,-5.774000000000000000e+03
-5.910000000000000000e+03,-8.011000000000000000e+03,-3.230000000000000000e+02,-8.445000000000000000e+03,-2.158000000000000000e+03,-1.044500000000000000e+04,1.259500000000000000e+04,-5.659000000000000000e+03
-9.639000000000000000e+03,-1.078400000000000000e+04,-4.404000000000000000e+03,-1.040800000000000000e+04,-8.147000000000000000e+03,-1.443800000000000000e+04,-1.199600000000000000e+04,1.049300000000000000e+04
-5.230000000000000000e+03,-3.581000000000000000e+03,-1.008300000000000000e+04,-1.212000000000000000e+03,-6.454000000000000000e+03,4.478000000000000000e+03,-3.715000000000000000e+03,-6.761000000000000000e+03
-7.072000000000000000e+03,-1.074900000000000000e+04,2.010000000000000000e+03,-8.370000000000000000e+03,-3.918000000000000000e+03,-1.792700000000000000e+04,-6.172000000000000000e+03,5.936000000000000000e+03
5.400000000000000000e+01,-3.634000000000000000e+03,-8.600000000000000000e+03,1.578000000000000000e+03,-8.681000000000000000e+03,-2.389000000000000000e+03,-5.178000000000000000e+03,-1.642200000000000000e+04
-1.522000000000000000e+03,-1.252500000000000000e+04,-2.015000000000000000e+03,-6.597000000000000000e+03,7.580000000000000000e+03,-1.159100000000000000e+04,-8.895000000000000000e+03,-3.319000000000000000e+03
-5.630000000000000000e+03,7.253000000000000000e+03,-8.265000000000000000e+03,-1.975000000000000000e+03,-1.015200000000000000e+04,-8.180000000000000000e+03,1.861000000000000000e+03,-1.308000000000000000e+04
-2.800000000000000000e+03,-8.740000000000000000e+03,-6.374000000000000000e+03,6.363000000000000000e+03,-1.361000000000000000e+03,-4.662000000000000000e+03,-6.755000000000000000e+03,-1.195600000000000000e+04
-2.372000000000000000e+03,7.543000000000000000e+03,-4.499000000000000000e+03,-2.161000000000000000e+03,-7.524000000000000000e+03,-4.436000000000000000e+03,-2.153000000000000000e+03,-5.712000000000000000e+03
-3.726000000000000000e+03,-2.560000000000000000e+03,-2.493000000000000000e+03,-3.202000000000000000e+03,-5.310000000000000000e+02,-9.427000000000000000e+03,9.320000000000000000e+02,-4.069000000000000000e+03
-5.288000000000000000e+03,-1.230100000000000000e+04,5.588000000000000000e+03,-8.180000000000000000e+03,-1.902000000000000000e+03,-1.596100000000000000e+04,9.610000000000000000e+02,1.550000000000000000e+03
-3.150000000000000000e+03,-7.609000000000000000e+03,-3.645000000000000000e+03,-3.581000000000000000e+03,-1.531000000000000000e+03,-4.901000000000000000e+03,-5.676000000000000000e+03,-1.981000000000000000e+03
4.946000000000000000e+03,-9.365000000000000000e+03,-1.176000000000000000e+04,4.718000000000000000e+03,-1.167600000000000000e+04,8.202000000000000000e+03,-1.480400000000000000e+04,-1.389700000000000000e+04
-3.605000000000000000e+03,1.049500000000000000e+04,-9.256000000000000000e+03,-4.387000000000000000e+03,-9.292000000000000000e+03,-4.430000000000000000e+02,-8.627000000000000000e+03,-1.049500000000000000e+04
6.350000000000000000e+02,-6.255000000000000000e+03,-7.726000000000000000e+03,6.381000000000000000e+03,-7.968000000000000000e+03,3.302000000000000000e+03,-9.431000000000000000e+03,-9.618000000000000000e+03
5.810000000000000000e+02,-7.981000000000000000e+03,-7.606000000000000000e+03,-2.278000000000000000e+03,1.377000000000000000e+03,2.833000000000000000e+03,-9.050000000000000000e+03,-1.364100000000000000e+04
7.659000000000000000e+03,-8.418000000000000000e+03,-5.767000000000000000e+03,4.125000000000000000e+03,-5.366000000000000000e+03,1.118900000000000000e+04,-1.835500000000000000e+04,-1.494500000000000000e+04
-7.161000000000000000e+03,-7.283000000000000000e+03,-6.240000000000000000e+03,-6.142000000000000000e+03,-7.297000000000000000e+03,-8.300000000000000000e+03,1.291900000000000000e+04,-4.142000000000000000e+03
7.122000000000000000e+03,-6.599000000000000000e+03,-1.198400000000000000e+04,4.468000000000000000e+03,-6.903000000000000000e+03,-2.317000000000000000e+03,-1.353500000000000000e+04,-1.736800000000000000e+04
-2.161000000000000000e+03,-7.192000000000000000e+03,-1.254000000000000000e+04,5.769000000000000000e+03,-9.421000000000000000e+03,7.337000000000000000e+03,-1.294700000000000000e+04,-1.544800000000000000e+04
-8.575000000000000000e+03,7.460000000000000000e+03,-4.269000000000000000e+03,-8.916000000000000000e+03,-5.870000000000000000e+03,-8.089000000000000000e+03,-1.723000000000000000e+03,-2.374000000000000000e+03
-8.070000000000000000e+03,-4.512000000000000000e+03,-8.630000000000000000e+03,-4.143000000000000000e+03,-1.108100000000000000e+04,-9.005000000000000000e+03,7.019000000000000000e+03,-6.336000000000000000e+03
1.921000000000000000e+03,-9.134000000000000000e+03,-7.198000000000000000e+03,4.656000000000000000e+03,-8.292000000000000000e+03,2.962000000000000000e+03,-1.252900000000000000e+04,-7.435000000000000000e+03
-1.145400000000000000e+04,-6.185000000000000000e+03,-4.539000000000000000e+03,-1.025500000000000000e+04,-8.418000000000000000e+03,-1.071300000000000000e+04,-1.664000000000000000e+03,7.714000000000000000e+03
-8.519000000000000000e+03,-1.039900000000000000e+04,-4.211000000000000000e+03,-1.159800000000000000e+04,-4.660000000000000000e+03,-1.209500000000000000e+04,-5.118000000000000000e+03,9.913000000000000000e+03
-3.773000000000000000e+03,6.862000000000000000e+03,-9.251000000000000000e+03,6.850000000000000000e+02,-1.023300000000000000e+04,-5.445000000000000000e+03,-1.483000000000000000e+03,-1.129500000000000000e+04
-1.370300000000000000e+04,-7.682000000000000000e+03,-5.875000000000000000e+03,-7.350000000000000000e+02,-9.795000000000000000e+03,-5.314000000000000000e+03,1.450700000000000000e+04,-8.040000000000000000e+03
-2.562000000000000000e+03,-3.598000000000000000e+03,-5.507000000000000000e+03,1.252000000000000000e+03,-4.702000000000000000e+03,-9.239000000000000000e+03,-9.980000000000000000e+02,-1.465700000000000000e+04
-5.074000000000000000e+03,-9.516000000000000000e+03,-1.144000000000000000e+03,-6.148000000000000000e+03,-2.979000000000000000e+03,-8.303000000000000000e+03,6.727000000000000000e+03,-8.460000000000000000e+03
-7.488000000000000000e+03,-1.159200000000000000e+04,-2.726000000000000000e+03,-1.040800000000000000e+04,-7.846000000000000000e+03,-1.736200000000000000e+04,-8.370000000000000000e+03,1.060500000000000000e+04
-1.311500000000000000e+04,-6.090000000000000000e+03,-8.828000000000000000e+03,-1.101500000000000000e+04,-1.225200000000000000e+04,-5.701000000000000000e+03,-7.530000000000000000e+03,7.544000000000000000e+03
-4.767000000000000000e+03,-5.171000000000000000e+03,-6.392000000000000000e+03,-2.154000000000000000e+03,-7.870000000000000000e+03,-6.114000000000000000e+03,8.592000000000000000e+03,-4.684000000000000000e+03
1.031900000000000000e+04,-7.927000000000000000e+03,-7.925000000000000000e+03,4.043000000000000000e+03,8.300000000000000000e+02,-8.984000000000000000e+03,-9.562000000000000000e+03,-1.473200000000000000e+04
-9.293000000000000000e+03,-7.414000000000000000e+03,-8.152000000000000000e+03,-1.143100000000000000e+04,-8.881000000000000000e+03,-1.483100000000000000e+04,-8.230000000000000000e+03,9.107000000000000000e+03
-2.407000000000000000e+03,-9.922000000000000000e+03,-4.626000000000000000e+03,4.360000000000000000e+02,-7.800000000000000000e+01,-9.480000000000000000e+03,5.000000000000000000e+02,-1.049900000000000000e+04
-3.805000000000000000e+03,1.469000000000000000e+03,-1.171500000000000000e+04,-6.040000000000000000e+02,-1.204700000000000000e+04,-3.412000000000000000e+03,-4.648000000000000000e+03,-1.528600000000000000e+04
-4.014000000000000000e+03,-4.639000000000000000e+03,-8.939000000000000000e+03,1.022000000000000000e+03,-4.842000000000000000e+03,5.014000000000000000e+03,-9.334000000000000000e+03,-6.344000000000000000e+03
-7.811000000000000000e+03,-7.171000000000000000e+03,-3.503000000000000000e+03,-7.139000000000000000e+03,-9.110000000000000000e+03,-9.537000000000000000e+03,-1.105600000000000000e+04,1.152000000000000000e+04
1.290900000000000000e+04,-8.834000000000000000e+03,-7.882000000000000000e+03,-1.510000000000000000e+03,-2.215000000000000000e+03,-6.007000000000000000e+03,-1.245600000000000000e+04,-1.333100000000000000e+04
-5.889000000000000000e+03,-5.215000000000000000e+03,-9.714000000000000000e+03,-8.056000000000000000e+03,-8.283000000000000000e+03,-6.738000000000000000e+03,8.925000000000000000e+03,-7.570000000000000000e+03
-4.395000000000000000e+03,8.508000000000000000e+03,-9.165000000000000000e+03,-9.423000000000000000e+03,-8.931000000000000000e+03,-9.672000000000000000e+03,-2.600000000000000000e+02,-1.543600000000000000e+04
-9.089000000000000000e+03,-1.117300000000000000e+04,1.604000000000000000e+03,-1.029100000000000000e+04,-1.503000000000000000e+03,-1.324000000000000000e+04,-6.744000000000000000e+03,3.842000000000000000e+03
-2.193000000000000000e+03,-1.114200000000000000e+04,-9.735000000000000000e+03,6.242000000000000000e+03,-6.750000000000000000e+03,3.620000000000000000e+02,5.615000000000000000e+03,-9.744000000000000000e+03
-8.127000000000000000e+03,-5.912000000000000000e+03,-5.586000000000000000e+03,-9.207000000000000000e+03,-8.293000000000000000e+03,-1.073000000000000000e+04,1.312100000000000000e+04,-5.145000000000000000e+03
-7.773000000000000000e+03,-9.994000000000000000e+03,-3.759000000000000000e+03,-8.117000000000000000e+03,-6.450000000000000000e+03,-1.538400000000000000e+04,-5.198000000000000000e+03,8.808000000000000000e+03
-1.087100000000000000e+04,-9.794000000000000000e+03,-4.083000000000000000e+03,-1.342200000000000000e+04,-9.878000000000000000e+03,-1.303300000000000000e+04,-1.063200000000000000e+04,1.256100000000000000e+04
-1.047800000000000000e+04,-8.864000000000000000e+03,-5.073000000000000000e+03,-9.860000000000000000e+03,-5.617000000000000000e+03,-1.641800000000000000e+04,-6.944000000000000000e+03,8.632000000000000000e+03
-9.209000000000000000e+03,-1.165700000000000000e+04,-2.620000000000000000e+02,-9.192000000000000000e+03,-1.779000000000000000e+03,-1.575200000000000000e+04,-7.430000000000000000e+03,8.109000000000000000e+03
-4.310000000000000000e+02,8.287000000000000000e+03,-7.596000000000000000e+03,-5.510000000000000000e+02,-5.514000000000000000e+03,-5.792000000000000000e+03,-9.591000000000000000e+03,-9.117000000000000000e+03
-8.944000000000000000e+03,-3.239000000000000000e+03,-1.039800000000000000e+04,-7.034000000000000000e+03,-7.592000000000000000e+03,-7.453000000000000000e+03,1.143900000000000000e+04,-6.525000000000000000e+03
-3.401000000000000000e+03,-3.922000000000000000e+03,4.520000000000000000e+02,6.144000000000000000e+03,-6.061000000000000000e+03,1.155000000000000000e+03,-1.002900000000000000e+04,-1.443300000000000000e+04
-3.803000000000000000e+03,1.449100000000000000e+04,-8.765000000000000000e+03,1.898000000000000000e+03,-7.128000000000000000e+03,-1.113500000000000000e+04,-7.305000000000000000e+03,-1.397000000000000000e+04
-5.670000000000000000e+02,-6.005000000000000000e+03,-1.017000000000000000e+03,1.919000000000000000e+03,-7.010000000000000000e+03,-6.878000000000000000e+03,-3.789000000000000000e+03,-1.286600000000000000e+04
-5.773000000000000000e+03,-5.877000000000000000e+03,-4.290000000000000000e+03,-4.642000000000000000e+03,-1.005200000000000000e+04,-6.218000000000000000e+03,3.011000000000000000e+03,-7.081000000000000000e+03
-5.157000000000000000e+03,-9.519000000000000000e+03,-7.108000000000000000e+03,-6.807000000000000000e+03,-5.630000000000000000e+02,-3.973000000000000000e+03,-4.712000000000000000e+03,-1.680000000000000000e+02
-1.211300000000000000e+04,2.022000000000000000e+03,-1.070100000000000000e+04,3.600000000000000000e+01,-1.485600000000000000e+04,-5.758000000000000000e+03,1.446000000000000000e+03,-5.339000000000000000e+03
-6.305000000000000000e+03,-6.583000000000000000e+03,-6.299000000000000000e+03,-2.637000000000000000e+03,8.950000000000000000e+02,-4.134000000000000000e+03,-1.118400000000000000e+04,-9.810000000000000000e+02
-1.105900000000000000e+04,-9.154000000000000000e+03,-7.556000000000000000e+03,-1.075100000000000000e+04,-9.980000000000000000e+03,-1.336200000000000000e+04,-8.632000000000000000e+03,1.476800000000000000e+04
-6.327000000000000000e+03,-1.130400000000000000e+04,7.761000000000000000e+03,-8.381000000000000000e+03,2.719000000000000000e+03,-1.350200000000000000e+04,-8.124000000000000000e+03,5.350000000000000000e+02
2.619000000000000000e+03,-7.863000000000000000e+03,-1.108900000000000000e+04,4.286000000000000000e+03,-1.446000000000000000e+03,2.158000000000000000e+03,-9.065000000000000000e+03,-1.483600000000000000e+04
-2.260000000000000000e+03,-8.943000000000000000e+03,-9.118000000000000000e+03,3.020000000000000000e+03,-9.673000000000000000e+03,-1.405000000000000000e+03,-3.862000000000000000e+03,-1.090200000000000000e+04
-1.115000000000000000e+03,9.297000000000000000e+03,-8.450000000000000000e+03,-4.179000000000000000e+03,-9.262000000000000000e+03,-4.960000000000000000e+03,-6.872000000000000000e+03,-1.750900000000000000e+04
-8.097000000000000000e+03,1.956100000000000000e+04,-6.865000000000000000e+03,-5.145000000000000000e+03,-1.177600000000000000e+04,-1.064100000000000000e+04,-3.387000000000000000e+03,-7.337000000000000000e+03
-7.104000000000000000e+03,1.422400000000000000e+04,-1.015500000000000000e+04,-3.899000000000000000e+03,-1.017700000000000000e+04,-6.828000000000000000e+03,-7.666000000000000000e+03,-1.458000000000000000e+04
-1.020600000000000000e+04,-1.029500000000000000e+04,-5.135000000000000000e+03,-6.864000000000000000e+03,-7.718000000000000000e+03,-1.306500000000000000e+04,-9.251000000000000000e+03,1.073700000000000000e+04
2.519000000000000000e+03,-9.832000000000000000e+03,-5.470000000000000000e+03,6.840000000000000000e+02,2.532000000000000000e+03,-4.100000000000000000e+03,-6.026000000000000000e+03,-1.336300000000000000e+04
-5.302000000000000000e+03,-8.478000000000000000e+03,-7.414000000000000000e+03,-4.897000000000000000e+03,1.374200000000000000e+04,-7.176000000000000000e+03,-8.606000000000000000e+03,-6.119000000000000000e+03
-2.882000000000000000e+03,-1.041500000000000000e+04,1.066200000000000000e+04,-7.872000000000000000e+03,6.110000000000000000e+02,-1.193700000000000000e+04,-4.746000000000000000e+03,-6.278000000000000000e+03
-6.280000000000000000e+03,-3.649000000000000000e+03,-6.223000000000000000e+03,-4.485000000000000000e+03,-7.180000000000000000e+03,-1.276100000000000000e+04,9.391000000000000000e+03,-9.745000000000000000e+03
-9.050000000000000000e+03,-7.817000000000000000e+03,-2.642000000000000000e+03,-1.169100000000000000e+04,-5.338000000000000000e+03,-6.002000000000000000e+03,-1.129500000000000000e+04,7.709000000000000000e+03
-4.446000000000000000e+03,-8.144000000000000000e+03,-3.281000000000000000e+03,9.718000000000000000e+03,-1.062600000000000000e+04,-4.903000000000000000e+03,-4.837000000000000000e+03,-1.590500000000000000e+04
-1.208600000000000000e+04,-3.040000000000000000e+03,-7.090000000000000000e+03,-6.390000000000000000e+03,-4.919000000000000000e+03,-1.402400000000000000e+04,-8.334000000000000000e+03,1.225900000000000000e+04
-1.026000000000000000e+03,-2.207000000000000000e+03,-8.661000000000000000e+03,-2.044000000000000000e+03,-6.813000000000000000e+03,-3.037000000000000000e+03,-2.748000000000000000e+03,-6.082000000000000000e+03
-6.047000000000000000e+03,8.043000000000000000e+03,-6.372000000000000000e+03,1.722000000000000000e+03,-8.141000000000000000e+03,-5.594000000000000000e+03,4.640000000000000000e+02,-6.857000000000000000e+03
-4.835000000000000000e+03,-1.056600000000000000e+04,9.105000000000000000e+03,-3.914000000000000000e+03,-9.540000000000000000e+02,-1.125100000000000000e+04,-8.337000000000000000e+03,-5.540000000000000000e+03
-1.092000000000000000e+03,-6.024000000000000000e+03,-5.138000000000000000e+03,3.663000000000000000e+03,-9.908000000000000000e+03,2.347000000000000000e+03,-5.029000000000000000e+03,-1.072600000000000000e+04
-4.131000000000000000e+03,-9.796000000000000000e+03,-3.169000000000000000e+03,-7.601000000000000000e+03,7.077000000000000000e+03,-1.125500000000000000e+04,-8.487000000000000000e+03,-6.840000000000000000e+02
1.399000000000000000e+03,-4.946000000000000000e+03,-8.425000000000000000e+03,-2.817000000000000000e+03,-7.070000000000000000e+03,-3.870000000000000000e+02,-1.646000000000000000e+03,-1.389400000000000000e+04
-8.503000000000000000e+03,-3.562000000000000000e+03,-9.155000000000000000e+03,-6.873000000000000000e+03,-6.830000000000000000e+03,-1.129400000000000000e+04,1.086000000000000000e+04,-4.708000000000000000e+03
-6.493000000000000000e+03,-2.133000000000000000e+03,-6.858000000000000000e+03,-1.930000000000000000e+03,-8.988000000000000000e+03,-7.827000000000000000e+03,1.179100000000000000e+04,-6.097000000000000000e+03
-2.189000000000000000e+03,4.842000000000000000e+03,-7.215000000000000000e+03,-7.197000000000000000e+03,-9.986000000000000000e+03,-3.986000000000000000e+03,-6.471000000000000000e+03,-1.370800000000000000e+04
-6.594000000000000000e+03,-1.480600000000000000e+04,5.024000000000000000e+03,-9.449000000000000000e+03,-1.100000000000000000e+01,-1.503400000000000000e+04,-6.547000000000000000e+03,2.122000000000000000e+03
-7.820000000000000000e+03,-6.641000000000000000e+03,-2.336000000000000000e+03,-8.126000000000000000e+03,-3.914000000000000000e+03,-8.837000000000000000e+03,-7.612000000000000000e+03,9.807000000000000000e+03
-4.720000000000000000e+03,6.251000000000000000e+03,-8.500000000000000000e+03,-1.024500000000000000e+04,-8.229000000000000000e+03,-2.216000000000000000e+03,-8.198000000000000000e+03,-9.513000000000000000e+03
-1.774000000000000000e+03,-1.196800000000000000e+04,-7.015000000000000000e+03,-4.191000000000000000e+03,1.095000000000000000e+04,-1.050400000000000000e+04,-9.817000000000000000e+03,-7.305000000000000000e+03
2.777000000000000000e+03,-7.398000000000000000e+03,-3.298000000000000000e+03,4.655000000000000000e+03,-7.743000000000000000e+03,-1.471000000000000000e+03,-1.070300000000000000e+04,-1.797800000000000000e+04
8.997000000000000000e+03,-7.289000000000000000e+03,-1.377500000000000000e+04,-1.777000000000000000e+03,-8.957000000000000000e+03,4.660000000000000000e+02,-7.411000000000000000e+03,-1.571800000000000000e+04
-3.175000000000000000e+03,1.044900000000000000e+04,-1.045000000000000000e+04,1.470000000000000000e+02,-1.212100000000000000e+04,-5.979000000000000000e+03,-1.013300000000000000e+04,-1.062600000000000000e+04
-4.062000000000000000e+03,-5.960000000000000000e+03,-8.941000000000000000e+03,2.383000000000000000e+03,-1.208700000000000000e+04,6.232000000000000000e+03,-8.447000000000000000e+03,-1.425500000000000000e+04
-1.125500000000000000e+04,-1.105500000000000000e+04,-7.541000000000000000e+03,-1.039700000000000000e+04,-6.227000000000000000e+03,-1.632100000000000000e+04,-6.769000000000000000e+03,1.403200000000000000e+04
-6.742000000000000000e+03,-1.049700000000000000e+04,-3.640000000000000000e+02,-9.316000000000000000e+03,-7.246000000000000000e+03,-1.163800000000000000e+04,3.950000000000000000e+02,6.781000000000000000e+03
-9.129000000000000000e+03,1.522800000000000000e+04,-9.085000000000000000e+03,-3.092000000000000000e+03,-1.129400000000000000e+04,-1.103200000000000000e+04,-5.168000000000000000e+03,-1.017600000000000000e+04
-6.485000000000000000e+03,-1.740000000000000000e+02,-4.416000000000000000e+03,8.100000000000000000e+02,-2.849000000000000000e+03,-3.727000000000000000e+03,-6.760000000000000000e+03,-2.209000000000000000e+03
7.183000000000000000e+03,-1.174800000000000000e+04,-3.434000000000000000e+03,3.919000000000000000e+03,-1.148000000000000000e+03,-8.242000000000000000e+03,-9.337000000000000000e+03,-1.662000000000000000e+04
-2.270000000000000000e+03,-7.366000000000000000e+03,-8.857000000000000000e+03,-3.500000000000000000e+01,-9.291000000000000000e+03,1.784000000000000000e+03,-5.839000000000000000e+03,-1.004700000000000000e+04
-5.303000000000000000e+03,1.296000000000000000e+04,-7.874000000000000000e+03,-8.156000000000000000e+03,-1.254900000000000000e+04,-4.687000000000000000e+03,-5.925000000000000000e+03,-6.143000000000000000e+03
-1.974000000000000000e+03,-5.718000000000000000e+03,-9.237000000000000000e+03,6.484000000000000000e+03,-1.014500000000000000e+04,4.072000000000000000e+03,-9.208000000000000000e+03,-1.222100000000000000e+04
2.857000000000000000e+03,-8.384000000000000000e+03,-6.708000000000000000e+03,1.473000000000000000e+03,-6.146000000000000000e+03,-6.140000000000000000e+02,-6.051000000000000000e+03,-1.779400000000000000e+04
-4.648000000000000000e+03,-6.820000000000000000e+03,-3.885000000000000000e+03,2.202000000000000000e+03,-1.005000000000000000e+03,-1.055800000000000000e+04,2.013000000000000000e+03,-9.386000000000000000e+03
-4.585000000000000000e+03,-1.800000000000000000e+03,-7.712000000000000000e+03,2.090000000000000000e+03,-1.038300000000000000e+04,5.011000000000000000e+03,-1.099100000000000000e+04,-2.561000000000000000e+03
-8.921000000000000000e+03,-6.604000000000000000e+03,-6.879000000000000000e+03,-7.981000000000000000e+03,-1.134800000000000000e+04,-1.077000000000000000e+04,-9.163000000000000000e+03,1.059900000000000000e+04
-5.102000000000000000e+03,-1.881000000000000000e+03,-3.351000000000000000e+03,2.710000000000000000e+02,-9.911000000000000000e+03,-4.976000000000000000e+03,3.022000000000000000e+03,-1.587700000000000000e+04
1.446000000000000000e+03,-6.167000000000000000e+03,-8.052000000000000000e+03,3.961000000000000000e+03,-1.369500000000000000e+04,2.812000000000000000e+03,-1.031400000000000000e+04,-1.295700000000000000e+04
5.940000000000000000e+02,-5.753000000000000000e+03,-7.823000000000000000e+03,2.616000000000000000e+03,-6.297000000000000000e+03,6.126000000000000000e+03,-4.760000000000000000e+03,-1.141600000000000000e+04
1.478000000000000000e+03,-8.254000000000000000e+03,-1.292700000000000000e+04,-2.810000000000000000e+02,-1.042500000000000000e+04,6.341000000000000000e+03,-9.828000000000000000e+03,-1.332000000000000000e+04
-8.496000000000000000e+03,1.109700000000000000e+04,-1.163100000000000000e+04,-1.723000000000000000e+03,-1.186500000000000000e+04,-5.552000000000000000e+03,-9.002000000000000000e+03,-1.709500000000000000e+04
-6.574000000000000000e+03,-1.039700000000000000e+04,-2.587000000000000000e+03,-1.072600000000000000e+04,-7.836000000000000000e+03,-8.942000000000000000e+03,-4.483000000000000000e+03,6.366000000000000000e+03
-7.154000000000000000e+03,-4.579000000000000000e+03,-7.152000000000000000e+03,-6.887000000000000000e+03,-1.019700000000000000e+04,-3.355000000000000000e+03,7.607000000000000000e+03,-4.658000000000000000e+03
-1.407000000000000000e+03,-9.170000000000000000e+03,-2.726000000000000000e+03,-7.297000000000000000e+03,1.017000000000000000e+04,-1.281500000000000000e+04,-9.750000000000000000e+03,-2.561000000000000000e+03
-9.219000000000000000e+03,-4.947000000000000000e+03,-1.030100000000000000e+04,-8.100000000000000000e+03,-1.105600000000000000e+04,-1.086300000000000000e+04,1.151400000000000000e+04,-3.848000000000000000e+03
3.835000000000000000e+03,-1.328700000000000000e+04,-4.312000000000000000e+03,-5.544000000000000000e+03,6.681000000000000000e+03,-1.132500000000000000e+04,-6.830000000000000000e+03,-1.211600000000000000e+04
5.030000000000000000e+02,-5.867000000000000000e+03,-6.511000000000000000e+03,2.612000000000000000e+03,2.506000000000000000e+03,-9.729000000000000000e+03,-7.910000000000000000e+03,-1.174700000000000000e+04
-7.244000000000000000e+03,7.125000000000000000e+03,-9.653000000000000000e+03,-8.030000000000000000e+03,-1.104000000000000000e+04,-4.410000000000000000e+03,-7.360000000000000000e+02,-1.403300000000000000e+04
-7.200000000000000000e+03,-7.599000000000000000e+03,-6.295000000000000000e+03,-9.101000000000000000e+03,-1.173000000000000000e+04,-3.948000000000000000e+03,-1.015700000000000000e+04,1.012100000000000000e+04
-1.120700000000000000e+04,-4.334000000000000000e+03,-6.825000000000000000e+03,-6.836000000000000000e+03,-8.240000000000000000e+03,-1.335200000000000000e+04,-7.606000000000000000e+03,1.257700000000000000e+04
-1.031100000000000000e+04,-5.505000000000000000e+03,-3.175000000000000000e+03,3.797000000000000000e+03,-5.011000000000000000e+03,-6.963000000000000000e+03,9.014000000000000000e+03,-4.867000000000000000e+03
-1.458000000000000000e+03,-6.956000000000000000e+03,-1.008200000000000000e+04,6.677000000000000000e+03,-4.259000000000000000e+03,3.240000000000000000e+02,-8.156000000000000000e+03,-1.088600000000000000e+04
9.332000000000000000e+03,-8.417000000000000000e+03,-1.358300000000000000e+04,1.026000000000000000e+03,-1.040000000000000000e+04,3.160000000000000000e+03,-9.546000000000000000e+03,-1.965600000000000000e+04
1.151000000000000000e+03,-1.063800000000000000e+04,7.309000000000000000e+03,-2.672000000000000000e+03,2.628000000000000000e+03,-1.122500000000000000e+04,-9.332000000000000000e+03,-1.051500000000000000e+04
3.430000000000000000e+02,-1.045700000000000000e+04,-1.920000000000000000e+02,-3.149000000000000000e+03,6.918000000000000000e+03,-1.173000000000000000e+04,-1.403300000000000000e+04,-9.092000000000000000e+03
-1.515000000000000000e+03,7.521000000000000000e+03,-1.021700000000000000e+04,-7.950000000000000000e+02,-1.225000000000000000e+04,-5.570000000000000000e+03,-7.366000000000000000e+03,-1.665300000000000000e+04
3.226000000000000000e+03,-7.149000000000000000e+03,-1.050700000000000000e+04,2.780000000000000000e+03,-6.430000000000000000e+02,-7.802000000000000000e+03,-6.090000000000000000e+03,-1.070600000000000000e+04
-1.551000000000000000e+03,-3.469000000000000000e+03,-1.219500000000000000e+04,7.970000000000000000e+02,-5.670000000000000000e+03,5.102000000000000000e+03,-8.848000000000000000e+03,-7.483000000000000000e+03
1.660000000000000000e+03,-7.544000000000000000e+03,-8.577000000000000000e+03,1.940000000000000000e+03,-7.530000000000000000e+03,4.686000000000000000e+03,-5.007000000000000000e+03,-9.752000000000000000e+03
-6.232000000000000000e+03,-8.083000000000000000e+03,3.359000000000000000e+03,8.556000000000000000e+03,-7.312000000000000000e+03,-1.061000000000000000e+03,-1.181800000000000000e+04,-1.763500000000000000e+04
-3.758000000000000000e+03,-4.363000000000000000e+03,-9.727000000000000000e+03,1.654000000000000000e+03,-9.557000000000000000e+03,7.128000000000000000e+03,-7.528000000000000000e+03,-8.926000000000000000e+03
-7.957000000000000000e+03,2.100600000000000000e+04,-8.248000000000000000e+03,-9.408000000000000000e+03,-1.010200000000000000e+04,-8.570000000000000000e+03,-2.217000000000000000e+03,-1.386200000000000000e+04
-4.456000000000000000e+03,-6.568000000000000000e+03,-3.587000000000000000e+03,-6.830000000000000000e+03,-7.490000000000000000e+03,-7.244000000000000000e+03,-5.688000000000000000e+03,5.701000000000000000e+03
-8.310000000000000000e+02,-4.059000000000000000e+03,-1.321600000000000000e+04,1.560000000000000000e+03,-1.366000000000000000e+04,6.707000000000000000e+03,-1.374300000000000000e+04,-1.430900000000000000e+04
1.086100000000000000e+04,-8.840000000000000000e+03,-7.689000000000000000e+03,-3.197000000000000000e+03,-1.304000000000000000e+03,-7.402000000000000000e+03,-6.395000000000000000e+03,-1.809700000000000000e+04
-6.234000000000000000e+03,-8.955000000000000000e+03,8.314000000000000000e+03,-6.981000000000000000e+03,-1.566000000000000000e+03,-6.966000000000000000e+03,-6.556000000000000000e+03,-1.566000000000000000e+03
-1.391000000000000000e+03,-1.184400000000000000e+04,-4.970000000000000000e+02,-6.376000000000000000e+03,7.605000000000000000e+03,-1.197600000000000000e+04,-8.201000000000000000e+03,-7.850000000000000000e+03
-3.795000000000000000e+03,-1.086000000000000000e+04,1.151100000000000000e+04,-7.609000000000000000e+03,2.729000000000000000e+03,-1.522200000000000000e+04,-9.497000000000000000e+03,-4.269000000000000000e+03
-1.156800000000000000e+04,-1.007200000000000000e+04,-4.150000000000000000e+03,-8.802000000000000000e+03,-8.215000000000000000e+03,-1.261900000000000000e+04,-3.879000000000000000e+03,9.040000000000000000e+03
-2.220000000000000000e+03,9.217000000000000000e+03,-1.077700000000000000e+04,-3.459000000000000000e+03,-8.929000000000000000e+03,-8.324000000000000000e+03,-2.707000000000000000e+03,-1.618700000000000000e+04
-3.127000000000000000e+03,-8.817000000000000000e+03,1.095500000000000000e+04,-3.485000000000000000e+03,-2.198000000000000000e+03,-1.156500000000000000e+04,-4.285000000000000000e+03,-6.074000000000000000e+03
2.646000000000000000e+03,-9.530000000000000000e+03,-4.720000000000000000e+03,1.457000000000000000e+03,-1.739000000000000000e+03,-5.965000000000000000e+03,-8.288000000000000000e+03,-1.231600000000000000e+04
-6.661000000000000000e+03,2.083900000000000000e+04,-1.126900000000000000e+04,-8.373000000000000000e+03,-1.134700000000000000e+04,-1.036800000000000000e+04,-4.642000000000000000e+03,-1.263800000000000000e+04
-2.960000000000000000e+02,-7.893000000000000000e+03,-5.677000000000000000e+03,9.831000000000000000e+03,-1.185000000000000000e+04,5.032000000000000000e+03,-1.205800000000000000e+04,-1.255400000000000000e+04
-1.161600000000000000e+04,-3.050000000000000000e+02,-6.457000000000000000e+03,1.780000000000000000e+02,-7.240000000000000000e+03,-3.760000000000000000e+03,4.935000000000000000e+03,-6.931000000000000000e+03
-5.021000000000000000e+03,-4.998000000000000000e+03,-7.101000000000000000e+03,-3.712000000000000000e+03,-6.491000000000000000e+03,-8.678000000000000000e+03,8.057000000000000000e+03,-7.548000000000000000e+03
-9.086000000000000000e+03,-1.459000000000000000e+04,1.660000000000000000e+02,-1.162700000000000000e+04,-5.566000000000000000e+03,-1.559000000000000000e+04,-6.197000000000000000e+03,8.875000000000000000e+03
-2.625000000000000000e+03,-3.981000000000000000e+03,-1.030300000000000000e+04,4.307000000000000000e+03,-1.302300000000000000e+04,9.570000000000000000e+02,-1.439700000000000000e+04,-1.686600000000000000e+04
-3.823000000000000000e+03,-5.433000000000000000e+03,-1.008400000000000000e+04,6.810000000000000000e+02,-6.940000000000000000e+03,5.851000000000000000e+03,-7.283000000000000000e+03,-5.119000000000000000e+03
-5.209000000000000000e+03,-5.055000000000000000e+03,-7.332000000000000000e+03,-1.203000000000000000e+03,-7.243000000000000000e+03,1.864000000000000000e+03,-5.624000000000000000e+03,-1.629000000000000000e+04
-1.089600000000000000e+04,-1.984000000000000000e+03,-5.852000000000000000e+03,-4.612000000000000000e+03,-1.049100000000000000e+04,-8.485000000000000000e+03,9.434000000000000000e+03,-5.342000000000000000e+03
-5.164000000000000000e+03,-1.043200000000000000e+04,1.933000000000000000e+03,-3.686000000000000000e+03,1.631000000000000000e+03,-1.212300000000000000e+04,-9.346000000000000000e+03,-3.450000000000000000e+02
6.062000000000000000e+03,-7.264000000000000000e+03,-9.775000000000000000e+03,3.546000000000000000e+03,-3.320000000000000000e+03,-4.880000000000000000e+03,-6.898000000000000000e+03,-1.309300000000000000e+04
-1.113200000000000000e+04,-8.596000000000000000e+03,1.282000000000000000e+03,-9.593000000000000000e+03,-6.382000000000000000e+03,-1.373400000000000000e+04,-9.898000000000000000e+03,5.510000000000000000e+03
-5.422000000000000000e+03,-9.205000000000000000e+03,-4.557000000000000000e+03,-6.810000000000000000e+03,-3.078000000000000000e+03,-1.006800000000000000e+04,1.027700000000000000e+04,-6.050000000000000000e+02
-3.346000000000000000e+03,-4.788000000000000000e+03,-8.881000000000000000e+03,7.651000000000000000e+03,-9.049000000000000000e+03,-4.663000000000000000e+03,-5.795000000000000000e+03,-1.352200000000000000e+04
-8.427000000000000000e+03,-7.350000000000000000e+03,-3.482000000000000000e+03,-1.295300000000000000e+04,-4.706000000000000000e+03,-1.047200000000000000e+04,9.928000000000000000e+03,-3.510000000000000000e+03
-3.160000000000000000e+02,-4.850000000000000000e+03,-5.043000000000000000e+03,4.289000000000000000e+03,-9.649000000000000000e+03,-8.590000000000000000e+02,-8.694000000000000000e+03,-1.790300000000000000e+04
-1.026000000000000000e+04,-2.672000000000000000e+03,-4.358000000000000000e+03,-6.941000000000000000e+03,-7.201000000000000000e+03,-8.795000000000000000e+03,-8.105000000000000000e+03,9.566000000000000000e+03
-9.325000000000000000e+03,9.330000000000000000e+02,-5.635000000000000000e+03,-1.097300000000000000e+04,-6.264000000000000000e+03,-8.542000000000000000e+03,8.741000000000000000e+03,-3.761000000000000000e+03
-8.810000000000000000e+02,-8.336000000000000000e+03,-6.285000000000000000e+03,5.070000000000000000e+02,-7.399000000000000000e+03,9.943000000000000000e+03,-8.365000000000000000e+03,-1.302900000000000000e+04
-8.092000000000000000e+03,-7.795000000000000000e+03,-2.938000000000000000e+03,-3.506000000000000000e+03,-1.048400000000000000e+04,-9.065000000000000000e+03,1.081700000000000000e+04,-7.768000000000000000e+03
-9.096000000000000000e+03,-9.892000000000000000e+03,-6.801000000000000000e+03,-7.524000000000000000e+03,-9.932000000000000000e+03,-1.066100000000000000e+04,-6.180000000000000000e+03,1.066600000000000000e+04
1.850000000000000000e+02,-9.631000000000000000e+03,-9.047000000000000000e+03,1.518000000000000000e+03,2.808000000000000000e+03,-3.907000000000000000e+03,-9.207000000000000000e+03,-1.291800000000000000e+04
8.300000000000000000e+01,-5.664000000000000000e+03,-8.934000000000000000e+03,4.460000000000000000e+03,-9.511000000000000000e+03,4.215000000000000000e+03,-1.368300000000000000e+04,-1.311300000000000000e+04
-1.514000000000000000e+03,1.143400000000000000e+04,-1.050600000000000000e+04,-2.368000000000000000e+03,-1.004500000000000000e+04,-7.867000000000000000e+03,-9.743000000000000000e+03,-1.534400000000000000e+04
-2.832000000000000000e+03,-5.457000000000000000e+03,-8.485000000000000000e+03,4.392000000000000000e+03,-4.177000000000000000e+03,-1.253000000000000000e+03,-8.533000000000000000e+03,-8.095000000000000000e+03
-7.950000000000000000e+03,-5.533000000000000000e+03,-6.712000000000000000e+03,-5.403000000000000000e+03,-1.108800000000000000e+04,-3.819000000000000000e+03,7.506000000000000000e+03,-3.166000000000000000e+03
6.860000000000000000e+02,-6.061000000000000000e+03,-9.421000000000000000e+03,2.047000000000000000e+03,-1.097400000000000000e+04,2.887000000000000000e+03,-8.054000000000000000e+03,-1.385500000000000000e+04
-4.385000000000000000e+03,-4.043000000000000000e+03,-8.295000000000000000e+03,-9.360000000000000000e+02,-3.034000000000000000e+03,6.453000000000000000e+03,-1.051200000000000000e+04,-8.094000000000000000e+03
-4.389000000000000000e+03,5.440000000000000000e+03,-1.302500000000000000e+04,-3.464000000000000000e+03,-9.701000000000000000e+03,-5.939000000000000000e+03,-4.860000000000000000e+03,-1.456200000000000000e+04
-1.040300000000000000e+04,-9.470000000000000000e+03,-5.696000000000000000e+03,-1.043900000000000000e+04,-7.504000000000000000e+03,-1.539500000000000000e+04,-8.088000000000000000e+03,1.493500000000000000e+04
-9.333000000000000000e+03,-6.749000000000000000e+03,-5.700000000000000000e+03,-8.050000000000000000e+03,-6.367000000000000000e+03,-1.384500000000000000e+04,-7.056000000000000000e+03,1.078000000000000000e+04
-2.215000000000000000e+03,1.109300000000000000e+04,-1.140800000000000000e+04,2.330000000000000000e+02,-8.621000000000000000e+03,-5.595000000000000000e+03,-1.188900000000000000e+04,-1.503600000000000000e+04
-3.080000000000000000e+02,-5.949000000000000000e+03,-9.150000000000000000e+03,4.035000000000000000e+03,-9.372000000000000000e+03,1.605000000000000000e+03,-8.408000000000000000e+03,-1.330800000000000000e+04
-1.097000000000000000e+03,-6.199000000000000000e+03,-1.081000000000000000e+04,2.900000000000000000e+03,-1.146900000000000000e+04,4.584000000000000000e+03,-6.518000000000000000e+03,-1.037400000000000000e+04
-9.323000000000000000e+03,-1.144100000000000000e+04,-6.326000000000000000e+03,-1.459800000000000000e+04,-6.378000000000000000e+03,-9.613000000000000000e+03,-6.246000000000000000e+03,8.491000000000000000e+03
7.600000000000000000e+01,-1.226600000000000000e+04,-5.462000000000000000e+03,-2.658000000000000000e+03,2.806000000000000000e+03,-5.220000000000000000e+03,-5.988000000000000000e+03,-9.660000000000000000e+03
1.395700000000000000e+04,-4.717000000000000000e+03,-8.812000000000000000e+03,-1.907000000000000000e+03,-8.807000000000000000e+03,-1.274000000000000000e+03,-6.420000000000000000e+03,-1.585800000000000000e+04
-5.970000000000000000e+02,-9.288000000000000000e+03,-2.609000000000000000e+03,-3.331000000000000000e+03,1.208000000000000000e+03,-1.078700000000000000e+04,3.381000000000000000e+03,-8.978000000000000000e+03
4.628000000000000000e+03,-5.788000000000000000e+03,-1.010400000000000000e+04,1.235000000000000000e+03,-9.486000000000000000e+03,-1.369000000000000000e+03,-5.242000000000000000e+03,-1.578900000000000000e+04
-5.585000000000000000e+03,-7.996000000000000000e+03,-3.979000000000000000e+03,-5.173000000000000000e+03,2.430000000000000000e+03,-8.855000000000000000e+03,8.000000000000000000e+00,-1.400000000000000000e+02
-2.735000000000000000e+03,3.008000000000000000e+03,-7.981000000000000000e+03,-8.410000000000000000e+02,-7.846000000000000000e+03,-2.509000000000000000e+03,-3.960000000000000000e+03,-9.971000000000000000e+03
-4.417000000000000000e+03,1.415600000000000000e+04,-1.327000000000000000e+04,-2.758000000000000000e+03,-9.525000000000000000e+03,-6.067000000000000000e+03,-5.007000000000000000e+03,-1.131600000000000000e+04
-1.010000000000000000e+04,-9.118000000000000000e+03,-3.894000000000000000e+03,-7.393000000000000000e+03,-7.511000000000000000e+03,-1.495900000000000000e+04,-8.701000000000000000e+03,9.841000000000000000e+03
-2.128000000000000000e+03,-6.393000000000000000e+03,-7.898000000000000000e+03,2.391000000000000000e+03,-1.376000000000000000e+04,6.560000000000000000e+02,-1.192900000000000000e+04,-1.618200000000000000e+04
-4.760000000000000000e+03,8.936000000000000000e+03,-5.217000000000000000e+03,1.520000000000000000e+02,-1.327200000000000000e+04,-7.767000000000000000e+03,-1.679000000000000000e+03,-1.696900000000000000e+04
1.174000000000000000e+03,4.527000000000000000e+03,-7.147000000000000000e+03,-4.636000000000000000e+03,-5.432000000000000000e+03,-5.442000000000000000e+03,-9.340000000000000000e+02,-1.233500000000000000e+04
-1.079800000000000000e+04,-4.510000000000000000e+03,-4.762000000000000000e+03,-5.467000000000000000e+03,-9.410000000000000000e+03,-8.212000000000000000e+03,3.222000000000000000e+03,-2.109000000000000000e+03
2.330000000000000000e+02,-6.956000000000000000e+03,-7.294000000000000000e+03,4.731000000000000000e+03,-9.404000000000000000e+03,8.013000000000000000e+03,-1.430800000000000000e+04,-1.037000000000000000e+04
-6.942000000000000000e+03,-9.592000000000000000e+03,1.731000000000000000e+03,-1.426000000000000000e+03,-7.316000000000000000e+03,-1.120800000000000000e+04,8.244000000000000000e+03,-9.688000000000000000e+03
2.528000000000000000e+03,-5.222000000000000000e+03,-9.241000000000000000e+03,-1.162000000000000000e+03,-3.834000000000000000e+03,1.646000000000000000e+03,-9.080000000000000000e+03,-1.517700000000000000e+04
-9.606000000000000000e+03,-1.502000000000000000e+03,-5.817000000000000000e+03,-3.765000000000000000e+03,-1.038500000000000000e+04,-5.611000000000000000e+03,7.594000000000000000e+03,-1.282500000000000000e+04
-7.764000000000000000e+03,1.309300000000000000e+04,-7.526000000000000000e+03,-4.148000000000000000e+03,-5.350000000000000000e+03,-9.811000000000000000e+03,-1.316000000000000000e+03,-7.920000000000000000e+03
-1.279000000000000000e+03,-5.505000000000000000e+03,-7.673000000000000000e+03,3.011000000000000000e+03,-1.138100000000000000e+04,1.946000000000000000e+03,-2.939000000000000000e+03,-1.328500000000000000e+04
-4.755000000000000000e+03,1.099700000000000000e+04,-5.586000000000000000e+03,-7.519000000000000000e+03,-1.414000000000000000e+03,-1.098000000000000000e+04,-2.332000000000000000e+03,-1.083300000000000000e+04
-7.210000000000000000e+03,-1.137400000000000000e+04,4.606000000000000000e+03,-8.416000000000000000e+03,2.564000000000000000e+03,-1.254500000000000000e+04,-1.046600000000000000e+04,2.604000000000000000e+03
-1.002000000000000000e+04,-7.795000000000000000e+03,-6.589000000000000000e+03,-8.420000000000000000e+03,-5.707000000000000000e+03,-1.139800000000000000e+04,-3.462000000000000000e+03,8.876000000000000000e+03
-1.946000000000000000e+03,-5.383000000000000000e+03,-1.011300000000000000e+04,1.416000000000000000e+03,-8.749000000000000000e+03,8.234000000000000000e+03,-1.668200000000000000e+04,-1.677900000000000000e+04
-4.986000000000000000e+03,-1.301300000000000000e+04,8.656000000000000000e+03,-1.116300000000000000e+04,4.000000000000000000e+00,-1.263500000000000000e+04,-7.572000000000000000e+03,-1.566000000000000000e+03
-6.913000000000000000e+03,-3.568000000000000000e+03,-4.970000000000000000e+03,-7.760000000000000000e+03,-3.987000000000000000e+03,-7.953000000000000000e+03,1.118000000000000000e+03,-8.070000000000000000e+02
-3.381000000000000000e+03,-6.827000000000000000e+03,-5.499000000000000000e+03,-2.174000000000000000e+03,9.670000000000000000e+02,-5.600000000000000000e+02,-3.658000000000000000e+03,-9.155000000000000000e+03
2.985000000000000000e+03,-9.426000000000000000e+03,-1.331400000000000000e+04,7.736000000000000000e+03,-9.685000000000000000e+03,7.040000000000000000e+02,-1.024800000000000000e+04,-1.367900000000000000e+04
-7.759000000000000000e+03,-1.217000000000000000e+04,-5.225000000000000000e+03,-1.009700000000000000e+04,-8.792000000000000000e+03,-1.479000000000000000e+04,-6.206000000000000000e+03,9.917000000000000000e+03
-5.699000000000000000e+03,-8.595000000000000000e+03,-5.414000000000000000e+03,3.866000000000000000e+03,-2.631000000000000000e+03,-1.062000000000000000e+04,3.597000000000000000e+03,-5.029000000000000000e+03
3.403000000000000000e+03,-1.212800000000000000e+04,-8.389000000000000000e+03,-3.161000000000000000e+03,8.359000000000000000e+03,-9.056000000000000000e+03,-8.147000000000000000e+03,-1.309900000000000000e+04
-6.356000000000000000e+03,-3.810000000000000000e+03,-5.050000000000000000e+02,1.418000000000000000e+03,-4.088000000000000000e+03,-6.443000000000000000e+03,2.293000000000000000e+03,-9.461000000000000000e+03
1.640000000000000000e+03,-7.664000000000000000e+03,-6.554000000000000000e+03,1.915000000000000000e+03,1.760000000000000000e+02,-4.102000000000000000e+03,-4.082000000000000000e+03,-8.942000000000000000e+03
-2.221000000000000000e+03,-1.013100000000000000e+04,4.203000000000000000e+03,-2.899000000000000000e+03,6.898000000000000000e+03,-1.302900000000000000e+04,-8.014000000000000000e+03,-6.847000000000000000e+03
-4.794000000000000000e+03,9.412000000000000000e+03,-1.041900000000000000e+04,-4.714000000000000000e+03,-1.378200000000000000e+04,-2.815000000000000000e+03,-5.704000000000000000e+03,-1.415000000000000000e+04
-4.562000000000000000e+03,1.820000000000000000e+04,-1.022000000000000000e+04,-3.439000000000000000e+03,-1.438400000000000000e+04,-8.168000000000000000e+03,-6.375000000000000000e+03,-1.040900000000000000e+04
-5.146000000000000000e+03,-5.754000000000000000e+03,-4.473000000000000000e+03,-6.218000000000000000e+03,-6.811000000000000000e+03,-8.411000000000000000e+03,7.275000000000000000e+03,-4.027000000000000000e+03
-4.473000000000000000e+03,-3.128000000000000000e+03,-7.633000000000000000e+03,-3.732000000000000000e+03,-8.470000000000000000e+03,-4.519000000000000000e+03,5.581000000000000000e+03,-1.131500000000000000e+04
-8.892000000000000000e+03,1.441600000000000000e+04,-8.608000000000000000e+03,-2.938000000000000000e+03,-7.869000000000000000e+03,-5.823000000000000000e+03,-5.302000000000000000e+03,-1.247800000000000000e+04
1.108000000000000000e+03,-1.049100000000000000e+04,-8.297000000000000000e+03,-4.845000000000000000e+03,1.153700000000000000e+04,-1.255400000000000000e+04,-8.491000000000000000e+03,-8.360000000000000000e+03
2.084000000000000000e+03,-4.379000000000000000e+03,-1.426000000000000000e+04,2.040000000000000000e+02,-1.181200000000000000e+04,2.823000000000000000e+03,-1.031900000000000000e+04,-1.562500000000000000e+04
-5.900000000000000000e+01,-9.116000000000000000e+03,-1.124600000000000000e+04,-2.298000000000000000e+03,1.375500000000000000e+04,-4.095000000000000000e+03,-8.550000000000000000e+03,-1.039700000000000000e+04
-7.199000000000000000e+03,1.354500000000000000e+04,-8.621000000000000000e+03,2.310000000000000000e+02,-1.264700000000000000e+04,-4.244000000000000000e+03,-5.713000000000000000e+03,-9.123000000000000000e+03
-7.941000000000000000e+03,-6.987000000000000000e+03,-4.650000000000000000e+03,-6.689000000000000000e+03,-4.967000000000000000e+03,-1.043200000000000000e+04,1.026900000000000000e+04,-6.386000000000000000e+03
-2.003000000000000000e+03,-9.493000000000000000e+03,-2.897000000000000000e+03,-3.359000000000000000e+03,-3.850000000000000000e+03,-5.484000000000000000e+03,-7.490000000000000000e+02,-6.259000000000000000e+03
1.163500000000000000e+04,-6.070000000000000000e+03,-7.315000000000000000e+03,-2.680000000000000000e+02,-7.870000000000000000e+03,-3.293000000000000000e+03,-1.137300000000000000e+04,-1.762000000000000000e+04
3.356000000000000000e+03,-7.276000000000000000e+03,-4.249000000000000000e+03,2.228000000000000000e+03,4.550000000000000000e+02,-1.226000000000000000e+03,-1.141100000000000000e+04,-1.878300000000000000e+04
-9.571000000000000000e+03,-7.653000000000000000e+03,-4.920000000000000000e+03,-4.843000000000000000e+03,-8.306000000000000000e+03,-1.081000000000000000e+04,1.620200000000000000e+04,-5.254000000000000000e+03
3.246000000000000000e+03,-1.760000000000000000e+03,-1.253000000000000000e+04,3.453000000000000000e+03,-6.257000000000000000e+03,-2.016000000000000000e+03,-1.017800000000000000e+04,-1.453300000000000000e+04
-4.570000000000000000e+03,-3.474000000000000000e+03,-8.105000000000000000e+03,2.026000000000000000e+03,-1.328100000000000000e+04,4.895000000000000000e+03,-1.121700000000000000e+04,-1.003600000000000000e+04
-6.690000000000000000e+02,-6.533000000000000000e+03,-1.070500000000000000e+04,1.050000000000000000e+02,-7.887000000000000000e+03,7.409000000000000000e+03,-8.235000000000000000e+03,-1.158200000000000000e+04
-4.093000000000000000e+03,-8.111000000000000000e+03,-1.800000000000000000e+01,-1.589000000000000000e+03,5.401000000000000000e+03,-8.229000000000000000e+03,-8.567000000000000000e+03,-6.961000000000000000e+03
-2.743000000000000000e+03,-1.382000000000000000e+03,-4.440000000000000000e+03,4.080000000000000000e+02,-3.440000000000000000e+03,-9.570000000000000000e+02,-6.825000000000000000e+03,-4.417000000000000000e+03
-5.845000000000000000e+03,-1.165700000000000000e+04,4.421000000000000000e+03,-1.023700000000000000e+04,6.225000000000000000e+03,-1.654700000000000000e+04,-9.762000000000000000e+03,-9.320000000000000000e+02
-1.143400000000000000e+04,-8.774000000000000000e+03,-6.599000000000000000e+03,-8.923000000000000000e+03,-8.166000000000000000e+03,-1.284600000000000000e+04,-9.309000000000000000e+03,1.048600000000000000e+04
-7.698000000000000000e+03,-1.103500000000000000e+04,1.973000000000000000e+03,-6.362000000000000000e+03,-6.888000000000000000e+03,-1.474000000000000000e+04,-6.241000000000000000e+03,6.110000000000000000e+03
6.121000000000000000e+03,-6.303000000000000000e+03,-6.783000000000000000e+03,9.304000000000000000e+03,-4.167000000000000000e+03,-6.567000000000000000e+03,-1.159300000000000000e+04,-1.554200000000000000e+04
-5.015000000000000000e+03,8.260000000000000000e+03,-9.871000000000000000e+03,-5.030000000000000000e+02,-8.469000000000000000e+03,-3.212000000000000000e+03,-4.063000000000000000e+03,-7.415000000000000000e+03
-5.000000000000000000e+03,1.089200000000000000e+04,-6.627000000000000000e+03,-1.800000000000000000e+03,-9.927000000000000000e+03,-8.769000000000000000e+03,1.957000000000000000e+03,-1.012800000000000000e+04
-4.967000000000000000e+03,-9.022000000000000000e+03,-9.910000000000000000e+02,-5.255000000000000000e+03,6.530000000000000000e+02,-1.216800000000000000e+04,-6.761000000000000000e+03,5.656000000000000000e+03
-3.455000000000000000e+03,-9.514000000000000000e+03,6.129000000000000000e+03,-3.142000000000000000e+03,1.460000000000000000e+03,-8.308000000000000000e+03,-8.499000000000000000e+03,-9.385000000000000000e+03
-8.052000000000000000e+03,-3.101000000000000000e+03,-1.008800000000000000e+04,-6.150000000000000000e+02,-1.011600000000000000e+04,-5.474000000000000000e+03,9.450000000000000000e+03,-7.736000000000000000e+03
-8.801000000000000000e+03,-9.662000000000000000e+03,1.383000000000000000e+03,-9.593000000000000000e+03,-4.069000000000000000e+03,-1.563800000000000000e+04,-1.566000000000000000e+03,5.215000000000000000e+03
-4.325000000000000000e+03,1.309400000000000000e+04,-8.688000000000000000e+03,-6.576000000000000000e+03,-1.157000000000000000e+04,-9.506000000000000000e+03,-3.518000000000000000e+03,-1.733600000000000000e+04
-9.110000000000000000e+03,-8.261000000000000000e+03,-6.264000000000000000e+03,-1.164000000000000000e+03,6.140000000000000000e+02,-1.224000000000000000e+03,-1.477000000000000000e+03,-9.153000000000000000e+03
-5.419000000000000000e+03,8.879000000000000000e+03,-7.853000000000000000e+03,-4.702000000000000000e+03,-1.117000000000000000e+04,-3.969000000000000000e+03,-2.898000000000000000e+03,-7.747000000000000000e+03
-5.227000000000000000e+03,-5.910000000000000000e+02,-5.438000000000000000e+03,-1.065600000000000000e+04,-5.285000000000000000e+03,-8.105000000000000000e+03,-3.400000000000000000e+03,-1.011300000000000000e+04
-6.713000000000000000e+03,-8.067000000000000000e+03,-4.678000000000000000e+03,-5.382000000000000000e+03,-3.500000000000000000e+03,-1.004300000000000000e+04,9.827000000000000000e+03,-7.056000000000000000e+03
-9.568000000000000000e+03,-9.053000000000000000e+03,-5.043000000000000000e+03,-1.055600000000000000e+04,-6.961000000000000000e+03,-1.145000000000000000e+04,-5.845000000000000000e+03,1.176500000000000000e+04
-5.024000000000000000e+03,1.406100000000000000e+04,-7.691000000000000000e+03,-4.475000000000000000e+03,-8.714000000000000000e+03,-1.072200000000000000e+04,1.350000000000000000e+03,-1.089500000000000000e+04
-1.016700000000000000e+04,-3.956000000000000000e+03,-1.013400000000000000e+04,-6.710000000000000000e+03,-8.272000000000000000e+03,-9.277000000000000000e+03,1.356000000000000000e+04,-4.935000000000000000e+03
-6.819000000000000000e+03,-1.092800000000000000e+04,6.425000000000000000e+03,-8.392000000000000000e+03,3.110000000000000000e+02,-1.423500000000000000e+04,-7.445000000000000000e+03,7.530000000000000000e+02
-4.676000000000000000e+03,-6.836000000000000000e+03,-6.698000000000000000e+03,-1.252000000000000000e+03,-1.022300000000000000e+04,-8.336000000000000000e+03,1.107400000000000000e+04,-7.082000000000000000e+03
5.351000000000000000e+03,-9.986000000000000000e+03,-1.137600000000000000e+04,-1.237000000000000000e+03,-4.380000000000000000e+03,2.837000000000000000e+03,-1.223900000000000000e+04,-1.708600000000000000e+04
1.704000000000000000e+03,-9.602000000000000000e+03,-9.619000000000000000e+03,-5.370000000000000000e+02,6.147000000000000000e+03,-6.633000000000000000e+03,-6.422000000000000000e+03,-1.179200000000000000e+04
8.720000000000000000e+02,-9.157000000000000000e+03,-9.206000000000000000e+03,2.658000000000000000e+03,-7.725000000000000000e+03,-2.900000000000000000e+02,-6.603000000000000000e+03,-1.711400000000000000e+04
-1.133300000000000000e+04,-7.743000000000000000e+03,-7.166000000000000000e+03,-9.821000000000000000e+03,-7.435000000000000000e+03,-1.316700000000000000e+04,-1.065800000000000000e+04,1.197200000000000000e+04
-5.479000000000000000e+03,-7.672000000000000000e+03,-4.713000000000000000e+03,-4.488000000000000000e+03,-5.956000000000000000e+03,-6.056000000000000000e+03,1.003800000000000000e+04,-1.077200000000000000e+04
2.606000000000000000e+03,-7.067000000000000000e+03,-1.013200000000000000e+04,-4.770000000000000000e+03,-1.690000000000000000e+03,5.095000000000000000e+03,-4.258000000000000000e+03,-1.253600000000000000e+04
-6.096000000000000000e+03,-1.120700000000000000e+04,7.020000000000000000e+03,-9.740000000000000000e+03,2.050000000000000000e+02,-1.453000000000000000e+04,-5.918000000000000000e+03,1.311000000000000000e+03
4.891000000000000000e+03,-7.097000000000000000e+03,-1.111400000000000000e+04,2.303000000000000000e+03,-2.485000000000000000e+03,-3.150000000000000000e+03,-1.013000000000000000e+04,-1.721100000000000000e+04
-9.956000000000000000e+03,-1.083200000000000000e+04,-5.008000000000000000e+03,-1.226500000000000000e+04,-6.494000000000000000e+03,-1.562500000000000000e+04,-6.893000000000000000e+03,1.121700000000000000e+04
-6.838000000000000000e+03,-5.089000000000000000e+03,-4.879000000000000000e+03,-1.215300000000000000e+04,-7.256000000000000000e+03,-1.007400000000000000e+04,8.159000000000000000e+03,-3.780000000000000000e+03
-9.574000000000000000e+03,-1.016300000000000000e+04,-4.030000000000000000e+03,-8.760000000000000000e+03,-7.539000000000000000e+03,-1.443500000000000000e+04,-7.000000000000000000e+03,1.029900000000000000e+04
-5.953000000000000000e+03,-9.257000000000000000e+03,-2.056000000000000000e+03,-5.477000000000000000e+03,4.685000000000000000e+03,-1.414000000000000000e+03,-1.366000000000000000e+03,-9.613000000000000000e+03
-8.950000000000000000e+03,-5.887000000000000000e+03,-7.330000000000000000e+03,-6.292000000000000000e+03,-6.889000000000000000e+03,-1.150000000000000000e+04,-1.079400000000000000e+04,1.094700000000000000e+04
-3.788000000000000000e+03,-1.063900000000000000e+04,-4.519000000000000000e+03,-5.780000000000000000e+03,9.150000000000000000e+02,-1.431900000000000000e+04,-4.931000000000000000e+03,7.042000000000000000e+03
-6.272000000000000000e+03,8.318000000000000000e+03,-9.744000000000000000e+03,-4.849000000000000000e+03,-1.044200000000000000e+04,-2.063000000000000000e+03,-5.137000000000000000e+03,-9.176000000000000000e+03
-4.813000000000000000e+03,7.598000000000000000e+03,-5.048000000000000000e+03,-2.986000000000000000e+03,-9.783000000000000000e+03,-9.260000000000000000e+03,1.744000000000000000e+03,-1.268100000000000000e+04
-8.957000000000000000e+03,-1.035700000000000000e+04,-2.312000000000000000e+03,-1.037000000000000000e+04,-6.404000000000000000e+03,-1.499700000000000000e+04,-8.805000000000000000e+03,9.882000000000000000e+03
-5.428000000000000000e+03,-5.155000000000000000e+03,-4.779000000000000000e+03,-1.140600000000000000e+04,-6.309000000000000000e+03,-1.033500000000000000e+04,1.150200000000000000e+04,-2.976000000000000000e+03
-1.166000000000000000e+03,-9.136000000000000000e+03,-6.640000000000000000e+03,6.225000000000000000e+03,-3.980000000000000000e+02,-2.652000000000000000e+03,-4.903000000000000000e+03,-1.378700000000000000e+04
-5.841000000000000000e+03,1.130100000000000000e+04,-1.051700000000000000e+04,-3.859000000000000000e+03,-8.910000000000000000e+03,-8.211000000000000000e+03,-4.248000000000000000e+03,-1.004000000000000000e+04
-3.086000000000000000e+03,-6.622000000000000000e+03,4.667000000000000000e+03,-2.780000000000000000e+02,3.030000000000000000e+02,-1.214600000000000000e+04,-7.809000000000000000e+03,-7.572000000000000000e+03
-5.910000000000000000e+03,-3.039000000000000000e+03,-7.454000000000000000e+03,-2.260000000000000000e+02,-5.035000000000000000e+03,-1.865000000000000000e+03,-8.081000000000000000e+03,-1.678000000000000000e+03
-6.790000000000000000e+03,-5.793000000000000000e+03,-5.840000000000000000e+03,7.409000000000000000e+03,-9.210000000000000000e+03,-2.688000000000000000e+03,-7.030000000000000000e+02,-1.265800000000000000e+04
-1.583000000000000000e+03,-5.665000000000000000e+03,-9.984000000000000000e+03,6.790000000000000000e+02,-5.141000000000000000e+03,7.153000000000000000e+03,-9.398000000000000000e+03,-5.980000000000000000e+03
-2.373000000000000000e+03,-9.419000000000000000e+03,-2.987000000000000000e+03,5.720000000000000000e+02,6.838000000000000000e+03,-4.789000000000000000e+03,-4.783000000000000000e+03,-8.384000000000000000e+03
-4.992000000000000000e+03,-1.139300000000000000e+04,1.841000000000000000e+03,-8.072000000000000000e+03,6.065000000000000000e+03,-1.241700000000000000e+04,-1.051100000000000000e+04,1.434000000000000000e+03
-6.629000000000000000e+03,-6.937000000000000000e+03,-2.800000000000000000e+03,-2.552000000000000000e+03,-5.803000000000000000e+03,-7.951000000000000000e+03,5.412000000000000000e+03,-1.094100000000000000e+04
-4.749000000000000000e+03,2.150000000000000000e+02,-9.237000000000000000e+03,-2.427000000000000000e+03,-3.346000000000000000e+03,-5.149000000000000000e+03,-1.273000000000000000e+03,-5.877000000000000000e+03
-9.428000000000000000e+03,-9.140000000000000000e+03,-5.658000000000000000e+03,-1.066300000000000000e+04,-1.212000000000000000e+04,-8.575000000000000000e+03,-6.691000000000000000e+03,9.939000000000000000e+03
-8.916000000000000000e+03,1.585000000000000000e+04,-8.606000000000000000e+03,-3.718000000000000000e+03,-9.565000000000000000e+03,-1.175900000000000000e+04,-1.996000000000000000e+03,-9.999000000000000000e+03
-1.856000000000000000e+03,9.711000000000000000e+03,-3.337000000000000000e+03,-3.725000000000000000e+03,-4.162000000000000000e+03,-6.847000000000000000e+03,-4.513000000000000000e+03,-1.159200000000000000e+04
-1.030000000000000000e+04,-1.040600000000000000e+04,-1.592000000000000000e+03,-6.370000000000000000e+03,1.895000000000000000e+03,-1.401800000000000000e+04,-8.114000000000000000e+03,5.102000000000000000e+03
1.378400000000000000e+04,-8.696000000000000000e+03,-1.006300000000000000e+04,-3.098000000000000000e+03,-4.554000000000000000e+03,-6.873000000000000000e+03,-5.947000000000000000e+03,-1.541200000000000000e+04
-1.090000000000000000e+04,-5.656000000000000000e+03,-6.926000000000000000e+03,-5.141000000000000000e+03,-9.649000000000000000e+03,-1.108000000000000000e+04,-6.856000000000000000e+03,7.923000000000000000e+03
-7.447000000000000000e+03,-4.282000000000000000e+03,-8.611000000000000000e+03,-4.103000000000000000e+03,-9.621000000000000000e+03,-6.525000000000000000e+03,1.172400000000000000e+04,-8.629000000000000000e+03
8.820000000000000000e+03,-1.085000000000000000e+04,-5.863000000000000000e+03,5.861000000000000000e+03,-2.750000000000000000e+03,-2.882000000000000000e+03,-1.165500000000000000e+04,-1.780500000000000000e+04
-5.803000000000000000e+03,-4.277000000000000000e+03,-2.750000000000000000e+02,-5.100000000000000000e+03,-5.205000000000000000e+03,-1.007400000000000000e+04,5.212000000000000000e+03,-1.242200000000000000e+04
-6.711000000000000000e+03,-1.200100000000000000e+04,4.544000000000000000e+03,-8.579000000000000000e+03,4.223000000000000000e+03,-1.622500000000000000e+04,-1.103300000000000000e+04,3.086000000000000000e+03
-8.686000000000000000e+03,-7.757000000000000000e+03,-4.421000000000000000e+03,-6.656000000000000000e+03,-8.842000000000000000e+03,-1.175500000000000000e+04,-8.641000000000000000e+03,9.540000000000000000e+03
-8.550000000000000000e+03,-1.493000000000000000e+03,-9.414000000000000000e+03,-9.644000000000000000e+03,-1.109700000000000000e+04,-3.158000000000000000e+03,7.860000000000000000e+03,-7.312000000000000000e+03
-1.103200000000000000e+04,-1.162000000000000000e+04,-4.541000000000000000e+03,-1.259700000000000000e+04,-9.110000000000000000e+03,-1.620300000000000000e+04,-8.984000000000000000e+03,1.352000000000000000e+04
-1.903000000000000000e+03,-1.017500000000000000e+04,-9.680000000000000000e+03,-5.434000000000000000e+03,1.263300000000000000e+04,-1.143000000000000000e+04,-1.260200000000000000e+04,-8.355000000000000000e+03
-8.113000000000000000e+03,5.728000000000000000e+03,-3.793000000000000000e+03,-4.889000000000000000e+03,-8.064000000000000000e+03,-8.462000000000000000e+03,-2.713000000000000000e+03,-9.244000000000000000e+03
-4.740000000000000000e+03,-5.321000000000000000e+03,-1.120900000000000000e+04,2.780000000000000000e+02,-7.352000000000000000e+03,-1.353000000000000000e+03,-1.754000000000000000e+03,-8.839000000000000000e+03
-1.040600000000000000e+04,-9.652000000000000000e+03,-3.590000000000000000e+03,-9.604000000000000000e+03,-8.380000000000000000e+03,-1.315700000000000000e+04,-4.190000000000000000e+03,9.800000000000000000e+03
-5.473000000000000000e+03,8.245000000000000000e+03,-8.640000000000000000e+03,-6.691000000000000000e+03,-7.363000000000000000e+03,-5.689000000000000000e+03,-5.840000000000000000e+03,-5.982000000000000000e+03
4.000000000000000000e+01,-9.565000000000000000e+03,-3.243000000000000000e+03,8.580000000000000000e+02,4.016000000000000000e+03,-8.364000000000000000e+03,-8.215000000000000000e+03,-1.034500000000000000e+04
-3.446000000000000000e+03,-3.699000000000000000e+03,-1.195500000000000000e+04,-2.322000000000000000e+03,-6.182000000000000000e+03,-1.578000000000000000e+03,-3.870000000000000000e+03,-1.594700000000000000e+04
-8.965000000000000000e+03,2.067000000000000000e+03,-4.535000000000000000e+03,-7.417000000000000000e+03,-6.714000000000000000e+03,-9.649000000000000000e+03,6.202000000000000000e+03,-1.064400000000000000e+04
-2.824000000000000000e+03,-9.427000000000000000e+03,-8.693000000000000000e+03,4.522000000000000000e+03,-9.231000000000000000e+03,9.019000000000000000e+03,-1.386700000000000000e+04,-1.554000000000000000e+04
-9.942000000000000000e+03,-9.109000000000000000e+03,-4.489000000000000000e+03,-8.038000000000000000e+03,-5.835000000000000000e+03,-1.432700000000000000e+04,-1.886000000000000000e+03,8.382000000000000000e+03
-5.042000000000000000e+03,-1.155500000000000000e+04,-1.032000000000000000e+03,-1.118300000000000000e+04,-6.298000000000000000e+03,-1.362900000000000000e+04,-1.069700000000000000e+04,1.061700000000000000e+04
-1.280000000000000000e+02,-8.598000000000000000e+03,-6.654000000000000000e+03,5.213000000000000000e+03,-1.472000000000000000e+03,-2.262000000000000000e+03,-6.620000000000000000e+03,-7.497000000000000000e+03
-3.239000000000000000e+03,-5.820000000000000000e+03,-1.434000000000000000e+03,3.540000000000000000e+02,-1.198700000000000000e+04,-3.754000000000000000e+03,1.569000000000000000e+03,-1.374200000000000000e+04
-2.196000000000000000e+03,-3.993000000000000000e+03,-8.260000000000000000e+03,2.202000000000000000e+03,-1.022800000000000000e+04,3.952000000000000000e+03,-9.114000000000000000e+03,-8.534000000000000000e+03
-1.277200000000000000e+04,-7.272000000000000000e+03,-4.931000000000000000e+03,-5.312000000000000000e+03,-7.432000000000000000e+03,-1.175900000000000000e+04,1.279500000000000000e+04,-3.092000000000000000e+03
5.779000000000000000e+03,-7.105000000000000000e+03,-1.001300000000000000e+04,-3.751000000000000000e+03,-5.494000000000000000e+03,-8.380000000000000000e+02,-4.808000000000000000e+03,-1.518900000000000000e+04
-5.677000000000000000e+03,-6.982000000000000000e+03,-7.486000000000000000e+03,5.010000000000000000e+03,-1.403000000000000000e+04,-1.430000000000000000e+02,-9.508000000000000000e+03,-1.616900000000000000e+04
-6.450000000000000000e+02,-6.043000000000000000e+03,-6.418000000000000000e+03,3.212000000000000000e+03,-5.596000000000000000e+03,-7.100000000000000000e+01,-9.993000000000000000e+03,-1.716800000000000000e+04
-7.463000000000000000e+03,1.284700000000000000e+04,-1.005300000000000000e+04,-7.068000000000000000e+03,-1.210800000000000000e+04,-1.016300000000000000e+04,-3.926000000000000000e+03,-1.376100000000000000e+04
-3.923000000000000000e+03,-2.970000000000000000e+03,-8.250000000000000000e+03,-6.619000000000000000e+03,-6.228000000000000000e+03,-9.816000000000000000e+03,7.240000000000000000e+03,-5.423000000000000000e+03
3.132000000000000000e+03,1.205000000000000000e+03,-1.327300000000000000e+04,-4.150000000000000000e+02,-1.120000000000000000e+04,2.615000000000000000e+03,-7.586000000000000000e+03,-1.462700000000000000e+04
-4.378000000000000000e+03,7.401000000000000000e+03,-9.377000000000000000e+03,-5.656000000000000000e+03,-9.430000000000000000e+03,-2.061000000000000000e+03,-5.111000000000000000e+03,-9.261000000000000000e+03
-4.947000000000000000e+03,-1.110900000000000000e+04,-3.467000000000000000e+03,-6.357000000000000000e+03,1.182300000000000000e+04,-9.067000000000000000e+03,-6.635000000000000000e+03,-6.006000000000000000e+03
-3.967000000000000000e+03,-8.324000000000000000e+03,-1.339000000000000000e+03,-1.603000000000000000e+03,9.040000000000000000e+02,-7.231000000000000000e+03,-4.317000000000000000e+03,-7.874000000000000000e+03
-1.069000000000000000e+03,-3.753000000000000000e+03,-6.225000000000000000e+03,4.039000000000000000e+03,-8.718000000000000000e+03,-5.768000000000000000e+03,-5.151000000000000000e+03,-1.608100000000000000e+04
-3.531000000000000000e+03,-6.409000000000000000e+03,-4.703000000000000000e+03,1.234000000000000000e+03,-6.694000000000000000e+03,-1.060000000000000000e+02,-2.924000000000000000e+03,-5.898000000000000000e+03
-9.815000000000000000e+03,-7.290000000000000000e+03,-5.776000000000000000e+03,-7.694000000000000000e+03,-8.057000000000000000e+03,-1.085500000000000000e+04,-6.990000000000000000e+03,1.062700000000000000e+04
-1.524000000000000000e+03,-7.651000000000000000e+03,2.423000000000000000e+03,5.630000000000000000e+03,-6.622000000000000000e+03,-5.465000000000000000e+03,-3.607000000000000000e+03,-1.085600000000000000e+04
-6.462000000000000000e+03,-4.742000000000000000e+03,-8.833000000000000000e+03,-9.180000000000000000e+03,-8.472000000000000000e+03,-7.527000000000000000e+03,1.199100000000000000e+04,-6.811000000000000000e+03
-3.138000000000000000e+03,8.880000000000000000e+03,-7.171000000000000000e+03,-2.225000000000000000e+03,-1.124400000000000000e+04,-9.818000000000000000e+03,-1.560000000000000000e+03,-1.638900000000000000e+04
-1.074400000000000000e+04,-7.777000000000000000e+03,-6.500000000000000000e+03,-9.184000000000000000e+03,-7.116000000000000000e+03,-1.097200000000000000e+04,-3.023000000000000000e+03,9.188000000000000000e+03
-1.088600000000000000e+04,-8.092000000000000000e+03,-6.162000000000000000e+03,-1.296000000000000000e+03,-1.018000000000000000e+04,-7.897000000000000000e+03,1.232200000000000000e+04,-5.388000000000000000e+03
-9.810000000000000000e+02,-1.219300000000000000e+04,-8.277000000000000000e+03,-4.150000000000000000e+03,7.447000000000000000e+03,-1.176000000000000000e+04,-8.623000000000000000e+03,-6.928000000000000000e+03
-1.090100000000000000e+04,1.667000000000000000e+04,-1.055800000000000000e+04,-4.590000000000000000e+03,-1.165500000000000000e+04,-4.997000000000000000e+03,-6.927000000000000000e+03,-1.388800000000000000e+04
-1.224000000000000000e+03,-8.597000000000000000e+03,-1.454000000000000000e+03,1.372000000000000000e+03,1.081000000000000000e+03,-1.303400000000000000e+04,1.087000000000000000e+03,-9.470000000000000000e+03
-5.554000000000000000e+03,-7.190000000000000000e+03,-3.912000000000000000e+03,-8.030000000000000000e+03,-4.418000000000000000e+03,-5.533000000000000000e+03,9.972000000000000000e+03,-6.182000000000000000e+03
7.953000000000000000e+03,-7.531000000000000000e+03,-8.836000000000000000e+03,-1.423000000000000000e+03,-1.070000000000000000e+03,-4.539000000000000000e+03,-4.514000000000000000e+03,-1.478400000000000000e+04
-5.820000000000000000e+02,-7.836000000000000000e+03,-4.705000000000000000e+03,-9.250000000000000000e+02,4.906000000000000000e+03,-8.042000000000000000e+03,-1.282600000000000000e+04,-1.327300000000000000e+04
-1.266000000000000000e+03,1.067900000000000000e+04,-1.082300000000000000e+04,-4.609000000000000000e+03,-5.713000000000000000e+03,-7.499000000000000000e+03,-1.928000000000000000e+03,-1.288500000000000000e+04
-3.427000000000000000e+03,9.760000000000000000e+03,-7.310000000000000000e+03,-1.622000000000000000e+03,-1.392700000000000000e+04,-7.626000000000000000e+03,-1.090600000000000000e+04,-1.566700000000000000e+04
4.119000000000000000e+03,-7.417000000000000000e+03,-1.360700000000000000e+04,4.424000000000000000e+03,-5.763000000000000000e+03,2.935000000000000000e+03,-1.567200000000000000e+04,-1.618400000000000000e+04
-9.505000000000000000e+03,-8.838000000000000000e+03,-6.109000000000000000e+03,-5.886000000000000000e+03,-9.069000000000000000e+03,-1.249000000000000000e+04,-1.153300000000000000e+04,7.955000000000000000e+03
-3.903000000000000000e+03,1.135600000000000000e+04,-1.250000000000000000e+04,-3.265000000000000000e+03,-3.719000000000000000e+03,-6.010000000000000000e+03,-6.047000000000000000e+03,-1.260600000000000000e+04
-1.235500000000000000e+04,8.100000000000000000e+02,-7.875000000000000000e+03,-5.036000000000000000e+03,-1.118000000000000000e+04,-7.590000000000000000e+03,6.040000000000000000e+03,-8.730000000000000000e+03
-8.526000000000000000e+03,-7.752000000000000000e+03,3.163000000000000000e+03,-5.329000000000000000e+03,-8.790000000000000000e+02,-1.437500000000000000e+04,9.250000000000000000e+02,-2.145000000000000000e+03
4.802000000000000000e+03,-1.032500000000000000e+04,-1.159200000000000000e+04,3.335000000000000000e+03,-4.702000000000000000e+03,3.708000000000000000e+03,-1.224500000000000000e+04,-1.249300000000000000e+04
3.333000000000000000e+03,-1.123400000000000000e+04,-1.841000000000000000e+03,5.958000000000000000e+03,-1.040600000000000000e+04,8.750000000000000000e+03,-1.359700000000000000e+04,-1.478000000000000000e+04
-4.078000000000000000e+03,7.291000000000000000e+03,-9.029000000000000000e+03,-3.596000000000000000e+03,-1.179100000000000000e+04,-9.580000000000000000e+02,-9.217000000000000000e+03,-1.712100000000000000e+04
-5.889000000000000000e+03,-1.675000000000000000e+03,-4.980000000000000000e+03,-7.107000000000000000e+03,-8.763000000000000000e+03,-1.502900000000000000e+04,8.382000000000000000e+03,-5.586000000000000000e+03
5.702000000000000000e+03,-7.919000000000000000e+03,-8.296000000000000000e+03,-1.433000000000000000e+03,-3.221000000000000000e+03,-1.993000000000000000e+03,-9.223000000000000000e+03,-1.974600000000000000e+04
1.360000000000000000e+02,6.297000000000000000e+03,-6.736000000000000000e+03,8.650000000000000000e+02,-7.847000000000000000e+03,-4.427000000000000000e+03,-7.101000000000000000e+03,-1.040000000000000000e+04
-5.777000000000000000e+03,1.589400000000000000e+04,-1.061300000000000000e+04,-6.553000000000000000e+03,-8.207000000000000000e+03,-1.009800000000000000e+04,-4.418000000000000000e+03,-1.267100000000000000e+04
-6.955000000000000000e+03,-1.290800000000000000e+04,3.791000000000000000e+03,-8.447000000000000000e+03,-4.524000000000000000e+03,-1.593200000000000000e+04,-4.419000000000000000e+03,4.738000000000000000e+03
-4.292000000000000000e+03,-6.446000000000000000e+03,-7.031000000000000000e+03,-7.711000000000000000e+03,-4.280000000000000000e+03,-2.450000000000000000e+02,-1.919000000000000000e+03,-3.268000000000000000e+03
-1.010100000000000000e+04,-5.601000000000000000e+03,-7.281000000000000000e+03,-6.624000000000000000e+03,-8.369000000000000000e+03,-6.574000000000000000e+03,1.072200000000000000e+04,-4.140000000000000000e+03
-3.546000000000000000e+03,-4.454000000000000000e+03,-4.976000000000000000e+03,3.867000000000000000e+03,-9.386000000000000000e+03,6.551000000000000000e+03,-3.727000000000000000e+03,-9.398000000000000000e+03
-2.416000000000000000e+03,-1.242300000000000000e+04,-7.700000000000000000e+03,-5.128000000000000000e+03,1.303400000000000000e+04,-6.847000000000000000e+03,-8.494000000000000000e+03,-6.178000000000000000e+03
-5.615000000000000000e+03,-8.394000000000000000e+03,-5.046000000000000000e+03,-8.311000000000000000e+03,-4.756000000000000000e+03,-8.809000000000000000e+03,1.319300000000000000e+04,-6.361000000000000000e+03
-2.243000000000000000e+03,-8.974000000000000000e+03,-5.478000000000000000e+03,1.276000000000000000e+03,4.272000000000000000e+03,-2.643000000000000000e+03,-8.025000000000000000e+03,-1.498900000000000000e+04
-5.899000000000000000e+03,-7.297000000000000000e+03,8.111000000000000000e+03,-2.327000000000000000e+03,-5.947000000000000000e+03,-1.298800000000000000e+04,-3.256000000000000000e+03,-7.663000000000000000e+03
9.534000000000000000e+03,-9.972000000000000000e+03,-3.369000000000000000e+03,5.875000000000000000e+03,-4.079000000000000000e+03,-6.486000000000000000e+03,-8.860000000000000000e+03,-1.383900000000000000e+04
1.531000000000000000e+03,-7.042000000000000000e+03,-7.102000000000000000e+03,1.648000000000000000e+03,-9.299000000000000000e+03,7.366000000000000000e+03,-7.802000000000000000e+03,-8.229000000000000000e+03
1.498000000000000000e+03,-4.815000000000000000e+03,-7.394000000000000000e+03,-6.192000000000000000e+03,-4.347000000000000000e+03,-3.520000000000000000e+02,2.900000000000000000e+01,-1.319400000000000000e+04
2.480000000000000000e+03,-2.060000000000000000e+03,-6.049000000000000000e+03,7.460000000000000000e+02,-8.791000000000000000e+03,-2.381000000000000000e+03,-6.103000000000000000e+03,-1.681400000000000000e+04
2.318000000000000000e+03,-6.761000000000000000e+03,-5.553000000000000000e+03,7.640000000000000000e+02,-2.303000000000000000e+03,-2.967000000000000000e+03,-5.642000000000000000e+03,-8.953000000000000000e+03
-6.366000000000000000e+03,1.336100000000000000e+04,-9.861000000000000000e+03,-8.770000000000000000e+02,-1.570000000000000000e+04,-7.053000000000000000e+03,-9.740000000000000000e+03,-1.155900000000000000e+04
-5.624000000000000000e+03,-5.695000000000000000e+03,-9.951000000000000000e+03,-7.231000000000000000e+03,-8.134000000000000000e+03,-7.395000000000000000e+03,1.505100000000000000e+04,-8.550000000000000000e+03
-2.695000000000000000e+03,-7.573000000000000000e+03,-9.091000000000000000e+03,5.408000000000000000e+03,-2.837000000000000000e+03,3.320000000000000000e+02,-4.780000000000000000e+03,-8.734000000000000000e+03
2.990000000000000000e+02,-4.652000000000000000e+03,-1.028800000000000000e+04,-1.110000000000000000e+02,-8.889000000000000000e+03,-3.556000000000000000e+03,-8.271000000000000000e+03,-1.911800000000000000e+04
-8.568000000000000000e+03,-7.540000000000000000e+03,-4.207000000000000000e+03,-1.108900000000000000e+04,-6.407000000000000000e+03,-1.383500000000000000e+04,-6.237000000000000000e+03,1.020800000000000000e+04
-2.718000000000000000e+03,-6.257000000000000000e+03,-7.565000000000000000e+03,1.650000000000000000e+02,-2.500000000000000000e+01,-1.159000000000000000e+03,-7.393000000000000000e+03,-6.683000000000000000e+03
-3.900000000000000000e+03,-5.114000000000000000e+03,-1.190400000000000000e+04,1.170000000000000000e+02,-9.512000000000000000e+03,3.950000000000000000e+02,-7.860000000000000000e+03,-1.043300000000000000e+04
-9.846000000000000000e+03,1.719800000000000000e+04,-7.603000000000000000e+03,-3.860000000000000000e+02,-1.277100000000000000e+04,-6.604000000000000000e+03,-8.121000000000000000e+03,-1.304400000000000000e+04
5.181000000000000000e+03,-8.247000000000000000e+03,-6.488000000000000000e+03,1.300000000000000000e+03,-4.532000000000000000e+03,1.624000000000000000e+03,-7.132000000000000000e+03,-1.526400000000000000e+04
-5.931000000000000000e+03,-1.160400000000000000e+04,1.196000000000000000e+04,-6.794000000000000000e+03,4.715000000000000000e+03,-1.143900000000000000e+04,-8.232000000000000000e+03,-5.465000000000000000e+03
-6.719000000000000000e+03,-8.262000000000000000e+03,-5.943000000000000000e+03,-7.094000000000000000e+03,-3.765000000000000000e+03,-1.208900000000000000e+04,1.290400000000000000e+04,-5.729000000000000000e+03
-6.546000000000000000e+03,8.788000000000000000e+03,-1.175300000000000000e+04,-1.139000000000000000e+03,-1.465900000000000000e+04,-2.316000000000000000e+03,-6.031000000000000000e+03,-1.032700000000000000e+04
5.647000000000000000e+03,-7.544000000000000000e+03,-9.777000000000000000e+03,1.465000000000000000e+03,-6.616000000000000000e+03,2.566000000000000000e+03,-1.513000000000000000e+04,-1.565900000000000000e+04
6.812000000000000000e+03,2.363000000000000000e+03,-5.467000000000000000e+03,2.138000000000000000e+03,-8.790000000000000000e+03,-7.080000000000000000e+03,-1.183300000000000000e+04,-1.930800000000000000e+04
-2.537000000000000000e+03,-9.389000000000000000e+03,-5.076000000000000000e+03,-2.731000000000000000e+03,-8.720000000000000000e+02,-1.209700000000000000e+04,4.007000000000000000e+03,-5.558000000000000000e+03
-5.364000000000000000e+03,-6.513000000000000000e+03,-7.495000000000000000e+03,-9.130000000000000000e+02,-5.914000000000000000e+03,-9.997000000000000000e+03,8.226000000000000000e+03,-4.620000000000000000e+03
-1.365400000000000000e+04,-4.203000000000000000e+03,-9.433000000000000000e+03,-6.758000000000000000e+03,-1.247000000000000000e+04,-4.943000000000000000e+03,9.825000000000000000e+03,-5.020000000000000000e+03
-6.465000000000000000e+03,-1.114900000000000000e+04,9.903000000000000000e+03,-6.874000000000000000e+03,2.324000000000000000e+03,-1.483500000000000000e+04,-7.206000000000000000e+03,-3.326000000000000000e+03
1.052700000000000000e+04,-7.904000000000000000e+03,-1.173200000000000000e+04,-7.020000000000000000e+02,1.591000000000000000e+03,-4.665000000000000000e+03,-6.698000000000000000e+03,-1.448500000000000000e+04
-5.771000000000000000e+03,-4.340000000000000000e+03,-5.093000000000000000e+03,-4.482000000000000000e+03,-5.262000000000000000e+03,-7.836000000000000000e+03,8.337000000000000000e+03,-1.130500000000000000e+04
-8.606000000000000000e+03,-8.742000000000000000e+03,-4.672000000000000000e+03,-7.306000000000000000e+03,-5.757000000000000000e+03,-1.331800000000000000e+04,-1.238900000000000000e+04,1.040900000000000000e+04
1.079300000000000000e+04,-9.790000000000000000e+03,-7.162000000000000000e+03,3.412000000000000000e+03,-2.710000000000000000e+03,-4.121000000000000000e+03,-9.995000000000000000e+03,-1.665500000000000000e+04
-4.260000000000000000e+03,-5.080000000000000000e+03,-4.085000000000000000e+03,-2.427000000000000000e+03,-9.579000000000000000e+03,-9.570000000000000000e+03,1.175000000000000000e+04,-7.686000000000000000e+03
-8.765000000000000000e+03,5.820000000000000000e+02,-5.373000000000000000e+03,4.287000000000000000e+03,-9.938000000000000000e+03,-6.790000000000000000e+02,-8.140000000000000000e+03,-1.118500000000000000e+04
-1.034000000000000000e+04,-1.130800000000000000e+04,-4.138000000000000000e+03,-9.496000000000000000e+03,-9.706000000000000000e+03,-1.662300000000000000e+04,-1.166800000000000000e+04,1.090400000000000000e+04
3.634000000000000000e+03,-4.577000000000000000e+03,-8.313000000000000000e+03,-2.977000000000000000e+03,-7.246000000000000000e+03,-3.567000000000000000e+03,-5.000000000000000000e+02,-1.633100000000000000e+04
8.078000000000000000e+03,-7.121000000000000000e+03,-8.293000000000000000e+03,2.286000000000000000e+03,-2.966000000000000000e+03,-3.724000000000000000e+03,-9.596000000000000000e+03,-1.598600000000000000e+04
-8.143000000000000000e+03,1.631300000000000000e+04,-1.279200000000000000e+04,-4.070000000000000000e+03,-1.332000000000000000e+04,-4.283000000000000000e+03,-4.605000000000000000e+03,-1.259600000000000000e+04
-3.003000000000000000e+03,-8.654000000000000000e+03,-6.059000000000000000e+03,-3.039000000000000000e+03,3.865000000000000000e+03,-4.668000000000000000e+03,-4.303000000000000000e+03,-9.984000000000000000e+03
-3.907000000000000000e+03,-4.101000000000000000e+03,-3.403000000000000000e+03,5.234000000000000000e+03,-1.193400000000000000e+04,-6.436000000000000000e+03,2.020000000000000000e+03,-1.236900000000000000e+04
-1.199800000000000000e+04,-7.188000000000000000e+03,-8.101000000000000000e+03,-1.094400000000000000e+04,-8.788000000000000000e+03,-1.452300000000000000e+04,-9.598000000000000000e+03,1.267500000000000000e+04
1.425000000000000000e+03,-8.470000000000000000e+03,-6.285000000000000000e+03,4.010000000000000000e+03,-4.619000000000000000e+03,-8.581000000000000000e+03,-2.607000000000000000e+03,-1.491200000000000000e+04
-5.897000000000000000e+03,-3.829000000000000000e+03,-5.670000000000000000e+03,4.254000000000000000e+03,-1.224900000000000000e+04,3.495000000000000000e+03,-9.208000000000000000e+03,-1.283600000000000000e+04
-4.026000000000000000e+03,-6.206000000000000000e+03,-6.247000000000000000e+03,-7.023000000000000000e+03,-1.020400000000000000e+04,-7.187000000000000000e+03,3.547000000000000000e+03,-4.019000000000000000e+03
-9.653000000000000000e+03,-7.730000000000000000e+03,-8.080000000000000000e+03,-3.420000000000000000e+02,-7.849000000000000000e+03,-9.437000000000000000e+03,1.589800000000000000e+04,-4.878000000000000000e+03
-5.024000000000000000e+03,-4.183000000000000000e+03,-9.145000000000000000e+03,-4.378000000000000000e+03,-8.132000000000000000e+03,-9.101000000000000000e+03,9.437000000000000000e+03,-4.729000000000000000e+03
-8.413000000000000000e+03,-1.343500000000000000e+04,-1.279000000000000000e+03,-6.870000000000000000e+03,-5.912000000000000000e+03,-1.276600000000000000e+04,4.120000000000000000e+02,3.987000000000000000e+03
6.189000000000000000e+03,-8.568000000000000000e+03,-1.200700000000000000e+04,1.809000000000000000e+03,5.269000000000000000e+03,-6.292000000000000000e+03,-1.188700000000000000e+04,-1.377700000000000000e+04
-6.916000000000000000e+03,-1.046500000000000000e+04,-1.687000000000000000e+03,-5.191000000000000000e+03,7.887000000000000000e+03,-1.443500000000000000e+04,-7.205000000000000000e+03,1.801000000000000000e+03
-9.505000000000000000e+03,-8.500000000000000000e+03,-5.150000000000000000e+03,-1.191500000000000000e+04,-7.185000000000000000e+03,-1.063300000000000000e+04,-1.094700000000000000e+04,1.256800000000000000e+04
-9.751000000000000000e+03,5.467000000000000000e+03,-6.744000000000000000e+03,1.308000000000000000e+03,-1.457900000000000000e+04,-5.761000000000000000e+03,-2.455000000000000000e+03,-1.523400000000000000e+04
-8.896000000000000000e+03,1.224900000000000000e+04,-6.581000000000000000e+03,-5.760000000000000000e+02,-7.824000000000000000e+03,-1.238100000000000000e+04,-3.712000000000000000e+03,-1.007900000000000000e+04
1.177200000000000000e+04,-1.022500000000000000e+04,-4.288000000000000000e+03,-3.220000000000000000e+03,-7.595000000000000000e+03,-2.400000000000000000e+02,-8.944000000000000000e+03,-1.977700000000000000e+04
-3.327000000000000000e+03,-9.206000000000000000e+03,-8.090000000000000000e+03,7.999000000000000000e+03,-3.159000000000000000e+03,-6.076000000000000000e+03,-3.268000000000000000e+03,-9.446000000000000000e+03
-3.877000000000000000e+03,-5.327000000000000000e+03,-5.200000000000000000e+03,7.102000000000000000e+03,-5.786000000000000000e+03,-1.727000000000000000e+03,-1.166000000000000000e+04,-1.424600000000000000e+04
-1.231800000000000000e+04,-4.888000000000000000e+03,-7.606000000000000000e+03,-2.309000000000000000e+03,-1.098100000000000000e+04,-8.066000000000000000e+03,1.590600000000000000e+04,-6.462000000000000000e+03
1.334000000000000000e+03,-4.255000000000000000e+03,-1.405900000000000000e+04,-1.170000000000000000e+02,-1.009800000000000000e+04,7.699000000000000000e+03,-1.342600000000000000e+04,-1.238100000000000000e+04
-5.914000000000000000e+03,-6.493000000000000000e+03,-1.636000000000000000e+03,-5.335000000000000000e+03,-7.772000000000000000e+03,-8.262000000000000000e+03,7.938000000000000000e+03,-2.095000000000000000e+03
-1.028000000000000000e+03,-5.259000000000000000e+03,-8.289000000000000000e+03,2.632000000000000000e+03,-6.775000000000000000e+03,-8.090000000000000000e+02,-7.767000000000000000e+03,-9.232000000000000000e+03
7.701000000000000000e+03,-5.945000000000000000e+03,-5.146000000000000000e+03,4.136000000000000000e+03,-8.730000000000000000e+02,-5.012000000000000000e+03,-9.298000000000000000e+03,-1.291000000000000000e+04
9.050000000000000000e+03,-1.123100000000000000e+04,-4.126000000000000000e+03,-2.047000000000000000e+03,4.223000000000000000e+03,-3.595000000000000000e+03,-8.755000000000000000e+03,-1.783000000000000000e+04
-7.817000000000000000e+03,-1.176700000000000000e+04,-3.754000000000000000e+03,-7.901000000000000000e+03,1.088300000000000000e+04,-1.359300000000000000e+04,-1.022300000000000000e+04,1.178000000000000000e+03
-7.660000000000000000e+02,-6.940000000000000000e+03,-1.029700000000000000e+04,3.323000000000000000e+03,-1.089500000000000000e+04,4.152000000000000000e+03,-1.201500000000000000e+04,-1.768000000000000000e+04
-2.170000000000000000e+03,-3.004000000000000000e+03,-5.775000000000000000e+03,-1.315000000000000000e+03,-6.749000000000000000e+03,4.467000000000000000e+03,-2.747000000000000000e+03,-4.028000000000000000e+03
-3.507000000000000000e+03,-9.836000000000000000e+03,4.570000000000000000e+02,-3.041000000000000000e+03,5.974000000000000000e+03,-1.278000000000000000e+04,-1.004800000000000000e+04,-5.964000000000000000e+03
-9.625000000000000000e+03,-9.216000000000000000e+03,-2.911000000000000000e+03,-8.501000000000000000e+03,-8.138000000000000000e+03,-1.010000000000000000e+04,-8.233000000000000000e+03,8.999000000000000000e+03
4.043000000000000000e+03,1.006000000000000000e+03,-6.584000000000000000e+03,7.220000000000000000e+02,-1.558000000000000000e+03,-4.183000000000000000e+03,-1.123800000000000000e+04,-1.394900000000000000e+04
7.400000000000000000e+03,-8.206000000000000000e+03,-9.899000000000000000e+03,1.936000000000000000e+03,-6.095000000000000000e+03,-4.200000000000000000e+01,-1.464200000000000000e+04,-1.686700000000000000e+04
3.192000000000000000e+03,-7.796000000000000000e+03,-9.899000000000000000e+03,5.627000000000000000e+03,-3.602000000000000000e+03,1.024000000000000000e+03,-1.249100000000000000e+04,-1.803300000000000000e+04
-1.707000000000000000e+03,-3.779000000000000000e+03,-9.126000000000000000e+03,2.507000000000000000e+03,-6.114000000000000000e+03,-1.998000000000000000e+03,-7.145000000000000000e+03,-1.451600000000000000e+04
-9.000000000000000000e+00,-9.383000000000000000e+03,-1.337300000000000000e+04,6.906000000000000000e+03,-1.131400000000000000e+04,2.219000000000000000e+03,-9.377000000000000000e+03,-1.351300000000000000e+04
1.109000000000000000e+03,-3.878000000000000000e+03,-1.238700000000000000e+04,-9.710000000000000000e+02,-3.375000000000000000e+03,2.399000000000000000e+03,-4.817000000000000000e+03,-1.295600000000000000e+04
-8.230000000000000000e+02,-6.942000000000000000e+03,-9.238000000000000000e+03,4.634000000000000000e+03,-1.161500000000000000e+04,2.054000000000000000e+03,-1.489800000000000000e+04,-1.816800000000000000e+04
-7.390000000000000000e+03,-7.863000000000000000e+03,3.475000000000000000e+03,-8.064000000000000000e+03,1.592000000000000000e+03,-9.220000000000000000e+03,-2.709000000000000000e+03,1.247000000000000000e+03
-1.114800000000000000e+04,-9.068000000000000000e+03,-2.621000000000000000e+03,-9.644000000000000000e+03,-4.752000000000000000e+03,-1.695500000000000000e+04,-2.458000000000000000e+03,6.894000000000000000e+03
-2.587000000000000000e+03,-1.112000000000000000e+04,2.200000000000000000e+03,-1.735000000000000000e+03,4.163000000000000000e+03,-1.040700000000000000e+04,-8.620000000000000000e+03,-9.115000000000000000e+03
-4.835000000000000000e+03,-1.100300000000000000e+04,-3.426000000000000000e+03,-5.308000000000000000e+03,2.017000000000000000e+03,-1.032900000000000000e+04,7.090000000000000000e+02,-3.351000000000000000e+03
5.277000000000000000e+03,7.415000000000000000e+03,-8.441000000000000000e+03,-1.849000000000000000e+03,-9.331000000000000000e+03,-9.001000000000000000e+03,-7.229000000000000000e+03,-1.626300000000000000e+04
-2.577000000000000000e+03,-3.232000000000000000e+03,-8.858000000000000000e+03,4.405000000000000000e+03,-1.068400000000000000e+04,4.272000000000000000e+03,-9.391000000000000000e+03,-8.145000000000000000e+03
-4.010000000000000000e+02,-9.483000000000000000e+03,-1.169700000000000000e+04,-1.407000000000000000e+03,5.323000000000000000e+03,-6.429000000000000000e+03,-5.559000000000000000e+03,-9.866000000000000000e+03
1.026600000000000000e+04,-8.522000000000000000e+03,-1.109700000000000000e+04,1.773000000000000000e+03,-1.651000000000000000e+03,-4.649000000000000000e+03,-8.992000000000000000e+03,-1.706100000000000000e+04
-4.633000000000000000e+03,2.437000000000000000e+03,-9.229000000000000000e+03,-3.464000000000000000e+03,-9.567000000000000000e+03,-3.391000000000000000e+03,-6.350000000000000000e+02,-1.365900000000000000e+04
-1.487300000000000000e+04,-4.801000000000000000e+03,-2.822000000000000000e+03,-4.826000000000000000e+03,-6.851000000000000000e+03,-9.920000000000000000e+03,1.234100000000000000e+04,-5.595000000000000000e+03
-4.706000000000000000e+03,8.385000000000000000e+03,-7.888000000000000000e+03,-2.855000000000000000e+03,-1.357300000000000000e+04,-9.573000000000000000e+03,-1.560000000000000000e+03,-1.408500000000000000e+04
-2.059000000000000000e+03,-9.546000000000000000e+03,-7.635000000000000000e+03,-6.200000000000000000e+02,5.611000000000000000e+03,-9.991000000000000000e+03,-8.551000000000000000e+03,-1.165400000000000000e+04
-3.724000000000000000e+03,-6.332000000000000000e+03,-5.948000000000000000e+03,-3.894000000000000000e+03,-4.586000000000000000e+03,2.265000000000000000e+03,-4.003000000000000000e+03,-8.796000000000000000e+03
-6.055000000000000000e+03,-7.819000000000000000e+03,-5.382000000000000000e+03,-6.431000000000000000e+03,-4.603000000000000000e+03,-1.481500000000000000e+04,8.358000000000000000e+03,-7.784000000000000000e+03
-8.327000000000000000e+03,8.798000000000000000e+03,-1.262500000000000000e+04,-5.647000000000000000e+03,-1.057700000000000000e+04,-3.128000000000000000e+03,-4.689000000000000000e+03,-1.084200000000000000e+04
-8.996000000000000000e+03,-1.142800000000000000e+04,-3.336000000000000000e+03,-9.067000000000000000e+03,-5.852000000000000000e+03,-1.844200000000000000e+04,-5.106000000000000000e+03,1.178900000000000000e+04
-5.769000000000000000e+03,-1.109300000000000000e+04,8.841000000000000000e+03,-1.021500000000000000e+04,2.797000000000000000e+03,-1.119800000000000000e+04,-8.143000000000000000e+03,-2.999000000000000000e+03
1.526000000000000000e+03,-6.404000000000000000e+03,-9.771000000000000000e+03,-2.040000000000000000e+03,-5.515000000000000000e+03,4.910000000000000000e+03,-8.209000000000000000e+03,-1.723400000000000000e+04
-1.097000000000000000e+04,-2.179000000000000000e+03,-5.645000000000000000e+03,-5.250000000000000000e+03,-6.497000000000000000e+03,-8.480000000000000000e+03,1.594900000000000000e+04,-6.068000000000000000e+03
-5.811000000000000000e+03,-4.893000000000000000e+03,-7.040000000000000000e+03,-5.011000000000000000e+03,-6.434000000000000000e+03,-5.342000000000000000e+03,6.291000000000000000e+03,-5.708000000000000000e+03
-6.226000000000000000e+03,-1.280800000000000000e+04,5.809000000000000000e+03,-1.113400000000000000e+04,-5.583000000000000000e+03,-1.468400000000000000e+04,-7.304000000000000000e+03,5.867000000000000000e+03
-1.041200000000000000e+04,-8.686000000000000000e+03,-7.751000000000000000e+03,-9.108000000000000000e+03,-9.897000000000000000e+03,-1.152100000000000000e+04,-7.650000000000000000e+03,1.212300000000000000e+04
-1.016800000000000000e+04,-5.452000000000000000e+03,-7.297000000000000000e+03,-1.067500000000000000e+04,-9.589000000000000000e+03,-1.501000000000000000e+04,-8.717000000000000000e+03,1.036500000000000000e+04
-4.772000000000000000e+03,-5.100000000000000000e+03,-9.462000000000000000e+03,-1.932000000000000000e+03,-4.334000000000000000e+03,1.280000000000000000e+04,-1.001100000000000000e+04,-1.495100000000000000e+04
-7.968000000000000000e+03,1.225800000000000000e+04,-8.260000000000000000e+03,-3.130000000000000000e+02,-7.200000000000000000e+03,-9.317000000000000000e+03,-5.663000000000000000e+03,-9.147000000000000000e+03
2.990000000000000000e+02,-6.845000000000000000e+03,-5.941000000000000000e+03,4.676000000000000000e+03,-4.658000000000000000e+03,-2.143000000000000000e+03,-9.119000000000000000e+03,-8.369000000000000000e+03
1.740000000000000000e+03,-5.271000000000000000e+03,-9.194000000000000000e+03,2.411000000000000000e+03,-1.080600000000000000e+04,6.793000000000000000e+03,-7.104000000000000000e+03,-1.055300000000000000e+04
-6.339000000000000000e+03,-1.081000000000000000e+04,-4.743000000000000000e+03,-4.206000000000000000e+03,-2.707000000000000000e+03,-1.054600000000000000e+04,-3.637000000000000000e+03,3.328000000000000000e+03
-3.561000000000000000e+03,-1.000900000000000000e+04,-2.000000000000000000e+01,-5.488000000000000000e+03,4.400000000000000000e+01,-1.277700000000000000e+04,9.510000000000000000e+02,-3.049000000000000000e+03
6.030000000000000000e+02,-4.991000000000000000e+03,-1.027600000000000000e+04,2.341000000000000000e+03,-7.761000000000000000e+03,-2.638000000000000000e+03,-8.552000000000000000e+03,-1.837500000000000000e+04
-5.281000000000000000e+03,-4.964000000000000000e+03,-6.390000000000000000e+03,6.530000000000000000e+02,-1.139600000000000000e+04,-9.883000000000000000e+03,1.153200000000000000e+04,-6.881000000000000000e+03
1.454000000000000000e+03,-5.882000000000000000e+03,-1.091600000000000000e+04,-1.790000000000000000e+02,-6.982000000000000000e+03,3.278000000000000000e+03,-1.192900000000000000e+04,-2.021600000000000000e+04
-3.372000000000000000e+03,-8.054000000000000000e+03,-2.054000000000000000e+03,-6.691000000000000000e+03,-6.489000000000000000e+03,-9.291000000000000000e+03,6.060000000000000000e+03,-8.443000000000000000e+03
-1.554000000000000000e+03,-2.578000000000000000e+03,-9.994000000000000000e+03,2.651000000000000000e+03,-8.054000000000000000e+03,8.680000000000000000e+02,-9.373000000000000000e+03,-1.628500000000000000e+04
2.644000000000000000e+03,-8.960000000000000000e+03,-3.204000000000000000e+03,1.386000000000000000e+03,2.258000000000000000e+03,-1.225000000000000000e+03,-1.376700000000000000e+04,-1.984900000000000000e+04
1.780000000000000000e+02,-1.246700000000000000e+04,1.895000000000000000e+03,-4.788000000000000000e+03,3.461000000000000000e+03,-8.913000000000000000e+03,-3.354000000000000000e+03,-1.104700000000000000e+04
-3.270000000000000000e+02,-9.447000000000000000e+03,-2.158000000000000000e+03,3.907000000000000000e+03,1.189000000000000000e+03,-1.617000000000000000e+03,-5.356000000000000000e+03,-1.139700000000000000e+04
1.788000000000000000e+03,-1.152100000000000000e+04,-5.479000000000000000e+03,-2.357000000000000000e+03,6.984000000000000000e+03,-6.497000000000000000e+03,-4.605000000000000000e+03,-8.063000000000000000e+03
-5.306000000000000000e+03,-8.669000000000000000e+03,-3.465000000000000000e+03,6.404000000000000000e+03,-1.569000000000000000e+03,-5.429000000000000000e+03,-2.892000000000000000e+03,-4.858000000000000000e+03
-2.501000000000000000e+03,-1.068100000000000000e+04,-9.311000000000000000e+03,-3.886000000000000000e+03,1.045800000000000000e+04,-7.879000000000000000e+03,-4.896000000000000000e+03,-7.417000000000000000e+03
-1.157400000000000000e+04,-1.103900000000000000e+04,-2.477000000000000000e+03,-9.465000000000000000e+03,-7.937000000000000000e+03,-1.526800000000000000e+04,-8.389000000000000000e+03,1.056700000000000000e+04
3.211000000000000000e+03,-4.382000000000000000e+03,-5.460000000000000000e+03,5.440000000000000000e+03,-1.375900000000000000e+04,3.138000000000000000e+03,-1.131500000000000000e+04,-1.722900000000000000e+04
-1.111300000000000000e+04,-6.250000000000000000e+02,-6.297000000000000000e+03,-8.830000000000000000e+03,-1.220900000000000000e+04,-1.080600000000000000e+04,1.168200000000000000e+04,-7.260000000000000000e+03
-9.750000000000000000e+03,-9.706000000000000000e+03,-3.499000000000000000e+03,3.881000000000000000e+03,-2.557000000000000000e+03,-1.069200000000000000e+04,4.703000000000000000e+03,-5.831000000000000000e+03
4.803000000000000000e+03,-9.344000000000000000e+03,-8.869000000000000000e+03,1.530000000000000000e+03,-1.818000000000000000e+03,-4.796000000000000000e+03,5.780000000000000000e+02,-9.864000000000000000e+03
-8.305000000000000000e+03,-1.103700000000000000e+04,-5.154000000000000000e+03,-9.812000000000000000e+03,-8.905000000000000000e+03,-1.458100000000000000e+04,-1.056200000000000000e+04,1.111400000000000000e+04
-4.110000000000000000e+03,-7.460000000000000000e+03,-3.094000000000000000e+03,-2.203000000000000000e+03,-3.310000000000000000e+03,-1.016400000000000000e+04,1.489000000000000000e+03,-8.170000000000000000e+03
-6.772000000000000000e+03,9.605000000000000000e+03,-7.423000000000000000e+03,-9.866000000000000000e+03,-5.769000000000000000e+03,-4.394000000000000000e+03,-6.066000000000000000e+03,-9.179000000000000000e+03
-7.932000000000000000e+03,6.272000000000000000e+03,-1.228200000000000000e+04,-7.115000000000000000e+03,-1.490600000000000000e+04,-3.527000000000000000e+03,-3.904000000000000000e+03,-1.319600000000000000e+04
-3.323000000000000000e+03,-8.380000000000000000e+03,-4.802000000000000000e+03,-1.171500000000000000e+04,-7.451000000000000000e+03,-1.004400000000000000e+04,9.477000000000000000e+03,-4.159000000000000000e+03
1.058000000000000000e+03,-9.983000000000000000e+03,-7.533000000000000000e+03,-3.746000000000000000e+03,8.999000000000000000e+03,-7.009000000000000000e+03,-1.312600000000000000e+04,-1.304100000000000000e+04
-8.030000000000000000e+03,-3.481000000000000000e+03,-7.115000000000000000e+03,-4.384000000000000000e+03,-7.659000000000000000e+03,-7.715000000000000000e+03,8.977000000000000000e+03,-3.712000000000000000e+03
6.500000000000000000e+02,-2.588000000000000000e+03,-1.204200000000000000e+04,-2.201000000000000000e+03,-7.945000000000000000e+03,8.959000000000000000e+03,-8.271000000000000000e+03,-1.004500000000000000e+04
-4.697000000000000000e+03,-6.577000000000000000e+03,-1.107400000000000000e+04,6.427000000000000000e+03,-1.330500000000000000e+04,4.515000000000000000e+03,-8.093000000000000000e+03,-1.345200000000000000e+04
-4.139000000000000000e+03,-6.265000000000000000e+03,-3.143000000000000000e+03,-3.246000000000000000e+03,-7.110000000000000000e+02,-1.192200000000000000e+04,-5.190000000000000000e+02,-6.898000000000000000e+03
-5.766000000000000000e+03,1.620400000000000000e+04,-9.771000000000000000e+03,-6.578000000000000000e+03,-1.002200000000000000e+04,-7.869000000000000000e+03,-3.937000000000000000e+03,-1.425000000000000000e+04
1.966000000000000000e+03,-9.879000000000000000e+03,-3.424000000000000000e+03,5.226000000000000000e+03,-3.468000000000000000e+03,-1.415000000000000000e+03,-7.337000000000000000e+03,-1.168600000000000000e+04
-2.316000000000000000e+03,-6.937000000000000000e+03,-8.780000000000000000e+03,7.430000000000000000e+02,-4.842000000000000000e+03,5.288000000000000000e+03,-6.266000000000000000e+03,-8.325000000000000000e+03
5.812000000000000000e+03,-8.967000000000000000e+03,-4.299000000000000000e+03,5.711000000000000000e+03,-2.719000000000000000e+03,-6.623000000000000000e+03,-5.442000000000000000e+03,-1.020200000000000000e+04
6.243000000000000000e+03,-1.070900000000000000e+04,-2.668000000000000000e+03,-1.891000000000000000e+03,2.341000000000000000e+03,-9.486000000000000000e+03,-7.135000000000000000e+03,-1.429300000000000000e+04
9.130000000000000000e+02,3.867000000000000000e+03,-4.252000000000000000e+03,-2.562000000000000000e+03,-6.360000000000000000e+03,-7.621000000000000000e+03,-2.345000000000000000e+03,-1.443500000000000000e+04
-1.085100000000000000e+04,-1.065500000000000000e+04,-3.571000000000000000e+03,-8.463000000000000000e+03,-1.048200000000000000e+04,-1.412700000000000000e+04,-1.049600000000000000e+04,1.263000000000000000e+04
-6.527000000000000000e+03,-1.089400000000000000e+04,-1.180000000000000000e+03,-4.456000000000000000e+03,1.122000000000000000e+03,-1.152200000000000000e+04,-1.103000000000000000e+03,-3.005000000000000000e+03
-1.089700000000000000e+04,-8.687000000000000000e+03,-4.877000000000000000e+03,-8.425000000000000000e+03,-1.233000000000000000e+03,-1.409800000000000000e+04,-6.010000000000000000e+03,7.036000000000000000e+03
-1.852000000000000000e+03,-2.940000000000000000e+02,-5.478000000000000000e+03,-3.120000000000000000e+02,-1.083200000000000000e+04,-7.392000000000000000e+03,-6.660000000000000000e+02,-1.362100000000000000e+04
-2.870000000000000000e+03,1.373000000000000000e+04,-5.609000000000000000e+03,-7.166000000000000000e+03,-7.580000000000000000e+03,-1.006200000000000000e+04,-3.883000000000000000e+03,-1.383600000000000000e+04
-6.601000000000000000e+03,-7.325000000000000000e+03,-2.741000000000000000e+03,-5.548000000000000000e+03,-4.299000000000000000e+03,-1.041300000000000000e+04,9.622000000000000000e+03,-7.699000000000000000e+03
-8.599000000000000000e+03,2.596000000000000000e+03,-8.039000000000000000e+03,1.397000000000000000e+03,-1.068500000000000000e+04,-7.615000000000000000e+03,2.700000000000000000e+01,-1.260100000000000000e+04
-6.800000000000000000e+01,-7.571000000000000000e+03,-7.480000000000000000e+03,4.405000000000000000e+03,-1.093600000000000000e+04,6.492000000000000000e+03,-1.648600000000000000e+04,-1.829900000000000000e+04
-5.535000000000000000e+03,1.756000000000000000e+03,-1.164100000000000000e+04,3.781000000000000000e+03,-8.928000000000000000e+03,-2.310000000000000000e+03,-7.638000000000000000e+03,-5.661000000000000000e+03
-7.340000000000000000e+03,-8.457000000000000000e+03,-2.811000000000000000e+03,-1.155400000000000000e+04,-1.065400000000000000e+04,-6.202000000000000000e+03,-1.003300000000000000e+04,9.527000000000000000e+03
1.181000000000000000e+03,-7.432000000000000000e+03,-8.676000000000000000e+03,6.530000000000000000e+03,-8.761000000000000000e+03,2.213000000000000000e+03,-1.502900000000000000e+04,-1.855000000000000000e+04
-7.830000000000000000e+03,-6.337000000000000000e+03,-7.632000000000000000e+03,2.819000000000000000e+03,-1.764000000000000000e+03,-3.541000000000000000e+03,-7.790000000000000000e+02,-1.188000000000000000e+04
-8.311000000000000000e+03,-7.309000000000000000e+03,-3.830000000000000000e+02,-2.334000000000000000e+03,-3.812000000000000000e+03,-1.185400000000000000e+04,6.941000000000000000e+03,-5.465000000000000000e+03
3.832000000000000000e+03,-6.557000000000000000e+03,-1.121700000000000000e+04,1.716000000000000000e+03,-7.260000000000000000e+03,2.359000000000000000e+03,-6.309000000000000000e+03,-1.261000000000000000e+04
-8.626000000000000000e+03,-4.410000000000000000e+03,-6.433000000000000000e+03,-4.579000000000000000e+03,-7.171000000000000000e+03,-1.277500000000000000e+04,1.271800000000000000e+04,-5.012000000000000000e+03
-4.724000000000000000e+03,-9.600000000000000000e+03,-4.902000000000000000e+03,-8.284000000000000000e+03,-4.478000000000000000e+03,-1.012900000000000000e+04,1.265900000000000000e+04,-3.755000000000000000e+03
-9.041000000000000000e+03,1.899500000000000000e+04,-1.075400000000000000e+04,-5.026000000000000000e+03,-1.302400000000000000e+04,-1.004900000000000000e+04,-5.173000000000000000e+03,-1.115200000000000000e+04
-1.044200000000000000e+04,-6.555000000000000000e+03,-5.372000000000000000e+03,-8.055000000000000000e+03,-6.755000000000000000e+03,-6.292000000000000000e+03,2.293000000000000000e+03,-2.072000000000000000e+03
-2.700000000000000000e+02,-8.069000000000000000e+03,-5.660000000000000000e+03,2.609000000000000000e+03,-1.359000000000000000e+03,-3.625000000000000000e+03,-3.569000000000000000e+03,-6.957000000000000000e+03
6.310000000000000000e+02,-5.446000000000000000e+03,-9.236000000000000000e+03,4.288000000000000000e+03,-3.720000000000000000e+03,-8.210000000000000000e+02,-5.470000000000000000e+03,-7.309000000000000000e+03
-7.934000000000000000e+03,-6.033000000000000000e+03,-1.406000000000000000e+03,-7.877000000000000000e+03,-5.989000000000000000e+03,-1.156700000000000000e+04,-7.541000000000000000e+03,6.751000000000000000e+03
-7.625000000000000000e+03,6.000000000000000000e+02,-1.025500000000000000e+04,-6.442000000000000000e+03,-9.133000000000000000e+03,-6.055000000000000000e+03,2.902000000000000000e+03,-6.040000000000000000e+03
-9.700000000000000000e+02,5.274000000000000000e+03,-1.252500000000000000e+04,-1.034000000000000000e+03,-5.201000000000000000e+03,-7.496000000000000000e+03,-7.070000000000000000e+03,-1.655500000000000000e+04
-8.554000000000000000e+03,1.550000000000000000e+02,-7.986000000000000000e+03,2.900000000000000000e+01,-1.420800000000000000e+04,-4.487000000000000000e+03,4.994000000000000000e+03,-1.267700000000000000e+04
-1.098400000000000000e+04,-5.080000000000000000e+03,-7.572000000000000000e+03,-9.161000000000000000e+03,-1.214400000000000000e+04,-9.061000000000000000e+03,1.487200000000000000e+04,-7.701000000000000000e+03
-3.100000000000000000e+01,-5.476000000000000000e+03,-1.137300000000000000e+04,1.569000000000000000e+03,-8.479000000000000000e+03,7.077000000000000000e+03,-1.030400000000000000e+04,-8.854000000000000000e+03
-1.686000000000000000e+03,-6.931000000000000000e+03,-4.826000000000000000e+03,-2.448000000000000000e+03,-1.094000000000000000e+03,-4.807000000000000000e+03,9.300000000000000000e+01,-1.075200000000000000e+04
4.278000000000000000e+03,-5.917000000000000000e+03,-7.088000000000000000e+03,6.136000000000000000e+03,-3.775000000000000000e+03,-1.077000000000000000e+03,-6.890000000000000000e+03,-8.728000000000000000e+03
-9.121000000000000000e+03,-1.155700000000000000e+04,-1.059000000000000000e+03,-1.324100000000000000e+04,-5.337000000000000000e+03,-1.420200000000000000e+04,-7.043000000000000000e+03,1.075200000000000000e+04
-8.263000000000000000e+03,-1.152900000000000000e+04,2.327000000000000000e+03,-8.120000000000000000e+03,-2.497000000000000000e+03,-1.238200000000000000e+04,-1.053500000000000000e+04,3.585000000000000000e+03
-5.816000000000000000e+03,4.123000000000000000e+03,-9.414000000000000000e+03,-1.855000000000000000e+03,-8.949000000000000000e+03,8.810000000000000000e+02,-8.911000000000000000e+03,-6.408000000000000000e+03
-2.128000000000000000e+03,-1.204000000000000000e+03,-1.185200000000000000e+04,3.130000000000000000e+03,-6.608000000000000000e+03,3.208000000000000000e+03,-4.589000000000000000e+03,-4.978000000000000000e+03
4.341000000000000000e+03,-8.457000000000000000e+03,-6.484000000000000000e+03,4.058000000000000000e+03,-2.971000000000000000e+03,-6.201000000000000000e+03,-3.131000000000000000e+03,-1.445100000000000000e+04
-3.707000000000000000e+03,-3.205000000000000000e+03,-7.607000000000000000e+03,6.505000000000000000e+03,-8.161000000000000000e+03,-3.864000000000000000e+03,-9.298000000000000000e+03,-1.555500000000000000e+04
-5.369000000000000000e+03,7.182000000000000000e+03,-9.025000000000000000e+03,-2.494000000000000000e+03,-4.717000000000000000e+03,-7.061000000000000000e+03,-5.999000000000000000e+03,-1.258200000000000000e+04
2.411000000000000000e+03,-1.042900000000000000e+04,-8.594000000000000000e+03,-5.500000000000000000e+03,-4.913000000000000000e+03,3.443000000000000000e+03,-8.179000000000000000e+03,-1.001800000000000000e+04
3.990000000000000000e+02,-7.097000000000000000e+03,-7.301000000000000000e+03,-5.200000000000000000e+01,-1.923000000000000000e+03,-5.413000000000000000e+03,8.330000000000000000e+02,-6.288000000000000000e+03
-4.414000000000000000e+03,1.663000000000000000e+03,-1.072000000000000000e+04,-4.300000000000000000e+01,-8.818000000000000000e+03,8.570000000000000000e+02,-8.546000000000000000e+03,-7.250000000000000000e+03
-2.668000000000000000e+03,-7.715000000000000000e+03,-5.480000000000000000e+03,6.553000000000000000e+03,-9.956000000000000000e+03,1.718000000000000000e+03,-5.309000000000000000e+03,-1.319100000000000000e+04
-6.842000000000000000e+03,9.489000000000000000e+03,-1.209000000000000000e+04,-7.679000000000000000e+03,-1.078100000000000000e+04,-4.275000000000000000e+03,-3.786000000000000000e+03,-1.165600000000000000e+04
-8.779000000000000000e+03,5.244000000000000000e+03,-6.949000000000000000e+03,1.357000000000000000e+03,-6.414000000000000000e+03,-8.078000000000000000e+03,-3.774000000000000000e+03,-8.579000000000000000e+03
-8.431000000000000000e+03,-1.032700000000000000e+04,-6.467000000000000000e+03,-9.886000000000000000e+03,-9.466000000000000000e+03,-1.635000000000000000e+04,-1.001200000000000000e+04,1.067000000000000000e+04
-8.789000000000000000e+03,-5.887000000000000000e+03,-7.142000000000000000e+03,-9.826000000000000000e+03,-7.362000000000000000e+03,-1.237700000000000000e+04,1.527600000000000000e+04,-6.181000000000000000e+03
-1.482000000000000000e+03,-7.457000000000000000e+03,-7.406000000000000000e+03,3.734000000000000000e+03,-5.364000000000000000e+03,-1.117000000000000000e+03,-8.967000000000000000e+03,-1.310600000000000000e+04
-8.505000000000000000e+03,-6.058000000000000000e+03,-1.107900000000000000e+04,-8.125000000000000000e+03,-1.165700000000000000e+04,-6.005000000000000000e+03,1.060500000000000000e+04,-1.169200000000000000e+04
-9.532000000000000000e+03,-7.194000000000000000e+03,-5.614000000000000000e+03,-7.051000000000000000e+03,-8.058000000000000000e+03,-7.967000000000000000e+03,-6.375000000000000000e+03,9.490000000000000000e+03
-7.476000000000000000e+03,-5.613000000000000000e+03,-1.175900000000000000e+04,2.431000000000000000e+03,-1.112200000000000000e+04,8.570000000000000000e+02,-1.051700000000000000e+04,-1.536200000000000000e+04
-9.484000000000000000e+03,-4.344000000000000000e+03,-9.116000000000000000e+03,-2.062000000000000000e+03,-1.433800000000000000e+04,-7.760000000000000000e+02,1.191100000000000000e+04,-8.535000000000000000e+03
1.208000000000000000e+03,-4.738000000000000000e+03,-1.269400000000000000e+04,-5.460000000000000000e+02,-1.065600000000000000e+04,2.433000000000000000e+03,-4.694000000000000000e+03,-1.274700000000000000e+04
7.260000000000000000e+02,-1.068200000000000000e+04,2.173000000000000000e+03,-1.630000000000000000e+03,1.602000000000000000e+03,-4.538000000000000000e+03,-5.589000000000000000e+03,-6.197000000000000000e+03
6.779000000000000000e+03,-9.684000000000000000e+03,-4.816000000000000000e+03,-2.700000000000000000e+01,-1.148000000000000000e+03,-7.345000000000000000e+03,-8.355000000000000000e+03,-1.510700000000000000e+04
-5.421000000000000000e+03,8.508000000000000000e+03,-1.064700000000000000e+04,-7.081000000000000000e+03,-5.443000000000000000e+03,-7.792000000000000000e+03,4.274000000000000000e+03,-1.031800000000000000e+04
-8.960000000000000000e+02,-8.381000000000000000e+03,-5.717000000000000000e+03,3.563000000000000000e+03,-1.106300000000000000e+04,2.651000000000000000e+03,-1.007700000000000000e+04,-1.937600000000000000e+04
-6.107000000000000000e+03,8.468000000000000000e+03,-1.193000000000000000e+04,-8.501000000000000000e+03,-1.036700000000000000e+04,-6.886000000000000000e+03,-3.334000000000000000e+03,-1.649900000000000000e+04
-5.750000000000000000e+03,-1.114700000000000000e+04,3.618000000000000000e+03,-5.111000000000000000e+03,-2.470000000000000000e+02,-1.344300000000000000e+04,-8.848000000000000000e+03,1.479000000000000000e+03
-8.394000000000000000e+03,-5.671000000000000000e+03,-8.643000000000000000e+03,-3.742000000000000000e+03,-1.158000000000000000e+04,-7.355000000000000000e+03,1.266700000000000000e+04,-1.165300000000000000e+04
-9.687000000000000000e+03,-1.559000000000000000e+03,-5.856000000000000000e+03,3.490000000000000000e+02,-1.086400000000000000e+04,-4.464000000000000000e+03,8.303000000000000000e+03,-6.084000000000000000e+03
-1.306800000000000000e+04,-2.157000000000000000e+03,-9.531000000000000000e+03,-2.822000000000000000e+03,-1.296000000000000000e+04,-4.396000000000000000e+03,1.484500000000000000e+04,-5.607000000000000000e+03
-1.208900000000000000e+04,-7.361000000000000000e+03,-8.200000000000000000e+03,2.960000000000000000e+03,-4.366000000000000000e+03,-5.662000000000000000e+03,3.113000000000000000e+03,-9.043000000000000000e+03
-4.118000000000000000e+03,1.304600000000000000e+04,-1.070400000000000000e+04,-7.041000000000000000e+03,-1.264500000000000000e+04,-9.149000000000000000e+03,-5.323000000000000000e+03,-1.595200000000000000e+04
-8.768000000000000000e+03,-8.619000000000000000e+03,-6.901000000000000000e+03,-9.508000000000000000e+03,-8.696000000000000000e+03,-1.284400000000000000e+04,-7.286000000000000000e+03,1.088900000000000000e+04
-5.916000000000000000e+03,-7.235000000000000000e+03,-5.708000000000000000e+03,-2.736000000000000000e+03,1.100000000000000000e+02,-2.370000000000000000e+02,7.800000000000000000e+01,-2.507000000000000000e+03
-1.310800000000000000e+04,-7.323000000000000000e+03,-4.993000000000000000e+03,-9.581000000000000000e+03,-8.529000000000000000e+03,-8.010000000000000000e+03,1.163300000000000000e+04,-1.256000000000000000e+03
-7.393000000000000000e+03,-6.281000000000000000e+03,-5.629000000000000000e+03,-9.443000000000000000e+03,-3.499000000000000000e+03,-9.153000000000000000e+03,1.046700000000000000e+04,-3.848000000000000000e+03
-6.220000000000000000e+02,-8.011000000000000000e+03,-8.783000000000000000e+03,1.076000000000000000e+03,-4.029000000000000000e+03,-5.207000000000000000e+03,-1.550000000000000000e+02,-5.266000000000000000e+03
-2.021000000000000000e+03,5.573000000000000000e+03,-8.075000000000000000e+03,-5.420000000000000000e+03,-9.588000000000000000e+03,1.150000000000000000e+02,-4.321000000000000000e+03,-8.334000000000000000e+03
-2.480000000000000000e+03,-6.715000000000000000e+03,-8.014000000000000000e+03,1.626000000000000000e+03,-7.000000000000000000e+00,-7.204000000000000000e+03,-8.657000000000000000e+03,-2.760000000000000000e+02
-9.247000000000000000e+03,-1.099300000000000000e+04,-8.080000000000000000e+02,-7.881000000000000000e+03,-7.538000000000000000e+03,-1.335800000000000000e+04,-6.963000000000000000e+03,8.102000000000000000e+03
-6.106000000000000000e+03,-7.950000000000000000e+03,-2.832000000000000000e+03,-1.793000000000000000e+03,-4.286000000000000000e+03,-6.262000000000000000e+03,4.955000000000000000e+03,-1.064100000000000000e+04
-1.982000000000000000e+03,-8.440000000000000000e+03,-7.080000000000000000e+03,5.932000000000000000e+03,-4.455000000000000000e+03,-2.308000000000000000e+03,-1.362800000000000000e+04,-1.174400000000000000e+04
-8.633000000000000000e+03,1.988700000000000000e+04,-9.075000000000000000e+03,-5.138000000000000000e+03,-9.520000000000000000e+03,-1.086900000000000000e+04,-3.696000000000000000e+03,-1.107300000000000000e+04
2.720000000000000000e+03,-9.866000000000000000e+03,-9.997000000000000000e+03,2.104000000000000000e+03,1.015000000000000000e+03,-2.368000000000000000e+03,-9.285000000000000000e+03,-1.353100000000000000e+04
1.435400000000000000e+04,-1.013600000000000000e+04,-2.430000000000000000e+02,-2.720000000000000000e+02,-1.505000000000000000e+03,-6.240000000000000000e+03,-1.151300000000000000e+04,-1.906000000000000000e+04
4.700000000000000000e+03,-3.310000000000000000e+03,-1.067600000000000000e+04,1.968000000000000000e+03,-7.306000000000000000e+03,-1.655000000000000000e+03,-7.335000000000000000e+03,-1.331300000000000000e+04
-4.618000000000000000e+03,-8.651000000000000000e+03,1.908000000000000000e+03,5.092000000000000000e+03,-5.105000000000000000e+03,-8.108000000000000000e+03,2.218000000000000000e+03,-8.724000000000000000e+03
-5.812000000000000000e+03,-6.854000000000000000e+03,-9.884000000000000000e+03,7.192000000000000000e+03,-1.049200000000000000e+04,5.902000000000000000e+03,-7.502000000000000000e+03,-5.063000000000000000e+03
-5.740000000000000000e+02,-6.170000000000000000e+03,-4.253000000000000000e+03,-1.590000000000000000e+02,1.613000000000000000e+03,-4.804000000000000000e+03,-6.343000000000000000e+03,-7.571000000000000000e+03
-9.641000000000000000e+03,-9.270000000000000000e+03,-1.536000000000000000e+03,-9.823000000000000000e+03,-6.608000000000000000e+03,-1.026900000000000000e+04,-1.277000000000000000e+03,6.912000000000000000e+03
2.356000000000000000e+03,-9.732000000000000000e+03,-1.186100000000000000e+04,-4.765000000000000000e+03,1.102000000000000000e+04,-8.201000000000000000e+03,-8.014000000000000000e+03,-9.489000000000000000e+03
-1.860000000000000000e+02,-1.191800000000000000e+04,-5.444000000000000000e+03,-3.580000000000000000e+03,1.003200000000000000e+04,-9.229000000000000000e+03,-8.968000000000000000e+03,-1.279400000000000000e+04
-7.042000000000000000e+03,-8.396000000000000000e+03,2.562000000000000000e+03,9.580000000000000000e+02,-6.531000000000000000e+03,-8.488000000000000000e+03,4.184000000000000000e+03,-5.623000000000000000e+03
3.403000000000000000e+03,-7.570000000000000000e+03,-1.185900000000000000e+04,-8.520000000000000000e+02,4.302000000000000000e+03,-4.822000000000000000e+03,-9.087000000000000000e+03,-1.441300000000000000e+04
5.622000000000000000e+03,-4.414000000000000000e+03,-8.395000000000000000e+03,7.421000000000000000e+03,-5.856000000000000000e+03,-8.332000000000000000e+03,-6.676000000000000000e+03,-1.331600000000000000e+04
-3.408000000000000000e+03,1.174000000000000000e+03,-1.627000000000000000e+03,-1.485000000000000000e+03,-8.998000000000000000e+03,-3.541000000000000000e+03,-4.034000000000000000e+03,-1.597800000000000000e+04
-9.030000000000000000e+03,8.169000000000000000e+03,-8.226000000000000000e+03,-5.524000000000000000e+03,-1.120500000000000000e+04,-1.281100000000000000e+04,4.301000000000000000e+03,-1.128600000000000000e+04
-6.165000000000000000e+03,2.944000000000000000e+03,-7.998000000000000000e+03,9.670000000000000000e+02,-9.469000000000000000e+03,-9.037000000000000000e+03,-1.351000000000000000e+03,-9.942000000000000000e+03
-4.644000000000000000e+03,1.504800000000000000e+04,-1.263800000000000000e+04,-8.364000000000000000e+03,-9.918000000000000000e+03,-6.859000000000000000e+03,-5.695000000000000000e+03,-1.656700000000000000e+04
-6.724000000000000000e+03,-5.196000000000000000e+03,-9.903000000000000000e+03,-9.028000000000000000e+03,-7.720000000000000000e+03,-6.419000000000000000e+03,9.351000000000000000e+03,-5.565000000000000000e+03
-5.331000000000000000e+03,-6.493000000000000000e+03,-6.104000000000000000e+03,-9.728000000000000000e+03,-4.287000000000000000e+03,-9.139000000000000000e+03,9.710000000000000000e+03,-7.560000000000000000e+03
-1.021200000000000000e+04,-4.827000000000000000e+03,-5.309000000000000000e+03,-8.890000000000000000e+03,-9.155000000000000000e+03,-1.034600000000000000e+04,1.469800000000000000e+04,-4.353000000000000000e+03
-1.237600000000000000e+04,-5.357000000000000000e+03,-7.883000000000000000e+03,-7.460000000000000000e+03,-8.510000000000000000e+03,-1.463000000000000000e+04,-6.592000000000000000e+03,1.133200000000000000e+04
-5.457000000000000000e+03,1.277500000000000000e+04,-7.709000000000000000e+03,-1.239000000000000000e+03,-4.970000000000000000e+03,-9.890000000000000000e+03,-6.015000000000000000e+03,-9.055000000000000000e+03
-5.725000000000000000e+03,-8.114000000000000000e+03,7.224000000000000000e+03,-3.834000000000000000e+03,-1.082000000000000000e+03,-1.270300000000000000e+04,-2.075000000000000000e+03,-3.352000000000000000e+03
-9.985000000000000000e+03,-8.462000000000000000e+03,-8.757000000000000000e+03,-1.058200000000000000e+04,-9.249000000000000000e+03,-1.198000000000000000e+04,-9.581000000000000000e+03,1.351000000000000000e+04
-3.308000000000000000e+03,-7.135000000000000000e+03,-7.126000000000000000e+03,-1.942000000000000000e+03,2.725000000000000000e+03,-8.761000000000000000e+03,4.267000000000000000e+03,-1.069900000000000000e+04
4.471000000000000000e+03,-8.239000000000000000e+03,-1.260000000000000000e+04,3.990000000000000000e+02,5.810000000000000000e+03,-2.141000000000000000e+03,-7.531000000000000000e+03,-1.544000000000000000e+04
6.279000000000000000e+03,-8.263000000000000000e+03,-7.482000000000000000e+03,1.259000000000000000e+03,-7.920000000000000000e+03,6.850000000000000000e+02,-9.128000000000000000e+03,-1.702500000000000000e+04
-6.044000000000000000e+03,-9.244000000000000000e+03,-4.382000000000000000e+03,-4.782000000000000000e+03,-2.549000000000000000e+03,-1.058500000000000000e+04,9.652000000000000000e+03,-4.299000000000000000e+03
-2.602000000000000000e+03,1.239700000000000000e+04,-8.191000000000000000e+03,-5.923000000000000000e+03,-6.427000000000000000e+03,-1.084200000000000000e+04,-3.327000000000000000e+03,-1.537400000000000000e+04
-9.038000000000000000e+03,1.920100000000000000e+04,-1.127800000000000000e+04,-7.603000000000000000e+03,-1.187400000000000000e+04,-7.243000000000000000e+03,-7.693000000000000000e+03,-1.049800000000000000e+04
-4.053000000000000000e+03,-5.930000000000000000e+03,-5.530000000000000000e+03,-3.938000000000000000e+03,-6.989000000000000000e+03,-1.533200000000000000e+04,1.175600000000000000e+04,-3.451000000000000000e+03
-9.945000000000000000e+03,-9.791000000000000000e+03,-4.269000000000000000e+03,-1.013700000000000000e+04,-8.713000000000000000e+03,-9.255000000000000000e+03,-1.168600000000000000e+04,1.409800000000000000e+04
-4.978000000000000000e+03,-1.038900000000000000e+04,-9.080000000000000000e+02,-4.703000000000000000e+03,6.400000000000000000e+02,-1.051300000000000000e+04,3.408000000000000000e+03,-3.956000000000000000e+03
-1.991000000000000000e+03,-6.520000000000000000e+02,-5.460000000000000000e+03,-3.452000000000000000e+03,-1.212600000000000000e+04,1.590000000000000000e+02,-3.800000000000000000e+03,-1.494600000000000000e+04
2.241000000000000000e+03,-6.926000000000000000e+03,-8.396000000000000000e+03,1.260000000000000000e+02,6.277000000000000000e+03,-6.375000000000000000e+03,-1.086300000000000000e+04,-1.193500000000000000e+04
-6.715000000000000000e+03,1.183000000000000000e+04,-9.000000000000000000e+03,-4.283000000000000000e+03,-1.436400000000000000e+04,-7.777000000000000000e+03,-2.648000000000000000e+03,-1.553400000000000000e+04
-3.223000000000000000e+03,-6.094000000000000000e+03,-1.357400000000000000e+04,1.152000000000000000e+03,-8.066000000000000000e+03,5.671000000000000000e+03,-4.209000000000000000e+03,-8.214000000000000000e+03
-4.660000000000000000e+03,-8.100000000000000000e+03,-4.122000000000000000e+03,-7.189000000000000000e+03,-8.336000000000000000e+03,-5.928000000000000000e+03,3.540000000000000000e+03,-6.060000000000000000e+03
-8.496000000000000000e+03,1.610000000000000000e+04,-9.349000000000000000e+03,-9.764000000000000000e+03,-7.277000000000000000e+03,-1.061000000000000000e+04,-2.819000000000000000e+03,-1.018700000000000000e+04
-6.845000000000000000e+03,1.179800000000000000e+04,-1.211000000000000000e+04,-6.886000000000000000e+03,-9.680000000000000000e+03,-7.561000000000000000e+03,-4.907000000000000000e+03,-1.668000000000000000e+04
1.097000000000000000e+03,-6.874000000000000000e+03,-1.122300000000000000e+04,7.258000000000000000e+03,-7.529000000000000000e+03,-1.842000000000000000e+03,-1.152500000000000000e+04,-1.671300000000000000e+04
-8.110000000000000000e+03,-6.730000000000000000e+03,-2.684000000000000000e+03,-5.811000000000000000e+03,-6.393000000000000000e+03,-5.758000000000000000e+03,-1.036300000000000000e+04,9.397000000000000000e+03
-9.185000000000000000e+03,-7.030000000000000000e+03,-5.159000000000000000e+03,-9.350000000000000000e+03,-6.869000000000000000e+03,-9.656000000000000000e+03,-5.846000000000000000e+03,9.848000000000000000e+03
-2.884000000000000000e+03,-9.302000000000000000e+03,-2.985000000000000000e+03,1.347000000000000000e+03,-3.403000000000000000e+03,-7.131000000000000000e+03,4.219000000000000000e+03,-1.177500000000000000e+04
-8.638000000000000000e+03,1.664900000000000000e+04,-7.802000000000000000e+03,-7.573000000000000000e+03,-1.393700000000000000e+04,-7.414000000000000000e+03,6.740000000000000000e+02,-1.558600000000000000e+04
-8.396000000000000000e+03,-7.286000000000000000e+03,-5.169000000000000000e+03,-3.979000000000000000e+03,-1.079700000000000000e+04,-8.064000000000000000e+03,1.485900000000000000e+04,-1.141900000000000000e+04
1.200000000000000000e+02,-4.676000000000000000e+03,3.418000000000000000e+03,9.460000000000000000e+02,-7.769000000000000000e+03,-6.950000000000000000e+03,-1.908000000000000000e+03,-1.342600000000000000e+04
-8.563000000000000000e+03,-6.774000000000000000e+03,-6.224000000000000000e+03,-7.411000000000000000e+03,-9.255000000000000000e+03,-1.023100000000000000e+04,1.612300000000000000e+04,-4.675000000000000000e+03
-7.169000000000000000e+03,-3.821000000000000000e+03,-8.626000000000000000e+03,-9.043000000000000000e+03,-8.035000000000000000e+03,-1.111400000000000000e+04,1.056800000000000000e+04,-3.555000000000000000e+03
4.210000000000000000e+02,-3.780000000000000000e+03,-8.169000000000000000e+03,2.677000000000000000e+03,-8.086000000000000000e+03,-4.824000000000000000e+03,-6.021000000000000000e+03,-1.465900000000000000e+04
-7.157000000000000000e+03,-9.707000000000000000e+03,-5.928000000000000000e+03,-8.821000000000000000e+03,-8.239000000000000000e+03,-1.010800000000000000e+04,-8.131000000000000000e+03,9.364000000000000000e+03
-6.099000000000000000e+03,-1.125000000000000000e+04,1.306000000000000000e+03,-1.125200000000000000e+04,2.990000000000000000e+02,-1.463600000000000000e+04,-5.705000000000000000e+03,2.672000000000000000e+03
-9.827000000000000000e+03,-4.698000000000000000e+03,-3.052000000000000000e+03,3.343000000000000000e+03,-1.108400000000000000e+04,-8.547000000000000000e+03,3.120000000000000000e+03,-8.285000000000000000e+03
-8.769000000000000000e+03,-6.290000000000000000e+03,-6.153000000000000000e+03,-8.270000000000000000e+02,-6.544000000000000000e+03,-8.866000000000000000e+03,1.036500000000000000e+04,-8.371000000000000000e+03
-7.989000000000000000e+03,-8.720000000000000000e+03,-1.737000000000000000e+03,1.806000000000000000e+03,1.342000000000000000e+03,-4.319000000000000000e+03,-7.107000000000000000e+03,-7.971000000000000000e+03
2.104000000000000000e+03,-7.971000000000000000e+03,-1.173300000000000000e+04,-2.293000000000000000e+03,8.207000000000000000e+03,-1.752000000000000000e+03,-7.806000000000000000e+03,-1.154900000000000000e+04
-5.901000000000000000e+03,1.186500000000000000e+04,-1.288600000000000000e+04,3.608000000000000000e+03,-1.039900000000000000e+04,-4.921000000000000000e+03,-1.170900000000000000e+04,-1.289400000000000000e+04
-7.740000000000000000e+03,-7.619000000000000000e+03,-3.992000000000000000e+03,-8.373000000000000000e+03,-6.761000000000000000e+03,-9.801000000000000000e+03,9.654000000000000000e+03,-3.858000000000000000e+03
7.645000000000000000e+03,-1.051500000000000000e+04,-1.108000000000000000e+03,2.360000000000000000e+03,-7.063000000000000000e+03,-2.407000000000000000e+03,-3.648000000000000000e+03,-1.465100000000000000e+04
-6.979000000000000000e+03,-9.050000000000000000e+03,-5.138000000000000000e+03,-7.007000000000000000e+03,7.327000000000000000e+03,-1.084500000000000000e+04,-8.882000000000000000e+03,1.450000000000000000e+02
3.707000000000000000e+03,-1.153700000000000000e+04,-4.918000000000000000e+03,2.217000000000000000e+03,3.733000000000000000e+03,-5.833000000000000000e+03,-3.417000000000000000e+03,-1.337400000000000000e+04
-7.720000000000000000e+02,-8.764000000000000000e+03,-9.616000000000000000e+03,4.565000000000000000e+03,-8.137000000000000000e+03,5.807000000000000000e+03,-5.725000000000000000e+03,-1.105300000000000000e+04
-9.146000000000000000e+03,-7.710000000000000000e+03,-6.817000000000000000e+03,-4.584000000000000000e+03,-9.587000000000000000e+03,-1.204100000000000000e+04,3.747000000000000000e+03,-5.790000000000000000e+02
7.621000000000000000e+03,-8.746000000000000000e+03,-6.283000000000000000e+03,2.736000000000000000e+03,-1.577000000000000000e+03,-6.373000000000000000e+03,-4.214000000000000000e+03,-1.690700000000000000e+04
1.004900000000000000e+04,-4.717000000000000000e+03,-6.562000000000000000e+03,2.080000000000000000e+02,-8.533000000000000000e+03,-2.490000000000000000e+02,-5.933000000000000000e+03,-2.082200000000000000e+04
-1.094100000000000000e+04,-8.122000000000000000e+03,-3.408000000000000000e+03,-9.138000000000000000e+03,-8.250000000000000000e+03,-1.540900000000000000e+04,-6.829000000000000000e+03,8.425000000000000000e+03
-7.189000000000000000e+03,1.410900000000000000e+04,-8.493000000000000000e+03,-5.036000000000000000e+03,-1.146000000000000000e+04,-5.191000000000000000e+03,-5.136000000000000000e+03,-1.516100000000000000e+04
3.699000000000000000e+03,-8.418000000000000000e+03,-1.090200000000000000e+04,4.587000000000000000e+03,-6.990000000000000000e+03,1.519000000000000000e+03,-9.727000000000000000e+03,-1.636300000000000000e+04
-1.089000000000000000e+03,-1.137400000000000000e+04,-6.106000000000000000e+03,-5.644000000000000000e+03,9.930000000000000000e+03,-6.575000000000000000e+03,-6.917000000000000000e+03,-1.274300000000000000e+04
-6.324000000000000000e+03,-1.003200000000000000e+04,-8.796000000000000000e+03,-1.308000000000000000e+03,1.724000000000000000e+03,-8.824000000000000000e+03,7.001000000000000000e+03,-5.470000000000000000e+03
3.040000000000000000e+03,-9.427000000000000000e+03,-1.159200000000000000e+04,-4.500000000000000000e+01,6.313000000000000000e+03,-4.710000000000000000e+03,-6.831000000000000000e+03,-1.257800000000000000e+04
-2.225000000000000000e+03,-9.053000000000000000e+03,1.387000000000000000e+03,-5.128000000000000000e+03,-2.974000000000000000e+03,-7.539000000000000000e+03,-5.750000000000000000e+02,-8.371000000000000000e+03
-1.545000000000000000e+03,-5.842000000000000000e+03,-8.015000000000000000e+03,1.620000000000000000e+03,-6.649000000000000000e+03,4.479000000000000000e+03,-5.101000000000000000e+03,-1.505600000000000000e+04
5.011000000000000000e+03,-1.033300000000000000e+04,-5.264000000000000000e+03,-2.246000000000000000e+03,5.466000000000000000e+03,-1.305700000000000000e+04,-8.721000000000000000e+03,-1.147700000000000000e+04
-7.000000000000000000e+02,-8.115000000000000000e+03,-7.852000000000000000e+03,-9.980000000000000000e+02,9.001000000000000000e+03,-9.893000000000000000e+03,-8.820000000000000000e+03,-1.012700000000000000e+04
-7.361000000000000000e+03,-6.511000000000000000e+03,-9.057000000000000000e+03,2.569000000000000000e+03,-9.945000000000000000e+03,6.588000000000000000e+03,-3.606000000000000000e+03,-9.857000000000000000e+03
-2.586000000000000000e+03,-7.711000000000000000e+03,-4.204000000000000000e+03,8.693000000000000000e+03,-9.743000000000000000e+03,7.000000000000000000e+01,-9.127000000000000000e+03,-1.318000000000000000e+04
-6.957000000000000000e+03,-6.138000000000000000e+03,-3.810000000000000000e+03,1.802000000000000000e+03,-3.861000000000000000e+03,-6.519000000000000000e+03,-2.084000000000000000e+03,-1.034400000000000000e+04
-3.315000000000000000e+03,-1.015300000000000000e+04,-9.746000000000000000e+03,4.006000000000000000e+03,-2.321000000000000000e+03,7.880000000000000000e+02,-1.463000000000000000e+03,-1.382500000000000000e+04
-8.643000000000000000e+03,-7.410000000000000000e+03,-4.306000000000000000e+03,-1.251600000000000000e+04,-7.380000000000000000e+03,-7.173000000000000000e+03,-4.741000000000000000e+03,8.106000000000000000e+03
6.095000000000000000e+03,-9.425000000000000000e+03,-7.917000000000000000e+03,6.087000000000000000e+03,-9.950000000000000000e+03,3.505000000000000000e+03,-1.510200000000000000e+04,-1.720900000000000000e+04
-5.653000000000000000e+03,-9.987000000000000000e+03,-6.345000000000000000e+03,-3.574000000000000000e+03,-1.766000000000000000e+03,-1.003200000000000000e+04,8.601000000000000000e+03,-5.826000000000000000e+03
-4.256000000000000000e+03,-1.030100000000000000e+04,-1.204000000000000000e+03,-7.402000000000000000e+03,8.204000000000000000e+03,-1.398500000000000000e+04,-7.099000000000000000e+03,-1.497000000000000000e+03
-8.007000000000000000e+03,1.297900000000000000e+04,-6.764000000000000000e+03,-7.305000000000000000e+03,-8.540000000000000000e+03,-3.347000000000000000e+03,-4.335000000000000000e+03,-9.229000000000000000e+03
-1.345100000000000000e+04,1.460000000000000000e+02,-5.944000000000000000e+03,-2.060000000000000000e+02,-1.220700000000000000e+04,-1.013600000000000000e+04,1.100200000000000000e+04,-6.658000000000000000e+03
-6.514000000000000000e+03,-1.071600000000000000e+04,8.167000000000000000e+03,-7.230000000000000000e+03,1.739000000000000000e+03,-1.467000000000000000e+04,-9.179000000000000000e+03,1.226000000000000000e+03
-5.579000000000000000e+03,-1.078100000000000000e+04,5.144000000000000000e+03,-1.119700000000000000e+04,-3.820000000000000000e+02,-9.471000000000000000e+03,-6.310000000000000000e+03,-9.900000000000000000e+01
-2.807000000000000000e+03,-1.037600000000000000e+04,6.304000000000000000e+03,-8.499000000000000000e+03,3.069000000000000000e+03,-1.265700000000000000e+04,-7.259000000000000000e+03,-2.067000000000000000e+03
-2.364000000000000000e+03,-8.350000000000000000e+03,-9.649000000000000000e+03,9.000000000000000000e+01,-1.039700000000000000e+04,3.043000000000000000e+03,-7.590000000000000000e+03,-1.693700000000000000e+04
-5.299000000000000000e+03,-6.786000000000000000e+03,-2.217000000000000000e+03,-1.513000000000000000e+03,-3.081000000000000000e+03,-5.943000000000000000e+03,-3.979000000000000000e+03,-7.397000000000000000e+03
-2.952000000000000000e+03,-6.362000000000000000e+03,-2.661000000000000000e+03,1.120000000000000000e+02,-4.528000000000000000e+03,-4.746000000000000000e+03,-1.810000000000000000e+03,-8.099000000000000000e+03
-5.094000000000000000e+03,-5.160000000000000000e+03,-4.333000000000000000e+03,2.585000000000000000e+03,-3.605000000000000000e+03,-8.911000000000000000e+03,-5.314000000000000000e+03,-9.952000000000000000e+03
-4.134000000000000000e+03,-5.757000000000000000e+03,-1.054400000000000000e+04,-1.760000000000000000e+03,-1.067700000000000000e+04,7.474000000000000000e+03,-5.365000000000000000e+03,-8.655000000000000000e+03
-3.730000000000000000e+03,1.122200000000000000e+04,-4.296000000000000000e+03,-7.075000000000000000e+03,-4.249000000000000000e+03,-7.783000000000000000e+03,-8.397000000000000000e+03,-6.521000000000000000e+03
4.150000000000000000e+02,-9.493000000000000000e+03,-8.456000000000000000e+03,7.205000000000000000e+03,-2.532000000000000000e+03,-1.828000000000000000e+03,-6.113000000000000000e+03,-1.045300000000000000e+04
-4.231000000000000000e+03,-7.402000000000000000e+03,-5.220000000000000000e+03,4.098000000000000000e+03,-1.091000000000000000e+03,-3.816000000000000000e+03,-1.089000000000000000e+03,-3.937000000000000000e+03
-9.066000000000000000e+03,-7.543000000000000000e+03,-3.747000000000000000e+03,-8.463000000000000000e+03,-5.958000000000000000e+03,-1.576100000000000000e+04,-4.535000000000000000e+03,1.031500000000000000e+04
-2.992000000000000000e+03,-3.685000000000000000e+03,-1.099800000000000000e+04,1.520000000000000000e+03,-7.679000000000000000e+03,3.513000000000000000e+03,-4.374000000000000000e+03,-8.341000000000000000e+03
-1.268000000000000000e+03,-9.594000000000000000e+03,-1.097000000000000000e+03,-2.012000000000000000e+03,-1.210000000000000000e+03,-7.375000000000000000e+03,-3.544000000000000000e+03,-5.507000000000000000e+03
-2.178000000000000000e+03,-8.858000000000000000e+03,-2.764000000000000000e+03,-1.377000000000000000e+03,-4.230000000000000000e+03,-6.864000000000000000e+03,5.202000000000000000e+03,-7.327000000000000000e+03
-8.170000000000000000e+02,-9.143000000000000000e+03,-7.239000000000000000e+03,1.536000000000000000e+03,-6.898000000000000000e+03,4.624000000000000000e+03,-8.768000000000000000e+03,-6.740000000000000000e+03
-6.920000000000000000e+02,-6.485000000000000000e+03,-7.797000000000000000e+03,2.996000000000000000e+03,3.321000000000000000e+03,-7.072000000000000000e+03,-1.107400000000000000e+04,-1.304800000000000000e+04
-5.233000000000000000e+03,-9.234000000000000000e+03,-4.775000000000000000e+03,-7.210000000000000000e+03,-4.637000000000000000e+03,-1.175400000000000000e+04,8.710000000000000000e+03,-3.515000000000000000e+03
-6.610000000000000000e+02,-7.455000000000000000e+03,-5.667000000000000000e+03,-1.580000000000000000e+03,-7.189000000000000000e+03,4.886000000000000000e+03,-7.572000000000000000e+03,-1.019000000000000000e+04
-3.848000000000000000e+03,-1.016400000000000000e+04,6.354000000000000000e+03,-5.772000000000000000e+03,2.977000000000000000e+03,-1.373900000000000000e+04,-9.438000000000000000e+03,-2.948000000000000000e+03
-4.990000000000000000e+02,-9.714000000000000000e+03,-5.635000000000000000e+03,-6.096000000000000000e+03,9.914000000000000000e+03,-7.344000000000000000e+03,-1.095200000000000000e+04,-8.646000000000000000e+03
1.681000000000000000e+03,-7.592000000000000000e+03,-6.847000000000000000e+03,7.615000000000000000e+03,-8.730000000000000000e+03,-7.664000000000000000e+03,5.980000000000000000e+02,-1.609400000000000000e+04
-3.097000000000000000e+03,-4.744000000000000000e+03,-2.276000000000000000e+03,-3.300000000000000000e+02,-4.010000000000000000e+02,-9.999000000000000000e+03,-4.651000000000000000e+03,-1.068600000000000000e+04
1.150000000000000000e+02,-1.032400000000000000e+04,-7.824000000000000000e+03,2.263000000000000000e+03,-5.332000000000000000e+03,-2.273000000000000000e+03,-9.043000000000000000e+03,-1.086500000000000000e+04
-8.376000000000000000e+03,-5.050000000000000000e+03,-6.866000000000000000e+03,-2.295000000000000000e+03,-7.979000000000000000e+03,-1.134700000000000000e+04,1.007100000000000000e+04,-6.079000000000000000e+03
1.047600000000000000e+04,-8.633000000000000000e+03,-1.229600000000000000e+04,4.510000000000000000e+02,-1.324000000000000000e+03,-3.321000000000000000e+03,-7.211000000000000000e+03,-1.657300000000000000e+04
-3.893000000000000000e+03,-6.299000000000000000e+03,-8.439000000000000000e+03,3.867000000000000000e+03,-4.692000000000000000e+03,-4.561000000000000000e+03,2.916000000000000000e+03,-1.301800000000000000e+04
-1.700000000000000000e+03,-1.020500000000000000e+04,3.887000000000000000e+03,-6.400000000000000000e+01,-1.316000000000000000e+03,-1.153500000000000000e+04,-3.184000000000000000e+03,-9.639000000000000000e+03
-7.665000000000000000e+03,-2.672000000000000000e+03,-1.507000000000000000e+03,2.425000000000000000e+03,-8.954000000000000000e+03,-7.442000000000000000e+03,2.707000000000000000e+03,-7.107000000000000000e+03
9.030000000000000000e+02,-5.939000000000000000e+03,-2.554000000000000000e+03,7.859000000000000000e+03,-4.549000000000000000e+03,-3.059000000000000000e+03,-7.123000000000000000e+03,-1.596400000000000000e+04
-8.645000000000000000e+03,2.136100000000000000e+04,-1.074500000000000000e+04,-6.080000000000000000e+03,-1.118100000000000000e+04,-9.934000000000000000e+03,-4.725000000000000000e+03,-1.443700000000000000e+04
-7.477000000000000000e+03,-2.584000000000000000e+03,-1.146500000000000000e+04,3.016000000000000000e+03,-1.436600000000000000e+04,6.919000000000000000e+03,-1.456500000000000000e+04,-9.578000000000000000e+03
-6.312000000000000000e+03,7.287000000000000000e+03,-7.098000000000000000e+03,-1.395000000000000000e+03,-1.366200000000000000e+04,-8.255000000000000000e+03,-1.791000000000000000e+03,-1.481000000000000000e+04
-7.145000000000000000e+03,1.142000000000000000e+03,-9.055000000000000000e+03,-1.884000000000000000e+03,-1.379600000000000000e+04,-8.202000000000000000e+03,6.704000000000000000e+03,-9.281000000000000000e+03
-6.562000000000000000e+03,-2.569000000000000000e+03,-6.049000000000000000e+03,-3.188000000000000000e+03,-8.388000000000000000e+03,-9.843000000000000000e+03,1.263000000000000000e+04,-6.151000000000000000e+03
-4.351000000000000000e+03,1.780000000000000000e+04,-7.225000000000000000e+03,-9.705000000000000000e+03,-7.826000000000000000e+03,-8.757000000000000000e+03,1.411000000000000000e+03,-1.540900000000000000e+04
-1.034100000000000000e+04,1.028400000000000000e+04,-7.065000000000000000e+03,-1.426000000000000000e+03,-1.358000000000000000e+04,-7.680000000000000000e+03,-2.769000000000000000e+03,-1.211200000000000000e+04
-6.561000000000000000e+03,7.454000000000000000e+03,-9.549000000000000000e+03,-3.495000000000000000e+03,-9.745000000000000000e+03,-6.450000000000000000e+03,-3.100000000000000000e+03,-1.010200000000000000e+04
8.096000000000000000e+03,-3.593000000000000000e+03,-1.250800000000000000e+04,6.510000000000000000e+02,-1.046200000000000000e+04,-1.316000000000000000e+03,-4.865000000000000000e+03,-1.285900000000000000e+04
-1.012800000000000000e+04,-9.873000000000000000e+03,3.170000000000000000e+02,-1.072800000000000000e+04,-7.416000000000000000e+03,-1.175300000000000000e+04,-9.517000000000000000e+03,8.001000000000000000e+03
-8.562000000000000000e+03,-5.708000000000000000e+03,-5.403000000000000000e+03,-1.030600000000000000e+04,-4.489000000000000000e+03,-1.250600000000000000e+04,7.094000000000000000e+03,1.120000000000000000e+02
-1.110600000000000000e+04,6.321000000000000000e+03,-7.577000000000000000e+03,-5.625000000000000000e+03,-9.247000000000000000e+03,-1.006900000000000000e+04,1.067400000000000000e+04,-5.944000000000000000e+03
-9.502000000000000000e+03,-3.830000000000000000e+02,-8.273000000000000000e+03,-9.111000000000000000e+03,-1.028700000000000000e+04,-9.339000000000000000e+03,1.171600000000000000e+04,-6.547000000000000000e+03
-4.550000000000000000e+02,-7.369000000000000000e+03,-6.233000000000000000e+03,-4.100000000000000000e+03,-4.050000000000000000e+03,-4.007000000000000000e+03,5.400000000000000000e+01,-1.971000000000000000e+03
-2.692000000000000000e+03,-3.798000000000000000e+03,-1.018100000000000000e+04,-2.780000000000000000e+02,-1.032600000000000000e+04,6.287000000000000000e+03,-5.262000000000000000e+03,-1.158100000000000000e+04
-8.400000000000000000e+03,-6.277000000000000000e+03,-3.390000000000000000e+03,-2.450000000000000000e+02,-3.766000000000000000e+03,-8.969000000000000000e+03,4.748000000000000000e+03,-7.143000000000000000e+03
5.903000000000000000e+03,-6.187000000000000000e+03,-1.277800000000000000e+04,-2.600000000000000000e+03,-7.452000000000000000e+03,-3.758000000000000000e+03,-5.782000000000000000e+03,-1.836000000000000000e+04
-6.973000000000000000e+03,-1.119900000000000000e+04,-5.366000000000000000e+03,-2.326000000000000000e+03,-6.048000000000000000e+03,-6.126000000000000000e+03,1.573100000000000000e+04,-8.023000000000000000e+03
1.004000000000000000e+04,-7.491000000000000000e+03,-1.367100000000000000e+04,-1.171000000000000000e+03,1.990000000000000000e+02,-3.784000000000000000e+03,-1.142700000000000000e+04,-1.825600000000000000e+04
-9.618000000000000000e+03,-1.027000000000000000e+04,1.426000000000000000e+03,-2.876000000000000000e+03,-4.957000000000000000e+03,-1.570000000000000000e+04,2.615000000000000000e+03,3.400000000000000000e+02
-5.950000000000000000e+03,1.211800000000000000e+04,-1.359100000000000000e+04,-6.605000000000000000e+03,-9.604000000000000000e+03,-2.686000000000000000e+03,-7.544000000000000000e+03,-1.619200000000000000e+04
-9.739000000000000000e+03,-8.038000000000000000e+03,-4.587000000000000000e+03,-3.849000000000000000e+03,-2.150000000000000000e+02,-7.074000000000000000e+03,5.368000000000000000e+03,-4.789000000000000000e+03
-8.418000000000000000e+03,-3.492000000000000000e+03,-1.980000000000000000e+02,4.918000000000000000e+03,-1.375800000000000000e+04,-6.062000000000000000e+03,1.191000000000000000e+03,-1.552000000000000000e+04
5.810000000000000000e+03,-9.245000000000000000e+03,-1.046000000000000000e+04,5.313000000000000000e+03,-1.222400000000000000e+04,2.626000000000000000e+03,-9.509000000000000000e+03,-1.419800000000000000e+04
-7.484000000000000000e+03,-7.335000000000000000e+03,-6.505000000000000000e+03,-1.778000000000000000e+03,-6.164000000000000000e+03,-1.064400000000000000e+04,1.237900000000000000e+04,-6.549000000000000000e+03
-4.095000000000000000e+03,6.556000000000000000e+03,-9.739000000000000000e+03,-5.594000000000000000e+03,-9.629000000000000000e+03,-7.185000000000000000e+03,-4.561000000000000000e+03,-1.246800000000000000e+04
-7.142000000000000000e+03,6.616000000000000000e+03,-8.751000000000000000e+03,-1.627000000000000000e+03,-5.471000000000000000e+03,-5.829000000000000000e+03,-1.276000000000000000e+03,-1.154600000000000000e+04
-4.242000000000000000e+03,-6.763000000000000000e+03,-6.810000000000000000e+03,2.150000000000000000e+02,-7.672000000000000000e+03,-7.796000000000000000e+03,5.349000000000000000e+03,-5.983000000000000000e+03
-7.124000000000000000e+03,1.203400000000000000e+04,-8.707000000000000000e+03,-7.822000000000000000e+03,-7.948000000000000000e+03,-5.396000000000000000e+03,-2.618000000000000000e+03,-8.811000000000000000e+03
-2.560000000000000000e+02,-4.373000000000000000e+03,-1.113000000000000000e+03,7.447000000000000000e+03,-6.993000000000000000e+03,-1.938000000000000000e+03,-1.061600000000000000e+04,-1.678700000000000000e+04
1.663000000000000000e+03,-1.277300000000000000e+04,-2.831000000000000000e+03,-7.030000000000000000e+03,1.678000000000000000e+03,-3.639000000000000000e+03,-1.206000000000000000e+03,-1.101700000000000000e+04
-7.850000000000000000e+03,-1.277200000000000000e+04,-2.113000000000000000e+03,-1.370500000000000000e+04,-6.710000000000000000e+03,-1.764600000000000000e+04,-6.210000000000000000e+03,1.107800000000000000e+04
-1.038800000000000000e+04,-8.480000000000000000e+03,-6.028000000000000000e+03,-7.433000000000000000e+03,-7.162000000000000000e+03,-1.542900000000000000e+04,-1.747000000000000000e+03,7.771000000000000000e+03
5.950000000000000000e+03,-8.002000000000000000e+03,-4.152000000000000000e+03,6.261000000000000000e+03,-4.202000000000000000e+03,-3.749000000000000000e+03,-1.255900000000000000e+04,-1.174700000000000000e+04
-3.266000000000000000e+03,-7.465000000000000000e+03,-4.958000000000000000e+03,-4.180000000000000000e+03,-8.050000000000000000e+03,-8.546000000000000000e+03,1.157800000000000000e+04,-7.405000000000000000e+03
-8.618000000000000000e+03,-5.803000000000000000e+03,-6.072000000000000000e+03,-2.263000000000000000e+03,-6.046000000000000000e+03,-9.188000000000000000e+03,1.025100000000000000e+04,-8.653000000000000000e+03
-7.911000000000000000e+03,-8.825000000000000000e+03,-4.059000000000000000e+03,-7.237000000000000000e+03,-1.011800000000000000e+04,-1.083100000000000000e+04,-7.100000000000000000e+02,6.541000000000000000e+03
-4.560000000000000000e+03,8.855000000000000000e+03,-1.077500000000000000e+04,-2.744000000000000000e+03,-1.394200000000000000e+04,-8.004000000000000000e+03,-6.622000000000000000e+03,-1.103500000000000000e+04
5.517000000000000000e+03,-8.705000000000000000e+03,-1.017500000000000000e+04,4.528000000000000000e+03,-5.375000000000000000e+03,1.630000000000000000e+03,-1.540200000000000000e+04,-1.800500000000000000e+04
3.862000000000000000e+03,-9.439000000000000000e+03,-6.312000000000000000e+03,-5.817000000000000000e+03,6.900000000000000000e+01,-4.639000000000000000e+03,-4.866000000000000000e+03,-1.537200000000000000e+04
-2.750000000000000000e+03,4.922000000000000000e+03,-8.881000000000000000e+03,-8.517000000000000000e+03,-1.004400000000000000e+04,-4.480000000000000000e+03,-8.120000000000000000e+02,-1.709200000000000000e+04
2.700000000000000000e+02,-7.881000000000000000e+03,-4.215000000000000000e+03,2.032000000000000000e+03,-4.368000000000000000e+03,3.653000000000000000e+03,-8.971000000000000000e+03,-1.129000000000000000e+04
1.522000000000000000e+03,-1.150600000000000000e+04,-1.167600000000000000e+04,2.130000000000000000e+02,5.562000000000000000e+03,-8.193000000000000000e+03,-6.979000000000000000e+03,-7.708000000000000000e+03
-8.050000000000000000e+03,-7.619000000000000000e+03,-2.227000000000000000e+03,-1.039200000000000000e+04,-4.480000000000000000e+03,-8.502000000000000000e+03,-5.331000000000000000e+03,7.041000000000000000e+03
-6.172000000000000000e+03,-1.050000000000000000e+04,-6.468000000000000000e+03,-1.102000000000000000e+03,3.080000000000000000e+02,-8.533000000000000000e+03,8.933000000000000000e+03,-7.731000000000000000e+03
-5.187000000000000000e+03,-1.091000000000000000e+04,6.893000000000000000e+03,-5.868000000000000000e+03,-7.350000000000000000e+02,-1.587300000000000000e+04,-6.986000000000000000e+03,5.400000000000000000e+01
-9.830000000000000000e+03,-1.133000000000000000e+04,-5.128000000000000000e+03,-1.096400000000000000e+04,-1.074800000000000000e+04,-7.864000000000000000e+03,-1.012100000000000000e+04,1.184500000000000000e+04
-5.475000000000000000e+03,-9.813000000000000000e+03,2.369000000000000000e+03,-4.275000000000000000e+03,2.942000000000000000e+03,-1.250900000000000000e+04,-5.344000000000000000e+03,-2.553000000000000000e+03
4.786000000000000000e+03,-8.538000000000000000e+03,-7.340000000000000000e+03,-7.723000000000000000e+03,1.902000000000000000e+03,-9.095000000000000000e+03,-4.290000000000000000e+03,-1.394200000000000000e+04
-7.590000000000000000e+03,-3.392000000000000000e+03,-9.812000000000000000e+03,-5.385000000000000000e+03,-8.658000000000000000e+03,-2.106000000000000000e+03,3.676000000000000000e+03,-7.442000000000000000e+03
-5.869000000000000000e+03,-4.062000000000000000e+03,-4.966000000000000000e+03,-2.364000000000000000e+03,-7.402000000000000000e+03,-2.186000000000000000e+03,-1.503000000000000000e+03,-4.962000000000000000e+03
-4.850000000000000000e+02,-5.971000000000000000e+03,-9.626000000000000000e+03,3.784000000000000000e+03,-7.582000000000000000e+03,2.630000000000000000e+02,-7.832000000000000000e+03,-1.092100000000000000e+04
-2.719000000000000000e+03,-7.042000000000000000e+03,-1.007700000000000000e+04,3.599000000000000000e+03,-8.815000000000000000e+03,7.351000000000000000e+03,-1.031200000000000000e+04,-1.496000000000000000e+04
9.330000000000000000e+02,-1.159500000000000000e+04,-8.819000000000000000e+03,3.381000000000000000e+03,-1.247500000000000000e+04,8.677000000000000000e+03,-1.043700000000000000e+04,-1.340800000000000000e+04
-5.329000000000000000e+03,-8.944000000000000000e+03,-4.599000000000000000e+03,1.809000000000000000e+03,-9.491000000000000000e+03,7.154000000000000000e+03,-8.060000000000000000e+03,-9.053000000000000000e+03
-4.036000000000000000e+03,3.174000000000000000e+03,-7.184000000000000000e+03,-3.800000000000000000e+03,-2.678000000000000000e+03,-7.578000000000000000e+03,-5.195000000000000000e+03,-4.750000000000000000e+03
5.719000000000000000e+03,-9.409000000000000000e+03,-9.448000000000000000e+03,5.845000000000000000e+03,-3.150000000000000000e+03,4.059000000000000000e+03,-1.120400000000000000e+04,-1.796900000000000000e+04
-4.115000000000000000e+03,-8.969000000000000000e+03,-5.140000000000000000e+03,-8.460000000000000000e+03,-4.967000000000000000e+03,-9.196000000000000000e+03,1.348900000000000000e+04,-5.127000000000000000e+03
-5.100000000000000000e+01,-9.848000000000000000e+03,-5.003000000000000000e+03,-3.299000000000000000e+03,-5.101000000000000000e+03,-8.697000000000000000e+03,5.501000000000000000e+03,-8.354000000000000000e+03
1.220700000000000000e+04,-9.337000000000000000e+03,-1.349000000000000000e+04,5.360000000000000000e+02,-7.911000000000000000e+03,2.780000000000000000e+02,-7.882000000000000000e+03,-1.795200000000000000e+04
5.336000000000000000e+03,-6.897000000000000000e+03,-9.709000000000000000e+03,5.700000000000000000e+02,-8.773000000000000000e+03,-1.440000000000000000e+03,-4.545000000000000000e+03,-1.453600000000000000e+04
1.087000000000000000e+03,-9.978000000000000000e+03,-8.301000000000000000e+03,2.764000000000000000e+03,-5.186000000000000000e+03,4.140000000000000000e+02,-3.050000000000000000e+02,-1.005500000000000000e+04
5.945000000000000000e+03,-8.774000000000000000e+03,-7.845000000000000000e+03,2.511000000000000000e+03,5.192000000000000000e+03,-1.264100000000000000e+04,-9.840000000000000000e+03,-1.145100000000000000e+04
-7.781000000000000000e+03,-6.411000000000000000e+03,-1.828000000000000000e+03,-9.182000000000000000e+03,-7.207000000000000000e+03,-3.864000000000000000e+03,-5.104000000000000000e+03,1.244000000000000000e+03
-9.546000000000000000e+03,2.073000000000000000e+04,-6.302000000000000000e+03,-1.263000000000000000e+03,-1.216900000000000000e+04,-1.033200000000000000e+04,-2.740000000000000000e+03,-1.301700000000000000e+04
-8.285000000000000000e+03,-1.048300000000000000e+04,-3.712000000000000000e+03,-1.154600000000000000e+04,-8.484000000000000000e+03,-1.237200000000000000e+04,-2.582000000000000000e+03,8.824000000000000000e+03
-9.958000000000000000e+03,-9.925000000000000000e+03,-4.679000000000000000e+03,-1.195100000000000000e+04,-5.795000000000000000e+03,-1.586000000000000000e+04,-7.016000000000000000e+03,9.950000000000000000e+03
-6.647000000000000000e+03,-1.138900000000000000e+04,-2.948000000000000000e+03,-9.971000000000000000e+03,-7.848000000000000000e+03,-1.776400000000000000e+04,-1.060700000000000000e+04,1.057200000000000000e+04
-8.953000000000000000e+03,-1.091900000000000000e+04,-5.240000000000000000e+02,-1.294700000000000000e+04,-7.006000000000000000e+03,-1.214800000000000000e+04,-8.027000000000000000e+03,9.975000000000000000e+03
-3.748000000000000000e+03,-6.236000000000000000e+03,-1.020700000000000000e+04,1.253000000000000000e+03,-1.133400000000000000e+04,9.513000000000000000e+03,-1.240400000000000000e+04,-8.889000000000000000e+03
-6.006000000000000000e+03,-7.939000000000000000e+03,1.320000000000000000e+03,-9.104000000000000000e+03,-4.402000000000000000e+03,-1.141000000000000000e+04,-7.309000000000000000e+03,5.916000000000000000e+03
-8.077000000000000000e+03,-6.789000000000000000e+03,-4.776000000000000000e+03,-7.200000000000000000e+02,-8.995000000000000000e+03,-9.172000000000000000e+03,9.504000000000000000e+03,-3.682000000000000000e+03
8.320000000000000000e+02,-1.099600000000000000e+04,-1.126500000000000000e+04,-8.784000000000000000e+03,1.172100000000000000e+04,-9.510000000000000000e+03,-8.038000000000000000e+03,-8.880000000000000000e+03
4.653000000000000000e+03,-7.563000000000000000e+03,-4.741000000000000000e+03,8.440000000000000000e+02,-3.230000000000000000e+02,-6.673000000000000000e+03,-1.165300000000000000e+04,-1.811200000000000000e+04
-2.096000000000000000e+03,-6.846000000000000000e+03,-5.850000000000000000e+03,4.883000000000000000e+03,-3.551000000000000000e+03,-8.024000000000000000e+03,-3.956000000000000000e+03,-1.408500000000000000e+04
6.278000000000000000e+03,-8.578000000000000000e+03,-1.228900000000000000e+04,2.177000000000000000e+03,7.330000000000000000e+02,-4.237000000000000000e+03,-1.061500000000000000e+04,-1.637400000000000000e+04
-4.344000000000000000e+03,-1.016600000000000000e+04,-7.428000000000000000e+03,-4.446000000000000000e+03,-3.406000000000000000e+03,-8.170000000000000000e+03,7.606000000000000000e+03,-8.958000000000000000e+03
-8.059000000000000000e+03,-1.173400000000000000e+04,-6.077000000000000000e+03,-9.074000000000000000e+03,-7.168000000000000000e+03,-1.370400000000000000e+04,-1.096000000000000000e+04,1.108200000000000000e+04
-1.178900000000000000e+04,-1.124300000000000000e+04,-6.456000000000000000e+03,-1.147900000000000000e+04,-1.028000000000000000e+04,-1.277000000000000000e+04,-5.717000000000000000e+03,1.241600000000000000e+04
1.980000000000000000e+03,-8.983000000000000000e+03,-3.858000000000000000e+03,2.997000000000000000e+03,-9.450000000000000000e+02,-9.289000000000000000e+03,-3.162000000000000000e+03,-8.857000000000000000e+03
-7.071000000000000000e+03,-7.915000000000000000e+03,-6.270000000000000000e+02,2.940000000000000000e+02,-5.883000000000000000e+03,-1.018600000000000000e+04,7.165000000000000000e+03,-8.475000000000000000e+03
-3.898000000000000000e+03,-1.003400000000000000e+04,-2.562000000000000000e+03,-4.901000000000000000e+03,8.210000000000000000e+03,-1.261200000000000000e+04,-1.074700000000000000e+04,-5.853000000000000000e+03
4.662000000000000000e+03,-9.522000000000000000e+03,-6.430000000000000000e+03,1.415000000000000000e+03,-4.323000000000000000e+03,6.572000000000000000e+03,-1.124300000000000000e+04,-1.518100000000000000e+04
-9.292000000000000000e+03,1.217200000000000000e+04,-8.299000000000000000e+03,1.023000000000000000e+03,-1.380300000000000000e+04,-7.100000000000000000e+03,-4.195000000000000000e+03,-1.361500000000000000e+04
-1.165600000000000000e+04,-7.709000000000000000e+03,-6.354000000000000000e+03,-9.485000000000000000e+03,-8.291000000000000000e+03,-1.031600000000000000e+04,-6.465000000000000000e+03,1.093100000000000000e+04
-4.837000000000000000e+03,-5.906000000000000000e+03,-2.338000000000000000e+03,9.050000000000000000e+02,3.147000000000000000e+03,-4.608000000000000000e+03,-6.778000000000000000e+03,-1.276700000000000000e+04
-7.120000000000000000e+03,-6.821000000000000000e+03,-4.269000000000000000e+03,-9.320000000000000000e+03,-4.899000000000000000e+03,-7.088000000000000000e+03,-4.529000000000000000e+03,7.345000000000000000e+03
-1.007600000000000000e+04,-1.000200000000000000e+04,-4.080000000000000000e+02,-9.929000000000000000e+03,-2.895000000000000000e+03,-1.123100000000000000e+04,-9.186000000000000000e+03,8.523000000000000000e+03
-7.311000000000000000e+03,-2.419000000000000000e+03,-4.114000000000000000e+03,-3.062000000000000000e+03,-6.251000000000000000e+03,-1.050100000000000000e+04,8.201000000000000000e+03,-8.032000000000000000e+03
-6.669000000000000000e+03,2.131000000000000000e+03,-8.890000000000000000e+03,-1.052000000000000000e+03,-7.809000000000000000e+03,-5.552000000000000000e+03,-5.926000000000000000e+03,-5.693000000000000000e+03
-7.352000000000000000e+03,-4.830000000000000000e+03,-2.756000000000000000e+03,-8.663000000000000000e+03,-5.594000000000000000e+03,-9.341000000000000000e+03,1.031500000000000000e+04,-4.765000000000000000e+03
-1.089300000000000000e+04,-5.341000000000000000e+03,-7.295000000000000000e+03,-5.888000000000000000e+03,-1.032500000000000000e+04,-9.209000000000000000e+03,1.097900000000000000e+04,-8.273000000000000000e+03
-1.271100000000000000e+04,-1.556000000000000000e+03,-8.565000000000000000e+03,-6.737000000000000000e+03,-1.250500000000000000e+04,-1.225800000000000000e+04,-7.918000000000000000e+03,8.212000000000000000e+03
-1.414000000000000000e+03,-8.091000000000000000e+03,-3.020000000000000000e+03,-5.641000000000000000e+03,-1.321000000000000000e+03,-1.114000000000000000e+04,7.809000000000000000e+03,-6.125000000000000000e+03
-5.856000000000000000e+03,1.117900000000000000e+04,-7.425000000000000000e+03,-4.531000000000000000e+03,-1.273800000000000000e+04,-8.387000000000000000e+03,-1.715000000000000000e+03,-1.270700000000000000e+04
-9.098000000000000000e+03,-9.571000000000000000e+03,-2.903000000000000000e+03,-6.201000000000000000e+03,-1.146000000000000000e+03,-8.360000000000000000e+03,8.830000000000000000e+03,-5.497000000000000000e+03
-7.054000000000000000e+03,-7.726000000000000000e+03,-6.715000000000000000e+03,-7.181000000000000000e+03,-6.407000000000000000e+03,-7.916000000000000000e+03,1.257300000000000000e+04,-6.103000000000000000e+03
-7.985000000000000000e+03,-7.876000000000000000e+03,-6.409000000000000000e+03,-4.992000000000000000e+03,-8.592000000000000000e+03,-7.576000000000000000e+03,8.142000000000000000e+03,-2.965000000000000000e+03
2.600000000000000000e+02,-2.663000000000000000e+03,-7.478000000000000000e+03,2.395000000000000000e+03,-3.028000000000000000e+03,-4.435000000000000000e+03,-1.190300000000000000e+04,-1.730900000000000000e+04
-3.978000000000000000e+03,1.050500000000000000e+04,-9.799000000000000000e+03,-2.605000000000000000e+03,-1.307900000000000000e+04,-8.480000000000000000e+02,-7.507000000000000000e+03,-1.407800000000000000e+04
-5.171000000000000000e+03,-6.304000000000000000e+03,-8.855000000000000000e+03,-6.188000000000000000e+03,-9.935000000000000000e+03,-6.497000000000000000e+03,9.571000000000000000e+03,-5.135000000000000000e+03
-6.893000000000000000e+03,-7.948000000000000000e+03,7.980000000000000000e+02,-3.920000000000000000e+03,-3.671000000000000000e+03,-8.667000000000000000e+03,7.209000000000000000e+03,-6.609000000000000000e+03
-4.621000000000000000e+03,-3.065000000000000000e+03,-1.244400000000000000e+04,3.800000000000000000e+03,-1.237200000000000000e+04,2.830000000000000000e+02,-8.094000000000000000e+03,-1.111900000000000000e+04
-1.174800000000000000e+04,-1.026100000000000000e+04,-5.986000000000000000e+03,-8.584000000000000000e+03,-6.461000000000000000e+03,-1.350800000000000000e+04,-7.854000000000000000e+03,1.052400000000000000e+04
-4.550000000000000000e+02,-5.638000000000000000e+03,-8.643000000000000000e+03,1.158000000000000000e+03,-1.001900000000000000e+04,-1.504000000000000000e+03,-6.760000000000000000e+02,-1.154000000000000000e+04
-7.583000000000000000e+03,8.310000000000000000e+03,-3.228000000000000000e+03,-6.642000000000000000e+03,-5.107000000000000000e+03,-1.061500000000000000e+04,-1.018000000000000000e+03,-1.720000000000000000e+02
-7.679000000000000000e+03,-1.003100000000000000e+04,-6.255000000000000000e+03,-1.260800000000000000e+04,-9.207000000000000000e+03,-1.014800000000000000e+04,-8.352000000000000000e+03,1.082400000000000000e+04
-8.792000000000000000e+03,-1.009600000000000000e+04,-4.478000000000000000e+03,-9.062000000000000000e+03,-7.041000000000000000e+03,-1.663100000000000000e+04,-4.680000000000000000e+03,1.007400000000000000e+04
-2.092000000000000000e+03,-4.535000000000000000e+03,-1.066800000000000000e+04,1.818000000000000000e+03,-8.596000000000000000e+03,2.018000000000000000e+03,-3.400000000000000000e+02,-7.754000000000000000e+03
-3.483000000000000000e+03,-7.078000000000000000e+03,-7.106000000000000000e+03,5.784000000000000000e+03,-1.124500000000000000e+04,4.948000000000000000e+03,-1.203500000000000000e+04,-1.530700000000000000e+04
-4.658000000000000000e+03,1.074100000000000000e+04,-9.688000000000000000e+03,-5.358000000000000000e+03,-8.488000000000000000e+03,-8.217000000000000000e+03,-4.620000000000000000e+02,-1.585500000000000000e+04
-5.011000000000000000e+03,-1.144900000000000000e+04,-3.840000000000000000e+02,-7.091000000000000000e+03,-9.200000000000000000e+01,-1.087800000000000000e+04,-9.740000000000000000e+02,8.590000000000000000e+02
1.180000000000000000e+04,-8.076000000000000000e+03,-1.203600000000000000e+04,4.170000000000000000e+03,-6.128000000000000000e+03,-6.899000000000000000e+03,-1.176300000000000000e+04,-1.704300000000000000e+04
1.493300000000000000e+04,-8.166000000000000000e+03,-3.900000000000000000e+03,-4.312000000000000000e+03,-4.948000000000000000e+03,-2.250000000000000000e+03,-5.806000000000000000e+03,-1.852200000000000000e+04
-7.526000000000000000e+03,-1.267400000000000000e+04,6.500000000000000000e+02,-1.109500000000000000e+04,-3.622000000000000000e+03,-1.393100000000000000e+04,-1.099300000000000000e+04,6.158000000000000000e+03
-7.395000000000000000e+03,-1.247100000000000000e+04,4.188000000000000000e+03,-1.038800000000000000e+04,2.511000000000000000e+03,-1.571000000000000000e+04,-6.462000000000000000e+03,-2.530000000000000000e+02
-8.797000000000000000e+03,-7.290000000000000000e+02,-9.760000000000000000e+03,-9.505000000000000000e+03,-6.521000000000000000e+03,-7.444000000000000000e+03,1.168700000000000000e+04,-7.575000000000000000e+03
-5.251000000000000000e+03,-1.021900000000000000e+04,-5.240000000000000000e+03,-9.466000000000000000e+03,-1.074900000000000000e+04,-1.205400000000000000e+04,-6.785000000000000000e+03,9.627000000000000000e+03
-8.247000000000000000e+03,6.135000000000000000e+03,-8.270000000000000000e+03,-2.262000000000000000e+03,-9.967000000000000000e+03,-3.815000000000000000e+03,-4.272000000000000000e+03,-1.110500000000000000e+04
-4.193000000000000000e+03,-5.463000000000000000e+03,-5.378000000000000000e+03,2.955000000000000000e+03,-3.655000000000000000e+03,-2.437000000000000000e+03,-1.710000000000000000e+03,-9.939000000000000000e+03
-5.829000000000000000e+03,-8.138000000000000000e+03,-3.362000000000000000e+03,2.420000000000000000e+02,-6.514000000000000000e+03,-7.696000000000000000e+03,1.669900000000000000e+04,-7.951000000000000000e+03
1.009000000000000000e+04,-8.940000000000000000e+03,-6.990000000000000000e+03,5.607000000000000000e+03,-5.785000000000000000e+03,-4.700000000000000000e+01,-1.339100000000000000e+04,-2.202800000000000000e+04
-5.074000000000000000e+03,-7.336000000000000000e+03,-7.366000000000000000e+03,-6.025000000000000000e+03,-7.252000000000000000e+03,-8.437000000000000000e+03,9.220000000000000000e+03,-5.758000000000000000e+03
2.700000000000000000e+02,9.323000000000000000e+03,-7.189000000000000000e+03,-6.250000000000000000e+03,-3.596000000000000000e+03,-8.876000000000000000e+03,-2.028000000000000000e+03,-1.397400000000000000e+04
-8.925000000000000000e+03,-6.997000000000000000e+03,-5.737000000000000000e+03,-8.435000000000000000e+03,-9.403000000000000000e+03,-1.182400000000000000e+04,1.483800000000000000e+04,-5.206000000000000000e+03
7.300000000000000000e+03,-7.923000000000000000e+03,-5.767000000000000000e+03,-2.681000000000000000e+03,-3.915000000000000000e+03,-2.269000000000000000e+03,-5.804000000000000000e+03,-1.766900000000000000e+04
-5.936000000000000000e+03,-7.718000000000000000e+03,-5.590000000000000000e+03,-9.934000000000000000e+03,-6.664000000000000000e+03,-1.337700000000000000e+04,-5.420000000000000000e+03,1.061800000000000000e+04
-4.323000000000000000e+03,-1.196100000000000000e+04,-5.802000000000000000e+03,-4.805000000000000000e+03,-6.071000000000000000e+03,-7.675000000000000000e+03,1.669200000000000000e+04,-4.333000000000000000e+03
-1.247000000000000000e+03,-7.408000000000000000e+03,-5.018000000000000000e+03,-6.303000000000000000e+03,-4.800000000000000000e+02,-1.080400000000000000e+04,5.620000000000000000e+02,-2.257000000000000000e+03
-5.614000000000000000e+03,2.319000000000000000e+03,-3.640000000000000000e+03,1.203000000000000000e+03,-1.003200000000000000e+04,-1.313100000000000000e+04,2.243000000000000000e+03,-1.292400000000000000e+04
-7.388000000000000000e+03,1.186300000000000000e+04,-8.065000000000000000e+03,-6.661000000000000000e+03,-9.503000000000000000e+03,-1.383200000000000000e+04,1.765000000000000000e+03,-1.117200000000000000e+04
-7.573000000000000000e+03,-1.102000000000000000e+04,2.108000000000000000e+03,-7.675000000000000000e+03,-1.388000000000000000e+03,-1.680000000000000000e+04,-9.811000000000000000e+03,5.181000000000000000e+03
1.317000000000000000e+03,-6.757000000000000000e+03,-1.237800000000000000e+04,4.790000000000000000e+03,-5.189000000000000000e+03,1.218000000000000000e+03,-9.622000000000000000e+03,-1.661300000000000000e+04
4.303000000000000000e+03,-3.595000000000000000e+03,-1.611400000000000000e+04,5.800000000000000000e+02,-1.120800000000000000e+04,4.501000000000000000e+03,-1.439400000000000000e+04,-1.628800000000000000e+04
-2.290000000000000000e+03,-6.869000000000000000e+03,-9.507000000000000000e+03,5.006000000000000000e+03,-1.029300000000000000e+04,1.164700000000000000e+04,-1.735600000000000000e+04,-9.007000000000000000e+03
-1.001300000000000000e+04,9.520000000000000000e+03,-8.707000000000000000e+03,-3.969000000000000000e+03,-1.131800000000000000e+04,-4.247000000000000000e+03,-1.387000000000000000e+03,-1.239200000000000000e+04
-1.093800000000000000e+04,-1.305200000000000000e+04,-7.630000000000000000e+02,-1.074100000000000000e+04,-5.498000000000000000e+03,-1.040400000000000000e+04,-1.253800000000000000e+04,7.811000000000000000e+03
3.900000000000000000e+01,-8.651000000000000000e+03,-6.210000000000000000e+03,-1.762000000000000000e+03,-4.106000000000000000e+03,7.146000000000000000e+03,-4.991000000000000000e+03,-1.343600000000000000e+04
5.579000000000000000e+03,-6.917000000000000000e+03,-1.279100000000000000e+04,7.900000000000000000e+01,-9.042000000000000000e+03,-3.660000000000000000e+02,-9.471000000000000000e+03,-1.766000000000000000e+04
-5.721000000000000000e+03,-7.183000000000000000e+03,-4.493000000000000000e+03,8.300000000000000000e+01,-4.627000000000000000e+03,-1.058500000000000000e+04,1.105400000000000000e+04,-4.206000000000000000e+03
-8.161000000000000000e+03,-1.882000000000000000e+03,-3.717000000000000000e+03,-3.403000000000000000e+03,-1.003500000000000000e+04,-1.412500000000000000e+04,8.545000000000000000e+03,-9.501000000000000000e+03
-8.803000000000000000e+03,1.201800000000000000e+04,-9.252000000000000000e+03,-6.487000000000000000e+03,-1.337500000000000000e+04,-4.189000000000000000e+03,-3.543000000000000000e+03,-1.459800000000000000e+04
-3.805000000000000000e+03,-9.446000000000000000e+03,-2.748000000000000000e+03,2.624000000000000000e+03,-5.409000000000000000e+03,-5.705000000000000000e+03,1.461000000000000000e+03,-8.678000000000000000e+03
-7.093000000000000000e+03,-1.185300000000000000e+04,8.163000000000000000e+03,-9.968000000000000000e+03,-2.774000000000000000e+03,-1.174700000000000000e+04,-8.675000000000000000e+03,5.600000000000000000e+01
2.340000000000000000e+02,-1.001300000000000000e+04,1.778000000000000000e+03,1.168000000000000000e+03,6.630000000000000000e+02,-1.004800000000000000e+04,-3.537000000000000000e+03,-7.290000000000000000e+03
-7.131000000000000000e+03,-1.077800000000000000e+04,2.352000000000000000e+03,-1.082100000000000000e+04,1.905000000000000000e+03,-1.569100000000000000e+04,-7.847000000000000000e+03,3.913000000000000000e+03
-1.117200000000000000e+04,-1.095200000000000000e+04,-5.619000000000000000e+03,-1.198100000000000000e+04,-9.610000000000000000e+03,-1.448400000000000000e+04,-9.224000000000000000e+03,1.499600000000000000e+04
4.640000000000000000e+03,-1.064700000000000000e+04,-6.675000000000000000e+03,-6.662000000000000000e+03,5.073000000000000000e+03,-1.427000000000000000e+03,-7.578000000000000000e+03,-1.091200000000000000e+04
4.220000000000000000e+02,-7.446000000000000000e+03,-3.640000000000000000e+03,4.833000000000000000e+03,-4.809000000000000000e+03,-6.537000000000000000e+03,-1.878000000000000000e+03,-1.642500000000000000e+04
4.673000000000000000e+03,-5.890000000000000000e+03,-1.205700000000000000e+04,2.050000000000000000e+02,-5.677000000000000000e+03,-9.380000000000000000e+02,-1.153300000000000000e+04,-1.767900000000000000e+04
-6.658000000000000000e+03,-9.584000000000000000e+03,-4.476000000000000000e+03,-6.822000000000000000e+03,-4.553000000000000000e+03,-5.901000000000000000e+03,8.590000000000000000e+03,-5.644000000000000000e+03
-4.647000000000000000e+03,-7.454000000000000000e+03,-4.038000000000000000e+03,-7.915000000000000000e+03,-5.292000000000000000e+03,-1.065200000000000000e+04,8.106000000000000000e+03,-4.357000000000000000e+03
-6.577000000000000000e+03,-6.270000000000000000e+03,-4.320000000000000000e+03,2.252000000000000000e+03,-3.577000000000000000e+03,-9.219000000000000000e+03,-2.064000000000000000e+03,-1.227600000000000000e+04
-7.051000000000000000e+03,-8.493000000000000000e+03,-5.325000000000000000e+03,-4.462000000000000000e+03,-7.216000000000000000e+03,-9.224000000000000000e+03,1.540200000000000000e+04,-5.091000000000000000e+03
4.610000000000000000e+02,-9.949000000000000000e+03,-6.244000000000000000e+03,-4.465000000000000000e+03,5.100000000000000000e+03,-9.183000000000000000e+03,-3.657000000000000000e+03,-5.225000000000000000e+03
-1.867000000000000000e+03,2.063000000000000000e+03,-8.764000000000000000e+03,-3.238000000000000000e+03,-1.162300000000000000e+04,-4.152000000000000000e+03,-5.222000000000000000e+03,-9.023000000000000000e+03
-8.707000000000000000e+03,-9.264000000000000000e+03,-5.748000000000000000e+03,-8.773000000000000000e+03,-7.391000000000000000e+03,-5.230000000000000000e+03,1.369600000000000000e+04,-4.060000000000000000e+03
-3.305000000000000000e+03,-8.300000000000000000e+03,-6.306000000000000000e+03,-1.210800000000000000e+04,-8.649000000000000000e+03,-8.345000000000000000e+03,8.213000000000000000e+03,-6.079000000000000000e+03
-9.286000000000000000e+03,-1.402000000000000000e+03,-1.000500000000000000e+04,-1.193000000000000000e+03,-1.177900000000000000e+04,-8.235000000000000000e+03,-9.790000000000000000e+02,-8.827000000000000000e+03
8.830000000000000000e+02,-5.479000000000000000e+03,-9.255000000000000000e+03,2.888000000000000000e+03,-1.011000000000000000e+04,4.821000000000000000e+03,-1.297900000000000000e+04,-1.697100000000000000e+04
-7.287000000000000000e+03,-6.530000000000000000e+03,-2.448000000000000000e+03,-3.350000000000000000e+02,-1.005400000000000000e+04,-1.051300000000000000e+04,9.800000000000000000e+03,-7.289000000000000000e+03
-5.155000000000000000e+03,-8.400000000000000000e+01,-9.073000000000000000e+03,-7.106000000000000000e+03,-9.325000000000000000e+03,-3.386000000000000000e+03,1.014000000000000000e+03,-9.508000000000000000e+03
-1.062900000000000000e+04,-4.712000000000000000e+03,-7.158000000000000000e+03,2.406000000000000000e+03,-9.377000000000000000e+03,-8.651000000000000000e+03,8.102000000000000000e+03,-4.539000000000000000e+03
-3.832000000000000000e+03,-4.881000000000000000e+03,-1.158800000000000000e+04,-9.920000000000000000e+02,-7.234000000000000000e+03,2.387000000000000000e+03,-9.675000000000000000e+03,-1.160800000000000000e+04
-7.694000000000000000e+03,-7.204000000000000000e+03,-8.178000000000000000e+03,-5.574000000000000000e+03,-7.440000000000000000e+03,-4.311000000000000000e+03,1.252900000000000000e+04,-8.175000000000000000e+03
2.563000000000000000e+03,-7.745000000000000000e+03,-6.957000000000000000e+03,5.037000000000000000e+03,-7.159000000000000000e+03,2.623000000000000000e+03,-1.146000000000000000e+04,-6.320000000000000000e+03
-7.780000000000000000e+03,-6.936000000000000000e+03,-1.753000000000000000e+03,-7.444000000000000000e+03,-4.684000000000000000e+03,-9.246000000000000000e+03,-7.282000000000000000e+03,8.559000000000000000e+03
-1.625000000000000000e+03,6.923000000000000000e+03,-8.239000000000000000e+03,1.380000000000000000e+03,-9.027000000000000000e+03,-6.636000000000000000e+03,-3.664000000000000000e+03,-1.094500000000000000e+04
-5.548000000000000000e+03,-9.080000000000000000e+03,-5.037000000000000000e+03,1.300000000000000000e+02,-6.167000000000000000e+03,-9.237000000000000000e+03,1.319200000000000000e+04,-6.122000000000000000e+03
-8.651000000000000000e+03,-1.037300000000000000e+04,-6.414000000000000000e+03,-9.659000000000000000e+03,-9.980000000000000000e+03,-1.676700000000000000e+04,-1.083000000000000000e+04,1.214100000000000000e+04
-1.057200000000000000e+04,-9.665000000000000000e+03,-6.415000000000000000e+03,-1.074500000000000000e+04,-7.550000000000000000e+03,-1.163200000000000000e+04,-9.034000000000000000e+03,1.356700000000000000e+04
-4.913000000000000000e+03,9.866000000000000000e+03,-9.563000000000000000e+03,-3.390000000000000000e+03,-1.277400000000000000e+04,-4.024000000000000000e+03,-9.002000000000000000e+03,-1.809300000000000000e+04
-1.359600000000000000e+04,-9.446000000000000000e+03,-3.896000000000000000e+03,-6.398000000000000000e+03,-1.122700000000000000e+04,-1.545200000000000000e+04,-7.972000000000000000e+03,1.205400000000000000e+04
-9.894000000000000000e+03,-1.291800000000000000e+04,-5.889000000000000000e+03,-1.093200000000000000e+04,-7.293000000000000000e+03,-1.522200000000000000e+04,-4.207000000000000000e+03,9.721000000000000000e+03
-5.446000000000000000e+03,-1.379000000000000000e+03,-8.221000000000000000e+03,-6.842000000000000000e+03,-9.783000000000000000e+03,-1.058200000000000000e+04,9.276000000000000000e+03,-9.865000000000000000e+03
8.130000000000000000e+02,-4.048000000000000000e+03,-1.066500000000000000e+04,3.488000000000000000e+03,-7.432000000000000000e+03,-6.391000000000000000e+03,-6.881000000000000000e+03,-1.477300000000000000e+04
-9.252000000000000000e+03,-2.453000000000000000e+03,-7.553000000000000000e+03,-8.768000000000000000e+03,-9.092000000000000000e+03,-7.684000000000000000e+03,1.327300000000000000e+04,-4.365000000000000000e+03
8.081000000000000000e+03,-6.149000000000000000e+03,-5.659000000000000000e+03,3.279000000000000000e+03,-1.913000000000000000e+03,-4.675000000000000000e+03,-1.125400000000000000e+04,-1.492600000000000000e+04
-9.278000000000000000e+03,-1.130700000000000000e+04,1.060000000000000000e+02,-1.063500000000000000e+04,-2.178000000000000000e+03,-1.567100000000000000e+04,-5.403000000000000000e+03,6.927000000000000000e+03
6.577000000000000000e+03,-7.718000000000000000e+03,-1.178500000000000000e+04,2.139000000000000000e+03,-7.702000000000000000e+03,3.000000000000000000e+01,-6.424000000000000000e+03,-1.218300000000000000e+04
5.718000000000000000e+03,-8.777000000000000000e+03,-8.645000000000000000e+03,3.574000000000000000e+03,-5.373000000000000000e+03,-3.592000000000000000e+03,-7.401000000000000000e+03,-1.354900000000000000e+04
-4.545000000000000000e+03,-1.121900000000000000e+04,-6.473000000000000000e+03,-4.229000000000000000e+03,9.422000000000000000e+03,-1.255100000000000000e+04,-6.892000000000000000e+03,-2.802000000000000000e+03
-8.026000000000000000e+03,1.614700000000000000e+04,-1.089000000000000000e+04,-6.731000000000000000e+03,-1.010400000000000000e+04,-5.696000000000000000e+03,-5.136000000000000000e+03,-1.413400000000000000e+04
-1.368200000000000000e+04,-6.963000000000000000e+03,-6.269000000000000000e+03,-1.071700000000000000e+04,-9.970000000000000000e+03,-1.066800000000000000e+04,-9.616000000000000000e+03,1.274200000000000000e+04
6.006000000000000000e+03,-5.450000000000000000e+03,-9.244000000000000000e+03,6.581000000000000000e+03,-7.395000000000000000e+03,-1.098000000000000000e+03,-9.109000000000000000e+03,-1.469800000000000000e+04
-3.207000000000000000e+03,-5.824000000000000000e+03,-7.883000000000000000e+03,7.560000000000000000e+02,-7.299000000000000000e+03,5.425000000000000000e+03,-2.451000000000000000e+03,-6.519000000000000000e+03
-2.925000000000000000e+03,-7.577000000000000000e+03,9.294000000000000000e+03,3.639000000000000000e+03,-4.300000000000000000e+03,-9.575000000000000000e+03,-3.674000000000000000e+03,-9.482000000000000000e+03
-5.035000000000000000e+03,-1.248000000000000000e+04,1.087000000000000000e+03,-9.704000000000000000e+03,7.646000000000000000e+03,-1.380500000000000000e+04,-8.792000000000000000e+03,-3.551000000000000000e+03
-7.294000000000000000e+03,-1.048900000000000000e+04,6.169000000000000000e+03,-8.242000000000000000e+03,1.703000000000000000e+03,-1.295100000000000000e+04,-8.882000000000000000e+03,-5.290000000000000000e+02
-6.059000000000000000e+03,-1.113700000000000000e+04,-2.816000000000000000e+03,-6.689000000000000000e+03,6.630000000000000000e+02,-1.420200000000000000e+04,-8.361000000000000000e+03,7.023000000000000000e+03
-3.891000000000000000e+03,-1.105000000000000000e+04,-5.985000000000000000e+03,-4.410000000000000000e+03,3.874000000000000000e+03,-1.295200000000000000e+04,2.903000000000000000e+03,-3.358000000000000000e+03
-4.913000000000000000e+03,-3.683000000000000000e+03,-8.753000000000000000e+03,4.477000000000000000e+03,-1.664500000000000000e+04,3.032000000000000000e+03,-8.737000000000000000e+03,-1.454800000000000000e+04
-8.169000000000000000e+03,-1.015500000000000000e+04,-6.714000000000000000e+03,-1.102700000000000000e+04,-7.199000000000000000e+03,-1.827000000000000000e+04,-6.780000000000000000e+03,1.243600000000000000e+04
-5.120000000000000000e+02,-7.115000000000000000e+03,-3.483000000000000000e+03,6.447000000000000000e+03,-1.351700000000000000e+04,3.103000000000000000e+03,-1.114500000000000000e+04,-1.412600000000000000e+04
-4.214000000000000000e+03,-1.393000000000000000e+04,8.283000000000000000e+03,-8.739000000000000000e+03,1.126000000000000000e+03,-1.160800000000000000e+04,-5.439000000000000000e+03,-3.447000000000000000e+03
-6.500000000000000000e+02,1.903000000000000000e+03,-1.437100000000000000e+04,-1.527000000000000000e+03,-1.078300000000000000e+04,-3.562000000000000000e+03,-4.912000000000000000e+03,-1.799200000000000000e+04
3.771000000000000000e+03,1.240000000000000000e+03,-1.109200000000000000e+04,-1.193000000000000000e+03,-1.036600000000000000e+04,-2.730000000000000000e+03,-1.125300000000000000e+04,-1.652500000000000000e+04
1.676900000000000000e+04,-9.693000000000000000e+03,-9.364000000000000000e+03,-2.346000000000000000e+03,-8.047000000000000000e+03,-2.832000000000000000e+03,-7.036000000000000000e+03,-1.751300000000000000e+04
1.030000000000000000e+03,-7.301000000000000000e+03,-9.646000000000000000e+03,6.452000000000000000e+03,-3.839000000000000000e+03,-7.417000000000000000e+03,-2.925000000000000000e+03,-1.508000000000000000e+04
-1.145400000000000000e+04,-6.510000000000000000e+03,-6.207000000000000000e+03,-7.451000000000000000e+03,-9.033000000000000000e+03,-1.177500000000000000e+04,-6.442000000000000000e+03,9.814000000000000000e+03
-4.169000000000000000e+03,1.454600000000000000e+04,-7.528000000000000000e+03,-6.678000000000000000e+03,-6.881000000000000000e+03,-1.067500000000000000e+04,-3.224000000000000000e+03,-1.264700000000000000e+04
2.693000000000000000e+03,-7.684000000000000000e+03,-9.185000000000000000e+03,-5.740000000000000000e+03,6.615000000000000000e+03,-5.267000000000000000e+03,-4.213000000000000000e+03,-1.039500000000000000e+04
-5.704000000000000000e+03,5.862000000000000000e+03,-1.048600000000000000e+04,-2.988000000000000000e+03,-1.307600000000000000e+04,-5.031000000000000000e+03,-3.487000000000000000e+03,-1.278500000000000000e+04
2.852000000000000000e+03,5.931000000000000000e+03,-1.272000000000000000e+04,-5.362000000000000000e+03,-4.600000000000000000e+03,-7.086000000000000000e+03,-5.642000000000000000e+03,-1.552400000000000000e+04
-5.846000000000000000e+03,-8.896000000000000000e+03,-6.601000000000000000e+03,-4.808000000000000000e+03,-6.000000000000000000e+03,-7.492000000000000000e+03,1.665300000000000000e+04,-7.334000000000000000e+03
4.519000000000000000e+03,-4.745000000000000000e+03,-9.133000000000000000e+03,3.199000000000000000e+03,-4.783000000000000000e+03,-7.750000000000000000e+02,-9.552000000000000000e+03,-1.773700000000000000e+04
-2.079000000000000000e+03,1.165000000000000000e+03,-7.241000000000000000e+03,-7.730000000000000000e+02,-8.750000000000000000e+02,-2.424000000000000000e+03,-4.826000000000000000e+03,-9.560000000000000000e+02
2.244000000000000000e+03,-7.821000000000000000e+03,-1.010200000000000000e+04,5.508000000000000000e+03,-1.338600000000000000e+04,6.185000000000000000e+03,-1.269000000000000000e+04,-1.377500000000000000e+04
-1.395000000000000000e+03,-2.633000000000000000e+03,-7.939000000000000000e+03,2.197000000000000000e+03,-8.484000000000000000e+03,4.817000000000000000e+03,-6.791000000000000000e+03,-7.544000000000000000e+03
-7.220000000000000000e+02,-6.143000000000000000e+03,-9.411000000000000000e+03,-8.280000000000000000e+02,-9.290000000000000000e+02,3.787000000000000000e+03,-6.414000000000000000e+03,-9.265000000000000000e+03
-6.543000000000000000e+03,7.564000000000000000e+03,-9.250000000000000000e+03,-7.796000000000000000e+03,-1.231500000000000000e+04,-9.538000000000000000e+03,3.037000000000000000e+03,-7.941000000000000000e+03
-1.241900000000000000e+04,-7.154000000000000000e+03,-3.790000000000000000e+03,-8.421000000000000000e+03,-6.962000000000000000e+03,-1.617200000000000000e+04,-4.976000000000000000e+03,1.246400000000000000e+04
-6.960000000000000000e+03,1.363900000000000000e+04,-6.550000000000000000e+03,-1.350000000000000000e+02,-8.485000000000000000e+03,-4.770000000000000000e+03,-5.549000000000000000e+03,-1.267600000000000000e+04
-1.739000000000000000e+03,3.836000000000000000e+03,-1.249700000000000000e+04,1.188000000000000000e+03,-1.182900000000000000e+04,8.640000000000000000e+02,-9.172000000000000000e+03,-1.114700000000000000e+04
-3.219000000000000000e+03,1.018200000000000000e+04,-4.972000000000000000e+03,-3.117000000000000000e+03,-9.425000000000000000e+03,-9.582000000000000000e+03,-2.294000000000000000e+03,-1.701900000000000000e+04
-4.744000000000000000e+03,-9.170000000000000000e+03,9.620000000000000000e+02,-2.293000000000000000e+03,7.718000000000000000e+03,-9.835000000000000000e+03,-1.471100000000000000e+04,-2.504000000000000000e+03
-1.020300000000000000e+04,-1.043100000000000000e+04,-7.069000000000000000e+03,-9.062000000000000000e+03,-9.457000000000000000e+03,-1.594200000000000000e+04,-9.399000000000000000e+03,1.286400000000000000e+04
2.470000000000000000e+02,-9.865000000000000000e+03,-2.721000000000000000e+03,1.541000000000000000e+03,2.103000000000000000e+03,-9.055000000000000000e+03,-6.443000000000000000e+03,-1.207600000000000000e+04
-5.460000000000000000e+02,-7.759000000000000000e+03,-6.838000000000000000e+03,4.324000000000000000e+03,-7.618000000000000000e+03,6.284000000000000000e+03,-1.009300000000000000e+04,-1.440800000000000000e+04
-3.958000000000000000e+03,-5.985000000000000000e+03,-8.400000000000000000e+03,-3.300000000000000000e+02,-7.291000000000000000e+03,4.408000000000000000e+03,-5.779000000000000000e+03,-8.271000000000000000e+03
-5.440000000000000000e+03,-4.719000000000000000e+03,-6.856000000000000000e+03,3.208000000000000000e+03,-3.689000000000000000e+03,-1.868000000000000000e+03,2.865000000000000000e+03,-8.088000000000000000e+03
-5.119000000000000000e+03,1.196200000000000000e+04,-1.097800000000000000e+04,-1.490000000000000000e+02,-1.340800000000000000e+04,-4.912000000000000000e+03,-4.265000000000000000e+03,-1.193300000000000000e+04
-4.810000000000000000e+02,-3.093000000000000000e+03,-1.064500000000000000e+04,1.523000000000000000e+03,-1.137100000000000000e+04,1.628000000000000000e+03,-8.538000000000000000e+03,-9.827000000000000000e+03
6.347000000000000000e+03,-8.309000000000000000e+03,-6.989000000000000000e+03,-2.881000000000000000e+03,3.624000000000000000e+03,-1.179700000000000000e+04,-6.991000000000000000e+03,-4.168000000000000000e+03
-1.037500000000000000e+04,-8.164000000000000000e+03,-5.373000000000000000e+03,-7.920000000000000000e+03,-7.585000000000000000e+03,-5.162000000000000000e+03,-4.460000000000000000e+03,7.965000000000000000e+03
-6.399000000000000000e+03,-1.172900000000000000e+04,2.595000000000000000e+03,-6.096000000000000000e+03,-4.013000000000000000e+03,-1.482700000000000000e+04,-7.830000000000000000e+02,4.273000000000000000e+03
-4.545000000000000000e+03,4.603000000000000000e+03,-1.095300000000000000e+04,-8.109000000000000000e+03,-1.271900000000000000e+04,-2.670000000000000000e+03,-3.877000000000000000e+03,-1.992200000000000000e+04
-3.334000000000000000e+03,-5.531000000000000000e+03,-1.226900000000000000e+04,4.632000000000000000e+03,-1.044900000000000000e+04,5.710000000000000000e+03,-8.837000000000000000e+03,-4.552000000000000000e+03
-5.569000000000000000e+03,-9.384000000000000000e+03,-5.662000000000000000e+03,-1.234900000000000000e+04,-8.904000000000000000e+03,-1.402300000000000000e+04,-1.097000000000000000e+03,7.032000000000000000e+03
-1.100400000000000000e+04,-7.824000000000000000e+03,-5.630000000000000000e+03,-1.252000000000000000e+04,-6.317000000000000000e+03,-1.040700000000000000e+04,-7.264000000000000000e+03,1.157900000000000000e+04
1.597000000000000000e+03,-5.896000000000000000e+03,-8.926000000000000000e+03,6.210000000000000000e+03,-4.624000000000000000e+03,-2.950000000000000000e+03,-8.557000000000000000e+03,-1.089400000000000000e+04
-2.780000000000000000e+03,-9.030000000000000000e+03,-1.258700000000000000e+04,5.461000000000000000e+03,-1.548000000000000000e+03,-3.906000000000000000e+03,6.100000000000000000e+01,-1.041200000000000000e+04
1.439000000000000000e+03,-1.013400000000000000e+04,-6.198000000000000000e+03,5.749000000000000000e+03,-6.507000000000000000e+03,9.944000000000000000e+03,-1.289500000000000000e+04,-1.259800000000000000e+04
-6.802000000000000000e+03,1.574100000000000000e+04,-8.036000000000000000e+03,-8.457000000000000000e+03,-7.494000000000000000e+03,-7.034000000000000000e+03,-1.895000000000000000e+03,-1.608900000000000000e+04
-4.326000000000000000e+03,-7.946000000000000000e+03,-5.179000000000000000e+03,-3.046000000000000000e+03,-7.579000000000000000e+03,-7.448000000000000000e+03,8.602000000000000000e+03,-2.325000000000000000e+03
-3.969000000000000000e+03,-1.010600000000000000e+04,-2.979000000000000000e+03,-1.151000000000000000e+03,9.390000000000000000e+03,-8.956000000000000000e+03,-1.220000000000000000e+04,-1.034000000000000000e+04
-6.954000000000000000e+03,-5.635000000000000000e+03,-8.348000000000000000e+03,-4.465000000000000000e+03,-7.848000000000000000e+03,-4.283000000000000000e+03,1.429700000000000000e+04,-7.117000000000000000e+03
-6.450000000000000000e+02,-5.590000000000000000e+03,-9.430000000000000000e+03,3.561000000000000000e+03,-8.293000000000000000e+03,8.463000000000000000e+03,-1.415400000000000000e+04,-1.363700000000000000e+04
-6.340000000000000000e+02,-4.346000000000000000e+03,-7.448000000000000000e+03,-4.552000000000000000e+03,-5.671000000000000000e+03,2.331000000000000000e+03,-3.862000000000000000e+03,-8.577000000000000000e+03
-9.323000000000000000e+03,8.943000000000000000e+03,-8.116000000000000000e+03,7.330000000000000000e+02,-1.292000000000000000e+04,-5.449000000000000000e+03,4.460000000000000000e+02,-8.805000000000000000e+03
-4.120000000000000000e+03,1.045600000000000000e+04,-9.906000000000000000e+03,-1.485000000000000000e+03,-8.432000000000000000e+03,8.420000000000000000e+02,-1.122400000000000000e+04,-8.012000000000000000e+03
-9.517000000000000000e+03,5.417000000000000000e+03,-7.232000000000000000e+03,-1.051000000000000000e+03,-1.064200000000000000e+04,-3.173000000000000000e+03,-7.202000000000000000e+03,-4.952000000000000000e+03
2.070000000000000000e+02,-7.035000000000000000e+03,-6.408000000000000000e+03,3.491000000000000000e+03,6.050000000000000000e+02,-5.547000000000000000e+03,-8.736000000000000000e+03,-1.504900000000000000e+04
-7.012000000000000000e+03,-7.783000000000000000e+03,-3.975000000000000000e+03,-8.966000000000000000e+03,-7.345000000000000000e+03,-9.151000000000000000e+03,6.689000000000000000e+03,-6.180000000000000000e+03
-8.265000000000000000e+03,-1.203500000000000000e+04,5.358000000000000000e+03,-9.780000000000000000e+03,5.073000000000000000e+03,-1.648400000000000000e+04,-1.061600000000000000e+04,8.240000000000000000e+02
7.424000000000000000e+03,-9.294000000000000000e+03,-1.098600000000000000e+04,3.007000000000000000e+03,-2.097000000000000000e+03,-2.776000000000000000e+03,-1.144900000000000000e+04,-1.426200000000000000e+04
-8.945000000000000000e+03,-1.119000000000000000e+04,-3.553000000000000000e+03,-1.151100000000000000e+04,-7.900000000000000000e+02,-1.365700000000000000e+04,-9.993000000000000000e+03,7.447000000000000000e+03
3.846000000000000000e+03,-8.659000000000000000e+03,-9.743000000000000000e+03,2.368000000000000000e+03,-1.005000000000000000e+03,-4.400000000000000000e+02,-8.068000000000000000e+03,-1.301400000000000000e+04
-5.862000000000000000e+03,6.322000000000000000e+03,-6.389000000000000000e+03,-6.650000000000000000e+02,-1.070000000000000000e+04,-6.533000000000000000e+03,-6.871000000000000000e+03,-1.389600000000000000e+04
-3.826000000000000000e+03,-9.416000000000000000e+03,-1.019500000000000000e+04,-7.411000000000000000e+03,-5.325000000000000000e+03,-4.961000000000000000e+03,7.983000000000000000e+03,-7.172000000000000000e+03
-4.750000000000000000e+03,-4.453000000000000000e+03,-6.205000000000000000e+03,-2.991000000000000000e+03,-6.668000000000000000e+03,-9.000000000000000000e+03,1.028400000000000000e+04,-7.670000000000000000e+03
-5.125000000000000000e+03,-1.003800000000000000e+04,-9.350000000000000000e+02,-5.345000000000000000e+03,3.268000000000000000e+03,-1.148700000000000000e+04,-7.359000000000000000e+03,1.129000000000000000e+03
-2.121000000000000000e+03,-7.092000000000000000e+03,-6.878000000000000000e+03,-5.388000000000000000e+03,-3.142000000000000000e+03,-1.163000000000000000e+03,3.019000000000000000e+03,-6.511000000000000000e+03
1.977000000000000000e+03,-8.243000000000000000e+03,-1.073800000000000000e+04,3.957000000000000000e+03,-1.315000000000000000e+03,-2.878000000000000000e+03,-4.901000000000000000e+03,-9.007000000000000000e+03
-4.753000000000000000e+03,-9.156000000000000000e+03,2.886000000000000000e+03,-8.902000000000000000e+03,2.726000000000000000e+03,-1.282200000000000000e+04,-7.675000000000000000e+03,8.750000000000000000e+02
-3.643000000000000000e+03,-6.127000000000000000e+03,7.500000000000000000e+01,-2.040000000000000000e+03,-2.609000000000000000e+03,-1.529000000000000000e+03,-1.078900000000000000e+04,-5.831000000000000000e+03
-1.964000000000000000e+03,-7.784000000000000000e+03,-6.539000000000000000e+03,-5.980000000000000000e+03,1.181900000000000000e+04,-8.500000000000000000e+03,-6.589000000000000000e+03,-5.474000000000000000e+03
1.205000000000000000e+04,-1.018600000000000000e+04,-9.632000000000000000e+03,-2.279000000000000000e+03,-2.977000000000000000e+03,-2.800000000000000000e+03,-1.118800000000000000e+04,-1.387000000000000000e+04
-8.800000000000000000e+02,3.040000000000000000e+03,-6.575000000000000000e+03,-1.872000000000000000e+03,-7.211000000000000000e+03,-2.778000000000000000e+03,-4.945000000000000000e+03,-1.330800000000000000e+04
-2.639000000000000000e+03,-9.456000000000000000e+03,-5.490000000000000000e+03,1.800000000000000000e+02,1.570000000000000000e+02,-2.794000000000000000e+03,2.082000000000000000e+03,-8.941000000000000000e+03
-1.436000000000000000e+03,-9.614000000000000000e+03,-4.696000000000000000e+03,-6.961000000000000000e+03,-2.249000000000000000e+03,-1.032000000000000000e+04,4.047000000000000000e+03,-5.541000000000000000e+03
-1.633000000000000000e+03,-1.186100000000000000e+04,-1.777000000000000000e+03,-5.298000000000000000e+03,3.039000000000000000e+03,-1.233600000000000000e+04,-2.455000000000000000e+03,-4.118000000000000000e+03
3.462000000000000000e+03,-5.414000000000000000e+03,-9.284000000000000000e+03,1.494000000000000000e+03,-1.065100000000000000e+04,-1.770000000000000000e+03,-1.113600000000000000e+04,-1.853500000000000000e+04
-6.055000000000000000e+03,1.645000000000000000e+03,-5.644000000000000000e+03,-4.920000000000000000e+02,-6.660000000000000000e+03,-1.676000000000000000e+03,-5.857000000000000000e+03,-6.029000000000000000e+03
-8.897000000000000000e+03,-1.239300000000000000e+04,-2.072000000000000000e+03,-1.083300000000000000e+04,-8.417000000000000000e+03,-1.314900000000000000e+04,-7.367000000000000000e+03,1.064700000000000000e+04
-1.067300000000000000e+04,-1.035900000000000000e+04,-3.744000000000000000e+03,-1.149100000000000000e+04,-6.688000000000000000e+03,-1.354500000000000000e+04,-8.503000000000000000e+03,1.136600000000000000e+04
-7.346000000000000000e+03,1.638700000000000000e+04,-1.227200000000000000e+04,-6.760000000000000000e+02,-1.317800000000000000e+04,-5.809000000000000000e+03,-8.601000000000000000e+03,-1.651100000000000000e+04
-4.920000000000000000e+02,-5.484000000000000000e+03,-1.010000000000000000e+03,4.193000000000000000e+03,-4.697000000000000000e+03,-8.079000000000000000e+03,-5.075000000000000000e+03,-1.436200000000000000e+04
-1.065900000000000000e+04,-4.559000000000000000e+03,-8.247000000000000000e+03,-1.045100000000000000e+04,-6.541000000000000000e+03,-8.550000000000000000e+03,-5.694000000000000000e+03,1.001200000000000000e+04
-1.608000000000000000e+03,5.769000000000000000e+03,-1.089400000000000000e+04,-1.606000000000000000e+03,-1.015200000000000000e+04,-2.402000000000000000e+03,-8.907000000000000000e+03,-1.422800000000000000e+04
-1.004500000000000000e+04,1.275100000000000000e+04,-8.348000000000000000e+03,1.135000000000000000e+03,-1.249200000000000000e+04,-7.809000000000000000e+03,-2.141000000000000000e+03,-1.400900000000000000e+04
-5.318000000000000000e+03,8.908000000000000000e+03,-3.565000000000000000e+03,-1.190000000000000000e+02,-7.429000000000000000e+03,-1.352100000000000000e+04,-1.345000000000000000e+03,-1.186500000000000000e+04
-4.150000000000000000e+02,-5.393000000000000000e+03,-1.076800000000000000e+04,3.340000000000000000e+03,-8.253000000000000000e+03,9.102000000000000000e+03,-1.221000000000000000e+04,-9.191000000000000000e+03
-1.158300000000000000e+04,1.440500000000000000e+04,-8.685000000000000000e+03,-1.857000000000000000e+03,-1.027800000000000000e+04,-1.260000000000000000e+04,8.990000000000000000e+02,-1.313500000000000000e+04
-8.005000000000000000e+03,-9.135000000000000000e+03,-2.017000000000000000e+03,-7.496000000000000000e+03,-6.820000000000000000e+03,-1.197300000000000000e+04,-4.155000000000000000e+03,8.855000000000000000e+03
-6.978000000000000000e+03,1.902200000000000000e+04,-1.010300000000000000e+04,-2.588000000000000000e+03,-1.162100000000000000e+04,-6.233000000000000000e+03,-8.742000000000000000e+03,-1.317700000000000000e+04
6.410000000000000000e+02,-9.056000000000000000e+03,-1.005700000000000000e+04,-1.028000000000000000e+03,7.215000000000000000e+03,-3.342000000000000000e+03,-7.290000000000000000e+03,-9.776000000000000000e+03
-9.085000000000000000e+03,5.480000000000000000e+03,-1.011700000000000000e+04,-6.773000000000000000e+03,-1.158000000000000000e+04,-3.766000000000000000e+03,-1.453000000000000000e+03,-8.279000000000000000e+03
-9.578000000000000000e+03,-7.696000000000000000e+03,-5.295000000000000000e+03,3.994000000000000000e+03,-1.298500000000000000e+04,-6.004000000000000000e+03,1.130200000000000000e+04,-7.901000000000000000e+03
-2.180000000000000000e+02,-1.220500000000000000e+04,-7.772000000000000000e+03,-2.705000000000000000e+03,-1.798000000000000000e+03,5.281000000000000000e+03,6.000000000000000000e+00,-8.504000000000000000e+03
-9.100000000000000000e+02,-7.827000000000000000e+03,-6.908000000000000000e+03,-9.150000000000000000e+02,5.691000000000000000e+03,-1.030700000000000000e+04,-3.230000000000000000e+03,-3.902000000000000000e+03
2.606000000000000000e+03,-6.825000000000000000e+03,-4.631000000000000000e+03,4.011000000000000000e+03,-2.666000000000000000e+03,-7.425000000000000000e+03,-8.194000000000000000e+03,-1.538700000000000000e+04
4.986000000000000000e+03,-7.607000000000000000e+03,-2.232000000000000000e+03,1.259000000000000000e+03,-6.511000000000000000e+03,-6.016000000000000000e+03,-1.494000000000000000e+03,-1.714300000000000000e+04
-3.914000000000000000e+03,-7.341000000000000000e+03,-8.804000000000000000e+03,-8.457000000000000000e+03,1.392800000000000000e+04,-5.190000000000000000e+03,-8.636000000000000000e+03,-1.130000000000000000e+04
-9.224000000000000000e+03,-8.028000000000000000e+03,-5.698000000000000000e+03,-3.152000000000000000e+03,-1.054200000000000000e+04,-8.598000000000000000e+03,8.017000000000000000e+03,-7.103000000000000000e+03
-1.730000000000000000e+02,-9.286000000000000000e+03,-5.983000000000000000e+03,-3.140000000000000000e+02,5.429000000000000000e+03,-3.384000000000000000e+03,-6.665000000000000000e+03,-1.307100000000000000e+04
2.432000000000000000e+03,-9.943000000000000000e+03,-2.155000000000000000e+03,6.359000000000000000e+03,3.870000000000000000e+02,-1.202000000000000000e+03,-1.160000000000000000e+04,-2.124100000000000000e+04
-3.901000000000000000e+03,-1.066000000000000000e+04,-3.576000000000000000e+03,-4.714000000000000000e+03,7.179000000000000000e+03,-1.302500000000000000e+04,-9.066000000000000000e+03,-8.394000000000000000e+03
-1.662000000000000000e+03,-7.879000000000000000e+03,-1.294000000000000000e+03,-1.764000000000000000e+03,-2.740000000000000000e+03,-1.755000000000000000e+03,-7.252000000000000000e+03,-5.840000000000000000e+02
-8.440000000000000000e+02,-8.249000000000000000e+03,-8.194000000000000000e+03,3.777000000000000000e+03,-9.220000000000000000e+03,7.757000000000000000e+03,-9.236000000000000000e+03,-1.439100000000000000e+04
-1.176500000000000000e+04,-9.252000000000000000e+03,-5.426000000000000000e+03,-1.061400000000000000e+04,-8.910000000000000000e+03,-1.350600000000000000e+04,-9.351000000000000000e+03,1.339500000000000000e+04
-7.907000000000000000e+03,-6.621000000000000000e+03,-4.349000000000000000e+03,-1.311400000000000000e+04,-7.021000000000000000e+03,-1.133300000000000000e+04,-1.001500000000000000e+04,9.730000000000000000e+03
9.350000000000000000e+02,-1.122500000000000000e+04,-8.898000000000000000e+03,-2.469000000000000000e+03,9.800000000000000000e+03,-7.409000000000000000e+03,-5.532000000000000000e+03,-6.668000000000000000e+03
-6.039000000000000000e+03,4.369000000000000000e+03,-1.104400000000000000e+04,-2.559000000000000000e+03,-8.409000000000000000e+03,-7.062000000000000000e+03,-2.127000000000000000e+03,-1.400500000000000000e+04
-8.979000000000000000e+03,3.213000000000000000e+03,-1.113400000000000000e+04,-5.292000000000000000e+03,-9.101000000000000000e+03,-1.054700000000000000e+04,5.233000000000000000e+03,-1.018500000000000000e+04
-5.141000000000000000e+03,-5.576000000000000000e+03,-9.091000000000000000e+03,-4.875000000000000000e+03,-1.225600000000000000e+04,-5.005000000000000000e+03,1.335200000000000000e+04,-6.398000000000000000e+03
-6.715000000000000000e+03,-6.882000000000000000e+03,-5.961000000000000000e+03,-1.163800000000000000e+04,-4.251000000000000000e+03,-5.882000000000000000e+03,9.843000000000000000e+03,-5.907000000000000000e+03
-7.445000000000000000e+03,-6.060000000000000000e+03,-7.366000000000000000e+03,-6.750000000000000000e+03,-5.556000000000000000e+03,-7.319000000000000000e+03,7.175000000000000000e+03,-2.431000000000000000e+03
-8.950000000000000000e+03,-1.096100000000000000e+04,-4.420000000000000000e+03,-1.173200000000000000e+04,-7.950000000000000000e+03,-1.035000000000000000e+04,-8.388000000000000000e+03,1.136300000000000000e+04
-2.997000000000000000e+03,7.011000000000000000e+03,-1.058000000000000000e+04,-5.389000000000000000e+03,-1.177200000000000000e+04,-4.384000000000000000e+03,-6.201000000000000000e+03,-1.262100000000000000e+04
4.922000000000000000e+03,-1.082400000000000000e+04,-9.746000000000000000e+03,-7.080000000000000000e+02,-1.555000000000000000e+03,-4.931000000000000000e+03,-4.135000000000000000e+03,-1.392000000000000000e+04
1.043400000000000000e+04,-8.467000000000000000e+03,-5.934000000000000000e+03,1.981000000000000000e+03,-2.792000000000000000e+03,-5.574000000000000000e+03,-8.446000000000000000e+03,-1.683700000000000000e+04
-1.560000000000000000e+02,-6.210000000000000000e+03,-5.372000000000000000e+03,4.358000000000000000e+03,-5.364000000000000000e+03,-1.943000000000000000e+03,-3.054000000000000000e+03,-8.074000000000000000e+03
-6.736000000000000000e+03,-6.810000000000000000e+03,-2.541000000000000000e+03,-7.411000000000000000e+03,-2.213000000000000000e+03,-6.016000000000000000e+03,3.631000000000000000e+03,-1.048100000000000000e+04
-6.652000000000000000e+03,-6.653000000000000000e+03,-5.465000000000000000e+03,-5.753000000000000000e+03,-1.049800000000000000e+04,-4.776000000000000000e+03,6.682000000000000000e+03,-7.174000000000000000e+03
-9.574000000000000000e+03,-3.009000000000000000e+03,-7.758000000000000000e+03,-3.480000000000000000e+03,-8.043000000000000000e+03,-8.562000000000000000e+03,1.098600000000000000e+04,-4.645000000000000000e+03
1.960000000000000000e+03,-9.622000000000000000e+03,-1.134000000000000000e+03,-2.980000000000000000e+02,5.313000000000000000e+03,-9.873000000000000000e+03,-7.637000000000000000e+03,-1.124400000000000000e+04
-4.255000000000000000e+03,8.789000000000000000e+03,-6.231000000000000000e+03,-7.427000000000000000e+03,-7.917000000000000000e+03,-6.038000000000000000e+03,-5.882000000000000000e+03,-8.868000000000000000e+03
4.735000000000000000e+03,-4.285000000000000000e+03,-1.084000000000000000e+04,4.639000000000000000e+03,-9.401000000000000000e+03,-3.890000000000000000e+02,-7.298000000000000000e+03,-1.813600000000000000e+04
-5.955000000000000000e+03,6.337000000000000000e+03,-9.292000000000000000e+03,-1.999000000000000000e+03,-1.153300000000000000e+04,-2.440000000000000000e+03,-8.396000000000000000e+03,-1.715900000000000000e+04
-5.568000000000000000e+03,-1.102400000000000000e+04,5.080000000000000000e+02,-9.148000000000000000e+03,-3.947000000000000000e+03,-1.205400000000000000e+04,-4.615000000000000000e+03,3.062000000000000000e+03
-3.406000000000000000e+03,1.040300000000000000e+04,-9.937000000000000000e+03,-2.355000000000000000e+03,-1.495800000000000000e+04,-7.478000000000000000e+03,-5.963000000000000000e+03,-1.563500000000000000e+04
-3.851000000000000000e+03,-1.103300000000000000e+04,1.525000000000000000e+03,-7.431000000000000000e+03,7.532000000000000000e+03,-1.380800000000000000e+04,-6.452000000000000000e+03,-2.960000000000000000e+03
-9.170000000000000000e+02,-4.129000000000000000e+03,-6.021000000000000000e+03,4.865000000000000000e+03,-1.064200000000000000e+04,6.743000000000000000e+03,-1.224600000000000000e+04,-7.216000000000000000e+03
6.570000000000000000e+02,-7.574000000000000000e+03,-7.112000000000000000e+03,5.715000000000000000e+03,-3.107000000000000000e+03,2.266000000000000000e+03,-1.216000000000000000e+04,-1.707900000000000000e+04
-3.257000000000000000e+03,-8.507000000000000000e+03,4.660000000000000000e+03,-7.122000000000000000e+03,2.437000000000000000e+03,-1.125400000000000000e+04,-5.723000000000000000e+03,-3.782000000000000000e+03
-6.515000000000000000e+03,-6.463000000000000000e+03,-8.719000000000000000e+03,-1.175500000000000000e+04,-6.645000000000000000e+03,-6.936000000000000000e+03,1.015800000000000000e+04,-2.171000000000000000e+03
1.980000000000000000e+02,-1.096000000000000000e+04,7.728000000000000000e+03,-1.301000000000000000e+03,-1.230000000000000000e+02,-1.029400000000000000e+04,-6.036000000000000000e+03,-1.346700000000000000e+04
-3.373000000000000000e+03,6.705000000000000000e+03,-8.814000000000000000e+03,-1.685000000000000000e+03,-8.600000000000000000e+03,-1.139000000000000000e+03,-5.543000000000000000e+03,-9.244000000000000000e+03
-7.963000000000000000e+03,-8.050000000000000000e+03,-2.338000000000000000e+03,-5.807000000000000000e+03,-1.104000000000000000e+03,-1.139500000000000000e+04,-7.683000000000000000e+03,5.755000000000000000e+03
-7.477000000000000000e+03,6.284000000000000000e+03,-1.206200000000000000e+04,-6.586000000000000000e+03,-1.213100000000000000e+04,-8.548000000000000000e+03,-1.442000000000000000e+03,-1.241700000000000000e+04
1.152100000000000000e+04,-8.707000000000000000e+03,-5.740000000000000000e+02,5.001000000000000000e+03,-3.138000000000000000e+03,-6.494000000000000000e+03,-9.731000000000000000e+03,-1.561900000000000000e+04
-3.643000000000000000e+03,-8.012000000000000000e+03,-6.125000000000000000e+03,6.124000000000000000e+03,-6.853000000000000000e+03,-2.573000000000000000e+03,-1.189000000000000000e+03,-1.013300000000000000e+04
-6.514000000000000000e+03,5.888000000000000000e+03,-7.065000000000000000e+03,1.257000000000000000e+03,-1.044200000000000000e+04,-3.767000000000000000e+03,-2.734000000000000000e+03,-7.498000000000000000e+03
-4.535000000000000000e+03,-6.985000000000000000e+03,-1.487100000000000000e+04,-3.380000000000000000e+02,-1.160600000000000000e+04,9.980000000000000000e+03,-1.433900000000000000e+04,-1.316900000000000000e+04
-1.799000000000000000e+03,-4.218000000000000000e+03,-7.436000000000000000e+03,2.585000000000000000e+03,-7.036000000000000000e+03,-5.246000000000000000e+03,-6.732000000000000000e+03,-1.796400000000000000e+04
-8.500000000000000000e+01,-6.633000000000000000e+03,-4.897000000000000000e+03,2.538000000000000000e+03,-2.211000000000000000e+03,-5.761000000000000000e+03,-5.915000000000000000e+03,-1.635100000000000000e+04
-4.456000000000000000e+03,-1.257200000000000000e+04,1.207300000000000000e+04,-3.924000000000000000e+03,-3.095000000000000000e+03,-1.404700000000000000e+04,-1.419000000000000000e+03,-3.205000000000000000e+03
-5.143000000000000000e+03,-1.118400000000000000e+04,4.810000000000000000e+02,-4.365000000000000000e+03,3.807000000000000000e+03,-1.191000000000000000e+04,-5.823000000000000000e+03,-2.908000000000000000e+03
-3.764000000000000000e+03,5.823000000000000000e+03,-1.084200000000000000e+04,-3.640000000000000000e+02,-9.667000000000000000e+03,-3.619000000000000000e+03,-2.104000000000000000e+03,-1.418700000000000000e+04
-5.471000000000000000e+03,-1.168000000000000000e+04,-6.430000000000000000e+02,-8.906000000000000000e+03,4.958000000000000000e+03,-1.306700000000000000e+04,-7.180000000000000000e+03,4.465000000000000000e+03
4.287000000000000000e+03,-5.227000000000000000e+03,-9.418000000000000000e+03,3.958000000000000000e+03,-9.067000000000000000e+03,6.770000000000000000e+02,-7.038000000000000000e+03,-1.282100000000000000e+04
-8.268000000000000000e+03,-6.772000000000000000e+03,8.900000000000000000e+01,1.836000000000000000e+03,-6.808000000000000000e+03,-9.855000000000000000e+03,5.879000000000000000e+03,-7.654000000000000000e+03
-4.535000000000000000e+03,-1.113600000000000000e+04,2.218000000000000000e+03,-5.331000000000000000e+03,2.122000000000000000e+03,-1.122400000000000000e+04,-8.951000000000000000e+03,-6.679000000000000000e+03
2.282000000000000000e+03,-1.103900000000000000e+04,-9.002000000000000000e+03,-2.847000000000000000e+03,1.060700000000000000e+04,-7.302000000000000000e+03,-7.486000000000000000e+03,-9.904000000000000000e+03
-1.973000000000000000e+03,-6.805000000000000000e+03,-3.350000000000000000e+03,-7.742000000000000000e+03,-6.060000000000000000e+03,-1.134200000000000000e+04,7.479000000000000000e+03,-3.023000000000000000e+03
4.753000000000000000e+03,-6.049000000000000000e+03,-1.290600000000000000e+04,1.061000000000000000e+03,-9.192000000000000000e+03,3.006000000000000000e+03,-1.549200000000000000e+04,-1.616500000000000000e+04
-2.692000000000000000e+03,-1.013800000000000000e+04,-2.098000000000000000e+03,-4.864000000000000000e+03,-6.830000000000000000e+02,-1.071200000000000000e+04,6.340000000000000000e+03,-6.899000000000000000e+03
-8.463000000000000000e+03,-3.729000000000000000e+03,-5.557000000000000000e+03,-8.649000000000000000e+03,-6.274000000000000000e+03,-8.154000000000000000e+03,1.000600000000000000e+04,-4.897000000000000000e+03
-2.918000000000000000e+03,-6.412000000000000000e+03,-1.141600000000000000e+04,1.587000000000000000e+03,-1.493600000000000000e+04,3.717000000000000000e+03,-1.169600000000000000e+04,-1.680100000000000000e+04
1.476000000000000000e+03,3.692000000000000000e+03,-4.902000000000000000e+03,4.800000000000000000e+02,-5.351000000000000000e+03,-2.582000000000000000e+03,-5.921000000000000000e+03,-6.902000000000000000e+03
-6.462000000000000000e+03,1.049800000000000000e+04,-9.222000000000000000e+03,-1.693000000000000000e+03,-9.878000000000000000e+03,-7.036000000000000000e+03,-5.965000000000000000e+03,-1.483700000000000000e+04
-8.525000000000000000e+03,-1.032900000000000000e+04,-4.066000000000000000e+03,-7.283000000000000000e+03,-5.172000000000000000e+03,-1.380200000000000000e+04,-7.430000000000000000e+03,6.682000000000000000e+03
4.689000000000000000e+03,-6.755000000000000000e+03,-1.493300000000000000e+04,-1.591000000000000000e+03,4.943000000000000000e+03,-3.665000000000000000e+03,-9.695000000000000000e+03,-1.257800000000000000e+04
-7.270000000000000000e+03,1.705800000000000000e+04,-9.278000000000000000e+03,-9.148000000000000000e+03,-1.438800000000000000e+04,-6.303000000000000000e+03,-2.914000000000000000e+03,-1.523500000000000000e+04
-8.631000000000000000e+03,-1.058000000000000000e+03,-1.128900000000000000e+04,3.043000000000000000e+03,-1.142500000000000000e+04,3.137000000000000000e+03,-1.000800000000000000e+04,-7.983000000000000000e+03
-1.898000000000000000e+03,-8.690000000000000000e+02,-8.821000000000000000e+03,2.593000000000000000e+03,-8.049000000000000000e+03,-5.280000000000000000e+03,-2.351000000000000000e+03,-1.407200000000000000e+04
6.230000000000000000e+02,-8.699000000000000000e+03,-4.641000000000000000e+03,6.840000000000000000e+02,2.720000000000000000e+03,-2.563000000000000000e+03,-8.611000000000000000e+03,-1.406900000000000000e+04
-7.600000000000000000e+03,-8.388000000000000000e+03,-4.056000000000000000e+03,-2.752000000000000000e+03,-4.136000000000000000e+03,-1.405700000000000000e+04,9.891000000000000000e+03,1.750000000000000000e+02
-1.227100000000000000e+04,-2.948000000000000000e+03,-7.554000000000000000e+03,-7.984000000000000000e+03,-8.519000000000000000e+03,-9.353000000000000000e+03,-4.945000000000000000e+03,9.495000000000000000e+03
-1.104400000000000000e+04,-1.034100000000000000e+04,-4.783000000000000000e+03,-9.520000000000000000e+03,-7.775000000000000000e+03,-1.543500000000000000e+04,-8.579000000000000000e+03,1.213600000000000000e+04
2.475000000000000000e+03,-8.205000000000000000e+03,-4.998000000000000000e+03,1.361000000000000000e+03,-7.859000000000000000e+03,4.481000000000000000e+03,-9.569000000000000000e+03,-9.335000000000000000e+03
-7.956000000000000000e+03,7.271000000000000000e+03,-9.772000000000000000e+03,-2.892000000000000000e+03,-1.295200000000000000e+04,-1.672000000000000000e+03,-1.037100000000000000e+04,-1.160100000000000000e+04
-3.326000000000000000e+03,-6.675000000000000000e+03,-7.415000000000000000e+03,3.573000000000000000e+03,-6.176000000000000000e+03,2.591000000000000000e+03,-5.947000000000000000e+03,-1.083700000000000000e+04
-2.602000000000000000e+03,-3.250000000000000000e+03,-8.134000000000000000e+03,-1.860000000000000000e+03,-5.432000000000000000e+03,3.622000000000000000e+03,-6.294000000000000000e+03,-1.619600000000000000e+04
1.595000000000000000e+03,-1.027500000000000000e+04,-3.255000000000000000e+03,6.902000000000000000e+03,-6.830000000000000000e+02,-7.193000000000000000e+03,-4.661000000000000000e+03,-1.304800000000000000e+04
8.662000000000000000e+03,-9.930000000000000000e+03,-8.198000000000000000e+03,-2.417000000000000000e+03,-7.204000000000000000e+03,-9.250000000000000000e+02,-4.479000000000000000e+03,-1.778300000000000000e+04
-7.984000000000000000e+03,1.737300000000000000e+04,-1.077900000000000000e+04,-4.207000000000000000e+03,-1.248700000000000000e+04,-6.147000000000000000e+03,-8.636000000000000000e+03,-1.147100000000000000e+04
-5.916000000000000000e+03,-5.571000000000000000e+03,-3.405000000000000000e+03,-3.925000000000000000e+03,-5.424000000000000000e+03,-1.044500000000000000e+04,-2.155000000000000000e+03,-1.046900000000000000e+04
5.450000000000000000e+03,-1.173800000000000000e+04,-1.073400000000000000e+04,-5.283000000000000000e+03,8.946000000000000000e+03,-7.645000000000000000e+03,-8.717000000000000000e+03,-9.452000000000000000e+03
-5.838000000000000000e+03,-6.056000000000000000e+03,-9.541000000000000000e+03,-8.384000000000000000e+03,-6.390000000000000000e+03,-1.095200000000000000e+04,6.351000000000000000e+03,-4.801000000000000000e+03
7.119000000000000000e+03,-8.033000000000000000e+03,-2.981000000000000000e+03,5.649000000000000000e+03,-2.113000000000000000e+03,-2.820000000000000000e+03,-9.951000000000000000e+03,-1.873500000000000000e+04
-1.083800000000000000e+04,-1.403000000000000000e+03,-7.525000000000000000e+03,-9.310000000000000000e+03,-1.101800000000000000e+04,-8.934000000000000000e+03,1.259500000000000000e+04,-7.878000000000000000e+03
-3.749000000000000000e+03,-4.447000000000000000e+03,-9.118000000000000000e+03,-1.048000000000000000e+03,-5.080000000000000000e+03,7.042000000000000000e+03,-2.737000000000000000e+03,-7.907000000000000000e+03
-9.304000000000000000e+03,-3.577000000000000000e+03,-5.236000000000000000e+03,-9.973000000000000000e+03,-4.241000000000000000e+03,-1.059700000000000000e+04,1.087700000000000000e+04,-7.108000000000000000e+03
3.112000000000000000e+03,-1.013500000000000000e+04,-6.515000000000000000e+03,7.309000000000000000e+03,-5.609000000000000000e+03,2.461000000000000000e+03,-1.493200000000000000e+04,-1.576900000000000000e+04
-1.014700000000000000e+04,-7.763000000000000000e+03,-7.666000000000000000e+03,-1.386100000000000000e+04,-7.084000000000000000e+03,-8.124000000000000000e+03,-7.419000000000000000e+03,1.061600000000000000e+04
-7.064000000000000000e+03,-6.653000000000000000e+03,-5.660000000000000000e+03,-4.463000000000000000e+03,-6.844000000000000000e+03,-7.866000000000000000e+03,1.122800000000000000e+04,-3.598000000000000000e+03
-1.681000000000000000e+03,-4.442000000000000000e+03,-9.113000000000000000e+03,1.420000000000000000e+03,-2.937000000000000000e+03,-2.186000000000000000e+03,-6.033000000000000000e+03,-1.572000000000000000e+03
-7.728000000000000000e+03,-1.136900000000000000e+04,4.267000000000000000e+03,-8.500000000000000000e+03,-2.656000000000000000e+03,-1.363700000000000000e+04,-2.067000000000000000e+03,-1.400000000000000000e+02
-1.064800000000000000e+04,-1.114900000000000000e+04,-6.712000000000000000e+03,-7.762000000000000000e+03,-9.711000000000000000e+03,-1.357700000000000000e+04,-7.759000000000000000e+03,1.256500000000000000e+04
4.825000000000000000e+03,-9.675000000000000000e+03,-1.147200000000000000e+04,-5.076000000000000000e+03,1.184000000000000000e+03,-4.322000000000000000e+03,-9.201000000000000000e+03,-1.575300000000000000e+04
7.292000000000000000e+03,-7.196000000000000000e+03,-3.321000000000000000e+03,-6.270000000000000000e+02,-4.509000000000000000e+03,-4.711000000000000000e+03,-3.558000000000000000e+03,-1.603100000000000000e+04
5.676000000000000000e+03,-9.657000000000000000e+03,-1.161600000000000000e+04,5.453000000000000000e+03,-9.879000000000000000e+03,3.819000000000000000e+03,-1.655900000000000000e+04,-1.867100000000000000e+04
-7.941000000000000000e+03,-3.807000000000000000e+03,-4.286000000000000000e+03,-5.171000000000000000e+03,-2.482000000000000000e+03,-1.334900000000000000e+04,-5.216000000000000000e+03,5.325000000000000000e+03
6.850000000000000000e+02,4.647000000000000000e+03,-5.351000000000000000e+03,-2.800000000000000000e+01,-9.985000000000000000e+03,-5.030000000000000000e+03,-7.471000000000000000e+03,-1.638000000000000000e+04
-8.114000000000000000e+03,1.692900000000000000e+04,-9.646000000000000000e+03,-1.909000000000000000e+03,-1.467900000000000000e+04,-6.395000000000000000e+03,-7.338000000000000000e+03,-1.534600000000000000e+04
-1.459000000000000000e+03,-4.406000000000000000e+03,-8.327000000000000000e+03,-6.580000000000000000e+02,-6.457000000000000000e+03,6.297000000000000000e+03,-1.468300000000000000e+04,-1.563800000000000000e+04
-3.335000000000000000e+03,3.250000000000000000e+03,-1.166100000000000000e+04,-8.989000000000000000e+03,-9.365000000000000000e+03,-4.115000000000000000e+03,3.592000000000000000e+03,-1.121900000000000000e+04
-9.306000000000000000e+03,-2.998000000000000000e+03,-4.306000000000000000e+03,-8.463000000000000000e+03,-6.875000000000000000e+03,-1.000800000000000000e+04,1.031200000000000000e+04,-7.113000000000000000e+03
-5.157000000000000000e+03,-4.581000000000000000e+03,-4.454000000000000000e+03,-1.391000000000000000e+03,-4.797000000000000000e+03,-8.126000000000000000e+03,-5.970000000000000000e+02,-1.195600000000000000e+04
8.261000000000000000e+03,-6.876000000000000000e+03,-6.534000000000000000e+03,8.200000000000000000e+01,-6.952000000000000000e+03,-2.718000000000000000e+03,-4.596000000000000000e+03,-1.731600000000000000e+04
-6.550000000000000000e+03,-1.161000000000000000e+04,3.443000000000000000e+03,-7.916000000000000000e+03,-2.702000000000000000e+03,-1.660400000000000000e+04,-8.724000000000000000e+03,4.661000000000000000e+03
-2.493000000000000000e+03,-6.203000000000000000e+03,-7.371000000000000000e+03,-4.061000000000000000e+03,-5.140000000000000000e+03,5.712000000000000000e+03,-5.617000000000000000e+03,-7.111000000000000000e+03
-3.023000000000000000e+03,1.232700000000000000e+04,-8.289000000000000000e+03,-4.530000000000000000e+03,-7.527000000000000000e+03,-6.631000000000000000e+03,-7.268000000000000000e+03,-1.558300000000000000e+04
-1.826000000000000000e+03,4.370000000000000000e+03,-6.233000000000000000e+03,-5.277000000000000000e+03,-7.616000000000000000e+03,-1.887000000000000000e+03,-6.333000000000000000e+03,-1.758800000000000000e+04
-8.580000000000000000e+02,-3.368000000000000000e+03,-9.994000000000000000e+03,1.488000000000000000e+03,-1.060200000000000000e+04,2.717000000000000000e+03,-7.252000000000000000e+03,-6.631000000000000000e+03
-1.833000000000000000e+03,-7.602000000000000000e+03,-6.311000000000000000e+03,5.033000000000000000e+03,6.060000000000000000e+02,-6.103000000000000000e+03,-3.985000000000000000e+03,-8.905000000000000000e+03
6.403000000000000000e+03,-1.043000000000000000e+04,-8.573000000000000000e+03,7.363000000000000000e+03,-3.961000000000000000e+03,-6.178000000000000000e+03,-7.231000000000000000e+03,-1.522200000000000000e+04
-2.561000000000000000e+03,9.243000000000000000e+03,-1.007200000000000000e+04,-2.477000000000000000e+03,-6.785000000000000000e+03,-4.146000000000000000e+03,-4.289000000000000000e+03,-6.268000000000000000e+03
-8.078000000000000000e+03,1.795000000000000000e+03,-6.969000000000000000e+03,-1.547000000000000000e+03,-9.175000000000000000e+03,-5.988000000000000000e+03,2.966000000000000000e+03,-9.165000000000000000e+03
-4.409000000000000000e+03,-1.164400000000000000e+04,-7.145000000000000000e+03,-5.243000000000000000e+03,9.327000000000000000e+03,-1.192900000000000000e+04,-6.626000000000000000e+03,-3.876000000000000000e+03
-1.640000000000000000e+02,-3.412000000000000000e+03,-1.181100000000000000e+04,-3.380000000000000000e+02,-6.851000000000000000e+03,7.685000000000000000e+03,-7.040000000000000000e+03,-7.026000000000000000e+03
-9.435000000000000000e+03,3.372000000000000000e+03,-9.252000000000000000e+03,-9.925000000000000000e+03,-1.101600000000000000e+04,-5.108000000000000000e+03,9.669000000000000000e+03,-1.102100000000000000e+04
-5.001000000000000000e+03,1.458900000000000000e+04,-7.071000000000000000e+03,-7.996000000000000000e+03,-1.184800000000000000e+04,-9.900000000000000000e+03,-1.410000000000000000e+03,-1.727200000000000000e+04
9.170000000000000000e+02,-3.041000000000000000e+03,-8.734000000000000000e+03,-6.904000000000000000e+03,-9.369000000000000000e+03,-2.611000000000000000e+03,6.054000000000000000e+03,-1.377100000000000000e+04
-1.688000000000000000e+03,-7.590000000000000000e+03,-3.999000000000000000e+03,7.816000000000000000e+03,-6.566000000000000000e+03,-4.957000000000000000e+03,-7.251000000000000000e+03,-1.480900000000000000e+04
-9.801000000000000000e+03,-1.271900000000000000e+04,1.583000000000000000e+03,-1.082700000000000000e+04,-4.958000000000000000e+03,-1.369200000000000000e+04,-7.816000000000000000e+03,7.305000000000000000e+03
-3.330000000000000000e+03,2.071000000000000000e+03,-1.020500000000000000e+04,-7.893000000000000000e+03,-4.954000000000000000e+03,-2.452000000000000000e+03,-1.729000000000000000e+03,-8.368000000000000000e+03
-1.685000000000000000e+03,-3.663000000000000000e+03,-8.500000000000000000e+03,1.813000000000000000e+03,-1.119700000000000000e+04,3.182000000000000000e+03,-6.023000000000000000e+03,-1.071100000000000000e+04
-9.796000000000000000e+03,-7.244000000000000000e+03,-5.314000000000000000e+03,-7.558000000000000000e+03,-7.146000000000000000e+03,-1.357600000000000000e+04,-1.299400000000000000e+04,1.003200000000000000e+04
-3.238000000000000000e+03,-6.454000000000000000e+03,8.178000000000000000e+03,1.000000000000000000e+01,-3.742000000000000000e+03,-1.139000000000000000e+04,-5.326000000000000000e+03,-1.145200000000000000e+04
-2.218000000000000000e+03,9.701000000000000000e+03,-1.061800000000000000e+04,-3.183000000000000000e+03,-1.225300000000000000e+04,-4.810000000000000000e+03,-6.648000000000000000e+03,-1.465500000000000000e+04
-8.566000000000000000e+03,-1.044800000000000000e+04,-4.070000000000000000e+03,-5.402000000000000000e+03,-1.078500000000000000e+04,-1.524300000000000000e+04,-6.680000000000000000e+03,7.672000000000000000e+03
-4.570000000000000000e+03,-5.270000000000000000e+03,-3.881000000000000000e+03,-1.786000000000000000e+03,-1.186000000000000000e+03,-7.109000000000000000e+03,-2.422000000000000000e+03,-7.123000000000000000e+03
1.556000000000000000e+03,-6.600000000000000000e+03,-1.178400000000000000e+04,4.295000000000000000e+03,-1.439700000000000000e+04,1.098000000000000000e+03,-1.040300000000000000e+04,-1.428000000000000000e+04
-8.683000000000000000e+03,-9.158000000000000000e+03,-4.911000000000000000e+03,-9.534000000000000000e+03,-6.416000000000000000e+03,-1.187000000000000000e+04,-9.867000000000000000e+03,1.063700000000000000e+04
-5.802000000000000000e+03,-7.560000000000000000e+02,-4.587000000000000000e+03,-3.917000000000000000e+03,-8.009000000000000000e+03,-9.082000000000000000e+03,6.337000000000000000e+03,-7.286000000000000000e+03
-7.949000000000000000e+03,-2.811000000000000000e+03,-1.019000000000000000e+04,-7.372000000000000000e+03,-7.762000000000000000e+03,-9.958000000000000000e+03,1.487000000000000000e+04,-3.607000000000000000e+03
4.390000000000000000e+02,-3.170000000000000000e+03,-7.034000000000000000e+03,1.000000000000000000e+01,-9.075000000000000000e+03,1.472000000000000000e+03,-6.935000000000000000e+03,-1.747000000000000000e+04
5.409000000000000000e+03,-6.765000000000000000e+03,-1.223600000000000000e+04,8.430000000000000000e+02,-7.012000000000000000e+03,5.178000000000000000e+03,-1.186300000000000000e+04,-1.752000000000000000e+04
-6.988000000000000000e+03,9.159000000000000000e+03,-9.757000000000000000e+03,-6.520000000000000000e+03,-9.420000000000000000e+03,-6.419000000000000000e+03,-4.889000000000000000e+03,-6.847000000000000000e+03
-5.845000000000000000e+03,6.143000000000000000e+03,-9.058000000000000000e+03,-1.634000000000000000e+03,-1.128300000000000000e+04,-2.562000000000000000e+03,-9.390000000000000000e+03,-1.188600000000000000e+04
7.580000000000000000e+02,-1.051400000000000000e+04,-5.666000000000000000e+03,-3.871000000000000000e+03,2.366000000000000000e+03,-5.530000000000000000e+02,-8.986000000000000000e+03,-1.331300000000000000e+04
-6.802000000000000000e+03,8.818000000000000000e+03,-1.237900000000000000e+04,-9.192000000000000000e+03,-9.071000000000000000e+03,-7.460000000000000000e+03,-2.732000000000000000e+03,-1.294100000000000000e+04
-5.736000000000000000e+03,-1.805000000000000000e+03,-8.029000000000000000e+03,-5.412000000000000000e+03,-9.196000000000000000e+03,-4.939000000000000000e+03,5.149000000000000000e+03,-8.616000000000000000e+03
1.322900000000000000e+04,-8.669000000000000000e+03,-9.680000000000000000e+03,-3.700000000000000000e+01,-7.432000000000000000e+03,-2.297000000000000000e+03,-5.668000000000000000e+03,-1.613000000000000000e+04
1.231600000000000000e+04,-1.023000000000000000e+04,-9.277000000000000000e+03,2.468000000000000000e+03,1.581000000000000000e+03,-8.291000000000000000e+03,-1.161900000000000000e+04,-1.487300000000000000e+04
-8.307000000000000000e+03,-9.117000000000000000e+03,-3.701000000000000000e+03,-8.032000000000000000e+03,-6.338000000000000000e+03,-1.285400000000000000e+04,-2.730000000000000000e+02,7.376000000000000000e+03
-3.454000000000000000e+03,-8.711000000000000000e+03,-5.547000000000000000e+03,-5.823000000000000000e+03,-1.405000000000000000e+03,-5.522000000000000000e+03,1.450000000000000000e+03,-8.939000000000000000e+03
5.076000000000000000e+03,-1.150000000000000000e+04,-3.830000000000000000e+03,4.770000000000000000e+02,-7.037000000000000000e+03,2.686000000000000000e+03,-9.660000000000000000e+03,-6.713000000000000000e+03
-1.086200000000000000e+04,-1.096100000000000000e+04,-3.312000000000000000e+03,-1.226100000000000000e+04,-6.600000000000000000e+03,-1.228300000000000000e+04,-8.083000000000000000e+03,8.618000000000000000e+03
2.877000000000000000e+03,-7.813000000000000000e+03,-3.318000000000000000e+03,1.260000000000000000e+03,-3.629000000000000000e+03,5.425000000000000000e+03,-1.057900000000000000e+04,-2.173000000000000000e+04
-4.093000000000000000e+03,-1.045300000000000000e+04,2.530000000000000000e+02,-6.840000000000000000e+03,7.827000000000000000e+03,-1.221400000000000000e+04,-1.064300000000000000e+04,-3.753000000000000000e+03
-8.894000000000000000e+03,-5.278000000000000000e+03,-5.736000000000000000e+03,-5.203000000000000000e+03,-1.298600000000000000e+04,-8.883000000000000000e+03,1.650100000000000000e+04,-6.713000000000000000e+03
-9.307000000000000000e+03,-7.117000000000000000e+03,-6.920000000000000000e+03,-6.413000000000000000e+03,-1.154400000000000000e+04,-9.712000000000000000e+03,-5.898000000000000000e+03,8.467000000000000000e+03
-6.423000000000000000e+03,-3.879000000000000000e+03,-6.260000000000000000e+03,-5.289000000000000000e+03,-3.811000000000000000e+03,-5.978000000000000000e+03,3.725000000000000000e+03,-6.404000000000000000e+03
-5.870000000000000000e+03,-1.952000000000000000e+03,-8.968000000000000000e+03,-3.238000000000000000e+03,-7.668000000000000000e+03,-9.486000000000000000e+03,1.242200000000000000e+04,-5.935000000000000000e+03
-1.028000000000000000e+04,-6.448000000000000000e+03,-6.703000000000000000e+03,-8.020000000000000000e+03,-9.958000000000000000e+03,-1.340000000000000000e+04,-4.874000000000000000e+03,9.467000000000000000e+03
5.730000000000000000e+02,-5.174000000000000000e+03,-5.544000000000000000e+03,6.762000000000000000e+03,-5.466000000000000000e+03,-4.042000000000000000e+03,-1.032600000000000000e+04,-1.479900000000000000e+04
-7.299000000000000000e+03,6.062000000000000000e+03,-6.959000000000000000e+03,-2.605000000000000000e+03,-1.562800000000000000e+04,-6.331000000000000000e+03,1.246000000000000000e+03,-1.358600000000000000e+04
-8.981000000000000000e+03,-6.248000000000000000e+03,-4.889000000000000000e+03,-2.889000000000000000e+03,-7.731000000000000000e+03,-1.470100000000000000e+04,1.235200000000000000e+04,-6.373000000000000000e+03
9.374000000000000000e+03,-9.578000000000000000e+03,-4.789000000000000000e+03,3.547000000000000000e+03,-5.729000000000000000e+03,-1.142000000000000000e+03,-1.627900000000000000e+04,-1.980400000000000000e+04
-2.854000000000000000e+03,1.248000000000000000e+04,-1.060600000000000000e+04,-1.581000000000000000e+03,-8.244000000000000000e+03,-5.341000000000000000e+03,-1.034200000000000000e+04,-1.317700000000000000e+04
1.175000000000000000e+03,-6.156000000000000000e+03,-4.086000000000000000e+03,9.933000000000000000e+03,-9.874000000000000000e+03,-9.350000000000000000e+02,-1.245200000000000000e+04,-1.660900000000000000e+04
9.190000000000000000e+02,-7.270000000000000000e+03,-7.792000000000000000e+03,8.820000000000000000e+02,-3.941000000000000000e+03,-2.640000000000000000e+03,1.782000000000000000e+03,-8.404000000000000000e+03
-9.760000000000000000e+02,-6.180000000000000000e+03,-1.153900000000000000e+04,6.183000000000000000e+03,-5.360000000000000000e+03,-4.481000000000000000e+03,-7.462000000000000000e+03,-1.075900000000000000e+04
-1.430000000000000000e+02,-8.535000000000000000e+03,-3.707000000000000000e+03,1.943000000000000000e+03,-4.897000000000000000e+03,-6.828000000000000000e+03,2.655000000000000000e+03,-9.748000000000000000e+03
-5.523000000000000000e+03,-6.591000000000000000e+03,-7.523000000000000000e+03,-9.027000000000000000e+03,-3.810000000000000000e+03,-8.985000000000000000e+03,8.422000000000000000e+03,-4.605000000000000000e+03
-8.869000000000000000e+03,-6.762000000000000000e+03,-6.194000000000000000e+03,-9.535000000000000000e+03,-4.745000000000000000e+03,-9.450000000000000000e+03,-1.760000000000000000e+03,8.954000000000000000e+03
-6.405000000000000000e+03,-7.740000000000000000e+03,-3.908000000000000000e+03,-7.360000000000000000e+03,-5.285000000000000000e+03,-7.488000000000000000e+03,8.905000000000000000e+03,-5.699000000000000000e+03
-8.317000000000000000e+03,6.732000000000000000e+03,-9.243000000000000000e+03,-8.489000000000000000e+03,-1.345100000000000000e+04,-6.224000000000000000e+03,-6.510000000000000000e+02,-1.288200000000000000e+04
-9.324000000000000000e+03,-6.886000000000000000e+03,-2.603000000000000000e+03,5.490000000000000000e+03,-9.000000000000000000e+03,-1.195000000000000000e+03,-1.692000000000000000e+03,-1.054000000000000000e+04
-4.796000000000000000e+03,7.426000000000000000e+03,-1.369900000000000000e+04,-4.445000000000000000e+03,-1.517000000000000000e+04,-6.711000000000000000e+03,-4.034000000000000000e+03,-1.484700000000000000e+04
-7.975000000000000000e+03,-1.034600000000000000e+04,-1.577000000000000000e+03,-5.897000000000000000e+03,1.482000000000000000e+03,-1.385600000000000000e+04,-1.160700000000000000e+04,8.364000000000000000e+03
1.233000000000000000e+03,-7.355000000000000000e+03,-9.222000000000000000e+03,3.791000000000000000e+03,-7.432000000000000000e+03,6.826000000000000000e+03,-8.147000000000000000e+03,-1.373900000000000000e+04
5.640000000000000000e+02,-7.604000000000000000e+03,-1.238300000000000000e+04,-1.902000000000000000e+03,1.027600000000000000e+04,-4.721000000000000000e+03,-9.676000000000000000e+03,-9.095000000000000000e+03
-8.140000000000000000e+02,2.065000000000000000e+03,-1.229800000000000000e+04,-3.707000000000000000e+03,-7.419000000000000000e+03,2.054000000000000000e+03,-9.352000000000000000e+03,-1.779300000000000000e+04
-2.244000000000000000e+03,-7.077000000000000000e+03,-6.345000000000000000e+03,4.145000000000000000e+03,7.670000000000000000e+02,-4.897000000000000000e+03,-7.121000000000000000e+03,-3.323000000000000000e+03
-6.122000000000000000e+03,9.786000000000000000e+03,-1.004100000000000000e+04,-3.223000000000000000e+03,-1.070600000000000000e+04,-7.127000000000000000e+03,-7.250000000000000000e+02,-1.001400000000000000e+04
-8.424000000000000000e+03,-1.085500000000000000e+04,-2.174000000000000000e+03,-9.978000000000000000e+03,-8.823000000000000000e+03,-1.224000000000000000e+04,-7.804000000000000000e+03,1.247000000000000000e+04
-1.660000000000000000e+03,-7.121000000000000000e+03,-9.202000000000000000e+03,1.097000000000000000e+03,-3.645000000000000000e+03,-8.340000000000000000e+02,-9.210000000000000000e+02,-9.667000000000000000e+03
-6.874000000000000000e+03,6.806000000000000000e+03,-1.018000000000000000e+04,-2.780000000000000000e+02,-1.555900000000000000e+04,-6.445000000000000000e+03,-3.736000000000000000e+03,-1.025200000000000000e+04
-6.304000000000000000e+03,1.010200000000000000e+04,-1.546400000000000000e+04,-4.300000000000000000e+03,-1.121200000000000000e+04,-9.048000000000000000e+03,-2.559000000000000000e+03,-1.473400000000000000e+04
7.780000000000000000e+02,-1.076900000000000000e+04,1.817000000000000000e+03,-4.504000000000000000e+03,1.501000000000000000e+03,-8.435000000000000000e+03,-1.043500000000000000e+04,-1.108100000000000000e+04
-5.198000000000000000e+03,-1.145300000000000000e+04,6.437000000000000000e+03,-4.310000000000000000e+03,1.943000000000000000e+03,-1.411500000000000000e+04,-7.473000000000000000e+03,-3.455000000000000000e+03
-9.016000000000000000e+03,-5.188000000000000000e+03,-5.370000000000000000e+03,-7.723000000000000000e+03,-8.876000000000000000e+03,-7.090000000000000000e+03,1.297100000000000000e+04,-8.524000000000000000e+03
-5.421000000000000000e+03,-1.191200000000000000e+04,4.015000000000000000e+03,-9.106000000000000000e+03,-7.280000000000000000e+02,-1.514200000000000000e+04,-1.051500000000000000e+04,3.687000000000000000e+03
1.215000000000000000e+03,-8.645000000000000000e+03,-6.210000000000000000e+03,4.830000000000000000e+02,-9.587000000000000000e+03,-7.030000000000000000e+02,-4.045000000000000000e+03,-1.747500000000000000e+04
-9.128000000000000000e+03,-4.920000000000000000e+03,-6.511000000000000000e+03,-2.183000000000000000e+03,-6.974000000000000000e+03,-4.553000000000000000e+03,2.464000000000000000e+03,-8.923000000000000000e+03
-4.493000000000000000e+03,-5.576000000000000000e+03,-1.419600000000000000e+04,3.597000000000000000e+03,-1.241800000000000000e+04,6.242000000000000000e+03,-1.034700000000000000e+04,-1.476300000000000000e+04
-5.513000000000000000e+03,-6.317000000000000000e+03,-9.154000000000000000e+03,-1.047200000000000000e+04,-7.940000000000000000e+02,-1.013300000000000000e+04,1.025500000000000000e+04,-6.100000000000000000e+03
-7.040000000000000000e+02,-2.185000000000000000e+03,-8.342000000000000000e+03,-3.455000000000000000e+03,-4.442000000000000000e+03,-6.009000000000000000e+03,1.621000000000000000e+03,-1.104600000000000000e+04
-7.216000000000000000e+03,-5.276000000000000000e+03,-7.234000000000000000e+03,-4.651000000000000000e+03,-1.009800000000000000e+04,-5.972000000000000000e+03,4.743000000000000000e+03,-1.122600000000000000e+04
-5.778000000000000000e+03,1.254600000000000000e+04,-9.616000000000000000e+03,-3.149000000000000000e+03,-1.144800000000000000e+04,-3.620000000000000000e+03,-4.738000000000000000e+03,-8.564000000000000000e+03
-9.920000000000000000e+02,-3.130000000000000000e+03,-4.691000000000000000e+03,2.001000000000000000e+03,-3.287000000000000000e+03,-4.009000000000000000e+03,-4.788000000000000000e+03,-9.483000000000000000e+03
2.046000000000000000e+03,-8.469000000000000000e+03,-1.321800000000000000e+04,5.377000000000000000e+03,-1.328900000000000000e+04,1.239500000000000000e+04,-1.856400000000000000e+04,-1.140600000000000000e+04
-2.620000000000000000e+03,3.740000000000000000e+03,-1.295700000000000000e+04,5.450000000000000000e+02,-9.452000000000000000e+03,6.923000000000000000e+03,-1.210400000000000000e+04,-7.043000000000000000e+03
-5.132000000000000000e+03,-1.374400000000000000e+04,1.102700000000000000e+04,-9.245000000000000000e+03,-1.044000000000000000e+03,-1.299000000000000000e+04,-1.058800000000000000e+04,-1.101000000000000000e+03
-3.999000000000000000e+03,-1.073900000000000000e+04,-3.581000000000000000e+03,-2.644000000000000000e+03,4.582000000000000000e+03,-7.206000000000000000e+03,-1.050000000000000000e+02,-9.400000000000000000e+03
3.074000000000000000e+03,-6.686000000000000000e+03,-5.161000000000000000e+03,2.320000000000000000e+02,-3.201000000000000000e+03,-2.117000000000000000e+03,-1.103600000000000000e+04,-1.922400000000000000e+04
-3.512000000000000000e+03,-8.073000000000000000e+03,-8.076000000000000000e+03,-5.867000000000000000e+03,-5.097000000000000000e+03,-7.040000000000000000e+03,3.560000000000000000e+03,-5.189000000000000000e+03
-6.898000000000000000e+03,-7.638000000000000000e+03,2.202000000000000000e+03,-4.472000000000000000e+03,-2.376000000000000000e+03,-1.154300000000000000e+04,-2.912000000000000000e+03,-6.984000000000000000e+03
5.807000000000000000e+03,-1.142600000000000000e+04,-6.471000000000000000e+03,-3.708000000000000000e+03,5.745000000000000000e+03,-1.012200000000000000e+04,-9.717000000000000000e+03,-9.833000000000000000e+03
-2.102000000000000000e+03,-8.644000000000000000e+03,-5.965000000000000000e+03,-8.472000000000000000e+03,-2.774000000000000000e+03,-8.171000000000000000e+03,4.190000000000000000e+03,-5.353000000000000000e+03
-8.238000000000000000e+03,-8.730000000000000000e+03,-6.234000000000000000e+03,-1.145600000000000000e+04,-7.450000000000000000e+03,-1.170000000000000000e+04,-2.238000000000000000e+03,6.313000000000000000e+03
-5.423000000000000000e+03,-5.781000000000000000e+03,-1.160400000000000000e+04,1.369000000000000000e+03,-5.793000000000000000e+03,5.031000000000000000e+03,-1.119900000000000000e+04,-1.317200000000000000e+04
-1.152800000000000000e+04,-9.285000000000000000e+03,-6.943000000000000000e+03,-1.073700000000000000e+04,-8.488000000000000000e+03,-1.310100000000000000e+04,-9.415000000000000000e+03,1.272100000000000000e+04
4.035000000000000000e+03,-6.643000000000000000e+03,-7.776000000000000000e+03,-1.099000000000000000e+03,-1.090000000000000000e+02,-7.473000000000000000e+03,-5.520000000000000000e+03,-1.551400000000000000e+04
-3.942000000000000000e+03,-7.507000000000000000e+03,-6.959000000000000000e+03,5.955000000000000000e+03,-1.317900000000000000e+04,3.664000000000000000e+03,-4.407000000000000000e+03,-7.921000000000000000e+03
-4.754000000000000000e+03,1.476800000000000000e+04,-1.079900000000000000e+04,-6.394000000000000000e+03,-6.679000000000000000e+03,-9.167000000000000000e+03,-2.000000000000000000e+01,-1.340300000000000000e+04
6.240000000000000000e+02,1.048000000000000000e+03,-8.723000000000000000e+03,-4.727000000000000000e+03,-1.051600000000000000e+04,-1.545000000000000000e+03,-6.385000000000000000e+03,-1.920000000000000000e+04
-8.960000000000000000e+03,-7.372000000000000000e+03,-4.788000000000000000e+03,-9.669000000000000000e+03,-6.390000000000000000e+03,-1.176400000000000000e+04,-2.519000000000000000e+03,7.405000000000000000e+03
-8.979000000000000000e+03,-3.511000000000000000e+03,-1.086100000000000000e+04,1.223000000000000000e+03,-6.898000000000000000e+03,9.890000000000000000e+03,-7.716000000000000000e+03,-7.681000000000000000e+03
-9.055000000000000000e+03,-1.442600000000000000e+04,-2.592000000000000000e+03,-1.238100000000000000e+04,-7.790000000000000000e+03,-1.651000000000000000e+04,-1.080800000000000000e+04,1.198900000000000000e+04
4.202000000000000000e+03,-4.566000000000000000e+03,-1.124800000000000000e+04,1.728000000000000000e+03,-6.293000000000000000e+03,-1.526000000000000000e+03,-1.002600000000000000e+04,-1.180800000000000000e+04
-6.252000000000000000e+03,-1.036600000000000000e+04,5.397000000000000000e+03,-8.013000000000000000e+03,-1.260000000000000000e+03,-1.561700000000000000e+04,-4.551000000000000000e+03,1.543000000000000000e+03
-2.948000000000000000e+03,9.388000000000000000e+03,-8.696000000000000000e+03,-1.691000000000000000e+03,-9.160000000000000000e+03,-1.067000000000000000e+04,-4.672000000000000000e+03,-1.561200000000000000e+04
-1.595900000000000000e+04,-9.800000000000000000e+03,-2.206000000000000000e+03,-4.728000000000000000e+03,-5.406000000000000000e+03,-9.725000000000000000e+03,-4.892000000000000000e+03,5.443000000000000000e+03
3.768000000000000000e+03,-5.255000000000000000e+03,-2.991000000000000000e+03,3.431000000000000000e+03,-6.330000000000000000e+02,-8.362000000000000000e+03,-8.279000000000000000e+03,-1.624100000000000000e+04
-8.461000000000000000e+03,-9.736000000000000000e+03,4.907000000000000000e+03,-6.919000000000000000e+03,-2.393000000000000000e+03,-1.219900000000000000e+04,-4.907000000000000000e+03,7.640000000000000000e+02
-4.616000000000000000e+03,-4.798000000000000000e+03,-5.624000000000000000e+03,-3.347000000000000000e+03,-4.050000000000000000e+03,-2.335000000000000000e+03,-2.372000000000000000e+03,5.740000000000000000e+02
-7.847000000000000000e+03,-8.029000000000000000e+03,3.260000000000000000e+02,-5.440000000000000000e+03,-7.318000000000000000e+03,-1.185900000000000000e+04,-1.853000000000000000e+03,4.777000000000000000e+03
5.713000000000000000e+03,-8.134000000000000000e+03,-1.101200000000000000e+04,4.324000000000000000e+03,-9.538000000000000000e+03,3.309000000000000000e+03,-1.506900000000000000e+04,-1.910800000000000000e+04
-4.699000000000000000e+03,3.938000000000000000e+03,-9.688000000000000000e+03,-6.240000000000000000e+02,-8.885000000000000000e+03,-7.435000000000000000e+03,-4.290000000000000000e+02,-1.016300000000000000e+04
3.563000000000000000e+03,-1.011000000000000000e+04,-8.280000000000000000e+03,1.870000000000000000e+02,7.758000000000000000e+03,-9.482000000000000000e+03,-7.194000000000000000e+03,-1.461500000000000000e+04
-1.081000000000000000e+04,-4.577000000000000000e+03,-7.396000000000000000e+03,-7.443000000000000000e+03,-9.375000000000000000e+03,-1.071900000000000000e+04,1.364600000000000000e+04,-4.291000000000000000e+03
-5.083000000000000000e+03,-1.024700000000000000e+04,6.556000000000000000e+03,-6.222000000000000000e+03,1.080000000000000000e+03,-1.019600000000000000e+04,-2.616000000000000000e+03,-6.299000000000000000e+03
-9.801000000000000000e+03,-1.114500000000000000e+04,-8.370000000000000000e+03,-1.035100000000000000e+04,-7.832000000000000000e+03,-1.368700000000000000e+04,-1.400300000000000000e+04,1.369200000000000000e+04
3.304000000000000000e+03,2.789000000000000000e+03,-7.728000000000000000e+03,-3.493000000000000000e+03,-6.476000000000000000e+03,-7.425000000000000000e+03,-6.697000000000000000e+03,-1.360800000000000000e+04
9.060000000000000000e+02,-8.711000000000000000e+03,-6.046000000000000000e+03,5.203000000000000000e+03,-2.529000000000000000e+03,-4.628000000000000000e+03,-6.492000000000000000e+03,-1.370400000000000000e+04
7.745000000000000000e+03,-7.816000000000000000e+03,-1.127400000000000000e+04,3.795000000000000000e+03,-4.962000000000000000e+03,-3.542000000000000000e+03,-1.121700000000000000e+04,-1.565300000000000000e+04
-3.210000000000000000e+02,-9.304000000000000000e+03,-1.064300000000000000e+04,1.232000000000000000e+03,1.850000000000000000e+02,-5.426000000000000000e+03,-3.702000000000000000e+03,-9.579000000000000000e+03
-6.078000000000000000e+03,-1.272300000000000000e+04,5.444000000000000000e+03,-8.944000000000000000e+03,3.809000000000000000e+03,-1.420100000000000000e+04,-1.076900000000000000e+04,-2.365000000000000000e+03
-1.173300000000000000e+04,-8.639000000000000000e+03,-8.106000000000000000e+03,-1.046900000000000000e+04,-1.124600000000000000e+04,-1.480200000000000000e+04,-1.043300000000000000e+04,1.450300000000000000e+04
-8.712000000000000000e+03,1.277000000000000000e+03,-9.635000000000000000e+03,-7.324000000000000000e+03,-8.907000000000000000e+03,-7.107000000000000000e+03,7.030000000000000000e+03,-7.978000000000000000e+03
-5.174000000000000000e+03,-9.051000000000000000e+03,-1.014600000000000000e+04,-4.376000000000000000e+03,1.302400000000000000e+04,-6.934000000000000000e+03,-8.473000000000000000e+03,-2.814000000000000000e+03
-7.198000000000000000e+03,-5.754000000000000000e+03,-7.977000000000000000e+03,9.120000000000000000e+02,-2.672000000000000000e+03,-1.135600000000000000e+04,6.412000000000000000e+03,-6.873000000000000000e+03
5.304000000000000000e+03,-7.799000000000000000e+03,-1.113500000000000000e+04,3.791000000000000000e+03,-8.736000000000000000e+03,-5.400000000000000000e+01,-5.696000000000000000e+03,-1.556100000000000000e+04
-6.139000000000000000e+03,8.125000000000000000e+03,-4.429000000000000000e+03,-2.442000000000000000e+03,-1.742000000000000000e+03,-1.111500000000000000e+04,-3.382000000000000000e+03,-1.273600000000000000e+04
-6.406000000000000000e+03,-8.512000000000000000e+03,2.455000000000000000e+03,-6.399000000000000000e+03,-1.447000000000000000e+03,-1.427700000000000000e+04,-2.239000000000000000e+03,8.760000000000000000e+02
-2.079000000000000000e+03,-1.007900000000000000e+04,-5.061000000000000000e+03,-8.716000000000000000e+03,-1.299000000000000000e+03,-7.480000000000000000e+03,5.177000000000000000e+03,-3.200000000000000000e+03
4.918000000000000000e+03,-4.298000000000000000e+03,-7.994000000000000000e+03,5.340000000000000000e+03,-8.058000000000000000e+03,-1.752000000000000000e+03,-9.149000000000000000e+03,-1.880600000000000000e+04
-8.688000000000000000e+03,1.856500000000000000e+04,-1.078600000000000000e+04,-7.430000000000000000e+03,-9.196000000000000000e+03,-8.097000000000000000e+03,-4.894000000000000000e+03,-1.317300000000000000e+04
-7.640000000000000000e+02,-1.397300000000000000e+04,-3.327000000000000000e+03,-6.847000000000000000e+03,9.367000000000000000e+03,-1.142700000000000000e+04,-7.675000000000000000e+03,-5.872000000000000000e+03
-3.244000000000000000e+03,-8.989000000000000000e+03,-8.988000000000000000e+03,4.918000000000000000e+03,-1.132600000000000000e+04,6.516000000000000000e+03,-9.410000000000000000e+03,-1.127800000000000000e+04
1.131000000000000000e+03,5.041000000000000000e+03,-1.079300000000000000e+04,2.493000000000000000e+03,-3.957000000000000000e+03,-4.392000000000000000e+03,-9.847000000000000000e+03,-1.491500000000000000e+04
-8.036000000000000000e+03,-9.542000000000000000e+03,-3.538000000000000000e+03,-1.124700000000000000e+04,-6.040000000000000000e+03,-1.286500000000000000e+04,-2.387000000000000000e+03,8.189000000000000000e+03
6.380000000000000000e+02,-3.479000000000000000e+03,-9.927000000000000000e+03,-2.779000000000000000e+03,-1.241500000000000000e+04,-6.728000000000000000e+03,7.275000000000000000e+03,-1.194300000000000000e+04
2.265000000000000000e+03,-6.866000000000000000e+03,-1.370500000000000000e+04,5.410000000000000000e+02,-8.968000000000000000e+03,-4.680000000000000000e+02,-3.499000000000000000e+03,-1.164600000000000000e+04
-6.020000000000000000e+02,-7.429000000000000000e+03,7.350000000000000000e+02,5.359000000000000000e+03,-3.189000000000000000e+03,-2.407000000000000000e+03,-1.095500000000000000e+04,-1.045000000000000000e+04
-2.512000000000000000e+03,-1.095500000000000000e+04,-7.893000000000000000e+03,-4.980000000000000000e+03,9.863000000000000000e+03,-1.025600000000000000e+04,-8.790000000000000000e+03,-7.329000000000000000e+03
-9.534000000000000000e+03,-5.000000000000000000e+00,-4.649000000000000000e+03,-8.211000000000000000e+03,-1.178800000000000000e+04,-1.367800000000000000e+04,1.316200000000000000e+04,-7.361000000000000000e+03
-6.263000000000000000e+03,-4.462000000000000000e+03,-3.258000000000000000e+03,-6.467000000000000000e+03,-4.547000000000000000e+03,-8.255000000000000000e+03,3.562000000000000000e+03,-1.786000000000000000e+03
-7.068000000000000000e+03,1.446700000000000000e+04,-7.581000000000000000e+03,-6.910000000000000000e+02,-1.009900000000000000e+04,-7.921000000000000000e+03,-4.939000000000000000e+03,-1.543900000000000000e+04
-9.968000000000000000e+03,-9.897000000000000000e+03,-4.507000000000000000e+03,-8.793000000000000000e+03,-8.106000000000000000e+03,-1.576600000000000000e+04,-7.157000000000000000e+03,1.039000000000000000e+04
-9.183000000000000000e+03,-1.213800000000000000e+04,3.221000000000000000e+03,-8.555000000000000000e+03,-5.854000000000000000e+03,-1.493200000000000000e+04,-7.869000000000000000e+03,5.420000000000000000e+03
-9.137000000000000000e+03,-5.118000000000000000e+03,-1.014500000000000000e+04,4.710000000000000000e+03,-5.619000000000000000e+03,5.922000000000000000e+03,-8.676000000000000000e+03,-8.265000000000000000e+03
1.130000000000000000e+02,-7.722000000000000000e+03,-1.118700000000000000e+04,3.360000000000000000e+03,-3.621000000000000000e+03,3.024000000000000000e+03,-7.954000000000000000e+03,-1.281600000000000000e+04
-5.953000000000000000e+03,9.204000000000000000e+03,-6.513000000000000000e+03,-3.184000000000000000e+03,-9.883000000000000000e+03,-3.533000000000000000e+03,-1.943000000000000000e+03,-8.705000000000000000e+03
4.640000000000000000e+03,-8.599000000000000000e+03,-6.251000000000000000e+03,2.147000000000000000e+03,2.639000000000000000e+03,-5.655000000000000000e+03,-1.188500000000000000e+04,-9.977000000000000000e+03
-9.049000000000000000e+03,8.067000000000000000e+03,-8.848000000000000000e+03,-7.369000000000000000e+03,-9.074000000000000000e+03,-8.678000000000000000e+03,2.528000000000000000e+03,-1.123900000000000000e+04
-1.127500000000000000e+04,-2.291000000000000000e+03,-4.907000000000000000e+03,-1.724000000000000000e+03,-9.177000000000000000e+03,-6.092000000000000000e+03,1.096800000000000000e+04,-7.384000000000000000e+03
1.745000000000000000e+03,-8.224000000000000000e+03,-1.069500000000000000e+04,6.327000000000000000e+03,-2.901000000000000000e+03,3.040000000000000000e+03,-1.147900000000000000e+04,-1.597000000000000000e+04
1.126000000000000000e+03,-7.976000000000000000e+03,-5.336000000000000000e+03,8.175000000000000000e+03,-6.774000000000000000e+03,1.398000000000000000e+03,-6.440000000000000000e+03,-1.074200000000000000e+04
-1.176700000000000000e+04,-8.394000000000000000e+03,-5.843000000000000000e+03,-7.144000000000000000e+03,-5.397000000000000000e+03,-1.164200000000000000e+04,-5.619000000000000000e+03,1.021700000000000000e+04
-1.524000000000000000e+03,-3.490000000000000000e+03,-1.119600000000000000e+04,5.410000000000000000e+02,-1.190500000000000000e+04,1.234000000000000000e+03,-6.888000000000000000e+03,-1.715400000000000000e+04
-4.472000000000000000e+03,-5.755000000000000000e+03,-1.203900000000000000e+04,-8.090000000000000000e+02,-8.542000000000000000e+03,7.999000000000000000e+03,-3.268000000000000000e+03,-7.249000000000000000e+03
-9.347000000000000000e+03,-1.586000000000000000e+03,-8.695000000000000000e+03,-8.895000000000000000e+03,-1.216400000000000000e+04,-8.819000000000000000e+03,7.582000000000000000e+03,-8.203000000000000000e+03
-6.094000000000000000e+03,1.667900000000000000e+04,-9.011000000000000000e+03,-4.387000000000000000e+03,-9.258000000000000000e+03,-9.238000000000000000e+03,-2.713000000000000000e+03,-1.030200000000000000e+04
-3.522000000000000000e+03,-1.335700000000000000e+04,2.615000000000000000e+03,-1.033100000000000000e+04,5.813000000000000000e+03,-1.266700000000000000e+04,-8.133000000000000000e+03,-6.146000000000000000e+03
6.174000000000000000e+03,-9.398000000000000000e+03,-7.102000000000000000e+03,3.922000000000000000e+03,-7.067000000000000000e+03,-9.320000000000000000e+02,-9.448000000000000000e+03,-1.714400000000000000e+04
-2.977000000000000000e+03,-5.300000000000000000e+03,-7.137000000000000000e+03,4.690000000000000000e+02,-6.987000000000000000e+03,1.649000000000000000e+03,-4.425000000000000000e+03,-8.036000000000000000e+03
-6.359000000000000000e+03,-9.506000000000000000e+03,1.161000000000000000e+03,-7.532000000000000000e+03,-2.622000000000000000e+03,-8.444000000000000000e+03,5.494000000000000000e+03,-5.359000000000000000e+03
-4.080000000000000000e+02,-1.108800000000000000e+04,-3.369000000000000000e+03,-1.229000000000000000e+03,5.906000000000000000e+03,-7.627000000000000000e+03,-8.711000000000000000e+03,-1.340900000000000000e+04
-9.360000000000000000e+03,-5.650000000000000000e+03,-3.505000000000000000e+03,-7.401000000000000000e+03,-6.488000000000000000e+03,-1.174800000000000000e+04,3.160000000000000000e+03,3.844000000000000000e+03
-9.400000000000000000e+01,-5.359000000000000000e+03,-8.494000000000000000e+03,1.097000000000000000e+03,-1.110300000000000000e+04,1.940000000000000000e+02,-3.990000000000000000e+03,-1.064400000000000000e+04
2.664000000000000000e+03,-1.010000000000000000e+04,-3.168000000000000000e+03,6.558000000000000000e+03,-6.001000000000000000e+03,-5.570000000000000000e+02,-7.259000000000000000e+03,-1.681500000000000000e+04
-5.764000000000000000e+03,-8.667000000000000000e+03,-5.877000000000000000e+03,-6.189000000000000000e+03,-7.313000000000000000e+03,-8.051000000000000000e+03,1.091300000000000000e+04,-5.538000000000000000e+03
-7.361000000000000000e+03,-5.946000000000000000e+03,-8.279000000000000000e+03,-1.700000000000000000e+01,-1.073400000000000000e+04,-6.416000000000000000e+03,1.474600000000000000e+04,-4.374000000000000000e+03
-9.000000000000000000e+01,-6.500000000000000000e+01,-1.111000000000000000e+04,-7.500000000000000000e+01,-4.080000000000000000e+03,-9.798000000000000000e+03,-4.426000000000000000e+03,-1.119600000000000000e+04
-3.713000000000000000e+03,-8.157000000000000000e+03,-5.687000000000000000e+03,-6.527000000000000000e+03,-1.811000000000000000e+03,-1.055700000000000000e+04,4.263000000000000000e+03,-5.137000000000000000e+03
-1.067500000000000000e+04,-1.077300000000000000e+04,-8.040000000000000000e+03,-8.001000000000000000e+03,-7.060000000000000000e+03,-1.520300000000000000e+04,-4.021000000000000000e+03,1.045400000000000000e+04
-4.591000000000000000e+03,1.138800000000000000e+04,-8.323000000000000000e+03,-6.174000000000000000e+03,-1.301000000000000000e+04,-6.012000000000000000e+03,-2.680000000000000000e+03,-1.862200000000000000e+04
-7.243000000000000000e+03,-7.994000000000000000e+03,-4.666000000000000000e+03,-4.972000000000000000e+03,-5.682000000000000000e+03,-1.036200000000000000e+04,1.324200000000000000e+04,-7.066000000000000000e+03
-3.433000000000000000e+03,-9.928000000000000000e+03,1.727000000000000000e+03,-6.021000000000000000e+03,2.433000000000000000e+03,-1.453300000000000000e+04,-8.846000000000000000e+03,-3.161000000000000000e+03
-3.877000000000000000e+03,9.460000000000000000e+02,-5.752000000000000000e+03,-2.633000000000000000e+03,-7.993000000000000000e+03,-7.884000000000000000e+03,-3.026000000000000000e+03,-1.424100000000000000e+04
-7.118000000000000000e+03,1.430600000000000000e+04,-9.089000000000000000e+03,-6.037000000000000000e+03,-1.115500000000000000e+04,-1.075300000000000000e+04,2.664000000000000000e+03,-9.904000000000000000e+03
-9.549000000000000000e+03,-8.171000000000000000e+03,-6.757000000000000000e+03,-9.216000000000000000e+03,-9.532000000000000000e+03,-1.077600000000000000e+04,-9.777000000000000000e+03,1.220200000000000000e+04
-5.049000000000000000e+03,9.093000000000000000e+03,-3.943000000000000000e+03,-3.184000000000000000e+03,-8.593000000000000000e+03,-1.019400000000000000e+04,-1.062000000000000000e+03,-1.215400000000000000e+04
3.185000000000000000e+03,-7.981000000000000000e+03,-1.199000000000000000e+04,3.298000000000000000e+03,-1.786000000000000000e+03,-4.319000000000000000e+03,-9.422000000000000000e+03,-7.941000000000000000e+03
-1.265400000000000000e+04,-7.365000000000000000e+03,-3.805000000000000000e+03,-6.877000000000000000e+03,-9.249000000000000000e+03,-1.312900000000000000e+04,-1.093600000000000000e+04,9.630000000000000000e+03
9.543000000000000000e+03,-1.222300000000000000e+04,-1.865000000000000000e+03,-4.798000000000000000e+03,-4.397000000000000000e+03,-3.613000000000000000e+03,-6.467000000000000000e+03,-9.421000000000000000e+03
-1.024400000000000000e+04,-9.528000000000000000e+03,-5.325000000000000000e+03,-1.202200000000000000e+04,-8.253000000000000000e+03,-9.121000000000000000e+03,-8.161000000000000000e+03,8.105000000000000000e+03
4.992000000000000000e+03,-8.421000000000000000e+03,-7.170000000000000000e+03,1.106000000000000000e+03,3.856000000000000000e+03,-1.218000000000000000e+04,-8.288000000000000000e+03,-1.322700000000000000e+04
-5.097000000000000000e+03,1.437700000000000000e+04,-7.955000000000000000e+03,-1.103000000000000000e+04,-1.061700000000000000e+04,-9.255000000000000000e+03,-7.350000000000000000e+02,-1.561200000000000000e+04
-3.737000000000000000e+03,-1.104900000000000000e+04,-2.343000000000000000e+03,-6.767000000000000000e+03,9.977000000000000000e+03,-1.337600000000000000e+04,-9.647000000000000000e+03,-3.672000000000000000e+03
-1.642000000000000000e+03,-5.501000000000000000e+03,-6.264000000000000000e+03,3.223000000000000000e+03,-5.025000000000000000e+03,3.762000000000000000e+03,-1.124900000000000000e+04,-9.457000000000000000e+03
-1.870000000000000000e+03,-1.201800000000000000e+04,-3.016000000000000000e+03,-5.687000000000000000e+03,1.012000000000000000e+04,-9.950000000000000000e+03,-1.140900000000000000e+04,-8.392000000000000000e+03
-7.464000000000000000e+03,1.711200000000000000e+04,-8.773000000000000000e+03,-8.732000000000000000e+03,-8.883000000000000000e+03,-8.466000000000000000e+03,-1.193000000000000000e+03,-1.418900000000000000e+04
-4.839000000000000000e+03,-8.552000000000000000e+03,-1.949000000000000000e+03,-6.715000000000000000e+03,-5.307000000000000000e+03,-1.233500000000000000e+04,1.790000000000000000e+03,-4.614000000000000000e+03
-5.245000000000000000e+03,-1.619000000000000000e+03,-1.141400000000000000e+04,-3.779000000000000000e+03,-9.794000000000000000e+03,-6.823000000000000000e+03,5.065000000000000000e+03,-7.736000000000000000e+03
-7.446000000000000000e+03,-6.707000000000000000e+03,-7.124000000000000000e+03,-1.047000000000000000e+04,-5.979000000000000000e+03,-8.227000000000000000e+03,6.918000000000000000e+03,-4.338000000000000000e+03
-3.858000000000000000e+03,1.519900000000000000e+04,-9.165000000000000000e+03,-2.678000000000000000e+03,-1.367600000000000000e+04,-4.144000000000000000e+03,-9.471000000000000000e+03,-1.752600000000000000e+04
-4.971000000000000000e+03,1.470700000000000000e+04,-8.366000000000000000e+03,-2.741000000000000000e+03,-1.113300000000000000e+04,-8.190000000000000000e+03,-5.326000000000000000e+03,-1.227200000000000000e+04
-4.870000000000000000e+03,-6.022000000000000000e+03,-5.198000000000000000e+03,-6.400000000000000000e+03,-3.172000000000000000e+03,-7.459000000000000000e+03,7.584000000000000000e+03,-9.286000000000000000e+03
-4.562000000000000000e+03,-2.993000000000000000e+03,-6.015000000000000000e+03,-5.456000000000000000e+03,-3.857000000000000000e+03,-1.057400000000000000e+04,8.180000000000000000e+02,6.390000000000000000e+02
8.840000000000000000e+02,-6.300000000000000000e+03,-7.383000000000000000e+03,2.183000000000000000e+03,4.150000000000000000e+03,-5.142000000000000000e+03,-8.146000000000000000e+03,-1.274300000000000000e+04
-7.118000000000000000e+03,1.118600000000000000e+04,-1.196000000000000000e+04,-8.537000000000000000e+03,-1.105700000000000000e+04,-6.800000000000000000e+03,-2.230000000000000000e+03,-1.076400000000000000e+04
-3.342000000000000000e+03,4.907000000000000000e+03,-8.104000000000000000e+03,-2.286000000000000000e+03,-1.256600000000000000e+04,-1.904000000000000000e+03,-2.432000000000000000e+03,-1.281500000000000000e+04
-7.891000000000000000e+03,-9.086000000000000000e+03,-2.409000000000000000e+03,-7.294000000000000000e+03,-1.497000000000000000e+03,-1.573800000000000000e+04,-1.077000000000000000e+04,8.140000000000000000e+03
-3.692000000000000000e+03,-6.607000000000000000e+03,-1.407000000000000000e+03,-2.449000000000000000e+03,-6.542000000000000000e+03,-6.388000000000000000e+03,7.294000000000000000e+03,-4.107000000000000000e+03
-3.368000000000000000e+03,4.029000000000000000e+03,-7.865000000000000000e+03,-3.842000000000000000e+03,-1.127000000000000000e+04,-4.344000000000000000e+03,-8.173000000000000000e+03,-1.609000000000000000e+04
6.300000000000000000e+02,-5.053000000000000000e+03,-1.221300000000000000e+04,2.816000000000000000e+03,-8.859000000000000000e+03,1.329000000000000000e+03,-6.317000000000000000e+03,-5.278000000000000000e+03
-2.186000000000000000e+03,-1.005700000000000000e+04,-5.906000000000000000e+03,-2.601000000000000000e+03,3.775000000000000000e+03,-2.913000000000000000e+03,-4.696000000000000000e+03,-6.978000000000000000e+03
-2.138000000000000000e+03,4.205000000000000000e+03,-7.669000000000000000e+03,2.223000000000000000e+03,-8.272000000000000000e+03,-4.971000000000000000e+03,-1.622000000000000000e+03,-9.310000000000000000e+03
1.504000000000000000e+03,-1.086000000000000000e+04,-1.175200000000000000e+04,-3.297000000000000000e+03,1.081400000000000000e+04,-8.079000000000000000e+03,-8.046000000000000000e+03,-8.897000000000000000e+03
-5.550000000000000000e+03,-1.018200000000000000e+04,4.724000000000000000e+03,-6.159000000000000000e+03,2.444000000000000000e+03,-1.409200000000000000e+04,-6.038000000000000000e+03,-6.310000000000000000e+02
2.632000000000000000e+03,-9.850000000000000000e+03,-6.425000000000000000e+03,1.659000000000000000e+03,-9.533000000000000000e+03,7.514000000000000000e+03,-1.048100000000000000e+04,-1.611500000000000000e+04
-9.451000000000000000e+03,1.087300000000000000e+04,-9.164000000000000000e+03,-6.083000000000000000e+03,-1.351100000000000000e+04,-1.087800000000000000e+04,8.300000000000000000e+02,-1.007500000000000000e+04
-5.204000000000000000e+03,-1.099000000000000000e+03,-5.510000000000000000e+03,-3.673000000000000000e+03,-9.994000000000000000e+03,-6.125000000000000000e+03,2.048000000000000000e+03,-9.961000000000000000e+03
-5.660000000000000000e+03,-1.113800000000000000e+04,1.070000000000000000e+03,-6.561000000000000000e+03,6.140000000000000000e+03,-1.616800000000000000e+04,-7.028000000000000000e+03,-1.456000000000000000e+03
2.251000000000000000e+03,1.867000000000000000e+03,-9.239000000000000000e+03,-2.033000000000000000e+03,-7.327000000000000000e+03,-5.188000000000000000e+03,-5.130000000000000000e+03,-1.655900000000000000e+04
5.050000000000000000e+02,-6.568000000000000000e+03,-1.017400000000000000e+04,1.782000000000000000e+03,-7.642000000000000000e+03,5.668000000000000000e+03,-9.126000000000000000e+03,-1.277200000000000000e+04
-8.094000000000000000e+03,-5.957000000000000000e+03,-8.343000000000000000e+03,-7.302000000000000000e+03,-6.807000000000000000e+03,-8.473000000000000000e+03,9.582000000000000000e+03,-3.183000000000000000e+03
-6.551000000000000000e+03,-9.091000000000000000e+03,8.579000000000000000e+03,-4.476000000000000000e+03,-4.100000000000000000e+02,-1.595600000000000000e+04,-7.622000000000000000e+03,-5.287000000000000000e+03
-9.124000000000000000e+03,-1.168100000000000000e+04,-2.182000000000000000e+03,-9.374000000000000000e+03,-5.332000000000000000e+03,-1.733200000000000000e+04,-2.290000000000000000e+03,7.351000000000000000e+03
-3.520000000000000000e+03,1.143600000000000000e+04,-9.206000000000000000e+03,7.900000000000000000e+01,-1.249500000000000000e+04,-4.664000000000000000e+03,-9.542000000000000000e+03,-1.769100000000000000e+04
-8.281000000000000000e+03,-1.090700000000000000e+04,-5.247000000000000000e+03,-8.446000000000000000e+03,-9.861000000000000000e+03,-1.453100000000000000e+04,-8.211000000000000000e+03,1.210000000000000000e+04
5.746000000000000000e+03,-5.146000000000000000e+03,-1.106900000000000000e+04,1.180000000000000000e+03,-5.044000000000000000e+03,-4.381000000000000000e+03,-9.236000000000000000e+03,-1.484100000000000000e+04
-2.809000000000000000e+03,1.186800000000000000e+04,-8.272000000000000000e+03,-2.488000000000000000e+03,-9.238000000000000000e+03,-6.901000000000000000e+03,-5.691000000000000000e+03,-1.269600000000000000e+04
-3.480000000000000000e+03,-8.352000000000000000e+03,-4.200000000000000000e+03,-4.687000000000000000e+03,-6.521000000000000000e+03,-7.559000000000000000e+03,1.024100000000000000e+04,-9.718000000000000000e+03
-8.637000000000000000e+03,-5.491000000000000000e+03,-4.630000000000000000e+03,-5.671000000000000000e+03,-8.160000000000000000e+03,-9.070000000000000000e+03,-6.538000000000000000e+03,1.113700000000000000e+04
-7.919000000000000000e+03,-8.511000000000000000e+03,-3.110000000000000000e+03,-7.755000000000000000e+03,-9.912000000000000000e+03,-8.537000000000000000e+03,-1.158000000000000000e+04,1.077500000000000000e+04
-6.050000000000000000e+03,-9.600000000000000000e+01,-1.085300000000000000e+04,-1.730000000000000000e+02,-1.097900000000000000e+04,5.449000000000000000e+03,-1.172100000000000000e+04,-1.342900000000000000e+04
2.325000000000000000e+03,-8.094000000000000000e+03,-8.169000000000000000e+03,2.590000000000000000e+02,-1.158700000000000000e+04,5.276000000000000000e+03,-3.920000000000000000e+03,-1.205000000000000000e+04
-3.394000000000000000e+03,-2.765000000000000000e+03,-8.123000000000000000e+03,8.590000000000000000e+02,-1.549800000000000000e+04,-4.910000000000000000e+02,-3.085000000000000000e+03,-1.294400000000000000e+04
-6.202000000000000000e+03,-6.450000000000000000e+03,-1.106800000000000000e+04,1.922000000000000000e+03,-1.105100000000000000e+04,9.225000000000000000e+03,-1.090800000000000000e+04,-7.706000000000000000e+03
-1.345000000000000000e+03,-4.515000000000000000e+03,-1.093300000000000000e+04,-2.720000000000000000e+02,-3.420000000000000000e+02,-4.286000000000000000e+03,-5.391000000000000000e+03,-8.821000000000000000e+03
-3.130000000000000000e+03,-1.105700000000000000e+04,3.791000000000000000e+03,-5.738000000000000000e+03,-4.396000000000000000e+03,-8.086000000000000000e+03,-1.442000000000000000e+03,-9.500000000000000000e+01
-6.195000000000000000e+03,6.075000000000000000e+03,-7.982000000000000000e+03,-2.830000000000000000e+03,-7.513000000000000000e+03,-3.782000000000000000e+03,-6.059000000000000000e+03,-1.516400000000000000e+04
5.047000000000000000e+03,-4.550000000000000000e+03,-3.433000000000000000e+03,4.356000000000000000e+03,-7.431000000000000000e+03,-4.990000000000000000e+03,-7.779000000000000000e+03,-1.889600000000000000e+04
2.134000000000000000e+03,-5.843000000000000000e+03,-6.461000000000000000e+03,3.725000000000000000e+03,-8.315000000000000000e+03,-7.311000000000000000e+03,-2.202000000000000000e+03,-1.254700000000000000e+04
-6.325000000000000000e+03,-6.438000000000000000e+03,-9.879000000000000000e+03,-5.980000000000000000e+03,-7.511000000000000000e+03,-3.365000000000000000e+03,1.459000000000000000e+04,-7.702000000000000000e+03
-1.183100000000000000e+04,-4.066000000000000000e+03,-4.708000000000000000e+03,-7.994000000000000000e+03,-8.925000000000000000e+03,-1.115300000000000000e+04,1.380300000000000000e+04,-6.116000000000000000e+03
-1.177000000000000000e+03,8.537000000000000000e+03,-9.585000000000000000e+03,-5.507000000000000000e+03,-8.443000000000000000e+03,-6.380000000000000000e+03,-1.140000000000000000e+03,-1.669400000000000000e+04
-6.455000000000000000e+03,9.153000000000000000e+03,-7.072000000000000000e+03,-5.589000000000000000e+03,-9.810000000000000000e+03,-4.826000000000000000e+03,-2.175000000000000000e+03,-1.069100000000000000e+04
-3.690000000000000000e+03,-1.106700000000000000e+04,4.258000000000000000e+03,-5.668000000000000000e+03,3.215000000000000000e+03,-1.424900000000000000e+04,-9.715000000000000000e+03,-5.650000000000000000e+02
-9.752000000000000000e+03,-5.115000000000000000e+03,-6.420000000000000000e+03,-1.674000000000000000e+03,-7.937000000000000000e+03,-5.277000000000000000e+03,9.656000000000000000e+03,-8.702000000000000000e+03
1.098000000000000000e+03,-6.675000000000000000e+03,-6.060000000000000000e+03,4.348000000000000000e+03,-1.939000000000000000e+03,-5.811000000000000000e+03,-4.943000000000000000e+03,-9.454000000000000000e+03
-7.709000000000000000e+03,-5.843000000000000000e+03,-5.092000000000000000e+03,1.750000000000000000e+02,-4.539000000000000000e+03,-6.775000000000000000e+03,6.480000000000000000e+03,-5.732000000000000000e+03
-1.077600000000000000e+04,-9.981000000000000000e+03,-4.976000000000000000e+03,-1.190300000000000000e+04,-6.941000000000000000e+03,-1.589700000000000000e+04,-6.113000000000000000e+03,1.296300000000000000e+04
-7.413000000000000000e+03,-8.267000000000000000e+03,-5.795000000000000000e+03,-1.024700000000000000e+04,-1.064600000000000000e+04,-8.410000000000000000e+03,-6.770000000000000000e+03,7.931000000000000000e+03
-9.456000000000000000e+03,-6.421000000000000000e+03,-7.600000000000000000e+03,-8.416000000000000000e+03,-8.508000000000000000e+03,-1.202800000000000000e+04,-6.243000000000000000e+03,1.058600000000000000e+04
-2.214000000000000000e+03,-6.291000000000000000e+03,-6.360000000000000000e+03,4.528000000000000000e+03,-9.464000000000000000e+03,-3.414000000000000000e+03,-6.846000000000000000e+03,-1.521400000000000000e+04
-1.191000000000000000e+04,-1.001700000000000000e+04,-5.795000000000000000e+03,-9.982000000000000000e+03,-7.201000000000000000e+03,-1.448500000000000000e+04,-1.831000000000000000e+03,1.081500000000000000e+04
2.770000000000000000e+03,-8.988000000000000000e+03,-6.420000000000000000e+03,2.206000000000000000e+03,-9.245000000000000000e+03,6.297000000000000000e+03,-1.310000000000000000e+04,-1.324000000000000000e+04
-5.572000000000000000e+03,1.644200000000000000e+04,-9.633000000000000000e+03,-4.816000000000000000e+03,-1.222700000000000000e+04,-9.141000000000000000e+03,-3.686000000000000000e+03,-1.402100000000000000e+04
-8.429000000000000000e+03,-6.692000000000000000e+03,-7.413000000000000000e+03,-8.089000000000000000e+03,-7.440000000000000000e+03,-9.597000000000000000e+03,1.828500000000000000e+04,-3.190000000000000000e+03
-9.845000000000000000e+03,1.680000000000000000e+02,1.592000000000000000e+03,1.711000000000000000e+03,-9.765000000000000000e+03,-1.490900000000000000e+04,7.390000000000000000e+02,-5.437000000000000000e+03
-7.934000000000000000e+03,1.777000000000000000e+04,-8.466000000000000000e+03,-5.587000000000000000e+03,-1.090000000000000000e+04,-7.953000000000000000e+03,-4.230000000000000000e+03,-1.386900000000000000e+04
1.219000000000000000e+03,-5.866000000000000000e+03,-4.343000000000000000e+03,3.932000000000000000e+03,-6.280000000000000000e+03,-3.168000000000000000e+03,-5.999000000000000000e+03,-1.412100000000000000e+04
1.225000000000000000e+03,6.170000000000000000e+02,-9.435000000000000000e+03,-1.870000000000000000e+02,-1.004500000000000000e+04,2.017000000000000000e+03,-1.158900000000000000e+04,-1.475300000000000000e+04
-2.891000000000000000e+03,-8.745000000000000000e+03,-4.171000000000000000e+03,5.786000000000000000e+03,-7.829000000000000000e+03,-2.164000000000000000e+03,-2.140000000000000000e+03,-1.538600000000000000e+04
-3.683000000000000000e+03,-1.085200000000000000e+04,-8.165000000000000000e+03,-5.337000000000000000e+03,1.293200000000000000e+04,-9.615000000000000000e+03,-1.044100000000000000e+04,-8.062000000000000000e+03
-7.746000000000000000e+03,-1.072100000000000000e+04,-9.810000000000000000e+02,-1.191900000000000000e+04,-8.739000000000000000e+03,-1.007900000000000000e+04,-6.441000000000000000e+03,9.780000000000000000e+03
-1.151000000000000000e+03,-1.164100000000000000e+04,-2.048000000000000000e+03,-4.160000000000000000e+03,6.539000000000000000e+03,-1.222700000000000000e+04,-4.561000000000000000e+03,-6.048000000000000000e+03
-9.180000000000000000e+03,-1.281200000000000000e+04,5.374000000000000000e+03,-1.000600000000000000e+04,-3.980000000000000000e+02,-1.619600000000000000e+04,-9.191000000000000000e+03,6.461000000000000000e+03
-3.313000000000000000e+03,-3.621000000000000000e+03,-6.506000000000000000e+03,4.521000000000000000e+03,-8.547000000000000000e+03,1.115000000000000000e+03,-1.089000000000000000e+04,-1.607400000000000000e+04
-7.460000000000000000e+03,-1.037600000000000000e+04,-2.408000000000000000e+03,-9.018000000000000000e+03,-4.953000000000000000e+03,-1.334500000000000000e+04,-8.195000000000000000e+03,9.106000000000000000e+03
-3.817000000000000000e+03,-7.330000000000000000e+03,-4.617000000000000000e+03,2.977000000000000000e+03,-3.835000000000000000e+03,-8.071000000000000000e+03,-2.750000000000000000e+03,-8.772000000000000000e+03
7.691000000000000000e+03,-9.648000000000000000e+03,-9.230000000000000000e+03,-1.060000000000000000e+02,1.600000000000000000e+03,-6.498000000000000000e+03,-4.705000000000000000e+03,-1.472200000000000000e+04
-2.530000000000000000e+03,9.448000000000000000e+03,-1.067600000000000000e+04,-8.888000000000000000e+03,-6.510000000000000000e+03,-7.942000000000000000e+03,-3.509000000000000000e+03,-1.603500000000000000e+04
-6.620000000000000000e+02,-5.809000000000000000e+03,-4.921000000000000000e+03,-1.862000000000000000e+03,-8.880000000000000000e+03,3.142000000000000000e+03,-9.124000000000000000e+03,-3.886000000000000000e+03
-2.130000000000000000e+02,-2.777000000000000000e+03,-1.024700000000000000e+04,2.470000000000000000e+03,-4.924000000000000000e+03,3.156000000000000000e+03,-8.338000000000000000e+03,-7.767000000000000000e+03
-7.236000000000000000e+03,-5.484000000000000000e+03,-4.501000000000000000e+03,-1.099900000000000000e+04,-3.452000000000000000e+03,-1.475300000000000000e+04,9.005000000000000000e+03,-3.855000000000000000e+03
-9.270000000000000000e+03,-9.934000000000000000e+03,-4.449000000000000000e+03,-4.567000000000000000e+03,-8.919000000000000000e+03,-1.478400000000000000e+04,-4.712000000000000000e+03,7.178000000000000000e+03
3.051000000000000000e+03,-9.922000000000000000e+03,-3.795000000000000000e+03,3.739000000000000000e+03,-3.840000000000000000e+02,-3.171000000000000000e+03,-5.523000000000000000e+03,-1.500000000000000000e+04
-9.846000000000000000e+03,-5.855000000000000000e+03,-9.550000000000000000e+02,1.446000000000000000e+03,-5.655000000000000000e+03,-8.556000000000000000e+03,1.656000000000000000e+03,-8.606000000000000000e+03
-3.280000000000000000e+02,-5.601000000000000000e+03,-1.172000000000000000e+03,3.003000000000000000e+03,-2.516000000000000000e+03,-5.033000000000000000e+03,-5.721000000000000000e+03,-1.110600000000000000e+04
-5.299000000000000000e+03,1.001700000000000000e+04,-7.120000000000000000e+03,-4.160000000000000000e+02,-3.844000000000000000e+03,-1.033900000000000000e+04,-2.214000000000000000e+03,-8.519000000000000000e+03
-6.353000000000000000e+03,-8.042000000000000000e+03,-3.242000000000000000e+03,1.972000000000000000e+03,-4.960000000000000000e+03,-7.727000000000000000e+03,5.845000000000000000e+03,-5.397000000000000000e+03
-5.478000000000000000e+03,-7.957000000000000000e+03,-2.057000000000000000e+03,-1.129900000000000000e+04,-4.848000000000000000e+03,-1.001600000000000000e+04,6.365000000000000000e+03,-9.500000000000000000e+01
3.293000000000000000e+03,-9.584000000000000000e+03,-9.507000000000000000e+03,6.055000000000000000e+03,-3.827000000000000000e+03,3.043000000000000000e+03,-1.146600000000000000e+04,-1.329800000000000000e+04
-3.627000000000000000e+03,-7.477000000000000000e+03,-8.960000000000000000e+03,-1.960000000000000000e+02,-7.978000000000000000e+03,2.554000000000000000e+03,-1.252000000000000000e+03,-7.775000000000000000e+03
-8.808000000000000000e+03,-3.832000000000000000e+03,-4.452000000000000000e+03,-2.050000000000000000e+03,-3.874000000000000000e+03,-1.056900000000000000e+04,8.822000000000000000e+03,-6.508000000000000000e+03
-5.751000000000000000e+03,-4.647000000000000000e+03,-5.899000000000000000e+03,-4.800000000000000000e+03,-8.962000000000000000e+03,-8.833000000000000000e+03,8.017000000000000000e+03,-1.759000000000000000e+03
-9.165000000000000000e+03,-4.918000000000000000e+03,-1.100000000000000000e+04,1.939000000000000000e+03,-8.213000000000000000e+03,4.872000000000000000e+03,-4.750000000000000000e+03,-2.290000000000000000e+03
2.173000000000000000e+03,-6.509000000000000000e+03,-9.224000000000000000e+03,2.063000000000000000e+03,-5.482000000000000000e+03,6.605000000000000000e+03,-9.406000000000000000e+03,-1.669000000000000000e+04
-1.842000000000000000e+03,-6.774000000000000000e+03,-5.981000000000000000e+03,1.227000000000000000e+03,-5.893000000000000000e+03,-3.500000000000000000e+01,-9.129000000000000000e+03,-4.593000000000000000e+03
-6.696000000000000000e+03,-8.612000000000000000e+03,-5.350000000000000000e+03,-1.039900000000000000e+04,5.340000000000000000e+02,-1.323000000000000000e+04,8.211000000000000000e+03,-7.856000000000000000e+03
-8.399000000000000000e+03,-7.973000000000000000e+03,-5.092000000000000000e+03,-6.167000000000000000e+03,-4.690000000000000000e+03,-1.114200000000000000e+04,1.355400000000000000e+04,-4.330000000000000000e+03
-6.896000000000000000e+03,-8.741000000000000000e+03,3.402000000000000000e+03,-3.859000000000000000e+03,-2.013000000000000000e+03,-9.312000000000000000e+03,-6.444000000000000000e+03,-6.582000000000000000e+03
9.934000000000000000e+03,-1.077800000000000000e+04,-9.473000000000000000e+03,2.347000000000000000e+03,-3.900000000000000000e+02,-4.079000000000000000e+03,-1.099100000000000000e+04,-1.672600000000000000e+04
-3.348000000000000000e+03,-4.077000000000000000e+03,-6.922000000000000000e+03,1.179900000000000000e+04,-8.218000000000000000e+03,1.044000000000000000e+03,-1.055700000000000000e+04,-8.223000000000000000e+03
3.530000000000000000e+02,-6.895000000000000000e+03,-8.462000000000000000e+03,-4.926000000000000000e+03,-9.310000000000000000e+03,7.552000000000000000e+03,-4.163000000000000000e+03,-7.598000000000000000e+03
-5.886000000000000000e+03,-2.500000000000000000e+03,-7.035000000000000000e+03,4.551000000000000000e+03,-7.166000000000000000e+03,-9.775000000000000000e+03,2.946000000000000000e+03,-1.131200000000000000e+04
-8.529000000000000000e+03,-4.088000000000000000e+03,-4.855000000000000000e+03,-6.960000000000000000e+03,-7.225000000000000000e+03,-9.582000000000000000e+03,1.443500000000000000e+04,-2.633000000000000000e+03
1.180000000000000000e+03,-1.043500000000000000e+04,-8.637000000000000000e+03,-5.447000000000000000e+03,2.128000000000000000e+03,-2.808000000000000000e+03,-5.247000000000000000e+03,-7.505000000000000000e+03
-4.142000000000000000e+03,-7.330000000000000000e+03,-1.058100000000000000e+04,7.229000000000000000e+03,-6.900000000000000000e+02,-5.936000000000000000e+03,2.009000000000000000e+03,-8.334000000000000000e+03
-8.106000000000000000e+03,1.455400000000000000e+04,-1.236800000000000000e+04,-2.289000000000000000e+03,-1.040300000000000000e+04,-4.642000000000000000e+03,-9.558000000000000000e+03,-7.457000000000000000e+03
-2.047000000000000000e+03,-4.990000000000000000e+02,-8.407000000000000000e+03,-7.080000000000000000e+02,-7.201000000000000000e+03,9.650000000000000000e+02,-8.362000000000000000e+03,-1.791300000000000000e+04
-1.062900000000000000e+04,-8.540000000000000000e+03,-8.570000000000000000e+03,-4.741000000000000000e+03,-8.573000000000000000e+03,-1.440800000000000000e+04,-6.336000000000000000e+03,1.116100000000000000e+04
-9.383000000000000000e+03,-6.079000000000000000e+03,-7.268000000000000000e+03,-9.963000000000000000e+03,-7.664000000000000000e+03,-1.100300000000000000e+04,1.385300000000000000e+04,-5.399000000000000000e+03
6.369000000000000000e+03,-9.901000000000000000e+03,-9.244000000000000000e+03,4.812000000000000000e+03,-6.891000000000000000e+03,-1.095000000000000000e+03,-8.711000000000000000e+03,-1.524300000000000000e+04
-7.008000000000000000e+03,-7.308000000000000000e+03,-5.252000000000000000e+03,-1.147600000000000000e+04,-8.342000000000000000e+03,-1.291400000000000000e+04,-4.849000000000000000e+03,1.094400000000000000e+04
-7.503000000000000000e+03,-1.216200000000000000e+04,-2.622000000000000000e+03,-4.468000000000000000e+03,-1.460000000000000000e+02,-1.612000000000000000e+04,-5.772000000000000000e+03,6.169000000000000000e+03
2.724000000000000000e+03,-5.567000000000000000e+03,-4.811000000000000000e+03,5.722000000000000000e+03,-6.290000000000000000e+03,-2.161000000000000000e+03,-8.878000000000000000e+03,-1.737800000000000000e+04
6.630000000000000000e+02,-9.678000000000000000e+03,-9.673000000000000000e+03,2.999000000000000000e+03,-4.315000000000000000e+03,7.169000000000000000e+03,-9.016000000000000000e+03,-9.765000000000000000e+03
-8.264000000000000000e+03,-4.773000000000000000e+03,-8.673000000000000000e+03,4.199000000000000000e+03,-8.843000000000000000e+03,4.082000000000000000e+03,-6.135000000000000000e+03,-7.992000000000000000e+03
-2.710000000000000000e+03,-4.890000000000000000e+02,-5.095000000000000000e+03,-2.760000000000000000e+02,-6.135000000000000000e+03,-5.415000000000000000e+03,-5.375000000000000000e+03,-1.345700000000000000e+04
-2.284000000000000000e+03,2.820000000000000000e+02,-5.680000000000000000e+03,-5.579000000000000000e+03,-5.806000000000000000e+03,-8.746000000000000000e+03,2.120000000000000000e+03,-1.574300000000000000e+04
1.050000000000000000e+03,-3.674000000000000000e+03,-1.040300000000000000e+04,1.281000000000000000e+03,-2.020000000000000000e+03,-7.100000000000000000e+02,-1.217200000000000000e+04,-1.866800000000000000e+04
-3.257000000000000000e+03,7.205000000000000000e+03,-6.449000000000000000e+03,-2.176000000000000000e+03,-1.514400000000000000e+04,-3.726000000000000000e+03,-4.688000000000000000e+03,-1.692200000000000000e+04
-5.116000000000000000e+03,-9.865000000000000000e+03,8.100000000000000000e+02,-6.430000000000000000e+03,2.716000000000000000e+03,-8.904000000000000000e+03,-2.183000000000000000e+03,-2.111000000000000000e+03
-9.947000000000000000e+03,-9.568000000000000000e+03,-4.881000000000000000e+03,-1.015000000000000000e+04,-9.261000000000000000e+03,-1.269600000000000000e+04,-1.199700000000000000e+04,1.169300000000000000e+04
-9.200000000000000000e+02,-1.087400000000000000e+04,-6.386000000000000000e+03,-5.291000000000000000e+03,-7.622000000000000000e+03,-5.253000000000000000e+03,7.470000000000000000e+02,-1.199500000000000000e+04
-8.611000000000000000e+03,-4.716000000000000000e+03,-9.032000000000000000e+03,-1.262100000000000000e+04,-7.554000000000000000e+03,-6.503000000000000000e+03,1.024000000000000000e+04,-5.290000000000000000e+03
8.220000000000000000e+02,-1.049000000000000000e+04,-5.232000000000000000e+03,-3.293000000000000000e+03,8.495000000000000000e+03,-1.149000000000000000e+04,-8.428000000000000000e+03,-6.906000000000000000e+03
6.397000000000000000e+03,-1.036000000000000000e+04,-6.366000000000000000e+03,8.809000000000000000e+03,-1.684000000000000000e+03,-5.403000000000000000e+03,-1.020500000000000000e+04,-1.486400000000000000e+04
-1.012400000000000000e+04,-1.034200000000000000e+04,-4.718000000000000000e+03,-8.417000000000000000e+03,-8.349000000000000000e+03,-1.595000000000000000e+04,-5.024000000000000000e+03,9.075000000000000000e+03
-4.485000000000000000e+03,7.740000000000000000e+02,-8.504000000000000000e+03,2.143000000000000000e+03,-8.017000000000000000e+03,-3.223000000000000000e+03,-6.506000000000000000e+03,-9.059000000000000000e+03
1.031200000000000000e+04,-8.718000000000000000e+03,-1.312100000000000000e+04,3.640000000000000000e+02,-5.592000000000000000e+03,6.700000000000000000e+01,-9.823000000000000000e+03,-1.363200000000000000e+04
6.230000000000000000e+02,-5.616000000000000000e+03,-6.076000000000000000e+03,9.700000000000000000e+01,-9.634000000000000000e+03,5.856000000000000000e+03,-7.524000000000000000e+03,-1.873000000000000000e+04
8.810000000000000000e+03,-6.070000000000000000e+03,-1.429200000000000000e+04,-4.360000000000000000e+02,-8.523000000000000000e+03,1.555000000000000000e+03,-3.102000000000000000e+03,-1.247500000000000000e+04
-8.533000000000000000e+03,-1.130600000000000000e+04,-3.174000000000000000e+03,-7.080000000000000000e+03,-7.314000000000000000e+03,-1.305900000000000000e+04,-2.679000000000000000e+03,8.431000000000000000e+03
-6.181000000000000000e+03,-2.091000000000000000e+03,-8.885000000000000000e+03,-7.664000000000000000e+03,-7.587000000000000000e+03,-1.123000000000000000e+04,1.252200000000000000e+04,-1.144000000000000000e+04
-4.625000000000000000e+03,-1.084200000000000000e+04,-5.440000000000000000e+03,-4.509000000000000000e+03,1.115200000000000000e+04,-1.032900000000000000e+04,-8.635000000000000000e+03,-5.348000000000000000e+03
-7.840000000000000000e+02,-8.872000000000000000e+03,-5.955000000000000000e+03,-2.300000000000000000e+02,1.025000000000000000e+03,-7.611000000000000000e+03,-2.143000000000000000e+03,-6.735000000000000000e+03
1.971000000000000000e+03,-7.934000000000000000e+03,-5.252000000000000000e+03,4.163000000000000000e+03,-1.065000000000000000e+03,-2.651000000000000000e+03,-1.003700000000000000e+04,-1.011000000000000000e+04
-7.122000000000000000e+03,-2.362000000000000000e+03,-9.373000000000000000e+03,-2.310000000000000000e+03,-9.363000000000000000e+03,-6.413000000000000000e+03,1.004600000000000000e+04,-6.666000000000000000e+03
-2.878000000000000000e+03,-9.809000000000000000e+03,-2.069000000000000000e+03,-1.226000000000000000e+03,-1.099000000000000000e+03,-7.082000000000000000e+03,6.249000000000000000e+03,-6.828000000000000000e+03
-1.044200000000000000e+04,-6.755000000000000000e+03,-6.521000000000000000e+03,-9.067000000000000000e+03,-8.313000000000000000e+03,-1.120300000000000000e+04,-1.001900000000000000e+04,1.384400000000000000e+04
-7.700000000000000000e+01,-5.806000000000000000e+03,-2.418000000000000000e+03,-3.800000000000000000e+01,1.380000000000000000e+02,-7.303000000000000000e+03,-5.118000000000000000e+03,-1.136600000000000000e+04
-4.614000000000000000e+03,9.214000000000000000e+03,-1.115300000000000000e+04,-5.670000000000000000e+03,-9.625000000000000000e+03,-3.995000000000000000e+03,-5.957000000000000000e+03,-1.172000000000000000e+04
-8.642000000000000000e+03,-1.155400000000000000e+04,-4.267000000000000000e+03,-1.009000000000000000e+04,-8.444000000000000000e+03,-1.176300000000000000e+04,-1.088700000000000000e+04,1.058200000000000000e+04
-8.746000000000000000e+03,-7.829000000000000000e+03,-8.124000000000000000e+03,-7.747000000000000000e+03,-5.504000000000000000e+03,-8.068000000000000000e+03,1.016100000000000000e+04,-4.486000000000000000e+03
-9.440000000000000000e+02,-1.020300000000000000e+04,-4.121000000000000000e+03,-2.782000000000000000e+03,5.591000000000000000e+03,-7.335000000000000000e+03,-5.950000000000000000e+03,-5.613000000000000000e+03
-2.097000000000000000e+03,5.260000000000000000e+03,-1.098000000000000000e+04,4.285000000000000000e+03,-8.844000000000000000e+03,-1.631000000000000000e+03,-1.331500000000000000e+04,-9.493000000000000000e+03
3.087000000000000000e+03,-7.210000000000000000e+03,-1.237000000000000000e+03,2.070000000000000000e+03,2.408000000000000000e+03,-6.801000000000000000e+03,-7.790000000000000000e+03,-9.014000000000000000e+03
-5.971000000000000000e+03,-7.897000000000000000e+03,1.100000000000000000e+01,-7.907000000000000000e+03,8.600000000000000000e+01,-1.454500000000000000e+04,-1.440000000000000000e+02,1.072000000000000000e+03
7.120000000000000000e+02,-9.991000000000000000e+03,-6.851000000000000000e+03,-7.223000000000000000e+03,6.562000000000000000e+03,-4.499000000000000000e+03,-4.551000000000000000e+03,-8.213000000000000000e+03
-4.800000000000000000e+02,-8.538000000000000000e+03,-4.609000000000000000e+03,-1.378000000000000000e+03,-2.558000000000000000e+03,-4.895000000000000000e+03,-8.010000000000000000e+02,-7.577000000000000000e+03
-5.751000000000000000e+03,6.313000000000000000e+03,-9.090000000000000000e+03,-1.496000000000000000e+03,-9.775000000000000000e+03,-7.011000000000000000e+03,-2.559000000000000000e+03,-9.168000000000000000e+03
-1.070900000000000000e+04,-4.294000000000000000e+03,-5.740000000000000000e+03,-6.148000000000000000e+03,-5.871000000000000000e+03,-9.795000000000000000e+03,-7.745000000000000000e+03,8.444000000000000000e+03
-7.726000000000000000e+03,-8.549000000000000000e+03,-1.236000000000000000e+03,-9.212000000000000000e+03,-1.826000000000000000e+03,-1.519600000000000000e+04,-5.000000000000000000e+03,7.966000000000000000e+03
-1.191100000000000000e+04,-5.183000000000000000e+03,-7.198000000000000000e+03,-4.243000000000000000e+03,-9.606000000000000000e+03,-1.431700000000000000e+04,-8.180000000000000000e+03,1.242100000000000000e+04
-1.026300000000000000e+04,-1.077100000000000000e+04,-3.077000000000000000e+03,-7.969000000000000000e+03,-8.042000000000000000e+03,-1.030200000000000000e+04,-1.001300000000000000e+04,8.003000000000000000e+03
-1.947000000000000000e+03,-2.274000000000000000e+03,-5.861000000000000000e+03,1.115000000000000000e+03,-7.130000000000000000e+03,2.109000000000000000e+03,-1.657000000000000000e+03,-7.235000000000000000e+03
-7.522000000000000000e+03,-4.663000000000000000e+03,4.810000000000000000e+03,-6.290000000000000000e+03,-4.322000000000000000e+03,-9.560000000000000000e+03,-3.479000000000000000e+03,-6.690000000000000000e+03
-8.119000000000000000e+03,-1.097000000000000000e+04,5.900000000000000000e+03,-7.034000000000000000e+03,1.450000000000000000e+02,-1.249300000000000000e+04,-5.943000000000000000e+03,5.090000000000000000e+02
4.206000000000000000e+03,-6.098000000000000000e+03,-7.194000000000000000e+03,3.608000000000000000e+03,-8.601000000000000000e+03,7.507000000000000000e+03,-1.078400000000000000e+04,-1.154100000000000000e+04
1.220000000000000000e+02,2.578000000000000000e+03,-9.483000000000000000e+03,-1.824000000000000000e+03,-5.494000000000000000e+03,-5.857000000000000000e+03,-5.857000000000000000e+03,-1.539000000000000000e+04
-4.035000000000000000e+03,8.030000000000000000e+03,-8.426000000000000000e+03,-1.723000000000000000e+03,-1.023200000000000000e+04,-7.507000000000000000e+03,-3.526000000000000000e+03,-1.371500000000000000e+04
-3.270000000000000000e+02,-2.444000000000000000e+03,-1.199300000000000000e+04,-1.907000000000000000e+03,-3.989000000000000000e+03,-3.620000000000000000e+03,-1.708000000000000000e+03,-7.431000000000000000e+03
-6.832000000000000000e+03,-8.087000000000000000e+03,-6.881000000000000000e+03,-4.913000000000000000e+03,-7.139000000000000000e+03,-5.230000000000000000e+03,1.325100000000000000e+04,-5.468000000000000000e+03
-1.195100000000000000e+04,-8.056000000000000000e+03,-4.692000000000000000e+03,-6.713000000000000000e+03,-9.695000000000000000e+03,-1.311000000000000000e+04,-9.019000000000000000e+03,9.277000000000000000e+03
1.648000000000000000e+03,-9.929000000000000000e+03,5.494000000000000000e+03,-4.260000000000000000e+02,-1.207000000000000000e+03,-7.834000000000000000e+03,-6.785000000000000000e+03,-1.290900000000000000e+04
-7.681000000000000000e+03,-3.328000000000000000e+03,-1.014300000000000000e+04,-8.220000000000000000e+02,-1.337200000000000000e+04,4.044000000000000000e+03,-1.045700000000000000e+04,-1.253300000000000000e+04
-6.848000000000000000e+03,-7.371000000000000000e+03,-6.646000000000000000e+03,-5.530000000000000000e+03,-2.913000000000000000e+03,-7.744000000000000000e+03,-4.836000000000000000e+03,5.174000000000000000e+03
-6.091000000000000000e+03,-4.768000000000000000e+03,-3.501000000000000000e+03,-9.562000000000000000e+03,-5.019000000000000000e+03,-7.599000000000000000e+03,9.787000000000000000e+03,-2.915000000000000000e+03
-4.280000000000000000e+02,-1.113800000000000000e+04,6.669000000000000000e+03,-2.237000000000000000e+03,-2.558000000000000000e+03,-1.016500000000000000e+04,-5.716000000000000000e+03,-9.384000000000000000e+03
-1.085900000000000000e+04,-7.114000000000000000e+03,-8.507000000000000000e+03,-7.450000000000000000e+03,-9.019000000000000000e+03,-1.523700000000000000e+04,-7.544000000000000000e+03,1.350400000000000000e+04
-1.042300000000000000e+04,-2.617000000000000000e+03,2.779000000000000000e+03,-2.956000000000000000e+03,-3.612000000000000000e+03,-1.176300000000000000e+04,-3.270000000000000000e+02,-5.380000000000000000e+03
-4.477000000000000000e+03,-7.076000000000000000e+03,-4.180000000000000000e+03,-8.035000000000000000e+03,-2.666000000000000000e+03,-9.876000000000000000e+03,6.097000000000000000e+03,-4.411000000000000000e+03
7.472000000000000000e+03,-9.764000000000000000e+03,-4.355000000000000000e+03,-1.056000000000000000e+03,-7.287000000000000000e+03,-5.170000000000000000e+02,-6.972000000000000000e+03,-1.301400000000000000e+04
-1.246000000000000000e+03,3.369000000000000000e+03,-8.454000000000000000e+03,-6.612000000000000000e+03,-8.649000000000000000e+03,-4.802000000000000000e+03,-7.001000000000000000e+03,-1.494200000000000000e+04
-4.286000000000000000e+03,7.880000000000000000e+03,-1.171000000000000000e+04,-6.631000000000000000e+03,-1.182600000000000000e+04,-4.080000000000000000e+03,-4.137000000000000000e+03,-1.718500000000000000e+04
-5.146000000000000000e+03,9.153000000000000000e+03,-1.051800000000000000e+04,-1.514000000000000000e+03,-7.734000000000000000e+03,-5.992000000000000000e+03,-2.185000000000000000e+03,-9.517000000000000000e+03
-6.079000000000000000e+03,-3.715000000000000000e+03,3.791000000000000000e+03,-8.485000000000000000e+03,-7.280000000000000000e+03,-1.231700000000000000e+04,5.134000000000000000e+03,-9.063000000000000000e+03
-7.418000000000000000e+03,8.784000000000000000e+03,-9.559000000000000000e+03,-4.694000000000000000e+03,-1.133700000000000000e+04,-2.502000000000000000e+03,-2.279000000000000000e+03,-8.505000000000000000e+03
5.709000000000000000e+03,-3.939000000000000000e+03,-6.922000000000000000e+03,1.911000000000000000e+03,-9.932000000000000000e+03,-4.594000000000000000e+03,-4.081000000000000000e+03,-1.632100000000000000e+04
-2.946000000000000000e+03,-8.066000000000000000e+03,-2.642000000000000000e+03,-3.938000000000000000e+03,-1.953000000000000000e+03,-7.547000000000000000e+03,6.117000000000000000e+03,-9.183000000000000000e+03
1.405000000000000000e+03,-7.200000000000000000e+03,-9.735000000000000000e+03,1.580000000000000000e+02,-8.709000000000000000e+03,1.931000000000000000e+03,-6.625000000000000000e+03,-8.611000000000000000e+03
-1.090000000000000000e+03,-8.550000000000000000e+02,3.683000000000000000e+03,1.732000000000000000e+03,-8.606000000000000000e+03,-5.386000000000000000e+03,-9.220000000000000000e+03,-1.630800000000000000e+04
-4.312000000000000000e+03,-4.480000000000000000e+02,-2.368000000000000000e+03,4.103000000000000000e+03,-8.567000000000000000e+03,-8.899000000000000000e+03,-2.190000000000000000e+03,-1.142800000000000000e+04
-6.681000000000000000e+03,2.002500000000000000e+04,-1.265200000000000000e+04,-7.374000000000000000e+03,-1.128800000000000000e+04,-8.455000000000000000e+03,-9.700000000000000000e+02,-1.399000000000000000e+04
-3.106000000000000000e+03,-9.969000000000000000e+03,-3.884000000000000000e+03,-6.802000000000000000e+03,5.691000000000000000e+03,-9.557000000000000000e+03,-5.477000000000000000e+03,-1.288000000000000000e+03
4.175000000000000000e+03,-1.066000000000000000e+04,-8.183000000000000000e+03,-1.927000000000000000e+03,1.098700000000000000e+04,-7.760000000000000000e+03,-8.407000000000000000e+03,-9.082000000000000000e+03
-7.282000000000000000e+03,-1.372200000000000000e+04,7.275000000000000000e+03,-1.079800000000000000e+04,5.697000000000000000e+03,-1.692400000000000000e+04,-9.396000000000000000e+03,7.800000000000000000e+01
-1.786000000000000000e+03,-7.847000000000000000e+03,-6.880000000000000000e+03,-3.443000000000000000e+03,4.829000000000000000e+03,-4.907000000000000000e+03,-6.288000000000000000e+03,-6.207000000000000000e+03
-8.384000000000000000e+03,-1.017700000000000000e+04,-7.662000000000000000e+03,-8.694000000000000000e+03,-8.797000000000000000e+03,-1.288400000000000000e+04,-8.495000000000000000e+03,1.240500000000000000e+04
-5.985000000000000000e+03,6.538000000000000000e+03,-1.010900000000000000e+04,-6.439000000000000000e+03,-1.257100000000000000e+04,-5.562000000000000000e+03,-5.190000000000000000e+02,-1.672600000000000000e+04
2.562000000000000000e+03,-5.664000000000000000e+03,-1.202800000000000000e+04,-8.430000000000000000e+02,-8.038000000000000000e+03,2.300000000000000000e+03,-6.147000000000000000e+03,-1.330000000000000000e+04
2.438000000000000000e+03,-5.893000000000000000e+03,-7.527000000000000000e+03,3.809000000000000000e+03,-9.241000000000000000e+03,-1.166000000000000000e+03,-1.071000000000000000e+04,-1.701500000000000000e+04
-1.033300000000000000e+04,-1.105100000000000000e+04,1.525000000000000000e+03,-1.157500000000000000e+04,-8.333000000000000000e+03,-1.454700000000000000e+04,-5.353000000000000000e+03,6.948000000000000000e+03
-5.160000000000000000e+03,-1.117700000000000000e+04,1.118400000000000000e+04,-1.048400000000000000e+04,2.724000000000000000e+03,-9.185000000000000000e+03,-7.946000000000000000e+03,-2.653000000000000000e+03
-6.831000000000000000e+03,-8.501000000000000000e+03,-4.465000000000000000e+03,-7.102000000000000000e+03,-4.219000000000000000e+03,-8.961000000000000000e+03,1.268100000000000000e+04,-4.494000000000000000e+03
-3.268000000000000000e+03,8.786000000000000000e+03,-1.049900000000000000e+04,-3.098000000000000000e+03,-1.253600000000000000e+04,-4.582000000000000000e+03,-5.034000000000000000e+03,-1.577800000000000000e+04
-8.146000000000000000e+03,-7.656000000000000000e+03,-5.138000000000000000e+03,-6.713000000000000000e+03,-5.840000000000000000e+03,-1.125600000000000000e+04,9.443000000000000000e+03,-3.594000000000000000e+03
-6.272000000000000000e+03,-1.088000000000000000e+04,5.690000000000000000e+02,-8.621000000000000000e+03,9.613000000000000000e+03,-1.492900000000000000e+04,-8.670000000000000000e+03,-3.474000000000000000e+03
-9.489000000000000000e+03,-6.674000000000000000e+03,-7.500000000000000000e+03,-7.435000000000000000e+03,-7.639000000000000000e+03,-1.217800000000000000e+04,-7.338000000000000000e+03,7.922000000000000000e+03
-4.918000000000000000e+03,-1.284200000000000000e+04,9.377000000000000000e+03,-1.144500000000000000e+04,2.218000000000000000e+03,-1.241900000000000000e+04,-8.744000000000000000e+03,-6.470000000000000000e+02
2.020000000000000000e+02,-9.341000000000000000e+03,-7.013000000000000000e+03,5.199000000000000000e+03,-1.087100000000000000e+04,4.725000000000000000e+03,-4.762000000000000000e+03,-1.702800000000000000e+04
-4.715000000000000000e+03,-7.532000000000000000e+03,-1.085000000000000000e+04,4.030000000000000000e+03,-6.679000000000000000e+03,2.394000000000000000e+03,-7.799000000000000000e+03,-1.162800000000000000e+04
-9.925000000000000000e+03,-1.082600000000000000e+04,-5.372000000000000000e+03,-5.182000000000000000e+03,-1.843000000000000000e+03,-1.066000000000000000e+04,-4.890000000000000000e+03,6.952000000000000000e+03
-7.073000000000000000e+03,-1.178200000000000000e+04,-2.486000000000000000e+03,-7.931000000000000000e+03,-6.685000000000000000e+03,-1.642700000000000000e+04,-3.490000000000000000e+02,8.199000000000000000e+03
-1.260000000000000000e+03,-4.119000000000000000e+03,-1.053600000000000000e+04,-6.970000000000000000e+02,-2.182000000000000000e+03,-2.533000000000000000e+03,-8.058000000000000000e+03,-1.700900000000000000e+04
3.562000000000000000e+03,-6.053000000000000000e+03,-6.606000000000000000e+03,4.396000000000000000e+03,-3.951000000000000000e+03,-3.417000000000000000e+03,-6.454000000000000000e+03,-1.291900000000000000e+04
2.296000000000000000e+03,3.273000000000000000e+03,-1.173200000000000000e+04,1.843000000000000000e+03,-7.410000000000000000e+03,-4.236000000000000000e+03,-5.138000000000000000e+03,-1.464200000000000000e+04
9.900000000000000000e+03,-8.433000000000000000e+03,-8.607000000000000000e+03,2.700000000000000000e+03,-6.910000000000000000e+02,-2.717000000000000000e+03,-1.061400000000000000e+04,-1.806800000000000000e+04
-6.385000000000000000e+03,-8.223000000000000000e+03,-4.880000000000000000e+03,-7.314000000000000000e+03,-7.754000000000000000e+03,-5.620000000000000000e+03,4.695000000000000000e+03,-3.225000000000000000e+03
-8.611000000000000000e+03,-8.553000000000000000e+03,-4.021000000000000000e+03,-1.089500000000000000e+04,-7.002000000000000000e+03,-1.277100000000000000e+04,-9.618000000000000000e+03,1.239100000000000000e+04
-4.831000000000000000e+03,1.463500000000000000e+04,-9.926000000000000000e+03,-2.188000000000000000e+03,-8.423000000000000000e+03,-3.843000000000000000e+03,-1.120600000000000000e+04,-1.059600000000000000e+04
7.936000000000000000e+03,-9.179000000000000000e+03,-1.034200000000000000e+04,2.129000000000000000e+03,-2.170000000000000000e+03,-2.856000000000000000e+03,-7.007000000000000000e+03,-1.249400000000000000e+04
-1.182000000000000000e+04,-1.006600000000000000e+04,-7.393000000000000000e+03,-1.288100000000000000e+04,-5.478000000000000000e+03,-1.052800000000000000e+04,-1.027300000000000000e+04,1.281600000000000000e+04
2.453000000000000000e+03,-3.310000000000000000e+03,-8.493000000000000000e+03,1.418000000000000000e+03,-5.412000000000000000e+03,6.610000000000000000e+02,-9.070000000000000000e+03,-1.710800000000000000e+04
-7.637000000000000000e+03,-1.205900000000000000e+04,1.147800000000000000e+04,-8.941000000000000000e+03,-2.400000000000000000e+01,-1.531000000000000000e+04,-1.206100000000000000e+04,-9.460000000000000000e+02
-3.084000000000000000e+03,-1.087900000000000000e+04,6.700000000000000000e+01,-5.657000000000000000e+03,6.224000000000000000e+03,-1.444900000000000000e+04,-8.476000000000000000e+03,-2.105000000000000000e+03
-1.202300000000000000e+04,-5.473000000000000000e+03,-8.543000000000000000e+03,-1.278800000000000000e+04,-8.529000000000000000e+03,-8.089000000000000000e+03,-1.181500000000000000e+04,1.091800000000000000e+04
-9.896000000000000000e+03,-8.573000000000000000e+03,-2.948000000000000000e+03,-8.378000000000000000e+03,-4.389000000000000000e+03,-1.437000000000000000e+04,9.670000000000000000e+03,-2.905000000000000000e+03
-1.963000000000000000e+03,-6.380000000000000000e+03,-1.023400000000000000e+04,-8.100000000000000000e+02,-5.279000000000000000e+03,5.915000000000000000e+03,-7.037000000000000000e+03,-6.704000000000000000e+03
-2.130000000000000000e+03,8.466000000000000000e+03,-6.485000000000000000e+03,-2.341000000000000000e+03,-8.594000000000000000e+03,-5.993000000000000000e+03,-4.778000000000000000e+03,-1.645900000000000000e+04
-6.201000000000000000e+03,-5.172000000000000000e+03,-8.426000000000000000e+03,-1.569000000000000000e+03,-6.711000000000000000e+03,-7.866000000000000000e+03,5.817000000000000000e+03,-2.301000000000000000e+03
-1.631000000000000000e+03,-4.178000000000000000e+03,-9.755000000000000000e+03,-1.995000000000000000e+03,-7.061000000000000000e+03,7.710000000000000000e+03,-8.957000000000000000e+03,-1.195600000000000000e+04
-4.285000000000000000e+03,-7.508000000000000000e+03,-1.089400000000000000e+04,5.006000000000000000e+03,-7.594000000000000000e+03,5.880000000000000000e+02,-4.200000000000000000e+03,-1.118200000000000000e+04
-5.924000000000000000e+03,-1.698000000000000000e+03,-1.229000000000000000e+04,-4.624000000000000000e+03,-1.139600000000000000e+04,-7.010000000000000000e+02,3.808000000000000000e+03,-1.392700000000000000e+04
-3.138000000000000000e+03,7.439000000000000000e+03,-1.244300000000000000e+04,2.350000000000000000e+03,-9.906000000000000000e+03,-9.280000000000000000e+03,-6.684000000000000000e+03,-1.455300000000000000e+04
-7.198000000000000000e+03,1.155900000000000000e+04,-1.052200000000000000e+04,9.790000000000000000e+02,-1.453000000000000000e+04,-5.638000000000000000e+03,-9.737000000000000000e+03,-1.433600000000000000e+04
-6.578000000000000000e+03,-6.767000000000000000e+03,3.336000000000000000e+03,-6.861000000000000000e+03,-3.470000000000000000e+03,-1.043900000000000000e+04,-2.686000000000000000e+03,2.440000000000000000e+03
-2.267000000000000000e+03,-3.795000000000000000e+03,-9.702000000000000000e+03,-4.740000000000000000e+02,-7.448000000000000000e+03,7.098000000000000000e+03,-1.777000000000000000e+03,-7.724000000000000000e+03
-8.253000000000000000e+03,-1.308800000000000000e+04,-2.213000000000000000e+03,-1.224200000000000000e+04,-6.431000000000000000e+03,-1.338600000000000000e+04,-4.889000000000000000e+03,8.110000000000000000e+03
-6.229000000000000000e+03,-5.045000000000000000e+03,-1.102400000000000000e+04,-3.154000000000000000e+03,-9.386000000000000000e+03,1.549000000000000000e+03,1.393000000000000000e+03,-6.548000000000000000e+03
-4.593000000000000000e+03,-1.122100000000000000e+04,-6.776000000000000000e+03,-6.013000000000000000e+03,1.405000000000000000e+04,-7.335000000000000000e+03,-9.989000000000000000e+03,-8.562000000000000000e+03
-1.217700000000000000e+04,-1.054800000000000000e+04,-7.580000000000000000e+03,-1.181500000000000000e+04,-8.882000000000000000e+03,-1.528900000000000000e+04,-9.559000000000000000e+03,1.371600000000000000e+04
1.298100000000000000e+04,-5.406000000000000000e+03,-1.073700000000000000e+04,-3.743000000000000000e+03,-3.571000000000000000e+03,-7.164000000000000000e+03,-5.892000000000000000e+03,-1.623800000000000000e+04
-7.617000000000000000e+03,-7.105000000000000000e+03,1.148000000000000000e+03,-7.911000000000000000e+03,-4.343000000000000000e+03,-1.817200000000000000e+04,-6.367000000000000000e+03,6.061000000000000000e+03
-3.136000000000000000e+03,-1.039900000000000000e+04,8.667000000000000000e+03,-5.391000000000000000e+03,-2.647000000000000000e+03,-1.008800000000000000e+04,-8.804000000000000000e+03,-3.158000000000000000e+03
-7.649000000000000000e+03,-4.589000000000000000e+03,-9.896000000000000000e+03,-1.295200000000000000e+04,-4.567000000000000000e+03,-1.125500000000000000e+04,1.126900000000000000e+04,-9.005000000000000000e+03
-1.152100000000000000e+04,-6.567000000000000000e+03,-9.100000000000000000e+03,-4.978000000000000000e+03,-9.269000000000000000e+03,-1.274500000000000000e+04,-9.404000000000000000e+03,1.232900000000000000e+04
-2.175000000000000000e+03,1.361200000000000000e+04,-9.644000000000000000e+03,7.930000000000000000e+02,-1.012700000000000000e+04,-1.062200000000000000e+04,-6.818000000000000000e+03,-1.223500000000000000e+04
-5.268000000000000000e+03,1.326600000000000000e+04,-1.355500000000000000e+04,-5.836000000000000000e+03,-1.070900000000000000e+04,-8.966000000000000000e+03,-5.080000000000000000e+03,-1.327900000000000000e+04
-9.553000000000000000e+03,-1.210100000000000000e+04,4.260000000000000000e+03,-9.974000000000000000e+03,-2.202000000000000000e+03,-1.118400000000000000e+04,-1.078000000000000000e+04,5.554000000000000000e+03
1.586000000000000000e+03,-7.247000000000000000e+03,-8.410000000000000000e+03,4.530000000000000000e+02,-6.146000000000000000e+03,-9.500000000000000000e+01,-7.127000000000000000e+03,-1.748100000000000000e+04
9.736000000000000000e+03,-4.641000000000000000e+03,-9.976000000000000000e+03,9.870000000000000000e+02,-1.081500000000000000e+04,-2.051000000000000000e+03,-1.151900000000000000e+04,-1.536500000000000000e+04
-7.213000000000000000e+03,-5.320000000000000000e+03,-3.569000000000000000e+03,-4.155000000000000000e+03,-6.099000000000000000e+03,-9.505000000000000000e+03,1.147200000000000000e+04,-3.796000000000000000e+03
-1.690000000000000000e+02,-1.917000000000000000e+03,-7.338000000000000000e+03,2.322000000000000000e+03,-5.532000000000000000e+03,-3.780000000000000000e+02,-9.165000000000000000e+03,-3.892000000000000000e+03
-8.280000000000000000e+03,-9.033000000000000000e+03,-5.170000000000000000e+02,-1.204300000000000000e+04,-4.505000000000000000e+03,-1.079100000000000000e+04,-1.479900000000000000e+04,1.196100000000000000e+04
-9.020000000000000000e+03,1.434200000000000000e+04,-8.869000000000000000e+03,-5.646000000000000000e+03,-1.270200000000000000e+04,-6.005000000000000000e+03,-2.023000000000000000e+03,-1.383500000000000000e+04
-9.154000000000000000e+03,-1.040000000000000000e+04,2.620000000000000000e+02,-8.708000000000000000e+03,-4.332000000000000000e+03,-1.419700000000000000e+04,-9.403000000000000000e+03,5.190000000000000000e+03
-7.706000000000000000e+03,-3.248000000000000000e+03,-5.235000000000000000e+03,-1.397000000000000000e+04,-7.947000000000000000e+03,-8.178000000000000000e+03,1.173700000000000000e+04,-1.110200000000000000e+04
-8.209000000000000000e+03,-1.009500000000000000e+04,8.314000000000000000e+03,-7.406000000000000000e+03,1.837000000000000000e+03,-1.346300000000000000e+04,-1.022300000000000000e+04,9.680000000000000000e+02
-1.000000000000000000e+03,-1.012000000000000000e+04,-4.885000000000000000e+03,-4.953000000000000000e+03,-2.894000000000000000e+03,2.712000000000000000e+03,-6.790000000000000000e+03,-8.734000000000000000e+03
-2.322000000000000000e+03,1.247100000000000000e+04,-1.639200000000000000e+04,-5.394000000000000000e+03,-9.814000000000000000e+03,-4.748000000000000000e+03,-7.615000000000000000e+03,-1.426200000000000000e+04
-9.316000000000000000e+03,-4.216000000000000000e+03,-8.615000000000000000e+03,-1.054300000000000000e+04,-5.967000000000000000e+03,-8.507000000000000000e+03,1.334200000000000000e+04,-1.741000000000000000e+03
-5.620000000000000000e+03,-7.094000000000000000e+03,-3.910000000000000000e+03,-2.566000000000000000e+03,-2.213000000000000000e+03,-1.015900000000000000e+04,5.489000000000000000e+03,-4.741000000000000000e+03
-5.419000000000000000e+03,-6.073000000000000000e+03,-6.960000000000000000e+03,-6.821000000000000000e+03,-3.234000000000000000e+03,-8.245000000000000000e+03,5.911000000000000000e+03,-5.851000000000000000e+03
-6.318000000000000000e+03,-8.474000000000000000e+03,-5.370000000000000000e+03,-6.781000000000000000e+03,-4.062000000000000000e+03,-9.410000000000000000e+03,1.202600000000000000e+04,-2.974000000000000000e+03
4.970000000000000000e+02,-5.203000000000000000e+03,-5.681000000000000000e+03,3.511000000000000000e+03,-8.882000000000000000e+03,5.649000000000000000e+03,-9.270000000000000000e+03,-8.957000000000000000e+03
-2.337000000000000000e+03,-7.067000000000000000e+03,-7.158000000000000000e+03,5.382000000000000000e+03,-1.242000000000000000e+04,-2.839000000000000000e+03,-7.066000000000000000e+03,-1.497100000000000000e+04
-9.304000000000000000e+03,-1.185400000000000000e+04,5.690000000000000000e+02,-5.573000000000000000e+03,-1.839000000000000000e+03,-1.579000000000000000e+04,-8.040000000000000000e+03,4.021000000000000000e+03
-3.600000000000000000e+01,-1.195700000000000000e+04,-1.804000000000000000e+03,-1.801000000000000000e+03,2.999000000000000000e+03,-1.115500000000000000e+04,-5.106000000000000000e+03,-7.797000000000000000e+03
-4.365000000000000000e+03,-1.239300000000000000e+04,-3.884000000000000000e+03,-4.717000000000000000e+03,5.578000000000000000e+03,-1.471700000000000000e+04,-8.329000000000000000e+03,-5.630000000000000000e+02
1.441000000000000000e+03,-8.040000000000000000e+03,-7.592000000000000000e+03,2.752000000000000000e+03,-1.059100000000000000e+04,6.731000000000000000e+03,-1.453300000000000000e+04,-1.831700000000000000e+04
-2.829000000000000000e+03,-6.025000000000000000e+03,-7.326000000000000000e+03,6.415000000000000000e+03,-7.447000000000000000e+03,-4.214000000000000000e+03,-1.005700000000000000e+04,-1.546700000000000000e+04
-1.116200000000000000e+04,-3.730000000000000000e+02,-5.003000000000000000e+03,-4.460000000000000000e+03,-1.018300000000000000e+04,-1.100700000000000000e+04,8.641000000000000000e+03,-1.081000000000000000e+04
-4.866000000000000000e+03,-8.132000000000000000e+03,-6.633000000000000000e+03,8.508000000000000000e+03,-4.140000000000000000e+03,-1.656000000000000000e+03,-8.787000000000000000e+03,-6.703000000000000000e+03
-1.039900000000000000e+04,-9.073000000000000000e+03,-4.040000000000000000e+03,-9.707000000000000000e+03,-9.274000000000000000e+03,-1.859100000000000000e+04,-8.510000000000000000e+03,1.230200000000000000e+04
-4.392000000000000000e+03,-1.158400000000000000e+04,1.657000000000000000e+03,-6.482000000000000000e+03,-4.825000000000000000e+03,-1.294500000000000000e+04,-3.692000000000000000e+03,4.637000000000000000e+03
6.300000000000000000e+02,-5.657000000000000000e+03,-3.318000000000000000e+03,-2.386000000000000000e+03,-5.172000000000000000e+03,-6.747000000000000000e+03,-2.476000000000000000e+03,-1.492300000000000000e+04
-7.097000000000000000e+03,-2.105000000000000000e+03,-1.131900000000000000e+04,-5.941000000000000000e+03,-9.285000000000000000e+03,-1.252000000000000000e+03,7.046000000000000000e+03,-7.687000000000000000e+03
-4.580000000000000000e+02,-8.653000000000000000e+03,-1.584000000000000000e+03,6.042000000000000000e+03,-9.395000000000000000e+03,3.610000000000000000e+02,-1.333900000000000000e+04,-1.567300000000000000e+04
-4.090000000000000000e+02,1.433000000000000000e+04,-1.132300000000000000e+04,-4.024000000000000000e+03,-8.961000000000000000e+03,-6.284000000000000000e+03,-3.528000000000000000e+03,-1.510500000000000000e+04
-2.706000000000000000e+03,-7.584000000000000000e+03,-1.203000000000000000e+04,3.024000000000000000e+03,-1.267800000000000000e+04,8.444000000000000000e+03,-1.666100000000000000e+04,-9.981000000000000000e+03
2.232000000000000000e+03,-1.011500000000000000e+04,-5.618000000000000000e+03,-1.553000000000000000e+03,-1.212000000000000000e+03,-1.726000000000000000e+03,-6.458000000000000000e+03,-1.320400000000000000e+04
-8.860000000000000000e+03,-1.218400000000000000e+04,1.704000000000000000e+03,-7.486000000000000000e+03,5.279000000000000000e+03,-1.368400000000000000e+04,-9.621000000000000000e+03,1.541000000000000000e+03
-7.298000000000000000e+03,-6.712000000000000000e+03,-3.690000000000000000e+03,-1.033600000000000000e+04,-8.692000000000000000e+03,-7.021000000000000000e+03,-5.798000000000000000e+03,7.217000000000000000e+03
7.365000000000000000e+03,-1.039300000000000000e+04,2.146000000000000000e+03,2.071000000000000000e+03,-9.920000000000000000e+02,-5.373000000000000000e+03,-8.382000000000000000e+03,-1.771000000000000000e+04
-5.705000000000000000e+03,-5.399000000000000000e+03,-6.964000000000000000e+03,-7.450000000000000000e+02,-1.133100000000000000e+04,-7.631000000000000000e+03,9.251000000000000000e+03,-8.520000000000000000e+03
-1.778000000000000000e+03,-1.183400000000000000e+04,-4.553000000000000000e+03,-3.106000000000000000e+03,1.049900000000000000e+04,-6.967000000000000000e+03,-9.131000000000000000e+03,-1.752600000000000000e+04
1.822000000000000000e+03,-6.951000000000000000e+03,-4.642000000000000000e+03,3.416000000000000000e+03,-2.850000000000000000e+03,-4.969000000000000000e+03,-6.859000000000000000e+03,-1.345800000000000000e+04
-4.400000000000000000e+01,7.795000000000000000e+03,-1.150300000000000000e+04,-3.123000000000000000e+03,-1.066900000000000000e+04,-3.723000000000000000e+03,-6.179000000000000000e+03,-1.714200000000000000e+04
-6.403000000000000000e+03,-1.347900000000000000e+04,1.226000000000000000e+03,-8.820000000000000000e+03,8.228000000000000000e+03,-1.129700000000000000e+04,-9.827000000000000000e+03,-1.747000000000000000e+03
-1.201500000000000000e+04,-1.116500000000000000e+04,-4.467000000000000000e+03,-1.035900000000000000e+04,-9.977000000000000000e+03,-1.196400000000000000e+04,-8.182000000000000000e+03,1.165700000000000000e+04
4.380000000000000000e+03,-7.411000000000000000e+03,-1.114600000000000000e+04,4.199000000000000000e+03,-7.824000000000000000e+03,3.683000000000000000e+03,-7.448000000000000000e+03,-8.261000000000000000e+03
-8.173000000000000000e+03,-1.907000000000000000e+03,-8.443000000000000000e+03,-1.304700000000000000e+04,-5.628000000000000000e+03,-1.014300000000000000e+04,5.952000000000000000e+03,-5.987000000000000000e+03
5.026000000000000000e+03,-1.067700000000000000e+04,-3.732000000000000000e+03,7.045000000000000000e+03,-1.239000000000000000e+03,-2.782000000000000000e+03,-1.227500000000000000e+04,-1.478400000000000000e+04
-4.080000000000000000e+03,-8.136000000000000000e+03,-4.586000000000000000e+03,-1.013100000000000000e+04,-5.113000000000000000e+03,-9.369000000000000000e+03,8.090000000000000000e+03,-4.958000000000000000e+03
3.145000000000000000e+03,-6.756000000000000000e+03,-4.417000000000000000e+03,2.771000000000000000e+03,3.734000000000000000e+03,-6.642000000000000000e+03,-8.421000000000000000e+03,-1.257000000000000000e+04
-8.270000000000000000e+02,-8.145000000000000000e+03,-9.481000000000000000e+03,7.230000000000000000e+02,-7.561000000000000000e+03,2.388000000000000000e+03,-2.303000000000000000e+03,-1.141500000000000000e+04
-4.897000000000000000e+03,1.912300000000000000e+04,-9.641000000000000000e+03,-4.856000000000000000e+03,-1.076500000000000000e+04,-9.567000000000000000e+03,-3.349000000000000000e+03,-1.283400000000000000e+04
2.295000000000000000e+03,-8.383000000000000000e+03,4.420000000000000000e+02,5.283000000000000000e+03,-4.309000000000000000e+03,-7.463000000000000000e+03,-7.285000000000000000e+03,-1.864100000000000000e+04
-3.045000000000000000e+03,5.607000000000000000e+03,-7.972000000000000000e+03,-5.528000000000000000e+03,-6.859000000000000000e+03,-9.395000000000000000e+03,-6.135000000000000000e+03,-4.099000000000000000e+03
-9.542000000000000000e+03,2.078700000000000000e+04,-1.246300000000000000e+04,-7.377000000000000000e+03,-1.253800000000000000e+04,-7.431000000000000000e+03,-4.440000000000000000e+02,-1.365000000000000000e+04
1.438000000000000000e+03,-7.092000000000000000e+03,-1.145400000000000000e+04,-6.400000000000000000e+02,-1.102100000000000000e+04,1.253000000000000000e+03,-8.290000000000000000e+03,-1.877600000000000000e+04
-1.205400000000000000e+04,-5.992000000000000000e+03,-6.614000000000000000e+03,-9.929000000000000000e+03,-7.712000000000000000e+03,-1.004200000000000000e+04,-5.823000000000000000e+03,1.006900000000000000e+04
-1.108900000000000000e+04,-4.502000000000000000e+03,-4.296000000000000000e+03,-2.866000000000000000e+03,-7.035000000000000000e+03,-1.027900000000000000e+04,6.057000000000000000e+03,-2.300000000000000000e+02
1.028000000000000000e+03,-1.126900000000000000e+04,-8.493000000000000000e+03,6.415000000000000000e+03,-4.294000000000000000e+03,-1.316000000000000000e+03,-7.047000000000000000e+03,-1.169100000000000000e+04
-8.821000000000000000e+03,-4.551000000000000000e+03,-6.739000000000000000e+03,3.681000000000000000e+03,-1.335500000000000000e+04,-2.286000000000000000e+03,-3.502000000000000000e+03,-8.972000000000000000e+03
2.047000000000000000e+03,-8.696000000000000000e+03,-6.153000000000000000e+03,-1.080000000000000000e+03,5.630000000000000000e+03,-1.058200000000000000e+04,-5.440000000000000000e+03,-7.965000000000000000e+03
-2.969000000000000000e+03,-7.194000000000000000e+03,-4.833000000000000000e+03,-1.053700000000000000e+04,-6.520000000000000000e+03,-4.634000000000000000e+03,9.450000000000000000e+02,-6.761000000000000000e+03
-5.436000000000000000e+03,-1.074400000000000000e+04,-2.116000000000000000e+03,-8.057000000000000000e+03,6.766000000000000000e+03,-1.111000000000000000e+04,-1.079900000000000000e+04,-2.113000000000000000e+03
-9.568000000000000000e+03,-1.106500000000000000e+04,5.137000000000000000e+03,-8.993000000000000000e+03,-4.961000000000000000e+03,-9.341000000000000000e+03,-1.168000000000000000e+04,6.040000000000000000e+03
-3.495000000000000000e+03,7.790000000000000000e+02,-7.290000000000000000e+03,-3.330000000000000000e+03,-7.047000000000000000e+03,-8.992000000000000000e+03,2.117000000000000000e+03,-7.174000000000000000e+03
4.118000000000000000e+03,-4.160000000000000000e+03,-9.634000000000000000e+03,-4.400000000000000000e+02,-5.536000000000000000e+03,1.860000000000000000e+02,-5.655000000000000000e+03,-1.226600000000000000e+04
1.265000000000000000e+03,-6.718000000000000000e+03,-1.069500000000000000e+04,2.288000000000000000e+03,-1.168300000000000000e+04,7.040000000000000000e+02,-2.515000000000000000e+03,-1.125200000000000000e+04
-2.698000000000000000e+03,-2.524000000000000000e+03,-1.237800000000000000e+04,2.240000000000000000e+02,-1.098500000000000000e+04,-1.723000000000000000e+03,-5.667000000000000000e+03,-1.579700000000000000e+04
-7.112000000000000000e+03,1.256700000000000000e+04,-9.090000000000000000e+03,-3.220000000000000000e+03,-1.327700000000000000e+04,-6.747000000000000000e+03,-3.590000000000000000e+03,-1.332900000000000000e+04
-7.417000000000000000e+03,-2.311000000000000000e+03,-7.208000000000000000e+03,-5.911000000000000000e+03,-8.404000000000000000e+03,-9.575000000000000000e+03,1.046500000000000000e+04,-4.211000000000000000e+03
-4.620000000000000000e+02,6.159000000000000000e+03,-7.620000000000000000e+03,-6.928000000000000000e+03,-9.154000000000000000e+03,-7.107000000000000000e+03,-4.784000000000000000e+03,-1.752100000000000000e+04
5.880000000000000000e+02,-1.190200000000000000e+04,-6.175000000000000000e+03,-1.775000000000000000e+03,-6.040000000000000000e+02,8.354000000000000000e+03,-1.306400000000000000e+04,-7.759000000000000000e+03
4.225000000000000000e+03,-7.150000000000000000e+03,-8.686000000000000000e+03,8.290000000000000000e+02,-8.774000000000000000e+03,2.880000000000000000e+02,-1.191500000000000000e+04,-2.040000000000000000e+04
2.764000000000000000e+03,-7.861000000000000000e+03,-8.345000000000000000e+03,-4.394000000000000000e+03,-4.438000000000000000e+03,1.226000000000000000e+03,-4.693000000000000000e+03,-1.104200000000000000e+04
-6.345000000000000000e+03,-7.238000000000000000e+03,-3.903000000000000000e+03,-8.345000000000000000e+03,-6.446000000000000000e+03,-8.009000000000000000e+03,1.023400000000000000e+04,-5.531000000000000000e+03
-9.571000000000000000e+03,-8.899000000000000000e+03,-5.470000000000000000e+03,-1.111500000000000000e+04,-7.982000000000000000e+03,-1.707100000000000000e+04,-9.723000000000000000e+03,1.358300000000000000e+04
-7.600000000000000000e+02,-8.264000000000000000e+03,-5.451000000000000000e+03,-7.660000000000000000e+02,5.005000000000000000e+03,-4.363000000000000000e+03,-1.225000000000000000e+03,-1.221800000000000000e+04
-8.361000000000000000e+03,-4.571000000000000000e+03,6.160000000000000000e+02,-4.117000000000000000e+03,-8.565000000000000000e+03,-1.189900000000000000e+04,9.932000000000000000e+03,-7.918000000000000000e+03
3.508000000000000000e+03,-8.179000000000000000e+03,-7.122000000000000000e+03,4.446000000000000000e+03,-5.456000000000000000e+03,8.131000000000000000e+03,-9.057000000000000000e+03,-1.059300000000000000e+04
-1.243000000000000000e+03,-3.940000000000000000e+02,-1.139900000000000000e+04,-1.647000000000000000e+03,-5.150000000000000000e+03,4.909000000000000000e+03,-5.736000000000000000e+03,-1.036300000000000000e+04
-4.562000000000000000e+03,-1.198100000000000000e+04,6.361000000000000000e+03,-5.018000000000000000e+03,1.016000000000000000e+03,-9.021000000000000000e+03,-1.048700000000000000e+04,-1.025000000000000000e+03
-5.657000000000000000e+03,-8.551000000000000000e+03,-7.620000000000000000e+02,-2.300000000000000000e+01,1.878000000000000000e+03,-9.076000000000000000e+03,2.073000000000000000e+03,-8.259000000000000000e+03
-1.108000000000000000e+04,-5.205000000000000000e+03,-2.529000000000000000e+03,-7.508000000000000000e+03,-6.336000000000000000e+03,-5.490000000000000000e+03,-6.505000000000000000e+03,8.920000000000000000e+03
-5.243000000000000000e+03,-9.704000000000000000e+03,8.116000000000000000e+03,-8.294000000000000000e+03,-8.070000000000000000e+02,-9.589000000000000000e+03,-8.125000000000000000e+03,1.912000000000000000e+03
-7.281000000000000000e+03,-9.155000000000000000e+03,-4.068000000000000000e+03,-8.325000000000000000e+03,2.230000000000000000e+02,-1.707200000000000000e+04,-9.970000000000000000e+03,7.826000000000000000e+03
5.890000000000000000e+02,-5.889000000000000000e+03,-8.746000000000000000e+03,3.860000000000000000e+03,-6.041000000000000000e+03,-2.653000000000000000e+03,-2.096000000000000000e+03,-1.030000000000000000e+04
6.240000000000000000e+02,-9.779000000000000000e+03,1.700000000000000000e+03,-9.500000000000000000e+01,-4.426000000000000000e+03,-4.580000000000000000e+03,-5.289000000000000000e+03,-1.155600000000000000e+04
-6.420000000000000000e+03,-7.837000000000000000e+03,-6.240000000000000000e+02,-4.382000000000000000e+03,-6.447000000000000000e+03,-1.469300000000000000e+04,-3.875000000000000000e+03,3.558000000000000000e+03
-5.043000000000000000e+03,1.205300000000000000e+04,-8.698000000000000000e+03,-2.114000000000000000e+03,-1.078500000000000000e+04,-7.711000000000000000e+03,-4.911000000000000000e+03,-1.237300000000000000e+04
-1.085200000000000000e+04,6.307000000000000000e+03,-8.960000000000000000e+03,-6.107000000000000000e+03,-1.453200000000000000e+04,-2.698000000000000000e+03,-8.607000000000000000e+03,-1.433400000000000000e+04
-5.767000000000000000e+03,-6.694000000000000000e+03,-3.887000000000000000e+03,-3.583000000000000000e+03,-4.345000000000000000e+03,-9.672000000000000000e+03,4.661000000000000000e+03,-3.515000000000000000e+03
-1.053100000000000000e+04,1.577400000000000000e+04,-1.310900000000000000e+04,-7.857000000000000000e+03,-1.116800000000000000e+04,-6.076000000000000000e+03,-4.017000000000000000e+03,-1.375700000000000000e+04
-8.702000000000000000e+03,9.932000000000000000e+03,-6.092000000000000000e+03,-3.369000000000000000e+03,-5.589000000000000000e+03,-1.025100000000000000e+04,-6.040000000000000000e+02,-7.586000000000000000e+03
-2.434000000000000000e+03,7.454000000000000000e+03,-7.448000000000000000e+03,-7.094000000000000000e+03,-7.651000000000000000e+03,-8.906000000000000000e+03,-1.420000000000000000e+03,-1.145400000000000000e+04
-8.790000000000000000e+03,2.087000000000000000e+03,-6.940000000000000000e+03,-2.040000000000000000e+03,-5.925000000000000000e+03,-5.507000000000000000e+03,4.119000000000000000e+03,-7.921000000000000000e+03
-8.283000000000000000e+03,1.313200000000000000e+04,-7.688000000000000000e+03,-6.344000000000000000e+03,-1.139700000000000000e+04,-9.222000000000000000e+03,1.340000000000000000e+02,-1.537900000000000000e+04
-5.462000000000000000e+03,6.225000000000000000e+03,-6.202000000000000000e+03,-9.735000000000000000e+03,-2.508000000000000000e+03,-5.501000000000000000e+03,6.810000000000000000e+02,-8.375000000000000000e+03
-5.557000000000000000e+03,-8.072000000000000000e+03,-6.499000000000000000e+03,4.311000000000000000e+03,-8.988000000000000000e+03,3.946000000000000000e+03,-5.234000000000000000e+03,-9.668000000000000000e+03
-8.810000000000000000e+03,1.700500000000000000e+04,-6.345000000000000000e+03,-1.493000000000000000e+03,-5.367000000000000000e+03,-1.211900000000000000e+04,-6.878000000000000000e+03,-1.000100000000000000e+04
-7.161000000000000000e+03,-1.239500000000000000e+04,1.050500000000000000e+04,-1.022200000000000000e+04,-6.850000000000000000e+02,-1.042900000000000000e+04,-8.205000000000000000e+03,9.210000000000000000e+02
-3.489000000000000000e+03,1.492900000000000000e+04,-9.995000000000000000e+03,-6.171000000000000000e+03,-1.381100000000000000e+04,-8.580000000000000000e+02,-9.589000000000000000e+03,-8.031000000000000000e+03
-3.579000000000000000e+03,6.748000000000000000e+03,-1.073600000000000000e+04,-2.508000000000000000e+03,-1.408500000000000000e+04,-2.532000000000000000e+03,-3.440000000000000000e+03,-1.413200000000000000e+04
-8.860000000000000000e+03,-9.416000000000000000e+03,-3.901000000000000000e+03,-1.015100000000000000e+04,-7.826000000000000000e+03,-4.922000000000000000e+03,-1.200500000000000000e+04,8.955000000000000000e+03
-1.080100000000000000e+04,-9.662000000000000000e+03,-6.708000000000000000e+03,-1.043100000000000000e+04,-8.117000000000000000e+03,-1.654000000000000000e+04,-1.267000000000000000e+03,9.676000000000000000e+03
3.683000000000000000e+03,-8.740000000000000000e+03,-9.474000000000000000e+03,5.477000000000000000e+03,1.749000000000000000e+03,-1.147000000000000000e+03,-1.350800000000000000e+04,-1.847000000000000000e+04
6.169000000000000000e+03,-6.754000000000000000e+03,-1.336800000000000000e+04,7.128000000000000000e+03,-3.924000000000000000e+03,-3.004000000000000000e+03,-1.358900000000000000e+04,-1.443400000000000000e+04
-5.817000000000000000e+03,-2.834000000000000000e+03,-6.829000000000000000e+03,-8.483000000000000000e+03,-4.320000000000000000e+03,-1.112700000000000000e+04,4.123000000000000000e+03,-1.152500000000000000e+04
-1.018900000000000000e+04,-5.107000000000000000e+03,-3.703000000000000000e+03,-8.305000000000000000e+03,-5.570000000000000000e+03,-1.435000000000000000e+04,1.140300000000000000e+04,-5.937000000000000000e+03
-7.337000000000000000e+03,-1.145500000000000000e+04,4.660000000000000000e+02,-9.222000000000000000e+03,-4.993000000000000000e+03,-1.623800000000000000e+04,-1.082600000000000000e+04,6.527000000000000000e+03
-6.687000000000000000e+03,-1.628000000000000000e+03,-6.661000000000000000e+03,-2.780000000000000000e+03,-9.988000000000000000e+03,-8.703000000000000000e+03,7.153000000000000000e+03,-1.226000000000000000e+04
-9.329000000000000000e+03,-7.049000000000000000e+03,-5.027000000000000000e+03,-6.921000000000000000e+03,-9.642000000000000000e+03,-1.238600000000000000e+04,-4.465000000000000000e+03,5.625000000000000000e+03
-4.919000000000000000e+03,-1.066100000000000000e+04,-2.740000000000000000e+03,-8.073000000000000000e+03,8.500000000000000000e+02,-9.518000000000000000e+03,2.516000000000000000e+03,-2.342000000000000000e+03
-5.487000000000000000e+03,9.946000000000000000e+03,-9.857000000000000000e+03,-8.660000000000000000e+02,-1.710400000000000000e+04,-4.540000000000000000e+02,-1.205700000000000000e+04,-1.410900000000000000e+04
-5.123000000000000000e+03,-7.300000000000000000e+03,-3.650000000000000000e+03,-7.874000000000000000e+03,-1.738000000000000000e+03,-7.935000000000000000e+03,1.005000000000000000e+03,1.838000000000000000e+03
3.003000000000000000e+03,-8.330000000000000000e+03,-6.322000000000000000e+03,1.992000000000000000e+03,-6.087000000000000000e+03,-3.832000000000000000e+03,-5.273000000000000000e+03,-1.368200000000000000e+04
-9.519000000000000000e+03,-1.148600000000000000e+04,-3.619000000000000000e+03,-1.154100000000000000e+04,-1.013300000000000000e+04,-1.513200000000000000e+04,-9.375000000000000000e+03,1.095500000000000000e+04
-5.267000000000000000e+03,-6.978000000000000000e+03,-4.140000000000000000e+03,-1.328000000000000000e+03,-1.405000000000000000e+03,-1.050000000000000000e+04,-1.460000000000000000e+02,-6.909000000000000000e+03
5.155000000000000000e+03,-3.887000000000000000e+03,-1.185400000000000000e+04,2.025000000000000000e+03,-4.490000000000000000e+03,-3.044000000000000000e+03,-5.797000000000000000e+03,-1.632600000000000000e+04
-5.802000000000000000e+03,-1.070800000000000000e+04,8.202000000000000000e+03,-1.016000000000000000e+04,4.226000000000000000e+03,-1.125600000000000000e+04,-8.953000000000000000e+03,-7.190000000000000000e+02
-8.952000000000000000e+03,3.805000000000000000e+03,-1.037900000000000000e+04,8.750000000000000000e+02,-6.160000000000000000e+03,-6.554000000000000000e+03,-8.579000000000000000e+03,-4.119000000000000000e+03
-7.894000000000000000e+03,-5.358000000000000000e+03,-4.388000000000000000e+03,-1.095800000000000000e+04,-6.770000000000000000e+03,-1.107700000000000000e+04,1.335900000000000000e+04,-3.054000000000000000e+03
-4.565000000000000000e+03,-1.448900000000000000e+04,1.116000000000000000e+03,-9.020000000000000000e+03,3.138000000000000000e+03,-9.777000000000000000e+03,5.700000000000000000e+02,-4.006000000000000000e+03
-8.723000000000000000e+03,-1.084200000000000000e+04,-1.941000000000000000e+03,-1.117300000000000000e+04,-6.421000000000000000e+03,-1.365800000000000000e+04,-8.213000000000000000e+03,9.281000000000000000e+03
-2.994000000000000000e+03,-3.686000000000000000e+03,-9.707000000000000000e+03,4.053000000000000000e+03,-1.192800000000000000e+04,4.421000000000000000e+03,-8.539000000000000000e+03,-4.909000000000000000e+03
-2.854000000000000000e+03,-7.106000000000000000e+03,-2.662000000000000000e+03,-4.060000000000000000e+03,1.770000000000000000e+02,-7.749000000000000000e+03,4.630000000000000000e+02,-1.327300000000000000e+04
6.386000000000000000e+03,-9.792000000000000000e+03,-6.614000000000000000e+03,9.880000000000000000e+02,-3.158000000000000000e+03,-1.720000000000000000e+03,-7.108000000000000000e+03,-9.863000000000000000e+03
7.676000000000000000e+03,-7.129000000000000000e+03,-1.410900000000000000e+04,-1.141000000000000000e+03,-6.680000000000000000e+03,1.088000000000000000e+03,-1.069300000000000000e+04,-1.940800000000000000e+04
-6.090000000000000000e+03,-1.076000000000000000e+04,2.453000000000000000e+03,-9.703000000000000000e+03,6.026000000000000000e+03,-1.330500000000000000e+04,-9.403000000000000000e+03,-1.310000000000000000e+03
-1.019100000000000000e+04,-1.317800000000000000e+04,-3.244000000000000000e+03,-1.220900000000000000e+04,-8.946000000000000000e+03,-1.326700000000000000e+04,-8.321000000000000000e+03,1.513400000000000000e+04
-8.968000000000000000e+03,-5.034000000000000000e+03,-4.329000000000000000e+03,9.320000000000000000e+02,-5.375000000000000000e+03,-7.527000000000000000e+03,4.344000000000000000e+03,-2.360000000000000000e+03
5.047000000000000000e+03,-8.408000000000000000e+03,-1.096800000000000000e+04,6.306000000000000000e+03,-7.890000000000000000e+02,-6.015000000000000000e+03,-6.062000000000000000e+03,-1.572100000000000000e+04
-2.901000000000000000e+03,-1.338800000000000000e+04,-1.200000000000000000e+03,-7.027000000000000000e+03,9.370000000000000000e+03,-1.165300000000000000e+04,-9.174000000000000000e+03,-7.194000000000000000e+03
-1.038000000000000000e+04,-8.600000000000000000e+03,-1.758000000000000000e+03,-6.654000000000000000e+03,-8.102000000000000000e+03,-9.729000000000000000e+03,-6.679000000000000000e+03,7.467000000000000000e+03
-6.950000000000000000e+02,-7.020000000000000000e+03,-5.857000000000000000e+03,-3.089000000000000000e+03,-5.701000000000000000e+03,-6.030000000000000000e+03,8.828000000000000000e+03,-4.119000000000000000e+03
-4.571000000000000000e+03,-5.889000000000000000e+03,-7.592000000000000000e+03,-1.043300000000000000e+04,-8.650000000000000000e+02,7.660000000000000000e+02,-7.041000000000000000e+03,-5.119000000000000000e+03
-4.695000000000000000e+03,-1.230500000000000000e+04,1.057900000000000000e+04,-8.953000000000000000e+03,2.413000000000000000e+03,-1.326300000000000000e+04,-9.062000000000000000e+03,-2.975000000000000000e+03
-9.415000000000000000e+03,-8.127000000000000000e+03,-5.625000000000000000e+03,-7.609000000000000000e+03,-7.706000000000000000e+03,-1.260800000000000000e+04,-5.444000000000000000e+03,8.171000000000000000e+03
-5.887000000000000000e+03,1.110000000000000000e+04,-9.345000000000000000e+03,-1.616000000000000000e+03,-1.381300000000000000e+04,-4.664000000000000000e+03,-4.748000000000000000e+03,-5.882000000000000000e+03
-2.205000000000000000e+03,-1.194300000000000000e+04,-5.243000000000000000e+03,-6.259000000000000000e+03,1.166200000000000000e+04,-9.407000000000000000e+03,-7.313000000000000000e+03,-9.016000000000000000e+03
-8.621000000000000000e+03,-9.658000000000000000e+03,-6.787000000000000000e+03,-1.007300000000000000e+04,-7.529000000000000000e+03,-1.421900000000000000e+04,-4.722000000000000000e+03,1.121800000000000000e+04
-4.404000000000000000e+03,5.186000000000000000e+03,-5.490000000000000000e+03,-2.840000000000000000e+03,-4.125000000000000000e+03,-9.490000000000000000e+03,2.014000000000000000e+03,-1.100900000000000000e+04
-3.296000000000000000e+03,1.505600000000000000e+04,-8.684000000000000000e+03,-6.035000000000000000e+03,-6.998000000000000000e+03,-6.836000000000000000e+03,-1.548000000000000000e+03,-1.468600000000000000e+04
-8.792000000000000000e+03,-1.041900000000000000e+04,-5.544000000000000000e+03,-1.023000000000000000e+04,-5.749000000000000000e+03,-1.722800000000000000e+04,-6.770000000000000000e+03,1.050600000000000000e+04
2.656000000000000000e+03,-8.230000000000000000e+03,-1.075500000000000000e+04,3.558000000000000000e+03,-9.402000000000000000e+03,4.122000000000000000e+03,-1.199200000000000000e+04,-1.540500000000000000e+04
2.017000000000000000e+03,-3.780000000000000000e+03,-1.237500000000000000e+04,-7.096000000000000000e+03,-7.526000000000000000e+03,9.800000000000000000e+01,-1.389000000000000000e+03,-2.082100000000000000e+04
-2.929000000000000000e+03,-7.313000000000000000e+03,-1.199000000000000000e+03,-5.546000000000000000e+03,6.319000000000000000e+03,-4.187000000000000000e+03,-1.041800000000000000e+04,-1.291300000000000000e+04
2.169000000000000000e+03,-1.065700000000000000e+04,-5.264000000000000000e+03,-2.653000000000000000e+03,3.180000000000000000e+02,-6.150000000000000000e+03,-1.710000000000000000e+02,-7.756000000000000000e+03
-4.834000000000000000e+03,-1.899000000000000000e+03,-7.469000000000000000e+03,6.100000000000000000e+03,-1.109400000000000000e+04,-4.996000000000000000e+03,-5.193000000000000000e+03,-1.077700000000000000e+04
-4.166000000000000000e+03,-1.091600000000000000e+04,-9.330000000000000000e+02,-5.303000000000000000e+03,2.591000000000000000e+03,-9.606000000000000000e+03,-9.533000000000000000e+03,3.039000000000000000e+03
-5.881000000000000000e+03,-9.774000000000000000e+03,2.840000000000000000e+02,-8.325000000000000000e+03,-6.324000000000000000e+03,-1.714900000000000000e+04,-4.136000000000000000e+03,7.136000000000000000e+03
-6.212000000000000000e+03,4.367000000000000000e+03,-7.015000000000000000e+03,-5.371000000000000000e+03,-1.017300000000000000e+04,-2.557000000000000000e+03,6.530000000000000000e+02,-1.514100000000000000e+04
-2.805000000000000000e+03,-8.364000000000000000e+03,-1.204800000000000000e+04,2.158000000000000000e+03,-8.819000000000000000e+03,8.868000000000000000e+03,-1.488400000000000000e+04,-8.709000000000000000e+03
-7.052000000000000000e+03,-1.140800000000000000e+04,-2.638000000000000000e+03,-6.959000000000000000e+03,6.621000000000000000e+03,-1.344100000000000000e+04,-8.460000000000000000e+03,-4.262000000000000000e+03
-1.117000000000000000e+03,-9.619000000000000000e+03,-2.493000000000000000e+03,-8.794000000000000000e+03,-1.403000000000000000e+03,-8.388000000000000000e+03,5.952000000000000000e+03,-6.795000000000000000e+03
-1.129500000000000000e+04,-7.846000000000000000e+03,-4.565000000000000000e+03,-1.000100000000000000e+04,-5.180000000000000000e+03,-1.215400000000000000e+04,-7.065000000000000000e+03,1.044000000000000000e+04
-7.873000000000000000e+03,1.561800000000000000e+04,-1.045100000000000000e+04,-1.080800000000000000e+04,-1.307900000000000000e+04,-5.656000000000000000e+03,-8.830000000000000000e+02,-1.497100000000000000e+04
-1.863000000000000000e+03,-6.160000000000000000e+03,-8.446000000000000000e+03,-3.325000000000000000e+03,-9.869000000000000000e+03,9.313000000000000000e+03,-4.927000000000000000e+03,-1.493500000000000000e+04
-6.200000000000000000e+03,-4.686000000000000000e+03,1.090000000000000000e+02,-1.792000000000000000e+03,-2.664000000000000000e+03,-1.185300000000000000e+04,1.860000000000000000e+03,-8.917000000000000000e+03
-8.991000000000000000e+03,8.937000000000000000e+03,-8.807000000000000000e+03,-5.617000000000000000e+03,-1.001900000000000000e+04,-6.841000000000000000e+03,-3.459000000000000000e+03,-1.135000000000000000e+04
-3.304000000000000000e+03,-5.094000000000000000e+03,-2.253000000000000000e+03,3.550000000000000000e+02,-6.308000000000000000e+03,-8.842000000000000000e+03,-2.980000000000000000e+02,-1.004600000000000000e+04
-3.607000000000000000e+03,-7.463000000000000000e+03,3.034000000000000000e+03,-4.357000000000000000e+03,1.214000000000000000e+03,-1.212800000000000000e+04,-8.915000000000000000e+03,-4.675000000000000000e+03
-6.882000000000000000e+03,6.769000000000000000e+03,-6.544000000000000000e+03,-1.925000000000000000e+03,-8.481000000000000000e+03,-1.074000000000000000e+04,-1.064000000000000000e+03,-1.380100000000000000e+04
-2.756000000000000000e+03,4.160000000000000000e+02,-4.642000000000000000e+03,2.559000000000000000e+03,-7.080000000000000000e+03,-6.087000000000000000e+03,-5.103000000000000000e+03,-4.768000000000000000e+03
4.880000000000000000e+02,-6.421000000000000000e+03,-7.326000000000000000e+03,5.451000000000000000e+03,-1.201900000000000000e+04,5.237000000000000000e+03,-1.560100000000000000e+04,-9.396000000000000000e+03
-2.638000000000000000e+03,7.284000000000000000e+03,-8.415000000000000000e+03,-8.718000000000000000e+03,-6.539000000000000000e+03,-1.125800000000000000e+04,-8.710000000000000000e+02,-1.384700000000000000e+04
1.706000000000000000e+03,-9.188000000000000000e+03,-3.973000000000000000e+03,3.967000000000000000e+03,-4.958000000000000000e+03,8.400000000000000000e+02,-4.639000000000000000e+03,-1.862900000000000000e+04
-1.019700000000000000e+04,-7.951000000000000000e+03,-4.957000000000000000e+03,-8.042000000000000000e+03,-1.120100000000000000e+04,-1.514300000000000000e+04,-8.393000000000000000e+03,1.162600000000000000e+04
-1.113000000000000000e+04,-1.074900000000000000e+04,-2.589000000000000000e+03,-8.794000000000000000e+03,-6.018000000000000000e+03,-1.454300000000000000e+04,-4.551000000000000000e+03,7.766000000000000000e+03
6.006000000000000000e+03,-8.920000000000000000e+03,-1.096500000000000000e+04,5.041000000000000000e+03,-1.098700000000000000e+04,6.466000000000000000e+03,-1.494100000000000000e+04,-1.484900000000000000e+04
-3.807000000000000000e+03,5.001000000000000000e+03,-1.308100000000000000e+04,-3.704000000000000000e+03,-1.291000000000000000e+04,8.380000000000000000e+02,-3.052000000000000000e+03,-9.821000000000000000e+03
-1.097700000000000000e+04,-6.861000000000000000e+03,-7.400000000000000000e+03,-1.952000000000000000e+03,-1.159800000000000000e+04,-2.169000000000000000e+03,-1.226000000000000000e+03,-1.151000000000000000e+04
-3.420000000000000000e+03,-4.834000000000000000e+03,-8.851000000000000000e+03,5.328000000000000000e+03,-4.393000000000000000e+03,2.915000000000000000e+03,-8.113000000000000000e+03,-2.911000000000000000e+03
6.079000000000000000e+03,-2.728000000000000000e+03,-1.361800000000000000e+04,-1.577000000000000000e+03,-8.594000000000000000e+03,-1.104000000000000000e+03,-5.099000000000000000e+03,-1.599700000000000000e+04
-2.539000000000000000e+03,-6.667000000000000000e+03,1.067600000000000000e+04,9.320000000000000000e+02,-2.083000000000000000e+03,-1.101200000000000000e+04,-4.904000000000000000e+03,-1.254500000000000000e+04
-1.154000000000000000e+03,-5.327000000000000000e+03,-9.758000000000000000e+03,4.176000000000000000e+03,-7.207000000000000000e+03,1.839000000000000000e+03,-4.171000000000000000e+03,-8.591000000000000000e+03
-6.965000000000000000e+03,-9.827000000000000000e+03,-6.425000000000000000e+03,-8.421000000000000000e+03,-9.668000000000000000e+03,-7.677000000000000000e+03,-9.784000000000000000e+03,9.791000000000000000e+03
-1.388000000000000000e+03,-1.246900000000000000e+04,-9.074000000000000000e+03,-5.658000000000000000e+03,7.387000000000000000e+03,-7.550000000000000000e+03,1.095000000000000000e+03,-6.304000000000000000e+03
-5.381000000000000000e+03,5.235000000000000000e+03,-7.141000000000000000e+03,-2.161000000000000000e+03,-4.658000000000000000e+03,-3.457000000000000000e+03,-6.010000000000000000e+02,-4.196000000000000000e+03
-7.457000000000000000e+03,-1.039000000000000000e+04,-6.874000000000000000e+03,-1.008700000000000000e+04,-6.663000000000000000e+03,-1.402000000000000000e+04,-9.025000000000000000e+03,1.386600000000000000e+04
-9.567000000000000000e+03,-1.327900000000000000e+04,-1.972000000000000000e+03,-1.161800000000000000e+04,-3.175000000000000000e+03,-1.301500000000000000e+04,-8.047000000000000000e+03,9.237000000000000000e+03
-7.295000000000000000e+03,-1.197100000000000000e+04,1.665000000000000000e+03,-1.036300000000000000e+04,4.074000000000000000e+03,-1.555600000000000000e+04,-1.048400000000000000e+04,2.744000000000000000e+03
-2.111000000000000000e+03,7.939000000000000000e+03,-3.113000000000000000e+03,8.700000000000000000e+02,-1.293900000000000000e+04,-3.585000000000000000e+03,-9.723000000000000000e+03,-1.592500000000000000e+04
-5.474000000000000000e+03,-4.161000000000000000e+03,-6.997000000000000000e+03,-2.020000000000000000e+03,-7.013000000000000000e+03,1.071000000000000000e+03,-7.168000000000000000e+03,-5.165000000000000000e+03
-3.170000000000000000e+02,-7.832000000000000000e+03,-9.337000000000000000e+03,-6.710000000000000000e+02,-2.623000000000000000e+03,1.300000000000000000e+03,-5.882000000000000000e+03,-7.732000000000000000e+03
9.153000000000000000e+03,-8.932000000000000000e+03,-6.370000000000000000e+03,-5.534000000000000000e+03,-8.990000000000000000e+03,-7.370000000000000000e+02,-1.965000000000000000e+03,-9.735000000000000000e+03
-5.478000000000000000e+03,-2.436000000000000000e+03,-9.959000000000000000e+03,3.682000000000000000e+03,-6.431000000000000000e+03,-6.500000000000000000e+02,-1.034700000000000000e+04,-8.814000000000000000e+03
-5.795000000000000000e+03,2.144000000000000000e+03,-7.088000000000000000e+03,-1.102000000000000000e+03,-5.994000000000000000e+03,-4.534000000000000000e+03,-2.631000000000000000e+03,-3.930000000000000000e+03
-6.393000000000000000e+03,2.204000000000000000e+03,-4.801000000000000000e+03,-2.010000000000000000e+03,-7.771000000000000000e+03,-7.137000000000000000e+03,1.078000000000000000e+03,-1.294300000000000000e+04
-2.951000000000000000e+03,-7.814000000000000000e+03,-1.000000000000000000e+04,1.977000000000000000e+03,-7.446000000000000000e+03,6.738000000000000000e+03,-1.040200000000000000e+04,-5.208000000000000000e+03
-6.788000000000000000e+03,-9.042000000000000000e+03,7.347000000000000000e+03,-7.714000000000000000e+03,-2.319000000000000000e+03,-1.136000000000000000e+04,-7.280000000000000000e+02,-7.320000000000000000e+02
-6.399000000000000000e+03,-8.650000000000000000e+03,-6.313000000000000000e+03,-2.554000000000000000e+03,-2.746000000000000000e+03,-7.624000000000000000e+03,4.220000000000000000e+03,-5.279000000000000000e+03
-8.425000000000000000e+03,-8.621000000000000000e+03,-1.359000000000000000e+03,5.490000000000000000e+02,-3.165000000000000000e+03,-6.912000000000000000e+03,7.336000000000000000e+03,-5.781000000000000000e+03
-4.523000000000000000e+03,5.897000000000000000e+03,-1.185800000000000000e+04,-8.632000000000000000e+03,-6.231000000000000000e+03,-9.634000000000000000e+03,5.186000000000000000e+03,-1.508100000000000000e+04
-4.219000000000000000e+03,-7.001000000000000000e+03,-7.905000000000000000e+03,-3.834000000000000000e+03,-7.946000000000000000e+03,-7.590000000000000000e+03,8.695000000000000000e+03,-4.586000000000000000e+03
-7.838000000000000000e+03,-9.687000000000000000e+03,-2.612000000000000000e+03,-1.083900000000000000e+04,-8.102000000000000000e+03,-1.489700000000000000e+04,-5.139000000000000000e+03,1.078700000000000000e+04
-4.097000000000000000e+03,-5.953000000000000000e+03,-8.240000000000000000e+03,-6.721000000000000000e+03,-7.685000000000000000e+03,1.849000000000000000e+03,1.498000000000000000e+03,-5.867000000000000000e+03
1.301000000000000000e+04,-8.881000000000000000e+03,-9.754000000000000000e+03,1.919000000000000000e+03,-4.361000000000000000e+03,-2.435000000000000000e+03,-1.044700000000000000e+04,-1.852200000000000000e+04
2.133000000000000000e+03,-1.088600000000000000e+04,-6.689000000000000000e+03,-1.270000000000000000e+02,8.549000000000000000e+03,-1.038900000000000000e+04,-1.008900000000000000e+04,-1.167100000000000000e+04
-9.012000000000000000e+03,-7.611000000000000000e+03,-6.625000000000000000e+03,-8.577000000000000000e+03,-1.066800000000000000e+04,-1.235400000000000000e+04,-6.514000000000000000e+03,1.010100000000000000e+04
1.675000000000000000e+04,-9.397000000000000000e+03,-1.130500000000000000e+04,2.122000000000000000e+03,-3.898000000000000000e+03,-2.943000000000000000e+03,-1.244500000000000000e+04,-1.648600000000000000e+04
-1.170100000000000000e+04,-1.034000000000000000e+04,-3.186000000000000000e+03,-9.995000000000000000e+03,-6.901000000000000000e+03,-1.667100000000000000e+04,-3.788000000000000000e+03,8.046000000000000000e+03
-5.901000000000000000e+03,-2.519000000000000000e+03,-1.183500000000000000e+04,-9.346000000000000000e+03,-7.065000000000000000e+03,-6.832000000000000000e+03,8.988000000000000000e+03,-7.796000000000000000e+03
-6.123000000000000000e+03,-1.129600000000000000e+04,2.452000000000000000e+03,-7.624000000000000000e+03,-5.618000000000000000e+03,-1.608400000000000000e+04,-7.899000000000000000e+03,6.633000000000000000e+03
1.911000000000000000e+03,-7.364000000000000000e+03,-9.387000000000000000e+03,3.182000000000000000e+03,-2.591000000000000000e+03,-7.280000000000000000e+02,-5.600000000000000000e+03,-1.065500000000000000e+04
1.036400000000000000e+04,-1.062700000000000000e+04,-5.191000000000000000e+03,-3.849000000000000000e+03,-4.516000000000000000e+03,-4.086000000000000000e+03,-7.429000000000000000e+03,-1.165900000000000000e+04
-4.269000000000000000e+03,1.433200000000000000e+04,-7.655000000000000000e+03,-4.041000000000000000e+03,-1.013900000000000000e+04,-6.196000000000000000e+03,-1.216000000000000000e+03,-1.049100000000000000e+04
-8.742000000000000000e+03,-9.745000000000000000e+03,-1.944000000000000000e+03,-8.703000000000000000e+03,5.060000000000000000e+03,-1.547100000000000000e+04,-7.932000000000000000e+03,8.782000000000000000e+03
-2.710000000000000000e+03,-1.144700000000000000e+04,-7.053000000000000000e+03,-4.062000000000000000e+03,1.055300000000000000e+04,-1.358000000000000000e+04,-9.713000000000000000e+03,-2.845000000000000000e+03
-5.550000000000000000e+03,-2.831000000000000000e+03,-8.358000000000000000e+03,2.713000000000000000e+03,-5.741000000000000000e+03,7.152000000000000000e+03,-9.832000000000000000e+03,-9.431000000000000000e+03
-1.125900000000000000e+04,-6.747000000000000000e+03,-9.445000000000000000e+03,-2.767000000000000000e+03,-1.219100000000000000e+04,-6.767000000000000000e+03,1.419500000000000000e+04,-8.341000000000000000e+03
-6.874000000000000000e+03,-8.386000000000000000e+03,-5.865000000000000000e+03,-2.939000000000000000e+03,-8.932000000000000000e+03,-1.029100000000000000e+04,1.447600000000000000e+04,-7.113000000000000000e+03
4.638000000000000000e+03,-1.027200000000000000e+04,-5.021000000000000000e+03,4.021000000000000000e+03,-5.588000000000000000e+03,5.812000000000000000e+03,-1.486800000000000000e+04,-2.328800000000000000e+04
-2.991000000000000000e+03,2.470000000000000000e+03,-8.000000000000000000e+03,-2.699000000000000000e+03,-4.061000000000000000e+03,-7.338000000000000000e+03,-5.148000000000000000e+03,-9.523000000000000000e+03
-8.767000000000000000e+03,-5.316000000000000000e+03,-9.214000000000000000e+03,-9.263000000000000000e+03,-3.798000000000000000e+03,-7.277000000000000000e+03,1.222900000000000000e+04,-8.099000000000000000e+03
-1.676000000000000000e+03,-1.002900000000000000e+04,-8.014000000000000000e+03,-5.369000000000000000e+03,1.011700000000000000e+04,-7.853000000000000000e+03,-6.596000000000000000e+03,-7.440000000000000000e+03
-1.314800000000000000e+04,-3.135000000000000000e+03,-6.334000000000000000e+03,-4.916000000000000000e+03,-6.628000000000000000e+03,-1.041300000000000000e+04,3.654000000000000000e+03,-2.265000000000000000e+03
-9.429000000000000000e+03,-1.153600000000000000e+04,1.000000000000000000e+02,-1.079700000000000000e+04,-7.774000000000000000e+03,-1.702400000000000000e+04,-8.016000000000000000e+03,1.146100000000000000e+04
-1.827000000000000000e+03,-1.115800000000000000e+04,1.589000000000000000e+03,-6.231000000000000000e+03,7.894000000000000000e+03,-7.018000000000000000e+03,-6.721000000000000000e+03,-9.201000000000000000e+03
1.860000000000000000e+02,-9.863000000000000000e+03,-1.079500000000000000e+04,-4.520000000000000000e+03,8.067000000000000000e+03,-8.055000000000000000e+03,-4.236000000000000000e+03,-6.937000000000000000e+03
-3.762000000000000000e+03,-3.557000000000000000e+03,-8.808000000000000000e+03,4.988000000000000000e+03,-7.605000000000000000e+03,-4.900000000000000000e+01,-9.835000000000000000e+03,-1.388800000000000000e+04
-8.935000000000000000e+03,-9.556000000000000000e+03,-5.602000000000000000e+03,-1.177300000000000000e+04,-6.900000000000000000e+03,-1.612900000000000000e+04,-8.251000000000000000e+03,1.117000000000000000e+04
-6.926000000000000000e+03,-2.748000000000000000e+03,-6.017000000000000000e+03,-3.735000000000000000e+03,-8.270000000000000000e+03,-8.744000000000000000e+03,1.137600000000000000e+04,-5.676000000000000000e+03
-1.713000000000000000e+03,-6.422000000000000000e+03,-8.210000000000000000e+03,1.621000000000000000e+03,-6.141000000000000000e+03,3.921000000000000000e+03,-5.644000000000000000e+03,-6.381000000000000000e+03
-2.252000000000000000e+03,-8.368000000000000000e+03,-7.230000000000000000e+03,-5.230000000000000000e+02,-6.875000000000000000e+03,4.437000000000000000e+03,6.210000000000000000e+02,-1.216500000000000000e+04
5.034000000000000000e+03,-6.839000000000000000e+03,-9.011000000000000000e+03,2.955000000000000000e+03,-6.994000000000000000e+03,5.679000000000000000e+03,-1.179200000000000000e+04,-6.766000000000000000e+03
-8.820000000000000000e+03,1.820700000000000000e+04,-1.221100000000000000e+04,-1.350000000000000000e+03,-1.297400000000000000e+04,-6.919000000000000000e+03,-9.885000000000000000e+03,-1.664800000000000000e+04
6.048000000000000000e+03,-1.018000000000000000e+04,-5.350000000000000000e+03,1.683000000000000000e+03,-1.049500000000000000e+04,2.648000000000000000e+03,-1.054100000000000000e+04,-1.804400000000000000e+04
2.187000000000000000e+03,-6.995000000000000000e+03,-4.905000000000000000e+03,6.973000000000000000e+03,-5.244000000000000000e+03,-5.195000000000000000e+03,-1.016500000000000000e+04,-1.609000000000000000e+04
-8.584000000000000000e+03,-1.133000000000000000e+04,-2.307000000000000000e+03,-1.045800000000000000e+04,-4.856000000000000000e+03,-1.526800000000000000e+04,-5.866000000000000000e+03,8.352000000000000000e+03
-8.728000000000000000e+03,-9.263000000000000000e+03,4.522000000000000000e+03,-1.099400000000000000e+04,-2.615000000000000000e+03,-1.645500000000000000e+04,-8.697000000000000000e+03,7.468000000000000000e+03
-1.191300000000000000e+04,-7.179000000000000000e+03,-8.714000000000000000e+03,-8.570000000000000000e+03,-7.246000000000000000e+03,-9.444000000000000000e+03,-1.030800000000000000e+04,1.349200000000000000e+04
-9.861000000000000000e+03,-8.905000000000000000e+03,-7.109000000000000000e+03,-1.266300000000000000e+04,-9.047000000000000000e+03,-1.543600000000000000e+04,-6.233000000000000000e+03,1.271000000000000000e+04
-9.363000000000000000e+03,-1.090900000000000000e+04,-2.558000000000000000e+03,-1.067300000000000000e+04,-3.811000000000000000e+03,-1.517500000000000000e+04,-4.583000000000000000e+03,9.637000000000000000e+03
5.417000000000000000e+03,-9.478000000000000000e+03,-6.185000000000000000e+03,2.656000000000000000e+03,-2.366000000000000000e+03,-4.503000000000000000e+03,-1.193000000000000000e+04,-1.580400000000000000e+04
-5.510000000000000000e+03,-6.648000000000000000e+03,-7.805000000000000000e+03,6.620000000000000000e+03,-1.317600000000000000e+04,6.370000000000000000e+02,-3.822000000000000000e+03,-1.257900000000000000e+04
-1.159000000000000000e+03,-8.096000000000000000e+03,-1.137200000000000000e+04,8.590000000000000000e+02,-1.070700000000000000e+04,7.516000000000000000e+03,-4.830000000000000000e+03,-1.087100000000000000e+04
6.026000000000000000e+03,-1.080400000000000000e+04,-5.387000000000000000e+03,-1.008000000000000000e+03,3.555000000000000000e+03,-8.237000000000000000e+03,-7.242000000000000000e+03,-1.372800000000000000e+04
1.156500000000000000e+04,-8.161000000000000000e+03,-6.803000000000000000e+03,-1.008000000000000000e+03,-1.970000000000000000e+02,-6.216000000000000000e+03,-1.163900000000000000e+04,-1.464400000000000000e+04
-3.696000000000000000e+03,-1.186300000000000000e+04,4.382000000000000000e+03,-7.435000000000000000e+03,8.182000000000000000e+03,-1.329100000000000000e+04,-6.516000000000000000e+03,-9.589000000000000000e+03
-3.033000000000000000e+03,-8.763000000000000000e+03,3.413000000000000000e+03,-2.114000000000000000e+03,1.067000000000000000e+03,-8.996000000000000000e+03,-3.436000000000000000e+03,-4.169000000000000000e+03
2.480000000000000000e+03,-5.326000000000000000e+03,-7.123000000000000000e+03,-4.024000000000000000e+03,-7.100000000000000000e+02,-7.445000000000000000e+03,-4.081000000000000000e+03,-1.709900000000000000e+04
-7.340000000000000000e+02,-1.013800000000000000e+04,1.131000000000000000e+03,-1.455000000000000000e+03,8.010000000000000000e+03,-1.334100000000000000e+04,-1.086900000000000000e+04,-1.167000000000000000e+04
-1.141800000000000000e+04,-5.841000000000000000e+03,-8.941000000000000000e+03,-9.641000000000000000e+03,-1.034100000000000000e+04,-8.399000000000000000e+03,-1.003800000000000000e+04,1.081600000000000000e+04
-6.193000000000000000e+03,1.645900000000000000e+04,-7.019000000000000000e+03,-5.724000000000000000e+03,-1.065900000000000000e+04,-6.505000000000000000e+03,-5.661000000000000000e+03,-1.268700000000000000e+04
4.729000000000000000e+03,-8.479000000000000000e+03,-1.592000000000000000e+03,7.760000000000000000e+03,-9.244000000000000000e+03,4.920000000000000000e+03,-1.887200000000000000e+04,-1.553300000000000000e+04
-3.342000000000000000e+03,-1.338600000000000000e+04,2.220000000000000000e+03,-6.531000000000000000e+03,6.361000000000000000e+03,-1.096800000000000000e+04,-7.265000000000000000e+03,-4.716000000000000000e+03
-1.148900000000000000e+04,-7.707000000000000000e+03,-6.288000000000000000e+03,-9.771000000000000000e+03,-8.833000000000000000e+03,-9.390000000000000000e+03,-7.668000000000000000e+03,1.275500000000000000e+04
-5.477000000000000000e+03,-4.883000000000000000e+03,-5.760000000000000000e+03,-7.702000000000000000e+03,-5.398000000000000000e+03,-5.041000000000000000e+03,5.660000000000000000e+03,-6.426000000000000000e+03
-6.367000000000000000e+03,-6.455000000000000000e+03,-3.031000000000000000e+03,1.084000000000000000e+03,-4.940000000000000000e+03,-9.231000000000000000e+03,9.790000000000000000e+03,-4.978000000000000000e+03
-8.694000000000000000e+03,-8.069000000000000000e+03,-7.285000000000000000e+03,-7.466000000000000000e+03,-1.130500000000000000e+04,-2.039000000000000000e+03,-6.787000000000000000e+03,4.760000000000000000e+03
-7.395000000000000000e+03,-8.378000000000000000e+03,-3.751000000000000000e+03,-4.163000000000000000e+03,-8.600000000000000000e+03,-7.223000000000000000e+03,1.527400000000000000e+04,-1.028400000000000000e+04
6.982000000000000000e+03,-9.913000000000000000e+03,-7.624000000000000000e+03,6.360000000000000000e+02,-3.464000000000000000e+03,-4.628000000000000000e+03,-6.425000000000000000e+03,-1.485500000000000000e+04
1.503000000000000000e+03,-1.722000000000000000e+03,-1.295900000000000000e+04,2.957000000000000000e+03,-9.822000000000000000e+03,-2.310000000000000000e+03,-1.085000000000000000e+04,-1.316100000000000000e+04
6.992000000000000000e+03,-8.555000000000000000e+03,-6.205000000000000000e+03,1.143000000000000000e+03,-9.021000000000000000e+03,4.648000000000000000e+03,-1.131700000000000000e+04,-1.441000000000000000e+04
-4.788000000000000000e+03,-8.887000000000000000e+03,-7.505000000000000000e+03,-4.243000000000000000e+03,-5.123000000000000000e+03,-1.080100000000000000e+04,1.092600000000000000e+04,-6.453000000000000000e+03
-4.338000000000000000e+03,-5.295000000000000000e+03,-3.996000000000000000e+03,-7.571000000000000000e+03,-5.445000000000000000e+03,-1.056100000000000000e+04,1.392300000000000000e+04,-6.802000000000000000e+03
-1.014100000000000000e+04,-7.137000000000000000e+03,-3.863000000000000000e+03,-6.738000000000000000e+03,-9.744000000000000000e+03,-1.434900000000000000e+04,-7.680000000000000000e+03,6.987000000000000000e+03
-1.114400000000000000e+04,-9.045000000000000000e+03,-6.518000000000000000e+03,-1.038400000000000000e+04,-1.105600000000000000e+04,-1.598400000000000000e+04,-1.426400000000000000e+04,1.297500000000000000e+04
-6.847000000000000000e+03,1.699900000000000000e+04,-8.881000000000000000e+03,-2.359000000000000000e+03,-9.428000000000000000e+03,-1.331500000000000000e+04,-3.010000000000000000e+03,-1.164200000000000000e+04
5.895000000000000000e+03,-1.039500000000000000e+04,-6.003000000000000000e+03,2.590000000000000000e+03,6.810000000000000000e+02,-3.981000000000000000e+03,-1.113900000000000000e+04,-1.787800000000000000e+04
-6.380000000000000000e+02,6.562000000000000000e+03,-8.522000000000000000e+03,-8.595000000000000000e+03,-6.277000000000000000e+03,-5.412000000000000000e+03,-1.878000000000000000e+03,-1.948200000000000000e+04
3.686000000000000000e+03,-7.171000000000000000e+03,-1.044700000000000000e+04,3.132000000000000000e+03,-1.020000000000000000e+02,-4.884000000000000000e+03,7.810000000000000000e+02,-7.463000000000000000e+03
-3.486000000000000000e+03,1.122600000000000000e+04,-1.099400000000000000e+04,-3.216000000000000000e+03,-5.626000000000000000e+03,-7.012000000000000000e+03,-6.979000000000000000e+03,-1.283400000000000000e+04
7.428000000000000000e+03,-8.397000000000000000e+03,-9.355000000000000000e+03,3.801000000000000000e+03,-9.580000000000000000e+02,-9.723000000000000000e+03,-7.676000000000000000e+03,-1.066300000000000000e+04
-2.591000000000000000e+03,1.077700000000000000e+04,-3.796000000000000000e+03,7.640000000000000000e+02,-1.052200000000000000e+04,-6.252000000000000000e+03,-9.423000000000000000e+03,-1.377200000000000000e+04
-7.282000000000000000e+03,-1.216300000000000000e+04,8.419000000000000000e+03,-1.186400000000000000e+04,3.385000000000000000e+03,-1.302100000000000000e+04,-8.943000000000000000e+03,-1.050000000000000000e+03
-1.423000000000000000e+03,-8.559000000000000000e+03,-1.245000000000000000e+03,-4.329000000000000000e+03,5.504000000000000000e+03,-7.730000000000000000e+03,-1.012400000000000000e+04,-7.512000000000000000e+03
-7.647000000000000000e+03,-1.284400000000000000e+04,4.853000000000000000e+03,-8.071000000000000000e+03,-4.486000000000000000e+03,-1.734300000000000000e+04,-2.405000000000000000e+03,4.251000000000000000e+03
-4.213000000000000000e+03,-1.185300000000000000e+04,-6.377000000000000000e+03,-7.370000000000000000e+02,8.746000000000000000e+03,-8.628000000000000000e+03,-8.711000000000000000e+03,-7.973000000000000000e+03
5.600000000000000000e+01,-8.141000000000000000e+03,-9.335000000000000000e+03,3.741000000000000000e+03,-1.215800000000000000e+04,1.002500000000000000e+04,-1.087600000000000000e+04,-1.600900000000000000e+04
-2.597000000000000000e+03,-9.347000000000000000e+03,6.570000000000000000e+02,-5.633000000000000000e+03,-1.664000000000000000e+03,-1.106100000000000000e+04,-3.024000000000000000e+03,-3.226000000000000000e+03
-7.508000000000000000e+03,5.826000000000000000e+03,-9.540000000000000000e+03,-3.554000000000000000e+03,-1.921000000000000000e+03,-5.856000000000000000e+03,-8.826000000000000000e+03,-3.490000000000000000e+03
-1.146800000000000000e+04,-2.654000000000000000e+03,-4.610000000000000000e+02,-1.340000000000000000e+02,-9.923000000000000000e+03,-1.278200000000000000e+04,1.186300000000000000e+04,-9.808000000000000000e+03
-7.263000000000000000e+03,-9.602000000000000000e+03,-4.905000000000000000e+03,-5.531000000000000000e+03,-7.331000000000000000e+03,-1.249600000000000000e+04,1.330500000000000000e+04,-5.273000000000000000e+03
-9.525000000000000000e+03,-8.077000000000000000e+03,-4.392000000000000000e+03,-1.120700000000000000e+04,-6.418000000000000000e+03,-1.488600000000000000e+04,-8.452000000000000000e+03,1.107700000000000000e+04
-7.078000000000000000e+03,-5.791000000000000000e+03,-9.715000000000000000e+03,-6.146000000000000000e+03,-1.043300000000000000e+04,-7.256000000000000000e+03,1.175600000000000000e+04,-1.018000000000000000e+04
-7.804000000000000000e+03,-1.029100000000000000e+04,-1.009000000000000000e+03,-8.220000000000000000e+03,-3.630000000000000000e+03,-1.076700000000000000e+04,-9.400000000000000000e+03,7.288000000000000000e+03
-6.624000000000000000e+03,-2.017000000000000000e+03,-4.234000000000000000e+03,-6.443000000000000000e+03,-7.790000000000000000e+03,-1.119500000000000000e+04,6.121000000000000000e+03,-9.461000000000000000e+03
-5.381000000000000000e+03,-6.386000000000000000e+03,-3.756000000000000000e+03,-5.142000000000000000e+03,-6.964000000000000000e+03,-1.126100000000000000e+04,4.359000000000000000e+03,-8.316000000000000000e+03
-7.077000000000000000e+03,1.544600000000000000e+04,-1.049300000000000000e+04,-3.272000000000000000e+03,-9.316000000000000000e+03,-5.972000000000000000e+03,-3.686000000000000000e+03,-1.620400000000000000e+04
-6.078000000000000000e+03,-7.226000000000000000e+03,-5.430000000000000000e+03,-7.234000000000000000e+03,-7.001000000000000000e+03,-1.143800000000000000e+04,1.035600000000000000e+04,-5.222000000000000000e+03
-8.098000000000000000e+03,1.391500000000000000e+04,-1.007700000000000000e+04,-1.952000000000000000e+03,-6.582000000000000000e+03,-7.969000000000000000e+03,-7.077000000000000000e+03,-1.432700000000000000e+04
-9.693000000000000000e+03,-4.696000000000000000e+03,-6.641000000000000000e+03,-5.123000000000000000e+03,-1.250000000000000000e+03,-1.097300000000000000e+04,-5.600000000000000000e+03,2.566000000000000000e+03
-6.326000000000000000e+03,-5.370000000000000000e+02,-9.550000000000000000e+03,-8.780000000000000000e+03,-1.071200000000000000e+04,-7.327000000000000000e+03,8.754000000000000000e+03,-1.140900000000000000e+04
4.361000000000000000e+03,-5.739000000000000000e+03,-5.504000000000000000e+03,2.241000000000000000e+03,-6.060000000000000000e+03,-1.002000000000000000e+03,-4.189000000000000000e+03,-1.612200000000000000e+04
-2.935000000000000000e+03,-5.427000000000000000e+03,-1.020800000000000000e+04,3.799000000000000000e+03,-8.927000000000000000e+03,9.225000000000000000e+03,-9.415000000000000000e+03,-5.541000000000000000e+03
3.867000000000000000e+03,2.786000000000000000e+03,-5.875000000000000000e+03,-4.216000000000000000e+03,-5.129000000000000000e+03,-7.020000000000000000e+03,-3.706000000000000000e+03,-1.517100000000000000e+04
-6.012000000000000000e+03,-8.396000000000000000e+03,-2.823000000000000000e+03,-9.432000000000000000e+03,-3.574000000000000000e+03,-8.361000000000000000e+03,9.581000000000000000e+03,-2.044000000000000000e+03
-5.909000000000000000e+03,-6.346000000000000000e+03,-3.262000000000000000e+03,2.881000000000000000e+03,-1.005300000000000000e+04,-6.612000000000000000e+03,9.184000000000000000e+03,-9.609000000000000000e+03
-3.267000000000000000e+03,-4.882000000000000000e+03,-8.613000000000000000e+03,2.605000000000000000e+03,-1.289200000000000000e+04,2.750000000000000000e+02,-2.490000000000000000e+03,-1.576900000000000000e+04
2.852000000000000000e+03,-7.543000000000000000e+03,-9.383000000000000000e+03,3.220000000000000000e+02,7.026000000000000000e+03,-1.019700000000000000e+04,-1.034100000000000000e+04,-1.130900000000000000e+04
-4.803000000000000000e+03,-8.792000000000000000e+03,-1.747000000000000000e+03,4.650000000000000000e+02,-3.874000000000000000e+03,3.810000000000000000e+02,-1.487000000000000000e+03,-1.336100000000000000e+04
-6.993000000000000000e+03,-1.009500000000000000e+04,-4.670000000000000000e+03,-7.668000000000000000e+03,-6.276000000000000000e+03,-1.055400000000000000e+04,-1.024500000000000000e+04,9.385000000000000000e+03
-8.366000000000000000e+03,-8.468000000000000000e+03,-4.606000000000000000e+03,-1.288500000000000000e+04,-6.180000000000000000e+03,-1.305600000000000000e+04,-4.713000000000000000e+03,1.026900000000000000e+04
-1.089900000000000000e+04,-1.127100000000000000e+04,5.890000000000000000e+02,-1.571200000000000000e+04,-3.018000000000000000e+03,-1.274800000000000000e+04,-9.889000000000000000e+03,1.064100000000000000e+04
-3.767000000000000000e+03,-7.445000000000000000e+03,-5.565000000000000000e+03,-1.029600000000000000e+04,-2.826000000000000000e+03,-4.371000000000000000e+03,2.803000000000000000e+03,-3.318000000000000000e+03
-6.608000000000000000e+03,-4.832000000000000000e+03,-3.527000000000000000e+03,-3.201000000000000000e+03,-7.706000000000000000e+03,-8.939000000000000000e+03,9.307000000000000000e+03,-6.039000000000000000e+03
-9.776000000000000000e+03,-7.670000000000000000e+02,-7.903000000000000000e+03,-7.722000000000000000e+03,-9.455000000000000000e+03,-7.931000000000000000e+03,1.049600000000000000e+04,-5.379000000000000000e+03
-8.094000000000000000e+03,-7.421000000000000000e+03,-6.871000000000000000e+03,-8.725000000000000000e+03,-8.978000000000000000e+03,-1.061200000000000000e+04,-9.916000000000000000e+03,1.257900000000000000e+04
-1.103500000000000000e+04,-8.908000000000000000e+03,-3.692000000000000000e+03,-1.163200000000000000e+04,-6.290000000000000000e+03,-1.483000000000000000e+04,-6.658000000000000000e+03,9.780000000000000000e+03
-7.942000000000000000e+03,-3.525000000000000000e+03,-4.486000000000000000e+03,3.235000000000000000e+03,-8.243000000000000000e+03,-8.572000000000000000e+03,8.302000000000000000e+03,-7.889000000000000000e+03
1.829000000000000000e+03,-9.828000000000000000e+03,-5.588000000000000000e+03,-4.010000000000000000e+02,3.198000000000000000e+03,-9.184000000000000000e+03,-9.655000000000000000e+03,-1.339400000000000000e+04
-7.140000000000000000e+02,-8.059000000000000000e+03,-7.081000000000000000e+03,2.630000000000000000e+02,5.444000000000000000e+03,-6.298000000000000000e+03,-3.547000000000000000e+03,-1.013300000000000000e+04
-4.958000000000000000e+03,1.496900000000000000e+04,-7.348000000000000000e+03,-4.584000000000000000e+03,-8.749000000000000000e+03,-1.153300000000000000e+04,-2.645000000000000000e+03,-1.343500000000000000e+04
-7.921000000000000000e+03,-1.114500000000000000e+04,-4.100000000000000000e+01,-1.110300000000000000e+04,-7.160000000000000000e+02,-1.758300000000000000e+04,-1.002100000000000000e+04,9.056000000000000000e+03
-6.558000000000000000e+03,-7.192000000000000000e+03,-6.509000000000000000e+03,-1.663000000000000000e+03,-6.872000000000000000e+03,-1.524000000000000000e+03,1.125400000000000000e+04,-9.468000000000000000e+03
-9.151000000000000000e+03,-1.035200000000000000e+04,-3.054000000000000000e+03,7.610000000000000000e+02,-7.606000000000000000e+03,-1.101400000000000000e+04,1.475100000000000000e+04,-5.470000000000000000e+03
-7.623000000000000000e+03,-1.276500000000000000e+04,2.292000000000000000e+03,-9.571000000000000000e+03,8.241000000000000000e+03,-1.680600000000000000e+04,-5.838000000000000000e+03,-2.449000000000000000e+03
-4.742000000000000000e+03,-9.115000000000000000e+03,-1.991000000000000000e+03,8.336000000000000000e+03,-9.374000000000000000e+03,1.510000000000000000e+02,-3.475000000000000000e+03,-8.227000000000000000e+03
3.916000000000000000e+03,-3.002000000000000000e+03,-7.892000000000000000e+03,-2.341000000000000000e+03,-7.335000000000000000e+03,8.570000000000000000e+02,-7.954000000000000000e+03,-9.288000000000000000e+03
-3.243000000000000000e+03,-7.922000000000000000e+03,-6.555000000000000000e+03,4.717000000000000000e+03,-7.638000000000000000e+03,-2.429000000000000000e+03,-7.946000000000000000e+03,-1.131000000000000000e+04
-1.371000000000000000e+03,-3.310000000000000000e+03,-5.808000000000000000e+03,-1.498000000000000000e+03,-7.138000000000000000e+03,-9.100000000000000000e+02,2.131000000000000000e+03,-9.118000000000000000e+03
-3.571000000000000000e+03,-1.148300000000000000e+04,1.063200000000000000e+04,-6.313000000000000000e+03,1.655000000000000000e+03,-1.084600000000000000e+04,-6.700000000000000000e+03,-3.328000000000000000e+03
-5.379000000000000000e+03,-6.359000000000000000e+03,-1.094200000000000000e+04,1.076000000000000000e+03,-6.599000000000000000e+03,-8.657000000000000000e+03,9.404000000000000000e+03,-7.029000000000000000e+03
-8.420000000000000000e+03,-1.127100000000000000e+04,4.531000000000000000e+03,-1.120900000000000000e+04,-3.430000000000000000e+02,-1.361400000000000000e+04,-6.707000000000000000e+03,4.575000000000000000e+03
-5.013000000000000000e+03,-1.271600000000000000e+04,3.304000000000000000e+03,-6.579000000000000000e+03,6.685000000000000000e+03,-1.462900000000000000e+04,-1.294600000000000000e+04,-5.050000000000000000e+02
-2.352000000000000000e+03,1.551100000000000000e+04,-5.466000000000000000e+03,-2.696000000000000000e+03,-4.566000000000000000e+03,-6.851000000000000000e+03,-6.584000000000000000e+03,-1.723200000000000000e+04
1.008600000000000000e+04,-8.380000000000000000e+03,-1.378800000000000000e+04,3.605000000000000000e+03,-3.970000000000000000e+03,2.220000000000000000e+02,-1.178800000000000000e+04,-1.456200000000000000e+04
1.534400000000000000e+04,-9.202000000000000000e+03,-9.544000000000000000e+03,1.868000000000000000e+03,-4.512000000000000000e+03,-6.127000000000000000e+03,-1.219100000000000000e+04,-1.740800000000000000e+04
-2.880000000000000000e+03,-1.035800000000000000e+04,1.094000000000000000e+03,-5.361000000000000000e+03,1.457000000000000000e+03,-1.168900000000000000e+04,-6.206000000000000000e+03,-5.610000000000000000e+03
9.660000000000000000e+02,-7.374000000000000000e+03,-9.243000000000000000e+03,5.114000000000000000e+03,-1.254800000000000000e+04,7.933000000000000000e+03,-1.522600000000000000e+04,-1.329100000000000000e+04
-7.423000000000000000e+03,-6.397000000000000000e+03,-8.136000000000000000e+03,-4.900000000000000000e+03,-8.144000000000000000e+03,-6.317000000000000000e+03,1.103900000000000000e+04,-7.467000000000000000e+03
3.263000000000000000e+03,3.295000000000000000e+03,-1.396600000000000000e+04,-2.418000000000000000e+03,-6.998000000000000000e+03,-8.050000000000000000e+02,-1.390100000000000000e+04,-1.109700000000000000e+04
-1.092600000000000000e+04,-9.378000000000000000e+03,-3.570000000000000000e+03,-1.078200000000000000e+04,-6.234000000000000000e+03,-1.334300000000000000e+04,-7.278000000000000000e+03,9.849000000000000000e+03
-6.581000000000000000e+03,-7.350000000000000000e+03,-1.528000000000000000e+03,-3.879000000000000000e+03,-4.816000000000000000e+03,-7.362000000000000000e+03,1.182200000000000000e+04,-5.236000000000000000e+03
3.630000000000000000e+02,-4.475000000000000000e+03,-1.361500000000000000e+04,-9.790000000000000000e+02,-5.322000000000000000e+03,4.632000000000000000e+03,-6.039000000000000000e+03,-9.836000000000000000e+03
4.111000000000000000e+03,-1.142300000000000000e+04,-1.219000000000000000e+03,-5.760000000000000000e+03,2.976000000000000000e+03,-6.905000000000000000e+03,-5.816000000000000000e+03,-9.572000000000000000e+03
-3.918000000000000000e+03,1.081300000000000000e+04,-1.127000000000000000e+04,-7.465000000000000000e+03,-8.532000000000000000e+03,-4.357000000000000000e+03,-3.191000000000000000e+03,-1.266200000000000000e+04
-1.995000000000000000e+03,-1.003200000000000000e+04,-2.644000000000000000e+03,3.626000000000000000e+03,-2.330000000000000000e+02,1.311000000000000000e+03,-9.455000000000000000e+03,-1.866800000000000000e+04
6.904000000000000000e+03,-7.420000000000000000e+02,-5.601000000000000000e+03,9.310000000000000000e+02,1.890000000000000000e+02,-8.140000000000000000e+03,-8.542000000000000000e+03,-1.578400000000000000e+04
-9.186000000000000000e+03,-1.163600000000000000e+04,-3.559000000000000000e+03,-8.884000000000000000e+03,-1.001000000000000000e+04,-1.494700000000000000e+04,-1.107700000000000000e+04,1.264500000000000000e+04
-1.894000000000000000e+03,-9.802000000000000000e+03,-6.886000000000000000e+03,-4.799000000000000000e+03,-2.770000000000000000e+03,-6.579000000000000000e+03,3.153000000000000000e+03,-8.018000000000000000e+03
-1.018100000000000000e+04,-8.325000000000000000e+03,-3.866000000000000000e+03,-8.654000000000000000e+03,-8.794000000000000000e+03,-1.372600000000000000e+04,-8.898000000000000000e+03,9.368000000000000000e+03
-3.341000000000000000e+03,-8.324000000000000000e+03,-5.738000000000000000e+03,-8.225000000000000000e+03,-4.518000000000000000e+03,-1.258300000000000000e+04,8.059000000000000000e+03,-3.704000000000000000e+03
2.075000000000000000e+03,-4.281000000000000000e+03,-7.671000000000000000e+03,5.306000000000000000e+03,-8.430000000000000000e+03,1.619000000000000000e+03,-1.175700000000000000e+04,-1.131100000000000000e+04
-1.324000000000000000e+04,1.905000000000000000e+03,-5.346000000000000000e+03,-1.000200000000000000e+04,-1.083200000000000000e+04,-8.401000000000000000e+03,5.848000000000000000e+03,-6.733000000000000000e+03
-2.258000000000000000e+03,-4.576000000000000000e+03,-5.861000000000000000e+03,-7.766000000000000000e+03,-2.589000000000000000e+03,-4.252000000000000000e+03,4.120000000000000000e+02,-8.380000000000000000e+03
-7.063000000000000000e+03,-2.871000000000000000e+03,-8.531000000000000000e+03,3.010000000000000000e+02,-1.166000000000000000e+04,7.920000000000000000e+02,3.500000000000000000e+01,-8.860000000000000000e+03
1.647000000000000000e+03,-9.647000000000000000e+03,-9.254000000000000000e+03,-6.076000000000000000e+03,8.137000000000000000e+03,-7.967000000000000000e+03,-1.019900000000000000e+04,-7.468000000000000000e+03
6.208000000000000000e+03,-4.763000000000000000e+03,-7.722000000000000000e+03,-1.696000000000000000e+03,-2.150000000000000000e+03,-9.013000000000000000e+03,-3.736000000000000000e+03,-1.185700000000000000e+04
-2.027000000000000000e+03,-1.236200000000000000e+04,-3.664000000000000000e+03,-1.049500000000000000e+04,1.284300000000000000e+04,-5.543000000000000000e+03,-9.333000000000000000e+03,-6.739000000000000000e+03
-5.901000000000000000e+03,8.852000000000000000e+03,-7.034000000000000000e+03,-2.146000000000000000e+03,-7.643000000000000000e+03,-7.916000000000000000e+03,-3.738000000000000000e+03,-1.135500000000000000e+04
1.446000000000000000e+03,-8.203000000000000000e+03,-8.795000000000000000e+03,1.223000000000000000e+03,2.268000000000000000e+03,-9.104000000000000000e+03,-4.635000000000000000e+03,-9.368000000000000000e+03
-3.093000000000000000e+03,-1.000800000000000000e+04,9.180000000000000000e+02,3.453000000000000000e+03,2.570000000000000000e+03,-9.674000000000000000e+03,-3.008000000000000000e+03,-9.388000000000000000e+03
-3.145000000000000000e+03,9.754000000000000000e+03,-1.014400000000000000e+04,-7.237000000000000000e+03,-1.064600000000000000e+04,-9.377000000000000000e+03,-3.211000000000000000e+03,-1.737100000000000000e+04
-1.243300000000000000e+04,-9.474000000000000000e+03,-8.936000000000000000e+03,-1.300700000000000000e+04,-8.709000000000000000e+03,-1.580200000000000000e+04,-9.495000000000000000e+03,1.548800000000000000e+04
2.377000000000000000e+03,-5.263000000000000000e+03,-1.057800000000000000e+04,3.276000000000000000e+03,-8.256000000000000000e+03,3.960000000000000000e+02,-1.141400000000000000e+04,-1.314200000000000000e+04
-2.196000000000000000e+03,-5.065000000000000000e+03,-6.173000000000000000e+03,2.356000000000000000e+03,-1.013900000000000000e+04,8.142000000000000000e+03,-9.549000000000000000e+03,-1.255300000000000000e+04
7.360000000000000000e+03,-8.446000000000000000e+03,-1.295400000000000000e+04,4.150000000000000000e+02,-9.398000000000000000e+03,8.580000000000000000e+02,-1.315000000000000000e+04,-1.618400000000000000e+04
-2.837000000000000000e+03,1.571000000000000000e+04,-1.128300000000000000e+04,-4.792000000000000000e+03,-8.180000000000000000e+03,-7.636000000000000000e+03,-8.126000000000000000e+03,-1.463100000000000000e+04
1.898000000000000000e+03,-8.900000000000000000e+03,3.501000000000000000e+03,-4.250000000000000000e+02,-5.820000000000000000e+02,-8.079000000000000000e+03,-1.018300000000000000e+04,-1.751500000000000000e+04
-8.787000000000000000e+03,-5.981000000000000000e+03,-2.822000000000000000e+03,-1.308500000000000000e+04,-8.096000000000000000e+03,-1.160900000000000000e+04,3.840000000000000000e+02,6.075000000000000000e+03
-8.065000000000000000e+03,1.620100000000000000e+04,-7.966000000000000000e+03,-1.902000000000000000e+03,-8.907000000000000000e+03,-6.779000000000000000e+03,-3.227000000000000000e+03,-1.239100000000000000e+04
6.140000000000000000e+02,-7.795000000000000000e+03,-7.977000000000000000e+03,2.136000000000000000e+03,-1.793000000000000000e+03,-8.255000000000000000e+03,-1.863000000000000000e+03,-9.578000000000000000e+03
-2.640000000000000000e+03,-6.762000000000000000e+03,-7.145000000000000000e+03,3.511000000000000000e+03,-1.210300000000000000e+04,9.602000000000000000e+03,-1.345600000000000000e+04,-1.656500000000000000e+04
-8.960000000000000000e+02,-3.825000000000000000e+03,-9.003000000000000000e+03,-2.200000000000000000e+02,-4.757000000000000000e+03,-6.268000000000000000e+03,8.970000000000000000e+02,-1.355300000000000000e+04
-7.665000000000000000e+03,-5.977000000000000000e+03,-3.523000000000000000e+03,-4.199000000000000000e+03,-9.018000000000000000e+03,-1.296100000000000000e+04,1.165200000000000000e+04,-8.100000000000000000e+02
4.655000000000000000e+03,-9.113000000000000000e+03,-4.494000000000000000e+03,2.254000000000000000e+03,-4.990000000000000000e+02,-6.138000000000000000e+03,-5.557000000000000000e+03,-1.440400000000000000e+04
-4.040000000000000000e+03,-7.984000000000000000e+03,-2.646000000000000000e+03,5.500000000000000000e+01,-4.080000000000000000e+03,-1.044100000000000000e+04,5.651000000000000000e+03,-9.536000000000000000e+03
-2.155000000000000000e+03,1.590000000000000000e+03,-4.950000000000000000e+03,-2.601000000000000000e+03,-3.251000000000000000e+03,-8.961000000000000000e+03,-2.209000000000000000e+03,-1.346300000000000000e+04
-6.970000000000000000e+03,1.392700000000000000e+04,-5.899000000000000000e+03,-7.628000000000000000e+03,-4.295000000000000000e+03,-1.403600000000000000e+04,-3.122000000000000000e+03,-6.059000000000000000e+03
-3.920000000000000000e+03,2.101000000000000000e+03,-1.150700000000000000e+04,-2.680000000000000000e+02,-7.947000000000000000e+03,2.116000000000000000e+03,-5.430000000000000000e+03,-8.319000000000000000e+03
1.267500000000000000e+04,-7.299000000000000000e+03,-8.964000000000000000e+03,9.150000000000000000e+02,-5.016000000000000000e+03,-3.928000000000000000e+03,-7.437000000000000000e+03,-1.585500000000000000e+04
-6.587000000000000000e+03,3.474000000000000000e+03,-1.002500000000000000e+04,-3.459000000000000000e+03,-1.137700000000000000e+04,-3.292000000000000000e+03,-2.105000000000000000e+03,-8.172000000000000000e+03
-5.707000000000000000e+03,-6.874000000000000000e+03,-2.241000000000000000e+03,-9.823000000000000000e+03,-1.800000000000000000e+03,-1.079400000000000000e+04,7.092000000000000000e+03,-3.368000000000000000e+03
3.767000000000000000e+03,-6.507000000000000000e+03,-9.430000000000000000e+03,2.555000000000000000e+03,-8.964000000000000000e+03,1.450000000000000000e+03,-1.129100000000000000e+04,-1.636200000000000000e+04
1.555000000000000000e+03,-8.896000000000000000e+03,-8.573000000000000000e+03,5.508000000000000000e+03,-9.627000000000000000e+03,4.126000000000000000e+03,-1.358200000000000000e+04,-1.878600000000000000e+04
2.938000000000000000e+03,7.132000000000000000e+03,-9.546000000000000000e+03,-2.720000000000000000e+03,-2.185000000000000000e+03,-8.185000000000000000e+03,-7.540000000000000000e+03,-1.538100000000000000e+04
-1.554000000000000000e+03,1.007700000000000000e+04,-1.058000000000000000e+04,-1.235000000000000000e+03,-4.618000000000000000e+03,-1.009800000000000000e+04,-1.053200000000000000e+04,-1.387400000000000000e+04
-8.257000000000000000e+03,-1.210700000000000000e+04,-2.612000000000000000e+03,-8.801000000000000000e+03,-6.475000000000000000e+03,-1.286000000000000000e+04,-6.900000000000000000e+03,8.991000000000000000e+03
-8.333000000000000000e+03,-5.213000000000000000e+03,-4.155000000000000000e+03,-4.964000000000000000e+03,-5.020000000000000000e+03,-9.220000000000000000e+03,-2.931000000000000000e+03,4.724000000000000000e+03
6.000000000000000000e+00,-7.886000000000000000e+03,-9.662000000000000000e+03,4.569000000000000000e+03,-9.375000000000000000e+03,4.511000000000000000e+03,-1.357900000000000000e+04,-1.944300000000000000e+04
-5.393000000000000000e+03,-1.078700000000000000e+04,-7.000000000000000000e+00,-8.644000000000000000e+03,-5.693000000000000000e+03,-1.338200000000000000e+04,-7.614000000000000000e+03,6.691000000000000000e+03
-4.132000000000000000e+03,1.850000000000000000e+03,-6.676000000000000000e+03,-3.309000000000000000e+03,-4.692000000000000000e+03,-1.149000000000000000e+03,-7.610000000000000000e+02,-7.092000000000000000e+03
-6.500000000000000000e+03,5.494000000000000000e+03,-9.039000000000000000e+03,-3.817000000000000000e+03,-1.228800000000000000e+04,-4.205000000000000000e+03,-5.903000000000000000e+03,-1.287600000000000000e+04
5.415000000000000000e+03,-9.135000000000000000e+03,-1.000300000000000000e+04,-7.810000000000000000e+02,8.644000000000000000e+03,-1.073300000000000000e+04,-1.385700000000000000e+04,-8.852000000000000000e+03
-8.607000000000000000e+03,-6.605000000000000000e+03,-6.051000000000000000e+03,-6.014000000000000000e+03,-4.990000000000000000e+02,-1.244400000000000000e+04,-7.926000000000000000e+03,6.309000000000000000e+03
4.530000000000000000e+02,-6.353000000000000000e+03,-7.642000000000000000e+03,5.163000000000000000e+03,-8.181000000000000000e+03,-3.263000000000000000e+03,-1.062400000000000000e+04,-1.493500000000000000e+04
-2.722000000000000000e+03,-1.042200000000000000e+04,9.574000000000000000e+03,-7.395000000000000000e+03,4.809000000000000000e+03,-1.288100000000000000e+04,-8.863000000000000000e+03,-8.325000000000000000e+03
-7.202000000000000000e+03,-9.357000000000000000e+03,-3.704000000000000000e+03,-6.440000000000000000e+03,2.559000000000000000e+03,-1.230100000000000000e+04,-6.240000000000000000e+03,6.376000000000000000e+03
4.012000000000000000e+03,-3.679000000000000000e+03,-9.336000000000000000e+03,-1.191000000000000000e+03,-8.882000000000000000e+03,-6.386000000000000000e+03,-3.966000000000000000e+03,-1.657000000000000000e+04
-5.318000000000000000e+03,5.824000000000000000e+03,-9.242000000000000000e+03,-1.732000000000000000e+03,-1.325200000000000000e+04,-5.634000000000000000e+03,-5.990000000000000000e+03,-1.300200000000000000e+04
-1.431000000000000000e+03,-9.951000000000000000e+03,-7.200000000000000000e+03,6.025000000000000000e+03,-5.730000000000000000e+03,5.806000000000000000e+03,-1.642500000000000000e+04,-1.702400000000000000e+04
-1.033200000000000000e+04,-5.080000000000000000e+03,-3.450000000000000000e+02,-7.213000000000000000e+03,-3.269000000000000000e+03,-1.370700000000000000e+04,6.970000000000000000e+02,6.979000000000000000e+03
-7.002000000000000000e+03,4.860000000000000000e+02,-3.311000000000000000e+03,-7.568000000000000000e+03,-8.466000000000000000e+03,-5.395000000000000000e+03,3.566000000000000000e+03,-9.619000000000000000e+03
-3.990000000000000000e+03,-3.738000000000000000e+03,-1.094200000000000000e+04,5.445000000000000000e+03,-9.876000000000000000e+03,-3.357000000000000000e+03,-2.426000000000000000e+03,-1.135200000000000000e+04
-7.581000000000000000e+03,-7.820000000000000000e+03,-3.154000000000000000e+03,-7.657000000000000000e+03,-4.114000000000000000e+03,-1.272600000000000000e+04,6.334000000000000000e+03,-3.195000000000000000e+03
-5.864000000000000000e+03,-5.177000000000000000e+03,-2.857000000000000000e+03,-7.742000000000000000e+03,-6.473000000000000000e+03,-1.367000000000000000e+04,6.390000000000000000e+02,-2.040000000000000000e+02
-3.418000000000000000e+03,1.298700000000000000e+04,-1.042900000000000000e+04,-5.287000000000000000e+03,-8.014000000000000000e+03,-7.370000000000000000e+03,-4.210000000000000000e+03,-8.985000000000000000e+03
-5.210000000000000000e+02,-7.046000000000000000e+03,-9.810000000000000000e+03,3.242000000000000000e+03,-6.840000000000000000e+03,1.005000000000000000e+03,-1.185000000000000000e+04,-1.044200000000000000e+04
7.644000000000000000e+03,-9.428000000000000000e+03,-9.636000000000000000e+03,1.965000000000000000e+03,-1.121900000000000000e+04,5.109000000000000000e+03,-1.101700000000000000e+04,-1.401000000000000000e+04
2.206000000000000000e+03,-5.510000000000000000e+03,-5.523000000000000000e+03,4.798000000000000000e+03,-4.140000000000000000e+03,-2.438000000000000000e+03,-6.782000000000000000e+03,-1.166900000000000000e+04
-4.218000000000000000e+03,-8.065000000000000000e+03,-2.672000000000000000e+03,1.047000000000000000e+03,-2.311000000000000000e+03,-8.673000000000000000e+03,-1.522000000000000000e+03,-8.343000000000000000e+03
-7.214000000000000000e+03,-1.158800000000000000e+04,-2.791000000000000000e+03,-8.966000000000000000e+03,-6.110000000000000000e+03,-1.491300000000000000e+04,-6.733000000000000000e+03,9.924000000000000000e+03
-6.301000000000000000e+03,1.635000000000000000e+03,-6.464000000000000000e+03,-3.509000000000000000e+03,-1.001200000000000000e+04,-8.600000000000000000e+01,-5.261000000000000000e+03,-5.635000000000000000e+03
-4.960000000000000000e+03,1.267500000000000000e+04,-9.369000000000000000e+03,-4.996000000000000000e+03,-7.213000000000000000e+03,-8.651000000000000000e+03,-1.818000000000000000e+03,-1.027800000000000000e+04
-1.194100000000000000e+04,-1.113000000000000000e+03,-4.614000000000000000e+03,1.344000000000000000e+03,-1.120800000000000000e+04,-1.241000000000000000e+04,1.116400000000000000e+04,-5.804000000000000000e+03
-2.801000000000000000e+03,-1.086600000000000000e+04,-9.647000000000000000e+03,-3.647000000000000000e+03,1.250300000000000000e+04,-1.232300000000000000e+04,-1.482200000000000000e+04,-3.295000000000000000e+03
-3.228000000000000000e+03,-7.484000000000000000e+03,-4.783000000000000000e+03,-2.310000000000000000e+02,-1.919000000000000000e+03,-1.220100000000000000e+04,7.417000000000000000e+03,-4.725000000000000000e+03
-6.190000000000000000e+03,-4.461000000000000000e+03,-9.319000000000000000e+03,-1.056000000000000000e+03,-6.096000000000000000e+03,6.767000000000000000e+03,-5.075000000000000000e+03,-1.063400000000000000e+04
-8.378000000000000000e+03,-1.029700000000000000e+04,-4.585000000000000000e+03,-1.289500000000000000e+04,-8.509000000000000000e+03,-8.993000000000000000e+03,-7.038000000000000000e+03,9.499000000000000000e+03
-9.341000000000000000e+03,1.301200000000000000e+04,-1.026700000000000000e+04,-8.033000000000000000e+03,-1.405600000000000000e+04,-5.243000000000000000e+03,-3.972000000000000000e+03,-1.502600000000000000e+04
7.240000000000000000e+02,-1.056400000000000000e+04,-3.998000000000000000e+03,3.074000000000000000e+03,1.216000000000000000e+03,-5.413000000000000000e+03,-8.410000000000000000e+03,-1.071400000000000000e+04
-6.865000000000000000e+03,-1.166800000000000000e+04,-4.444000000000000000e+03,-9.395000000000000000e+03,-1.388000000000000000e+03,-1.565000000000000000e+04,-9.093000000000000000e+03,8.279000000000000000e+03
-8.493000000000000000e+03,-4.033000000000000000e+03,-5.100000000000000000e+03,-2.894000000000000000e+03,-9.555000000000000000e+03,-8.833000000000000000e+03,1.814000000000000000e+03,-3.338000000000000000e+03
-2.735000000000000000e+03,-8.407000000000000000e+03,-5.604000000000000000e+03,-2.197000000000000000e+03,-7.808000000000000000e+03,-8.498000000000000000e+03,8.181000000000000000e+03,-3.928000000000000000e+03
-8.369000000000000000e+03,-7.162000000000000000e+03,-5.260000000000000000e+03,-5.849000000000000000e+03,-5.756000000000000000e+03,-1.121700000000000000e+04,1.298800000000000000e+04,-4.707000000000000000e+03
-1.298300000000000000e+04,-3.596000000000000000e+03,-8.238000000000000000e+03,-3.172000000000000000e+03,-9.975000000000000000e+03,-7.723000000000000000e+03,1.107000000000000000e+04,-8.349000000000000000e+03
4.624000000000000000e+03,4.434000000000000000e+03,-8.219000000000000000e+03,-2.487000000000000000e+03,-1.272000000000000000e+04,-3.557000000000000000e+03,-1.043400000000000000e+04,-1.839400000000000000e+04
-1.160200000000000000e+04,-5.500000000000000000e+01,-7.333000000000000000e+03,-3.332000000000000000e+03,-1.363700000000000000e+04,-3.192000000000000000e+03,5.939000000000000000e+03,-7.091000000000000000e+03
-1.270900000000000000e+04,-5.197000000000000000e+03,-4.595000000000000000e+03,-5.438000000000000000e+03,-1.155100000000000000e+04,-1.228900000000000000e+04,-8.340000000000000000e+03,7.076000000000000000e+03
-6.965000000000000000e+03,-1.344900000000000000e+04,8.300000000000000000e+02,-1.083300000000000000e+04,-1.123000000000000000e+03,-1.559200000000000000e+04,-9.375000000000000000e+03,5.945000000000000000e+03
-1.473000000000000000e+03,-1.020400000000000000e+04,-2.897000000000000000e+03,-5.463000000000000000e+03,9.410000000000000000e+03,-1.363500000000000000e+04,-7.981000000000000000e+03,-7.845000000000000000e+03
1.630000000000000000e+02,-3.336000000000000000e+03,-1.056300000000000000e+04,-7.010000000000000000e+02,-1.117200000000000000e+04,1.295000000000000000e+03,-1.042000000000000000e+03,-1.125700000000000000e+04
-1.058500000000000000e+04,-8.187000000000000000e+03,-4.999000000000000000e+03,-1.087600000000000000e+04,-7.617000000000000000e+03,-1.369500000000000000e+04,-1.272900000000000000e+04,1.190000000000000000e+04
-4.720000000000000000e+02,-5.108000000000000000e+03,-8.054000000000000000e+03,6.048000000000000000e+03,-1.070300000000000000e+04,4.166000000000000000e+03,-9.113000000000000000e+03,-1.305700000000000000e+04
-4.357000000000000000e+03,-1.117900000000000000e+04,5.087000000000000000e+03,-8.247000000000000000e+03,-8.400000000000000000e+01,-1.436200000000000000e+04,-2.215000000000000000e+03,3.730000000000000000e+02
-4.024000000000000000e+03,1.173800000000000000e+04,-8.317000000000000000e+03,-5.646000000000000000e+03,-7.509000000000000000e+03,-3.638000000000000000e+03,-7.226000000000000000e+03,-1.147800000000000000e+04
-4.800000000000000000e+01,-1.921000000000000000e+03,-6.368000000000000000e+03,2.202000000000000000e+03,-5.894000000000000000e+03,-6.391000000000000000e+03,-9.077000000000000000e+03,-1.653400000000000000e+04
5.674000000000000000e+03,-9.959000000000000000e+03,-5.156000000000000000e+03,-1.456000000000000000e+03,2.989000000000000000e+03,-1.257100000000000000e+04,-7.595000000000000000e+03,-1.372400000000000000e+04
-1.139500000000000000e+04,-9.500000000000000000e+03,-6.064000000000000000e+03,-1.177300000000000000e+04,-9.104000000000000000e+03,-1.534800000000000000e+04,-7.886000000000000000e+03,1.359100000000000000e+04
-5.912000000000000000e+03,-1.108500000000000000e+04,6.504000000000000000e+03,-7.763000000000000000e+03,2.796000000000000000e+03,-9.819000000000000000e+03,-1.040600000000000000e+04,-2.507000000000000000e+03
-8.919000000000000000e+03,-3.393000000000000000e+03,-5.167000000000000000e+03,-7.720000000000000000e+03,-3.958000000000000000e+03,-1.108400000000000000e+04,1.200700000000000000e+04,-4.634000000000000000e+03
-4.429000000000000000e+03,-9.670000000000000000e+03,-2.524000000000000000e+03,-8.427000000000000000e+03,-3.453000000000000000e+03,-7.248000000000000000e+03,5.431000000000000000e+03,-4.914000000000000000e+03
2.440000000000000000e+02,-6.091000000000000000e+03,-3.111000000000000000e+03,2.049000000000000000e+03,-3.578000000000000000e+03,-4.960000000000000000e+03,-2.204000000000000000e+03,-1.063600000000000000e+04
-7.005000000000000000e+03,-8.183000000000000000e+03,-5.610000000000000000e+03,-5.530000000000000000e+03,-2.231000000000000000e+03,-1.512800000000000000e+04,-5.880000000000000000e+03,8.281000000000000000e+03
-1.170500000000000000e+04,-7.027000000000000000e+03,-7.150000000000000000e+03,-8.007000000000000000e+03,-4.461000000000000000e+03,-1.234000000000000000e+04,-8.196000000000000000e+03,1.124000000000000000e+04
-4.907000000000000000e+03,-1.028900000000000000e+04,-7.708000000000000000e+03,-5.836000000000000000e+03,-4.774000000000000000e+03,-7.281000000000000000e+03,1.093500000000000000e+04,-6.662000000000000000e+03
-3.473000000000000000e+03,-3.233000000000000000e+03,-1.119900000000000000e+04,-8.320000000000000000e+02,-1.077600000000000000e+04,4.296000000000000000e+03,-7.531000000000000000e+03,-8.372000000000000000e+03
-1.143000000000000000e+03,-7.150000000000000000e+03,-7.475000000000000000e+03,1.715000000000000000e+03,3.418000000000000000e+03,-4.452000000000000000e+03,-5.332000000000000000e+03,-1.121700000000000000e+04
5.304000000000000000e+03,-8.293000000000000000e+03,-1.069600000000000000e+04,6.490000000000000000e+02,-6.334000000000000000e+03,4.667000000000000000e+03,-8.459000000000000000e+03,-9.156000000000000000e+03
-4.312000000000000000e+03,-5.108000000000000000e+03,-9.087000000000000000e+03,5.922000000000000000e+03,-7.781000000000000000e+03,-3.315000000000000000e+03,3.130000000000000000e+02,-1.392900000000000000e+04
5.423000000000000000e+03,-6.568000000000000000e+03,-1.224000000000000000e+04,5.400000000000000000e+02,-6.929000000000000000e+03,9.040000000000000000e+03,-1.303900000000000000e+04,-1.086100000000000000e+04
-5.418000000000000000e+03,-1.221600000000000000e+04,9.029000000000000000e+03,-5.760000000000000000e+03,4.534000000000000000e+03,-1.489300000000000000e+04,-9.600000000000000000e+03,-7.402000000000000000e+03
-5.550000000000000000e+02,-5.970000000000000000e+03,-9.088000000000000000e+03,-8.860000000000000000e+02,-6.805000000000000000e+03,4.405000000000000000e+03,-6.326000000000000000e+03,-1.360100000000000000e+04
-3.472000000000000000e+03,-1.248200000000000000e+04,7.067000000000000000e+03,-9.705000000000000000e+03,7.071000000000000000e+03,-8.321000000000000000e+03,-6.503000000000000000e+03,-1.199000000000000000e+04
-3.727000000000000000e+03,-2.447000000000000000e+03,-8.370000000000000000e+03,7.628000000000000000e+03,-6.898000000000000000e+03,-7.750000000000000000e+03,-8.812000000000000000e+03,-1.248100000000000000e+04
-1.063700000000000000e+04,-7.332000000000000000e+03,-9.716000000000000000e+03,-8.668000000000000000e+03,-8.425000000000000000e+03,-1.185400000000000000e+04,-8.225000000000000000e+03,1.305900000000000000e+04
-8.892000000000000000e+03,8.174000000000000000e+03,-1.165100000000000000e+04,-9.906000000000000000e+03,-1.310400000000000000e+04,-8.596000000000000000e+03,5.732000000000000000e+03,-1.467400000000000000e+04
-1.130000000000000000e+03,-3.988000000000000000e+03,-1.142200000000000000e+04,-9.460000000000000000e+02,-8.518000000000000000e+03,1.128300000000000000e+04,-9.708000000000000000e+03,-1.342000000000000000e+04
-3.811000000000000000e+03,-6.158000000000000000e+03,-1.040000000000000000e+03,-1.820000000000000000e+02,-1.113000000000000000e+03,-1.023700000000000000e+04,3.546000000000000000e+03,-6.868000000000000000e+03
-4.181000000000000000e+03,3.705000000000000000e+03,-4.957000000000000000e+03,4.400000000000000000e+02,-3.067000000000000000e+03,-1.058000000000000000e+04,-4.820000000000000000e+03,-8.180000000000000000e+03
-5.582000000000000000e+03,-8.722000000000000000e+03,-3.435000000000000000e+03,-5.606000000000000000e+03,-2.943000000000000000e+03,-1.211000000000000000e+04,1.130800000000000000e+04,-2.646000000000000000e+03
5.237000000000000000e+03,-6.033000000000000000e+03,-6.735000000000000000e+03,5.313000000000000000e+03,-9.715000000000000000e+03,-7.540000000000000000e+02,-1.278900000000000000e+04,-1.950100000000000000e+04
2.730000000000000000e+02,-1.622000000000000000e+03,-1.018500000000000000e+04,4.921000000000000000e+03,-8.301000000000000000e+03,-1.960000000000000000e+03,-1.008100000000000000e+04,-1.210100000000000000e+04
-1.878000000000000000e+03,-9.473000000000000000e+03,-2.438000000000000000e+03,-4.026000000000000000e+03,-3.435000000000000000e+03,-1.191700000000000000e+04,5.874000000000000000e+03,-5.434000000000000000e+03
-9.738000000000000000e+03,1.270200000000000000e+04,-9.471000000000000000e+03,-6.525000000000000000e+03,-1.377500000000000000e+04,-7.466000000000000000e+03,-2.917000000000000000e+03,-1.497200000000000000e+04
-4.687000000000000000e+03,2.759000000000000000e+03,-6.436000000000000000e+03,-1.592000000000000000e+03,-1.042900000000000000e+04,-5.487000000000000000e+03,3.465000000000000000e+03,-1.007700000000000000e+04
-4.519000000000000000e+03,-8.915000000000000000e+03,4.079000000000000000e+03,-4.697000000000000000e+03,-4.197000000000000000e+03,-8.202000000000000000e+03,-8.009000000000000000e+03,3.494000000000000000e+03
-3.703000000000000000e+03,1.177700000000000000e+04,-8.964000000000000000e+03,-1.495000000000000000e+03,-7.899000000000000000e+03,-4.284000000000000000e+03,-6.928000000000000000e+03,-6.858000000000000000e+03
-4.494000000000000000e+03,3.875000000000000000e+03,-7.789000000000000000e+03,-6.228000000000000000e+03,-1.087100000000000000e+04,-4.618000000000000000e+03,3.350000000000000000e+02,-1.524200000000000000e+04
2.775000000000000000e+03,-5.198000000000000000e+03,-9.411000000000000000e+03,9.207000000000000000e+03,-8.562000000000000000e+03,-3.647000000000000000e+03,-8.500000000000000000e+03,-1.316000000000000000e+04
-8.490000000000000000e+03,2.574700000000000000e+04,-1.015100000000000000e+04,-6.044000000000000000e+03,-1.064000000000000000e+04,-8.594000000000000000e+03,-9.152000000000000000e+03,-1.624300000000000000e+04
3.816000000000000000e+03,-4.724000000000000000e+03,-9.836000000000000000e+03,4.002000000000000000e+03,-4.471000000000000000e+03,-1.685000000000000000e+03,-8.929000000000000000e+03,-1.595500000000000000e+04
-3.424000000000000000e+03,-7.010000000000000000e+03,-4.209000000000000000e+03,-2.906000000000000000e+03,-1.448000000000000000e+03,-7.955000000000000000e+03,5.763000000000000000e+03,-5.394000000000000000e+03
-4.437000000000000000e+03,-7.637000000000000000e+03,-6.133000000000000000e+03,-6.994000000000000000e+03,-4.540000000000000000e+03,-4.644000000000000000e+03,4.490000000000000000e+03,-7.387000000000000000e+03
4.123000000000000000e+03,-9.145000000000000000e+03,-1.298400000000000000e+04,-2.043000000000000000e+03,6.803000000000000000e+03,-3.584000000000000000e+03,-1.076500000000000000e+04,-1.455100000000000000e+04
-4.617000000000000000e+03,-4.149000000000000000e+03,-5.301000000000000000e+03,-3.700000000000000000e+02,-4.712000000000000000e+03,1.253000000000000000e+03,-6.852000000000000000e+03,-5.093000000000000000e+03
-8.790000000000000000e+03,1.303400000000000000e+04,-7.189000000000000000e+03,-5.313000000000000000e+03,-6.466000000000000000e+03,-7.801000000000000000e+03,-1.804000000000000000e+03,-1.034100000000000000e+04
-8.276000000000000000e+03,-8.228000000000000000e+03,-2.030000000000000000e+03,-1.043100000000000000e+04,-1.443000000000000000e+03,-1.319100000000000000e+04,9.514000000000000000e+03,-2.690000000000000000e+03
-8.163000000000000000e+03,-8.630000000000000000e+03,-4.918000000000000000e+03,-6.748000000000000000e+03,-4.394000000000000000e+03,-9.633000000000000000e+03,1.222800000000000000e+04,-3.294000000000000000e+03
-6.115000000000000000e+03,1.179900000000000000e+04,-9.300000000000000000e+03,1.585000000000000000e+03,-1.293400000000000000e+04,-8.534000000000000000e+03,-4.507000000000000000e+03,-1.213800000000000000e+04
-8.064000000000000000e+03,-1.190700000000000000e+04,9.701000000000000000e+03,-8.270000000000000000e+03,1.929000000000000000e+03,-1.656800000000000000e+04,-9.985000000000000000e+03,-2.300000000000000000e+01
-8.885000000000000000e+03,-9.160000000000000000e+03,-2.877000000000000000e+03,-6.762000000000000000e+03,7.349000000000000000e+03,-1.317800000000000000e+04,-9.870000000000000000e+03,-2.839000000000000000e+03
-3.157000000000000000e+03,1.397400000000000000e+04,-1.346700000000000000e+04,-5.158000000000000000e+03,-1.257400000000000000e+04,-4.079000000000000000e+03,-1.003100000000000000e+04,-1.639800000000000000e+04
-6.137000000000000000e+03,-1.275900000000000000e+04,-2.821000000000000000e+03,-7.985000000000000000e+03,-6.362000000000000000e+03,-1.496800000000000000e+04,-1.130900000000000000e+04,1.039300000000000000e+04
-3.992000000000000000e+03,-8.870000000000000000e+03,-3.428000000000000000e+03,-4.106000000000000000e+03,9.710000000000000000e+03,-1.088500000000000000e+04,-9.168000000000000000e+03,-4.982000000000000000e+03
-6.151000000000000000e+03,-1.151900000000000000e+04,5.815000000000000000e+03,-6.445000000000000000e+03,3.806000000000000000e+03,-1.101800000000000000e+04,-8.692000000000000000e+03,-1.680000000000000000e+02
-1.020200000000000000e+04,-7.338000000000000000e+03,-4.982000000000000000e+03,-8.114000000000000000e+03,-9.223000000000000000e+03,-1.432800000000000000e+04,-2.597000000000000000e+03,8.739000000000000000e+03
-3.772000000000000000e+03,-9.106000000000000000e+03,-4.552000000000000000e+03,-4.745000000000000000e+03,-4.355000000000000000e+03,-1.260800000000000000e+04,-6.069000000000000000e+03,6.869000000000000000e+03
-5.907000000000000000e+03,1.227800000000000000e+04,-8.030000000000000000e+03,-4.951000000000000000e+03,-1.081500000000000000e+04,-7.419000000000000000e+03,-3.530000000000000000e+03,-1.206500000000000000e+04
-6.418000000000000000e+03,1.128000000000000000e+04,-7.986000000000000000e+03,-2.040000000000000000e+02,-1.149700000000000000e+04,-7.126000000000000000e+03,-1.440000000000000000e+03,-1.228200000000000000e+04
-7.978000000000000000e+03,-4.929000000000000000e+03,-4.668000000000000000e+03,3.043000000000000000e+03,-8.053000000000000000e+03,-8.303000000000000000e+03,7.241000000000000000e+03,-1.112200000000000000e+04
-5.436000000000000000e+03,-8.048000000000000000e+03,-1.122800000000000000e+04,7.780000000000000000e+02,-7.033000000000000000e+03,7.855000000000000000e+03,-5.978000000000000000e+03,-9.528000000000000000e+03
-1.305000000000000000e+03,-1.017600000000000000e+04,-8.654000000000000000e+03,2.277000000000000000e+03,-4.076000000000000000e+03,2.500000000000000000e+02,-6.410000000000000000e+03,-1.464800000000000000e+04
-7.472000000000000000e+03,-7.344000000000000000e+03,-8.060000000000000000e+03,-5.873000000000000000e+03,-7.874000000000000000e+03,-1.094000000000000000e+04,1.566000000000000000e+04,-4.644000000000000000e+03
-5.827000000000000000e+03,9.978000000000000000e+03,-9.212000000000000000e+03,-6.936000000000000000e+03,-8.452000000000000000e+03,-9.078000000000000000e+03,2.365000000000000000e+03,-1.329100000000000000e+04
-8.374000000000000000e+03,5.612000000000000000e+03,-1.088600000000000000e+04,-4.299000000000000000e+03,-8.736000000000000000e+03,-8.337000000000000000e+03,3.419000000000000000e+03,-9.707000000000000000e+03
-1.136000000000000000e+03,-4.486000000000000000e+03,-2.630000000000000000e+03,6.330000000000000000e+03,-7.349000000000000000e+03,-6.329000000000000000e+03,-2.716000000000000000e+03,-1.388900000000000000e+04
4.859000000000000000e+03,-6.146000000000000000e+03,-6.613000000000000000e+03,-8.250000000000000000e+02,-3.139000000000000000e+03,-2.118000000000000000e+03,-6.142000000000000000e+03,-1.964600000000000000e+04
-1.035400000000000000e+04,-1.068000000000000000e+04,-3.251000000000000000e+03,-1.022000000000000000e+04,-6.146000000000000000e+03,-1.189700000000000000e+04,-8.508000000000000000e+03,1.145800000000000000e+04
-6.699000000000000000e+03,1.513000000000000000e+04,-1.303200000000000000e+04,7.860000000000000000e+02,-1.195300000000000000e+04,-8.889000000000000000e+03,-1.016700000000000000e+04,-1.357700000000000000e+04
-9.663000000000000000e+03,-1.042900000000000000e+04,-7.381000000000000000e+03,-9.836000000000000000e+03,-9.161000000000000000e+03,-1.247900000000000000e+04,-1.135500000000000000e+04,1.423200000000000000e+04
1.445000000000000000e+03,-7.096000000000000000e+03,-4.395000000000000000e+03,-2.036000000000000000e+03,-3.084000000000000000e+03,-7.083000000000000000e+03,-4.181000000000000000e+03,-1.592900000000000000e+04
-8.216000000000000000e+03,-1.027300000000000000e+04,-3.807000000000000000e+03,-9.692000000000000000e+03,-3.665000000000000000e+03,-1.372500000000000000e+04,-4.953000000000000000e+03,9.100000000000000000e+03
-5.826000000000000000e+03,-9.989000000000000000e+03,-2.176000000000000000e+03,-6.427000000000000000e+03,9.562000000000000000e+03,-1.212400000000000000e+04,-1.019500000000000000e+04,-4.454000000000000000e+03
-1.819000000000000000e+03,-9.832000000000000000e+03,-1.945000000000000000e+03,-5.634000000000000000e+03,-3.712000000000000000e+03,-9.334000000000000000e+03,1.152600000000000000e+04,-5.422000000000000000e+03
-6.439000000000000000e+03,-5.264000000000000000e+03,-4.111000000000000000e+03,-4.163000000000000000e+03,-5.258000000000000000e+03,-8.490000000000000000e+03,1.181400000000000000e+04,-5.403000000000000000e+03
-1.040000000000000000e+04,3.250000000000000000e+03,-9.813000000000000000e+03,-9.494000000000000000e+03,-1.015100000000000000e+04,-1.114600000000000000e+04,1.217900000000000000e+04,-1.072500000000000000e+04
-9.561000000000000000e+03,-7.477000000000000000e+03,-5.193000000000000000e+03,-7.664000000000000000e+03,-1.022200000000000000e+04,-9.116000000000000000e+03,9.499000000000000000e+03,-1.002100000000000000e+04
-8.537000000000000000e+03,1.404700000000000000e+04,-1.144800000000000000e+04,-1.960000000000000000e+02,-8.294000000000000000e+03,-1.077300000000000000e+04,-1.497000000000000000e+03,-1.016400000000000000e+04
7.110000000000000000e+02,-4.528000000000000000e+03,-1.411600000000000000e+04,-2.450000000000000000e+02,-7.097000000000000000e+03,1.847000000000000000e+03,-4.984000000000000000e+03,-1.008200000000000000e+04
1.287000000000000000e+03,-9.721000000000000000e+03,-6.843000000000000000e+03,-4.827000000000000000e+03,6.226000000000000000e+03,-6.418000000000000000e+03,-5.853000000000000000e+03,-1.116200000000000000e+04
-9.487000000000000000e+03,-9.793000000000000000e+03,-2.568000000000000000e+03,-1.010700000000000000e+04,-8.182000000000000000e+03,-1.740800000000000000e+04,-1.076100000000000000e+04,1.176200000000000000e+04
2.805000000000000000e+03,-7.185000000000000000e+03,-6.880000000000000000e+03,-6.264000000000000000e+03,4.276000000000000000e+03,-5.400000000000000000e+03,-1.031200000000000000e+04,-1.124600000000000000e+04
-6.445000000000000000e+03,8.161000000000000000e+03,-9.081000000000000000e+03,-3.129000000000000000e+03,-1.103700000000000000e+04,-8.393000000000000000e+03,6.260000000000000000e+02,-1.438900000000000000e+04
-9.231000000000000000e+03,-9.036000000000000000e+03,-6.388000000000000000e+03,-9.273000000000000000e+03,-9.493000000000000000e+03,-1.557500000000000000e+04,-5.812000000000000000e+03,1.006200000000000000e+04
-1.420000000000000000e+02,-5.276000000000000000e+03,-7.978000000000000000e+03,3.978000000000000000e+03,-7.261000000000000000e+03,-2.640000000000000000e+03,-1.055700000000000000e+04,-1.681700000000000000e+04
-2.497000000000000000e+03,1.600100000000000000e+04,-9.327000000000000000e+03,-5.804000000000000000e+03,-4.871000000000000000e+03,-7.467000000000000000e+03,-7.146000000000000000e+03,-1.385100000000000000e+04
-3.302000000000000000e+03,-1.172700000000000000e+04,-1.258000000000000000e+03,-3.928000000000000000e+03,-4.200000000000000000e+01,-1.218300000000000000e+04,3.551000000000000000e+03,-2.998000000000000000e+03
-4.383000000000000000e+03,-7.476000000000000000e+03,-5.393000000000000000e+03,-4.680000000000000000e+03,-6.110000000000000000e+03,-6.042000000000000000e+03,7.065000000000000000e+03,-3.565000000000000000e+03
-7.766000000000000000e+03,-1.002400000000000000e+04,-4.779000000000000000e+03,-8.671000000000000000e+03,-9.653000000000000000e+03,-1.454400000000000000e+04,-1.315000000000000000e+04,1.363100000000000000e+04
-6.925000000000000000e+03,1.491100000000000000e+04,-1.172700000000000000e+04,-1.363000000000000000e+03,-8.927000000000000000e+03,-8.471000000000000000e+03,-9.191000000000000000e+03,-1.172100000000000000e+04
-7.761000000000000000e+03,5.373000000000000000e+03,-1.285100000000000000e+04,-7.542000000000000000e+03,-9.932000000000000000e+03,-4.036000000000000000e+03,3.260000000000000000e+03,-1.568200000000000000e+04
-3.538000000000000000e+03,9.974000000000000000e+03,-9.046000000000000000e+03,-6.214000000000000000e+03,-9.678000000000000000e+03,-7.334000000000000000e+03,-3.569000000000000000e+03,-1.606000000000000000e+04
-1.241500000000000000e+04,-7.951000000000000000e+03,-6.171000000000000000e+03,-1.083000000000000000e+04,-7.014000000000000000e+03,-9.915000000000000000e+03,-5.288000000000000000e+03,1.016700000000000000e+04
2.512000000000000000e+03,-7.704000000000000000e+03,-9.524000000000000000e+03,9.640000000000000000e+02,-3.136000000000000000e+03,-7.530000000000000000e+03,-1.742000000000000000e+03,-1.365300000000000000e+04
-5.826000000000000000e+03,-7.338000000000000000e+03,4.099000000000000000e+03,-9.055000000000000000e+03,-3.697000000000000000e+03,-1.359300000000000000e+04,-4.668000000000000000e+03,-3.163000000000000000e+03
8.320000000000000000e+02,-7.104000000000000000e+03,-8.467000000000000000e+03,4.860000000000000000e+03,-1.019000000000000000e+04,6.480000000000000000e+03,-1.480500000000000000e+04,-9.581000000000000000e+03
8.800000000000000000e+01,-8.007000000000000000e+03,-1.029200000000000000e+04,3.259000000000000000e+03,-8.793000000000000000e+03,1.790000000000000000e+02,-6.118000000000000000e+03,-1.484100000000000000e+04
-8.032000000000000000e+03,-6.428000000000000000e+03,8.160000000000000000e+02,-2.230000000000000000e+02,-5.304000000000000000e+03,-8.581000000000000000e+03,1.111900000000000000e+04,-7.413000000000000000e+03
6.622000000000000000e+03,-7.626000000000000000e+03,-1.056100000000000000e+04,7.933000000000000000e+03,-4.497000000000000000e+03,-3.497000000000000000e+03,-1.278200000000000000e+04,-1.600400000000000000e+04
-6.224000000000000000e+03,-5.265000000000000000e+03,-1.012100000000000000e+04,5.674000000000000000e+03,-7.836000000000000000e+03,2.456000000000000000e+03,-1.122100000000000000e+04,-1.566300000000000000e+04
3.250000000000000000e+02,-6.182000000000000000e+03,-5.177000000000000000e+03,3.057000000000000000e+03,-1.000600000000000000e+04,3.220000000000000000e+02,-1.110700000000000000e+04,-1.551300000000000000e+04
-8.836000000000000000e+03,-1.045900000000000000e+04,3.953000000000000000e+03,-5.557000000000000000e+03,3.125000000000000000e+03,-1.445800000000000000e+04,-9.815000000000000000e+03,1.587000000000000000e+03
-7.938000000000000000e+03,-4.774000000000000000e+03,-5.550000000000000000e+03,-5.258000000000000000e+03,-1.312200000000000000e+04,-7.617000000000000000e+03,6.647000000000000000e+03,-8.995000000000000000e+03
-7.664000000000000000e+03,-4.323000000000000000e+03,-7.421000000000000000e+03,4.238000000000000000e+03,-8.965000000000000000e+03,3.671000000000000000e+03,-9.218000000000000000e+03,-1.007300000000000000e+04
-6.563000000000000000e+03,-4.425000000000000000e+03,-1.041100000000000000e+04,7.239000000000000000e+03,-1.050300000000000000e+04,3.580000000000000000e+02,-9.184000000000000000e+03,-1.298500000000000000e+04
-8.491000000000000000e+03,4.908000000000000000e+03,-9.549000000000000000e+03,-3.981000000000000000e+03,-1.210000000000000000e+04,-2.450000000000000000e+02,-3.321000000000000000e+03,-6.715000000000000000e+03
-6.181000000000000000e+03,-1.128800000000000000e+04,9.340000000000000000e+02,-7.337000000000000000e+03,-1.116000000000000000e+03,-1.319800000000000000e+04,-8.917000000000000000e+03,5.466000000000000000e+03
