-1.486200000000000000e+04,-2.182800000000000000e+04,-1.228600000000000000e+04,1.091200000000000000e+04,-2.331600000000000000e+04,-5.204000000000000000e+03,-2.531400000000000000e+04,-2.372100000000000000e+04
1.408000000000000000e+03,-1.798200000000000000e+04,-1.827200000000000000e+04,-1.241200000000000000e+04,-2.112800000000000000e+04,1.031000000000000000e+03,-1.715100000000000000e+04,-3.026900000000000000e+04
-3.164400000000000000e+04,1.650300000000000000e+04,-1.919000000000000000e+04,-1.640200000000000000e+04,-3.138000000000000000e+04,-2.158700000000000000e+04,-9.737000000000000000e+03,-2.113800000000000000e+04
-1.820200000000000000e+04,-2.406200000000000000e+04,-6.216000000000000000e+03,1.288000000000000000e+04,-1.942200000000000000e+04,-2.616300000000000000e+04,-5.661000000000000000e+03,-2.171800000000000000e+04
-4.221000000000000000e+03,-2.780000000000000000e+02,-1.938900000000000000e+04,-1.867000000000000000e+04,-2.669900000000000000e+04,-1.795100000000000000e+04,-4.261000000000000000e+03,-2.626000000000000000e+04
-1.350700000000000000e+04,1.900400000000000000e+04,-1.382900000000000000e+04,-2.239900000000000000e+04,-2.664100000000000000e+04,-3.052200000000000000e+04,-1.646000000000000000e+04,-2.002900000000000000e+04
-7.307000000000000000e+03,-2.246100000000000000e+04,-1.955700000000000000e+04,2.593500000000000000e+04,-2.131500000000000000e+04,-2.496900000000000000e+04,-1.303800000000000000e+04,-2.126400000000000000e+04
-2.432100000000000000e+04,1.196100000000000000e+04,-1.321400000000000000e+04,-1.379400000000000000e+04,-3.031000000000000000e+04,-2.256800000000000000e+04,-1.430800000000000000e+04,-2.294800000000000000e+04
-2.464000000000000000e+04,-1.100800000000000000e+04,-2.830400000000000000e+04,-1.493100000000000000e+04,-1.802900000000000000e+04,-3.650000000000000000e+02,1.268800000000000000e+04,-1.887800000000000000e+04
8.590000000000000000e+02,-3.327000000000000000e+03,-1.462100000000000000e+04,-1.857300000000000000e+04,-2.343700000000000000e+04,-1.988000000000000000e+04,-1.368300000000000000e+04,-2.208500000000000000e+04
-1.318300000000000000e+04,-1.658600000000000000e+04,-1.804700000000000000e+04,-1.147900000000000000e+04,-1.014000000000000000e+04,1.109800000000000000e+04,-1.610800000000000000e+04,-1.864000000000000000e+04
-2.403700000000000000e+04,-1.555300000000000000e+04,-1.689900000000000000e+04,-2.559100000000000000e+04,-2.129100000000000000e+04,-2.699100000000000000e+04,1.239400000000000000e+04,-2.866000000000000000e+04
-1.779900000000000000e+04,-1.795000000000000000e+04,-1.478000000000000000e+04,-1.425700000000000000e+04,-2.453700000000000000e+04,-3.017000000000000000e+04,1.624100000000000000e+04,-2.113900000000000000e+04
-2.377500000000000000e+04,-2.067600000000000000e+04,-1.238800000000000000e+04,-1.920200000000000000e+04,-2.105400000000000000e+04,-1.843500000000000000e+04,1.494400000000000000e+04,-2.184200000000000000e+04
-1.584900000000000000e+04,-1.835500000000000000e+04,4.457000000000000000e+03,7.302000000000000000e+03,-7.048000000000000000e+03,-5.946000000000000000e+03,-2.395500000000000000e+04,-1.872100000000000000e+04
-1.848600000000000000e+04,-2.101000000000000000e+04,-2.069200000000000000e+04,-1.324000000000000000e+04,1.843800000000000000e+04,-1.989200000000000000e+04,-2.147500000000000000e+04,-2.107600000000000000e+04
-2.077800000000000000e+04,-2.252800000000000000e+04,-9.733000000000000000e+03,-1.097000000000000000e+04,1.008700000000000000e+04,-1.563500000000000000e+04,-1.970300000000000000e+04,-2.265400000000000000e+04
-1.408200000000000000e+04,-6.318000000000000000e+03,-1.479000000000000000e+04,6.519000000000000000e+03,-2.783800000000000000e+04,-1.540700000000000000e+04,-1.953200000000000000e+04,-2.605300000000000000e+04
-1.957900000000000000e+04,-1.862100000000000000e+04,-1.901900000000000000e+04,-1.759700000000000000e+04,-1.828900000000000000e+04,-1.865600000000000000e+04,2.481600000000000000e+04,-2.558200000000000000e+04
-1.415100000000000000e+04,-2.186200000000000000e+04,-1.873200000000000000e+04,8.359000000000000000e+03,2.204000000000000000e+03,-5.243000000000000000e+03,-1.673000000000000000e+04,-2.231900000000000000e+04
-1.760200000000000000e+04,-1.437800000000000000e+04,-8.069000000000000000e+03,-2.073900000000000000e+04,-1.890700000000000000e+04,-2.257100000000000000e+04,1.770700000000000000e+04,-1.772000000000000000e+04
-2.151200000000000000e+04,-1.399000000000000000e+04,-2.226400000000000000e+04,-2.522300000000000000e+04,-2.292300000000000000e+04,-1.984300000000000000e+04,1.904800000000000000e+04,-2.659300000000000000e+04
-1.092500000000000000e+04,-1.467000000000000000e+04,-1.241600000000000000e+04,1.299500000000000000e+04,-2.386000000000000000e+04,-2.241900000000000000e+04,-1.765400000000000000e+04,-2.366600000000000000e+04
6.310000000000000000e+02,-1.936300000000000000e+04,-1.748700000000000000e+04,-2.075100000000000000e+04,-2.750000000000000000e+03,-3.860000000000000000e+02,-1.867300000000000000e+04,-2.008100000000000000e+04
-2.006900000000000000e+04,3.491400000000000000e+04,-1.925600000000000000e+04,-9.183000000000000000e+03,-2.496400000000000000e+04,-3.167000000000000000e+04,-1.815300000000000000e+04,-1.790900000000000000e+04
-2.070100000000000000e+04,-1.776600000000000000e+04,-1.339200000000000000e+04,-1.378800000000000000e+04,-1.817800000000000000e+04,-2.030000000000000000e+04,1.428900000000000000e+04,-1.992900000000000000e+04
-2.102300000000000000e+04,-1.439500000000000000e+04,-1.230300000000000000e+04,-1.261000000000000000e+04,-1.554700000000000000e+04,-2.343300000000000000e+04,-1.747400000000000000e+04,1.622200000000000000e+04
-1.603500000000000000e+04,2.609600000000000000e+04,-1.708400000000000000e+04,-1.364400000000000000e+04,-1.663400000000000000e+04,-2.531600000000000000e+04,-1.598000000000000000e+04,-1.359600000000000000e+04
-5.718000000000000000e+03,-2.024600000000000000e+04,-1.747600000000000000e+04,7.294000000000000000e+03,-8.434000000000000000e+03,4.972000000000000000e+03,-1.561300000000000000e+04,-1.469700000000000000e+04
-5.880000000000000000e+03,2.289100000000000000e+04,-2.134500000000000000e+04,-1.938400000000000000e+04,-2.195200000000000000e+04,-4.670200000000000000e+04,-3.054200000000000000e+04,-2.010200000000000000e+04
-7.381000000000000000e+03,3.177000000000000000e+03,-2.799000000000000000e+04,2.026000000000000000e+03,-1.253000000000000000e+04,-1.892900000000000000e+04,-1.261600000000000000e+04,-1.916100000000000000e+04
-2.397700000000000000e+04,-1.506300000000000000e+04,-8.545000000000000000e+03,-8.113000000000000000e+03,-1.388300000000000000e+04,-2.054600000000000000e+04,-1.444300000000000000e+04,1.278400000000000000e+04
-3.318900000000000000e+04,-1.821800000000000000e+04,-9.877000000000000000e+03,-1.198500000000000000e+04,-2.672400000000000000e+04,-2.272100000000000000e+04,1.706100000000000000e+04,-2.326800000000000000e+04
-1.614700000000000000e+04,-1.913200000000000000e+04,-1.661700000000000000e+04,8.500000000000000000e+02,-2.006200000000000000e+04,1.443200000000000000e+04,-1.618300000000000000e+04,-2.235600000000000000e+04
-3.054100000000000000e+04,-1.596700000000000000e+04,-2.427700000000000000e+04,-1.590100000000000000e+04,-2.553200000000000000e+04,-1.358600000000000000e+04,2.124600000000000000e+04,-2.844900000000000000e+04
3.970000000000000000e+02,-1.885600000000000000e+04,-1.837300000000000000e+04,2.479000000000000000e+03,-1.424600000000000000e+04,-1.358900000000000000e+04,-3.123000000000000000e+03,-1.913200000000000000e+04
7.955000000000000000e+03,-1.240800000000000000e+04,-2.598400000000000000e+04,-4.440000000000000000e+03,-2.267100000000000000e+04,-2.196000000000000000e+03,-2.336900000000000000e+04,-2.241600000000000000e+04
1.034500000000000000e+04,-1.443700000000000000e+04,-2.003200000000000000e+04,-5.030000000000000000e+02,-2.393100000000000000e+04,2.210000000000000000e+03,-2.379400000000000000e+04,-2.369200000000000000e+04
-1.829400000000000000e+04,2.212600000000000000e+04,-1.710300000000000000e+04,-2.903300000000000000e+04,-2.886000000000000000e+04,-1.670900000000000000e+04,-1.506100000000000000e+04,-2.728200000000000000e+04
-1.620100000000000000e+04,-1.574100000000000000e+04,-2.162000000000000000e+04,-2.491500000000000000e+04,-2.265000000000000000e+04,-1.318500000000000000e+04,1.976800000000000000e+04,-2.223000000000000000e+04
-2.106600000000000000e+04,2.873100000000000000e+04,-2.011200000000000000e+04,-2.418800000000000000e+04,-2.487700000000000000e+04,-3.475500000000000000e+04,-1.824100000000000000e+04,-1.861900000000000000e+04
-2.811800000000000000e+04,-1.522800000000000000e+04,-1.315900000000000000e+04,-1.836400000000000000e+04,-1.641800000000000000e+04,-1.431600000000000000e+04,-1.934300000000000000e+04,1.892800000000000000e+04
-2.520800000000000000e+04,-1.783000000000000000e+04,-1.013500000000000000e+04,-1.244300000000000000e+04,-1.523600000000000000e+04,-1.835000000000000000e+04,-2.053500000000000000e+04,1.526500000000000000e+04
-1.630500000000000000e+04,-1.260900000000000000e+04,-1.467200000000000000e+04,-1.836200000000000000e+04,-1.168600000000000000e+04,-2.712000000000000000e+04,-1.768100000000000000e+04,1.523100000000000000e+04
-1.579600000000000000e+04,-2.549500000000000000e+04,-1.288800000000000000e+04,5.045000000000000000e+03,-2.233500000000000000e+04,-1.479400000000000000e+04,-1.445100000000000000e+04,-2.186400000000000000e+04
-2.680400000000000000e+04,-1.443000000000000000e+04,-1.445700000000000000e+04,1.182000000000000000e+04,-2.982300000000000000e+04,-2.100000000000000000e+04,-2.057300000000000000e+04,-2.042200000000000000e+04
1.869400000000000000e+04,-1.644600000000000000e+04,-1.931800000000000000e+04,-1.162500000000000000e+04,-1.625500000000000000e+04,-1.420000000000000000e+04,-1.762100000000000000e+04,-2.744100000000000000e+04
-2.036200000000000000e+04,1.734600000000000000e+04,-1.559400000000000000e+04,-2.266100000000000000e+04,-2.230100000000000000e+04,-2.491000000000000000e+04,-1.600500000000000000e+04,-2.152900000000000000e+04
-5.300000000000000000e+01,-1.968900000000000000e+04,-9.563000000000000000e+03,3.297000000000000000e+03,-3.045400000000000000e+04,-1.643300000000000000e+04,-1.588000000000000000e+04,-2.646500000000000000e+04
-3.227900000000000000e+04,1.009100000000000000e+04,-1.393200000000000000e+04,-1.604600000000000000e+04,-2.846900000000000000e+04,-1.662200000000000000e+04,-8.960000000000000000e+03,-1.145900000000000000e+04
-6.225000000000000000e+03,-1.387900000000000000e+04,-2.195400000000000000e+04,1.148000000000000000e+03,-2.610000000000000000e+02,-3.469000000000000000e+03,-2.178000000000000000e+04,-1.323100000000000000e+04
-3.088800000000000000e+04,2.216000000000000000e+04,-2.353100000000000000e+04,-2.327700000000000000e+04,-2.313600000000000000e+04,-2.287800000000000000e+04,-1.099600000000000000e+04,-1.667200000000000000e+04
-2.155500000000000000e+04,-3.060700000000000000e+04,2.818200000000000000e+04,-2.034300000000000000e+04,-2.137300000000000000e+04,-3.083900000000000000e+04,-1.644100000000000000e+04,-1.863900000000000000e+04
1.328000000000000000e+04,-1.771400000000000000e+04,-9.559000000000000000e+03,1.348000000000000000e+03,-1.186500000000000000e+04,-3.537000000000000000e+03,-1.581500000000000000e+04,-1.999900000000000000e+04
-1.391700000000000000e+04,-1.836600000000000000e+04,-1.310200000000000000e+04,7.675000000000000000e+03,-2.196800000000000000e+04,-1.174900000000000000e+04,-2.228900000000000000e+04,-2.002600000000000000e+04
-2.196200000000000000e+04,-2.042200000000000000e+04,-1.159400000000000000e+04,-1.071400000000000000e+04,-8.754000000000000000e+03,2.540500000000000000e+04,-1.740800000000000000e+04,-1.445600000000000000e+04
-2.709900000000000000e+04,-2.280000000000000000e+04,1.106900000000000000e+04,-2.963800000000000000e+04,-2.135900000000000000e+04,-2.585800000000000000e+04,-1.289600000000000000e+04,-1.594700000000000000e+04
-2.413700000000000000e+04,3.073700000000000000e+04,-1.948400000000000000e+04,-2.359800000000000000e+04,-1.813300000000000000e+04,-3.240800000000000000e+04,-2.692200000000000000e+04,-2.043200000000000000e+04
-1.658700000000000000e+04,-1.986300000000000000e+04,-1.001500000000000000e+04,-3.404000000000000000e+03,-2.259400000000000000e+04,-2.110100000000000000e+04,5.663000000000000000e+03,-2.151900000000000000e+04
-1.712700000000000000e+04,-1.695400000000000000e+04,-1.867200000000000000e+04,-1.433500000000000000e+04,-1.953200000000000000e+04,-2.259300000000000000e+04,1.802400000000000000e+04,-2.280400000000000000e+04
-1.028200000000000000e+04,-1.717500000000000000e+04,-2.117600000000000000e+04,-1.640700000000000000e+04,2.543700000000000000e+04,-3.120500000000000000e+04,-1.928100000000000000e+04,-2.065300000000000000e+04
-1.371800000000000000e+04,-2.483000000000000000e+04,-1.739300000000000000e+04,8.875000000000000000e+03,-1.052700000000000000e+04,-7.397000000000000000e+03,-1.758700000000000000e+04,-2.211900000000000000e+04
-1.520800000000000000e+04,-2.270400000000000000e+04,-6.986000000000000000e+03,-1.696800000000000000e+04,-3.671000000000000000e+03,-2.647400000000000000e+04,-9.063000000000000000e+03,-2.125600000000000000e+04
-3.873100000000000000e+04,-1.989100000000000000e+04,-7.974000000000000000e+03,-1.621700000000000000e+04,-1.524500000000000000e+04,-6.209000000000000000e+03,-1.348500000000000000e+04,1.143200000000000000e+04
-2.433400000000000000e+04,-1.630400000000000000e+04,-1.491500000000000000e+04,-1.745000000000000000e+04,-1.513800000000000000e+04,-2.506800000000000000e+04,-1.519400000000000000e+04,1.473500000000000000e+04
3.154000000000000000e+03,-1.870500000000000000e+04,-2.249600000000000000e+04,5.612000000000000000e+03,-1.909000000000000000e+03,-1.350600000000000000e+04,-1.766700000000000000e+04,-2.396600000000000000e+04
-1.197700000000000000e+04,-1.994700000000000000e+04,-1.479800000000000000e+04,-1.178400000000000000e+04,1.738800000000000000e+04,-1.855700000000000000e+04,-1.753800000000000000e+04,-1.532000000000000000e+04
-1.870100000000000000e+04,1.091800000000000000e+04,-1.882700000000000000e+04,3.739000000000000000e+03,-3.400400000000000000e+04,-2.995300000000000000e+04,-1.884900000000000000e+04,-1.913000000000000000e+04
-1.712000000000000000e+04,-1.764400000000000000e+04,-1.919200000000000000e+04,-1.779100000000000000e+04,-9.903000000000000000e+03,-2.780300000000000000e+04,-1.482300000000000000e+04,1.895000000000000000e+04
-1.467100000000000000e+04,-1.878400000000000000e+04,8.660000000000000000e+02,-1.838900000000000000e+04,1.427000000000000000e+03,-3.146600000000000000e+04,-1.891400000000000000e+04,-1.512300000000000000e+04
-2.251800000000000000e+04,3.406400000000000000e+04,-2.367600000000000000e+04,-3.374500000000000000e+04,-2.426600000000000000e+04,-3.316100000000000000e+04,-1.822200000000000000e+04,-2.083100000000000000e+04
-1.678000000000000000e+04,-2.264100000000000000e+04,-8.811000000000000000e+03,1.379300000000000000e+04,-1.799000000000000000e+04,-1.163800000000000000e+04,-2.191600000000000000e+04,-1.917100000000000000e+04
-1.677000000000000000e+04,-1.455100000000000000e+04,-1.210700000000000000e+04,5.358000000000000000e+03,-2.244500000000000000e+04,-1.717500000000000000e+04,-2.063800000000000000e+04,-1.932400000000000000e+04
-1.211800000000000000e+04,-1.804100000000000000e+04,-2.822800000000000000e+04,-9.563000000000000000e+03,2.062000000000000000e+04,-2.339200000000000000e+04,-2.276900000000000000e+04,-2.228600000000000000e+04
-1.083600000000000000e+04,-3.124500000000000000e+04,-1.397600000000000000e+04,1.240200000000000000e+04,-2.118700000000000000e+04,-1.082100000000000000e+04,-1.118700000000000000e+04,-2.618300000000000000e+04
-2.391500000000000000e+04,-1.885100000000000000e+04,-1.739800000000000000e+04,-2.245100000000000000e+04,-2.525700000000000000e+04,-1.879300000000000000e+04,1.715500000000000000e+04,-2.510800000000000000e+04
-1.514900000000000000e+04,2.268900000000000000e+04,-1.912800000000000000e+04,-1.715500000000000000e+04,-2.655600000000000000e+04,-2.987300000000000000e+04,-1.072400000000000000e+04,-1.824700000000000000e+04
2.731000000000000000e+03,-6.721000000000000000e+03,-1.883900000000000000e+04,-4.167000000000000000e+03,-2.648300000000000000e+04,-2.173400000000000000e+04,-1.351400000000000000e+04,-2.834700000000000000e+04
-1.525800000000000000e+04,-1.879800000000000000e+04,-1.281400000000000000e+04,-1.259400000000000000e+04,-1.008300000000000000e+04,-1.743900000000000000e+04,8.637000000000000000e+03,-1.877400000000000000e+04
-2.902600000000000000e+04,1.915600000000000000e+04,-2.122300000000000000e+04,-2.252400000000000000e+04,-2.381800000000000000e+04,-2.498900000000000000e+04,-4.990000000000000000e+03,-1.597200000000000000e+04
-1.687500000000000000e+04,-2.148200000000000000e+04,-1.457300000000000000e+04,6.608000000000000000e+03,-1.770200000000000000e+04,-8.220000000000000000e+02,-2.095600000000000000e+04,-1.741700000000000000e+04
-1.533600000000000000e+04,-1.649000000000000000e+04,-1.728700000000000000e+04,-1.105700000000000000e+04,-5.033000000000000000e+03,2.337600000000000000e+04,-2.219800000000000000e+04,-1.162900000000000000e+04
-3.798000000000000000e+03,8.375000000000000000e+03,-2.039000000000000000e+04,-2.088600000000000000e+04,-1.612900000000000000e+04,-1.920700000000000000e+04,-1.801900000000000000e+04,-1.765700000000000000e+04
-1.191300000000000000e+04,-1.208100000000000000e+04,-1.735500000000000000e+04,-1.848600000000000000e+04,-1.481600000000000000e+04,-2.052300000000000000e+04,-1.518400000000000000e+04,1.475400000000000000e+04
-1.118500000000000000e+04,-2.592400000000000000e+04,-1.808400000000000000e+04,7.374000000000000000e+03,-1.719500000000000000e+04,-3.999000000000000000e+03,-8.606000000000000000e+03,-2.435300000000000000e+04
-1.928200000000000000e+04,-1.913600000000000000e+04,-1.170800000000000000e+04,-9.108000000000000000e+03,5.932000000000000000e+03,-1.350800000000000000e+04,-2.273700000000000000e+04,-1.891500000000000000e+04
-1.946700000000000000e+04,-1.567400000000000000e+04,-9.871000000000000000e+03,-1.349300000000000000e+04,-1.344300000000000000e+04,-2.154600000000000000e+04,-1.914900000000000000e+04,1.362400000000000000e+04
-1.989200000000000000e+04,2.775200000000000000e+04,-1.623100000000000000e+04,-3.672100000000000000e+04,-2.602000000000000000e+04,-3.816300000000000000e+04,-1.762100000000000000e+04,-2.480800000000000000e+04
1.126100000000000000e+04,-2.477000000000000000e+03,-2.153000000000000000e+04,-3.384000000000000000e+03,-1.691200000000000000e+04,-1.485900000000000000e+04,-2.097900000000000000e+04,-1.842100000000000000e+04
-6.236000000000000000e+03,-1.193800000000000000e+04,-1.261500000000000000e+04,1.186600000000000000e+04,-1.250900000000000000e+04,-1.619600000000000000e+04,-1.365100000000000000e+04,-1.487900000000000000e+04
-2.936600000000000000e+04,-2.352000000000000000e+04,3.879500000000000000e+04,-2.344000000000000000e+04,-2.691100000000000000e+04,-3.076500000000000000e+04,-1.866400000000000000e+04,-1.876600000000000000e+04
-6.413000000000000000e+03,-1.256300000000000000e+04,1.748600000000000000e+04,-1.632500000000000000e+04,-1.572300000000000000e+04,-1.999200000000000000e+04,-1.236200000000000000e+04,-1.245300000000000000e+04
-1.609400000000000000e+04,-1.323200000000000000e+04,-2.255500000000000000e+04,-6.313000000000000000e+03,1.590600000000000000e+04,-1.313000000000000000e+04,-1.794100000000000000e+04,-2.160400000000000000e+04
-6.853000000000000000e+03,-1.941200000000000000e+04,-1.439300000000000000e+04,-7.748000000000000000e+03,6.803000000000000000e+03,-1.524000000000000000e+04,-2.331200000000000000e+04,-1.695400000000000000e+04
-1.864700000000000000e+04,-2.148900000000000000e+04,-8.841000000000000000e+03,7.884000000000000000e+03,-3.139000000000000000e+04,-7.778000000000000000e+03,-1.963500000000000000e+04,-2.657400000000000000e+04
-1.994900000000000000e+04,1.775000000000000000e+04,-2.407400000000000000e+04,-2.821400000000000000e+04,-1.742600000000000000e+04,-3.104100000000000000e+04,-1.680100000000000000e+04,-1.802100000000000000e+04
-1.728400000000000000e+04,-1.209400000000000000e+04,2.036000000000000000e+04,-1.153800000000000000e+04,-1.761000000000000000e+04,-1.647900000000000000e+04,-1.160500000000000000e+04,-1.095600000000000000e+04
-1.447400000000000000e+04,1.296500000000000000e+04,-1.854300000000000000e+04,-9.910000000000000000e+03,-2.113400000000000000e+04,-1.975300000000000000e+04,-1.534400000000000000e+04,-1.837300000000000000e+04
-2.140600000000000000e+04,-1.335100000000000000e+04,-1.985600000000000000e+04,-1.900000000000000000e+04,-1.305700000000000000e+04,-2.378300000000000000e+04,-1.318300000000000000e+04,1.528100000000000000e+04
-1.767500000000000000e+04,-1.205200000000000000e+04,-1.800100000000000000e+04,-1.869200000000000000e+04,-1.423300000000000000e+04,-2.817500000000000000e+04,-1.586800000000000000e+04,1.861600000000000000e+04
-1.323100000000000000e+04,-1.924100000000000000e+04,4.129000000000000000e+03,-2.653900000000000000e+04,-1.306000000000000000e+04,-3.646800000000000000e+04,-1.660400000000000000e+04,-1.128300000000000000e+04
-2.241400000000000000e+04,-2.177200000000000000e+04,-1.161400000000000000e+04,-2.418200000000000000e+04,-1.085300000000000000e+04,2.269000000000000000e+04,-1.808000000000000000e+04,-1.415400000000000000e+04
-1.120000000000000000e+02,-1.420100000000000000e+04,-1.505800000000000000e+04,-3.867000000000000000e+03,-1.767600000000000000e+04,-7.091000000000000000e+03,-1.949300000000000000e+04,-2.488600000000000000e+04
-1.864700000000000000e+04,-1.695900000000000000e+04,-2.267000000000000000e+03,-3.080500000000000000e+04,6.474000000000000000e+03,-2.576800000000000000e+04,-1.578900000000000000e+04,-1.520800000000000000e+04
-2.372800000000000000e+04,-1.886000000000000000e+04,-1.031200000000000000e+04,-1.172800000000000000e+04,-1.129100000000000000e+04,-1.875200000000000000e+04,-1.469600000000000000e+04,1.648300000000000000e+04
-2.660100000000000000e+04,-1.844900000000000000e+04,-1.366500000000000000e+04,2.126500000000000000e+04,-2.309200000000000000e+04,-9.423000000000000000e+03,-2.229900000000000000e+04,-1.937100000000000000e+04
-2.270300000000000000e+04,-2.031600000000000000e+04,2.478000000000000000e+04,-2.700300000000000000e+04,-1.804400000000000000e+04,-3.141200000000000000e+04,-1.592400000000000000e+04,-1.572100000000000000e+04
-1.900000000000000000e+04,-9.123000000000000000e+03,-1.731900000000000000e+04,-1.868900000000000000e+04,-1.113200000000000000e+04,-5.028000000000000000e+03,1.084600000000000000e+04,-2.142500000000000000e+04
-3.732000000000000000e+04,-2.728300000000000000e+04,2.752600000000000000e+04,-4.108000000000000000e+03,-1.558000000000000000e+04,-4.763000000000000000e+03,-1.532100000000000000e+04,-2.087000000000000000e+04
-9.445000000000000000e+03,-2.563500000000000000e+04,-1.791300000000000000e+04,5.452000000000000000e+03,-1.639800000000000000e+04,7.180000000000000000e+02,-2.214100000000000000e+04,-2.252100000000000000e+04
-9.690000000000000000e+03,-2.028700000000000000e+04,-8.538000000000000000e+03,-1.101000000000000000e+03,-1.192900000000000000e+04,-1.237000000000000000e+04,-1.419100000000000000e+04,-2.254200000000000000e+04
-2.748400000000000000e+04,-1.396200000000000000e+04,-7.737000000000000000e+03,-1.390400000000000000e+04,-2.360000000000000000e+04,-1.248900000000000000e+04,4.251000000000000000e+03,-2.846100000000000000e+04
-1.576500000000000000e+04,-1.798900000000000000e+04,-1.906700000000000000e+04,-1.221800000000000000e+04,-1.667100000000000000e+04,8.283000000000000000e+03,-1.406400000000000000e+04,-1.926100000000000000e+04
-1.887700000000000000e+04,-1.844700000000000000e+04,-1.151000000000000000e+04,-2.118700000000000000e+04,-1.749300000000000000e+04,-2.162700000000000000e+04,1.179900000000000000e+04,-1.974700000000000000e+04
-2.300600000000000000e+04,-1.795600000000000000e+04,-1.523900000000000000e+04,-2.057300000000000000e+04,-1.818500000000000000e+04,-2.154300000000000000e+04,2.198400000000000000e+04,-2.327600000000000000e+04
9.638000000000000000e+03,-1.797400000000000000e+04,-1.833500000000000000e+04,-1.406800000000000000e+04,-1.471000000000000000e+04,-8.129000000000000000e+03,-1.687800000000000000e+04,-2.247700000000000000e+04
-6.648000000000000000e+03,-1.408600000000000000e+04,-2.498000000000000000e+04,-2.621000000000000000e+03,-7.708000000000000000e+03,-1.437200000000000000e+04,-1.176200000000000000e+04,-1.965000000000000000e+04
-1.826200000000000000e+04,-1.718900000000000000e+04,-1.248600000000000000e+04,-1.117300000000000000e+04,-2.685000000000000000e+04,-3.544400000000000000e+04,1.046300000000000000e+04,-2.709500000000000000e+04
-1.295100000000000000e+04,-1.194600000000000000e+04,3.166000000000000000e+03,-1.247200000000000000e+04,-1.075600000000000000e+04,-1.747800000000000000e+04,-1.131500000000000000e+04,5.143000000000000000e+03
-2.524500000000000000e+04,-1.774600000000000000e+04,-1.898000000000000000e+04,-2.370600000000000000e+04,-2.295700000000000000e+04,-1.703300000000000000e+04,2.464400000000000000e+04,-2.400300000000000000e+04
-2.349900000000000000e+04,-1.672900000000000000e+04,-1.365900000000000000e+04,-4.093000000000000000e+03,-2.354700000000000000e+04,-1.704000000000000000e+03,-2.060800000000000000e+04,-2.492600000000000000e+04
-2.618500000000000000e+04,-1.803900000000000000e+04,-1.446500000000000000e+04,-1.774300000000000000e+04,-1.494400000000000000e+04,-2.166400000000000000e+04,-1.993200000000000000e+04,1.749000000000000000e+04
-1.637300000000000000e+04,-1.820500000000000000e+04,-1.510900000000000000e+04,1.034400000000000000e+04,-5.615000000000000000e+03,-4.461000000000000000e+03,-1.707800000000000000e+04,-2.176600000000000000e+04
-1.421000000000000000e+04,2.059700000000000000e+04,-1.793300000000000000e+04,-2.153900000000000000e+04,-1.782800000000000000e+04,-2.642200000000000000e+04,-2.321900000000000000e+04,-1.409300000000000000e+04
-1.671500000000000000e+04,-1.630300000000000000e+04,-1.368800000000000000e+04,-2.449100000000000000e+04,-1.373000000000000000e+04,-2.433200000000000000e+04,-1.598600000000000000e+04,1.642700000000000000e+04
-7.527000000000000000e+03,2.139700000000000000e+04,-1.832900000000000000e+04,-2.815300000000000000e+04,-2.236000000000000000e+04,-3.710500000000000000e+04,-1.425400000000000000e+04,-2.158000000000000000e+04
-6.827000000000000000e+03,-1.671000000000000000e+04,-1.563200000000000000e+04,-2.830800000000000000e+04,6.676000000000000000e+03,-1.563800000000000000e+04,-2.315200000000000000e+04,-1.799800000000000000e+04
-2.631500000000000000e+04,-1.760000000000000000e+04,-1.346700000000000000e+04,-1.844300000000000000e+04,-1.493500000000000000e+04,-2.237800000000000000e+04,-1.785700000000000000e+04,1.534200000000000000e+04
-1.624800000000000000e+04,-2.771800000000000000e+04,2.618200000000000000e+04,-2.222400000000000000e+04,-2.419400000000000000e+04,-1.990100000000000000e+04,-1.574300000000000000e+04,-2.020400000000000000e+04
-2.064400000000000000e+04,-3.074900000000000000e+04,2.137000000000000000e+04,-1.724800000000000000e+04,-2.545600000000000000e+04,-2.997900000000000000e+04,-1.388000000000000000e+04,-2.067100000000000000e+04
-2.919900000000000000e+04,-2.494000000000000000e+04,1.409200000000000000e+04,-1.764600000000000000e+04,-1.428600000000000000e+04,-1.770500000000000000e+04,-2.009900000000000000e+04,-2.074100000000000000e+04
-7.111000000000000000e+03,-1.550500000000000000e+04,-1.383300000000000000e+04,-5.473000000000000000e+03,-9.529000000000000000e+03,-1.070000000000000000e+03,-2.386900000000000000e+04,-1.532000000000000000e+04
-1.165000000000000000e+04,-1.878600000000000000e+04,-1.731900000000000000e+04,-9.595000000000000000e+03,-2.187300000000000000e+04,6.290000000000000000e+03,-2.159400000000000000e+04,-2.184000000000000000e+04
-8.520000000000000000e+03,-2.399100000000000000e+04,-1.926300000000000000e+04,-5.353000000000000000e+03,5.903000000000000000e+03,-1.384700000000000000e+04,-1.736200000000000000e+04,-1.844300000000000000e+04
-2.052900000000000000e+04,6.727000000000000000e+03,-1.928300000000000000e+04,-1.314800000000000000e+04,-2.399600000000000000e+04,-2.424800000000000000e+04,-4.876000000000000000e+03,-2.306000000000000000e+04
-5.827000000000000000e+03,-1.845800000000000000e+04,-1.954700000000000000e+04,7.653000000000000000e+03,-2.117900000000000000e+04,-6.339000000000000000e+03,-2.374200000000000000e+04,-2.375700000000000000e+04
-1.930400000000000000e+04,2.484400000000000000e+04,-2.481700000000000000e+04,-2.416100000000000000e+04,-3.250800000000000000e+04,-3.764700000000000000e+04,-1.671800000000000000e+04,-2.160000000000000000e+04
-1.619700000000000000e+04,-1.609500000000000000e+04,-2.018500000000000000e+04,-2.169700000000000000e+04,2.567900000000000000e+04,-2.750600000000000000e+04,-1.905200000000000000e+04,-1.708700000000000000e+04
-2.215900000000000000e+04,2.478500000000000000e+04,-1.744800000000000000e+04,-1.813300000000000000e+04,-1.895600000000000000e+04,-1.872900000000000000e+04,-2.149900000000000000e+04,-2.324100000000000000e+04
-1.863100000000000000e+04,-1.796800000000000000e+04,2.129700000000000000e+04,-2.425900000000000000e+04,-1.122200000000000000e+04,-2.560600000000000000e+04,-1.686800000000000000e+04,-1.711300000000000000e+04
-2.250300000000000000e+04,2.327100000000000000e+04,-1.845400000000000000e+04,-2.843600000000000000e+04,-3.029000000000000000e+04,-3.033400000000000000e+04,-1.219200000000000000e+04,-2.222200000000000000e+04
-1.007100000000000000e+04,1.621500000000000000e+04,-1.550100000000000000e+04,-1.199300000000000000e+04,-2.139000000000000000e+04,-3.209400000000000000e+04,-1.180300000000000000e+04,-1.607000000000000000e+04
-2.095700000000000000e+04,-1.601600000000000000e+04,-1.101200000000000000e+04,-2.103400000000000000e+04,-2.157300000000000000e+04,-2.574600000000000000e+04,1.706300000000000000e+04,-1.428400000000000000e+04
-1.745200000000000000e+04,-2.430700000000000000e+04,-1.615100000000000000e+04,-1.197900000000000000e+04,-2.391800000000000000e+04,-2.982600000000000000e+04,2.024900000000000000e+04,-2.844600000000000000e+04
-1.547100000000000000e+04,1.068200000000000000e+04,-2.020400000000000000e+04,-8.614000000000000000e+03,-2.111800000000000000e+04,-2.560900000000000000e+04,-1.093800000000000000e+04,-1.827000000000000000e+04
8.370000000000000000e+02,-2.093300000000000000e+04,-2.097500000000000000e+04,-9.570000000000000000e+02,4.550000000000000000e+02,-2.039800000000000000e+04,-1.335100000000000000e+04,-1.807700000000000000e+04
-1.671700000000000000e+04,1.113000000000000000e+03,-2.075900000000000000e+04,-1.015000000000000000e+04,-2.576600000000000000e+04,-2.236200000000000000e+04,-3.813000000000000000e+03,-2.410500000000000000e+04
-1.763300000000000000e+04,3.514400000000000000e+04,-1.819400000000000000e+04,-2.033100000000000000e+04,-1.898700000000000000e+04,-2.805500000000000000e+04,-2.385900000000000000e+04,-1.423800000000000000e+04
-1.236700000000000000e+04,-1.494000000000000000e+03,-2.094200000000000000e+04,-8.353000000000000000e+03,-1.416500000000000000e+04,-7.427000000000000000e+03,-1.144900000000000000e+04,-1.685900000000000000e+04
-6.489000000000000000e+03,1.710500000000000000e+04,-2.013600000000000000e+04,-2.379100000000000000e+04,-2.234000000000000000e+04,-2.250600000000000000e+04,-9.104000000000000000e+03,-2.993500000000000000e+04
-2.384700000000000000e+04,2.088400000000000000e+04,-1.703200000000000000e+04,-2.544800000000000000e+04,-3.007500000000000000e+04,-1.563300000000000000e+04,-9.357000000000000000e+03,-2.400500000000000000e+04
-2.197100000000000000e+04,-1.699400000000000000e+04,-2.128500000000000000e+04,-2.851200000000000000e+04,-2.192200000000000000e+04,-2.371900000000000000e+04,2.220400000000000000e+04,-2.277800000000000000e+04
-2.360900000000000000e+04,-2.707100000000000000e+04,1.107700000000000000e+04,-1.914800000000000000e+04,-1.784800000000000000e+04,-2.713800000000000000e+04,-9.940000000000000000e+03,-1.857400000000000000e+04
-1.515700000000000000e+04,2.768100000000000000e+04,-1.619800000000000000e+04,-1.741300000000000000e+04,-2.700900000000000000e+04,-3.962900000000000000e+04,-1.743200000000000000e+04,-2.594600000000000000e+04
2.294000000000000000e+04,-2.145800000000000000e+04,-1.402900000000000000e+04,-1.074800000000000000e+04,-3.443100000000000000e+04,-2.407600000000000000e+04,-9.991000000000000000e+03,-2.737000000000000000e+04
-2.564100000000000000e+04,-7.798000000000000000e+03,-4.871000000000000000e+03,-2.579500000000000000e+04,-2.559800000000000000e+04,-2.386400000000000000e+04,5.649000000000000000e+03,-2.990900000000000000e+04
-2.565900000000000000e+04,1.788400000000000000e+04,-2.351400000000000000e+04,-1.613500000000000000e+04,-2.279900000000000000e+04,-2.457000000000000000e+04,-4.983000000000000000e+03,-1.671200000000000000e+04
-2.085000000000000000e+04,-1.256700000000000000e+04,-1.527400000000000000e+04,-1.418800000000000000e+04,-1.493400000000000000e+04,-2.876200000000000000e+04,-1.622700000000000000e+04,1.559700000000000000e+04
-1.554400000000000000e+04,-1.790600000000000000e+04,-1.703500000000000000e+04,-1.223200000000000000e+04,1.387900000000000000e+04,-1.753000000000000000e+04,-2.540100000000000000e+04,-1.963600000000000000e+04
-1.309900000000000000e+04,1.356000000000000000e+04,-1.656200000000000000e+04,-1.791200000000000000e+04,-2.760700000000000000e+04,-2.192900000000000000e+04,-1.661100000000000000e+04,-2.257200000000000000e+04
-1.678700000000000000e+04,2.199800000000000000e+04,-2.054000000000000000e+04,-6.968000000000000000e+03,-1.857200000000000000e+04,-1.867800000000000000e+04,-1.884300000000000000e+04,-1.885000000000000000e+04
-7.923000000000000000e+03,-1.745400000000000000e+04,-1.813000000000000000e+04,9.515000000000000000e+03,-2.952500000000000000e+04,-6.827000000000000000e+03,-1.997400000000000000e+04,-2.768500000000000000e+04
-1.585000000000000000e+04,2.786000000000000000e+04,-1.409400000000000000e+04,-1.293000000000000000e+04,-1.922600000000000000e+04,-2.340600000000000000e+04,-1.964100000000000000e+04,-1.534000000000000000e+04
-1.873800000000000000e+04,-2.218500000000000000e+04,-1.643100000000000000e+04,6.371000000000000000e+03,-6.228000000000000000e+03,-1.260000000000000000e+03,-1.536000000000000000e+04,-1.193100000000000000e+04
2.052100000000000000e+04,-1.735100000000000000e+04,-1.576300000000000000e+04,-1.039300000000000000e+04,-2.201500000000000000e+04,-1.992000000000000000e+04,-2.307000000000000000e+04,-2.817300000000000000e+04
-2.486500000000000000e+04,-2.108300000000000000e+04,-9.192000000000000000e+03,-1.036200000000000000e+04,-7.159000000000000000e+03,-1.569200000000000000e+04,-1.388400000000000000e+04,1.389300000000000000e+04
-1.351000000000000000e+04,2.112700000000000000e+04,-1.613800000000000000e+04,-1.497900000000000000e+04,-1.806500000000000000e+04,-1.307900000000000000e+04,-2.172800000000000000e+04,-1.810100000000000000e+04
-1.909200000000000000e+04,-1.521200000000000000e+04,-1.308200000000000000e+04,-1.994700000000000000e+04,-1.649200000000000000e+04,-1.908000000000000000e+04,1.463500000000000000e+04,-1.555500000000000000e+04
-1.644700000000000000e+04,-1.120400000000000000e+04,-1.692300000000000000e+04,-2.508700000000000000e+04,-1.239000000000000000e+04,-2.797000000000000000e+04,-1.796400000000000000e+04,1.809900000000000000e+04
-2.721900000000000000e+04,-2.637000000000000000e+04,-1.107900000000000000e+04,-1.454500000000000000e+04,-1.148800000000000000e+04,1.981300000000000000e+04,-1.748100000000000000e+04,-1.941800000000000000e+04
-1.000600000000000000e+04,-1.800500000000000000e+04,-1.639500000000000000e+04,2.684000000000000000e+03,-1.621900000000000000e+04,2.319000000000000000e+03,-2.043200000000000000e+04,-2.190200000000000000e+04
-2.198500000000000000e+04,-1.839800000000000000e+04,-1.425000000000000000e+04,-1.499400000000000000e+04,-1.567100000000000000e+04,-2.445200000000000000e+04,-1.788600000000000000e+04,1.766900000000000000e+04
-5.905000000000000000e+03,-1.328000000000000000e+04,-1.625200000000000000e+04,-6.196000000000000000e+03,-2.214400000000000000e+04,-1.440100000000000000e+04,-1.467100000000000000e+04,-2.045300000000000000e+04
-2.623100000000000000e+04,-1.344200000000000000e+04,-1.324000000000000000e+04,-2.945000000000000000e+03,-2.246200000000000000e+04,-2.369900000000000000e+04,-1.800000000000000000e+03,-2.097400000000000000e+04
-2.272600000000000000e+04,-9.901000000000000000e+03,-1.284200000000000000e+04,-7.401000000000000000e+03,-1.759900000000000000e+04,6.562000000000000000e+03,-1.540800000000000000e+04,-1.756200000000000000e+04
-2.544200000000000000e+04,-1.991400000000000000e+04,-1.162400000000000000e+04,-1.463400000000000000e+04,-1.900300000000000000e+04,2.067200000000000000e+04,-1.813300000000000000e+04,-1.580100000000000000e+04
-2.971800000000000000e+04,-1.455500000000000000e+04,-1.805700000000000000e+04,-2.564800000000000000e+04,-1.889600000000000000e+04,-1.859200000000000000e+04,2.143100000000000000e+04,-1.828200000000000000e+04
-2.409200000000000000e+04,-1.869200000000000000e+04,-2.118400000000000000e+04,-2.455500000000000000e+04,-2.538600000000000000e+04,-1.785700000000000000e+04,2.237700000000000000e+04,-2.717900000000000000e+04
-2.213700000000000000e+04,-1.935500000000000000e+04,-1.511700000000000000e+04,-1.685100000000000000e+04,-2.888700000000000000e+04,-2.581900000000000000e+04,2.469800000000000000e+04,-2.805900000000000000e+04
-1.033700000000000000e+04,7.640000000000000000e+03,-1.813800000000000000e+04,-1.618300000000000000e+04,-1.598300000000000000e+04,-2.615300000000000000e+04,-8.897000000000000000e+03,-2.051600000000000000e+04
-1.304400000000000000e+04,8.250000000000000000e+03,-5.242000000000000000e+03,-1.073400000000000000e+04,-2.932200000000000000e+04,-3.349800000000000000e+04,-1.538400000000000000e+04,-2.034000000000000000e+04
-2.476200000000000000e+04,-1.442000000000000000e+04,-1.581700000000000000e+04,-1.876100000000000000e+04,-1.556000000000000000e+04,-2.148700000000000000e+04,-1.641800000000000000e+04,1.726100000000000000e+04
-2.382200000000000000e+04,-1.463300000000000000e+04,-1.266200000000000000e+04,-1.682800000000000000e+04,-1.976600000000000000e+04,-1.861600000000000000e+04,-1.530300000000000000e+04,1.620000000000000000e+04
-2.265400000000000000e+04,2.987500000000000000e+04,-2.711900000000000000e+04,-1.778500000000000000e+04,-1.742500000000000000e+04,-3.013100000000000000e+04,-2.018200000000000000e+04,-1.880100000000000000e+04
-2.087600000000000000e+04,-1.740600000000000000e+04,-1.224000000000000000e+04,-2.270400000000000000e+04,-1.633200000000000000e+04,-2.411100000000000000e+04,-1.493400000000000000e+04,1.734400000000000000e+04
-2.581800000000000000e+04,3.112400000000000000e+04,-2.422700000000000000e+04,-1.879000000000000000e+04,-2.464600000000000000e+04,-3.040900000000000000e+04,-2.135100000000000000e+04,-1.786600000000000000e+04
-1.731300000000000000e+04,-2.622600000000000000e+04,-1.545600000000000000e+04,5.124000000000000000e+03,-1.184500000000000000e+04,3.773000000000000000e+03,-1.730700000000000000e+04,-2.233700000000000000e+04
-1.600300000000000000e+04,-2.441800000000000000e+04,-4.562000000000000000e+03,1.702000000000000000e+03,-2.560000000000000000e+03,-1.459900000000000000e+04,-1.686200000000000000e+04,-2.265800000000000000e+04
-1.534600000000000000e+04,-1.779600000000000000e+04,1.149100000000000000e+04,-2.547500000000000000e+04,-1.388900000000000000e+04,-2.404100000000000000e+04,-1.668300000000000000e+04,-1.334900000000000000e+04
-2.964700000000000000e+04,-2.373300000000000000e+04,-1.720800000000000000e+04,-3.600000000000000000e+02,-2.757500000000000000e+04,9.990000000000000000e+03,-2.151700000000000000e+04,-2.335500000000000000e+04
-1.771600000000000000e+04,-1.402500000000000000e+04,-1.437200000000000000e+04,-2.731000000000000000e+04,-1.482400000000000000e+04,-2.730000000000000000e+04,-1.527600000000000000e+04,1.837800000000000000e+04
-1.746800000000000000e+04,2.680800000000000000e+04,-1.936000000000000000e+04,-2.484400000000000000e+04,-2.413200000000000000e+04,-2.715600000000000000e+04,-1.584200000000000000e+04,-2.000200000000000000e+04
-1.855700000000000000e+04,-1.751300000000000000e+04,-1.092200000000000000e+04,-2.565100000000000000e+04,-1.695600000000000000e+04,-2.180500000000000000e+04,7.268000000000000000e+03,-1.629700000000000000e+04
-2.376600000000000000e+04,-1.317300000000000000e+04,-1.660600000000000000e+04,1.014000000000000000e+03,-1.563000000000000000e+04,1.195000000000000000e+03,-6.235000000000000000e+03,-1.659000000000000000e+04
-2.984400000000000000e+04,-1.160600000000000000e+04,-1.504200000000000000e+04,-1.260400000000000000e+04,-2.316300000000000000e+04,-6.809000000000000000e+03,2.144300000000000000e+04,-2.377700000000000000e+04
-2.109600000000000000e+04,-2.480300000000000000e+04,3.373900000000000000e+04,-2.882000000000000000e+04,-2.048400000000000000e+04,-3.205600000000000000e+04,-1.159100000000000000e+04,-1.814900000000000000e+04
-2.154900000000000000e+04,-1.042600000000000000e+04,-1.426100000000000000e+04,-1.103200000000000000e+04,-1.004400000000000000e+04,-3.062100000000000000e+04,-1.455200000000000000e+04,1.213800000000000000e+04
-1.797400000000000000e+04,-2.041700000000000000e+04,-1.397800000000000000e+04,8.550000000000000000e+03,-2.780900000000000000e+04,-1.758800000000000000e+04,-1.252600000000000000e+04,-2.825300000000000000e+04
-2.851900000000000000e+04,1.203000000000000000e+04,-2.032100000000000000e+04,-1.964400000000000000e+04,-2.335800000000000000e+04,-2.294000000000000000e+04,-7.851000000000000000e+03,-1.887700000000000000e+04
-2.084300000000000000e+04,-1.245500000000000000e+04,-1.579300000000000000e+04,-2.318400000000000000e+04,-1.061400000000000000e+04,-2.354600000000000000e+04,-1.279000000000000000e+04,1.605100000000000000e+04
-2.554600000000000000e+04,-8.316000000000000000e+03,-1.761800000000000000e+04,-1.569000000000000000e+04,-2.813500000000000000e+04,-1.908100000000000000e+04,1.395100000000000000e+04,-2.087900000000000000e+04
-2.007300000000000000e+04,-1.902900000000000000e+04,-1.508900000000000000e+04,-1.680900000000000000e+04,1.618500000000000000e+04,-2.154500000000000000e+04,-1.293900000000000000e+04,-1.954600000000000000e+04
-1.998900000000000000e+04,-2.123900000000000000e+04,-1.595800000000000000e+04,-7.733000000000000000e+03,-5.236000000000000000e+03,2.120300000000000000e+04,-1.034700000000000000e+04,-1.690300000000000000e+04
-2.050800000000000000e+04,-2.722500000000000000e+04,-1.445700000000000000e+04,6.703000000000000000e+03,-2.590000000000000000e+04,-5.613000000000000000e+03,-2.373400000000000000e+04,-2.295200000000000000e+04
-2.203600000000000000e+04,-1.269800000000000000e+04,-1.544400000000000000e+04,-1.062300000000000000e+04,-2.145700000000000000e+04,-2.201600000000000000e+04,1.023500000000000000e+04,-2.009000000000000000e+04
-3.043100000000000000e+04,-8.332000000000000000e+03,-1.748600000000000000e+04,-1.212000000000000000e+04,-2.962200000000000000e+04,-2.650800000000000000e+04,1.348600000000000000e+04,-2.619800000000000000e+04
-3.021600000000000000e+04,2.088900000000000000e+04,-1.746700000000000000e+04,-2.012000000000000000e+04,-2.585000000000000000e+04,-2.751200000000000000e+04,-1.287700000000000000e+04,-2.416600000000000000e+04
-1.967300000000000000e+04,-1.831400000000000000e+04,-1.112000000000000000e+04,-1.529700000000000000e+04,-1.966300000000000000e+04,-2.275200000000000000e+04,1.535500000000000000e+04,-2.359800000000000000e+04
2.686000000000000000e+03,-1.019100000000000000e+04,-2.136300000000000000e+04,-2.424000000000000000e+03,-2.193400000000000000e+04,-1.314700000000000000e+04,-1.580900000000000000e+04,-1.672800000000000000e+04
-1.289500000000000000e+04,-1.351300000000000000e+04,-1.000700000000000000e+04,2.084000000000000000e+03,-2.828900000000000000e+04,-2.216200000000000000e+04,-8.010000000000000000e+02,-2.563900000000000000e+04
-6.350000000000000000e+02,2.236900000000000000e+04,-2.530800000000000000e+04,-8.273000000000000000e+03,-2.627100000000000000e+04,-4.263600000000000000e+04,-2.363500000000000000e+04,-2.104300000000000000e+04
-1.426600000000000000e+04,1.154900000000000000e+04,-2.952300000000000000e+04,-2.646000000000000000e+03,-1.648000000000000000e+04,-1.753700000000000000e+04,-1.412400000000000000e+04,-2.272000000000000000e+04
-2.881600000000000000e+04,1.357500000000000000e+04,-1.622100000000000000e+04,-1.344500000000000000e+04,-2.738100000000000000e+04,-2.252000000000000000e+04,-1.606800000000000000e+04,-2.369000000000000000e+04
-2.501800000000000000e+04,-1.911200000000000000e+04,-1.227200000000000000e+04,-7.693000000000000000e+03,-2.042600000000000000e+04,1.760700000000000000e+04,-1.511700000000000000e+04,-1.538200000000000000e+04
-1.002400000000000000e+04,-1.566600000000000000e+04,-1.223400000000000000e+04,-7.193000000000000000e+03,-1.709000000000000000e+04,-2.704300000000000000e+04,7.040000000000000000e+03,-1.813600000000000000e+04
-2.108400000000000000e+04,-2.131600000000000000e+04,-1.403800000000000000e+04,-2.670400000000000000e+04,-2.352900000000000000e+04,-1.627300000000000000e+04,2.063000000000000000e+04,-2.478000000000000000e+04
2.680000000000000000e+03,-1.521400000000000000e+04,-1.453400000000000000e+04,-4.254000000000000000e+03,-1.515500000000000000e+04,-9.240000000000000000e+03,-2.323300000000000000e+04,-2.188300000000000000e+04
-1.943600000000000000e+04,-1.893200000000000000e+04,5.893000000000000000e+03,-2.148000000000000000e+04,-1.874300000000000000e+04,-2.068700000000000000e+04,-5.631000000000000000e+03,-1.742600000000000000e+04
-2.360800000000000000e+04,-1.476100000000000000e+04,-1.720400000000000000e+04,-8.327000000000000000e+03,-2.514400000000000000e+04,-1.753600000000000000e+04,1.302500000000000000e+04,-2.017000000000000000e+04
-1.865900000000000000e+04,-1.896500000000000000e+04,-1.583900000000000000e+04,4.670000000000000000e+02,-1.384100000000000000e+04,1.211500000000000000e+04,-1.997200000000000000e+04,-2.107100000000000000e+04
-1.801600000000000000e+04,-1.229200000000000000e+04,-1.726000000000000000e+04,1.595900000000000000e+04,-1.925800000000000000e+04,-9.865000000000000000e+03,-2.485000000000000000e+04,-2.947200000000000000e+04
-2.952900000000000000e+04,2.758400000000000000e+04,-1.731200000000000000e+04,-2.342400000000000000e+04,-3.257400000000000000e+04,-3.245800000000000000e+04,-1.471000000000000000e+04,-2.619500000000000000e+04
-3.096900000000000000e+04,2.178400000000000000e+04,-1.684200000000000000e+04,-1.427900000000000000e+04,-1.646900000000000000e+04,-2.076900000000000000e+04,-1.315400000000000000e+04,-2.368900000000000000e+04
-2.630500000000000000e+04,-2.176200000000000000e+04,9.387000000000000000e+03,-2.479000000000000000e+04,2.224000000000000000e+03,-2.588300000000000000e+04,-2.368000000000000000e+04,-1.741200000000000000e+04
-2.208200000000000000e+04,-9.003000000000000000e+03,-1.765900000000000000e+04,-2.086200000000000000e+04,-9.383000000000000000e+03,-8.357000000000000000e+03,1.191000000000000000e+04,-1.718400000000000000e+04
-2.128500000000000000e+04,-1.951800000000000000e+04,-2.046900000000000000e+04,9.624000000000000000e+03,-2.290800000000000000e+04,-2.417000000000000000e+03,-1.140200000000000000e+04,-2.352700000000000000e+04
-1.352000000000000000e+04,-2.104800000000000000e+04,1.720000000000000000e+03,3.936000000000000000e+03,-2.518100000000000000e+04,-4.232000000000000000e+03,-1.826500000000000000e+04,-2.690300000000000000e+04
-2.186700000000000000e+04,-1.247000000000000000e+04,-1.908900000000000000e+04,-2.924700000000000000e+04,-1.655000000000000000e+04,-2.228200000000000000e+04,-1.379100000000000000e+04,1.896300000000000000e+04
-1.934500000000000000e+04,-1.272500000000000000e+04,-1.508000000000000000e+04,-2.269100000000000000e+04,-1.294900000000000000e+04,-2.220300000000000000e+04,-9.876000000000000000e+03,1.007200000000000000e+04
-1.258300000000000000e+04,-2.018800000000000000e+04,-1.647200000000000000e+04,5.638000000000000000e+03,-2.223100000000000000e+04,-1.103900000000000000e+04,-2.163500000000000000e+04,-2.548300000000000000e+04
-2.407900000000000000e+04,-1.020700000000000000e+04,-1.874300000000000000e+04,-2.296700000000000000e+04,-2.277000000000000000e+04,-2.440900000000000000e+04,1.252600000000000000e+04,-2.426300000000000000e+04
-2.213400000000000000e+04,-1.184400000000000000e+04,-1.687400000000000000e+04,-1.878400000000000000e+04,-1.511900000000000000e+04,-3.047100000000000000e+04,-1.481300000000000000e+04,1.917500000000000000e+04
-2.819800000000000000e+04,-6.767000000000000000e+03,-1.976600000000000000e+04,-1.963700000000000000e+04,-2.855500000000000000e+04,-1.092200000000000000e+04,3.924000000000000000e+03,-3.036100000000000000e+04
-1.452900000000000000e+04,-1.513300000000000000e+04,-1.888200000000000000e+04,1.861200000000000000e+04,-2.537400000000000000e+04,-1.638000000000000000e+03,-2.337300000000000000e+04,-2.094700000000000000e+04
-3.262500000000000000e+04,1.470100000000000000e+04,-2.225300000000000000e+04,-1.798600000000000000e+04,-2.891100000000000000e+04,-2.195900000000000000e+04,-1.216600000000000000e+04,-2.006100000000000000e+04
-8.856000000000000000e+03,-1.839300000000000000e+04,-1.860400000000000000e+04,3.293000000000000000e+03,-2.657500000000000000e+04,-6.644000000000000000e+03,-2.084400000000000000e+04,-1.870800000000000000e+04
-1.919900000000000000e+04,-1.392600000000000000e+04,-1.587300000000000000e+04,-2.898400000000000000e+04,-1.115100000000000000e+04,-2.776200000000000000e+04,-1.133400000000000000e+04,1.520600000000000000e+04
-2.221300000000000000e+04,-1.413300000000000000e+04,-1.627800000000000000e+04,-1.326100000000000000e+04,-1.504400000000000000e+04,-2.406400000000000000e+04,-1.555800000000000000e+04,1.352700000000000000e+04
8.087000000000000000e+03,-1.584600000000000000e+04,-1.416100000000000000e+04,-1.235200000000000000e+04,-6.408000000000000000e+03,-1.764400000000000000e+04,-1.940300000000000000e+04,-2.505800000000000000e+04
-1.468200000000000000e+04,-2.400200000000000000e+04,-1.076800000000000000e+04,-7.906000000000000000e+03,-1.548000000000000000e+04,-2.673200000000000000e+04,5.043000000000000000e+03,-2.522900000000000000e+04
9.372000000000000000e+03,-1.293200000000000000e+04,-2.073500000000000000e+04,9.390000000000000000e+02,-1.701700000000000000e+04,-1.102000000000000000e+04,-1.781800000000000000e+04,-2.197100000000000000e+04
-1.479800000000000000e+04,-3.096400000000000000e+04,-1.863600000000000000e+04,1.171900000000000000e+04,-1.702300000000000000e+04,-1.514100000000000000e+04,-1.535600000000000000e+04,-2.112600000000000000e+04
-1.706600000000000000e+04,-1.247000000000000000e+04,-6.658000000000000000e+03,-6.341000000000000000e+03,-2.283200000000000000e+04,-2.333700000000000000e+04,1.322300000000000000e+04,-2.329200000000000000e+04
-2.244100000000000000e+04,-1.811400000000000000e+04,-1.663900000000000000e+04,-1.228500000000000000e+04,-1.143400000000000000e+04,7.906000000000000000e+03,-1.939900000000000000e+04,-1.566300000000000000e+04
6.909000000000000000e+03,-1.484000000000000000e+03,-2.686000000000000000e+04,-1.645100000000000000e+04,-2.935600000000000000e+04,-1.376100000000000000e+04,-1.527000000000000000e+04,-2.538900000000000000e+04
-1.807500000000000000e+04,-2.277400000000000000e+04,-9.456000000000000000e+03,-1.400400000000000000e+04,-2.004900000000000000e+04,-3.195100000000000000e+04,5.736000000000000000e+03,-2.685900000000000000e+04
-4.526000000000000000e+03,-2.290500000000000000e+04,-2.337500000000000000e+04,-7.934000000000000000e+03,-1.154800000000000000e+04,-1.723700000000000000e+04,-2.377000000000000000e+03,-1.992500000000000000e+04
-1.732900000000000000e+04,1.603800000000000000e+04,-1.524900000000000000e+04,-8.837000000000000000e+03,-1.675600000000000000e+04,-2.912600000000000000e+04,-1.679400000000000000e+04,-1.660300000000000000e+04
-1.994100000000000000e+04,-2.058100000000000000e+04,-2.163500000000000000e+04,-2.314400000000000000e+04,-1.898300000000000000e+04,-1.965000000000000000e+04,1.908900000000000000e+04,-2.241600000000000000e+04
-1.935300000000000000e+04,-2.077800000000000000e+04,-1.727300000000000000e+04,-7.864000000000000000e+03,-5.980000000000000000e+03,8.893000000000000000e+03,-2.372000000000000000e+04,-1.606900000000000000e+04
-9.480000000000000000e+03,-1.318400000000000000e+04,-1.204600000000000000e+04,-2.658000000000000000e+03,-1.316300000000000000e+04,-1.140300000000000000e+04,-2.585300000000000000e+04,-1.668900000000000000e+04
-2.290400000000000000e+04,-1.634300000000000000e+04,-9.972000000000000000e+03,-2.015800000000000000e+04,-1.914300000000000000e+04,-1.967300000000000000e+04,-2.287300000000000000e+04,1.585800000000000000e+04
-2.348600000000000000e+04,-2.234800000000000000e+04,-1.880100000000000000e+04,-1.145900000000000000e+04,-2.153100000000000000e+04,-1.971400000000000000e+04,1.448500000000000000e+04,-2.683000000000000000e+04
-3.415700000000000000e+04,-1.582900000000000000e+04,-9.674000000000000000e+03,-1.265800000000000000e+04,-1.552700000000000000e+04,-1.941000000000000000e+04,-1.912700000000000000e+04,1.461000000000000000e+04
-2.537600000000000000e+04,3.056500000000000000e+04,-2.381500000000000000e+04,-2.419600000000000000e+04,-2.604100000000000000e+04,-3.617800000000000000e+04,-1.685700000000000000e+04,-2.247300000000000000e+04
-6.155000000000000000e+03,-1.404000000000000000e+04,-1.769300000000000000e+04,6.384000000000000000e+03,-1.992700000000000000e+04,1.073000000000000000e+03,-2.278800000000000000e+04,-1.719500000000000000e+04
-2.498500000000000000e+04,-1.006900000000000000e+04,-2.468500000000000000e+04,-2.913000000000000000e+04,-2.239600000000000000e+04,-1.954400000000000000e+04,2.244700000000000000e+04,-2.217300000000000000e+04
-1.678900000000000000e+04,1.998600000000000000e+04,-1.887400000000000000e+04,-2.326700000000000000e+04,-3.003700000000000000e+04,-3.271300000000000000e+04,-1.231800000000000000e+04,-3.010500000000000000e+04
-2.961900000000000000e+04,2.664900000000000000e+04,-1.830500000000000000e+04,-2.949900000000000000e+04,-2.140600000000000000e+04,-2.268900000000000000e+04,-1.955400000000000000e+04,-2.110400000000000000e+04
-1.524800000000000000e+04,-1.244000000000000000e+04,1.700000000000000000e+02,-1.774300000000000000e+04,1.990000000000000000e+03,-3.018200000000000000e+04,-1.968700000000000000e+04,-1.366400000000000000e+04
-1.266400000000000000e+04,-1.622100000000000000e+04,-1.023500000000000000e+04,-2.910000000000000000e+04,-1.622400000000000000e+04,-1.967600000000000000e+04,1.872700000000000000e+04,-1.745500000000000000e+04
-1.884500000000000000e+04,-2.675900000000000000e+04,-1.200900000000000000e+04,-3.575000000000000000e+03,-1.872000000000000000e+04,1.538700000000000000e+04,-2.168000000000000000e+04,-1.932700000000000000e+04
-3.055400000000000000e+04,-1.718200000000000000e+04,-1.075300000000000000e+04,-1.010700000000000000e+04,-1.360400000000000000e+04,-1.746000000000000000e+04,-2.052200000000000000e+04,1.805700000000000000e+04
-2.007000000000000000e+04,-1.762300000000000000e+04,-1.098200000000000000e+04,-1.648700000000000000e+04,1.423800000000000000e+04,-2.838100000000000000e+04,-1.810800000000000000e+04,-1.897000000000000000e+04
-8.583000000000000000e+03,-1.188200000000000000e+04,-2.305900000000000000e+04,-1.745600000000000000e+04,-1.649500000000000000e+04,-2.189000000000000000e+03,5.364000000000000000e+03,-1.328300000000000000e+04
-1.711400000000000000e+04,-1.283400000000000000e+04,-1.412500000000000000e+04,-2.222900000000000000e+04,-1.404700000000000000e+04,-2.489800000000000000e+04,-9.177000000000000000e+03,1.127200000000000000e+04
-1.302200000000000000e+04,-1.161500000000000000e+04,-1.330400000000000000e+04,1.402600000000000000e+04,-2.546700000000000000e+04,-8.791000000000000000e+03,-2.495700000000000000e+04,-2.067100000000000000e+04
-2.748700000000000000e+04,-1.579700000000000000e+04,-1.359400000000000000e+04,-1.293800000000000000e+04,-1.654700000000000000e+04,-2.248600000000000000e+04,-2.027100000000000000e+04,1.603800000000000000e+04
-9.410000000000000000e+03,-2.144800000000000000e+04,-1.705900000000000000e+04,-4.954000000000000000e+03,-1.395600000000000000e+04,8.755000000000000000e+03,-2.075700000000000000e+04,-1.571300000000000000e+04
-1.788700000000000000e+04,-1.829300000000000000e+04,-2.220800000000000000e+04,-2.529600000000000000e+04,2.236000000000000000e+04,-2.082200000000000000e+04,-2.044900000000000000e+04,-1.572800000000000000e+04
-2.475100000000000000e+04,-1.189000000000000000e+04,-1.774600000000000000e+04,-2.248900000000000000e+04,-2.309000000000000000e+04,-2.366100000000000000e+04,1.891400000000000000e+04,-2.431000000000000000e+04
-1.293400000000000000e+04,-2.151600000000000000e+04,-3.583000000000000000e+03,-1.776500000000000000e+04,-2.044000000000000000e+03,-2.084200000000000000e+04,-1.584900000000000000e+04,-2.379200000000000000e+04
-1.745500000000000000e+04,-1.884400000000000000e+04,-1.664200000000000000e+04,-1.954300000000000000e+04,-8.593000000000000000e+03,-2.516700000000000000e+04,1.382700000000000000e+04,-2.259800000000000000e+04
-2.025900000000000000e+04,-1.544600000000000000e+04,-1.302900000000000000e+04,-2.610000000000000000e+04,-2.504000000000000000e+04,-1.537800000000000000e+04,1.812500000000000000e+04,-2.676900000000000000e+04
-2.070000000000000000e+04,-1.538500000000000000e+04,-1.462500000000000000e+04,-3.236300000000000000e+04,-2.405000000000000000e+04,-1.976400000000000000e+04,2.255100000000000000e+04,-2.720200000000000000e+04
-1.790300000000000000e+04,-1.862800000000000000e+04,-2.262700000000000000e+04,1.893900000000000000e+04,-2.183200000000000000e+04,-6.942000000000000000e+03,-2.404700000000000000e+04,-2.300700000000000000e+04
-1.973100000000000000e+04,-1.545600000000000000e+04,-1.140600000000000000e+04,9.845000000000000000e+03,-3.620600000000000000e+04,-1.541700000000000000e+04,-1.839000000000000000e+04,-2.700700000000000000e+04
2.267900000000000000e+04,-1.890900000000000000e+04,-1.740200000000000000e+04,-9.565000000000000000e+03,-3.579100000000000000e+04,-2.416900000000000000e+04,-1.484100000000000000e+04,-2.605200000000000000e+04
-8.820000000000000000e+03,-1.586200000000000000e+04,-1.701800000000000000e+04,7.974000000000000000e+03,-1.841800000000000000e+04,-1.245300000000000000e+04,-1.309500000000000000e+04,-2.851900000000000000e+04
-1.979800000000000000e+04,3.275200000000000000e+04,-2.153000000000000000e+04,-1.744600000000000000e+04,-2.718100000000000000e+04,-3.617900000000000000e+04,-2.636300000000000000e+04,-2.208000000000000000e+04
-1.403600000000000000e+04,-1.867600000000000000e+04,-1.806100000000000000e+04,-2.737000000000000000e+03,2.166700000000000000e+04,-1.721600000000000000e+04,-1.897200000000000000e+04,-1.929300000000000000e+04
-1.578300000000000000e+04,-3.512000000000000000e+03,-1.778200000000000000e+04,-1.625000000000000000e+03,-1.856900000000000000e+04,-2.257200000000000000e+04,-8.500000000000000000e+03,-2.002800000000000000e+04
-1.538000000000000000e+04,-1.730300000000000000e+04,-2.018000000000000000e+04,-2.146400000000000000e+04,1.979200000000000000e+04,-2.593600000000000000e+04,-1.803200000000000000e+04,-2.093400000000000000e+04
6.962000000000000000e+03,-1.174300000000000000e+04,-1.099200000000000000e+04,1.108000000000000000e+03,-2.882800000000000000e+04,-3.166900000000000000e+04,-2.121900000000000000e+04,-1.858900000000000000e+04
-1.346900000000000000e+04,-1.415900000000000000e+04,-1.668300000000000000e+04,1.066700000000000000e+04,-2.277000000000000000e+04,-1.402200000000000000e+04,-3.061300000000000000e+04,-2.155900000000000000e+04
-2.203100000000000000e+04,-1.109600000000000000e+04,-1.166000000000000000e+04,-2.571500000000000000e+04,-2.037600000000000000e+04,-1.303900000000000000e+04,1.453300000000000000e+04,-1.449600000000000000e+04
9.165000000000000000e+03,-1.691200000000000000e+04,-2.132800000000000000e+04,4.188000000000000000e+03,-3.371400000000000000e+04,-2.351000000000000000e+04,-1.890400000000000000e+04,-2.564400000000000000e+04
-2.375900000000000000e+04,3.353500000000000000e+04,-2.064800000000000000e+04,-2.502100000000000000e+04,-2.172900000000000000e+04,-3.657300000000000000e+04,-1.579100000000000000e+04,-1.873600000000000000e+04
-1.218900000000000000e+04,1.120500000000000000e+04,-2.347000000000000000e+04,6.740000000000000000e+03,-2.001000000000000000e+04,-3.567200000000000000e+04,-2.064400000000000000e+04,-2.203500000000000000e+04
-2.235800000000000000e+04,-2.265600000000000000e+04,-1.903800000000000000e+04,-1.602000000000000000e+04,-1.738300000000000000e+04,2.272500000000000000e+04,-1.406000000000000000e+04,-1.938300000000000000e+04
-2.773600000000000000e+04,-2.427400000000000000e+04,-2.188200000000000000e+04,9.480000000000000000e+02,-1.018700000000000000e+04,8.859000000000000000e+03,-1.248000000000000000e+04,-2.292700000000000000e+04
-3.222000000000000000e+04,-3.103400000000000000e+04,3.030600000000000000e+04,-5.106000000000000000e+03,-2.523000000000000000e+04,-2.853000000000000000e+04,-1.609100000000000000e+04,-2.696500000000000000e+04
-1.546400000000000000e+04,-1.795100000000000000e+04,-1.932300000000000000e+04,-2.079600000000000000e+04,1.710100000000000000e+04,-1.943900000000000000e+04,-2.157500000000000000e+04,-2.102900000000000000e+04
-8.988000000000000000e+03,-1.572700000000000000e+04,-1.405600000000000000e+04,-8.963000000000000000e+03,4.080000000000000000e+03,-1.297400000000000000e+04,-2.265400000000000000e+04,-1.551100000000000000e+04
-2.950700000000000000e+04,-4.848000000000000000e+03,-1.452700000000000000e+04,5.847000000000000000e+03,-1.621800000000000000e+04,-4.876000000000000000e+03,-2.148600000000000000e+04,-1.257200000000000000e+04
-2.185600000000000000e+04,-1.755700000000000000e+04,-7.432000000000000000e+03,-2.866600000000000000e+04,-1.841900000000000000e+04,-2.300900000000000000e+04,-1.422800000000000000e+04,1.841500000000000000e+04
-1.893200000000000000e+04,-1.522200000000000000e+04,-9.610000000000000000e+03,9.730000000000000000e+02,-2.689400000000000000e+04,-8.316000000000000000e+03,-2.093500000000000000e+04,-2.592900000000000000e+04
-1.529100000000000000e+04,-1.794000000000000000e+04,-2.115700000000000000e+04,1.737800000000000000e+04,-9.633000000000000000e+03,-1.515200000000000000e+04,-1.284100000000000000e+04,-2.102600000000000000e+04
-2.931500000000000000e+04,3.955200000000000000e+04,-2.342500000000000000e+04,-2.290800000000000000e+04,-2.647000000000000000e+04,-3.299100000000000000e+04,-2.146200000000000000e+04,-2.392600000000000000e+04
-2.285100000000000000e+04,-2.025200000000000000e+04,-1.771700000000000000e+04,-1.666900000000000000e+04,-1.880700000000000000e+04,-2.463500000000000000e+04,2.152800000000000000e+04,-1.981900000000000000e+04
1.363100000000000000e+04,-1.512700000000000000e+04,-2.229700000000000000e+04,-5.435000000000000000e+03,-3.003800000000000000e+04,-1.265500000000000000e+04,-1.389600000000000000e+04,-2.385600000000000000e+04
-2.083300000000000000e+04,-1.723000000000000000e+04,2.250900000000000000e+04,-2.878000000000000000e+04,-1.929500000000000000e+04,-2.789200000000000000e+04,-1.855200000000000000e+04,-1.391900000000000000e+04
7.084000000000000000e+03,-1.732600000000000000e+04,-2.377100000000000000e+04,-7.164000000000000000e+03,-1.854000000000000000e+04,-3.285000000000000000e+03,-1.536100000000000000e+04,-2.122000000000000000e+04
-2.428400000000000000e+04,3.569300000000000000e+04,-2.437600000000000000e+04,-2.530400000000000000e+04,-2.850900000000000000e+04,-3.944200000000000000e+04,-1.162700000000000000e+04,-2.292400000000000000e+04
-1.724500000000000000e+04,-1.462200000000000000e+04,-1.676900000000000000e+04,-1.827400000000000000e+04,-1.579000000000000000e+04,-2.751700000000000000e+04,-1.224500000000000000e+04,1.546200000000000000e+04
-2.494800000000000000e+04,2.408300000000000000e+04,-1.703400000000000000e+04,-3.103200000000000000e+04,-2.993800000000000000e+04,-3.129500000000000000e+04,-1.541800000000000000e+04,-2.464800000000000000e+04
-2.124700000000000000e+04,1.423100000000000000e+04,-2.253700000000000000e+04,-7.362000000000000000e+03,-1.989700000000000000e+04,-2.643500000000000000e+04,-5.011000000000000000e+03,-2.139000000000000000e+04
-2.956800000000000000e+04,-1.767400000000000000e+04,-8.358000000000000000e+03,-2.812800000000000000e+04,-2.287000000000000000e+04,-2.596500000000000000e+04,1.827100000000000000e+04,-2.227200000000000000e+04
-7.273000000000000000e+03,1.133700000000000000e+04,-2.000900000000000000e+04,-3.441000000000000000e+03,-2.208300000000000000e+04,-3.302700000000000000e+04,-2.332300000000000000e+04,-2.313400000000000000e+04
-1.091500000000000000e+04,-1.729400000000000000e+04,-2.345100000000000000e+04,-2.111300000000000000e+04,1.145700000000000000e+04,-2.183000000000000000e+04,-2.347700000000000000e+04,-1.957000000000000000e+04
-1.286400000000000000e+04,3.373600000000000000e+04,-2.643900000000000000e+04,-2.793300000000000000e+04,-2.920400000000000000e+04,-3.110300000000000000e+04,-1.695600000000000000e+04,-2.183300000000000000e+04
-2.641500000000000000e+04,-2.454300000000000000e+04,2.203900000000000000e+04,-2.912500000000000000e+04,-1.800300000000000000e+04,-3.034000000000000000e+04,-1.997900000000000000e+04,-1.795800000000000000e+04
-2.007600000000000000e+04,-1.694500000000000000e+04,-1.594200000000000000e+04,-1.917000000000000000e+04,-1.732000000000000000e+04,-2.330800000000000000e+04,-1.246000000000000000e+04,1.644700000000000000e+04
-2.892600000000000000e+04,2.124900000000000000e+04,-1.770900000000000000e+04,-1.764700000000000000e+04,-2.393700000000000000e+04,-2.968000000000000000e+04,-6.627000000000000000e+03,-1.970500000000000000e+04
-2.154600000000000000e+04,-1.376600000000000000e+04,-1.721600000000000000e+04,-2.053500000000000000e+04,-1.598900000000000000e+04,-2.202800000000000000e+04,-1.561600000000000000e+04,1.775400000000000000e+04
-1.736600000000000000e+04,2.639000000000000000e+04,-2.405600000000000000e+04,-2.655500000000000000e+04,-2.309900000000000000e+04,-2.492900000000000000e+04,-2.005700000000000000e+04,-1.811300000000000000e+04
-9.497000000000000000e+03,-1.496300000000000000e+04,-1.950900000000000000e+04,-3.192800000000000000e+04,-1.855000000000000000e+04,-4.267000000000000000e+03,1.870000000000000000e+03,-1.185500000000000000e+04
-1.512100000000000000e+04,-2.185100000000000000e+04,-1.082300000000000000e+04,-7.974000000000000000e+03,9.223000000000000000e+03,-9.550000000000000000e+03,-1.833100000000000000e+04,-2.195900000000000000e+04
-1.329300000000000000e+04,-1.726000000000000000e+04,-1.271200000000000000e+04,-2.277600000000000000e+04,6.878000000000000000e+03,-2.930100000000000000e+04,-2.445200000000000000e+04,-1.909300000000000000e+04
-2.331200000000000000e+04,-9.347000000000000000e+03,-1.105800000000000000e+04,-1.183300000000000000e+04,-1.851700000000000000e+04,-2.337700000000000000e+04,-1.866900000000000000e+04,1.246900000000000000e+04
-1.141200000000000000e+04,-2.062300000000000000e+04,1.448000000000000000e+03,-1.211200000000000000e+04,-1.467200000000000000e+04,-1.506700000000000000e+04,-2.084900000000000000e+04,-2.061000000000000000e+04
-1.981300000000000000e+04,-1.800600000000000000e+04,-1.707500000000000000e+04,-2.029000000000000000e+04,-1.503100000000000000e+04,-2.163200000000000000e+04,1.880100000000000000e+04,-2.140500000000000000e+04
-2.278400000000000000e+04,-1.665300000000000000e+04,-1.339800000000000000e+04,-2.094800000000000000e+04,-2.452400000000000000e+04,-2.305600000000000000e+04,1.771100000000000000e+04,-2.597100000000000000e+04
-1.500000000000000000e+04,-1.090400000000000000e+04,-1.702900000000000000e+04,4.077000000000000000e+03,-1.395400000000000000e+04,4.012000000000000000e+03,-2.052700000000000000e+04,-1.492500000000000000e+04
-1.410000000000000000e+04,-1.347200000000000000e+04,-1.309500000000000000e+04,-1.519800000000000000e+04,-1.083000000000000000e+04,1.326000000000000000e+04,-5.172000000000000000e+03,-1.602600000000000000e+04
-2.320000000000000000e+04,-2.385600000000000000e+04,7.295000000000000000e+03,-2.754900000000000000e+04,-1.343700000000000000e+04,-2.379100000000000000e+04,-1.173900000000000000e+04,-1.236400000000000000e+04
-2.357900000000000000e+04,-1.628100000000000000e+04,-3.387000000000000000e+03,-1.121200000000000000e+04,-1.598800000000000000e+04,-1.383800000000000000e+04,1.008700000000000000e+04,-2.119900000000000000e+04
-2.574900000000000000e+04,8.782000000000000000e+03,-1.804100000000000000e+04,-1.852400000000000000e+04,-2.005600000000000000e+04,-2.424600000000000000e+04,8.590000000000000000e+02,-2.158000000000000000e+04
-1.353500000000000000e+04,-1.584100000000000000e+04,-7.092000000000000000e+03,-1.492600000000000000e+04,-2.029600000000000000e+04,-1.688500000000000000e+04,4.900000000000000000e+03,-1.169100000000000000e+04
-2.227300000000000000e+04,-1.761500000000000000e+04,-1.700800000000000000e+04,-1.437500000000000000e+04,-7.622000000000000000e+03,-2.279100000000000000e+04,1.035100000000000000e+04,-2.097500000000000000e+04
-2.235000000000000000e+03,-2.110800000000000000e+04,-1.328000000000000000e+04,-1.446800000000000000e+04,4.461000000000000000e+03,-1.862700000000000000e+04,-1.851900000000000000e+04,-1.716200000000000000e+04
-1.546500000000000000e+04,-1.860700000000000000e+04,2.542700000000000000e+04,-2.813400000000000000e+04,-2.227000000000000000e+04,-3.517800000000000000e+04,-1.678400000000000000e+04,-2.400500000000000000e+04
-2.672700000000000000e+04,-1.330000000000000000e+04,-4.809000000000000000e+03,-2.401400000000000000e+04,-1.998700000000000000e+04,-2.250700000000000000e+04,-1.573400000000000000e+04,1.659300000000000000e+04
-1.971700000000000000e+04,-1.976700000000000000e+04,-1.691800000000000000e+04,-2.721000000000000000e+03,-9.563000000000000000e+03,-2.525000000000000000e+04,3.580000000000000000e+02,-2.138800000000000000e+04
-2.118800000000000000e+04,-1.129100000000000000e+04,-1.900900000000000000e+04,-4.717000000000000000e+03,-2.778200000000000000e+04,-9.337000000000000000e+03,-2.895400000000000000e+04,-2.027900000000000000e+04
-1.950200000000000000e+04,-2.354000000000000000e+04,-1.735500000000000000e+04,-1.011300000000000000e+04,-1.519000000000000000e+04,1.948500000000000000e+04,-2.386100000000000000e+04,-2.067800000000000000e+04
-3.219900000000000000e+04,-1.726000000000000000e+04,-1.684400000000000000e+04,1.535300000000000000e+04,-1.716800000000000000e+04,8.427000000000000000e+03,-2.241100000000000000e+04,-2.230400000000000000e+04
-8.202000000000000000e+03,-1.771600000000000000e+04,-1.757700000000000000e+04,1.382900000000000000e+04,-2.769600000000000000e+04,-1.849100000000000000e+04,-1.579900000000000000e+04,-2.949300000000000000e+04
-1.867000000000000000e+04,2.583700000000000000e+04,-1.489700000000000000e+04,-1.844300000000000000e+04,-2.897600000000000000e+04,-3.843600000000000000e+04,-1.646400000000000000e+04,-2.261900000000000000e+04
-2.415800000000000000e+04,-2.012500000000000000e+04,6.502000000000000000e+03,-2.696900000000000000e+04,-1.111500000000000000e+04,-2.971300000000000000e+04,-1.588100000000000000e+04,-1.240400000000000000e+04
-2.412600000000000000e+04,-2.038000000000000000e+04,-1.645300000000000000e+04,-3.544000000000000000e+03,-2.756300000000000000e+04,-1.565400000000000000e+04,1.243200000000000000e+04,-2.611900000000000000e+04
-3.040900000000000000e+04,-1.391000000000000000e+04,-9.788000000000000000e+03,-7.439000000000000000e+03,-1.653700000000000000e+04,2.421900000000000000e+04,-1.997400000000000000e+04,-1.625300000000000000e+04
1.594400000000000000e+04,-1.593300000000000000e+04,-2.112300000000000000e+04,-8.847000000000000000e+03,-1.284000000000000000e+04,-2.228900000000000000e+04,-2.043600000000000000e+04,-2.453000000000000000e+04
-1.769300000000000000e+04,-1.608100000000000000e+04,-1.646700000000000000e+04,-2.622400000000000000e+04,-1.210200000000000000e+04,-2.125000000000000000e+04,2.110700000000000000e+04,-1.903900000000000000e+04
-2.707800000000000000e+04,-1.325800000000000000e+04,-2.109500000000000000e+04,-2.417900000000000000e+04,-1.669600000000000000e+04,-1.098600000000000000e+04,1.909100000000000000e+04,-2.171700000000000000e+04
-1.154600000000000000e+04,-1.880900000000000000e+04,-1.495200000000000000e+04,-1.612300000000000000e+04,1.549000000000000000e+04,-8.533000000000000000e+03,-1.848200000000000000e+04,-1.874500000000000000e+04
1.240700000000000000e+04,-1.320800000000000000e+04,-1.573300000000000000e+04,-1.167600000000000000e+04,-1.460300000000000000e+04,-1.457700000000000000e+04,-1.353100000000000000e+04,-2.252300000000000000e+04
-2.243800000000000000e+04,4.003400000000000000e+04,-3.078100000000000000e+04,-2.724400000000000000e+04,-1.905200000000000000e+04,-3.585900000000000000e+04,-1.481100000000000000e+04,-2.165000000000000000e+04
-1.904600000000000000e+04,-1.666000000000000000e+04,1.762800000000000000e+04,-1.068400000000000000e+04,-2.001800000000000000e+04,-1.269800000000000000e+04,-2.104300000000000000e+04,-2.244800000000000000e+04
-2.335100000000000000e+04,-1.905000000000000000e+04,1.208300000000000000e+04,-1.406400000000000000e+04,-2.013000000000000000e+04,-3.397100000000000000e+04,-8.453000000000000000e+03,-1.958400000000000000e+04
-1.347900000000000000e+04,-8.694000000000000000e+03,-1.149800000000000000e+04,-2.358000000000000000e+03,-2.133200000000000000e+04,-2.301000000000000000e+04,-7.900000000000000000e+02,-2.906000000000000000e+04
-2.148900000000000000e+04,-1.401700000000000000e+04,-1.723300000000000000e+04,-1.280900000000000000e+04,-1.342000000000000000e+04,-2.819100000000000000e+04,-1.364200000000000000e+04,1.635100000000000000e+04
-1.920300000000000000e+04,8.498000000000000000e+03,-1.647700000000000000e+04,-2.175700000000000000e+04,-2.709800000000000000e+04,-2.675500000000000000e+04,-1.656000000000000000e+04,-2.857300000000000000e+04
8.917000000000000000e+03,-1.796000000000000000e+04,-1.156400000000000000e+04,-1.062500000000000000e+04,-2.195000000000000000e+04,-2.142700000000000000e+04,-1.631800000000000000e+04,-2.012000000000000000e+04
-1.838500000000000000e+04,-1.025900000000000000e+04,-1.889200000000000000e+04,-1.728900000000000000e+04,-1.561700000000000000e+04,-2.749900000000000000e+04,-1.888900000000000000e+04,1.531300000000000000e+04
-2.737300000000000000e+04,-1.476800000000000000e+04,-1.775100000000000000e+04,-1.805800000000000000e+04,-2.358600000000000000e+04,-2.645900000000000000e+04,1.959100000000000000e+04,-2.137700000000000000e+04
-2.538700000000000000e+04,3.279300000000000000e+04,-2.203600000000000000e+04,-2.169800000000000000e+04,-2.016800000000000000e+04,-1.617300000000000000e+04,-1.817800000000000000e+04,-1.756600000000000000e+04
-1.613300000000000000e+04,-1.459000000000000000e+04,-1.646200000000000000e+04,4.996000000000000000e+03,-1.476100000000000000e+04,5.704000000000000000e+03,-1.638900000000000000e+04,-1.940600000000000000e+04
-1.712700000000000000e+04,-2.199800000000000000e+04,-1.757800000000000000e+04,1.528200000000000000e+04,-2.527100000000000000e+04,-5.730000000000000000e+02,-2.200900000000000000e+04,-2.287700000000000000e+04
-3.723900000000000000e+04,-2.450300000000000000e+04,-7.750000000000000000e+03,-1.070800000000000000e+04,-1.611400000000000000e+04,-9.002000000000000000e+03,-1.676600000000000000e+04,1.257700000000000000e+04
-2.744000000000000000e+04,-1.913800000000000000e+04,-1.205900000000000000e+04,-2.277200000000000000e+04,-1.618000000000000000e+04,-2.421600000000000000e+04,-7.753000000000000000e+03,1.669900000000000000e+04
-2.679400000000000000e+04,-1.735500000000000000e+04,2.446800000000000000e+04,-2.759000000000000000e+04,-1.586700000000000000e+04,-3.156800000000000000e+04,-2.200100000000000000e+04,-1.662200000000000000e+04
-5.355000000000000000e+03,-1.511500000000000000e+04,-2.036100000000000000e+04,-7.719000000000000000e+03,4.633000000000000000e+03,-1.393000000000000000e+04,-2.040200000000000000e+04,-2.036600000000000000e+04
-1.153500000000000000e+04,-6.746000000000000000e+03,-5.641000000000000000e+03,-1.913700000000000000e+04,-1.070300000000000000e+04,-1.165500000000000000e+04,1.156000000000000000e+03,-1.118400000000000000e+04
-2.219400000000000000e+04,1.673500000000000000e+04,-7.588000000000000000e+03,-3.011400000000000000e+04,-1.926900000000000000e+04,-2.618000000000000000e+04,-1.398600000000000000e+04,-2.353900000000000000e+04
-1.805900000000000000e+04,-1.088700000000000000e+04,-1.865700000000000000e+04,-2.205500000000000000e+04,-1.852000000000000000e+04,-2.656000000000000000e+04,-1.806000000000000000e+04,1.656400000000000000e+04
-1.921400000000000000e+04,3.599200000000000000e+04,-2.217000000000000000e+04,-2.089100000000000000e+04,-2.917800000000000000e+04,-4.733000000000000000e+04,-1.395700000000000000e+04,-2.452400000000000000e+04
-1.669100000000000000e+04,-1.944000000000000000e+04,-1.418900000000000000e+04,-6.423000000000000000e+03,-1.102600000000000000e+04,9.323000000000000000e+03,-9.906000000000000000e+03,-1.843600000000000000e+04
-1.175900000000000000e+04,-1.818900000000000000e+04,-1.958200000000000000e+04,-1.940900000000000000e+04,1.108500000000000000e+04,-4.002000000000000000e+03,-2.042700000000000000e+04,-2.009400000000000000e+04
-2.890800000000000000e+04,-1.471100000000000000e+04,-1.362700000000000000e+04,-1.884400000000000000e+04,-1.360900000000000000e+04,-1.924300000000000000e+04,-1.738700000000000000e+04,1.571800000000000000e+04
-1.675200000000000000e+04,-1.895200000000000000e+04,-1.613100000000000000e+04,1.133000000000000000e+04,-1.963300000000000000e+04,-1.430400000000000000e+04,-2.949000000000000000e+03,-1.989400000000000000e+04
-3.561000000000000000e+03,-1.564500000000000000e+04,-1.494100000000000000e+04,6.728000000000000000e+03,-2.554800000000000000e+04,-1.770200000000000000e+04,-1.718200000000000000e+04,-2.782500000000000000e+04
-3.340000000000000000e+03,-1.677500000000000000e+04,-1.929800000000000000e+04,-9.070000000000000000e+02,1.959000000000000000e+03,-1.195800000000000000e+04,-2.137100000000000000e+04,-1.316700000000000000e+04
-1.535100000000000000e+04,1.219400000000000000e+04,-2.026000000000000000e+04,8.490000000000000000e+02,-2.343300000000000000e+04,-3.568200000000000000e+04,-1.146700000000000000e+04,-1.975000000000000000e+04
8.222000000000000000e+03,-1.533500000000000000e+04,-1.258300000000000000e+04,-1.149000000000000000e+03,-1.981800000000000000e+04,-1.616300000000000000e+04,-2.045400000000000000e+04,-2.466800000000000000e+04
-3.961300000000000000e+04,-1.683000000000000000e+04,-1.274700000000000000e+04,-2.183600000000000000e+04,-1.856300000000000000e+04,-1.276300000000000000e+04,-1.775000000000000000e+04,1.607900000000000000e+04
-2.766400000000000000e+04,-1.480200000000000000e+04,-6.930000000000000000e+03,-2.670800000000000000e+04,-1.498800000000000000e+04,-1.387400000000000000e+04,-1.317400000000000000e+04,1.577000000000000000e+04
-1.243600000000000000e+04,-2.101500000000000000e+04,-1.613000000000000000e+04,2.734000000000000000e+03,-2.460300000000000000e+04,-4.372000000000000000e+03,-2.230900000000000000e+04,-2.434400000000000000e+04
-1.616900000000000000e+04,-1.567400000000000000e+04,-1.952400000000000000e+04,1.106100000000000000e+04,-1.886100000000000000e+04,-1.409700000000000000e+04,-2.172400000000000000e+04,-2.078000000000000000e+04
-7.580000000000000000e+02,-1.350700000000000000e+04,-1.240800000000000000e+04,2.541000000000000000e+03,-2.062400000000000000e+04,-5.052000000000000000e+03,-1.821100000000000000e+04,-2.171800000000000000e+04
-2.222900000000000000e+04,-9.028000000000000000e+03,-1.951200000000000000e+04,-2.433300000000000000e+04,-2.833100000000000000e+04,-2.605400000000000000e+04,2.319000000000000000e+04,-1.588400000000000000e+04
-2.479300000000000000e+04,-2.079700000000000000e+04,1.209500000000000000e+04,-1.088600000000000000e+04,-1.532300000000000000e+04,-2.837900000000000000e+04,-1.280900000000000000e+04,-2.330100000000000000e+04
-2.277000000000000000e+03,-1.657300000000000000e+04,-2.049400000000000000e+04,8.463000000000000000e+03,-2.973700000000000000e+04,-4.132000000000000000e+03,-2.044700000000000000e+04,-2.065500000000000000e+04
-2.095800000000000000e+04,1.938400000000000000e+04,-2.451700000000000000e+04,-1.865400000000000000e+04,-2.820800000000000000e+04,-2.822300000000000000e+04,-9.266000000000000000e+03,-1.807400000000000000e+04
3.095000000000000000e+04,-1.440900000000000000e+04,-2.367500000000000000e+04,-1.118100000000000000e+04,-2.749700000000000000e+04,-3.064900000000000000e+04,-1.630600000000000000e+04,-2.571200000000000000e+04
-2.101100000000000000e+04,-1.149600000000000000e+04,-4.050000000000000000e+03,-2.080400000000000000e+04,-9.080000000000000000e+03,-2.272600000000000000e+04,-1.199400000000000000e+04,3.866000000000000000e+03
-2.874300000000000000e+04,-1.661900000000000000e+04,-1.888100000000000000e+04,-1.612100000000000000e+04,1.407800000000000000e+04,-2.282200000000000000e+04,-2.115700000000000000e+04,-1.927700000000000000e+04
-2.382900000000000000e+04,2.018700000000000000e+04,-2.454600000000000000e+04,-3.204400000000000000e+04,-2.403100000000000000e+04,-3.927500000000000000e+04,-1.007500000000000000e+04,-2.126900000000000000e+04
-2.828900000000000000e+04,1.449000000000000000e+03,-2.163400000000000000e+04,-1.830200000000000000e+04,-3.290900000000000000e+04,-2.815900000000000000e+04,1.174100000000000000e+04,-2.539300000000000000e+04
-1.586700000000000000e+04,-1.718800000000000000e+04,-2.110300000000000000e+04,-2.806900000000000000e+04,-2.463100000000000000e+04,-1.646400000000000000e+04,1.756600000000000000e+04,-2.274000000000000000e+04
-1.325300000000000000e+04,-2.013300000000000000e+04,-2.220300000000000000e+04,1.512500000000000000e+04,-1.753300000000000000e+04,-9.555000000000000000e+03,-1.260300000000000000e+04,-2.187400000000000000e+04
-8.293000000000000000e+03,8.895000000000000000e+03,-1.830200000000000000e+04,-2.637100000000000000e+04,-1.802600000000000000e+04,-5.915000000000000000e+03,-1.717400000000000000e+04,-2.197700000000000000e+04
-8.564000000000000000e+03,-1.849100000000000000e+04,-2.301900000000000000e+04,-1.610000000000000000e+04,1.660800000000000000e+04,-2.036400000000000000e+04,-2.109300000000000000e+04,-2.253500000000000000e+04
2.368000000000000000e+04,-1.393400000000000000e+04,-1.363600000000000000e+04,-3.418000000000000000e+03,-2.362700000000000000e+04,-2.919100000000000000e+04,-2.468200000000000000e+04,-2.207500000000000000e+04
-7.550000000000000000e+03,2.024400000000000000e+04,-2.330800000000000000e+04,-2.126800000000000000e+04,-2.727500000000000000e+04,-3.746400000000000000e+04,-1.276600000000000000e+04,-2.628400000000000000e+04
-3.549200000000000000e+04,-1.692700000000000000e+04,-1.804400000000000000e+04,-1.477900000000000000e+04,-1.944100000000000000e+04,1.246500000000000000e+04,-1.663700000000000000e+04,-9.176000000000000000e+03
4.012000000000000000e+03,-2.038100000000000000e+04,-1.373000000000000000e+04,-2.011000000000000000e+03,-3.041600000000000000e+04,-8.679000000000000000e+03,-1.862500000000000000e+04,-2.324900000000000000e+04
-2.472600000000000000e+04,-1.121500000000000000e+04,-1.746600000000000000e+04,5.158000000000000000e+03,-1.856100000000000000e+04,-4.155000000000000000e+03,-1.541900000000000000e+04,-2.003000000000000000e+04
-1.460300000000000000e+04,-1.280500000000000000e+04,-1.716100000000000000e+04,-7.798000000000000000e+03,-1.232100000000000000e+04,-2.463900000000000000e+04,1.541500000000000000e+04,-1.493900000000000000e+04
-1.958500000000000000e+04,-1.670500000000000000e+04,-1.227900000000000000e+04,-1.844200000000000000e+04,-1.767000000000000000e+04,-2.564000000000000000e+04,-1.388100000000000000e+04,1.534400000000000000e+04
3.847000000000000000e+03,-1.770200000000000000e+04,-1.135800000000000000e+04,-6.689000000000000000e+03,-2.843300000000000000e+04,-5.673000000000000000e+03,-2.061400000000000000e+04,-2.547500000000000000e+04
-2.285400000000000000e+04,3.108300000000000000e+04,-2.541300000000000000e+04,-2.308000000000000000e+04,-1.788500000000000000e+04,-2.513100000000000000e+04,-1.669000000000000000e+04,-1.945200000000000000e+04
-1.678400000000000000e+04,-1.374600000000000000e+04,-1.297000000000000000e+04,-7.138000000000000000e+03,-2.191700000000000000e+04,-1.748700000000000000e+04,1.012100000000000000e+04,-2.462600000000000000e+04
-2.509600000000000000e+04,-9.155000000000000000e+03,-1.360200000000000000e+04,-6.879000000000000000e+03,-1.983800000000000000e+04,-1.349500000000000000e+04,9.760000000000000000e+03,-1.775500000000000000e+04
-2.671000000000000000e+04,-2.035200000000000000e+04,-2.056200000000000000e+04,-7.181000000000000000e+03,-2.113400000000000000e+04,-1.742900000000000000e+04,1.371400000000000000e+04,-2.172000000000000000e+04
-1.311400000000000000e+04,-2.271500000000000000e+04,-1.956700000000000000e+04,-2.362000000000000000e+03,-1.571500000000000000e+04,-2.251900000000000000e+04,1.426100000000000000e+04,-2.671100000000000000e+04
-2.695900000000000000e+04,-1.539300000000000000e+04,-1.982100000000000000e+04,-1.415800000000000000e+04,-1.935300000000000000e+04,-1.023300000000000000e+04,1.732000000000000000e+04,-2.298100000000000000e+04
-1.028400000000000000e+04,2.241700000000000000e+04,-2.495000000000000000e+04,-1.133600000000000000e+04,-1.862800000000000000e+04,-1.779400000000000000e+04,-1.928800000000000000e+04,-2.260500000000000000e+04
-2.298500000000000000e+04,-2.461900000000000000e+04,1.708400000000000000e+04,-2.311100000000000000e+04,-1.222600000000000000e+04,-1.257100000000000000e+04,-1.059500000000000000e+04,-2.329200000000000000e+04
-2.349300000000000000e+04,-1.853500000000000000e+04,-1.821700000000000000e+04,-1.975900000000000000e+04,-1.778500000000000000e+04,-9.482000000000000000e+03,1.671300000000000000e+04,-2.177300000000000000e+04
-1.877200000000000000e+04,-1.630100000000000000e+04,-2.592600000000000000e+04,-2.179000000000000000e+04,-1.476200000000000000e+04,-1.588400000000000000e+04,2.569200000000000000e+04,-2.352800000000000000e+04
-1.312400000000000000e+04,-1.030200000000000000e+04,-1.040800000000000000e+04,-1.861200000000000000e+04,-1.113800000000000000e+04,-1.156500000000000000e+04,5.148000000000000000e+03,-7.258000000000000000e+03
-2.278100000000000000e+04,-3.106000000000000000e+03,5.663000000000000000e+03,-1.015600000000000000e+04,-8.583000000000000000e+03,-2.365100000000000000e+04,-1.501400000000000000e+04,-1.106100000000000000e+04
-1.979900000000000000e+04,-1.899700000000000000e+04,1.223900000000000000e+04,-2.316200000000000000e+04,-1.436700000000000000e+04,-3.459100000000000000e+04,-1.552500000000000000e+04,-1.401800000000000000e+04
-1.951600000000000000e+04,-2.728000000000000000e+04,1.180800000000000000e+04,-1.555400000000000000e+04,-1.265100000000000000e+04,-3.098900000000000000e+04,-9.191000000000000000e+03,-1.515500000000000000e+04
-1.084300000000000000e+04,-1.806900000000000000e+04,-9.461000000000000000e+03,-7.779000000000000000e+03,-2.322700000000000000e+04,-1.175000000000000000e+04,1.303700000000000000e+04,-2.832700000000000000e+04
-3.073500000000000000e+04,2.862000000000000000e+03,-1.680600000000000000e+04,-2.135800000000000000e+04,-2.115200000000000000e+04,-8.974000000000000000e+03,-1.022500000000000000e+04,-6.320000000000000000e+02
-2.402500000000000000e+04,-1.605500000000000000e+04,-9.732000000000000000e+03,-1.756700000000000000e+04,-1.681600000000000000e+04,-1.905900000000000000e+04,-1.939700000000000000e+04,1.485900000000000000e+04
-3.155100000000000000e+04,-1.082400000000000000e+04,-1.800800000000000000e+04,-1.937500000000000000e+04,-1.851700000000000000e+04,1.144600000000000000e+04,-1.937900000000000000e+04,-1.340900000000000000e+04
1.549600000000000000e+04,-1.873800000000000000e+04,-1.802200000000000000e+04,-9.790000000000000000e+03,-2.616200000000000000e+04,-2.520200000000000000e+04,-1.306400000000000000e+04,-2.466600000000000000e+04
1.435400000000000000e+04,-1.557900000000000000e+04,-1.974100000000000000e+04,3.187000000000000000e+03,-1.635900000000000000e+04,-1.219600000000000000e+04,-2.085300000000000000e+04,-2.061400000000000000e+04
-2.559400000000000000e+04,-2.923800000000000000e+04,2.691700000000000000e+04,-1.407400000000000000e+04,-2.308800000000000000e+04,-3.394000000000000000e+04,-1.113600000000000000e+04,-1.978100000000000000e+04
-2.493100000000000000e+04,-4.113000000000000000e+03,-1.734500000000000000e+04,2.564000000000000000e+03,-1.752400000000000000e+04,-1.631000000000000000e+04,-1.068700000000000000e+04,-1.963500000000000000e+04
-2.330400000000000000e+04,-2.138600000000000000e+04,-1.524000000000000000e+04,-9.786000000000000000e+03,-1.985000000000000000e+04,-2.420300000000000000e+04,7.436000000000000000e+03,-2.790700000000000000e+04
8.834000000000000000e+03,-1.255900000000000000e+04,-1.478700000000000000e+04,-1.942000000000000000e+03,-2.097500000000000000e+04,-6.332000000000000000e+03,-1.725900000000000000e+04,-2.474600000000000000e+04
-2.117800000000000000e+04,-1.354000000000000000e+04,-1.345900000000000000e+04,-1.656700000000000000e+04,-1.661200000000000000e+04,-2.505200000000000000e+04,-1.750600000000000000e+04,1.306500000000000000e+04
-7.937000000000000000e+03,-1.538200000000000000e+04,-7.998000000000000000e+03,-3.750000000000000000e+02,-1.094100000000000000e+04,-1.166300000000000000e+04,-2.115900000000000000e+04,-1.708100000000000000e+04
-2.192200000000000000e+04,3.133400000000000000e+04,-2.760400000000000000e+04,-3.254000000000000000e+03,-1.910100000000000000e+04,-2.640500000000000000e+04,-2.440400000000000000e+04,-1.749000000000000000e+04
-1.583400000000000000e+04,-1.749500000000000000e+04,-1.610900000000000000e+04,9.350000000000000000e+02,-2.069700000000000000e+04,1.965000000000000000e+03,-2.570500000000000000e+04,-1.900400000000000000e+04
4.413000000000000000e+03,-1.597700000000000000e+04,-1.555200000000000000e+04,3.541000000000000000e+03,-3.576100000000000000e+04,-1.005300000000000000e+04,-2.136500000000000000e+04,-2.705100000000000000e+04
9.580000000000000000e+02,-8.886000000000000000e+03,-1.740400000000000000e+04,-2.073300000000000000e+04,-2.046800000000000000e+04,-1.161100000000000000e+04,-9.070000000000000000e+03,-2.702900000000000000e+04
-4.040000000000000000e+02,-1.692800000000000000e+04,-1.488100000000000000e+04,1.227100000000000000e+04,-2.686300000000000000e+04,-4.995000000000000000e+03,-1.879300000000000000e+04,-3.014700000000000000e+04
-3.358000000000000000e+03,-2.224800000000000000e+04,-2.134000000000000000e+04,-3.974000000000000000e+03,-1.545400000000000000e+04,-3.118000000000000000e+03,-2.654200000000000000e+04,-2.027800000000000000e+04
1.342300000000000000e+04,-1.164400000000000000e+04,-1.734000000000000000e+04,-8.022000000000000000e+03,-9.807000000000000000e+03,-2.981000000000000000e+03,-1.396700000000000000e+04,-1.705100000000000000e+04
-2.811300000000000000e+04,2.645500000000000000e+04,-2.237700000000000000e+04,-2.980200000000000000e+04,-2.339600000000000000e+04,-3.197900000000000000e+04,-1.105500000000000000e+04,-2.057900000000000000e+04
-2.488600000000000000e+04,-1.555900000000000000e+04,-1.568200000000000000e+04,-2.033100000000000000e+04,-1.643500000000000000e+04,-2.313100000000000000e+04,-1.920200000000000000e+04,2.052600000000000000e+04
-3.028200000000000000e+04,-3.099600000000000000e+04,2.271600000000000000e+04,-2.278500000000000000e+04,-1.727100000000000000e+04,-2.238900000000000000e+04,-8.558000000000000000e+03,-2.288500000000000000e+04
-2.364900000000000000e+04,-2.036800000000000000e+04,-1.609300000000000000e+04,-1.882800000000000000e+04,-2.492600000000000000e+04,-2.169500000000000000e+04,2.385100000000000000e+04,-2.947400000000000000e+04
-1.547000000000000000e+04,-1.805900000000000000e+04,-1.234600000000000000e+04,-1.435500000000000000e+04,3.347000000000000000e+03,-1.722900000000000000e+04,-1.841900000000000000e+04,-1.963500000000000000e+04
-1.291700000000000000e+04,-9.888000000000000000e+03,-1.110200000000000000e+04,7.449000000000000000e+03,-1.935300000000000000e+04,-2.326000000000000000e+03,-1.913800000000000000e+04,-1.573600000000000000e+04
-2.484200000000000000e+04,1.543800000000000000e+04,-1.680300000000000000e+04,-2.615800000000000000e+04,-2.306800000000000000e+04,-1.913900000000000000e+04,-1.442600000000000000e+04,-1.919500000000000000e+04
3.308000000000000000e+03,-8.900000000000000000e+03,-5.820000000000000000e+03,-7.288000000000000000e+03,-1.033500000000000000e+04,-3.270400000000000000e+04,-2.892300000000000000e+04,-1.849600000000000000e+04
-7.479000000000000000e+03,-1.671900000000000000e+04,-1.492000000000000000e+04,8.121000000000000000e+03,-2.032600000000000000e+04,-2.453300000000000000e+04,-7.306000000000000000e+03,-2.895000000000000000e+04
-2.440400000000000000e+04,-2.242600000000000000e+04,1.039300000000000000e+04,-1.027600000000000000e+04,-6.631000000000000000e+03,-2.339400000000000000e+04,-2.275600000000000000e+04,-1.679000000000000000e+04
-1.649000000000000000e+03,2.245700000000000000e+04,-2.506500000000000000e+04,-2.049000000000000000e+03,-2.145900000000000000e+04,-3.554100000000000000e+04,-3.148900000000000000e+04,-2.147700000000000000e+04
-1.596000000000000000e+04,-1.928300000000000000e+04,-1.644600000000000000e+04,-1.924300000000000000e+04,1.588600000000000000e+04,-1.165700000000000000e+04,-2.127400000000000000e+04,-1.812200000000000000e+04
-1.763800000000000000e+04,-1.002000000000000000e+04,-1.679700000000000000e+04,-1.601700000000000000e+04,-1.759200000000000000e+04,-2.089400000000000000e+04,1.648200000000000000e+04,-1.417400000000000000e+04
-2.265600000000000000e+04,-1.462700000000000000e+04,-1.595400000000000000e+04,-2.209400000000000000e+04,-1.859000000000000000e+04,-2.593100000000000000e+04,-1.294800000000000000e+04,1.786900000000000000e+04
-2.802000000000000000e+04,-1.621600000000000000e+04,-8.517000000000000000e+03,-1.308800000000000000e+04,-1.584400000000000000e+04,-2.341300000000000000e+04,-1.686800000000000000e+04,1.356400000000000000e+04
-1.545800000000000000e+04,-1.381300000000000000e+04,-1.563900000000000000e+04,-4.716000000000000000e+03,-1.454000000000000000e+04,1.206300000000000000e+04,-1.021300000000000000e+04,-1.496800000000000000e+04
-2.751800000000000000e+04,2.155200000000000000e+04,-2.895800000000000000e+04,-1.765300000000000000e+04,-2.548800000000000000e+04,-2.077200000000000000e+04,-1.511200000000000000e+04,-2.073400000000000000e+04
-3.864000000000000000e+03,-1.228200000000000000e+04,-1.784400000000000000e+04,1.039900000000000000e+04,-1.954900000000000000e+04,-1.516200000000000000e+04,-2.041300000000000000e+04,-2.038400000000000000e+04
-2.614100000000000000e+04,-1.678200000000000000e+04,1.769300000000000000e+04,-1.400800000000000000e+04,-1.555000000000000000e+04,-2.879700000000000000e+04,-1.287400000000000000e+04,-1.784200000000000000e+04
-1.323700000000000000e+04,-2.282100000000000000e+04,-2.903600000000000000e+04,-1.920200000000000000e+04,3.368700000000000000e+04,-1.601600000000000000e+04,-1.744900000000000000e+04,-1.934500000000000000e+04
-6.799000000000000000e+03,-2.214900000000000000e+04,-8.995000000000000000e+03,-2.165300000000000000e+04,-8.514000000000000000e+03,9.678000000000000000e+03,-2.231800000000000000e+04,-1.417300000000000000e+04
-2.942700000000000000e+04,-1.650100000000000000e+04,-1.930100000000000000e+04,-9.641000000000000000e+03,-2.631600000000000000e+04,-2.312100000000000000e+04,1.733200000000000000e+04,-2.531500000000000000e+04
-1.699300000000000000e+04,-1.157400000000000000e+04,-1.666500000000000000e+04,-2.852900000000000000e+04,-1.584200000000000000e+04,-2.802700000000000000e+04,-1.546400000000000000e+04,1.733600000000000000e+04
-3.117500000000000000e+04,-1.588600000000000000e+04,-1.090200000000000000e+04,-2.315400000000000000e+04,-1.671000000000000000e+04,-1.607900000000000000e+04,-1.997400000000000000e+04,1.594600000000000000e+04
-2.614700000000000000e+04,-1.922200000000000000e+04,-1.974600000000000000e+04,-2.334900000000000000e+04,-1.366700000000000000e+04,-1.681100000000000000e+04,2.447900000000000000e+04,-2.391000000000000000e+04
-2.625800000000000000e+04,-1.725700000000000000e+04,4.063800000000000000e+04,-3.104700000000000000e+04,-2.813400000000000000e+04,-2.762600000000000000e+04,-2.102900000000000000e+04,-1.542200000000000000e+04
-3.999000000000000000e+03,-1.566500000000000000e+04,-5.232000000000000000e+03,-1.541100000000000000e+04,-7.794000000000000000e+03,-2.285800000000000000e+04,-2.512800000000000000e+04,-2.496300000000000000e+04
3.389000000000000000e+03,-1.713100000000000000e+04,-1.039300000000000000e+04,2.322000000000000000e+03,-3.438200000000000000e+04,-8.420000000000000000e+02,-1.913200000000000000e+04,-2.954700000000000000e+04
-1.689900000000000000e+04,-1.619400000000000000e+04,-1.216400000000000000e+04,-1.547800000000000000e+04,-1.439400000000000000e+04,6.094000000000000000e+03,-1.580200000000000000e+04,-1.917800000000000000e+04
-9.881000000000000000e+03,-1.052800000000000000e+04,8.433000000000000000e+03,-6.982000000000000000e+03,-6.961000000000000000e+03,-1.551900000000000000e+04,-7.437000000000000000e+03,-1.155400000000000000e+04
-2.570800000000000000e+04,3.439000000000000000e+04,-1.928900000000000000e+04,-2.597700000000000000e+04,-2.975800000000000000e+04,-3.383600000000000000e+04,-2.103900000000000000e+04,-2.112400000000000000e+04
-1.554700000000000000e+04,-1.673100000000000000e+04,-2.113100000000000000e+04,-2.519600000000000000e+04,-2.089500000000000000e+04,-1.291400000000000000e+04,2.022100000000000000e+04,-2.368900000000000000e+04
-2.316300000000000000e+04,-1.120400000000000000e+04,-1.432200000000000000e+04,-1.041800000000000000e+04,-1.964700000000000000e+04,-1.553400000000000000e+04,1.037800000000000000e+04,-2.128400000000000000e+04
-2.008200000000000000e+04,-1.358900000000000000e+04,1.833900000000000000e+04,-2.584000000000000000e+04,-1.230900000000000000e+04,-1.770600000000000000e+04,-1.601900000000000000e+04,-9.682000000000000000e+03
-2.142700000000000000e+04,1.909300000000000000e+04,-2.385400000000000000e+04,-1.689700000000000000e+04,-2.842100000000000000e+04,-1.678100000000000000e+04,-1.005600000000000000e+04,-2.386100000000000000e+04
-2.198300000000000000e+04,-1.594800000000000000e+04,-1.411200000000000000e+04,-1.319200000000000000e+04,-1.611800000000000000e+04,-2.350600000000000000e+04,-1.786400000000000000e+04,1.766700000000000000e+04
-1.664800000000000000e+04,1.180600000000000000e+04,-1.261800000000000000e+04,-2.978300000000000000e+04,-2.953700000000000000e+04,-1.791300000000000000e+04,-9.580000000000000000e+03,-2.730500000000000000e+04
1.003900000000000000e+04,-1.755900000000000000e+04,-1.554600000000000000e+04,6.633000000000000000e+03,-2.778100000000000000e+04,-4.967000000000000000e+03,-1.856000000000000000e+04,-2.604500000000000000e+04
7.719000000000000000e+03,-1.201500000000000000e+04,-1.197700000000000000e+04,-1.188400000000000000e+04,-2.681400000000000000e+04,-8.677000000000000000e+03,-2.312500000000000000e+04,-1.930800000000000000e+04
-1.958700000000000000e+04,-1.544800000000000000e+04,-1.248600000000000000e+04,-1.639300000000000000e+04,-1.871100000000000000e+04,-2.497300000000000000e+04,-1.763600000000000000e+04,1.904700000000000000e+04
-2.414900000000000000e+04,-1.682800000000000000e+04,-1.356600000000000000e+04,-1.735800000000000000e+04,-1.488300000000000000e+04,-2.418700000000000000e+04,-1.712800000000000000e+04,1.606100000000000000e+04
-1.681300000000000000e+04,-1.791300000000000000e+04,-1.323700000000000000e+04,-1.347700000000000000e+04,1.090700000000000000e+04,-1.363700000000000000e+04,-2.150900000000000000e+04,-2.078400000000000000e+04
-1.290100000000000000e+04,-1.804100000000000000e+04,-1.526600000000000000e+04,1.421100000000000000e+04,-1.720500000000000000e+04,-1.961100000000000000e+04,-5.433000000000000000e+03,-2.472900000000000000e+04
-9.134000000000000000e+03,1.700000000000000000e+04,-2.058800000000000000e+04,-1.982700000000000000e+04,-2.991400000000000000e+04,-1.616000000000000000e+04,-1.414700000000000000e+04,-2.571700000000000000e+04
-1.730900000000000000e+04,-2.077300000000000000e+04,-2.663800000000000000e+04,-2.374300000000000000e+04,3.226800000000000000e+04,-2.667000000000000000e+04,-2.027100000000000000e+04,-1.980400000000000000e+04
-2.297600000000000000e+04,-1.310000000000000000e+04,-1.670500000000000000e+04,-2.015400000000000000e+04,-1.352900000000000000e+04,-2.363200000000000000e+04,-1.067300000000000000e+04,1.693000000000000000e+04
-2.127900000000000000e+04,-2.526300000000000000e+04,-1.911100000000000000e+04,-1.424400000000000000e+04,-1.505000000000000000e+04,1.620200000000000000e+04,-1.962500000000000000e+04,-1.945400000000000000e+04
-8.360000000000000000e+03,-1.755500000000000000e+04,-2.035100000000000000e+04,-1.547500000000000000e+04,3.097000000000000000e+03,-5.616000000000000000e+03,-1.462000000000000000e+04,-2.346700000000000000e+04
-1.480200000000000000e+04,-2.106900000000000000e+04,-1.899400000000000000e+04,-2.207200000000000000e+04,2.414700000000000000e+04,-2.654500000000000000e+04,-2.398300000000000000e+04,-2.033800000000000000e+04
-1.406800000000000000e+04,-1.415900000000000000e+04,-1.437500000000000000e+04,-1.257000000000000000e+04,-6.881000000000000000e+03,-2.386400000000000000e+04,-1.588300000000000000e+04,1.602900000000000000e+04
-2.360800000000000000e+04,-1.721900000000000000e+04,3.721000000000000000e+03,-2.004700000000000000e+04,1.597000000000000000e+03,-2.031600000000000000e+04,-1.802700000000000000e+04,-1.169200000000000000e+04
-1.266800000000000000e+04,-1.233600000000000000e+04,1.207600000000000000e+04,-2.094600000000000000e+04,-1.473100000000000000e+04,-2.434800000000000000e+04,-1.092200000000000000e+04,-6.750000000000000000e+03
-1.380200000000000000e+04,1.657200000000000000e+04,-2.264300000000000000e+04,-1.102900000000000000e+04,-2.166500000000000000e+04,-2.939200000000000000e+04,-2.206400000000000000e+04,-1.583800000000000000e+04
-3.270300000000000000e+04,-1.314100000000000000e+04,-3.214000000000000000e+03,1.206900000000000000e+04,-2.776000000000000000e+04,-2.262800000000000000e+04,-1.146000000000000000e+04,-2.552900000000000000e+04
-1.108000000000000000e+04,2.685800000000000000e+04,-2.623300000000000000e+04,-1.531200000000000000e+04,-1.508900000000000000e+04,-1.190100000000000000e+04,-1.843200000000000000e+04,-1.832100000000000000e+04
-1.863200000000000000e+04,2.586100000000000000e+04,-1.806000000000000000e+04,-2.097900000000000000e+04,-2.570700000000000000e+04,-3.294200000000000000e+04,-1.905100000000000000e+04,-1.980800000000000000e+04
-2.980100000000000000e+04,2.968300000000000000e+04,-2.190200000000000000e+04,-2.784600000000000000e+04,-2.292900000000000000e+04,-1.734200000000000000e+04,-1.644500000000000000e+04,-2.356700000000000000e+04
-2.593300000000000000e+04,-2.350800000000000000e+04,1.295100000000000000e+04,-3.354100000000000000e+04,-1.361000000000000000e+04,-2.318900000000000000e+04,-1.761900000000000000e+04,-1.352800000000000000e+04
-2.358300000000000000e+04,-4.473000000000000000e+03,-2.151100000000000000e+04,-4.744000000000000000e+03,-2.122700000000000000e+04,-1.848400000000000000e+04,3.237000000000000000e+03,-1.877800000000000000e+04
-9.570000000000000000e+03,-1.916700000000000000e+04,-1.779200000000000000e+04,-3.225000000000000000e+03,-1.263300000000000000e+04,-2.034000000000000000e+03,-1.215900000000000000e+04,-1.764200000000000000e+04
-1.959800000000000000e+04,-1.852200000000000000e+04,-1.820200000000000000e+04,-2.628300000000000000e+04,-1.708400000000000000e+04,-2.263400000000000000e+04,2.171600000000000000e+04,-2.267500000000000000e+04
-2.781600000000000000e+04,-2.363300000000000000e+04,-1.092500000000000000e+04,-1.851000000000000000e+03,-2.094100000000000000e+04,1.062500000000000000e+04,-2.371300000000000000e+04,-1.416000000000000000e+04
-1.519200000000000000e+04,-1.445500000000000000e+04,-2.226400000000000000e+04,-7.880000000000000000e+03,8.389000000000000000e+03,-1.407300000000000000e+04,-2.054600000000000000e+04,-1.835800000000000000e+04
-2.250000000000000000e+04,-2.613300000000000000e+04,-1.463700000000000000e+04,-1.636900000000000000e+04,-1.573500000000000000e+04,2.546000000000000000e+04,-2.090800000000000000e+04,-2.005000000000000000e+04
-8.399000000000000000e+03,-1.906700000000000000e+04,-1.758000000000000000e+04,-1.955600000000000000e+04,-2.600600000000000000e+04,-1.929800000000000000e+04,2.183400000000000000e+04,-2.472000000000000000e+04
-1.596700000000000000e+04,-1.498400000000000000e+04,-1.193200000000000000e+04,-2.261600000000000000e+04,-1.926700000000000000e+04,-1.888800000000000000e+04,1.645100000000000000e+04,-2.042800000000000000e+04
-5.401000000000000000e+03,-1.553300000000000000e+04,-2.131300000000000000e+04,-6.840000000000000000e+02,-1.298200000000000000e+04,-2.917000000000000000e+03,-1.847000000000000000e+04,-2.110500000000000000e+04
-4.510000000000000000e+03,-1.499000000000000000e+04,-1.814900000000000000e+04,-1.317000000000000000e+03,-2.680000000000000000e+02,-1.851800000000000000e+04,-2.216900000000000000e+04,-1.820000000000000000e+04
-2.033800000000000000e+04,-2.145900000000000000e+04,-1.624200000000000000e+04,1.419900000000000000e+04,-2.846000000000000000e+04,-1.101600000000000000e+04,-1.751500000000000000e+04,-2.185300000000000000e+04
-2.696500000000000000e+04,-1.485900000000000000e+04,-2.026800000000000000e+04,-2.167800000000000000e+04,-1.760100000000000000e+04,-1.641100000000000000e+04,2.057200000000000000e+04,-2.082900000000000000e+04
-1.622800000000000000e+04,-1.454600000000000000e+04,-1.580100000000000000e+04,-2.074700000000000000e+04,-1.606100000000000000e+04,-2.405400000000000000e+04,-1.993000000000000000e+04,1.871700000000000000e+04
-2.817300000000000000e+04,-1.563500000000000000e+04,-1.255700000000000000e+04,-9.434000000000000000e+03,-2.592000000000000000e+04,-1.067800000000000000e+04,5.879000000000000000e+03,-2.640100000000000000e+04
-2.228200000000000000e+04,-1.498900000000000000e+04,-1.185500000000000000e+04,-1.343400000000000000e+04,-1.545700000000000000e+04,-1.846400000000000000e+04,-1.695600000000000000e+04,1.606500000000000000e+04
-1.425500000000000000e+04,3.256500000000000000e+04,-2.049200000000000000e+04,-1.553100000000000000e+04,-2.624700000000000000e+04,-2.684200000000000000e+04,-1.968800000000000000e+04,-2.056700000000000000e+04
-1.936900000000000000e+04,-2.085200000000000000e+04,-1.078100000000000000e+04,-3.646000000000000000e+03,-2.827600000000000000e+04,-4.946000000000000000e+03,-1.887200000000000000e+04,-2.546500000000000000e+04
3.078000000000000000e+04,-9.456000000000000000e+03,-2.001100000000000000e+04,-1.944200000000000000e+04,-2.972600000000000000e+04,-3.435000000000000000e+04,-1.134100000000000000e+04,-3.199700000000000000e+04
-3.897300000000000000e+04,-3.264600000000000000e+04,3.387800000000000000e+04,-1.598400000000000000e+04,-1.703000000000000000e+04,-1.718300000000000000e+04,-1.448600000000000000e+04,-1.875400000000000000e+04
-1.783900000000000000e+04,-1.186100000000000000e+04,-1.172500000000000000e+04,-2.356100000000000000e+04,-1.316500000000000000e+04,-2.449500000000000000e+04,-1.215300000000000000e+04,1.491200000000000000e+04
-1.043500000000000000e+04,-1.716800000000000000e+04,-1.432300000000000000e+04,1.567000000000000000e+03,-2.998000000000000000e+03,-4.675000000000000000e+03,-1.943800000000000000e+04,-1.542000000000000000e+04
-2.538000000000000000e+04,-1.359200000000000000e+04,-1.569100000000000000e+04,-2.294700000000000000e+04,-1.979900000000000000e+04,-1.284500000000000000e+04,1.562900000000000000e+04,-1.350500000000000000e+04
-2.660700000000000000e+04,2.416300000000000000e+04,-1.473400000000000000e+04,-2.490400000000000000e+04,-2.793900000000000000e+04,-2.034100000000000000e+04,-1.863800000000000000e+04,-2.450600000000000000e+04
-1.984600000000000000e+04,-1.450700000000000000e+04,-1.881600000000000000e+04,-1.940800000000000000e+04,-1.228200000000000000e+04,-2.792500000000000000e+04,-1.254900000000000000e+04,1.233900000000000000e+04
-7.646000000000000000e+03,-1.526500000000000000e+04,-1.302700000000000000e+04,1.170000000000000000e+03,-9.915000000000000000e+03,-2.313000000000000000e+03,-1.672400000000000000e+04,-2.622600000000000000e+04
8.808000000000000000e+03,-1.994700000000000000e+04,-1.568400000000000000e+04,-7.188000000000000000e+03,-2.308300000000000000e+04,4.110000000000000000e+02,-2.509900000000000000e+04,-2.172400000000000000e+04
-1.639300000000000000e+04,-1.341400000000000000e+04,-8.461000000000000000e+03,7.749000000000000000e+03,-3.335300000000000000e+04,-2.210700000000000000e+04,-1.763600000000000000e+04,-2.248000000000000000e+04
-1.804100000000000000e+04,-1.995700000000000000e+04,-1.749700000000000000e+04,3.433000000000000000e+03,-1.055300000000000000e+04,7.215000000000000000e+03,-2.229900000000000000e+04,-1.778800000000000000e+04
-1.121700000000000000e+04,1.510900000000000000e+04,-2.375900000000000000e+04,-2.873800000000000000e+04,-1.289500000000000000e+04,-2.742800000000000000e+04,-1.643200000000000000e+04,-1.885400000000000000e+04
-1.988900000000000000e+04,-1.460700000000000000e+04,-1.076400000000000000e+04,-1.793300000000000000e+04,-1.106300000000000000e+04,-2.162100000000000000e+04,-1.634200000000000000e+04,1.480300000000000000e+04
-2.390200000000000000e+04,1.168400000000000000e+04,-1.614100000000000000e+04,-1.650300000000000000e+04,-1.523500000000000000e+04,-5.520000000000000000e+03,-1.308500000000000000e+04,-7.901000000000000000e+03
-2.155600000000000000e+04,-1.319500000000000000e+04,-1.252800000000000000e+04,-2.107600000000000000e+04,-1.393500000000000000e+04,-1.550100000000000000e+04,-1.348300000000000000e+04,1.201600000000000000e+04
-2.143500000000000000e+04,-1.744600000000000000e+04,-2.091100000000000000e+04,-1.609200000000000000e+04,-2.136000000000000000e+04,-1.038200000000000000e+04,1.901600000000000000e+04,-2.624500000000000000e+04
-1.714200000000000000e+04,-1.682900000000000000e+04,-2.767300000000000000e+04,-8.767000000000000000e+03,-1.992200000000000000e+04,-2.015900000000000000e+04,1.473800000000000000e+04,-2.198200000000000000e+04
-2.083100000000000000e+04,-1.666000000000000000e+04,1.551400000000000000e+04,-2.576400000000000000e+04,-1.086400000000000000e+04,-2.818300000000000000e+04,-1.954000000000000000e+04,-1.343400000000000000e+04
-2.168100000000000000e+04,-1.292500000000000000e+04,-1.657400000000000000e+04,-1.736800000000000000e+04,-1.499300000000000000e+04,-2.343400000000000000e+04,-1.440700000000000000e+04,1.467000000000000000e+04
-1.532600000000000000e+04,-1.805100000000000000e+04,-2.261000000000000000e+04,2.086500000000000000e+04,-2.476300000000000000e+04,-1.301700000000000000e+04,-2.174600000000000000e+04,-2.261800000000000000e+04
5.194000000000000000e+03,-1.414800000000000000e+04,-3.900000000000000000e+03,-1.304100000000000000e+04,-1.742700000000000000e+04,-1.914000000000000000e+04,-1.976800000000000000e+04,-2.337400000000000000e+04
-1.679700000000000000e+04,-1.674600000000000000e+04,-1.542700000000000000e+04,9.333000000000000000e+03,-2.377200000000000000e+04,6.196000000000000000e+03,-2.017900000000000000e+04,-2.399900000000000000e+04
-8.213000000000000000e+03,-1.988200000000000000e+04,-1.992800000000000000e+04,3.099000000000000000e+03,-2.680000000000000000e+04,1.014000000000000000e+04,-1.299000000000000000e+04,-2.279900000000000000e+04
-2.505800000000000000e+04,-1.819900000000000000e+04,-1.742600000000000000e+04,-2.509700000000000000e+04,-1.892100000000000000e+04,-2.169800000000000000e+04,2.533400000000000000e+04,-2.331800000000000000e+04
-1.364700000000000000e+04,-2.112600000000000000e+04,-1.864800000000000000e+04,1.682000000000000000e+03,-1.904300000000000000e+04,9.401000000000000000e+03,-1.453800000000000000e+04,-2.143000000000000000e+04
-9.775000000000000000e+03,-1.136500000000000000e+04,-1.517000000000000000e+04,6.305000000000000000e+03,-1.137100000000000000e+04,-1.468000000000000000e+04,-2.111500000000000000e+04,-1.770300000000000000e+04
-1.313000000000000000e+04,-1.573300000000000000e+04,-1.035200000000000000e+04,1.348500000000000000e+04,-1.313200000000000000e+04,-1.087600000000000000e+04,-5.270000000000000000e+03,-2.144100000000000000e+04
-7.781000000000000000e+03,-2.010400000000000000e+04,-1.881400000000000000e+04,1.255000000000000000e+03,-1.418000000000000000e+04,-1.188200000000000000e+04,-1.508300000000000000e+04,-1.871300000000000000e+04
-7.404000000000000000e+03,-1.183000000000000000e+03,-1.477500000000000000e+04,3.390000000000000000e+02,-2.617500000000000000e+04,-3.295600000000000000e+04,-1.429200000000000000e+04,-2.419800000000000000e+04
-2.892900000000000000e+04,3.405500000000000000e+04,-2.047700000000000000e+04,-1.713500000000000000e+04,-2.583900000000000000e+04,-3.547700000000000000e+04,-1.907800000000000000e+04,-1.812100000000000000e+04
-1.269700000000000000e+04,-1.352400000000000000e+04,-1.465900000000000000e+04,-1.201200000000000000e+04,-1.471300000000000000e+04,1.191300000000000000e+04,-2.331200000000000000e+04,-1.603600000000000000e+04
-2.533800000000000000e+04,-2.201400000000000000e+04,-1.672400000000000000e+04,2.646000000000000000e+03,-2.874800000000000000e+04,-3.221400000000000000e+04,1.934400000000000000e+04,-3.033500000000000000e+04
-2.454300000000000000e+04,-1.446200000000000000e+04,-1.793900000000000000e+04,-1.920300000000000000e+04,-1.345500000000000000e+04,1.664100000000000000e+04,-1.010200000000000000e+04,-1.324700000000000000e+04
7.384000000000000000e+03,-1.357600000000000000e+04,-1.814200000000000000e+04,-4.853000000000000000e+03,-1.820900000000000000e+04,-2.114200000000000000e+04,-1.429100000000000000e+04,-2.426200000000000000e+04
-1.885200000000000000e+04,-2.098100000000000000e+04,-2.322500000000000000e+04,2.900000000000000000e+03,-1.937700000000000000e+04,-1.759500000000000000e+04,7.012000000000000000e+03,-2.667900000000000000e+04
-2.105500000000000000e+04,-1.702500000000000000e+04,-1.130900000000000000e+04,-1.658800000000000000e+04,-1.893500000000000000e+04,-2.294600000000000000e+04,2.004000000000000000e+04,-2.455300000000000000e+04
-1.148700000000000000e+04,-1.360900000000000000e+04,-1.958300000000000000e+04,1.223800000000000000e+04,-1.881900000000000000e+04,6.260000000000000000e+02,-2.429700000000000000e+04,-2.410500000000000000e+04
-1.824900000000000000e+04,1.631500000000000000e+04,-1.607100000000000000e+04,-1.109600000000000000e+04,-2.664000000000000000e+04,-2.065500000000000000e+04,-2.927900000000000000e+04,-2.150900000000000000e+04
-2.257100000000000000e+04,-1.611300000000000000e+04,-2.005400000000000000e+04,-2.939600000000000000e+04,-1.525300000000000000e+04,-4.190000000000000000e+03,2.148400000000000000e+04,-2.071100000000000000e+04
-3.282200000000000000e+04,-1.652800000000000000e+04,-1.657000000000000000e+04,-2.240500000000000000e+04,-1.829200000000000000e+04,-2.434200000000000000e+04,2.077600000000000000e+04,-2.321900000000000000e+04
-2.069400000000000000e+04,-2.091900000000000000e+04,-8.658000000000000000e+03,1.057200000000000000e+04,-6.278000000000000000e+03,-1.898500000000000000e+04,-1.152700000000000000e+04,-2.149800000000000000e+04
-2.007700000000000000e+04,-1.757800000000000000e+04,-2.373300000000000000e+04,-1.846400000000000000e+04,3.373600000000000000e+04,-1.793000000000000000e+04,-2.382900000000000000e+04,-1.794300000000000000e+04
-1.692000000000000000e+04,-2.240700000000000000e+04,-1.710700000000000000e+04,1.515900000000000000e+04,-1.205400000000000000e+04,-7.073000000000000000e+03,-1.978100000000000000e+04,-2.777100000000000000e+04
-1.766000000000000000e+04,-8.993000000000000000e+03,-2.577500000000000000e+04,-5.041000000000000000e+03,-2.878100000000000000e+04,-6.055000000000000000e+03,-1.101200000000000000e+04,-2.674700000000000000e+04
-1.295200000000000000e+04,-1.328000000000000000e+04,-1.452900000000000000e+04,-2.515300000000000000e+04,-1.717400000000000000e+04,-2.375900000000000000e+04,1.017400000000000000e+04,-1.880300000000000000e+04
-1.755000000000000000e+04,-2.351300000000000000e+04,-2.107100000000000000e+04,4.910000000000000000e+03,-2.767400000000000000e+04,-2.978100000000000000e+04,1.732200000000000000e+04,-2.749700000000000000e+04
-1.138300000000000000e+04,-1.513600000000000000e+04,-2.004000000000000000e+04,-4.203000000000000000e+03,1.604800000000000000e+04,-1.273100000000000000e+04,-1.678000000000000000e+04,-2.242500000000000000e+04
-3.770000000000000000e+02,-1.265200000000000000e+04,-1.181500000000000000e+04,6.712000000000000000e+03,-1.997100000000000000e+04,-1.716400000000000000e+04,-1.905500000000000000e+04,-2.099900000000000000e+04
-1.519200000000000000e+04,-1.976800000000000000e+04,-9.495000000000000000e+03,-2.003400000000000000e+04,-2.599300000000000000e+04,-2.821400000000000000e+04,2.309600000000000000e+04,-2.377600000000000000e+04
-2.015700000000000000e+04,-1.626700000000000000e+04,-1.247100000000000000e+04,1.486300000000000000e+04,-3.129700000000000000e+04,-1.083600000000000000e+04,-2.431300000000000000e+04,-1.838000000000000000e+04
-1.714800000000000000e+04,-3.141800000000000000e+04,-1.288400000000000000e+04,-7.975000000000000000e+03,-1.694100000000000000e+04,1.677200000000000000e+04,-2.570800000000000000e+04,-2.124400000000000000e+04
-2.737000000000000000e+04,3.257400000000000000e+04,-1.415300000000000000e+04,-1.919000000000000000e+04,-2.807900000000000000e+04,-2.940900000000000000e+04,-2.232500000000000000e+04,-2.810100000000000000e+04
-1.638800000000000000e+04,-1.170200000000000000e+04,-1.837900000000000000e+04,-2.084200000000000000e+04,-1.237800000000000000e+04,-2.553600000000000000e+04,-1.679600000000000000e+04,1.529500000000000000e+04
-1.988500000000000000e+04,2.384800000000000000e+04,-1.623200000000000000e+04,-2.422000000000000000e+04,-2.985700000000000000e+04,-3.078400000000000000e+04,-1.645700000000000000e+04,-2.268200000000000000e+04
1.955600000000000000e+04,-8.721000000000000000e+03,-2.021500000000000000e+04,-1.490100000000000000e+04,-2.185200000000000000e+04,-1.280000000000000000e+02,-1.562300000000000000e+04,-2.429600000000000000e+04
-1.762300000000000000e+04,-1.525500000000000000e+04,-1.646300000000000000e+04,3.993000000000000000e+03,-9.963000000000000000e+03,-3.204000000000000000e+03,-2.025500000000000000e+04,-2.670300000000000000e+04
-5.633000000000000000e+03,-1.263600000000000000e+04,-1.445000000000000000e+04,3.530000000000000000e+03,-1.775600000000000000e+04,4.569000000000000000e+03,-2.454500000000000000e+04,-1.924500000000000000e+04
-1.859100000000000000e+04,1.981700000000000000e+04,-2.511700000000000000e+04,-1.751900000000000000e+04,-1.307500000000000000e+04,-3.415600000000000000e+04,-9.937000000000000000e+03,-1.751300000000000000e+04
-2.450700000000000000e+04,2.487900000000000000e+04,-1.747800000000000000e+04,-2.746000000000000000e+04,-2.755800000000000000e+04,-2.076300000000000000e+04,-1.964100000000000000e+04,-2.179300000000000000e+04
-2.826300000000000000e+04,-2.031300000000000000e+04,1.314600000000000000e+04,-1.045900000000000000e+04,-1.212700000000000000e+04,-1.830200000000000000e+04,-1.550700000000000000e+04,-1.610400000000000000e+04
-1.722800000000000000e+04,-1.037800000000000000e+04,-1.901200000000000000e+04,-3.399800000000000000e+04,-1.864500000000000000e+04,-1.319400000000000000e+04,1.166800000000000000e+04,-1.282100000000000000e+04
-1.851300000000000000e+04,-1.469800000000000000e+04,-1.490800000000000000e+04,-1.611000000000000000e+04,-1.298000000000000000e+04,-2.533600000000000000e+04,-1.756900000000000000e+04,1.691400000000000000e+04
-1.648600000000000000e+04,-1.499600000000000000e+04,-1.355000000000000000e+04,3.491000000000000000e+03,-1.096300000000000000e+04,2.941000000000000000e+03,-2.290800000000000000e+04,-2.189300000000000000e+04
-6.176000000000000000e+03,-1.645200000000000000e+04,-1.110200000000000000e+04,5.510000000000000000e+02,-2.268000000000000000e+03,-3.011700000000000000e+04,-1.930000000000000000e+04,-1.509400000000000000e+04
-2.115800000000000000e+04,-1.722500000000000000e+04,-2.019500000000000000e+04,-1.867400000000000000e+04,2.417600000000000000e+04,-2.017400000000000000e+04,-2.447200000000000000e+04,-1.272800000000000000e+04
-3.651000000000000000e+03,-1.666200000000000000e+04,-2.206800000000000000e+04,1.720900000000000000e+04,-1.942500000000000000e+04,-5.200000000000000000e+02,-2.456400000000000000e+04,-2.376900000000000000e+04
-1.098300000000000000e+04,-1.931100000000000000e+04,-9.906000000000000000e+03,-4.887000000000000000e+03,-1.187700000000000000e+04,4.596000000000000000e+03,-2.303500000000000000e+04,-1.932800000000000000e+04
-1.074400000000000000e+04,-2.793900000000000000e+04,-1.814000000000000000e+04,-1.099900000000000000e+04,-1.963800000000000000e+04,3.129000000000000000e+03,-5.888000000000000000e+03,-2.377000000000000000e+04
-3.151000000000000000e+03,-2.165600000000000000e+04,-1.760400000000000000e+04,1.401800000000000000e+04,-2.362400000000000000e+04,-3.479000000000000000e+03,-2.282200000000000000e+04,-2.367000000000000000e+04
-1.338200000000000000e+04,-1.835100000000000000e+04,-1.592900000000000000e+04,-1.910000000000000000e+03,-1.880600000000000000e+04,4.039000000000000000e+03,-2.054500000000000000e+04,-1.624800000000000000e+04
-1.288100000000000000e+04,-2.019200000000000000e+04,-1.919100000000000000e+04,1.916000000000000000e+03,-1.213700000000000000e+04,4.896000000000000000e+03,-1.767600000000000000e+04,-2.079200000000000000e+04
-1.548000000000000000e+04,-1.651200000000000000e+04,-1.498200000000000000e+04,-2.544800000000000000e+04,-2.229500000000000000e+04,-2.485100000000000000e+04,2.008400000000000000e+04,-2.480100000000000000e+04
1.373500000000000000e+04,-1.583500000000000000e+04,-1.360500000000000000e+04,-1.688200000000000000e+04,-2.674500000000000000e+04,-1.267900000000000000e+04,-2.108500000000000000e+04,-2.371200000000000000e+04
-1.514700000000000000e+04,-7.932000000000000000e+03,-1.318000000000000000e+04,1.081400000000000000e+04,-1.520400000000000000e+04,-7.127000000000000000e+03,-1.086100000000000000e+04,-1.496500000000000000e+04
-2.075200000000000000e+04,-1.786900000000000000e+04,-1.595100000000000000e+04,1.602800000000000000e+04,-1.813600000000000000e+04,-1.793300000000000000e+04,-6.881000000000000000e+03,-2.016700000000000000e+04
-2.438900000000000000e+04,2.940400000000000000e+04,-2.055700000000000000e+04,-2.990800000000000000e+04,-2.588400000000000000e+04,-3.174900000000000000e+04,-2.097600000000000000e+04,-2.288800000000000000e+04
-3.049000000000000000e+04,1.335000000000000000e+04,-1.350500000000000000e+04,-1.400800000000000000e+04,-2.301900000000000000e+04,-2.084000000000000000e+04,-2.013400000000000000e+04,-1.973200000000000000e+04
-1.989800000000000000e+04,-2.477800000000000000e+04,-1.294900000000000000e+04,2.099000000000000000e+03,-1.746000000000000000e+04,-3.474100000000000000e+04,3.478000000000000000e+03,-2.854700000000000000e+04
-2.308100000000000000e+04,-1.349100000000000000e+04,-1.760400000000000000e+04,-2.197900000000000000e+04,-1.940700000000000000e+04,-2.654400000000000000e+04,-1.720700000000000000e+04,1.870900000000000000e+04
-9.102000000000000000e+03,2.707700000000000000e+04,-2.513600000000000000e+04,-2.152100000000000000e+04,-1.970800000000000000e+04,-2.813200000000000000e+04,-1.867200000000000000e+04,-1.887100000000000000e+04
-1.722500000000000000e+04,-2.245700000000000000e+04,-4.857000000000000000e+03,-1.920700000000000000e+04,-4.000000000000000000e+00,-2.450400000000000000e+04,-1.874600000000000000e+04,-2.164400000000000000e+04
-1.108500000000000000e+04,-1.955900000000000000e+04,-1.880300000000000000e+04,6.152000000000000000e+03,-1.590700000000000000e+04,-7.140000000000000000e+03,-5.226000000000000000e+03,-2.094300000000000000e+04
-2.135000000000000000e+04,-1.883900000000000000e+04,-1.826200000000000000e+04,-2.811000000000000000e+03,-1.800100000000000000e+04,3.340000000000000000e+02,-1.992100000000000000e+04,-1.975100000000000000e+04
-1.546800000000000000e+04,2.414100000000000000e+04,-1.248700000000000000e+04,-2.406200000000000000e+04,-3.999100000000000000e+04,-3.432900000000000000e+04,-1.277900000000000000e+04,-2.293300000000000000e+04
-1.970000000000000000e+02,-1.737800000000000000e+04,-9.325000000000000000e+03,-3.753000000000000000e+03,-8.931000000000000000e+03,-8.129000000000000000e+03,-2.204100000000000000e+04,-2.046000000000000000e+04
-2.528600000000000000e+04,-1.183500000000000000e+04,-1.247000000000000000e+04,-5.911000000000000000e+03,-2.055800000000000000e+04,-1.595100000000000000e+04,1.040200000000000000e+04,-1.672500000000000000e+04
-1.382900000000000000e+04,-1.100400000000000000e+04,-1.403000000000000000e+04,6.000000000000000000e+03,-1.014600000000000000e+04,-2.969000000000000000e+03,-1.378500000000000000e+04,-1.675500000000000000e+04
-1.568900000000000000e+04,-1.800800000000000000e+04,-1.540900000000000000e+04,-2.103400000000000000e+04,-2.508700000000000000e+04,-2.583700000000000000e+04,2.075000000000000000e+04,-2.105200000000000000e+04
-9.994000000000000000e+03,-1.824500000000000000e+04,-2.293300000000000000e+04,1.151100000000000000e+04,-1.438300000000000000e+04,-1.115000000000000000e+04,-2.040900000000000000e+04,-2.625700000000000000e+04
6.180000000000000000e+03,-2.123200000000000000e+04,-1.206600000000000000e+04,1.915000000000000000e+03,-2.352900000000000000e+04,-2.055500000000000000e+04,-1.848300000000000000e+04,-2.849000000000000000e+04
-2.409400000000000000e+04,-1.450400000000000000e+04,-1.820700000000000000e+04,-1.775000000000000000e+04,-1.839400000000000000e+04,-2.428000000000000000e+04,-1.818200000000000000e+04,1.572400000000000000e+04
-2.564600000000000000e+04,-2.241700000000000000e+04,2.531800000000000000e+04,-2.123900000000000000e+04,-1.804900000000000000e+04,-2.766800000000000000e+04,-2.143000000000000000e+04,-1.803700000000000000e+04
-2.051500000000000000e+04,4.648900000000000000e+04,-2.238600000000000000e+04,-2.845300000000000000e+04,-2.865800000000000000e+04,-3.545000000000000000e+04,-1.709300000000000000e+04,-2.406600000000000000e+04
-2.272000000000000000e+04,-1.979700000000000000e+04,-1.222800000000000000e+04,4.067000000000000000e+03,-3.195900000000000000e+04,-1.077200000000000000e+04,-1.379100000000000000e+04,-2.307500000000000000e+04
-1.039600000000000000e+04,-2.067200000000000000e+04,-1.864300000000000000e+04,1.126700000000000000e+04,-1.298800000000000000e+04,-1.650000000000000000e+04,-1.313800000000000000e+04,-1.953200000000000000e+04
-3.258700000000000000e+04,2.839200000000000000e+04,-1.829700000000000000e+04,-3.439200000000000000e+04,-2.282000000000000000e+04,-3.544000000000000000e+04,-1.322700000000000000e+04,-1.760200000000000000e+04
-9.393000000000000000e+03,-1.703800000000000000e+04,-1.773900000000000000e+04,1.249600000000000000e+04,-3.190000000000000000e+04,-3.251000000000000000e+03,-2.763100000000000000e+04,-2.605400000000000000e+04
-1.416200000000000000e+04,-1.433900000000000000e+04,-1.174400000000000000e+04,-2.948500000000000000e+04,-1.828500000000000000e+04,-1.386800000000000000e+04,1.815300000000000000e+04,-1.835700000000000000e+04
-2.198400000000000000e+04,-2.379500000000000000e+04,9.926000000000000000e+03,-2.307500000000000000e+04,-9.240000000000000000e+03,-2.933200000000000000e+04,-1.922600000000000000e+04,-1.852600000000000000e+04
1.278100000000000000e+04,-1.342800000000000000e+04,-2.150900000000000000e+04,-1.703500000000000000e+04,-2.349900000000000000e+04,-1.951300000000000000e+04,-2.043800000000000000e+04,-2.463000000000000000e+04
-2.195000000000000000e+04,-7.042000000000000000e+03,-1.540200000000000000e+04,1.056500000000000000e+04,-1.319800000000000000e+04,-4.252000000000000000e+03,-9.377000000000000000e+03,-1.686700000000000000e+04
-1.749600000000000000e+04,-1.294700000000000000e+04,-1.549500000000000000e+04,-1.606900000000000000e+04,-1.794800000000000000e+04,-2.751700000000000000e+04,-1.830100000000000000e+04,1.628900000000000000e+04
-2.456700000000000000e+04,-1.148100000000000000e+04,-1.200200000000000000e+04,-1.732900000000000000e+04,-1.651300000000000000e+04,-2.897400000000000000e+04,1.202700000000000000e+04,-1.676900000000000000e+04
-2.504700000000000000e+04,-1.567900000000000000e+04,-9.860000000000000000e+03,-2.253100000000000000e+04,-1.811800000000000000e+04,-2.285100000000000000e+04,-2.055000000000000000e+04,1.858200000000000000e+04
-8.647000000000000000e+03,-2.108700000000000000e+04,-2.326700000000000000e+04,1.133800000000000000e+04,-2.949900000000000000e+04,-7.002000000000000000e+03,-1.814300000000000000e+04,-2.816900000000000000e+04
-1.604000000000000000e+04,1.180200000000000000e+04,-1.378200000000000000e+04,-5.815000000000000000e+03,-3.194800000000000000e+04,-2.343000000000000000e+04,-2.159700000000000000e+04,-1.907400000000000000e+04
-2.016200000000000000e+04,-1.930100000000000000e+04,-1.179000000000000000e+04,-8.136000000000000000e+03,1.585000000000000000e+03,-1.054800000000000000e+04,-2.202800000000000000e+04,-2.086900000000000000e+04
-7.669000000000000000e+03,-1.931600000000000000e+04,-1.802500000000000000e+04,-1.434000000000000000e+03,-1.013700000000000000e+04,1.011000000000000000e+03,-1.852100000000000000e+04,-2.081000000000000000e+04
-1.560800000000000000e+04,2.621100000000000000e+04,-2.122800000000000000e+04,-2.643900000000000000e+04,-2.069100000000000000e+04,-2.224300000000000000e+04,-1.533700000000000000e+04,-1.685600000000000000e+04
-1.457600000000000000e+04,2.924000000000000000e+04,-2.558800000000000000e+04,-1.712500000000000000e+04,-2.595300000000000000e+04,-3.473300000000000000e+04,-1.965000000000000000e+04,-2.335100000000000000e+04
-2.324800000000000000e+04,-1.260200000000000000e+04,-2.099800000000000000e+04,-9.485000000000000000e+03,-2.174300000000000000e+04,-2.292300000000000000e+04,3.481000000000000000e+03,-3.044800000000000000e+04
-2.504100000000000000e+04,-1.720800000000000000e+04,-1.443800000000000000e+04,-1.571900000000000000e+04,-1.809700000000000000e+04,-2.168400000000000000e+04,-1.793800000000000000e+04,1.529800000000000000e+04
-2.774700000000000000e+04,-1.818900000000000000e+04,-1.185800000000000000e+04,-9.344000000000000000e+03,-1.617300000000000000e+04,2.259900000000000000e+04,-2.442000000000000000e+04,-1.263200000000000000e+04
-1.494100000000000000e+04,-1.441500000000000000e+04,-1.277800000000000000e+04,-1.028400000000000000e+04,-1.836400000000000000e+04,7.526000000000000000e+03,-2.188200000000000000e+04,-1.765800000000000000e+04
-3.201100000000000000e+04,1.837500000000000000e+04,-2.216500000000000000e+04,-1.814800000000000000e+04,-2.075900000000000000e+04,-2.612500000000000000e+04,-9.866000000000000000e+03,-1.547700000000000000e+04
-3.783000000000000000e+03,-1.739500000000000000e+04,-1.612100000000000000e+04,-1.953500000000000000e+04,9.258000000000000000e+03,-1.982900000000000000e+04,-1.836200000000000000e+04,-1.930800000000000000e+04
-1.801500000000000000e+04,-1.211900000000000000e+04,-1.803400000000000000e+04,-1.881700000000000000e+04,-1.433900000000000000e+04,-2.787000000000000000e+04,-1.190400000000000000e+04,1.676200000000000000e+04
-2.585200000000000000e+04,-2.159200000000000000e+04,-1.481300000000000000e+04,-1.064100000000000000e+04,-1.866500000000000000e+04,1.597200000000000000e+04,-2.003100000000000000e+04,-1.733800000000000000e+04
-1.382900000000000000e+04,-1.036400000000000000e+04,-1.635900000000000000e+04,-1.193500000000000000e+04,-2.066800000000000000e+04,-1.797800000000000000e+04,6.484000000000000000e+03,-1.386600000000000000e+04
-3.958600000000000000e+04,3.609000000000000000e+04,-1.955800000000000000e+04,-2.997200000000000000e+04,-2.460100000000000000e+04,-3.062800000000000000e+04,-1.702400000000000000e+04,-2.340300000000000000e+04
-5.473000000000000000e+03,3.425800000000000000e+04,-1.970800000000000000e+04,-1.121200000000000000e+04,-2.990900000000000000e+04,-4.898000000000000000e+04,-2.354200000000000000e+04,-2.425200000000000000e+04
-2.702100000000000000e+04,-1.550300000000000000e+04,-3.539000000000000000e+03,-7.293000000000000000e+03,8.209000000000000000e+03,-1.592600000000000000e+04,-1.482900000000000000e+04,-1.956800000000000000e+04
-2.043400000000000000e+04,-1.497800000000000000e+04,-1.785800000000000000e+04,-2.951500000000000000e+04,-1.844000000000000000e+04,-2.473000000000000000e+04,2.566900000000000000e+04,-2.185600000000000000e+04
-1.186900000000000000e+04,-1.345800000000000000e+04,-1.789500000000000000e+04,1.814300000000000000e+04,-3.481600000000000000e+04,-1.706600000000000000e+04,-2.156300000000000000e+04,-2.450700000000000000e+04
-1.697700000000000000e+04,-1.128300000000000000e+04,-1.827400000000000000e+04,8.380000000000000000e+02,-1.640800000000000000e+04,-1.844000000000000000e+04,-5.957000000000000000e+03,-2.738300000000000000e+04
-1.162100000000000000e+04,-2.078200000000000000e+04,-1.370200000000000000e+04,-1.367300000000000000e+04,-1.185700000000000000e+04,1.159500000000000000e+04,-1.839100000000000000e+04,-1.797100000000000000e+04
-1.132300000000000000e+04,-2.219600000000000000e+04,-1.368900000000000000e+04,-7.981000000000000000e+03,6.448000000000000000e+03,2.208000000000000000e+03,-2.087700000000000000e+04,-1.687800000000000000e+04
-1.307900000000000000e+04,7.357000000000000000e+03,-2.031000000000000000e+04,-2.858000000000000000e+03,-2.123500000000000000e+04,-2.873300000000000000e+04,-9.592000000000000000e+03,-1.812800000000000000e+04
-8.072000000000000000e+03,-1.464100000000000000e+04,-2.010700000000000000e+04,1.755000000000000000e+03,-1.320100000000000000e+04,-1.095100000000000000e+04,-2.083400000000000000e+04,-2.007400000000000000e+04
-1.532500000000000000e+04,2.181300000000000000e+04,-2.543300000000000000e+04,-2.189900000000000000e+04,-1.774300000000000000e+04,-2.570400000000000000e+04,-1.535300000000000000e+04,-2.161100000000000000e+04
-2.345100000000000000e+04,-1.863800000000000000e+04,1.736700000000000000e+04,-2.754200000000000000e+04,-1.506200000000000000e+04,-2.460600000000000000e+04,-1.743000000000000000e+04,-9.712000000000000000e+03
-7.253000000000000000e+03,1.110000000000000000e+04,-9.593000000000000000e+03,-1.841200000000000000e+04,-2.539400000000000000e+04,-2.326600000000000000e+04,-1.254300000000000000e+04,-2.374200000000000000e+04
-1.405400000000000000e+04,-1.547100000000000000e+04,-7.935000000000000000e+03,-1.835600000000000000e+04,1.398300000000000000e+04,-2.532000000000000000e+04,-2.212000000000000000e+04,-1.961100000000000000e+04
-1.534000000000000000e+03,-2.013000000000000000e+04,-1.735800000000000000e+04,7.016000000000000000e+03,-1.260900000000000000e+04,-1.761000000000000000e+03,-1.862300000000000000e+04,-1.238900000000000000e+04
-5.933000000000000000e+03,-1.930300000000000000e+04,-2.305400000000000000e+04,8.394000000000000000e+03,-1.239500000000000000e+04,-1.833700000000000000e+04,-1.392600000000000000e+04,-1.896500000000000000e+04
-1.392900000000000000e+04,-2.315000000000000000e+04,-2.122300000000000000e+04,3.730000000000000000e+03,-2.421200000000000000e+04,2.069000000000000000e+03,-2.332800000000000000e+04,-2.037100000000000000e+04
-4.204300000000000000e+04,-1.504500000000000000e+04,-1.015100000000000000e+04,-1.565700000000000000e+04,-2.350200000000000000e+04,-1.723000000000000000e+04,-2.192600000000000000e+04,7.255000000000000000e+03
-1.860600000000000000e+04,2.167500000000000000e+04,-1.749000000000000000e+04,-3.082400000000000000e+04,-2.736700000000000000e+04,-2.107700000000000000e+04,-2.002300000000000000e+04,-2.660100000000000000e+04
-2.333600000000000000e+04,2.807900000000000000e+04,-1.799400000000000000e+04,-3.797000000000000000e+04,-2.667500000000000000e+04,-2.378300000000000000e+04,-1.025800000000000000e+04,-2.280000000000000000e+04
-1.386400000000000000e+04,-1.415300000000000000e+04,-1.711400000000000000e+04,-2.523200000000000000e+04,-1.782400000000000000e+04,-1.813500000000000000e+04,2.178800000000000000e+04,-2.084800000000000000e+04
-1.258400000000000000e+04,-1.554300000000000000e+04,-1.862200000000000000e+04,-2.054000000000000000e+03,-1.214900000000000000e+04,1.259400000000000000e+04,-1.731800000000000000e+04,-1.933800000000000000e+04
-1.749300000000000000e+04,-9.288000000000000000e+03,-2.172100000000000000e+04,1.410200000000000000e+04,-8.857000000000000000e+03,-6.104000000000000000e+03,-1.509000000000000000e+04,-1.816300000000000000e+04
-1.829500000000000000e+04,-1.796300000000000000e+04,-1.240200000000000000e+04,-2.648900000000000000e+04,-2.717900000000000000e+04,-2.165100000000000000e+04,1.776000000000000000e+04,-2.904300000000000000e+04
-2.207000000000000000e+03,-1.764100000000000000e+04,-1.838900000000000000e+04,-9.594000000000000000e+03,-1.732900000000000000e+04,-1.971300000000000000e+04,-2.703000000000000000e+03,-2.273200000000000000e+04
-1.039200000000000000e+04,-1.820000000000000000e+04,-2.009800000000000000e+04,-1.921900000000000000e+04,1.148200000000000000e+04,-2.275200000000000000e+04,-1.918600000000000000e+04,-1.871300000000000000e+04
-1.597400000000000000e+04,-1.068400000000000000e+04,-2.238000000000000000e+03,-2.310600000000000000e+04,-1.351600000000000000e+04,-2.622900000000000000e+04,-1.497100000000000000e+04,1.442100000000000000e+04
-1.368600000000000000e+04,5.604000000000000000e+03,-1.254900000000000000e+04,-8.967000000000000000e+03,-2.009500000000000000e+04,-2.303800000000000000e+04,-1.311500000000000000e+04,-2.459300000000000000e+04
-1.493900000000000000e+04,-2.173900000000000000e+04,-1.654000000000000000e+04,-1.514100000000000000e+04,-1.439100000000000000e+04,-2.625600000000000000e+04,1.986700000000000000e+04,-2.280100000000000000e+04
-2.443300000000000000e+04,-1.696900000000000000e+04,-1.700700000000000000e+04,-1.701700000000000000e+04,-1.760500000000000000e+04,-2.258500000000000000e+04,-2.028300000000000000e+04,1.730200000000000000e+04
-3.278800000000000000e+04,-2.028100000000000000e+04,7.582000000000000000e+03,5.118000000000000000e+03,-2.970700000000000000e+04,-2.622500000000000000e+04,-1.640000000000000000e+02,-2.539100000000000000e+04
-1.977700000000000000e+04,-1.199000000000000000e+04,-1.325800000000000000e+04,-1.031100000000000000e+04,-1.271500000000000000e+04,-2.261700000000000000e+04,-1.506600000000000000e+04,1.389500000000000000e+04
-9.180000000000000000e+03,-1.093900000000000000e+04,-8.666000000000000000e+03,1.187900000000000000e+04,-1.249900000000000000e+04,-1.825200000000000000e+04,-1.296100000000000000e+04,-2.084700000000000000e+04
1.115600000000000000e+04,-1.674900000000000000e+04,-2.106800000000000000e+04,-8.277000000000000000e+03,-8.120000000000000000e+02,-8.961000000000000000e+03,-1.541700000000000000e+04,-1.394800000000000000e+04
-1.901200000000000000e+04,-1.324200000000000000e+04,-1.489600000000000000e+04,-1.853700000000000000e+04,-1.428000000000000000e+04,-2.584800000000000000e+04,-1.656300000000000000e+04,1.781900000000000000e+04
-1.859100000000000000e+04,-1.584500000000000000e+04,2.145800000000000000e+04,-2.991300000000000000e+04,-1.657900000000000000e+04,-2.928000000000000000e+04,-2.072500000000000000e+04,-1.045500000000000000e+04
-2.244300000000000000e+04,3.533000000000000000e+04,-1.769800000000000000e+04,-3.671500000000000000e+04,-3.345800000000000000e+04,-3.100600000000000000e+04,-2.113300000000000000e+04,-2.488100000000000000e+04
-2.403700000000000000e+04,-1.260200000000000000e+04,-1.739500000000000000e+04,-1.702700000000000000e+04,-1.832900000000000000e+04,-2.447300000000000000e+04,-1.977700000000000000e+04,1.954700000000000000e+04
-1.893400000000000000e+04,-1.316300000000000000e+04,-1.166900000000000000e+04,-1.306100000000000000e+04,-1.603200000000000000e+04,-2.021600000000000000e+04,-1.687800000000000000e+04,1.175200000000000000e+04
-2.203900000000000000e+04,-2.496800000000000000e+04,-1.217600000000000000e+04,-8.298000000000000000e+03,-1.332000000000000000e+04,1.089600000000000000e+04,-2.404400000000000000e+04,-1.680700000000000000e+04
-1.530000000000000000e+04,-1.645600000000000000e+04,-1.367500000000000000e+04,-1.304000000000000000e+04,1.049600000000000000e+04,-2.061200000000000000e+04,-1.954800000000000000e+04,-1.956700000000000000e+04
-4.323000000000000000e+03,1.852000000000000000e+04,-1.759600000000000000e+04,-2.588200000000000000e+04,-3.153500000000000000e+04,-2.995300000000000000e+04,-1.601200000000000000e+04,-2.696500000000000000e+04
-2.355100000000000000e+04,-1.797000000000000000e+04,8.272000000000000000e+03,-2.075600000000000000e+04,-1.268800000000000000e+04,-2.595200000000000000e+04,-1.708600000000000000e+04,-6.643000000000000000e+03
-1.221200000000000000e+04,-1.734000000000000000e+04,-1.551600000000000000e+04,1.416200000000000000e+04,-2.679900000000000000e+04,-1.445800000000000000e+04,-2.450600000000000000e+04,-2.372700000000000000e+04
-8.011000000000000000e+03,-9.282000000000000000e+03,-2.148500000000000000e+04,-1.451600000000000000e+04,-1.386400000000000000e+04,1.001800000000000000e+04,-2.470200000000000000e+04,-2.063500000000000000e+04
-2.280100000000000000e+04,-2.135500000000000000e+04,-1.646400000000000000e+04,-4.697000000000000000e+03,1.990600000000000000e+04,-2.297400000000000000e+04,-1.598300000000000000e+04,-1.878800000000000000e+04
3.743000000000000000e+03,-1.024400000000000000e+04,-1.621800000000000000e+04,-5.120000000000000000e+02,-1.644900000000000000e+04,-1.146800000000000000e+04,-1.706700000000000000e+04,-1.769300000000000000e+04
-2.328300000000000000e+04,-2.081600000000000000e+04,1.783300000000000000e+04,-3.101500000000000000e+04,-2.110600000000000000e+04,-2.301900000000000000e+04,-1.289300000000000000e+04,-1.222700000000000000e+04
-2.185600000000000000e+04,-1.679300000000000000e+04,-1.530500000000000000e+04,-1.938400000000000000e+04,-1.331300000000000000e+04,-2.386400000000000000e+04,-1.585700000000000000e+04,1.916600000000000000e+04
-1.727000000000000000e+04,3.501200000000000000e+04,-2.267900000000000000e+04,-1.680700000000000000e+04,-2.901000000000000000e+04,-4.015100000000000000e+04,-2.702300000000000000e+04,-2.091600000000000000e+04
-1.578400000000000000e+04,2.061100000000000000e+04,-1.789600000000000000e+04,-9.793000000000000000e+03,-3.666700000000000000e+04,-3.190800000000000000e+04,-1.439900000000000000e+04,-2.387500000000000000e+04
-1.613200000000000000e+04,-1.271700000000000000e+04,-1.508200000000000000e+04,1.330800000000000000e+04,-5.001000000000000000e+03,-2.936000000000000000e+03,-1.376800000000000000e+04,-1.515400000000000000e+04
-1.590300000000000000e+04,-1.415200000000000000e+04,-1.383100000000000000e+04,-1.922300000000000000e+04,-1.426300000000000000e+04,-2.875700000000000000e+04,-1.229700000000000000e+04,1.232800000000000000e+04
-1.014600000000000000e+04,-1.530800000000000000e+04,-1.499800000000000000e+04,-6.109000000000000000e+03,-1.407900000000000000e+04,-1.954600000000000000e+04,1.196300000000000000e+04,-1.748200000000000000e+04
-1.402000000000000000e+04,-2.349400000000000000e+04,-1.409300000000000000e+04,1.629000000000000000e+04,-6.055000000000000000e+03,-2.122700000000000000e+04,-1.554000000000000000e+04,-2.389100000000000000e+04
-9.093000000000000000e+03,-1.770700000000000000e+04,-9.236000000000000000e+03,1.195300000000000000e+04,-1.894200000000000000e+04,-1.038100000000000000e+04,-2.305400000000000000e+04,-2.436700000000000000e+04
-2.483100000000000000e+04,3.485000000000000000e+04,-1.670900000000000000e+04,-1.545300000000000000e+04,-2.307800000000000000e+04,-1.969100000000000000e+04,-1.674900000000000000e+04,-1.883000000000000000e+04
-3.068200000000000000e+04,-2.295100000000000000e+04,-1.347000000000000000e+04,1.784100000000000000e+04,-2.188700000000000000e+04,-3.753000000000000000e+03,-1.421700000000000000e+04,-2.330500000000000000e+04
-2.014700000000000000e+04,-1.400700000000000000e+04,-1.919900000000000000e+04,-5.844000000000000000e+03,8.554000000000000000e+03,-2.281300000000000000e+04,-1.892800000000000000e+04,-2.341200000000000000e+04
-2.299400000000000000e+04,-1.845500000000000000e+04,2.823600000000000000e+04,-2.343800000000000000e+04,-2.220100000000000000e+04,-2.849700000000000000e+04,-1.577900000000000000e+04,-1.321100000000000000e+04
-2.190600000000000000e+04,2.997600000000000000e+04,-2.181800000000000000e+04,-2.163400000000000000e+04,-2.878300000000000000e+04,-3.133300000000000000e+04,-1.779300000000000000e+04,-1.812600000000000000e+04
-1.795200000000000000e+04,-2.379700000000000000e+04,9.311000000000000000e+03,-3.123000000000000000e+03,-1.902900000000000000e+04,-2.142200000000000000e+04,-1.600200000000000000e+04,-2.072400000000000000e+04
-1.742800000000000000e+04,2.693000000000000000e+04,-2.109700000000000000e+04,-1.661000000000000000e+04,-1.219500000000000000e+04,-2.286300000000000000e+04,-1.362900000000000000e+04,-1.996100000000000000e+04
-1.115000000000000000e+04,1.412400000000000000e+04,-2.400800000000000000e+04,-1.249000000000000000e+03,-1.980500000000000000e+04,-2.034100000000000000e+04,-3.324000000000000000e+04,-2.104300000000000000e+04
-2.290400000000000000e+04,-2.404900000000000000e+04,-6.619000000000000000e+03,2.998000000000000000e+03,-2.376900000000000000e+04,-1.488300000000000000e+04,-4.156000000000000000e+03,-2.328400000000000000e+04
-9.716000000000000000e+03,3.211000000000000000e+04,-1.441900000000000000e+04,-3.542000000000000000e+04,-2.122600000000000000e+04,-3.063500000000000000e+04,-2.460500000000000000e+04,-1.813700000000000000e+04
-2.538500000000000000e+04,-1.425800000000000000e+04,-1.176900000000000000e+04,-1.949300000000000000e+04,-3.051200000000000000e+04,-2.870900000000000000e+04,1.261100000000000000e+04,-2.554000000000000000e+04
-2.597100000000000000e+04,-1.741100000000000000e+04,-1.506700000000000000e+04,-2.077900000000000000e+04,-2.495900000000000000e+04,-2.511500000000000000e+04,2.223400000000000000e+04,-2.080300000000000000e+04
-2.168200000000000000e+04,-2.025200000000000000e+04,-2.154600000000000000e+04,-2.292100000000000000e+04,-2.617600000000000000e+04,-3.177600000000000000e+04,3.477200000000000000e+04,-3.073300000000000000e+04
-1.308700000000000000e+04,-1.643400000000000000e+04,-1.354400000000000000e+04,-1.676700000000000000e+04,1.164800000000000000e+04,-1.295100000000000000e+04,-2.210000000000000000e+04,-1.252300000000000000e+04
-2.151000000000000000e+04,-1.138600000000000000e+04,-1.668900000000000000e+04,5.247000000000000000e+03,-1.177000000000000000e+04,-4.755000000000000000e+03,-3.377000000000000000e+03,-1.454700000000000000e+04
-9.216000000000000000e+03,-2.284300000000000000e+04,5.077000000000000000e+03,4.570000000000000000e+03,-2.100000000000000000e+04,-2.667600000000000000e+04,-1.985200000000000000e+04,-1.899300000000000000e+04
-2.850000000000000000e+03,-1.913100000000000000e+04,-1.378400000000000000e+04,-5.710000000000000000e+03,-1.588900000000000000e+04,-1.336200000000000000e+04,-1.981200000000000000e+04,-2.356400000000000000e+04
-1.158600000000000000e+04,3.796400000000000000e+04,-1.916900000000000000e+04,-2.482800000000000000e+04,-2.785500000000000000e+04,-3.264900000000000000e+04,-2.058000000000000000e+04,-2.136700000000000000e+04
6.415000000000000000e+03,-1.721700000000000000e+04,-1.542800000000000000e+04,7.510000000000000000e+02,-1.906400000000000000e+04,-1.130900000000000000e+04,-2.020000000000000000e+04,-2.684500000000000000e+04
2.857000000000000000e+03,-4.599000000000000000e+03,-2.343900000000000000e+04,-1.323900000000000000e+04,-1.874900000000000000e+04,-1.776200000000000000e+04,-1.571100000000000000e+04,-2.181200000000000000e+04
-1.842400000000000000e+04,-1.764300000000000000e+04,2.167900000000000000e+04,-1.893900000000000000e+04,-2.222500000000000000e+04,-2.323100000000000000e+04,-1.665300000000000000e+04,-1.965300000000000000e+04
-9.670000000000000000e+03,-9.572000000000000000e+03,-1.892900000000000000e+04,4.898000000000000000e+03,-1.980200000000000000e+04,-6.569000000000000000e+03,-2.213300000000000000e+04,-2.148600000000000000e+04
-1.440000000000000000e+02,6.708000000000000000e+03,-2.354000000000000000e+04,2.061000000000000000e+03,-1.997700000000000000e+04,-2.515700000000000000e+04,-1.689300000000000000e+04,-2.238500000000000000e+04
-2.360600000000000000e+04,-1.450000000000000000e+04,-1.763300000000000000e+04,-2.871000000000000000e+04,-1.662600000000000000e+04,-1.337300000000000000e+04,1.725300000000000000e+04,-1.510200000000000000e+04
7.311000000000000000e+03,-1.341400000000000000e+04,-1.509300000000000000e+04,-3.434000000000000000e+03,-2.601900000000000000e+04,-1.593500000000000000e+04,-2.492900000000000000e+04,-2.554800000000000000e+04
-1.128600000000000000e+04,-1.551000000000000000e+04,-2.139100000000000000e+04,-2.672800000000000000e+04,8.380000000000000000e+03,-1.498600000000000000e+04,-6.837000000000000000e+03,-2.014100000000000000e+04
-1.363900000000000000e+04,-1.324100000000000000e+04,-1.994400000000000000e+04,-2.164900000000000000e+04,-2.312300000000000000e+04,-9.053000000000000000e+03,1.916700000000000000e+04,-2.391400000000000000e+04
-2.066500000000000000e+04,-1.629900000000000000e+04,4.972000000000000000e+03,-9.377000000000000000e+03,-1.062800000000000000e+04,-3.187600000000000000e+04,-1.058400000000000000e+04,-1.787000000000000000e+04
-1.355800000000000000e+04,-1.650700000000000000e+04,-2.085400000000000000e+04,-1.876100000000000000e+04,1.712600000000000000e+04,-1.938200000000000000e+04,-2.376900000000000000e+04,-2.019200000000000000e+04
-1.894800000000000000e+04,-7.373000000000000000e+03,-2.684000000000000000e+03,-1.085300000000000000e+04,-2.649800000000000000e+04,-3.543600000000000000e+04,-4.389000000000000000e+03,-2.386500000000000000e+04
-2.203200000000000000e+04,-1.714000000000000000e+04,-1.398700000000000000e+04,9.843000000000000000e+03,-1.448700000000000000e+04,-2.542400000000000000e+04,-1.006000000000000000e+04,-2.614000000000000000e+04
1.854000000000000000e+03,-2.006700000000000000e+04,-1.922500000000000000e+04,7.020000000000000000e+02,-2.441500000000000000e+04,-1.206700000000000000e+04,-1.426200000000000000e+04,-2.609700000000000000e+04
-2.163700000000000000e+04,-1.742200000000000000e+04,-1.501700000000000000e+04,-5.108000000000000000e+03,-1.887700000000000000e+04,1.205200000000000000e+04,-2.124500000000000000e+04,-2.088600000000000000e+04
-2.027600000000000000e+04,-1.577900000000000000e+04,-1.366000000000000000e+04,-1.446400000000000000e+04,8.926000000000000000e+03,-1.357600000000000000e+04,-2.032600000000000000e+04,-2.128800000000000000e+04
-6.467000000000000000e+03,-4.798000000000000000e+03,5.220000000000000000e+03,-1.155700000000000000e+04,-4.076000000000000000e+03,-1.784900000000000000e+04,-1.218200000000000000e+04,-1.563600000000000000e+04
-2.315600000000000000e+04,-1.591900000000000000e+04,-1.553600000000000000e+04,-2.294700000000000000e+04,-1.446400000000000000e+04,-2.559000000000000000e+04,-2.019400000000000000e+04,1.875100000000000000e+04
-2.833100000000000000e+04,-1.743600000000000000e+04,-1.031100000000000000e+04,-1.961200000000000000e+04,-2.108200000000000000e+04,-1.805800000000000000e+04,2.508700000000000000e+04,-2.533300000000000000e+04
-1.021600000000000000e+04,-1.646500000000000000e+04,-2.143500000000000000e+04,1.370000000000000000e+02,-2.476900000000000000e+04,-1.633200000000000000e+04,1.460200000000000000e+04,-2.833000000000000000e+04
-3.067300000000000000e+04,-1.845200000000000000e+04,-2.007400000000000000e+04,-1.534100000000000000e+04,-2.894200000000000000e+04,-2.391600000000000000e+04,2.002000000000000000e+04,-2.918300000000000000e+04
-2.181200000000000000e+04,-1.249200000000000000e+04,-1.650800000000000000e+04,-1.785600000000000000e+04,-1.055000000000000000e+04,-2.341300000000000000e+04,-1.377300000000000000e+04,1.805900000000000000e+04
-2.132500000000000000e+04,-2.530100000000000000e+04,-4.707000000000000000e+03,9.905000000000000000e+03,-2.530300000000000000e+04,-2.364400000000000000e+04,-5.788000000000000000e+03,-2.958400000000000000e+04
-1.913600000000000000e+04,-1.765100000000000000e+04,-2.107200000000000000e+04,-1.626700000000000000e+04,-2.015100000000000000e+04,-2.503000000000000000e+04,2.350800000000000000e+04,-2.690000000000000000e+04
-1.766800000000000000e+04,-1.792800000000000000e+04,-1.916600000000000000e+04,2.109800000000000000e+04,-3.062600000000000000e+04,-1.720900000000000000e+04,-2.655400000000000000e+04,-2.528400000000000000e+04
-9.570000000000000000e+03,2.731000000000000000e+04,-2.452900000000000000e+04,-2.271700000000000000e+04,-2.420000000000000000e+04,-3.022400000000000000e+04,-1.699700000000000000e+04,-2.009100000000000000e+04
-2.375700000000000000e+04,-1.736900000000000000e+04,-1.088200000000000000e+04,-2.354900000000000000e+04,-1.806200000000000000e+04,-1.713700000000000000e+04,1.406500000000000000e+04,-2.460700000000000000e+04
-1.794600000000000000e+04,3.293400000000000000e+04,-2.925800000000000000e+04,-1.675500000000000000e+04,-2.021500000000000000e+04,-3.004800000000000000e+04,-2.472200000000000000e+04,-1.774500000000000000e+04
-1.717200000000000000e+04,-1.303800000000000000e+04,-1.771300000000000000e+04,3.165000000000000000e+03,-2.048000000000000000e+04,-7.310000000000000000e+02,-2.560500000000000000e+04,-1.840300000000000000e+04
-2.071400000000000000e+04,-1.501100000000000000e+04,-1.291600000000000000e+04,-1.547000000000000000e+04,-1.226500000000000000e+04,-2.453200000000000000e+04,-1.532300000000000000e+04,1.486000000000000000e+04
-1.633600000000000000e+04,-1.933000000000000000e+04,-1.498200000000000000e+04,-1.533900000000000000e+04,-1.895200000000000000e+04,2.426400000000000000e+04,-1.414400000000000000e+04,-1.771700000000000000e+04
-6.834000000000000000e+03,3.085000000000000000e+03,-6.773000000000000000e+03,3.690000000000000000e+02,-2.063500000000000000e+04,-2.554200000000000000e+04,-1.935900000000000000e+04,-1.838300000000000000e+04
-1.804800000000000000e+04,-1.730300000000000000e+04,-2.423500000000000000e+04,-2.591100000000000000e+04,-2.467100000000000000e+04,-2.187500000000000000e+04,1.677900000000000000e+04,-2.230400000000000000e+04
-2.417700000000000000e+04,2.537300000000000000e+04,-2.104800000000000000e+04,-8.842000000000000000e+03,-1.617100000000000000e+04,-2.543500000000000000e+04,-1.836700000000000000e+04,-1.421700000000000000e+04
-1.271200000000000000e+04,-2.321300000000000000e+04,-2.473200000000000000e+04,-3.576000000000000000e+03,-1.085100000000000000e+04,1.090800000000000000e+04,-2.313600000000000000e+04,-2.129700000000000000e+04
-2.784800000000000000e+04,-1.916800000000000000e+04,-1.185800000000000000e+04,-5.552000000000000000e+03,1.527900000000000000e+04,-1.014700000000000000e+04,-2.211600000000000000e+04,-1.987600000000000000e+04
-1.248100000000000000e+04,-1.656800000000000000e+04,2.007100000000000000e+04,-1.518800000000000000e+04,-2.475700000000000000e+04,-2.690500000000000000e+04,-1.745200000000000000e+04,-2.139400000000000000e+04
-2.391700000000000000e+04,-1.532500000000000000e+04,1.323200000000000000e+04,-2.715200000000000000e+04,-2.041100000000000000e+04,-3.014800000000000000e+04,-1.935800000000000000e+04,-1.024700000000000000e+04
-7.990000000000000000e+03,-1.229500000000000000e+04,-1.086100000000000000e+04,5.985000000000000000e+03,-3.371000000000000000e+03,-6.678000000000000000e+03,-9.511000000000000000e+03,-1.429200000000000000e+04
-6.966000000000000000e+03,-2.285900000000000000e+04,-2.282700000000000000e+04,-4.120000000000000000e+02,-6.578000000000000000e+03,-1.487900000000000000e+04,-4.533000000000000000e+03,-2.262200000000000000e+04
8.370000000000000000e+03,-1.366300000000000000e+04,-1.961200000000000000e+04,-7.708000000000000000e+03,-1.039900000000000000e+04,-2.020700000000000000e+04,-1.694400000000000000e+04,-2.433900000000000000e+04
-1.064800000000000000e+04,-6.957000000000000000e+03,-6.483000000000000000e+03,-1.795000000000000000e+03,-2.116900000000000000e+04,-2.800800000000000000e+04,-3.130000000000000000e+03,-2.111800000000000000e+04
-6.520000000000000000e+02,2.342000000000000000e+03,-1.746200000000000000e+04,-5.912000000000000000e+03,-1.310800000000000000e+04,-3.449700000000000000e+04,-1.527900000000000000e+04,-1.644400000000000000e+04
-2.308300000000000000e+04,-1.378900000000000000e+04,-1.352900000000000000e+04,-1.868300000000000000e+04,-1.072400000000000000e+04,-2.725000000000000000e+04,-9.890000000000000000e+03,1.110000000000000000e+04
-8.473000000000000000e+03,9.938000000000000000e+03,-1.299300000000000000e+04,-2.227000000000000000e+04,-2.748500000000000000e+04,-3.751600000000000000e+04,-1.238800000000000000e+04,-2.607000000000000000e+04
-2.425700000000000000e+04,-2.077900000000000000e+04,-1.670100000000000000e+04,-2.357600000000000000e+04,-1.344800000000000000e+04,1.501700000000000000e+04,-1.601300000000000000e+04,-1.449800000000000000e+04
-1.731200000000000000e+04,-1.326400000000000000e+04,-1.555900000000000000e+04,-1.429300000000000000e+04,-1.470500000000000000e+04,-2.594500000000000000e+04,-1.722400000000000000e+04,1.337200000000000000e+04
-2.081500000000000000e+04,-1.762200000000000000e+04,-6.847000000000000000e+03,-5.188000000000000000e+03,-1.240500000000000000e+04,-2.036600000000000000e+04,-1.565000000000000000e+04,1.065900000000000000e+04
2.754600000000000000e+04,-1.479800000000000000e+04,-1.824600000000000000e+04,-2.271200000000000000e+04,-3.668900000000000000e+04,-1.597500000000000000e+04,-1.637900000000000000e+04,-2.779300000000000000e+04
-1.266000000000000000e+04,-1.608400000000000000e+04,-1.502200000000000000e+04,-2.202400000000000000e+04,-1.659900000000000000e+04,-1.647900000000000000e+04,1.991100000000000000e+04,-1.527700000000000000e+04
-2.101700000000000000e+04,2.176600000000000000e+04,-2.081100000000000000e+04,-2.228200000000000000e+04,-1.419500000000000000e+04,-2.774900000000000000e+04,-1.492700000000000000e+04,-1.902100000000000000e+04
1.438300000000000000e+04,-2.270300000000000000e+04,-9.095000000000000000e+03,-1.321700000000000000e+04,-1.043100000000000000e+04,-1.787700000000000000e+04,-2.094700000000000000e+04,-2.683100000000000000e+04
-2.451800000000000000e+04,-2.628700000000000000e+04,-1.448300000000000000e+04,1.991000000000000000e+03,-1.313300000000000000e+04,1.741800000000000000e+04,-1.407900000000000000e+04,-1.895000000000000000e+04
-2.070200000000000000e+04,-1.402700000000000000e+04,-2.005200000000000000e+04,2.241500000000000000e+04,-3.174900000000000000e+04,-1.799700000000000000e+04,-2.158200000000000000e+04,-2.456600000000000000e+04
-1.595800000000000000e+04,1.533500000000000000e+04,-1.761100000000000000e+04,-6.616000000000000000e+03,-1.778900000000000000e+04,-2.039800000000000000e+04,-5.879000000000000000e+03,-2.598000000000000000e+04
-2.015100000000000000e+04,2.333300000000000000e+04,-1.809000000000000000e+04,-2.814300000000000000e+04,-3.202600000000000000e+04,-2.555800000000000000e+04,-1.037100000000000000e+04,-2.773200000000000000e+04
-2.086100000000000000e+04,-1.998100000000000000e+04,-6.837000000000000000e+03,2.152100000000000000e+04,-1.854000000000000000e+04,-2.275900000000000000e+04,-1.141700000000000000e+04,-2.281700000000000000e+04
-7.496000000000000000e+03,2.540200000000000000e+04,-2.553700000000000000e+04,-1.222300000000000000e+04,-2.357700000000000000e+04,-3.384100000000000000e+04,-2.421600000000000000e+04,-2.018900000000000000e+04
-3.090500000000000000e+04,-1.724100000000000000e+04,-1.525600000000000000e+04,-2.505600000000000000e+04,-1.567600000000000000e+04,-2.306800000000000000e+04,-8.608000000000000000e+03,1.746300000000000000e+04
8.807000000000000000e+03,-1.193100000000000000e+04,-1.723600000000000000e+04,-1.450800000000000000e+04,-3.642500000000000000e+04,-1.180700000000000000e+04,-1.418400000000000000e+04,-2.559900000000000000e+04
-1.898500000000000000e+04,-1.416100000000000000e+04,-1.755100000000000000e+04,-1.813400000000000000e+04,-1.223900000000000000e+04,-2.105300000000000000e+04,-1.534400000000000000e+04,1.623200000000000000e+04
-2.439600000000000000e+04,-1.387300000000000000e+04,-1.417200000000000000e+04,-1.151400000000000000e+04,-1.973900000000000000e+04,-2.973900000000000000e+04,9.298000000000000000e+03,-1.461300000000000000e+04
-8.795000000000000000e+03,-1.047700000000000000e+04,-1.724500000000000000e+04,-1.631700000000000000e+04,-3.005000000000000000e+03,-1.635800000000000000e+04,1.062300000000000000e+04,-1.704600000000000000e+04
-2.629200000000000000e+04,-1.650200000000000000e+04,-2.133900000000000000e+04,-2.219200000000000000e+04,-1.797100000000000000e+04,-6.753000000000000000e+03,1.819900000000000000e+04,-2.372300000000000000e+04
-1.947300000000000000e+04,3.345000000000000000e+03,-1.798600000000000000e+04,-2.246700000000000000e+04,-2.736000000000000000e+04,-1.418100000000000000e+04,-7.303000000000000000e+03,-2.103700000000000000e+04
-4.891000000000000000e+03,-1.915900000000000000e+04,-6.775000000000000000e+03,1.077300000000000000e+04,-2.120500000000000000e+04,-8.534000000000000000e+03,-2.719400000000000000e+04,-1.889600000000000000e+04
-2.106600000000000000e+04,-1.164200000000000000e+04,-1.131700000000000000e+04,-1.429300000000000000e+04,-1.464000000000000000e+04,-2.871700000000000000e+04,-1.893700000000000000e+04,1.553500000000000000e+04
-2.334400000000000000e+04,-2.308600000000000000e+04,1.563500000000000000e+04,-2.380500000000000000e+04,-1.886500000000000000e+04,-2.614000000000000000e+04,-1.002500000000000000e+04,-1.602800000000000000e+04
-2.140700000000000000e+04,-2.144500000000000000e+04,-1.297800000000000000e+04,-8.759000000000000000e+03,1.140900000000000000e+04,-8.782000000000000000e+03,-2.090600000000000000e+04,-2.233500000000000000e+04
-1.487600000000000000e+04,-1.683600000000000000e+04,-1.586500000000000000e+04,9.020000000000000000e+02,1.172900000000000000e+04,-2.166400000000000000e+04,-2.319700000000000000e+04,-1.836200000000000000e+04
-8.277000000000000000e+03,-2.386200000000000000e+04,-1.344500000000000000e+04,2.880000000000000000e+02,-1.335000000000000000e+04,-3.113900000000000000e+04,-2.542000000000000000e+03,-2.639300000000000000e+04
-1.131600000000000000e+04,-1.149200000000000000e+04,-2.048500000000000000e+04,1.357700000000000000e+04,-1.047300000000000000e+04,-2.005300000000000000e+04,-9.015000000000000000e+03,-2.261200000000000000e+04
-2.221500000000000000e+04,2.275500000000000000e+04,-2.147300000000000000e+04,-1.579800000000000000e+04,-2.396100000000000000e+04,-1.434400000000000000e+04,-1.436000000000000000e+04,-1.854800000000000000e+04
-2.073500000000000000e+04,-1.651500000000000000e+04,-1.870400000000000000e+04,-2.728000000000000000e+04,-1.103000000000000000e+04,-2.652800000000000000e+04,-1.480400000000000000e+04,1.723000000000000000e+04
-7.490000000000000000e+03,-1.908800000000000000e+04,-1.250400000000000000e+04,-7.775000000000000000e+03,-1.459200000000000000e+04,8.229000000000000000e+03,-2.216800000000000000e+04,-1.660000000000000000e+04
-5.710000000000000000e+03,-2.443800000000000000e+04,-5.800000000000000000e+03,-2.055300000000000000e+04,1.569900000000000000e+04,-2.420500000000000000e+04,-1.990700000000000000e+04,-1.862700000000000000e+04
-2.458300000000000000e+04,2.633700000000000000e+04,-1.996800000000000000e+04,-1.820800000000000000e+04,-2.368000000000000000e+04,-2.807200000000000000e+04,-9.204000000000000000e+03,-1.411400000000000000e+04
-1.338000000000000000e+04,2.389600000000000000e+04,-2.049600000000000000e+04,-1.971600000000000000e+04,-1.779800000000000000e+04,-3.019900000000000000e+04,-1.617800000000000000e+04,-2.301800000000000000e+04
-2.469800000000000000e+04,-1.727800000000000000e+04,-1.801600000000000000e+04,-1.886900000000000000e+04,-1.586600000000000000e+04,1.579600000000000000e+04,-1.143100000000000000e+04,-1.898500000000000000e+04
-1.442000000000000000e+04,-1.853300000000000000e+04,-8.659000000000000000e+03,-2.272700000000000000e+04,-2.075800000000000000e+04,-2.592500000000000000e+04,7.712000000000000000e+03,-2.484300000000000000e+04
-2.213200000000000000e+04,-1.714600000000000000e+04,-2.052300000000000000e+04,-2.991600000000000000e+04,-2.912400000000000000e+04,-1.158400000000000000e+04,1.854500000000000000e+04,-2.953000000000000000e+04
-3.148100000000000000e+04,1.345200000000000000e+04,-1.942100000000000000e+04,-1.937000000000000000e+04,-3.146700000000000000e+04,-1.979700000000000000e+04,-1.364600000000000000e+04,-2.274100000000000000e+04
-2.141400000000000000e+04,-1.711200000000000000e+04,-1.379100000000000000e+04,-1.800700000000000000e+04,-1.293800000000000000e+04,-2.720000000000000000e+04,-1.661600000000000000e+04,1.692400000000000000e+04
-2.792500000000000000e+04,1.350200000000000000e+04,-2.161200000000000000e+04,-2.603800000000000000e+04,-2.328800000000000000e+04,-2.862500000000000000e+04,-3.342000000000000000e+03,-2.091800000000000000e+04
8.840000000000000000e+02,-1.324400000000000000e+04,-2.261300000000000000e+04,1.086000000000000000e+03,-1.915200000000000000e+04,-7.674000000000000000e+03,-3.347600000000000000e+04,-1.632700000000000000e+04
-2.830600000000000000e+04,-2.739300000000000000e+04,2.254700000000000000e+04,-1.727200000000000000e+04,-1.124300000000000000e+04,-2.692500000000000000e+04,-1.637600000000000000e+04,-1.716800000000000000e+04
-1.848800000000000000e+04,-1.184500000000000000e+04,-1.477000000000000000e+04,-1.657700000000000000e+04,-1.352600000000000000e+04,-2.592900000000000000e+04,-8.292000000000000000e+03,1.375100000000000000e+04
-1.882900000000000000e+04,-1.724200000000000000e+04,-1.054300000000000000e+04,-1.665300000000000000e+04,-1.186100000000000000e+04,2.012400000000000000e+04,-2.258800000000000000e+04,-1.344900000000000000e+04
-2.266200000000000000e+04,-1.640800000000000000e+04,6.000000000000000000e+03,-9.449000000000000000e+03,-1.540200000000000000e+04,-2.389600000000000000e+04,-1.122800000000000000e+04,-2.010300000000000000e+04
-2.912200000000000000e+04,-1.807100000000000000e+04,7.018000000000000000e+03,-2.009800000000000000e+04,-1.632300000000000000e+04,-2.156300000000000000e+04,-1.017000000000000000e+04,-1.486500000000000000e+04
-2.400900000000000000e+04,-2.517900000000000000e+04,-8.883000000000000000e+03,1.565900000000000000e+04,-2.163200000000000000e+04,-8.539000000000000000e+03,-1.205800000000000000e+04,-2.486600000000000000e+04
-6.080000000000000000e+02,-1.240300000000000000e+04,-1.762000000000000000e+04,-1.282600000000000000e+04,-1.552000000000000000e+04,-2.342200000000000000e+04,-1.911600000000000000e+04,-2.374400000000000000e+04
-2.277900000000000000e+04,-1.882800000000000000e+04,-1.938300000000000000e+04,-7.458000000000000000e+03,-1.451700000000000000e+04,9.887000000000000000e+03,-1.869100000000000000e+04,-1.726700000000000000e+04
-2.160500000000000000e+04,-1.630800000000000000e+04,-2.246300000000000000e+04,-1.333400000000000000e+04,-1.404300000000000000e+04,-1.631400000000000000e+04,1.762500000000000000e+04,-1.173600000000000000e+04
-1.535800000000000000e+04,-1.949300000000000000e+04,-1.469400000000000000e+04,-1.371100000000000000e+04,-2.112800000000000000e+04,-2.701300000000000000e+04,1.700700000000000000e+04,-2.822800000000000000e+04
-1.964900000000000000e+04,-1.397900000000000000e+04,-1.476400000000000000e+04,-1.299400000000000000e+04,-1.128600000000000000e+04,-2.299900000000000000e+04,-1.640200000000000000e+04,1.537600000000000000e+04
-1.689900000000000000e+04,-2.335000000000000000e+04,-2.203700000000000000e+04,9.342000000000000000e+03,-7.557000000000000000e+03,-1.032800000000000000e+04,-4.929000000000000000e+03,-1.748300000000000000e+04
-1.814000000000000000e+04,-2.882700000000000000e+04,-1.486300000000000000e+04,-3.387000000000000000e+03,-1.740800000000000000e+04,1.035800000000000000e+04,-1.784800000000000000e+04,-2.170600000000000000e+04
-1.793700000000000000e+04,-2.070800000000000000e+04,-1.138900000000000000e+04,1.019000000000000000e+04,-3.689700000000000000e+04,-1.750300000000000000e+04,-1.949700000000000000e+04,-2.677200000000000000e+04
-3.325000000000000000e+04,-1.640300000000000000e+04,-2.057800000000000000e+04,-1.875400000000000000e+04,-1.906200000000000000e+04,-1.630300000000000000e+04,2.387900000000000000e+04,-2.012500000000000000e+04
-2.143100000000000000e+04,-1.568100000000000000e+04,-1.704600000000000000e+04,-2.371000000000000000e+03,6.400000000000000000e+03,-1.310400000000000000e+04,-1.549300000000000000e+04,-1.890900000000000000e+04
-1.362800000000000000e+04,-1.572200000000000000e+04,-1.549700000000000000e+04,7.102000000000000000e+03,-3.115300000000000000e+04,-2.928200000000000000e+04,-1.670000000000000000e+04,-2.769800000000000000e+04
-2.312300000000000000e+04,-1.924500000000000000e+04,-9.111000000000000000e+03,-6.831000000000000000e+03,1.579700000000000000e+04,-2.492800000000000000e+04,-2.247000000000000000e+04,-2.064600000000000000e+04
-1.655400000000000000e+04,-4.802000000000000000e+03,-1.831700000000000000e+04,-1.198500000000000000e+04,-1.072600000000000000e+04,-9.548000000000000000e+03,-1.532700000000000000e+04,-1.591900000000000000e+04
-1.990000000000000000e+04,-1.534400000000000000e+04,-1.710000000000000000e+04,-1.960200000000000000e+04,-1.479900000000000000e+04,-2.075200000000000000e+04,-1.418100000000000000e+04,1.769000000000000000e+04
-2.566900000000000000e+04,3.052200000000000000e+04,-1.645500000000000000e+04,-3.083600000000000000e+04,-2.418000000000000000e+04,-3.682000000000000000e+04,-2.157500000000000000e+04,-2.161000000000000000e+04
-2.468600000000000000e+04,-1.644700000000000000e+04,-1.420800000000000000e+04,-1.155600000000000000e+04,-1.166100000000000000e+04,-2.114900000000000000e+04,-1.753400000000000000e+04,1.637600000000000000e+04
-2.273200000000000000e+04,-1.601400000000000000e+04,-1.951400000000000000e+04,8.543000000000000000e+03,-7.734000000000000000e+03,-1.259300000000000000e+04,-2.606000000000000000e+03,-1.717200000000000000e+04
-1.099600000000000000e+04,-9.294000000000000000e+03,-1.879100000000000000e+04,-1.677700000000000000e+04,-2.469900000000000000e+04,-2.665800000000000000e+04,1.090800000000000000e+04,-2.529800000000000000e+04
-1.679100000000000000e+04,-2.505800000000000000e+04,-1.707500000000000000e+04,6.943000000000000000e+03,-3.364900000000000000e+04,-2.570800000000000000e+04,1.359600000000000000e+04,-2.740800000000000000e+04
-1.683000000000000000e+04,-1.791400000000000000e+04,-1.815100000000000000e+04,-2.721300000000000000e+04,-1.969100000000000000e+04,-2.635000000000000000e+04,2.192000000000000000e+04,-2.498500000000000000e+04
-2.275300000000000000e+04,-1.286700000000000000e+04,-1.266400000000000000e+04,-5.385000000000000000e+03,-2.287800000000000000e+04,-2.299000000000000000e+04,1.016900000000000000e+04,-2.561500000000000000e+04
-5.358000000000000000e+03,-1.715000000000000000e+04,-1.677900000000000000e+04,-8.737000000000000000e+03,-1.308600000000000000e+04,-9.594000000000000000e+03,-3.740000000000000000e+02,-1.468200000000000000e+04
-1.610500000000000000e+04,9.067000000000000000e+03,-2.499800000000000000e+04,-8.206000000000000000e+03,-1.457700000000000000e+04,-1.693200000000000000e+04,-1.886900000000000000e+04,-2.320100000000000000e+04
-2.003700000000000000e+04,-1.412100000000000000e+04,-1.641400000000000000e+04,-2.126700000000000000e+04,-1.745500000000000000e+04,-1.764800000000000000e+04,1.717500000000000000e+04,-2.491500000000000000e+04
-2.274000000000000000e+03,-9.563000000000000000e+03,-2.650000000000000000e+03,-2.045000000000000000e+04,7.793000000000000000e+03,-1.472100000000000000e+04,-1.581500000000000000e+04,-1.664200000000000000e+04
-1.284300000000000000e+04,-1.359600000000000000e+04,-1.469700000000000000e+04,-2.297100000000000000e+04,-2.393800000000000000e+04,-1.862300000000000000e+04,2.139000000000000000e+04,-2.400900000000000000e+04
-2.458900000000000000e+04,-2.258100000000000000e+04,-1.513400000000000000e+04,-1.514500000000000000e+04,-2.444900000000000000e+04,-2.316200000000000000e+04,2.113800000000000000e+04,-2.592100000000000000e+04
-2.487600000000000000e+04,-2.244700000000000000e+04,9.306000000000000000e+03,-1.785500000000000000e+04,-1.624900000000000000e+04,-2.167100000000000000e+04,-9.685000000000000000e+03,-1.452400000000000000e+04
-5.325000000000000000e+03,-1.954300000000000000e+04,-1.358200000000000000e+04,1.938600000000000000e+04,-1.975400000000000000e+04,-2.057400000000000000e+04,-2.184300000000000000e+04,-1.548300000000000000e+04
-1.041200000000000000e+04,2.686600000000000000e+04,-2.089200000000000000e+04,-1.544100000000000000e+04,-2.361700000000000000e+04,-2.959900000000000000e+04,-1.021100000000000000e+04,-2.101400000000000000e+04
-1.981000000000000000e+04,-1.993700000000000000e+04,1.461000000000000000e+04,-1.803000000000000000e+04,-1.485000000000000000e+04,-2.411900000000000000e+04,-1.059800000000000000e+04,-1.599200000000000000e+04
-2.158900000000000000e+04,-1.561000000000000000e+04,-1.169600000000000000e+04,-2.583300000000000000e+04,-1.058200000000000000e+04,-2.599200000000000000e+04,9.196000000000000000e+03,-1.725500000000000000e+04
-2.977200000000000000e+04,2.566200000000000000e+04,-2.562100000000000000e+04,-2.137200000000000000e+04,-2.561600000000000000e+04,-2.768900000000000000e+04,-1.260900000000000000e+04,-1.790200000000000000e+04
-2.856700000000000000e+04,-2.710700000000000000e+04,-4.769000000000000000e+03,7.470000000000000000e+02,-2.905000000000000000e+03,-6.936000000000000000e+03,-1.418800000000000000e+04,-2.088900000000000000e+04
-2.524200000000000000e+04,-1.796900000000000000e+04,-2.226600000000000000e+04,-2.541900000000000000e+04,-2.545600000000000000e+04,-1.869900000000000000e+04,2.674000000000000000e+04,-2.391500000000000000e+04
-2.784100000000000000e+04,-2.262400000000000000e+04,3.800000000000000000e+04,-1.447100000000000000e+04,-2.475400000000000000e+04,-2.503300000000000000e+04,-2.557800000000000000e+04,-1.939100000000000000e+04
-8.124000000000000000e+03,-2.056800000000000000e+04,-8.069000000000000000e+03,2.973000000000000000e+03,-2.222100000000000000e+04,-2.988600000000000000e+04,-1.476600000000000000e+04,-2.734900000000000000e+04
-2.891800000000000000e+04,-1.316200000000000000e+04,-2.292700000000000000e+04,-6.829000000000000000e+03,-1.962400000000000000e+04,-5.885000000000000000e+03,1.916000000000000000e+04,-2.999900000000000000e+04
-2.683900000000000000e+04,-5.566000000000000000e+03,-1.806000000000000000e+04,5.509000000000000000e+03,-1.021800000000000000e+04,8.753000000000000000e+03,-1.510900000000000000e+04,-1.390100000000000000e+04
-2.168800000000000000e+04,-1.817300000000000000e+04,-1.561800000000000000e+04,-1.976000000000000000e+03,-1.865700000000000000e+04,-2.518100000000000000e+04,1.020000000000000000e+02,-2.063400000000000000e+04
-1.302300000000000000e+04,-1.573200000000000000e+04,-1.650100000000000000e+04,7.815000000000000000e+03,-6.126000000000000000e+03,-1.495900000000000000e+04,-1.527700000000000000e+04,-1.642900000000000000e+04
1.278200000000000000e+04,-1.857200000000000000e+04,-1.892900000000000000e+04,-2.690000000000000000e+02,-2.516600000000000000e+04,-1.771200000000000000e+04,-2.183800000000000000e+04,-2.700700000000000000e+04
-2.065500000000000000e+04,-2.221200000000000000e+04,-1.206300000000000000e+04,2.492600000000000000e+04,-2.480100000000000000e+04,-2.049100000000000000e+04,-1.594800000000000000e+04,-2.789500000000000000e+04
8.574000000000000000e+03,-1.376400000000000000e+04,-1.665200000000000000e+04,-1.414600000000000000e+04,-2.874100000000000000e+04,-1.428900000000000000e+04,-1.004200000000000000e+04,-2.588100000000000000e+04
-3.125400000000000000e+04,-1.785400000000000000e+04,-1.720400000000000000e+04,-1.620800000000000000e+04,-2.052900000000000000e+04,-1.853300000000000000e+04,1.814100000000000000e+04,-2.672800000000000000e+04
-2.467100000000000000e+04,4.414000000000000000e+03,-1.649000000000000000e+04,8.247000000000000000e+03,-2.017900000000000000e+04,-1.389800000000000000e+04,-1.027100000000000000e+04,-1.264800000000000000e+04
-9.000000000000000000e+03,-2.264700000000000000e+04,-9.096000000000000000e+03,7.085000000000000000e+03,-8.599000000000000000e+03,-1.251100000000000000e+04,-1.326800000000000000e+04,-1.899600000000000000e+04
-1.368600000000000000e+04,-1.515100000000000000e+04,-1.738900000000000000e+04,-1.334600000000000000e+04,-1.749900000000000000e+04,-2.616000000000000000e+04,-1.302500000000000000e+04,1.716200000000000000e+04
5.490000000000000000e+02,-1.758700000000000000e+04,-2.213800000000000000e+04,1.215100000000000000e+04,-1.106300000000000000e+04,-2.646600000000000000e+04,-1.509600000000000000e+04,-2.231700000000000000e+04
-2.792100000000000000e+04,-1.747400000000000000e+04,-6.668000000000000000e+03,-2.800000000000000000e+04,-1.442300000000000000e+04,-1.384800000000000000e+04,-1.799400000000000000e+04,1.731800000000000000e+04
-2.309400000000000000e+04,-1.894400000000000000e+04,-1.501200000000000000e+04,-9.238000000000000000e+03,2.069400000000000000e+04,-1.182200000000000000e+04,-1.988200000000000000e+04,-1.772900000000000000e+04
-3.091700000000000000e+04,-1.299500000000000000e+04,-2.279200000000000000e+04,-2.397700000000000000e+04,-2.481500000000000000e+04,-2.427600000000000000e+04,2.495500000000000000e+04,-2.629800000000000000e+04
-6.471000000000000000e+03,-2.096400000000000000e+04,-1.828200000000000000e+04,-5.966000000000000000e+03,3.135400000000000000e+04,-2.179100000000000000e+04,-1.401900000000000000e+04,-1.736500000000000000e+04
1.003000000000000000e+03,7.719000000000000000e+03,-2.967100000000000000e+04,-1.649400000000000000e+04,-3.052700000000000000e+04,-2.797800000000000000e+04,-2.257500000000000000e+04,-2.742600000000000000e+04
-1.927000000000000000e+04,2.409200000000000000e+04,-2.002500000000000000e+04,-1.385200000000000000e+04,-2.095500000000000000e+04,-2.836100000000000000e+04,-1.266800000000000000e+04,-1.796600000000000000e+04
-2.845600000000000000e+04,-1.992600000000000000e+04,2.299300000000000000e+04,-2.862900000000000000e+04,-1.770300000000000000e+04,-2.519600000000000000e+04,-1.635900000000000000e+04,-1.425800000000000000e+04
-2.062900000000000000e+04,-1.336500000000000000e+04,-6.216000000000000000e+03,-2.373600000000000000e+04,-1.312100000000000000e+04,-2.067200000000000000e+04,-3.227000000000000000e+03,-1.601400000000000000e+04
-1.980300000000000000e+04,-1.565200000000000000e+04,-1.987400000000000000e+04,-2.239300000000000000e+04,-2.072600000000000000e+04,-1.944000000000000000e+04,2.299900000000000000e+04,-1.729800000000000000e+04
-2.329600000000000000e+04,-1.471000000000000000e+04,-1.220300000000000000e+04,-1.587100000000000000e+04,-1.508300000000000000e+04,-2.363300000000000000e+04,-1.645600000000000000e+04,1.721400000000000000e+04
3.303000000000000000e+03,-2.066000000000000000e+04,-2.396500000000000000e+04,6.834000000000000000e+03,-1.951100000000000000e+04,-4.935000000000000000e+03,-1.758000000000000000e+04,-3.052600000000000000e+04
-1.200300000000000000e+04,-1.484100000000000000e+04,-1.587200000000000000e+04,4.220000000000000000e+02,-3.139000000000000000e+03,-1.211800000000000000e+04,-9.528000000000000000e+03,-1.613300000000000000e+04
-4.802000000000000000e+03,-1.413700000000000000e+04,-1.738200000000000000e+04,-2.806200000000000000e+04,-1.315100000000000000e+04,-1.306800000000000000e+04,9.045000000000000000e+03,-1.417400000000000000e+04
-2.640700000000000000e+04,1.532600000000000000e+04,-1.387200000000000000e+04,-2.190100000000000000e+04,-2.326900000000000000e+04,-2.293100000000000000e+04,-1.323200000000000000e+04,-2.018100000000000000e+04
-1.622800000000000000e+04,-1.181800000000000000e+04,-1.508500000000000000e+04,-1.325500000000000000e+04,-1.535900000000000000e+04,-1.613400000000000000e+04,1.718800000000000000e+04,-2.263100000000000000e+04
-1.848700000000000000e+04,-2.525700000000000000e+04,-1.788700000000000000e+04,1.113000000000000000e+04,-2.742100000000000000e+04,-9.484000000000000000e+03,-2.351600000000000000e+04,-2.921100000000000000e+04
-2.762100000000000000e+04,-1.582900000000000000e+04,-9.045000000000000000e+03,-1.167000000000000000e+04,-1.892500000000000000e+04,-2.143000000000000000e+04,-1.425700000000000000e+04,1.174200000000000000e+04
-1.609900000000000000e+04,-2.403000000000000000e+04,-1.217900000000000000e+04,-7.721000000000000000e+03,-1.790300000000000000e+04,2.761700000000000000e+04,-2.199700000000000000e+04,-2.062500000000000000e+04
-2.978200000000000000e+04,-1.687400000000000000e+04,-1.490300000000000000e+04,-2.145100000000000000e+04,-2.419400000000000000e+04,-1.645800000000000000e+04,1.461200000000000000e+04,-2.185600000000000000e+04
-1.687700000000000000e+04,-1.386000000000000000e+04,-1.864300000000000000e+04,-1.501700000000000000e+04,-1.600900000000000000e+04,-2.572200000000000000e+04,-1.306400000000000000e+04,1.487600000000000000e+04
-1.863400000000000000e+04,-2.177700000000000000e+04,2.842500000000000000e+04,-2.628000000000000000e+04,-1.707000000000000000e+04,-2.451800000000000000e+04,-1.959100000000000000e+04,-1.959700000000000000e+04
-1.690100000000000000e+04,-2.251000000000000000e+04,-1.456000000000000000e+04,-1.714500000000000000e+04,-2.699600000000000000e+04,-2.015900000000000000e+04,1.507800000000000000e+04,-2.391700000000000000e+04
-1.387400000000000000e+04,-1.949100000000000000e+04,-1.658500000000000000e+04,-1.612200000000000000e+04,9.370000000000000000e+03,-6.392000000000000000e+03,-2.294700000000000000e+04,-1.966100000000000000e+04
-1.826200000000000000e+04,-2.984800000000000000e+04,1.563900000000000000e+04,-1.203900000000000000e+04,-1.916800000000000000e+04,-4.236400000000000000e+04,-8.787000000000000000e+03,-2.402800000000000000e+04
-2.050500000000000000e+04,-1.457600000000000000e+04,-1.583900000000000000e+04,-3.140100000000000000e+04,-1.438100000000000000e+04,-2.007800000000000000e+04,1.195500000000000000e+04,-2.208100000000000000e+04
-2.022700000000000000e+04,-2.017800000000000000e+04,-1.535900000000000000e+04,3.506000000000000000e+03,-1.021900000000000000e+04,-2.660000000000000000e+03,-2.374300000000000000e+04,-1.620200000000000000e+04
-1.497600000000000000e+04,-1.508500000000000000e+04,-1.696400000000000000e+04,-2.715100000000000000e+04,-1.863700000000000000e+04,-2.146600000000000000e+04,1.959200000000000000e+04,-1.976000000000000000e+04
-2.205600000000000000e+04,-2.195800000000000000e+04,-1.836900000000000000e+04,1.186800000000000000e+04,-1.833500000000000000e+04,-1.830000000000000000e+04,1.138000000000000000e+03,-2.553700000000000000e+04
-1.577700000000000000e+04,-1.189700000000000000e+04,-1.610400000000000000e+04,-1.817900000000000000e+04,-1.501600000000000000e+04,-2.938000000000000000e+04,-1.458700000000000000e+04,1.382800000000000000e+04
-1.493000000000000000e+04,-6.736000000000000000e+03,-4.278000000000000000e+03,-1.168700000000000000e+04,-2.084000000000000000e+04,-9.503000000000000000e+03,7.426000000000000000e+03,-2.471100000000000000e+04
-2.524200000000000000e+04,-1.106900000000000000e+04,-8.809000000000000000e+03,-2.401800000000000000e+04,-1.603600000000000000e+04,-2.445000000000000000e+04,-2.104400000000000000e+04,1.634600000000000000e+04
-1.071700000000000000e+04,-2.746000000000000000e+03,-2.183700000000000000e+04,4.244000000000000000e+03,-2.102800000000000000e+04,-3.114100000000000000e+04,-1.139900000000000000e+04,-1.910600000000000000e+04
-3.062100000000000000e+04,3.257000000000000000e+04,-1.733800000000000000e+04,-3.200600000000000000e+04,-1.721600000000000000e+04,-2.887900000000000000e+04,-1.359400000000000000e+04,-2.216700000000000000e+04
-2.238400000000000000e+04,-1.549100000000000000e+04,-1.029700000000000000e+04,-2.163100000000000000e+04,-1.102400000000000000e+04,-2.032900000000000000e+04,-9.842000000000000000e+03,1.221200000000000000e+04
-1.226700000000000000e+04,-1.235500000000000000e+04,-1.710000000000000000e+04,1.291400000000000000e+04,-1.082600000000000000e+04,-3.317000000000000000e+03,-1.101300000000000000e+04,-1.692400000000000000e+04
-2.469200000000000000e+04,2.904800000000000000e+04,-1.790600000000000000e+04,-2.987700000000000000e+04,-1.884500000000000000e+04,-2.674400000000000000e+04,-1.112500000000000000e+04,-1.807700000000000000e+04
-2.349800000000000000e+04,-1.793100000000000000e+04,-1.364500000000000000e+04,-1.595300000000000000e+04,-1.590000000000000000e+04,-1.299100000000000000e+04,1.830700000000000000e+04,-2.472400000000000000e+04
1.671000000000000000e+03,-1.078700000000000000e+04,-2.592800000000000000e+04,3.325000000000000000e+03,-2.188400000000000000e+04,-3.758000000000000000e+03,-2.172900000000000000e+04,-2.214200000000000000e+04
-2.475100000000000000e+04,2.338800000000000000e+04,-1.491700000000000000e+04,-2.415200000000000000e+04,-2.713400000000000000e+04,-3.277400000000000000e+04,-1.191500000000000000e+04,-2.184300000000000000e+04
-2.658600000000000000e+04,7.411000000000000000e+03,-1.443500000000000000e+04,-2.485700000000000000e+04,-2.209100000000000000e+04,-1.929900000000000000e+04,-1.602200000000000000e+04,-8.022000000000000000e+03
-2.259400000000000000e+04,-1.155600000000000000e+04,-1.465300000000000000e+04,3.442000000000000000e+03,-2.155400000000000000e+04,-3.943000000000000000e+03,-2.387600000000000000e+04,-1.661400000000000000e+04
-2.042600000000000000e+04,-1.313100000000000000e+04,-1.345200000000000000e+04,-1.572900000000000000e+04,-1.470600000000000000e+04,-2.861800000000000000e+04,-1.687900000000000000e+04,1.314000000000000000e+04
-2.121600000000000000e+04,-3.027100000000000000e+04,1.380500000000000000e+04,-1.090100000000000000e+04,-1.947000000000000000e+04,-2.628500000000000000e+04,-9.731000000000000000e+03,-2.364500000000000000e+04
-2.790900000000000000e+04,2.642900000000000000e+04,-2.343400000000000000e+04,-2.802000000000000000e+04,-2.222800000000000000e+04,-2.938500000000000000e+04,-1.188300000000000000e+04,-2.273500000000000000e+04
-1.976900000000000000e+04,-1.949800000000000000e+04,1.062700000000000000e+04,-6.161000000000000000e+03,-1.889300000000000000e+04,-3.219100000000000000e+04,-1.994000000000000000e+04,-1.869500000000000000e+04
5.230000000000000000e+02,3.180300000000000000e+04,-2.134700000000000000e+04,-1.840400000000000000e+04,-3.708000000000000000e+04,-4.090300000000000000e+04,-1.868300000000000000e+04,-2.291900000000000000e+04
3.640000000000000000e+02,-2.013700000000000000e+04,-1.116100000000000000e+04,-2.140000000000000000e+03,-2.150100000000000000e+04,-1.037700000000000000e+04,-2.252700000000000000e+04,-1.822500000000000000e+04
-2.120900000000000000e+04,-2.008000000000000000e+04,-1.253900000000000000e+04,-1.316700000000000000e+04,-2.436700000000000000e+04,-2.897000000000000000e+04,1.155900000000000000e+04,-2.481400000000000000e+04
-2.892100000000000000e+04,-2.693400000000000000e+04,-1.416700000000000000e+04,-4.784000000000000000e+03,-2.094600000000000000e+04,1.644600000000000000e+04,-1.150200000000000000e+04,-2.390000000000000000e+04
-2.311000000000000000e+04,-1.116500000000000000e+04,-1.029100000000000000e+04,-1.459200000000000000e+04,-1.713800000000000000e+04,-2.123300000000000000e+04,-1.777500000000000000e+04,1.344200000000000000e+04
-9.138000000000000000e+03,-2.028600000000000000e+04,-9.421000000000000000e+03,-1.991100000000000000e+04,-2.187300000000000000e+04,-2.882700000000000000e+04,1.538900000000000000e+04,-2.426800000000000000e+04
-2.456300000000000000e+04,-1.852800000000000000e+04,3.495000000000000000e+04,-2.867000000000000000e+04,-2.525900000000000000e+04,-3.009900000000000000e+04,-2.037900000000000000e+04,-1.390500000000000000e+04
-1.332400000000000000e+04,-1.881300000000000000e+04,-1.165400000000000000e+04,-3.532000000000000000e+03,-2.430000000000000000e+02,-1.820000000000000000e+03,-2.170500000000000000e+04,-2.028600000000000000e+04
-1.261700000000000000e+04,1.450900000000000000e+04,-2.033500000000000000e+04,-1.951000000000000000e+04,-1.457200000000000000e+04,-9.837000000000000000e+03,-1.367300000000000000e+04,-2.020100000000000000e+04
-1.314500000000000000e+04,1.007000000000000000e+04,-1.428800000000000000e+04,-2.115300000000000000e+04,-2.190700000000000000e+04,-2.396300000000000000e+04,-1.560300000000000000e+04,-1.912600000000000000e+04
-9.377000000000000000e+03,2.110300000000000000e+04,-1.541600000000000000e+04,-1.833000000000000000e+04,-4.352200000000000000e+04,-4.492000000000000000e+04,-1.875400000000000000e+04,-2.456500000000000000e+04
-1.972400000000000000e+04,-2.124700000000000000e+04,-1.473400000000000000e+04,-1.772500000000000000e+04,-1.513300000000000000e+04,-2.213500000000000000e+04,1.900000000000000000e+04,-2.022700000000000000e+04
-1.516300000000000000e+04,-1.501800000000000000e+04,-2.160100000000000000e+04,7.740000000000000000e+02,-6.476000000000000000e+03,-2.097000000000000000e+03,-1.201300000000000000e+04,-1.904900000000000000e+04
-1.998000000000000000e+03,-1.743600000000000000e+04,-5.365000000000000000e+03,3.789000000000000000e+03,-2.538800000000000000e+04,-4.976000000000000000e+03,-2.783700000000000000e+04,-2.158300000000000000e+04
-1.811400000000000000e+04,-1.572100000000000000e+04,-1.634800000000000000e+04,-1.966600000000000000e+04,-1.756300000000000000e+04,-2.418200000000000000e+04,-1.623100000000000000e+04,1.584500000000000000e+04
-3.484900000000000000e+04,-1.832900000000000000e+04,2.422100000000000000e+04,-1.138200000000000000e+04,-3.417900000000000000e+04,-8.894000000000000000e+03,-1.318500000000000000e+04,-2.645400000000000000e+04
-2.078200000000000000e+04,1.588500000000000000e+04,-1.971100000000000000e+04,-7.041000000000000000e+03,-1.695800000000000000e+04,-3.209500000000000000e+04,-1.622300000000000000e+04,-1.821700000000000000e+04
-7.900000000000000000e+02,-9.636000000000000000e+03,-1.552000000000000000e+04,9.380000000000000000e+02,-6.642000000000000000e+03,-1.065600000000000000e+04,-2.476500000000000000e+04,-1.536600000000000000e+04
1.751400000000000000e+04,-1.589700000000000000e+04,-1.543700000000000000e+04,-5.500000000000000000e+03,-2.541500000000000000e+04,-1.008400000000000000e+04,-2.262000000000000000e+04,-2.641800000000000000e+04
-2.232700000000000000e+04,2.309000000000000000e+03,-1.423100000000000000e+04,-1.424000000000000000e+03,-1.952900000000000000e+04,-1.066400000000000000e+04,-2.773600000000000000e+04,-1.578900000000000000e+04
-8.200000000000000000e+01,-2.573500000000000000e+04,-1.931000000000000000e+04,1.786000000000000000e+03,-1.112700000000000000e+04,-1.743100000000000000e+04,-1.752700000000000000e+04,-2.156200000000000000e+04
-1.580500000000000000e+04,-1.670000000000000000e+04,-2.525400000000000000e+04,-1.678300000000000000e+04,-1.894500000000000000e+04,-1.795600000000000000e+04,1.936500000000000000e+04,-2.030200000000000000e+04
-2.531200000000000000e+04,-1.515100000000000000e+04,-1.689500000000000000e+04,-2.755600000000000000e+04,-2.783100000000000000e+04,-2.458300000000000000e+04,1.648500000000000000e+04,-2.735200000000000000e+04
-3.577800000000000000e+04,3.201200000000000000e+04,-1.944300000000000000e+04,-3.608800000000000000e+04,-2.425100000000000000e+04,-3.330500000000000000e+04,-1.733800000000000000e+04,-2.298600000000000000e+04
-2.334900000000000000e+04,-1.933400000000000000e+04,-2.584600000000000000e+04,-1.124700000000000000e+04,-1.594900000000000000e+04,-1.949100000000000000e+04,2.472900000000000000e+04,-2.615500000000000000e+04
-2.237300000000000000e+04,-1.684200000000000000e+04,-1.479100000000000000e+04,-5.137000000000000000e+03,-1.561300000000000000e+04,5.268000000000000000e+03,-2.198600000000000000e+04,-2.009400000000000000e+04
-2.318200000000000000e+04,-1.229700000000000000e+04,2.285800000000000000e+04,-3.222400000000000000e+04,-1.904500000000000000e+04,-2.648300000000000000e+04,-1.635400000000000000e+04,-1.419000000000000000e+04
-1.961300000000000000e+04,-1.174000000000000000e+04,-1.460900000000000000e+04,-1.437700000000000000e+04,-1.347200000000000000e+04,-1.878500000000000000e+04,-1.864900000000000000e+04,1.441100000000000000e+04
-2.887700000000000000e+04,-1.896600000000000000e+04,-1.863900000000000000e+04,-1.736000000000000000e+04,-1.866800000000000000e+04,1.906800000000000000e+04,-7.804000000000000000e+03,-1.814800000000000000e+04
-1.330300000000000000e+04,-2.045700000000000000e+04,-5.119000000000000000e+03,-7.993000000000000000e+03,-2.321000000000000000e+04,-8.888000000000000000e+03,1.003300000000000000e+04,-2.129500000000000000e+04
-7.902000000000000000e+03,-2.104000000000000000e+04,-1.599700000000000000e+04,-1.868400000000000000e+04,-8.860000000000000000e+03,9.669000000000000000e+03,-1.704100000000000000e+04,-2.139600000000000000e+04
-2.697700000000000000e+04,3.183400000000000000e+04,-2.191100000000000000e+04,-1.406400000000000000e+04,-3.180500000000000000e+04,-3.139900000000000000e+04,-1.839800000000000000e+04,-2.636600000000000000e+04
-7.936000000000000000e+03,-1.783100000000000000e+04,-1.022900000000000000e+04,4.252000000000000000e+03,-2.737900000000000000e+04,-5.020000000000000000e+03,-1.980400000000000000e+04,-2.372600000000000000e+04
-1.572100000000000000e+04,-1.828300000000000000e+04,-1.042400000000000000e+04,-2.672400000000000000e+04,-1.753100000000000000e+04,-1.781000000000000000e+04,1.146900000000000000e+04,-1.578800000000000000e+04
-2.572800000000000000e+04,-2.443100000000000000e+04,-1.492500000000000000e+04,1.361800000000000000e+04,-2.721900000000000000e+04,-1.027400000000000000e+04,-1.653300000000000000e+04,-2.365700000000000000e+04
3.934000000000000000e+03,-2.114500000000000000e+04,-1.915300000000000000e+04,1.260800000000000000e+04,-2.126100000000000000e+04,-4.056000000000000000e+03,-1.611400000000000000e+04,-2.647700000000000000e+04
1.509600000000000000e+04,-1.931100000000000000e+04,-2.032900000000000000e+04,-1.774900000000000000e+04,-1.668700000000000000e+04,-8.138000000000000000e+03,-1.840500000000000000e+04,-2.846700000000000000e+04
-2.250100000000000000e+04,4.310400000000000000e+04,-2.176100000000000000e+04,-2.212700000000000000e+04,-2.580400000000000000e+04,-4.044400000000000000e+04,-2.343000000000000000e+04,-2.067100000000000000e+04
-2.518600000000000000e+04,-1.596200000000000000e+04,-1.128900000000000000e+04,-2.096700000000000000e+04,-1.641900000000000000e+04,-2.209300000000000000e+04,-1.922700000000000000e+04,1.603500000000000000e+04
-2.943500000000000000e+04,-5.291000000000000000e+03,-2.112500000000000000e+04,-1.327100000000000000e+04,-2.225200000000000000e+04,-1.536200000000000000e+04,6.821000000000000000e+03,-1.803600000000000000e+04
-3.140800000000000000e+04,-1.709400000000000000e+04,-1.633800000000000000e+04,-9.568000000000000000e+03,-2.961700000000000000e+04,-2.651800000000000000e+04,1.745800000000000000e+04,-2.707100000000000000e+04
-6.861000000000000000e+03,-1.963700000000000000e+04,5.256000000000000000e+03,9.033000000000000000e+03,-2.635600000000000000e+04,3.587000000000000000e+03,-1.602200000000000000e+04,-2.981100000000000000e+04
-2.424900000000000000e+04,-1.740800000000000000e+04,-2.092400000000000000e+04,-2.449000000000000000e+04,-2.227400000000000000e+04,-2.363700000000000000e+04,2.493900000000000000e+04,-2.472200000000000000e+04
-9.478000000000000000e+03,-1.658400000000000000e+04,-2.685000000000000000e+04,-1.870200000000000000e+04,1.838300000000000000e+04,-2.071300000000000000e+04,-2.109800000000000000e+04,-2.237800000000000000e+04
-2.071500000000000000e+04,1.500100000000000000e+04,-2.343200000000000000e+04,-1.352800000000000000e+04,-1.909300000000000000e+04,-9.619000000000000000e+03,-1.463900000000000000e+04,-2.055000000000000000e+04
-6.086000000000000000e+03,-1.967600000000000000e+04,-2.026800000000000000e+04,-2.607800000000000000e+04,2.054200000000000000e+04,-2.412300000000000000e+04,-2.424500000000000000e+04,-2.235800000000000000e+04
-2.250600000000000000e+04,-1.900300000000000000e+04,1.450500000000000000e+04,-2.768400000000000000e+04,-8.702000000000000000e+03,-3.087000000000000000e+04,-1.464000000000000000e+04,-1.353900000000000000e+04
-1.747900000000000000e+04,3.356700000000000000e+04,-1.417700000000000000e+04,-2.149900000000000000e+04,-2.217000000000000000e+04,-3.349100000000000000e+04,-1.952400000000000000e+04,-2.624000000000000000e+04
-1.734800000000000000e+04,-1.076500000000000000e+04,-1.585800000000000000e+04,-1.948900000000000000e+04,-1.763900000000000000e+04,-2.589400000000000000e+04,-1.799100000000000000e+04,1.421800000000000000e+04
-4.093500000000000000e+04,-1.764100000000000000e+04,-1.977900000000000000e+04,-1.463400000000000000e+04,-2.423400000000000000e+04,-9.407000000000000000e+03,2.538700000000000000e+04,-2.535100000000000000e+04
-1.949900000000000000e+04,-2.302400000000000000e+04,-1.330300000000000000e+04,-2.470900000000000000e+04,-2.047700000000000000e+04,-2.958100000000000000e+04,2.175900000000000000e+04,-2.427300000000000000e+04
-1.214000000000000000e+04,1.840100000000000000e+04,-2.381200000000000000e+04,-2.769000000000000000e+03,-1.953400000000000000e+04,-3.000000000000000000e+04,-1.699800000000000000e+04,-1.754300000000000000e+04
9.720000000000000000e+03,-1.070900000000000000e+04,-1.525300000000000000e+04,-6.754000000000000000e+03,-2.187300000000000000e+04,-1.169500000000000000e+04,-2.257000000000000000e+04,-2.165700000000000000e+04
-2.392100000000000000e+04,-1.452100000000000000e+04,-1.672600000000000000e+04,-2.687500000000000000e+04,-2.517600000000000000e+04,-1.893600000000000000e+04,1.746600000000000000e+04,-2.294200000000000000e+04
-2.699100000000000000e+04,-1.826100000000000000e+04,-9.352000000000000000e+03,-2.027700000000000000e+04,-2.158300000000000000e+04,-1.670400000000000000e+04,-1.957400000000000000e+04,1.768100000000000000e+04
-1.685500000000000000e+04,-1.862700000000000000e+04,-1.619100000000000000e+04,4.447000000000000000e+03,-9.994000000000000000e+03,2.775000000000000000e+03,-2.184700000000000000e+04,-1.571800000000000000e+04
1.361400000000000000e+04,-9.371000000000000000e+03,-1.438600000000000000e+04,-1.735300000000000000e+04,-2.793100000000000000e+04,-1.751000000000000000e+04,-1.996600000000000000e+04,-2.883300000000000000e+04
-1.811900000000000000e+04,-2.288300000000000000e+04,-1.540500000000000000e+04,9.990000000000000000e+02,-9.463000000000000000e+03,7.772000000000000000e+03,-9.329000000000000000e+03,-1.740600000000000000e+04
-1.388700000000000000e+04,-2.235400000000000000e+04,-1.632400000000000000e+04,2.169000000000000000e+04,-3.119500000000000000e+04,-2.495700000000000000e+04,-1.838000000000000000e+04,-2.292900000000000000e+04
-1.271800000000000000e+04,-1.437800000000000000e+04,-1.421400000000000000e+04,1.914000000000000000e+03,6.700000000000000000e+02,2.238000000000000000e+03,-1.379200000000000000e+04,-1.784500000000000000e+04
-1.357200000000000000e+04,-1.326300000000000000e+04,-1.284200000000000000e+04,7.514000000000000000e+03,-2.961300000000000000e+04,-8.846000000000000000e+03,-2.074500000000000000e+04,-2.065300000000000000e+04
-1.227000000000000000e+04,-1.013800000000000000e+04,-2.263100000000000000e+04,-2.627800000000000000e+04,-1.735500000000000000e+04,-1.795800000000000000e+04,1.389400000000000000e+04,-2.072200000000000000e+04
2.201800000000000000e+04,-1.235500000000000000e+04,-1.567700000000000000e+04,-8.769000000000000000e+03,-3.443800000000000000e+04,-1.611000000000000000e+04,-1.973900000000000000e+04,-2.371000000000000000e+04
-1.329600000000000000e+04,-1.580300000000000000e+04,-1.209400000000000000e+04,-4.878000000000000000e+03,1.189000000000000000e+03,-1.888100000000000000e+04,-1.680800000000000000e+04,-1.794900000000000000e+04
-2.511700000000000000e+04,-2.011400000000000000e+04,-1.818400000000000000e+04,-1.990900000000000000e+04,-1.317400000000000000e+04,-2.332800000000000000e+04,-1.465800000000000000e+04,2.051300000000000000e+04
-1.704500000000000000e+04,-1.708300000000000000e+04,-1.848100000000000000e+04,-1.120000000000000000e+04,-3.375500000000000000e+04,-1.737700000000000000e+04,-1.163000000000000000e+04,-2.330900000000000000e+04
-2.768100000000000000e+04,2.507200000000000000e+04,-1.730200000000000000e+04,-2.794200000000000000e+04,-3.048300000000000000e+04,-3.002800000000000000e+04,-9.862000000000000000e+03,-2.231500000000000000e+04
-2.542500000000000000e+04,-1.218700000000000000e+04,-1.042200000000000000e+04,-1.225000000000000000e+04,-1.531600000000000000e+04,-2.383400000000000000e+04,-1.810700000000000000e+04,1.316300000000000000e+04
-1.529600000000000000e+04,-1.318100000000000000e+04,-1.390500000000000000e+04,-1.888400000000000000e+04,-1.197700000000000000e+04,-2.411100000000000000e+04,-1.370500000000000000e+04,1.403200000000000000e+04
-1.131100000000000000e+04,1.591300000000000000e+04,-1.694600000000000000e+04,-1.101500000000000000e+04,-1.876100000000000000e+04,-1.877200000000000000e+04,-1.019400000000000000e+04,-2.267500000000000000e+04
-1.407000000000000000e+04,-1.234000000000000000e+04,-1.605100000000000000e+04,7.135000000000000000e+03,-3.243800000000000000e+04,-1.221300000000000000e+04,-8.434000000000000000e+03,-2.256900000000000000e+04
-2.059300000000000000e+04,1.870900000000000000e+04,-2.058000000000000000e+04,-1.304300000000000000e+04,-1.306600000000000000e+04,-2.462900000000000000e+04,-8.501000000000000000e+03,-1.731300000000000000e+04
-2.189700000000000000e+04,-1.765100000000000000e+04,-1.511300000000000000e+04,-2.343200000000000000e+04,-1.300100000000000000e+04,-1.883900000000000000e+04,1.882300000000000000e+04,-1.974400000000000000e+04
-1.137900000000000000e+04,1.482400000000000000e+04,-1.985700000000000000e+04,-5.412000000000000000e+03,-3.199300000000000000e+04,-2.449300000000000000e+04,-2.010600000000000000e+04,-2.261100000000000000e+04
-1.771600000000000000e+04,-1.796200000000000000e+04,-1.036700000000000000e+04,-2.318700000000000000e+04,-1.930300000000000000e+04,-2.345400000000000000e+04,1.391000000000000000e+04,-1.914100000000000000e+04
-1.079100000000000000e+04,3.341200000000000000e+04,-1.966400000000000000e+04,-2.700500000000000000e+04,-2.285200000000000000e+04,-3.448900000000000000e+04,-2.093400000000000000e+04,-1.973800000000000000e+04
1.686000000000000000e+03,-1.420800000000000000e+04,-2.108700000000000000e+04,-5.306000000000000000e+03,-4.927000000000000000e+03,-1.806300000000000000e+04,-1.868500000000000000e+04,-2.115400000000000000e+04
-3.044700000000000000e+04,-9.607000000000000000e+03,-1.842100000000000000e+04,-1.771300000000000000e+04,-2.045900000000000000e+04,-2.036100000000000000e+04,1.732400000000000000e+04,-2.671500000000000000e+04
-2.347400000000000000e+04,-1.823100000000000000e+04,-1.225500000000000000e+04,-5.264000000000000000e+03,-2.214400000000000000e+04,5.765000000000000000e+03,-1.245800000000000000e+04,-1.649600000000000000e+04
-2.704000000000000000e+04,-1.776300000000000000e+04,-1.500500000000000000e+04,-1.426700000000000000e+04,-1.277000000000000000e+04,-2.070000000000000000e+04,-1.772300000000000000e+04,1.835100000000000000e+04
-3.045800000000000000e+04,-1.576700000000000000e+04,-1.626300000000000000e+04,2.818000000000000000e+03,-1.279800000000000000e+04,6.942000000000000000e+03,-9.919000000000000000e+03,-1.729600000000000000e+04
-1.604100000000000000e+04,-1.556700000000000000e+04,-1.498800000000000000e+04,-1.314700000000000000e+04,-1.392400000000000000e+04,-1.781000000000000000e+04,-2.067600000000000000e+04,1.558700000000000000e+04
-1.953600000000000000e+04,-9.640000000000000000e+03,-1.007500000000000000e+04,-2.959100000000000000e+04,-1.228200000000000000e+04,-2.802600000000000000e+04,-1.366900000000000000e+04,1.055800000000000000e+04
-5.081000000000000000e+03,-2.020300000000000000e+04,-1.717700000000000000e+04,1.468600000000000000e+04,-2.680100000000000000e+04,-1.515800000000000000e+04,-2.380200000000000000e+04,-2.450500000000000000e+04
-2.313200000000000000e+04,-1.730500000000000000e+04,-6.501000000000000000e+03,-1.062200000000000000e+04,-1.287200000000000000e+04,-1.676300000000000000e+04,-1.424800000000000000e+04,1.167300000000000000e+04
-2.232300000000000000e+04,-2.061800000000000000e+04,-1.115500000000000000e+04,4.796000000000000000e+03,-2.748000000000000000e+04,-1.889500000000000000e+04,-1.086800000000000000e+04,-3.024600000000000000e+04
-2.615200000000000000e+04,-1.695500000000000000e+04,-1.137900000000000000e+04,-1.324000000000000000e+04,-1.691900000000000000e+04,-1.974400000000000000e+04,-1.536300000000000000e+04,1.687000000000000000e+04
-1.318600000000000000e+04,-1.343900000000000000e+04,-1.746000000000000000e+04,1.449700000000000000e+04,-1.921100000000000000e+04,-6.920000000000000000e+03,-1.838200000000000000e+04,-2.301300000000000000e+04
-1.688800000000000000e+04,3.413000000000000000e+04,-1.809100000000000000e+04,-3.017600000000000000e+04,-3.192500000000000000e+04,-3.660200000000000000e+04,-1.928400000000000000e+04,-2.732100000000000000e+04
-2.768400000000000000e+04,-1.411500000000000000e+04,-1.779900000000000000e+04,-1.665200000000000000e+04,-2.924200000000000000e+04,-2.191100000000000000e+04,2.903500000000000000e+04,-2.828200000000000000e+04
-8.201000000000000000e+03,-1.897200000000000000e+04,-2.228000000000000000e+04,-1.885500000000000000e+04,-1.553600000000000000e+04,-1.917800000000000000e+04,2.128300000000000000e+04,-2.316300000000000000e+04
-3.278800000000000000e+04,-1.708000000000000000e+04,-2.010900000000000000e+04,-1.832300000000000000e+04,-2.941800000000000000e+04,-2.173600000000000000e+04,2.603700000000000000e+04,-2.902300000000000000e+04
1.151900000000000000e+04,-1.512300000000000000e+04,-1.728500000000000000e+04,-1.789000000000000000e+04,-8.310000000000000000e+03,-1.715500000000000000e+04,-2.149000000000000000e+04,-2.523400000000000000e+04
-2.148700000000000000e+04,-1.582500000000000000e+04,-1.673700000000000000e+04,-1.159700000000000000e+04,-1.596200000000000000e+04,-3.022700000000000000e+04,-1.205700000000000000e+04,1.684000000000000000e+04
-1.938000000000000000e+04,-1.573900000000000000e+04,-1.645200000000000000e+04,6.485000000000000000e+03,-2.488900000000000000e+04,-2.027400000000000000e+04,-2.049300000000000000e+04,-1.944300000000000000e+04
-2.257600000000000000e+04,-1.953400000000000000e+04,2.793300000000000000e+04,-2.828600000000000000e+04,-2.044300000000000000e+04,-2.350000000000000000e+04,-2.161500000000000000e+04,-1.500100000000000000e+04
8.760000000000000000e+02,-1.668200000000000000e+04,-1.454600000000000000e+04,-7.908000000000000000e+03,-6.275000000000000000e+03,-1.967300000000000000e+04,-1.893400000000000000e+04,-2.269900000000000000e+04
-2.008200000000000000e+04,-2.142700000000000000e+04,-1.756600000000000000e+04,5.415000000000000000e+03,-2.294000000000000000e+04,8.292000000000000000e+03,-2.062900000000000000e+04,-2.467500000000000000e+04
1.325400000000000000e+04,-1.052000000000000000e+04,-2.714200000000000000e+04,-1.279000000000000000e+03,-3.264300000000000000e+04,-1.523900000000000000e+04,-1.053100000000000000e+04,-2.311100000000000000e+04
-2.947300000000000000e+04,-1.783300000000000000e+04,-1.754900000000000000e+04,-1.323900000000000000e+04,-1.725500000000000000e+04,-2.485800000000000000e+04,-1.073300000000000000e+04,1.441400000000000000e+04
1.440200000000000000e+04,-1.772100000000000000e+04,-2.283800000000000000e+04,-9.406000000000000000e+03,-1.155000000000000000e+04,-2.497000000000000000e+04,-2.381800000000000000e+04,-2.453300000000000000e+04
-3.222400000000000000e+04,-2.215800000000000000e+04,2.300300000000000000e+04,-3.942000000000000000e+03,-2.546100000000000000e+04,-2.475400000000000000e+04,-1.277300000000000000e+04,-2.248600000000000000e+04
-1.736000000000000000e+04,-1.348200000000000000e+04,-1.477600000000000000e+04,-1.243000000000000000e+04,-1.098700000000000000e+04,-1.608000000000000000e+04,-1.310500000000000000e+04,1.363200000000000000e+04
-1.688900000000000000e+04,-2.316900000000000000e+04,-3.776000000000000000e+03,-1.199000000000000000e+03,-3.556900000000000000e+04,-2.838200000000000000e+04,1.755000000000000000e+04,-2.755500000000000000e+04
-2.793800000000000000e+04,1.888000000000000000e+04,-2.056800000000000000e+04,-7.688000000000000000e+03,-2.698400000000000000e+04,-3.098900000000000000e+04,-1.428000000000000000e+04,-2.055000000000000000e+04
-2.013700000000000000e+04,1.880500000000000000e+04,-1.555400000000000000e+04,-1.854700000000000000e+04,-2.653000000000000000e+04,-1.702100000000000000e+04,-1.891600000000000000e+04,-2.547300000000000000e+04
-2.945800000000000000e+04,-1.796200000000000000e+04,2.952300000000000000e+04,-1.840500000000000000e+04,-1.776500000000000000e+04,-2.581400000000000000e+04,-2.175000000000000000e+04,-1.741000000000000000e+04
4.148000000000000000e+03,-1.755500000000000000e+04,-2.755700000000000000e+04,-1.186800000000000000e+04,-1.980600000000000000e+04,-7.963000000000000000e+03,-1.462000000000000000e+04,-2.033400000000000000e+04
3.280000000000000000e+02,-1.956800000000000000e+04,-1.991700000000000000e+04,2.435000000000000000e+03,-1.951000000000000000e+04,-1.468300000000000000e+04,-2.245000000000000000e+04,-2.702100000000000000e+04
-2.724400000000000000e+04,-1.427500000000000000e+04,-1.705600000000000000e+04,-3.321400000000000000e+04,-1.591600000000000000e+04,-1.418000000000000000e+04,1.911700000000000000e+04,-2.782500000000000000e+04
-3.794000000000000000e+03,-1.774600000000000000e+04,-2.114700000000000000e+04,-1.438000000000000000e+04,1.482300000000000000e+04,-1.850000000000000000e+04,-2.052600000000000000e+04,-2.336600000000000000e+04
-2.898000000000000000e+03,-1.969100000000000000e+04,-2.437600000000000000e+04,1.006000000000000000e+03,-2.435600000000000000e+04,-1.498300000000000000e+04,-1.215000000000000000e+04,-2.466200000000000000e+04
-2.236000000000000000e+04,-1.363500000000000000e+04,-1.620200000000000000e+04,-2.450100000000000000e+04,-1.118000000000000000e+04,-2.142400000000000000e+04,6.520000000000000000e+03,-1.038300000000000000e+04
-2.096700000000000000e+04,-1.628400000000000000e+04,-1.562800000000000000e+04,-1.720800000000000000e+04,-1.501100000000000000e+04,-2.470000000000000000e+04,-1.974200000000000000e+04,1.980500000000000000e+04
-1.232400000000000000e+04,-1.778000000000000000e+04,-9.584000000000000000e+03,-6.893000000000000000e+03,-4.163000000000000000e+03,-1.892500000000000000e+04,-2.094900000000000000e+04,-2.034400000000000000e+04
-2.030700000000000000e+04,1.780000000000000000e+04,-1.500800000000000000e+04,-1.106000000000000000e+04,-1.162600000000000000e+04,-7.519000000000000000e+03,-1.613400000000000000e+04,-1.405600000000000000e+04
-3.064800000000000000e+04,3.114000000000000000e+04,-1.935400000000000000e+04,-2.509500000000000000e+04,-2.142000000000000000e+04,-2.564900000000000000e+04,-1.797700000000000000e+04,-1.709000000000000000e+04
3.760000000000000000e+03,-1.962200000000000000e+04,-1.307900000000000000e+04,-1.055000000000000000e+03,-2.485800000000000000e+04,-2.316000000000000000e+04,-2.162500000000000000e+04,-2.445700000000000000e+04
-1.430000000000000000e+04,-2.094200000000000000e+04,-1.903200000000000000e+04,-1.763800000000000000e+04,1.651400000000000000e+04,-1.943800000000000000e+04,-2.192200000000000000e+04,-2.177700000000000000e+04
-2.989300000000000000e+04,2.901200000000000000e+04,-1.904300000000000000e+04,-3.412400000000000000e+04,-2.669800000000000000e+04,-3.067000000000000000e+04,-1.869900000000000000e+04,-2.197600000000000000e+04
-1.839900000000000000e+04,-1.520700000000000000e+04,-1.233600000000000000e+04,-2.683000000000000000e+03,-5.655000000000000000e+03,-7.151000000000000000e+03,-1.630900000000000000e+04,-1.358600000000000000e+04
-2.249700000000000000e+04,2.213300000000000000e+04,-1.816500000000000000e+04,-1.010200000000000000e+04,-2.005300000000000000e+04,-1.336200000000000000e+04,-2.017600000000000000e+04,-1.797600000000000000e+04
-1.747900000000000000e+04,-1.477700000000000000e+04,-2.370500000000000000e+04,-2.593300000000000000e+04,-1.791000000000000000e+04,-2.288100000000000000e+04,2.258500000000000000e+04,-2.669300000000000000e+04
-3.040900000000000000e+04,-1.873800000000000000e+04,-1.162900000000000000e+04,-2.080800000000000000e+04,-2.398200000000000000e+04,-1.676200000000000000e+04,1.464200000000000000e+04,-3.065100000000000000e+04
-1.351800000000000000e+04,-2.062600000000000000e+04,-8.761000000000000000e+03,1.270500000000000000e+04,-3.052700000000000000e+04,-1.409900000000000000e+04,-2.271000000000000000e+04,-2.435500000000000000e+04
-2.289400000000000000e+04,-2.705800000000000000e+04,-1.402100000000000000e+04,-7.159000000000000000e+03,-7.923000000000000000e+03,1.376600000000000000e+04,-1.159900000000000000e+04,-1.830100000000000000e+04
-2.829000000000000000e+03,-1.183600000000000000e+04,1.415000000000000000e+03,-2.638000000000000000e+03,-3.188000000000000000e+04,-1.972000000000000000e+04,-2.194400000000000000e+04,-2.502700000000000000e+04
-2.142400000000000000e+04,-1.463100000000000000e+04,-1.814800000000000000e+04,-7.311000000000000000e+03,-2.834000000000000000e+04,-1.724100000000000000e+04,3.848000000000000000e+03,-2.401900000000000000e+04
-2.023400000000000000e+04,2.364000000000000000e+04,-1.775200000000000000e+04,-2.957100000000000000e+04,-2.999800000000000000e+04,-2.413400000000000000e+04,-1.920000000000000000e+04,-2.876200000000000000e+04
-9.137000000000000000e+03,3.543000000000000000e+03,-2.068400000000000000e+04,-1.995000000000000000e+03,-3.029900000000000000e+04,-2.796500000000000000e+04,-1.130400000000000000e+04,-2.168900000000000000e+04
-1.112800000000000000e+04,-1.606900000000000000e+04,-2.778300000000000000e+04,-1.066000000000000000e+03,-1.724300000000000000e+04,7.120000000000000000e+02,-1.921400000000000000e+04,-2.272200000000000000e+04
-9.320000000000000000e+02,-1.113400000000000000e+04,-5.771000000000000000e+03,-7.156000000000000000e+03,-3.426500000000000000e+04,-1.084500000000000000e+04,-1.674000000000000000e+04,-2.201400000000000000e+04
-3.008100000000000000e+04,-2.628600000000000000e+04,2.427100000000000000e+04,-2.137700000000000000e+04,-6.741000000000000000e+03,-2.768900000000000000e+04,-2.574600000000000000e+04,-1.780600000000000000e+04
-2.818800000000000000e+04,-1.901000000000000000e+04,-1.937000000000000000e+04,-2.019400000000000000e+04,-1.843500000000000000e+04,-1.234800000000000000e+04,2.843900000000000000e+04,-2.604700000000000000e+04
-1.836800000000000000e+04,-1.846400000000000000e+04,-1.089900000000000000e+04,1.859000000000000000e+03,-2.313600000000000000e+04,-1.519000000000000000e+04,6.216000000000000000e+03,-2.389900000000000000e+04
-2.374700000000000000e+04,-8.307000000000000000e+03,-1.475300000000000000e+04,-2.221300000000000000e+04,-1.755300000000000000e+04,-2.410600000000000000e+04,-1.780100000000000000e+04,1.547900000000000000e+04
-1.160800000000000000e+04,-1.335500000000000000e+04,-1.586900000000000000e+04,1.322400000000000000e+04,-1.806600000000000000e+04,-3.150000000000000000e+02,-1.667900000000000000e+04,-1.562500000000000000e+04
-1.750600000000000000e+04,2.873400000000000000e+04,-1.866900000000000000e+04,-2.496500000000000000e+04,-1.767300000000000000e+04,-3.571100000000000000e+04,-1.420300000000000000e+04,-2.182400000000000000e+04
-1.916600000000000000e+04,-1.276500000000000000e+04,-1.781400000000000000e+04,-1.758800000000000000e+04,-1.767100000000000000e+04,-2.778600000000000000e+04,-1.591400000000000000e+04,1.724000000000000000e+04
5.889000000000000000e+03,-1.562500000000000000e+04,-1.861800000000000000e+04,-9.723000000000000000e+03,-1.269800000000000000e+04,-1.413900000000000000e+04,-1.793900000000000000e+04,-2.421800000000000000e+04
-2.570100000000000000e+04,-1.960200000000000000e+04,-1.693400000000000000e+04,-3.250000000000000000e+02,8.770000000000000000e+02,-6.180000000000000000e+03,-1.129700000000000000e+04,-2.136500000000000000e+04
-1.066400000000000000e+04,-6.511000000000000000e+03,-1.471700000000000000e+04,-2.430000000000000000e+03,-1.741800000000000000e+04,7.959000000000000000e+03,-1.023100000000000000e+04,-1.302400000000000000e+04
-2.495600000000000000e+04,-1.785000000000000000e+04,-1.354500000000000000e+04,-1.054300000000000000e+04,-1.572600000000000000e+04,-1.886300000000000000e+04,-1.797700000000000000e+04,1.765700000000000000e+04
-5.827000000000000000e+03,-1.491500000000000000e+04,-1.651700000000000000e+04,4.303000000000000000e+03,-2.336000000000000000e+04,-1.195300000000000000e+04,-1.006100000000000000e+04,-2.935000000000000000e+04
-2.694000000000000000e+04,3.103500000000000000e+04,-1.655200000000000000e+04,-2.326400000000000000e+04,-2.669000000000000000e+04,-3.500400000000000000e+04,-2.064300000000000000e+04,-2.622500000000000000e+04
-1.338100000000000000e+04,-1.387000000000000000e+04,-1.494400000000000000e+04,6.643000000000000000e+03,-1.901600000000000000e+04,5.670000000000000000e+02,-2.235300000000000000e+04,-1.897500000000000000e+04
-3.718200000000000000e+04,-1.591200000000000000e+04,-1.476500000000000000e+04,-1.568900000000000000e+04,-2.379500000000000000e+04,-1.018800000000000000e+04,-1.993400000000000000e+04,1.217300000000000000e+04
-8.822000000000000000e+03,2.143900000000000000e+04,-1.862000000000000000e+04,-1.907900000000000000e+04,-2.745900000000000000e+04,-2.854800000000000000e+04,-2.596700000000000000e+04,-2.154000000000000000e+04
-1.629600000000000000e+04,-1.126200000000000000e+04,-1.392700000000000000e+04,-1.738700000000000000e+04,-2.103600000000000000e+04,-2.113900000000000000e+04,1.850600000000000000e+04,-2.240100000000000000e+04
-1.361900000000000000e+04,-1.334500000000000000e+04,-1.613500000000000000e+04,-1.703400000000000000e+04,-1.471700000000000000e+04,-3.001700000000000000e+04,-1.324800000000000000e+04,1.479800000000000000e+04
-3.359400000000000000e+04,-1.101300000000000000e+04,-2.593800000000000000e+04,-2.482300000000000000e+04,-2.228300000000000000e+04,-1.954300000000000000e+04,1.730800000000000000e+04,-1.873800000000000000e+04
-2.098000000000000000e+04,2.101400000000000000e+04,-2.058200000000000000e+04,-1.610900000000000000e+04,-2.860200000000000000e+04,-3.211200000000000000e+04,-1.164900000000000000e+04,-1.723300000000000000e+04
-1.886000000000000000e+04,-1.259800000000000000e+04,-1.651300000000000000e+04,-8.433000000000000000e+03,-1.607900000000000000e+04,-2.477500000000000000e+04,-1.175700000000000000e+04,1.533600000000000000e+04
-1.129500000000000000e+04,-3.034300000000000000e+04,-1.922400000000000000e+04,-1.301900000000000000e+04,-1.527700000000000000e+04,1.136800000000000000e+04,-9.012000000000000000e+03,-2.301500000000000000e+04
-1.868500000000000000e+04,-2.581400000000000000e+04,-2.473000000000000000e+04,-1.636600000000000000e+04,-2.014600000000000000e+04,-1.612900000000000000e+04,2.092300000000000000e+04,-2.418700000000000000e+04
-3.195700000000000000e+04,-1.476900000000000000e+04,-1.843400000000000000e+04,-2.611900000000000000e+04,-2.106900000000000000e+04,-1.615000000000000000e+04,1.741800000000000000e+04,-1.871600000000000000e+04
-2.179600000000000000e+04,-1.549100000000000000e+04,-1.248100000000000000e+04,-3.964000000000000000e+03,-3.010900000000000000e+04,-1.950300000000000000e+04,2.313000000000000000e+03,-2.908400000000000000e+04
-1.041400000000000000e+04,-2.095000000000000000e+04,-2.103100000000000000e+04,1.702000000000000000e+03,-1.247000000000000000e+04,-5.719000000000000000e+03,-1.836300000000000000e+04,-2.335900000000000000e+04
-3.211000000000000000e+04,-1.687800000000000000e+04,-2.147300000000000000e+04,-2.126700000000000000e+04,-2.269500000000000000e+04,-1.473600000000000000e+04,1.950700000000000000e+04,-2.494900000000000000e+04
-1.300000000000000000e+02,-1.085900000000000000e+04,-1.455100000000000000e+04,1.480000000000000000e+02,-1.629500000000000000e+04,-2.400400000000000000e+04,-2.234900000000000000e+04,-1.746400000000000000e+04
-2.677000000000000000e+04,1.543500000000000000e+04,-1.742700000000000000e+04,-1.440400000000000000e+04,-2.457700000000000000e+04,-2.840300000000000000e+04,-9.955000000000000000e+03,-2.075700000000000000e+04
-1.723600000000000000e+04,4.737700000000000000e+04,-2.390200000000000000e+04,-2.572000000000000000e+04,-2.617800000000000000e+04,-4.740800000000000000e+04,-2.123900000000000000e+04,-2.170900000000000000e+04
-1.146800000000000000e+04,-1.835000000000000000e+04,-1.168800000000000000e+04,1.542800000000000000e+04,-2.674800000000000000e+04,-4.284000000000000000e+03,-2.018400000000000000e+04,-2.333400000000000000e+04
-2.401400000000000000e+04,-1.373600000000000000e+04,-1.757300000000000000e+04,-1.814000000000000000e+04,-1.740400000000000000e+04,-1.347200000000000000e+04,2.049800000000000000e+04,-2.040100000000000000e+04
-1.396300000000000000e+04,1.608200000000000000e+04,-1.521600000000000000e+04,-2.425900000000000000e+04,-2.142900000000000000e+04,-3.011400000000000000e+04,-1.197000000000000000e+04,-2.067600000000000000e+04
-1.348600000000000000e+04,-1.005600000000000000e+04,-1.828100000000000000e+04,-1.941900000000000000e+04,-1.560900000000000000e+04,2.900000000000000000e+02,-2.451000000000000000e+03,-1.763500000000000000e+04
-2.033100000000000000e+04,-1.312600000000000000e+04,-1.762900000000000000e+04,-1.173900000000000000e+04,-1.940000000000000000e+04,-1.872600000000000000e+04,1.980900000000000000e+04,-1.986100000000000000e+04
-1.935800000000000000e+04,-1.390200000000000000e+04,1.274000000000000000e+04,-9.061000000000000000e+03,-1.485600000000000000e+04,-1.504100000000000000e+04,-1.141700000000000000e+04,-1.489500000000000000e+04
-1.476200000000000000e+04,-9.327000000000000000e+03,-2.236500000000000000e+04,1.148400000000000000e+04,-2.755900000000000000e+04,-1.471700000000000000e+04,-1.851100000000000000e+04,-2.801400000000000000e+04
1.863900000000000000e+04,-1.268000000000000000e+04,-1.431600000000000000e+04,6.511000000000000000e+03,-2.319200000000000000e+04,-2.526600000000000000e+04,-1.874100000000000000e+04,-2.393500000000000000e+04
2.726900000000000000e+04,-1.599700000000000000e+04,-2.621600000000000000e+04,-1.280200000000000000e+04,-2.976700000000000000e+04,-3.310200000000000000e+04,-1.357800000000000000e+04,-2.553900000000000000e+04
-2.230700000000000000e+04,-1.904100000000000000e+04,-1.411300000000000000e+04,-1.589800000000000000e+04,-1.342700000000000000e+04,-2.316500000000000000e+04,-1.918300000000000000e+04,2.011100000000000000e+04
-1.373200000000000000e+04,-1.035700000000000000e+04,-1.333900000000000000e+04,1.194000000000000000e+03,-1.376200000000000000e+04,-1.383400000000000000e+04,-2.069200000000000000e+04,-2.035100000000000000e+04
-2.186600000000000000e+04,-1.433400000000000000e+04,-1.656000000000000000e+04,-2.535100000000000000e+04,-1.668100000000000000e+04,-2.224800000000000000e+04,-1.429600000000000000e+04,1.671100000000000000e+04
-5.554000000000000000e+03,-1.504700000000000000e+04,-1.153700000000000000e+04,5.440000000000000000e+02,-3.503000000000000000e+03,-1.563800000000000000e+04,-2.042400000000000000e+04,-1.848900000000000000e+04
-1.876900000000000000e+04,-1.658500000000000000e+04,-2.132900000000000000e+04,-2.524100000000000000e+04,-1.691900000000000000e+04,-2.364500000000000000e+04,2.526400000000000000e+04,-2.434800000000000000e+04
-1.321200000000000000e+04,-1.716000000000000000e+04,-1.372600000000000000e+04,7.441000000000000000e+03,-2.146000000000000000e+04,-1.648200000000000000e+04,-8.821000000000000000e+03,-2.523200000000000000e+04
1.804700000000000000e+04,-1.404200000000000000e+04,-2.137800000000000000e+04,-1.132900000000000000e+04,-2.636800000000000000e+04,-1.382700000000000000e+04,-1.803200000000000000e+04,-2.344400000000000000e+04
1.412600000000000000e+04,-1.716200000000000000e+04,-2.066700000000000000e+04,-2.334400000000000000e+04,-2.313200000000000000e+04,-2.114800000000000000e+04,-1.697500000000000000e+04,-2.790400000000000000e+04
-7.378000000000000000e+03,-2.326300000000000000e+04,-1.392000000000000000e+04,-9.580000000000000000e+02,-1.710300000000000000e+04,1.883300000000000000e+04,-1.991500000000000000e+04,-2.157700000000000000e+04
-1.907400000000000000e+04,-1.108100000000000000e+04,-9.908000000000000000e+03,-2.723000000000000000e+03,-1.977400000000000000e+04,-1.396000000000000000e+04,5.418000000000000000e+03,-2.157500000000000000e+04
-1.272400000000000000e+04,-1.772500000000000000e+04,9.806000000000000000e+03,-1.313400000000000000e+04,-1.898300000000000000e+04,-2.660400000000000000e+04,-5.908000000000000000e+03,-2.491900000000000000e+04
-3.106500000000000000e+04,-1.843500000000000000e+04,-1.710700000000000000e+04,-2.529500000000000000e+04,-1.969000000000000000e+04,-1.794800000000000000e+04,2.185000000000000000e+04,-2.469100000000000000e+04
-1.853100000000000000e+04,-1.154600000000000000e+04,-1.817400000000000000e+04,-2.194100000000000000e+04,-1.457300000000000000e+04,-2.271300000000000000e+04,-1.083200000000000000e+04,1.296100000000000000e+04
1.832400000000000000e+04,-1.397100000000000000e+04,-2.639400000000000000e+04,-8.568000000000000000e+03,-2.826100000000000000e+04,-2.172300000000000000e+04,-1.441400000000000000e+04,-2.557800000000000000e+04
-1.751200000000000000e+04,-1.389400000000000000e+04,-1.915000000000000000e+04,-1.598700000000000000e+04,-1.459500000000000000e+04,-2.616500000000000000e+04,-1.515300000000000000e+04,1.741800000000000000e+04
-3.506700000000000000e+04,-2.078700000000000000e+04,-1.130400000000000000e+04,-1.112700000000000000e+04,-1.934000000000000000e+04,-1.989200000000000000e+04,-1.998800000000000000e+04,1.571100000000000000e+04
-2.158100000000000000e+04,-1.497200000000000000e+04,-1.785700000000000000e+04,-2.478000000000000000e+04,-1.630400000000000000e+04,-1.948800000000000000e+04,1.231300000000000000e+04,-1.461500000000000000e+04
-1.714400000000000000e+04,-1.714300000000000000e+04,-1.715000000000000000e+04,-1.238100000000000000e+04,-1.030600000000000000e+04,1.513300000000000000e+04,-1.742900000000000000e+04,-2.019000000000000000e+04
-1.547600000000000000e+04,1.131000000000000000e+04,-1.344000000000000000e+04,-1.806700000000000000e+04,-3.407200000000000000e+04,-2.485100000000000000e+04,-1.811600000000000000e+04,-2.662700000000000000e+04
-9.434000000000000000e+03,-3.887000000000000000e+03,-2.157600000000000000e+04,-1.354000000000000000e+03,-2.596700000000000000e+04,-1.340000000000000000e+04,-1.764600000000000000e+04,-2.433900000000000000e+04
-1.642400000000000000e+04,3.886100000000000000e+04,-2.267700000000000000e+04,-2.560200000000000000e+04,-2.993200000000000000e+04,-2.931600000000000000e+04,-1.767300000000000000e+04,-2.259800000000000000e+04
-1.953800000000000000e+04,1.587000000000000000e+04,-2.623200000000000000e+04,-3.569000000000000000e+04,-2.138700000000000000e+04,-2.685100000000000000e+04,-7.641000000000000000e+03,-2.069800000000000000e+04
-1.094400000000000000e+04,-2.015100000000000000e+04,-1.522800000000000000e+04,-1.569100000000000000e+04,-1.072100000000000000e+04,6.058000000000000000e+03,-1.565000000000000000e+04,-1.786600000000000000e+04
-1.644600000000000000e+04,2.912700000000000000e+04,-1.671300000000000000e+04,-1.948200000000000000e+04,-3.334500000000000000e+04,-3.009900000000000000e+04,-1.763700000000000000e+04,-2.463800000000000000e+04
-1.810000000000000000e+03,1.927000000000000000e+04,-2.183200000000000000e+04,-1.300700000000000000e+04,-3.110500000000000000e+04,-2.983000000000000000e+04,-2.454700000000000000e+04,-2.219700000000000000e+04
-1.359500000000000000e+04,-1.930300000000000000e+04,3.136900000000000000e+04,-2.621200000000000000e+04,-1.989100000000000000e+04,-2.934500000000000000e+04,-2.181900000000000000e+04,-1.675000000000000000e+04
-1.408000000000000000e+04,1.711800000000000000e+04,-1.905100000000000000e+04,-1.935400000000000000e+04,-3.189000000000000000e+04,-2.600800000000000000e+04,-1.040000000000000000e+04,-2.626900000000000000e+04
-1.684000000000000000e+04,2.060200000000000000e+04,-2.225200000000000000e+04,-1.548200000000000000e+04,-3.106200000000000000e+04,-4.091700000000000000e+04,-1.388200000000000000e+04,-2.345100000000000000e+04
-1.561500000000000000e+04,1.128700000000000000e+04,-1.307300000000000000e+04,-2.090400000000000000e+04,-2.097300000000000000e+04,-2.268800000000000000e+04,-1.164500000000000000e+04,-2.383700000000000000e+04
-2.391400000000000000e+04,-1.265300000000000000e+04,-1.407200000000000000e+04,-1.661300000000000000e+04,-1.186000000000000000e+04,-1.669500000000000000e+04,-9.452000000000000000e+03,1.528300000000000000e+04
-2.543700000000000000e+04,-1.464700000000000000e+04,-1.522400000000000000e+04,-2.034000000000000000e+04,-1.039700000000000000e+04,-2.445700000000000000e+04,-1.807000000000000000e+04,1.886100000000000000e+04
-1.920800000000000000e+04,-1.594200000000000000e+04,-1.919500000000000000e+04,7.966000000000000000e+03,-1.217200000000000000e+04,-2.275500000000000000e+04,1.341400000000000000e+04,-2.339400000000000000e+04
-1.426200000000000000e+04,2.414100000000000000e+04,-2.160200000000000000e+04,-2.649100000000000000e+04,-3.095800000000000000e+04,-2.135000000000000000e+04,-2.098800000000000000e+04,-2.345100000000000000e+04
-2.081900000000000000e+04,-2.671400000000000000e+04,2.201000000000000000e+04,-1.479200000000000000e+04,-4.336000000000000000e+03,-2.162600000000000000e+04,-1.954300000000000000e+04,-1.343000000000000000e+04
-2.133000000000000000e+03,-1.328700000000000000e+04,-2.139300000000000000e+04,-4.210000000000000000e+03,-2.181300000000000000e+04,-5.011000000000000000e+03,-1.641200000000000000e+04,-2.573400000000000000e+04
-2.055600000000000000e+04,-1.749300000000000000e+04,1.574700000000000000e+04,-4.451000000000000000e+03,-2.417200000000000000e+04,-1.898100000000000000e+04,-1.637900000000000000e+04,-2.659500000000000000e+04
-9.615000000000000000e+03,-1.531200000000000000e+04,-1.752800000000000000e+04,-9.360000000000000000e+02,-3.955000000000000000e+03,-2.233000000000000000e+03,-1.340800000000000000e+04,-1.637900000000000000e+04
-8.558000000000000000e+03,-1.044600000000000000e+04,-2.113400000000000000e+04,-6.975000000000000000e+03,-1.941000000000000000e+04,-1.406300000000000000e+04,4.171000000000000000e+03,-2.569600000000000000e+04
-5.747000000000000000e+03,-1.667400000000000000e+04,-2.528000000000000000e+04,1.670800000000000000e+04,-2.586200000000000000e+04,-9.415000000000000000e+03,-1.544400000000000000e+04,-2.946900000000000000e+04
-2.129700000000000000e+04,-1.577700000000000000e+04,-1.351100000000000000e+04,-1.899500000000000000e+04,-1.935100000000000000e+04,-2.401400000000000000e+04,-1.955800000000000000e+04,1.831400000000000000e+04
-2.689200000000000000e+04,3.025100000000000000e+04,-2.498200000000000000e+04,-3.216800000000000000e+04,-2.375700000000000000e+04,-2.711600000000000000e+04,-1.876200000000000000e+04,-1.267100000000000000e+04
-2.525700000000000000e+04,-8.544000000000000000e+03,-1.557300000000000000e+04,-1.765200000000000000e+04,-1.523400000000000000e+04,-2.911200000000000000e+04,-1.271300000000000000e+04,1.838700000000000000e+04
-2.011500000000000000e+04,-1.484200000000000000e+04,-1.884100000000000000e+04,-1.722400000000000000e+04,-1.499100000000000000e+04,-2.537200000000000000e+04,-1.619800000000000000e+04,1.816600000000000000e+04
-2.173300000000000000e+04,-1.434400000000000000e+04,-1.610100000000000000e+04,-2.167800000000000000e+04,-1.604300000000000000e+04,-3.072600000000000000e+04,-1.510500000000000000e+04,1.779800000000000000e+04
-2.032100000000000000e+04,-2.446700000000000000e+04,-1.782100000000000000e+04,-2.111300000000000000e+04,-1.210300000000000000e+04,2.372100000000000000e+04,-1.758300000000000000e+04,-2.153800000000000000e+04
-5.775000000000000000e+03,-6.402000000000000000e+03,-1.137500000000000000e+04,1.027000000000000000e+03,-1.286700000000000000e+04,3.030000000000000000e+02,-1.376900000000000000e+04,-1.319600000000000000e+04
-3.040000000000000000e+04,-2.103000000000000000e+04,-1.929500000000000000e+04,-2.171400000000000000e+04,-2.167700000000000000e+04,-1.965700000000000000e+04,1.531700000000000000e+04,-2.669600000000000000e+04
-2.402400000000000000e+04,-1.339100000000000000e+04,-2.017700000000000000e+04,-1.979800000000000000e+04,-1.275600000000000000e+04,-2.124100000000000000e+04,1.918700000000000000e+04,-1.967600000000000000e+04
-1.460600000000000000e+04,-1.251600000000000000e+04,-1.560500000000000000e+04,-2.162200000000000000e+04,-1.954300000000000000e+04,-2.804900000000000000e+04,-1.569600000000000000e+04,1.616600000000000000e+04
2.096300000000000000e+04,-1.266000000000000000e+04,-2.541500000000000000e+04,-2.478800000000000000e+04,-2.528100000000000000e+04,-1.527600000000000000e+04,-1.655300000000000000e+04,-2.190100000000000000e+04
-1.262800000000000000e+04,-1.482900000000000000e+04,-1.211800000000000000e+04,-9.798000000000000000e+03,-1.480000000000000000e+04,1.037300000000000000e+04,-2.102400000000000000e+04,-1.650900000000000000e+04
-2.358900000000000000e+04,-1.854500000000000000e+04,-1.061800000000000000e+04,-2.237300000000000000e+04,-2.550200000000000000e+04,-2.060200000000000000e+04,1.725700000000000000e+04,-2.594000000000000000e+04
-1.573900000000000000e+04,-1.182400000000000000e+04,-1.573400000000000000e+04,-1.379900000000000000e+04,-1.422500000000000000e+04,-2.659500000000000000e+04,-1.691100000000000000e+04,1.509000000000000000e+04
-1.747500000000000000e+04,-1.628900000000000000e+04,-1.952200000000000000e+04,-1.343800000000000000e+04,-1.515000000000000000e+04,-2.819700000000000000e+04,-1.146300000000000000e+04,2.158300000000000000e+04
-2.459100000000000000e+04,-2.241700000000000000e+04,-1.336500000000000000e+04,-5.431000000000000000e+03,-1.827100000000000000e+04,1.308000000000000000e+04,-1.822900000000000000e+04,-2.157300000000000000e+04
-3.431700000000000000e+04,-2.042700000000000000e+04,1.571700000000000000e+04,-1.736900000000000000e+04,-1.729500000000000000e+04,-2.596100000000000000e+04,-1.320700000000000000e+04,-1.811800000000000000e+04
-3.128100000000000000e+04,-1.089700000000000000e+04,-1.338600000000000000e+04,-1.522800000000000000e+04,-3.130600000000000000e+04,-2.473700000000000000e+04,1.396800000000000000e+04,-2.738900000000000000e+04
-2.392400000000000000e+04,-1.599900000000000000e+04,-1.759000000000000000e+04,-1.473200000000000000e+04,-2.540400000000000000e+04,-2.386600000000000000e+04,2.151000000000000000e+04,-2.698700000000000000e+04
-1.389000000000000000e+04,-1.161800000000000000e+04,-1.973300000000000000e+04,-2.603600000000000000e+04,-1.595400000000000000e+04,-2.488200000000000000e+04,1.236800000000000000e+04,-1.428600000000000000e+04
-3.911000000000000000e+03,-2.041100000000000000e+04,-1.734900000000000000e+04,1.180000000000000000e+03,-1.143400000000000000e+04,-6.914000000000000000e+03,-2.519600000000000000e+04,-1.893000000000000000e+04
-6.764000000000000000e+03,-1.357700000000000000e+04,5.434000000000000000e+03,-1.743400000000000000e+04,-9.801000000000000000e+03,-2.088600000000000000e+04,-2.147400000000000000e+04,-2.173200000000000000e+04
-2.737300000000000000e+04,-1.814900000000000000e+04,-7.458000000000000000e+03,7.540000000000000000e+02,-2.877200000000000000e+04,-3.321200000000000000e+04,9.811000000000000000e+03,-2.271400000000000000e+04
-2.461100000000000000e+04,-2.188900000000000000e+04,-1.203200000000000000e+04,-2.454000000000000000e+03,-1.302000000000000000e+04,1.757700000000000000e+04,-1.578600000000000000e+04,-2.179500000000000000e+04
-8.674000000000000000e+03,-2.210300000000000000e+04,-1.524100000000000000e+04,-3.388000000000000000e+03,-1.320500000000000000e+04,-8.356000000000000000e+03,-6.624000000000000000e+03,-2.147200000000000000e+04
-8.669000000000000000e+03,-2.061200000000000000e+04,-1.260200000000000000e+04,9.531000000000000000e+03,-3.080900000000000000e+04,-9.879000000000000000e+03,-1.447300000000000000e+04,-3.072500000000000000e+04
-2.669900000000000000e+04,-1.939200000000000000e+04,-1.656900000000000000e+04,-1.994700000000000000e+04,-2.497000000000000000e+04,-1.745200000000000000e+04,2.862600000000000000e+04,-2.569800000000000000e+04
-1.694000000000000000e+04,-1.502600000000000000e+04,-2.219900000000000000e+04,-2.192500000000000000e+04,-2.576300000000000000e+04,-1.788600000000000000e+04,2.229300000000000000e+04,-2.188500000000000000e+04
-4.665000000000000000e+03,-2.422900000000000000e+04,-1.800300000000000000e+04,-1.985400000000000000e+04,-1.306900000000000000e+04,-1.031000000000000000e+03,-3.501000000000000000e+03,-2.154800000000000000e+04
-1.949400000000000000e+04,-1.662000000000000000e+04,-2.198600000000000000e+04,-2.030000000000000000e+04,2.384700000000000000e+04,-2.713900000000000000e+04,-2.312200000000000000e+04,-1.216600000000000000e+04
-1.945200000000000000e+04,-9.682000000000000000e+03,-1.309600000000000000e+04,-1.363300000000000000e+04,-1.428500000000000000e+04,-2.699200000000000000e+04,-1.789500000000000000e+04,1.191200000000000000e+04
-2.073500000000000000e+04,-2.396900000000000000e+04,2.658000000000000000e+03,6.981000000000000000e+03,-2.393500000000000000e+04,-8.356000000000000000e+03,-1.238900000000000000e+04,-2.342700000000000000e+04
-1.785300000000000000e+04,2.974900000000000000e+04,-1.986100000000000000e+04,-3.345400000000000000e+04,-1.762600000000000000e+04,-3.334300000000000000e+04,-1.745300000000000000e+04,-2.001400000000000000e+04
-1.777500000000000000e+04,-1.830300000000000000e+04,4.281000000000000000e+03,-4.298000000000000000e+03,-2.240900000000000000e+04,-1.825400000000000000e+04,-4.690000000000000000e+02,-2.307700000000000000e+04
-2.193600000000000000e+04,-1.858000000000000000e+04,-1.625600000000000000e+04,-9.683000000000000000e+03,-2.947700000000000000e+04,-2.652200000000000000e+04,2.168800000000000000e+04,-2.812800000000000000e+04
-2.446700000000000000e+04,3.362500000000000000e+04,-1.385400000000000000e+04,-2.482700000000000000e+04,-2.271900000000000000e+04,-3.866400000000000000e+04,-1.818300000000000000e+04,-2.253800000000000000e+04
-2.431400000000000000e+04,-1.154400000000000000e+04,-2.624100000000000000e+04,-2.068300000000000000e+04,-2.180500000000000000e+04,-1.614700000000000000e+04,2.418700000000000000e+04,-1.161100000000000000e+04
-2.180300000000000000e+04,-1.315100000000000000e+04,-1.165400000000000000e+04,-1.672300000000000000e+04,-1.460800000000000000e+04,-2.523900000000000000e+04,-1.424800000000000000e+04,1.560400000000000000e+04
-9.413000000000000000e+03,-1.708000000000000000e+04,-2.345100000000000000e+04,-2.405000000000000000e+03,-2.564800000000000000e+04,-5.626000000000000000e+03,-1.988600000000000000e+04,-2.626900000000000000e+04
-2.485500000000000000e+04,-1.814100000000000000e+04,-9.179000000000000000e+03,-9.954000000000000000e+03,-1.331500000000000000e+04,-2.120100000000000000e+04,-1.656600000000000000e+04,1.458100000000000000e+04
-2.517000000000000000e+04,2.457600000000000000e+04,-1.977600000000000000e+04,-1.587600000000000000e+04,-1.916800000000000000e+04,-3.089800000000000000e+04,-1.282900000000000000e+04,-2.265900000000000000e+04
-2.131700000000000000e+04,-1.322900000000000000e+04,-1.578800000000000000e+04,-2.176700000000000000e+04,-1.445500000000000000e+04,-3.031300000000000000e+04,-1.525600000000000000e+04,2.167500000000000000e+04
-1.638400000000000000e+04,-5.893000000000000000e+03,-1.494600000000000000e+04,4.278000000000000000e+03,-8.120000000000000000e+03,-2.493900000000000000e+04,-1.041200000000000000e+04,-1.307900000000000000e+04
-7.908000000000000000e+03,-1.984800000000000000e+04,-1.770600000000000000e+04,-1.019600000000000000e+04,-8.241000000000000000e+03,-2.762500000000000000e+04,1.427500000000000000e+04,-2.474100000000000000e+04
-1.554500000000000000e+04,2.424400000000000000e+04,-2.255800000000000000e+04,-1.080800000000000000e+04,-2.691000000000000000e+04,-4.065700000000000000e+04,-1.938900000000000000e+04,-2.216100000000000000e+04
5.331000000000000000e+03,-1.552100000000000000e+04,-1.896800000000000000e+04,-5.727000000000000000e+03,-2.522000000000000000e+04,-2.063700000000000000e+04,-1.400000000000000000e+04,-2.818900000000000000e+04
-1.340200000000000000e+04,-1.854600000000000000e+04,-4.150000000000000000e+02,-1.563700000000000000e+04,-2.941300000000000000e+04,-1.750200000000000000e+04,2.352000000000000000e+03,-2.561700000000000000e+04
-1.253200000000000000e+04,-1.611700000000000000e+04,-2.241100000000000000e+04,-2.372200000000000000e+04,-2.589700000000000000e+04,-1.593000000000000000e+04,2.332400000000000000e+04,-2.855000000000000000e+04
-2.217900000000000000e+04,-1.293700000000000000e+04,-1.613600000000000000e+04,-1.986200000000000000e+04,-1.651600000000000000e+04,-2.226600000000000000e+04,-1.936800000000000000e+04,1.748700000000000000e+04
-2.482400000000000000e+04,-1.578000000000000000e+04,-7.855000000000000000e+03,-1.645700000000000000e+04,-1.617400000000000000e+04,-1.609200000000000000e+04,-1.081100000000000000e+04,1.121300000000000000e+04
-1.765200000000000000e+04,-1.254800000000000000e+04,-1.488300000000000000e+04,-1.373100000000000000e+04,-1.761000000000000000e+04,-2.330700000000000000e+04,-1.511800000000000000e+04,1.526700000000000000e+04
-1.882500000000000000e+04,-1.363100000000000000e+04,-1.678100000000000000e+04,-1.364700000000000000e+04,-1.287200000000000000e+04,-2.854200000000000000e+04,-1.727900000000000000e+04,1.603700000000000000e+04
-2.328400000000000000e+04,-1.535800000000000000e+04,-1.448700000000000000e+04,-2.739000000000000000e+04,-1.489500000000000000e+04,-2.613100000000000000e+04,-1.628600000000000000e+04,2.014100000000000000e+04
-2.869300000000000000e+04,-1.898900000000000000e+04,-1.191100000000000000e+04,-1.964400000000000000e+04,-2.485300000000000000e+04,-1.859500000000000000e+04,1.856200000000000000e+04,-2.311400000000000000e+04
-1.857200000000000000e+04,-1.447700000000000000e+04,-1.382800000000000000e+04,-1.903800000000000000e+04,-1.904300000000000000e+04,-2.765300000000000000e+04,-1.353300000000000000e+04,1.816500000000000000e+04
-1.838900000000000000e+04,-2.455000000000000000e+04,-1.494000000000000000e+04,-1.179400000000000000e+04,-1.708700000000000000e+04,2.111900000000000000e+04,-1.575800000000000000e+04,-1.899700000000000000e+04
-9.605000000000000000e+03,-1.327100000000000000e+04,-1.487400000000000000e+04,1.480000000000000000e+04,-1.800300000000000000e+04,-6.005000000000000000e+03,-2.699400000000000000e+04,-1.826600000000000000e+04
-1.651000000000000000e+04,-1.363700000000000000e+04,-1.307800000000000000e+04,-2.987900000000000000e+04,-1.957300000000000000e+04,-1.563700000000000000e+04,1.940100000000000000e+04,-2.128400000000000000e+04
-1.497700000000000000e+04,-1.230000000000000000e+04,-2.122300000000000000e+04,-2.550600000000000000e+04,-1.809600000000000000e+04,-2.137700000000000000e+04,3.110100000000000000e+04,-2.681800000000000000e+04
-2.515300000000000000e+04,-2.091800000000000000e+04,-1.478600000000000000e+04,1.133700000000000000e+04,-1.452200000000000000e+04,-1.100900000000000000e+04,-1.339000000000000000e+04,-2.456000000000000000e+04
-2.610900000000000000e+04,-1.691900000000000000e+04,-1.422400000000000000e+04,-1.538300000000000000e+04,-1.586300000000000000e+04,-1.855300000000000000e+04,-1.972700000000000000e+04,1.786100000000000000e+04
-2.402800000000000000e+04,3.116900000000000000e+04,-2.475100000000000000e+04,-2.853500000000000000e+04,-2.816300000000000000e+04,-2.872600000000000000e+04,-1.918000000000000000e+04,-1.611000000000000000e+04
-2.172000000000000000e+04,-1.633400000000000000e+04,-1.457400000000000000e+04,-2.119800000000000000e+04,-2.131000000000000000e+04,-2.764800000000000000e+04,-1.537100000000000000e+04,1.806400000000000000e+04
-3.606800000000000000e+04,-1.829900000000000000e+04,-1.696200000000000000e+04,-1.161100000000000000e+04,-2.680900000000000000e+04,-1.114600000000000000e+04,1.511100000000000000e+04,-2.959800000000000000e+04
-9.746000000000000000e+03,-2.041700000000000000e+04,-1.960900000000000000e+04,-1.874200000000000000e+04,1.926900000000000000e+04,-2.085200000000000000e+04,-2.298400000000000000e+04,-2.145400000000000000e+04
-1.907400000000000000e+04,-2.325700000000000000e+04,-7.666000000000000000e+03,-2.088000000000000000e+04,-2.698400000000000000e+04,-2.575500000000000000e+04,1.052600000000000000e+04,-2.508600000000000000e+04
-2.176100000000000000e+04,4.296000000000000000e+03,-1.658800000000000000e+04,-5.757000000000000000e+03,-1.120600000000000000e+04,-1.376100000000000000e+04,-3.226000000000000000e+03,-1.366300000000000000e+04
8.670000000000000000e+03,-1.391500000000000000e+04,-2.193400000000000000e+04,-5.209000000000000000e+03,-2.021000000000000000e+04,-2.449000000000000000e+04,-1.709300000000000000e+04,-2.708000000000000000e+04
-2.802100000000000000e+04,-1.606900000000000000e+04,-1.722500000000000000e+04,-1.288200000000000000e+04,-1.520700000000000000e+04,-2.278700000000000000e+04,-1.680200000000000000e+04,1.817200000000000000e+04
-1.640200000000000000e+04,-1.400900000000000000e+04,-1.997100000000000000e+04,-1.916500000000000000e+04,-1.811100000000000000e+04,-2.619200000000000000e+04,2.128400000000000000e+04,-2.808300000000000000e+04
-1.370400000000000000e+04,-9.574000000000000000e+03,-6.984000000000000000e+03,-6.319000000000000000e+03,-1.869000000000000000e+04,-1.807500000000000000e+04,5.881000000000000000e+03,-2.112600000000000000e+04
-1.335300000000000000e+04,-1.565100000000000000e+04,-1.661600000000000000e+04,4.202000000000000000e+03,-2.664300000000000000e+04,-1.574200000000000000e+04,-2.267500000000000000e+04,-1.834900000000000000e+04
-1.045800000000000000e+04,-1.593900000000000000e+04,-1.069000000000000000e+04,5.949000000000000000e+03,-3.495600000000000000e+04,-1.306800000000000000e+04,-1.994900000000000000e+04,-2.828100000000000000e+04
-1.770000000000000000e+02,-1.998100000000000000e+04,-1.789300000000000000e+04,1.256100000000000000e+04,-2.121100000000000000e+04,-7.750000000000000000e+03,-2.096200000000000000e+04,-2.156100000000000000e+04
-8.734000000000000000e+03,-2.747400000000000000e+04,-6.574000000000000000e+03,9.397000000000000000e+03,-2.671400000000000000e+04,-3.314600000000000000e+04,-4.160000000000000000e+03,-2.870800000000000000e+04
-3.208600000000000000e+04,3.118000000000000000e+04,-2.105800000000000000e+04,-2.123000000000000000e+04,-2.725700000000000000e+04,-2.262000000000000000e+04,-1.641700000000000000e+04,-2.417800000000000000e+04
-2.646300000000000000e+04,3.233800000000000000e+04,-1.899900000000000000e+04,-2.019900000000000000e+04,-2.147000000000000000e+04,-2.468600000000000000e+04,-1.729400000000000000e+04,-2.567800000000000000e+04
-2.579500000000000000e+04,4.791800000000000000e+04,-2.210000000000000000e+04,-2.910200000000000000e+04,-3.031400000000000000e+04,-4.712300000000000000e+04,-2.331400000000000000e+04,-2.057100000000000000e+04
-1.998700000000000000e+04,-1.749900000000000000e+04,2.723600000000000000e+04,-2.757700000000000000e+04,-1.488600000000000000e+04,-2.251900000000000000e+04,-2.410500000000000000e+04,-1.526000000000000000e+04
-9.714000000000000000e+03,-1.872800000000000000e+04,-1.842300000000000000e+04,-9.570000000000000000e+03,-9.867000000000000000e+03,-1.968000000000000000e+04,1.130300000000000000e+04,-2.284100000000000000e+04
-1.224100000000000000e+04,-2.415300000000000000e+04,-1.673100000000000000e+04,-1.813100000000000000e+04,-3.259200000000000000e+04,3.415000000000000000e+03,-8.490000000000000000e+02,-2.922000000000000000e+04
-1.803600000000000000e+04,-1.459800000000000000e+04,-2.048200000000000000e+04,-5.152000000000000000e+03,1.840000000000000000e+04,-2.559200000000000000e+04,-1.754200000000000000e+04,-1.959900000000000000e+04
-1.437800000000000000e+04,-2.140900000000000000e+04,-2.129100000000000000e+04,-1.539300000000000000e+04,1.919100000000000000e+04,-2.980100000000000000e+04,-2.014600000000000000e+04,-2.046000000000000000e+04
-2.477800000000000000e+04,-2.449300000000000000e+04,-1.353500000000000000e+04,-3.672000000000000000e+03,-1.398600000000000000e+04,9.632000000000000000e+03,-2.568500000000000000e+04,-1.903200000000000000e+04
-2.485800000000000000e+04,-2.228400000000000000e+04,2.116700000000000000e+04,-2.160500000000000000e+04,-1.608300000000000000e+04,-2.759300000000000000e+04,-1.419500000000000000e+04,-1.691100000000000000e+04
-1.382500000000000000e+04,-3.708000000000000000e+03,-2.468000000000000000e+04,8.624000000000000000e+03,-5.248000000000000000e+03,-3.146200000000000000e+04,-1.409300000000000000e+04,-1.830900000000000000e+04
-2.293000000000000000e+04,-1.847200000000000000e+04,-1.513000000000000000e+04,-1.061300000000000000e+04,-2.124600000000000000e+04,1.279000000000000000e+04,-1.207500000000000000e+04,-9.845000000000000000e+03
-1.725500000000000000e+04,-1.789300000000000000e+04,-3.375000000000000000e+03,6.153000000000000000e+03,-2.598100000000000000e+04,-5.905000000000000000e+03,-2.357700000000000000e+04,-1.884500000000000000e+04
-1.960200000000000000e+04,-1.502500000000000000e+04,-1.124100000000000000e+04,-1.853200000000000000e+04,1.490900000000000000e+04,-2.707600000000000000e+04,-1.726500000000000000e+04,-1.313200000000000000e+04
-2.388500000000000000e+04,2.606500000000000000e+04,-1.718100000000000000e+04,-2.727900000000000000e+04,-2.830600000000000000e+04,-2.407400000000000000e+04,-1.852600000000000000e+04,-2.304000000000000000e+04
-1.164100000000000000e+04,-1.317800000000000000e+04,-2.340500000000000000e+04,8.978000000000000000e+03,-2.107000000000000000e+04,-2.581000000000000000e+03,-1.904200000000000000e+04,-2.448000000000000000e+04
1.758000000000000000e+04,-1.995800000000000000e+04,-1.980000000000000000e+04,-1.522700000000000000e+04,-2.226900000000000000e+04,-1.347700000000000000e+04,-1.332800000000000000e+04,-2.164600000000000000e+04
-2.464300000000000000e+04,-1.901300000000000000e+04,1.518700000000000000e+04,-1.979300000000000000e+04,-1.591800000000000000e+04,-2.349000000000000000e+04,-1.324800000000000000e+04,-1.525300000000000000e+04
-1.789300000000000000e+04,-1.374000000000000000e+04,-1.305700000000000000e+04,-2.551700000000000000e+04,-1.272200000000000000e+04,-2.837100000000000000e+04,-1.222200000000000000e+04,1.520300000000000000e+04
-6.184000000000000000e+03,-2.421400000000000000e+04,-1.789900000000000000e+04,-4.655000000000000000e+03,-1.748900000000000000e+04,1.050500000000000000e+04,-2.095900000000000000e+04,-2.374000000000000000e+04
-3.040400000000000000e+04,3.489600000000000000e+04,-2.194600000000000000e+04,-1.775400000000000000e+04,-1.975700000000000000e+04,-3.150600000000000000e+04,-1.201700000000000000e+04,-1.990300000000000000e+04
1.494900000000000000e+04,-1.711500000000000000e+04,-1.851400000000000000e+04,2.960000000000000000e+03,-1.929800000000000000e+04,-1.119200000000000000e+04,-1.735800000000000000e+04,-2.198100000000000000e+04
-2.814600000000000000e+04,-1.665400000000000000e+04,-9.899000000000000000e+03,-1.683500000000000000e+04,-1.276300000000000000e+04,-1.969100000000000000e+04,-1.683900000000000000e+04,1.562800000000000000e+04
-1.701700000000000000e+04,-1.681700000000000000e+04,6.399000000000000000e+03,-1.849400000000000000e+04,-1.442500000000000000e+04,-2.311900000000000000e+04,-7.851000000000000000e+03,1.199000000000000000e+03
-1.335800000000000000e+04,-1.334400000000000000e+04,-1.899200000000000000e+04,-2.823400000000000000e+04,-1.833700000000000000e+04,-1.654300000000000000e+04,2.412200000000000000e+04,-1.041800000000000000e+04
-1.311900000000000000e+04,-8.730000000000000000e+03,1.014400000000000000e+04,-1.769700000000000000e+04,-1.097900000000000000e+04,-1.277300000000000000e+04,-1.256100000000000000e+04,-1.209500000000000000e+04
-2.046900000000000000e+04,-2.758400000000000000e+04,1.936300000000000000e+04,-1.377200000000000000e+04,-1.858800000000000000e+04,-2.660000000000000000e+04,-1.049000000000000000e+04,-2.153300000000000000e+04
-2.800100000000000000e+04,-1.641300000000000000e+04,-2.229900000000000000e+04,-2.410900000000000000e+04,-1.968300000000000000e+04,-1.068000000000000000e+04,2.151000000000000000e+04,-2.041500000000000000e+04
-1.856500000000000000e+04,-1.919900000000000000e+04,-1.840000000000000000e+04,-4.577000000000000000e+03,-6.473000000000000000e+03,1.675000000000000000e+04,-1.846100000000000000e+04,-1.990000000000000000e+04
-2.140000000000000000e+04,-1.958700000000000000e+04,-2.189800000000000000e+04,-3.066100000000000000e+04,-1.559000000000000000e+04,-2.656600000000000000e+04,2.212700000000000000e+04,-1.224800000000000000e+04
-9.467000000000000000e+03,-9.015000000000000000e+03,1.362600000000000000e+04,-1.785200000000000000e+04,-5.610000000000000000e+03,-1.779700000000000000e+04,-1.313000000000000000e+04,-1.272400000000000000e+04
-1.494200000000000000e+04,2.231600000000000000e+04,-2.518700000000000000e+04,-1.941000000000000000e+04,-3.045200000000000000e+04,-2.864900000000000000e+04,-1.065300000000000000e+04,-2.120200000000000000e+04
-2.599300000000000000e+04,-2.112800000000000000e+04,-1.567100000000000000e+04,-8.762000000000000000e+03,1.635700000000000000e+04,-1.829900000000000000e+04,-1.706000000000000000e+04,-2.234700000000000000e+04
-1.970000000000000000e+04,-1.574800000000000000e+04,-1.333900000000000000e+04,-2.058300000000000000e+04,-1.577700000000000000e+04,-2.294300000000000000e+04,-1.872900000000000000e+04,1.524300000000000000e+04
5.748000000000000000e+03,-1.599200000000000000e+04,-1.955700000000000000e+04,-7.992000000000000000e+03,6.461000000000000000e+03,-1.384000000000000000e+04,-1.916100000000000000e+04,-2.082500000000000000e+04
-3.162200000000000000e+04,-2.900800000000000000e+04,1.624100000000000000e+04,-1.134300000000000000e+04,-1.392200000000000000e+04,-1.686600000000000000e+04,-5.357000000000000000e+03,-2.092200000000000000e+04
-3.392100000000000000e+04,-3.095600000000000000e+04,1.796500000000000000e+04,-1.330000000000000000e+03,-8.819000000000000000e+03,-1.776000000000000000e+04,-1.763100000000000000e+04,-1.944900000000000000e+04
-2.407200000000000000e+04,3.593000000000000000e+04,-2.117100000000000000e+04,-3.011500000000000000e+04,-2.385000000000000000e+04,-2.595900000000000000e+04,-2.336000000000000000e+04,-1.946300000000000000e+04
-2.034000000000000000e+04,-1.212600000000000000e+04,-1.674200000000000000e+04,-2.262500000000000000e+04,-1.608500000000000000e+04,-2.468900000000000000e+04,-1.647000000000000000e+04,1.731900000000000000e+04
-9.915000000000000000e+03,-2.031100000000000000e+04,-2.100000000000000000e+01,-1.373000000000000000e+04,-8.440000000000000000e+02,-4.766000000000000000e+03,-1.715700000000000000e+04,-2.157600000000000000e+04
-1.483000000000000000e+04,-2.166200000000000000e+04,-1.639500000000000000e+04,7.900000000000000000e+01,-4.813000000000000000e+03,-2.199600000000000000e+04,-1.112300000000000000e+04,-2.263600000000000000e+04
-5.205000000000000000e+03,-1.748600000000000000e+04,-5.113000000000000000e+03,-1.770200000000000000e+04,-5.752000000000000000e+03,-8.509000000000000000e+03,-1.756300000000000000e+04,-1.832400000000000000e+04
-1.888100000000000000e+04,-1.963400000000000000e+04,3.144000000000000000e+03,-1.362000000000000000e+03,-2.035100000000000000e+04,-1.623500000000000000e+04,-1.537600000000000000e+04,-2.488000000000000000e+04
-1.798300000000000000e+04,-1.311400000000000000e+04,-1.662200000000000000e+04,-1.684700000000000000e+04,-9.644000000000000000e+03,1.459400000000000000e+04,-1.737900000000000000e+04,-1.722900000000000000e+04
-2.189500000000000000e+04,-1.613300000000000000e+04,-1.357000000000000000e+04,-1.694500000000000000e+04,-1.300700000000000000e+04,-1.972600000000000000e+04,-1.415400000000000000e+04,1.690800000000000000e+04
-1.561600000000000000e+04,-1.492000000000000000e+04,-1.190700000000000000e+04,-1.658300000000000000e+04,-1.523400000000000000e+04,-1.774400000000000000e+04,1.597300000000000000e+04,-1.903300000000000000e+04
-2.311200000000000000e+04,-2.595400000000000000e+04,-1.037300000000000000e+04,-4.217000000000000000e+03,-1.971400000000000000e+04,1.070500000000000000e+04,-2.497300000000000000e+04,-1.847600000000000000e+04
-1.532300000000000000e+04,-1.911200000000000000e+04,3.397000000000000000e+03,-2.177300000000000000e+04,-1.532000000000000000e+04,-2.908200000000000000e+04,-3.884000000000000000e+03,-1.644000000000000000e+04
-2.589100000000000000e+04,-8.496000000000000000e+03,-2.089800000000000000e+04,-3.827000000000000000e+03,-1.642300000000000000e+04,-7.560000000000000000e+02,-1.188000000000000000e+03,-1.536000000000000000e+04
-2.816700000000000000e+04,-1.702000000000000000e+04,3.380100000000000000e+04,-2.880900000000000000e+04,-2.533100000000000000e+04,-2.521100000000000000e+04,-1.775600000000000000e+04,-1.605900000000000000e+04
1.791200000000000000e+04,-1.799100000000000000e+04,-1.910000000000000000e+04,-2.098900000000000000e+04,-3.218300000000000000e+04,-1.518800000000000000e+04,-1.265400000000000000e+04,-2.624000000000000000e+04
-1.145300000000000000e+04,-1.328700000000000000e+04,-2.072600000000000000e+04,1.060300000000000000e+04,-3.720300000000000000e+04,-2.334300000000000000e+04,-2.433800000000000000e+04,-2.785200000000000000e+04
-2.353600000000000000e+04,-1.865800000000000000e+04,-4.630000000000000000e+03,-2.423300000000000000e+04,-9.120000000000000000e+03,-2.443700000000000000e+04,-2.506000000000000000e+03,-1.697700000000000000e+04
-2.408000000000000000e+04,-1.874900000000000000e+04,-1.649800000000000000e+04,-1.525400000000000000e+04,-1.368000000000000000e+04,-2.358100000000000000e+04,-1.503300000000000000e+04,2.146300000000000000e+04
-8.022000000000000000e+03,-1.617300000000000000e+04,-1.577200000000000000e+04,6.885000000000000000e+03,-2.569500000000000000e+04,-2.122000000000000000e+03,-2.781800000000000000e+04,-1.966200000000000000e+04
-2.984800000000000000e+04,-2.045200000000000000e+04,2.585800000000000000e+04,-1.441200000000000000e+04,-1.839300000000000000e+04,-2.792200000000000000e+04,-1.505800000000000000e+04,-2.087800000000000000e+04
-2.590700000000000000e+04,-1.850100000000000000e+04,-1.516100000000000000e+04,-2.264400000000000000e+04,-2.044900000000000000e+04,-2.533600000000000000e+04,1.696400000000000000e+04,-2.327400000000000000e+04
-4.212000000000000000e+03,1.556400000000000000e+04,-2.377000000000000000e+04,-1.090300000000000000e+04,-1.743900000000000000e+04,-3.096000000000000000e+04,-2.269200000000000000e+04,-2.104300000000000000e+04
8.571000000000000000e+03,-1.386800000000000000e+04,-1.685700000000000000e+04,-7.082000000000000000e+03,-1.841200000000000000e+04,-7.748000000000000000e+03,-1.966200000000000000e+04,-2.736800000000000000e+04
-1.116600000000000000e+04,-2.156800000000000000e+04,-8.530000000000000000e+03,5.533000000000000000e+03,-1.756500000000000000e+04,-8.117000000000000000e+03,-1.552800000000000000e+04,-1.935900000000000000e+04
-1.068400000000000000e+04,-1.449700000000000000e+04,-1.253200000000000000e+04,6.884000000000000000e+03,-1.266100000000000000e+04,2.424000000000000000e+03,-2.665200000000000000e+04,-1.847600000000000000e+04
-2.809100000000000000e+04,-7.666000000000000000e+03,-1.710600000000000000e+04,3.632000000000000000e+03,-1.095000000000000000e+04,-3.229000000000000000e+03,-2.279300000000000000e+04,-1.473100000000000000e+04
-1.248600000000000000e+04,-1.208800000000000000e+04,-1.192700000000000000e+04,9.550000000000000000e+02,-1.395600000000000000e+04,-4.969000000000000000e+03,-1.902800000000000000e+04,-1.339800000000000000e+04
-1.575300000000000000e+04,-1.740700000000000000e+04,-2.760000000000000000e+02,-2.403500000000000000e+04,4.592000000000000000e+03,-1.581500000000000000e+04,-2.018800000000000000e+04,-1.848900000000000000e+04
-1.247300000000000000e+04,-1.518200000000000000e+04,-2.054000000000000000e+04,-1.476500000000000000e+04,1.573700000000000000e+04,-1.929300000000000000e+04,-2.205000000000000000e+04,-2.034800000000000000e+04
-2.696700000000000000e+04,1.088900000000000000e+04,-1.445100000000000000e+04,-1.339400000000000000e+04,-3.049000000000000000e+04,-1.239600000000000000e+04,-1.478200000000000000e+04,-2.127900000000000000e+04
-1.826900000000000000e+04,-9.925000000000000000e+03,-1.332700000000000000e+04,7.474000000000000000e+03,-1.460900000000000000e+04,-1.537500000000000000e+04,-1.142700000000000000e+04,-2.177600000000000000e+04
-2.319000000000000000e+04,-3.161300000000000000e+04,3.133900000000000000e+04,-1.984900000000000000e+04,-3.401000000000000000e+04,-3.482000000000000000e+04,-1.484500000000000000e+04,-2.180200000000000000e+04
-2.030300000000000000e+04,-1.291400000000000000e+04,-1.003700000000000000e+04,-1.902000000000000000e+04,-1.583700000000000000e+04,-2.155800000000000000e+04,1.483600000000000000e+04,-2.189400000000000000e+04
5.430000000000000000e+02,-1.165900000000000000e+04,-1.212700000000000000e+04,2.636000000000000000e+03,-1.883100000000000000e+04,-1.084900000000000000e+04,-2.030800000000000000e+04,-2.253000000000000000e+04
-1.684900000000000000e+04,-2.357100000000000000e+04,-1.647000000000000000e+04,6.600000000000000000e+01,-1.888100000000000000e+04,6.491000000000000000e+03,-2.022300000000000000e+04,-2.047700000000000000e+04
-9.209000000000000000e+03,-8.814000000000000000e+03,-1.505300000000000000e+04,-6.570000000000000000e+02,-2.917800000000000000e+04,-7.648000000000000000e+03,-2.343300000000000000e+04,-2.203500000000000000e+04
-1.123100000000000000e+04,1.872500000000000000e+04,-1.584900000000000000e+04,-1.564700000000000000e+04,-3.059900000000000000e+04,-3.098200000000000000e+04,-2.006800000000000000e+04,-2.472600000000000000e+04
-2.576800000000000000e+04,-2.086200000000000000e+04,-1.449500000000000000e+04,-1.516500000000000000e+04,-1.926600000000000000e+04,1.841500000000000000e+04,-1.945500000000000000e+04,-1.326600000000000000e+04
-2.796100000000000000e+04,-2.197700000000000000e+04,2.380300000000000000e+04,-2.716000000000000000e+04,-1.567800000000000000e+04,-2.675300000000000000e+04,-1.610100000000000000e+04,-1.969100000000000000e+04
-1.840200000000000000e+04,-1.386300000000000000e+04,-1.994400000000000000e+04,-1.666000000000000000e+04,-1.696000000000000000e+04,-2.311200000000000000e+04,-1.735100000000000000e+04,1.914800000000000000e+04
-2.672200000000000000e+04,-1.938400000000000000e+04,2.143000000000000000e+04,-1.853000000000000000e+04,-1.850500000000000000e+04,-2.928000000000000000e+04,-1.790100000000000000e+04,-1.416500000000000000e+04
-2.498800000000000000e+04,-3.012700000000000000e+04,-1.632500000000000000e+04,3.090000000000000000e+02,-8.895000000000000000e+03,5.701000000000000000e+03,-1.519800000000000000e+04,-1.584500000000000000e+04
-1.692000000000000000e+04,1.981400000000000000e+04,-2.182000000000000000e+04,-2.273300000000000000e+04,-2.213200000000000000e+04,-2.724400000000000000e+04,-1.881800000000000000e+04,-2.380400000000000000e+04
-3.761500000000000000e+04,-1.685900000000000000e+04,-1.344600000000000000e+04,-1.497800000000000000e+04,-1.689200000000000000e+04,-1.838800000000000000e+04,-1.627000000000000000e+04,1.741500000000000000e+04
-2.471400000000000000e+04,2.050400000000000000e+04,-2.095800000000000000e+04,-3.365900000000000000e+04,-2.617200000000000000e+04,-1.458600000000000000e+04,-2.119600000000000000e+04,-2.496300000000000000e+04
-2.558600000000000000e+04,-1.851800000000000000e+04,-1.722000000000000000e+04,-2.339100000000000000e+04,-2.013300000000000000e+04,-1.113800000000000000e+04,1.571000000000000000e+04,-2.192500000000000000e+04
-1.408000000000000000e+04,-1.621800000000000000e+04,-1.542200000000000000e+04,-9.430000000000000000e+03,-2.302300000000000000e+04,-1.882100000000000000e+04,1.255000000000000000e+04,-2.136100000000000000e+04
-1.437300000000000000e+04,-1.994200000000000000e+04,2.448900000000000000e+04,-2.746400000000000000e+04,-2.304700000000000000e+04,-2.856700000000000000e+04,-2.294500000000000000e+04,-1.672100000000000000e+04
-1.486800000000000000e+04,-1.340100000000000000e+04,-1.037000000000000000e+03,-7.265000000000000000e+03,-1.045600000000000000e+04,-2.472500000000000000e+04,-1.922300000000000000e+04,-2.103600000000000000e+04
-3.015400000000000000e+04,-8.500000000000000000e+03,-1.867400000000000000e+04,-1.579400000000000000e+04,-2.582600000000000000e+04,-2.240900000000000000e+04,2.120400000000000000e+04,-2.664000000000000000e+04
-1.315300000000000000e+04,-1.035700000000000000e+04,1.297000000000000000e+04,-1.019200000000000000e+04,-8.580000000000000000e+03,-2.147900000000000000e+04,-1.139200000000000000e+04,-1.350600000000000000e+04
-1.441800000000000000e+04,-1.702200000000000000e+04,-1.281400000000000000e+04,1.037000000000000000e+03,-2.261700000000000000e+04,-1.353700000000000000e+04,-4.363000000000000000e+03,-2.199700000000000000e+04
-2.232800000000000000e+04,-1.588800000000000000e+04,-1.346600000000000000e+04,-2.014800000000000000e+04,-2.153900000000000000e+04,-2.528300000000000000e+04,1.742500000000000000e+04,-2.058400000000000000e+04
-1.547400000000000000e+04,-1.098500000000000000e+04,-1.587000000000000000e+04,2.261000000000000000e+03,-1.355100000000000000e+04,3.752000000000000000e+03,-1.137200000000000000e+04,-1.615400000000000000e+04
-3.203400000000000000e+04,-1.559800000000000000e+04,-1.750600000000000000e+04,-2.569400000000000000e+04,-2.359800000000000000e+04,-1.698300000000000000e+04,1.525000000000000000e+04,-2.433400000000000000e+04
-9.784000000000000000e+03,-1.638000000000000000e+04,-2.362400000000000000e+04,7.457000000000000000e+03,-2.291900000000000000e+04,-7.254000000000000000e+03,-1.284300000000000000e+04,-2.364300000000000000e+04
-1.523600000000000000e+04,-9.124000000000000000e+03,-1.425100000000000000e+04,1.165800000000000000e+04,-1.964900000000000000e+04,-9.050000000000000000e+02,-2.066000000000000000e+04,-1.924600000000000000e+04
-2.613900000000000000e+04,-1.533700000000000000e+04,-2.086400000000000000e+04,-2.017200000000000000e+04,-2.156800000000000000e+04,-7.900000000000000000e+02,2.062600000000000000e+04,-2.041400000000000000e+04
1.582000000000000000e+03,-1.483300000000000000e+04,-1.393900000000000000e+04,1.783200000000000000e+04,-1.911200000000000000e+04,-1.274500000000000000e+04,-1.551200000000000000e+04,-2.444500000000000000e+04
-6.831000000000000000e+03,-2.123000000000000000e+04,-1.639200000000000000e+04,-9.482000000000000000e+03,-8.797000000000000000e+03,1.423700000000000000e+04,-1.462300000000000000e+04,-1.587100000000000000e+04
5.062000000000000000e+03,-6.017000000000000000e+03,-1.600600000000000000e+04,-1.339500000000000000e+04,1.120000000000000000e+02,-6.698000000000000000e+03,-1.779000000000000000e+04,-1.782900000000000000e+04
-8.294000000000000000e+03,-1.231100000000000000e+04,-8.411000000000000000e+03,1.148700000000000000e+04,-1.603900000000000000e+04,-2.316000000000000000e+03,-1.208000000000000000e+04,-1.275100000000000000e+04
-2.170400000000000000e+04,-1.162200000000000000e+04,-7.977000000000000000e+03,-1.387000000000000000e+04,-1.311000000000000000e+04,-3.000900000000000000e+04,-9.845000000000000000e+03,1.533200000000000000e+04
-1.184000000000000000e+04,-1.030500000000000000e+04,-1.438500000000000000e+04,-3.007300000000000000e+04,-1.173200000000000000e+04,-1.639400000000000000e+04,2.358200000000000000e+04,-1.605100000000000000e+04
-2.862600000000000000e+04,-1.541800000000000000e+04,-1.021200000000000000e+04,-1.473200000000000000e+04,-1.811300000000000000e+04,1.649900000000000000e+04,-1.966100000000000000e+04,-1.083200000000000000e+04
-1.408100000000000000e+04,-1.658100000000000000e+04,-1.767000000000000000e+04,-2.136200000000000000e+04,-1.902300000000000000e+04,-3.227800000000000000e+04,1.682600000000000000e+04,-2.406300000000000000e+04
-1.488000000000000000e+04,-1.687700000000000000e+04,-2.039700000000000000e+04,-2.070400000000000000e+04,2.283100000000000000e+04,-2.221700000000000000e+04,-2.012200000000000000e+04,-2.139400000000000000e+04
-2.234000000000000000e+04,-1.722500000000000000e+04,1.209000000000000000e+04,-1.431200000000000000e+04,-9.339000000000000000e+03,-2.163600000000000000e+04,-1.618100000000000000e+04,-1.740100000000000000e+04
-1.359600000000000000e+04,-1.838700000000000000e+04,-1.022400000000000000e+04,1.245600000000000000e+04,-1.838800000000000000e+04,-1.310300000000000000e+04,-1.051300000000000000e+04,-2.222200000000000000e+04
-2.461100000000000000e+04,3.000200000000000000e+04,-2.863600000000000000e+04,-2.276500000000000000e+04,-2.531800000000000000e+04,-3.574300000000000000e+04,-1.974400000000000000e+04,-2.284600000000000000e+04
-1.986100000000000000e+04,-1.715700000000000000e+04,-1.916700000000000000e+04,-2.846000000000000000e+04,-1.577100000000000000e+04,-2.367500000000000000e+04,1.917400000000000000e+04,-2.311500000000000000e+04
-2.143100000000000000e+04,-2.460000000000000000e+04,-2.084900000000000000e+04,-4.534000000000000000e+03,-1.880900000000000000e+04,-1.788800000000000000e+04,1.822600000000000000e+04,-2.536800000000000000e+04
-2.559300000000000000e+04,2.320000000000000000e+04,-1.287000000000000000e+04,-2.307300000000000000e+04,-2.126500000000000000e+04,-2.896400000000000000e+04,-2.298100000000000000e+04,-2.436300000000000000e+04
-2.163000000000000000e+04,-2.410200000000000000e+04,2.591300000000000000e+04,-8.366000000000000000e+03,-2.141100000000000000e+04,-2.295000000000000000e+04,-1.830500000000000000e+04,-1.732700000000000000e+04
-2.231100000000000000e+04,2.502000000000000000e+04,-2.416100000000000000e+04,-1.792000000000000000e+03,-1.007000000000000000e+04,-4.060500000000000000e+04,-2.651800000000000000e+04,-1.927800000000000000e+04
-9.251000000000000000e+03,-1.858600000000000000e+04,1.630200000000000000e+04,-1.605400000000000000e+04,-2.525200000000000000e+04,-3.738000000000000000e+03,-2.291200000000000000e+04,-2.274400000000000000e+04
-1.942900000000000000e+04,-1.641100000000000000e+04,-1.505800000000000000e+04,1.317500000000000000e+04,-2.209200000000000000e+04,-1.527900000000000000e+04,-7.657000000000000000e+03,-2.433000000000000000e+04
-2.520600000000000000e+04,-1.488700000000000000e+04,-1.490000000000000000e+04,-2.347200000000000000e+04,-1.719800000000000000e+04,-2.674200000000000000e+04,-1.919700000000000000e+04,1.842000000000000000e+04
-1.214300000000000000e+04,-2.023500000000000000e+04,-2.055500000000000000e+04,1.444000000000000000e+03,-1.681300000000000000e+04,-1.525200000000000000e+04,1.319200000000000000e+04,-2.267800000000000000e+04
-2.025900000000000000e+04,-1.733200000000000000e+04,-8.634000000000000000e+03,-2.425200000000000000e+04,-2.569800000000000000e+04,-1.284400000000000000e+04,2.140700000000000000e+04,-2.559600000000000000e+04
-2.324300000000000000e+04,-1.950400000000000000e+04,-2.093900000000000000e+04,-2.670700000000000000e+04,-1.512200000000000000e+04,-2.667500000000000000e+04,2.049300000000000000e+04,-2.081500000000000000e+04
2.461800000000000000e+04,-1.707800000000000000e+04,-1.891800000000000000e+04,-1.269900000000000000e+04,-2.210500000000000000e+04,-2.273800000000000000e+04,-1.964900000000000000e+04,-2.662100000000000000e+04
-2.504300000000000000e+04,3.117200000000000000e+04,-2.653100000000000000e+04,-1.463000000000000000e+04,-2.067100000000000000e+04,-2.581600000000000000e+04,-2.117700000000000000e+04,-1.739800000000000000e+04
-1.947400000000000000e+04,-2.964400000000000000e+04,1.489600000000000000e+04,-1.567300000000000000e+04,-8.898000000000000000e+03,-1.004500000000000000e+04,-2.337400000000000000e+04,-2.277700000000000000e+04
-1.790600000000000000e+04,-1.509800000000000000e+04,1.401100000000000000e+04,-3.546000000000000000e+03,-2.585700000000000000e+04,-8.030000000000000000e+03,-2.209000000000000000e+04,-2.531400000000000000e+04
-2.775400000000000000e+04,-3.247100000000000000e+04,1.271000000000000000e+04,-1.650000000000000000e+02,-1.065200000000000000e+04,-8.957000000000000000e+03,-9.857000000000000000e+03,-2.517800000000000000e+04
-2.190300000000000000e+04,-1.696700000000000000e+04,-1.789100000000000000e+04,-1.808500000000000000e+04,1.893800000000000000e+04,-2.145300000000000000e+04,-2.122100000000000000e+04,-1.906700000000000000e+04
-1.856100000000000000e+04,-1.765800000000000000e+04,-1.887200000000000000e+04,-2.561400000000000000e+04,-1.666200000000000000e+04,-1.780500000000000000e+04,2.282200000000000000e+04,-2.451400000000000000e+04
-2.972200000000000000e+04,-9.230000000000000000e+03,-9.545000000000000000e+03,2.860000000000000000e+02,-1.423200000000000000e+04,-1.097200000000000000e+04,-1.184700000000000000e+04,-1.759500000000000000e+04
-2.920300000000000000e+04,-1.810500000000000000e+04,-1.194300000000000000e+04,-2.299000000000000000e+04,-1.830700000000000000e+04,-1.052500000000000000e+04,1.315300000000000000e+04,-2.218600000000000000e+04
1.014000000000000000e+03,-2.074200000000000000e+04,-2.596000000000000000e+04,-1.649300000000000000e+04,3.394000000000000000e+03,-1.922100000000000000e+04,-2.012500000000000000e+04,-2.426400000000000000e+04
-3.401200000000000000e+04,-2.780300000000000000e+04,2.754200000000000000e+04,-1.444800000000000000e+04,-9.067000000000000000e+03,-8.109000000000000000e+03,-1.926200000000000000e+04,-1.863500000000000000e+04
-1.068100000000000000e+04,-1.797200000000000000e+04,-1.931700000000000000e+04,6.652000000000000000e+03,-3.278700000000000000e+04,-6.470000000000000000e+03,-1.730700000000000000e+04,-2.245700000000000000e+04
-2.096400000000000000e+04,-1.479700000000000000e+04,-1.441300000000000000e+04,-2.164100000000000000e+04,-1.443300000000000000e+04,-2.026900000000000000e+04,-1.750800000000000000e+04,1.660300000000000000e+04
-2.362900000000000000e+04,-1.778100000000000000e+04,3.316500000000000000e+04,-2.863300000000000000e+04,-1.900900000000000000e+04,-2.619000000000000000e+04,-2.303400000000000000e+04,-1.815600000000000000e+04
-3.170700000000000000e+04,-2.037700000000000000e+04,-1.827500000000000000e+04,-2.426900000000000000e+04,-2.189600000000000000e+04,-2.210400000000000000e+04,2.297800000000000000e+04,-2.992400000000000000e+04
-3.072000000000000000e+04,-1.613400000000000000e+04,-1.318500000000000000e+04,-2.595000000000000000e+04,-1.509600000000000000e+04,-1.798000000000000000e+04,1.127400000000000000e+04,-1.744100000000000000e+04
-2.799200000000000000e+04,3.790600000000000000e+04,-2.777800000000000000e+04,-2.440500000000000000e+04,-2.172600000000000000e+04,-3.305700000000000000e+04,-1.520600000000000000e+04,-1.804000000000000000e+04
-2.531200000000000000e+04,-2.363400000000000000e+04,-7.525000000000000000e+03,-2.244400000000000000e+04,-2.463000000000000000e+04,-2.190200000000000000e+04,1.821800000000000000e+04,-2.782500000000000000e+04
-1.931800000000000000e+04,-1.843100000000000000e+04,2.056800000000000000e+04,-2.599300000000000000e+04,-2.073000000000000000e+04,-3.203600000000000000e+04,-1.494100000000000000e+04,-1.589100000000000000e+04
-1.939600000000000000e+04,-1.927200000000000000e+04,-1.513700000000000000e+04,-3.044200000000000000e+04,-2.254300000000000000e+04,-1.668100000000000000e+04,2.550700000000000000e+04,-2.121800000000000000e+04
-2.020600000000000000e+04,2.609200000000000000e+04,-2.046300000000000000e+04,-2.033200000000000000e+04,-2.088800000000000000e+04,-3.012500000000000000e+04,-1.903800000000000000e+04,-2.700500000000000000e+04
-2.192000000000000000e+04,1.270500000000000000e+04,-1.647900000000000000e+04,-4.653000000000000000e+03,-2.322100000000000000e+04,-2.751200000000000000e+04,-2.688000000000000000e+04,-1.990900000000000000e+04
1.710000000000000000e+03,-1.776100000000000000e+04,-9.388000000000000000e+03,7.078000000000000000e+03,-3.637600000000000000e+04,-1.481000000000000000e+04,-2.308100000000000000e+04,-2.701000000000000000e+04
-1.809300000000000000e+04,-1.062000000000000000e+04,-1.590700000000000000e+04,-1.164000000000000000e+04,-1.732500000000000000e+04,-2.625700000000000000e+04,-1.603100000000000000e+04,1.387700000000000000e+04
-1.522600000000000000e+04,2.174000000000000000e+04,-2.341700000000000000e+04,-1.585500000000000000e+04,-1.954300000000000000e+04,-2.184100000000000000e+04,-1.465900000000000000e+04,-1.639000000000000000e+04
-2.262300000000000000e+04,2.591200000000000000e+04,-2.462700000000000000e+04,-2.861400000000000000e+04,-2.180000000000000000e+04,-2.692400000000000000e+04,-1.108000000000000000e+04,-2.766800000000000000e+04
-1.934100000000000000e+04,-1.660500000000000000e+04,-1.932700000000000000e+04,-5.799000000000000000e+03,-1.928800000000000000e+04,3.121000000000000000e+03,-1.526800000000000000e+04,-2.102000000000000000e+04
-2.511100000000000000e+04,-1.639800000000000000e+04,-1.777800000000000000e+04,-8.426000000000000000e+03,-1.694200000000000000e+04,-1.440000000000000000e+03,-1.807100000000000000e+04,-1.019200000000000000e+04
2.107500000000000000e+04,-1.913100000000000000e+04,-2.082300000000000000e+04,-1.140200000000000000e+04,-3.073500000000000000e+04,-1.211000000000000000e+04,-1.447300000000000000e+04,-2.943900000000000000e+04
-2.564200000000000000e+04,-2.321900000000000000e+04,2.127900000000000000e+04,-1.339000000000000000e+04,-2.483800000000000000e+04,-3.528900000000000000e+04,-1.648100000000000000e+04,-1.940300000000000000e+04
-2.379000000000000000e+04,-1.073500000000000000e+04,-1.939900000000000000e+04,-1.157200000000000000e+04,-2.593900000000000000e+04,-2.433200000000000000e+04,1.157400000000000000e+04,-2.601200000000000000e+04
-1.297200000000000000e+04,-1.990500000000000000e+04,-1.711700000000000000e+04,-1.478000000000000000e+04,-9.513000000000000000e+03,-8.803000000000000000e+03,2.052400000000000000e+04,-2.479000000000000000e+04
2.278100000000000000e+04,-1.123500000000000000e+04,-1.911700000000000000e+04,-1.171200000000000000e+04,-1.421400000000000000e+04,-1.727200000000000000e+04,-1.092500000000000000e+04,-2.306700000000000000e+04
-2.003800000000000000e+04,-2.022200000000000000e+04,-1.714100000000000000e+04,1.414300000000000000e+04,-1.222100000000000000e+04,-1.850600000000000000e+04,-1.808500000000000000e+04,-2.396600000000000000e+04
-2.025600000000000000e+04,1.987200000000000000e+04,-1.756600000000000000e+04,-1.421900000000000000e+04,-2.016600000000000000e+04,-1.349300000000000000e+04,-7.642000000000000000e+03,-1.851800000000000000e+04
-2.198100000000000000e+04,-1.928700000000000000e+04,7.213000000000000000e+03,-1.891700000000000000e+04,-1.837000000000000000e+04,-3.259600000000000000e+04,-1.939300000000000000e+04,-1.718700000000000000e+04
-8.056000000000000000e+03,-1.855200000000000000e+04,-1.994300000000000000e+04,1.316400000000000000e+04,-2.705500000000000000e+04,-1.058100000000000000e+04,-2.369000000000000000e+04,-2.360500000000000000e+04
-2.661200000000000000e+04,-1.979000000000000000e+04,-1.200300000000000000e+04,-1.751000000000000000e+04,-2.716300000000000000e+04,-2.180200000000000000e+04,1.408500000000000000e+04,-2.637100000000000000e+04
-1.655800000000000000e+04,-1.276800000000000000e+04,-1.524600000000000000e+04,1.247100000000000000e+04,-3.315300000000000000e+04,-8.462000000000000000e+03,-2.554600000000000000e+04,-2.774900000000000000e+04
-1.927100000000000000e+04,2.792200000000000000e+04,-1.922300000000000000e+04,-5.237000000000000000e+03,-2.717700000000000000e+04,-3.569500000000000000e+04,-1.563100000000000000e+04,-2.182400000000000000e+04
-1.235800000000000000e+04,-2.557600000000000000e+04,-1.083900000000000000e+04,-1.400000000000000000e+02,-2.757000000000000000e+03,-5.534000000000000000e+03,-1.718900000000000000e+04,-1.535400000000000000e+04
-2.194300000000000000e+04,-2.453000000000000000e+04,-1.927700000000000000e+04,1.682400000000000000e+04,-2.100400000000000000e+04,-8.498000000000000000e+03,-1.801200000000000000e+04,-2.052600000000000000e+04
-2.129500000000000000e+04,1.742400000000000000e+04,-2.126300000000000000e+04,-1.493200000000000000e+04,-1.412000000000000000e+04,-2.650600000000000000e+04,-4.068000000000000000e+03,-1.794500000000000000e+04
-5.408000000000000000e+03,-1.456900000000000000e+04,-2.082200000000000000e+04,-5.551000000000000000e+03,-1.530100000000000000e+04,4.711000000000000000e+03,-1.919900000000000000e+04,-1.988400000000000000e+04
-2.676000000000000000e+03,-1.540900000000000000e+04,-2.170600000000000000e+04,-8.305000000000000000e+03,-1.728100000000000000e+04,1.134500000000000000e+04,-1.880300000000000000e+04,-2.024600000000000000e+04
-8.286000000000000000e+03,-2.526300000000000000e+04,-2.323300000000000000e+04,1.158500000000000000e+04,-1.920800000000000000e+04,-1.465100000000000000e+04,-9.268000000000000000e+03,-2.669300000000000000e+04
-1.618800000000000000e+04,-1.457200000000000000e+04,-1.606200000000000000e+04,-1.860400000000000000e+04,1.704400000000000000e+04,-2.678100000000000000e+04,-1.868600000000000000e+04,-1.714100000000000000e+04
-2.001000000000000000e+04,-1.257300000000000000e+04,-1.979300000000000000e+04,2.752600000000000000e+04,-7.930000000000000000e+03,-1.802800000000000000e+04,-1.545200000000000000e+04,-2.155100000000000000e+04
-2.166800000000000000e+04,-1.445000000000000000e+04,-8.393000000000000000e+03,-1.047900000000000000e+04,-1.991000000000000000e+03,-1.575300000000000000e+04,-1.608000000000000000e+04,-1.448800000000000000e+04
-2.986900000000000000e+04,-2.706500000000000000e+04,-1.560000000000000000e+04,-2.670000000000000000e+03,-7.065000000000000000e+03,5.141000000000000000e+03,-1.300100000000000000e+04,-2.552700000000000000e+04
-2.689800000000000000e+04,-2.399800000000000000e+04,-1.275000000000000000e+04,-4.965000000000000000e+03,-1.703300000000000000e+04,1.277400000000000000e+04,-1.648200000000000000e+04,-1.761000000000000000e+04
-1.143600000000000000e+04,-1.991300000000000000e+04,-2.077600000000000000e+04,-6.725000000000000000e+03,-1.341000000000000000e+04,1.941800000000000000e+04,-1.739000000000000000e+04,-1.889800000000000000e+04
-1.758600000000000000e+04,-1.674200000000000000e+04,-2.017400000000000000e+04,-9.084000000000000000e+03,-1.735700000000000000e+04,1.128400000000000000e+04,-1.712900000000000000e+04,-1.272500000000000000e+04
-2.472500000000000000e+04,-1.423800000000000000e+04,-2.227500000000000000e+04,-2.827500000000000000e+04,-2.373800000000000000e+04,-1.718200000000000000e+04,2.164700000000000000e+04,-2.356000000000000000e+04
-1.795600000000000000e+04,-1.960800000000000000e+04,-2.243800000000000000e+04,-4.701000000000000000e+03,-1.921100000000000000e+04,-1.684200000000000000e+04,2.196700000000000000e+04,-2.209200000000000000e+04
-2.191400000000000000e+04,3.618200000000000000e+04,-1.780400000000000000e+04,-3.271400000000000000e+04,-2.862700000000000000e+04,-3.627400000000000000e+04,-1.984800000000000000e+04,-2.037700000000000000e+04
-1.124400000000000000e+04,-1.803700000000000000e+04,-1.898900000000000000e+04,8.050000000000000000e+03,-1.862600000000000000e+04,-1.779300000000000000e+04,-1.851200000000000000e+04,-2.812000000000000000e+04
-2.210900000000000000e+04,-1.230200000000000000e+04,-1.555400000000000000e+04,-1.452600000000000000e+04,-1.609300000000000000e+04,-2.728400000000000000e+04,-1.458000000000000000e+04,1.623100000000000000e+04
-3.030300000000000000e+04,3.174800000000000000e+04,-1.994700000000000000e+04,-2.889100000000000000e+04,-2.190300000000000000e+04,-1.913900000000000000e+04,-2.300200000000000000e+04,-1.741400000000000000e+04
-2.267100000000000000e+04,2.205300000000000000e+04,-1.763300000000000000e+04,-2.252100000000000000e+04,-2.974600000000000000e+04,-3.023000000000000000e+04,-1.023500000000000000e+04,-2.093600000000000000e+04
7.580000000000000000e+02,-2.053600000000000000e+04,-9.462000000000000000e+03,-1.434600000000000000e+04,1.169000000000000000e+03,8.380000000000000000e+02,-1.550700000000000000e+04,-2.081900000000000000e+04
-2.653100000000000000e+04,2.853600000000000000e+04,-2.310000000000000000e+04,-1.117400000000000000e+04,-2.229300000000000000e+04,-2.533200000000000000e+04,-1.689400000000000000e+04,-1.092300000000000000e+04
-2.615200000000000000e+04,2.798900000000000000e+04,-2.351800000000000000e+04,-2.325100000000000000e+04,-2.602100000000000000e+04,-2.721600000000000000e+04,-1.404500000000000000e+04,-1.773200000000000000e+04
-1.742800000000000000e+04,-1.580200000000000000e+04,-1.769000000000000000e+04,-1.788500000000000000e+04,-1.681400000000000000e+04,-2.453200000000000000e+04,-1.293900000000000000e+04,1.784300000000000000e+04
-1.506600000000000000e+04,-2.104200000000000000e+04,1.597700000000000000e+04,-2.419700000000000000e+04,-1.725200000000000000e+04,-3.284700000000000000e+04,-1.859000000000000000e+04,-1.520700000000000000e+04
-1.112000000000000000e+04,-1.874200000000000000e+04,-4.604000000000000000e+03,2.013000000000000000e+03,-2.416000000000000000e+04,-1.190100000000000000e+04,-1.703800000000000000e+04,-2.909700000000000000e+04
-2.583400000000000000e+04,-1.980400000000000000e+04,-1.183800000000000000e+04,-1.611600000000000000e+04,-2.105200000000000000e+04,-2.697200000000000000e+04,1.696200000000000000e+04,-2.293700000000000000e+04
-1.884800000000000000e+04,-9.537000000000000000e+03,-1.491300000000000000e+04,-1.596200000000000000e+04,-9.987000000000000000e+03,-1.746300000000000000e+04,-1.267600000000000000e+04,1.071900000000000000e+04
-7.533000000000000000e+03,-6.866000000000000000e+03,-1.231300000000000000e+04,-1.061200000000000000e+04,-1.614500000000000000e+04,-9.579000000000000000e+03,1.029100000000000000e+04,-2.058900000000000000e+04
-2.783000000000000000e+04,1.504700000000000000e+04,-1.874400000000000000e+04,-1.202600000000000000e+04,-2.453900000000000000e+04,-1.908800000000000000e+04,-1.542600000000000000e+04,-2.440900000000000000e+04
-1.368500000000000000e+04,-2.099500000000000000e+04,-1.441500000000000000e+04,-6.040000000000000000e+03,-1.684400000000000000e+04,1.635700000000000000e+04,-1.628200000000000000e+04,-1.557900000000000000e+04
-2.383600000000000000e+04,-2.381900000000000000e+04,-1.026400000000000000e+04,8.828000000000000000e+03,-1.961100000000000000e+04,-2.411000000000000000e+03,-2.006300000000000000e+04,-2.468600000000000000e+04
2.001800000000000000e+04,-1.587100000000000000e+04,-1.093700000000000000e+04,-2.410600000000000000e+04,-3.099000000000000000e+04,-2.299100000000000000e+04,-1.609400000000000000e+04,-2.920900000000000000e+04
-1.788800000000000000e+04,1.992600000000000000e+04,-1.780800000000000000e+04,-2.158100000000000000e+04,-2.501700000000000000e+04,-3.922600000000000000e+04,-8.912000000000000000e+03,-2.041900000000000000e+04
-9.801000000000000000e+03,-1.233600000000000000e+04,-1.394600000000000000e+04,-1.627600000000000000e+04,-1.396800000000000000e+04,-2.762700000000000000e+04,7.859000000000000000e+03,-1.947200000000000000e+04
-1.011400000000000000e+04,-1.812700000000000000e+04,-1.851100000000000000e+04,-3.059600000000000000e+04,-2.165600000000000000e+04,-1.165100000000000000e+04,2.639100000000000000e+04,-2.516300000000000000e+04
-2.143100000000000000e+04,-1.697200000000000000e+04,-5.118000000000000000e+03,-8.470000000000000000e+03,-2.353300000000000000e+04,-2.545000000000000000e+04,5.416000000000000000e+03,-2.867100000000000000e+04
-2.776900000000000000e+04,-1.237700000000000000e+04,-1.132000000000000000e+04,-1.561800000000000000e+04,-3.223900000000000000e+04,-1.613500000000000000e+04,1.640400000000000000e+04,-2.826900000000000000e+04
-2.249000000000000000e+03,-2.065800000000000000e+04,-1.030000000000000000e+04,1.631000000000000000e+03,-2.787800000000000000e+04,6.508000000000000000e+03,-2.139400000000000000e+04,-2.258800000000000000e+04
-2.072000000000000000e+04,-1.589300000000000000e+04,-1.279000000000000000e+04,-3.922000000000000000e+03,1.027600000000000000e+04,-1.314800000000000000e+04,-2.016300000000000000e+04,-1.830600000000000000e+04
-1.314500000000000000e+04,-2.648700000000000000e+04,-1.747300000000000000e+04,2.210000000000000000e+04,-2.647400000000000000e+04,-8.960000000000000000e+02,-1.103700000000000000e+04,-2.208200000000000000e+04
-1.240800000000000000e+04,-1.607900000000000000e+04,-1.741700000000000000e+04,-9.665000000000000000e+03,-2.116300000000000000e+04,1.352000000000000000e+04,-1.241500000000000000e+04,-2.072600000000000000e+04
-9.014000000000000000e+03,-2.739700000000000000e+04,8.202000000000000000e+03,-1.952700000000000000e+04,-2.080500000000000000e+04,-2.176700000000000000e+04,-5.121000000000000000e+03,-2.062100000000000000e+04
-9.634000000000000000e+03,-1.528700000000000000e+04,-2.021900000000000000e+04,-3.510000000000000000e+03,-7.416000000000000000e+03,1.099300000000000000e+04,-1.887300000000000000e+04,-1.719200000000000000e+04
-1.711500000000000000e+04,-2.583100000000000000e+04,-1.902700000000000000e+04,9.016000000000000000e+03,-1.938300000000000000e+04,-1.561000000000000000e+04,-2.825000000000000000e+04,-2.092200000000000000e+04
-3.234600000000000000e+04,-2.255700000000000000e+04,6.880000000000000000e+03,-2.333700000000000000e+04,-2.000400000000000000e+04,-2.102600000000000000e+04,-9.184000000000000000e+03,-1.377500000000000000e+04
-1.008300000000000000e+04,-2.443200000000000000e+04,-1.993100000000000000e+04,2.629000000000000000e+03,2.510000000000000000e+03,-1.806000000000000000e+04,-1.958700000000000000e+04,-2.127800000000000000e+04
-2.283700000000000000e+04,-1.733600000000000000e+04,-1.163000000000000000e+04,-1.913900000000000000e+04,-2.029600000000000000e+04,-1.963700000000000000e+04,-1.323800000000000000e+04,1.517100000000000000e+04
-2.497400000000000000e+04,-1.258400000000000000e+04,-1.658100000000000000e+04,-6.431000000000000000e+03,-1.813600000000000000e+04,6.884000000000000000e+03,-6.133000000000000000e+03,-1.484400000000000000e+04
-2.439400000000000000e+04,-1.649100000000000000e+04,-1.828800000000000000e+04,-9.646000000000000000e+03,4.563000000000000000e+03,1.452000000000000000e+03,-9.815000000000000000e+03,-2.143300000000000000e+04
-5.927000000000000000e+03,-2.082600000000000000e+04,-1.850700000000000000e+04,1.025200000000000000e+04,-2.411300000000000000e+04,2.512000000000000000e+03,-2.501800000000000000e+04,-2.287800000000000000e+04
-1.891900000000000000e+04,-2.086200000000000000e+04,-2.160100000000000000e+04,-9.477000000000000000e+03,2.864100000000000000e+04,-2.062600000000000000e+04,-1.918600000000000000e+04,-1.933900000000000000e+04
-2.031000000000000000e+04,-1.198800000000000000e+04,-1.454700000000000000e+04,-1.506400000000000000e+04,-1.741600000000000000e+04,-2.570000000000000000e+04,-1.491300000000000000e+04,1.465800000000000000e+04
1.682300000000000000e+04,-2.174200000000000000e+04,-2.136600000000000000e+04,-1.956100000000000000e+04,-2.355100000000000000e+04,-1.548200000000000000e+04,-9.966000000000000000e+03,-2.857100000000000000e+04
1.040700000000000000e+04,-1.807300000000000000e+04,-2.120000000000000000e+04,-7.175000000000000000e+03,-1.091400000000000000e+04,-1.660600000000000000e+04,-2.052700000000000000e+04,-2.498200000000000000e+04
-3.144300000000000000e+04,-3.256400000000000000e+04,2.393100000000000000e+04,-6.065000000000000000e+03,-2.174800000000000000e+04,-1.949100000000000000e+04,-1.264000000000000000e+04,-1.943200000000000000e+04
-1.861200000000000000e+04,-1.659000000000000000e+04,-1.941400000000000000e+04,-2.990500000000000000e+04,-2.228100000000000000e+04,-1.650900000000000000e+04,2.927300000000000000e+04,-2.930700000000000000e+04
-2.664800000000000000e+04,-1.461200000000000000e+04,2.307000000000000000e+04,-3.359700000000000000e+04,-1.357300000000000000e+04,-2.928100000000000000e+04,-2.007600000000000000e+04,-1.593100000000000000e+04
-1.235500000000000000e+04,-1.366600000000000000e+04,-1.786700000000000000e+04,-1.757400000000000000e+04,-1.619000000000000000e+04,-2.349200000000000000e+04,-1.534800000000000000e+04,1.767000000000000000e+04
-1.545000000000000000e+04,-8.258000000000000000e+03,-1.476400000000000000e+04,-3.498000000000000000e+03,-9.484000000000000000e+03,1.520000000000000000e+03,-1.775500000000000000e+04,-1.007200000000000000e+04
-1.629200000000000000e+04,-1.645200000000000000e+04,-1.704300000000000000e+04,-2.435900000000000000e+04,-1.652000000000000000e+04,-9.717000000000000000e+03,1.587800000000000000e+04,-2.557200000000000000e+04
-7.870000000000000000e+02,-1.606500000000000000e+04,-1.086000000000000000e+04,8.315000000000000000e+03,-1.761700000000000000e+04,-1.802000000000000000e+04,-2.087700000000000000e+04,-2.352500000000000000e+04
-3.112900000000000000e+04,-1.671000000000000000e+04,-7.281000000000000000e+03,-1.950900000000000000e+04,-1.421800000000000000e+04,-1.534100000000000000e+04,7.334000000000000000e+03,-1.502300000000000000e+04
1.649000000000000000e+03,-1.692000000000000000e+04,-3.458000000000000000e+03,2.851000000000000000e+03,-1.772900000000000000e+04,-1.093600000000000000e+04,8.740000000000000000e+02,-3.243400000000000000e+04
-7.311000000000000000e+03,-1.133300000000000000e+04,-1.264000000000000000e+04,-1.778000000000000000e+03,-3.321000000000000000e+03,7.796000000000000000e+03,-1.746900000000000000e+04,-1.401700000000000000e+04
-2.271700000000000000e+04,-1.362400000000000000e+04,-7.044000000000000000e+03,-1.690800000000000000e+04,-1.770300000000000000e+04,-2.488400000000000000e+04,7.366000000000000000e+03,-1.894700000000000000e+04
-3.015700000000000000e+04,1.431800000000000000e+04,-1.940100000000000000e+04,-1.493100000000000000e+04,-2.412200000000000000e+04,-2.666900000000000000e+04,-5.654000000000000000e+03,-1.753700000000000000e+04
-2.374500000000000000e+04,-1.742100000000000000e+04,2.634700000000000000e+04,-2.077200000000000000e+04,-1.665500000000000000e+04,-2.401600000000000000e+04,-1.640600000000000000e+04,-1.525000000000000000e+04
-5.528000000000000000e+03,-1.543400000000000000e+04,2.209600000000000000e+04,-1.393100000000000000e+04,-2.751100000000000000e+04,-2.243700000000000000e+04,-1.843600000000000000e+04,-2.255300000000000000e+04
-2.037600000000000000e+04,-1.402100000000000000e+04,-1.469600000000000000e+04,-2.569200000000000000e+04,-1.945400000000000000e+04,-2.057100000000000000e+04,1.330800000000000000e+04,-1.477700000000000000e+04
-7.881000000000000000e+03,1.721000000000000000e+03,-2.160000000000000000e+04,-1.620300000000000000e+04,-1.915600000000000000e+04,-2.689000000000000000e+03,-4.000000000000000000e+02,-1.619900000000000000e+04
-3.406300000000000000e+04,3.357200000000000000e+04,-2.006400000000000000e+04,-1.790500000000000000e+04,-2.211000000000000000e+04,-3.244000000000000000e+04,-1.948200000000000000e+04,-1.997200000000000000e+04
-1.770400000000000000e+04,-1.792100000000000000e+04,-1.504200000000000000e+04,-1.031300000000000000e+04,-1.564500000000000000e+04,-2.357900000000000000e+04,1.691600000000000000e+04,-2.208500000000000000e+04
-2.606200000000000000e+04,-2.398700000000000000e+04,-1.734300000000000000e+04,-1.578500000000000000e+04,-1.221300000000000000e+04,1.312900000000000000e+04,-5.329000000000000000e+03,-1.914900000000000000e+04
1.092900000000000000e+04,-1.131200000000000000e+04,-1.369100000000000000e+04,-1.841200000000000000e+04,-2.343700000000000000e+04,-2.688000000000000000e+03,-2.158400000000000000e+04,-2.140300000000000000e+04
-2.032000000000000000e+04,-1.852800000000000000e+04,-1.483100000000000000e+04,-1.767300000000000000e+04,-1.510300000000000000e+04,-2.517600000000000000e+04,1.542400000000000000e+04,-1.989100000000000000e+04
-1.836100000000000000e+04,-1.711200000000000000e+04,-1.602800000000000000e+04,-8.800000000000000000e+03,-1.386800000000000000e+04,1.336100000000000000e+04,-1.546300000000000000e+04,-1.574400000000000000e+04
-4.505000000000000000e+03,-2.032700000000000000e+04,-1.555100000000000000e+04,-2.444100000000000000e+04,-1.381700000000000000e+04,2.453000000000000000e+03,-2.512500000000000000e+04,-1.592400000000000000e+04
-1.894700000000000000e+04,1.235400000000000000e+04,-1.966800000000000000e+04,-2.014600000000000000e+04,-1.942000000000000000e+04,-2.017800000000000000e+04,-2.291000000000000000e+03,-2.074200000000000000e+04
-1.954500000000000000e+04,-1.507300000000000000e+04,-1.756600000000000000e+04,-1.621900000000000000e+04,-1.574700000000000000e+04,-1.944000000000000000e+04,1.238500000000000000e+04,-1.499500000000000000e+04
-2.270900000000000000e+04,-1.999600000000000000e+04,1.880600000000000000e+04,-2.269100000000000000e+04,-2.109600000000000000e+04,-3.167500000000000000e+04,-1.446500000000000000e+04,-1.520400000000000000e+04
-1.651500000000000000e+04,4.448000000000000000e+03,-1.876700000000000000e+04,-4.131000000000000000e+03,-1.857500000000000000e+04,-2.194100000000000000e+04,-1.173400000000000000e+04,-1.870000000000000000e+04
-6.742000000000000000e+03,-1.157200000000000000e+04,-1.443100000000000000e+04,-1.592000000000000000e+03,-1.513300000000000000e+04,-1.564800000000000000e+04,2.600000000000000000e+03,-2.106500000000000000e+04
-1.279900000000000000e+04,-1.872400000000000000e+04,-1.680900000000000000e+04,-4.403000000000000000e+03,-1.919300000000000000e+04,1.180600000000000000e+04,-1.897700000000000000e+04,-1.724000000000000000e+04
-1.359200000000000000e+04,-7.926000000000000000e+03,-1.206800000000000000e+04,-6.085000000000000000e+03,-5.924000000000000000e+03,-6.244000000000000000e+03,-2.410200000000000000e+04,-1.405500000000000000e+04
-8.642000000000000000e+03,-2.261500000000000000e+04,-7.475000000000000000e+03,-4.930000000000000000e+02,-7.682000000000000000e+03,-1.429000000000000000e+03,-1.755700000000000000e+04,-2.239500000000000000e+04
-2.728500000000000000e+04,-1.353000000000000000e+04,-2.124600000000000000e+04,-2.292000000000000000e+04,-2.436100000000000000e+04,-1.960900000000000000e+04,1.497600000000000000e+04,-2.578000000000000000e+04
-5.181000000000000000e+03,-1.652000000000000000e+04,-1.801700000000000000e+04,-1.590600000000000000e+04,-1.941000000000000000e+04,4.045000000000000000e+03,-1.523000000000000000e+04,-2.297800000000000000e+04
-2.453500000000000000e+04,-1.191900000000000000e+04,-1.500000000000000000e+04,-1.636600000000000000e+04,-1.989200000000000000e+04,1.511900000000000000e+04,-1.955900000000000000e+04,-1.512900000000000000e+04
-7.571000000000000000e+03,-1.056400000000000000e+04,-1.292600000000000000e+04,3.802000000000000000e+03,-2.895300000000000000e+04,-1.482200000000000000e+04,-2.259700000000000000e+04,-2.479000000000000000e+04
-1.483800000000000000e+04,-1.385500000000000000e+04,-1.842500000000000000e+04,-1.729200000000000000e+04,-1.541900000000000000e+04,-2.294000000000000000e+04,-1.604600000000000000e+04,1.787300000000000000e+04
-2.234300000000000000e+04,-1.558100000000000000e+04,2.156000000000000000e+04,-2.743900000000000000e+04,-1.363600000000000000e+04,-2.364000000000000000e+04,-1.961200000000000000e+04,-1.280000000000000000e+04
-1.505900000000000000e+04,-1.240500000000000000e+04,-4.409000000000000000e+03,-3.130000000000000000e+02,-6.178000000000000000e+03,-2.424900000000000000e+04,-1.418300000000000000e+04,-1.651800000000000000e+04
-1.452700000000000000e+04,-1.657900000000000000e+04,-1.405900000000000000e+04,-6.449000000000000000e+03,1.721300000000000000e+04,-2.650800000000000000e+04,-2.076800000000000000e+04,-1.773000000000000000e+04
-1.624000000000000000e+04,2.344800000000000000e+04,-2.077500000000000000e+04,-2.115400000000000000e+04,-2.341600000000000000e+04,-2.789200000000000000e+04,-1.708300000000000000e+04,-2.062200000000000000e+04
-1.711300000000000000e+04,-1.044700000000000000e+04,-2.149700000000000000e+04,-2.156600000000000000e+04,-1.200100000000000000e+04,-1.765800000000000000e+04,1.048800000000000000e+04,-1.293300000000000000e+04
-7.050000000000000000e+03,-1.367400000000000000e+04,-9.361000000000000000e+03,-7.831000000000000000e+03,-1.894000000000000000e+04,-1.601800000000000000e+04,1.059200000000000000e+04,-2.624200000000000000e+04
-3.195200000000000000e+04,3.117900000000000000e+04,-2.269500000000000000e+04,-1.413400000000000000e+04,-2.102400000000000000e+04,-2.502200000000000000e+04,-2.046200000000000000e+04,-1.902500000000000000e+04
-1.780800000000000000e+04,-1.368900000000000000e+04,2.602200000000000000e+04,-1.685800000000000000e+04,-1.873700000000000000e+04,-3.144700000000000000e+04,-2.198200000000000000e+04,-1.708300000000000000e+04
2.787200000000000000e+04,-1.836300000000000000e+04,-2.383000000000000000e+04,-1.186800000000000000e+04,-2.490000000000000000e+04,-1.514400000000000000e+04,-6.487000000000000000e+03,-2.830600000000000000e+04
-2.214000000000000000e+04,-2.198800000000000000e+04,-1.757100000000000000e+04,-2.044200000000000000e+04,-1.928000000000000000e+04,-2.504800000000000000e+04,2.050700000000000000e+04,-2.297500000000000000e+04
-8.280000000000000000e+03,-1.186700000000000000e+04,-1.261400000000000000e+04,3.812000000000000000e+03,-2.387800000000000000e+04,-2.990000000000000000e+03,-2.280500000000000000e+04,-1.915600000000000000e+04
-1.469100000000000000e+04,-1.952900000000000000e+04,-1.548900000000000000e+04,-2.660500000000000000e+04,1.957500000000000000e+04,-2.999800000000000000e+04,-2.385100000000000000e+04,-1.978100000000000000e+04
-2.714200000000000000e+04,-1.713600000000000000e+04,-1.759400000000000000e+04,-1.183700000000000000e+04,-2.474800000000000000e+04,-2.793400000000000000e+04,1.782000000000000000e+04,-2.690100000000000000e+04
-2.261800000000000000e+04,-2.195700000000000000e+04,1.588100000000000000e+04,-1.135100000000000000e+04,-1.913800000000000000e+04,-2.804200000000000000e+04,-1.479800000000000000e+04,-2.159500000000000000e+04
-1.855300000000000000e+04,1.994000000000000000e+04,-1.703100000000000000e+04,-2.339200000000000000e+04,-2.237300000000000000e+04,-2.495500000000000000e+04,-1.796000000000000000e+04,-2.673800000000000000e+04
-2.236300000000000000e+04,2.629100000000000000e+04,-1.785900000000000000e+04,-2.348700000000000000e+04,-2.001000000000000000e+04,-2.102400000000000000e+04,-1.956400000000000000e+04,-2.289400000000000000e+04
-1.215300000000000000e+04,-1.734500000000000000e+04,-1.484900000000000000e+04,8.258000000000000000e+03,-2.381900000000000000e+04,5.190000000000000000e+02,-2.494700000000000000e+04,-2.115100000000000000e+04
-2.288300000000000000e+04,-1.441900000000000000e+04,-1.396700000000000000e+04,-1.870000000000000000e+04,-1.419300000000000000e+04,-3.413800000000000000e+04,-1.374400000000000000e+04,1.725100000000000000e+04
-2.291600000000000000e+04,-1.586400000000000000e+04,-1.490700000000000000e+04,-1.575900000000000000e+04,-1.551300000000000000e+04,-2.160900000000000000e+04,-1.737500000000000000e+04,1.869600000000000000e+04
-1.993100000000000000e+04,-2.427700000000000000e+04,-2.072500000000000000e+04,-6.278000000000000000e+03,-1.553500000000000000e+04,1.591400000000000000e+04,-1.592700000000000000e+04,-1.832000000000000000e+04
-5.981000000000000000e+03,-2.162400000000000000e+04,-2.481400000000000000e+04,-9.631000000000000000e+03,-1.714300000000000000e+04,-1.732800000000000000e+04,8.409000000000000000e+03,-2.472900000000000000e+04
-2.649100000000000000e+04,2.999500000000000000e+04,-2.215600000000000000e+04,-2.425300000000000000e+04,-2.355200000000000000e+04,-2.822700000000000000e+04,-1.342800000000000000e+04,-2.288500000000000000e+04
-1.940300000000000000e+04,2.098200000000000000e+04,-2.284300000000000000e+04,-2.170300000000000000e+04,-2.558100000000000000e+04,-2.291800000000000000e+04,-1.605600000000000000e+04,-2.535100000000000000e+04
-9.003000000000000000e+03,-1.302200000000000000e+04,-1.769200000000000000e+04,-2.676600000000000000e+04,-1.152100000000000000e+04,-1.316800000000000000e+04,1.427700000000000000e+04,-1.505900000000000000e+04
-2.091000000000000000e+04,-1.164200000000000000e+04,-1.460800000000000000e+04,-2.789300000000000000e+04,-1.928900000000000000e+04,-1.589500000000000000e+04,1.026000000000000000e+04,-1.365700000000000000e+04
-2.291400000000000000e+04,-1.443800000000000000e+04,-1.540800000000000000e+04,-2.556200000000000000e+04,-1.747500000000000000e+04,-2.419600000000000000e+04,-1.308200000000000000e+04,1.653700000000000000e+04
-2.086800000000000000e+04,-1.614200000000000000e+04,-2.376600000000000000e+04,2.976000000000000000e+03,-1.038300000000000000e+04,7.478000000000000000e+03,-1.467800000000000000e+04,-2.149700000000000000e+04
-1.922600000000000000e+04,-1.476800000000000000e+04,1.570300000000000000e+04,-2.505300000000000000e+04,-1.736400000000000000e+04,-2.764700000000000000e+04,-1.608900000000000000e+04,-9.853000000000000000e+03
-6.675000000000000000e+03,-1.010100000000000000e+04,-1.485000000000000000e+04,1.166100000000000000e+04,-1.604200000000000000e+04,-9.299000000000000000e+03,-1.718300000000000000e+04,-1.362800000000000000e+04
-1.288700000000000000e+04,-1.873700000000000000e+04,-1.335300000000000000e+04,-1.783500000000000000e+04,1.604400000000000000e+04,-2.182300000000000000e+04,-2.293800000000000000e+04,-2.317200000000000000e+04
-2.662000000000000000e+04,1.738100000000000000e+04,-1.787200000000000000e+04,-1.231700000000000000e+04,-2.765800000000000000e+04,-3.101000000000000000e+04,-9.783000000000000000e+03,-2.053400000000000000e+04
-2.491600000000000000e+04,-1.829500000000000000e+04,-1.003400000000000000e+04,2.806000000000000000e+03,6.380000000000000000e+02,-5.322000000000000000e+03,-2.168300000000000000e+04,-1.305800000000000000e+04
-7.532000000000000000e+03,1.624900000000000000e+04,-2.203900000000000000e+04,-6.093000000000000000e+03,-1.307700000000000000e+04,-1.603200000000000000e+04,-1.316000000000000000e+04,-1.625700000000000000e+04
-1.793500000000000000e+04,1.151700000000000000e+04,-1.587000000000000000e+04,-9.788000000000000000e+03,-1.689700000000000000e+04,-2.937100000000000000e+04,-7.943000000000000000e+03,-8.457000000000000000e+03
-1.717600000000000000e+04,-2.915100000000000000e+04,2.982700000000000000e+04,-2.022000000000000000e+04,-2.946700000000000000e+04,-3.441300000000000000e+04,-1.399900000000000000e+04,-2.248000000000000000e+04
-1.224000000000000000e+04,-1.952000000000000000e+04,-2.206800000000000000e+04,1.133700000000000000e+04,-1.713500000000000000e+04,-2.057600000000000000e+04,-3.369000000000000000e+03,-2.836000000000000000e+04
-1.982000000000000000e+04,-1.415600000000000000e+04,-1.204700000000000000e+04,5.021000000000000000e+03,-2.798600000000000000e+04,-3.821000000000000000e+03,-1.621000000000000000e+04,-3.158100000000000000e+04
-1.178400000000000000e+04,2.416600000000000000e+04,-2.205900000000000000e+04,-1.337700000000000000e+04,-2.147700000000000000e+04,-1.742400000000000000e+04,-2.197600000000000000e+04,-1.926100000000000000e+04
2.009000000000000000e+03,-1.094800000000000000e+04,-1.818800000000000000e+04,-8.745000000000000000e+03,-2.627500000000000000e+04,-4.935000000000000000e+03,-1.506000000000000000e+04,-2.956100000000000000e+04
-1.143700000000000000e+04,-2.301800000000000000e+04,-1.728800000000000000e+04,-9.365000000000000000e+03,-1.110000000000000000e+02,3.265000000000000000e+03,-2.095700000000000000e+04,-1.827500000000000000e+04
-6.869000000000000000e+03,-2.231200000000000000e+04,-1.729400000000000000e+04,9.136000000000000000e+03,-2.293900000000000000e+04,-1.078600000000000000e+04,-1.723100000000000000e+04,-2.768800000000000000e+04
-1.755100000000000000e+04,-1.709900000000000000e+04,-1.725000000000000000e+04,-2.707300000000000000e+04,-2.197000000000000000e+04,-2.149400000000000000e+04,2.422900000000000000e+04,-2.526000000000000000e+04
-1.002500000000000000e+04,-1.872600000000000000e+04,-1.856300000000000000e+04,-2.520000000000000000e+02,-2.138800000000000000e+04,-9.487000000000000000e+03,-2.216000000000000000e+04,-2.556000000000000000e+04
-1.139100000000000000e+04,-1.747900000000000000e+04,-1.460300000000000000e+04,-3.203000000000000000e+03,-1.321000000000000000e+04,1.697000000000000000e+03,-2.166200000000000000e+04,-1.841700000000000000e+04
-1.163200000000000000e+04,1.946200000000000000e+04,-1.896600000000000000e+04,-2.913200000000000000e+04,-1.651800000000000000e+04,-3.111700000000000000e+04,-9.109000000000000000e+03,-2.202900000000000000e+04
-3.141700000000000000e+04,-1.634800000000000000e+04,-2.195500000000000000e+04,-1.765400000000000000e+04,-2.591500000000000000e+04,-1.282600000000000000e+04,1.546300000000000000e+04,-2.048000000000000000e+04
-8.440000000000000000e+03,-1.553200000000000000e+04,-2.216600000000000000e+04,8.937000000000000000e+03,-2.522300000000000000e+04,-9.870000000000000000e+03,-2.303500000000000000e+04,-2.631900000000000000e+04
-2.021400000000000000e+04,-1.397400000000000000e+04,-1.373200000000000000e+04,-1.643800000000000000e+04,-1.460200000000000000e+04,-2.866800000000000000e+04,-1.443100000000000000e+04,1.423700000000000000e+04
-1.697800000000000000e+04,-1.617300000000000000e+04,-1.423800000000000000e+04,-1.706300000000000000e+04,-1.681000000000000000e+04,-2.109200000000000000e+04,-1.673300000000000000e+04,1.490200000000000000e+04
-1.979500000000000000e+04,9.186000000000000000e+03,-2.074000000000000000e+04,-1.312500000000000000e+04,-2.555500000000000000e+04,-2.384900000000000000e+04,-4.922000000000000000e+03,-2.090800000000000000e+04
-2.504000000000000000e+04,-1.969200000000000000e+04,-1.375000000000000000e+04,-1.211400000000000000e+04,-2.655400000000000000e+04,-2.009800000000000000e+04,2.672400000000000000e+04,-2.287200000000000000e+04
-1.191100000000000000e+04,-1.433300000000000000e+04,-1.220500000000000000e+04,5.267000000000000000e+03,-2.183200000000000000e+04,-2.129200000000000000e+04,-5.152000000000000000e+03,-2.419800000000000000e+04
-1.396700000000000000e+04,-2.161400000000000000e+04,-1.593900000000000000e+04,-2.182900000000000000e+04,-1.489200000000000000e+04,-1.801200000000000000e+04,2.109000000000000000e+04,-2.303800000000000000e+04
-2.029800000000000000e+04,-1.207700000000000000e+04,-1.790000000000000000e+04,-1.474600000000000000e+04,-1.583600000000000000e+04,-2.412400000000000000e+04,-1.596700000000000000e+04,1.982700000000000000e+04
-1.905000000000000000e+04,-1.571100000000000000e+04,-1.590900000000000000e+04,-1.441000000000000000e+04,-1.508500000000000000e+04,-2.568100000000000000e+04,-1.380700000000000000e+04,1.240200000000000000e+04
-2.563500000000000000e+04,-1.861400000000000000e+04,-1.311700000000000000e+04,-1.556900000000000000e+04,-1.691000000000000000e+04,-1.638500000000000000e+04,1.479100000000000000e+04,-2.769600000000000000e+04
-1.480100000000000000e+04,-1.352000000000000000e+04,-1.071100000000000000e+04,-2.422000000000000000e+03,-1.596100000000000000e+04,-1.573400000000000000e+04,-2.174900000000000000e+04,-1.831900000000000000e+04
-2.215300000000000000e+04,-1.831900000000000000e+04,-1.319800000000000000e+04,-1.451900000000000000e+04,-1.646700000000000000e+04,-2.738100000000000000e+04,-1.718700000000000000e+04,1.802800000000000000e+04
-6.357000000000000000e+03,-2.636400000000000000e+04,-1.817600000000000000e+04,-1.603000000000000000e+03,-2.107300000000000000e+04,-1.700500000000000000e+04,-7.483000000000000000e+03,-2.427700000000000000e+04
-1.958900000000000000e+04,4.325000000000000000e+03,-1.424700000000000000e+04,-1.522600000000000000e+04,-3.121900000000000000e+04,-2.455800000000000000e+04,-1.511400000000000000e+04,-2.770500000000000000e+04
-1.479500000000000000e+04,-2.179000000000000000e+04,-2.282100000000000000e+04,1.012600000000000000e+04,-1.939100000000000000e+04,-1.008700000000000000e+04,-1.766200000000000000e+04,-2.720100000000000000e+04
-2.573300000000000000e+04,-1.338900000000000000e+04,-1.227200000000000000e+04,-1.410500000000000000e+04,-1.087200000000000000e+04,-2.330700000000000000e+04,-1.642600000000000000e+04,1.418000000000000000e+04
2.947100000000000000e+04,-2.038800000000000000e+04,-2.064400000000000000e+04,-1.895200000000000000e+04,-1.690800000000000000e+04,-2.014400000000000000e+04,-1.480600000000000000e+04,-2.676200000000000000e+04
-2.688500000000000000e+04,-1.611200000000000000e+04,-1.698000000000000000e+04,-2.391300000000000000e+04,-2.017900000000000000e+04,-1.696400000000000000e+04,2.035900000000000000e+04,-2.188500000000000000e+04
-1.604200000000000000e+04,9.797000000000000000e+03,-1.232600000000000000e+04,-2.736000000000000000e+04,-2.148100000000000000e+04,-1.485300000000000000e+04,-1.008500000000000000e+04,-2.416000000000000000e+04
-2.849000000000000000e+04,-2.205200000000000000e+04,2.065000000000000000e+04,-2.873300000000000000e+04,-1.857200000000000000e+04,-3.070900000000000000e+04,-2.282100000000000000e+04,-1.494100000000000000e+04
-1.935700000000000000e+04,-2.401200000000000000e+04,-2.170700000000000000e+04,2.368200000000000000e+04,-1.685100000000000000e+04,-1.828100000000000000e+04,-1.050900000000000000e+04,-2.892300000000000000e+04
-2.952000000000000000e+04,-1.536900000000000000e+04,-1.755900000000000000e+04,-2.952400000000000000e+04,-2.303800000000000000e+04,-1.901100000000000000e+04,3.000500000000000000e+04,-2.206000000000000000e+04
-2.850900000000000000e+04,-1.536400000000000000e+04,-1.190400000000000000e+04,-1.713800000000000000e+04,-1.641100000000000000e+04,-2.086400000000000000e+04,-1.952100000000000000e+04,1.563600000000000000e+04
-1.854500000000000000e+04,-1.549400000000000000e+04,-1.574200000000000000e+04,-2.456700000000000000e+04,-1.498500000000000000e+04,-3.076800000000000000e+04,-1.666200000000000000e+04,1.219700000000000000e+04
-2.351600000000000000e+04,-1.658000000000000000e+04,-1.947900000000000000e+04,-2.272900000000000000e+04,-1.553000000000000000e+04,-2.275100000000000000e+04,-1.680800000000000000e+04,1.959800000000000000e+04
-2.769000000000000000e+04,-1.557000000000000000e+04,-1.291500000000000000e+04,-2.453700000000000000e+04,-1.102800000000000000e+04,-2.618400000000000000e+04,-1.516100000000000000e+04,1.576400000000000000e+04
-7.138000000000000000e+03,2.174600000000000000e+04,-1.727800000000000000e+04,-5.152000000000000000e+03,-2.682600000000000000e+04,-3.662100000000000000e+04,-2.448500000000000000e+04,-1.931100000000000000e+04
-2.466800000000000000e+04,-1.568400000000000000e+04,-1.512500000000000000e+04,-2.477700000000000000e+04,-1.921300000000000000e+04,-1.931100000000000000e+04,1.415900000000000000e+04,-2.113500000000000000e+04
-1.368700000000000000e+04,-1.582600000000000000e+04,-1.293900000000000000e+04,2.560200000000000000e+04,-2.575500000000000000e+04,-1.306100000000000000e+04,-1.259400000000000000e+04,-2.522300000000000000e+04
-1.728200000000000000e+04,2.668000000000000000e+04,-1.238700000000000000e+04,-2.583000000000000000e+04,-3.218900000000000000e+04,-3.954100000000000000e+04,-1.882700000000000000e+04,-2.039200000000000000e+04
4.797000000000000000e+03,-1.900700000000000000e+04,-1.117700000000000000e+04,-5.361000000000000000e+03,-2.458800000000000000e+04,-1.655200000000000000e+04,-2.022500000000000000e+04,-2.341500000000000000e+04
-2.099100000000000000e+04,-1.651400000000000000e+04,-2.463300000000000000e+04,-1.295600000000000000e+04,-1.438100000000000000e+04,-2.206100000000000000e+04,1.212200000000000000e+04,-2.462700000000000000e+04
-4.164000000000000000e+03,-1.619400000000000000e+04,-9.086000000000000000e+03,-6.741000000000000000e+03,5.596000000000000000e+03,-1.100500000000000000e+04,-1.956900000000000000e+04,-1.914200000000000000e+04
-2.039900000000000000e+04,-1.638700000000000000e+04,-1.230900000000000000e+04,-2.224900000000000000e+04,-2.454500000000000000e+04,-2.033300000000000000e+04,1.282500000000000000e+04,-2.818400000000000000e+04
-8.035000000000000000e+03,-1.048300000000000000e+04,-8.740000000000000000e+03,-8.916000000000000000e+03,9.800000000000000000e+03,-8.049000000000000000e+03,-1.410700000000000000e+04,-1.355100000000000000e+04
-1.817800000000000000e+04,-1.246600000000000000e+04,-1.316500000000000000e+04,-1.859300000000000000e+04,-1.527800000000000000e+04,-2.694300000000000000e+04,-1.763900000000000000e+04,1.480700000000000000e+04
-2.938800000000000000e+04,-1.590900000000000000e+04,6.236000000000000000e+03,-1.818000000000000000e+04,-8.978000000000000000e+03,-1.573500000000000000e+04,-1.264700000000000000e+04,-1.169200000000000000e+04
-9.587000000000000000e+03,-2.165300000000000000e+04,-1.264600000000000000e+04,8.711000000000000000e+03,-1.499000000000000000e+04,-1.036000000000000000e+03,-1.811100000000000000e+04,-2.041000000000000000e+04
-1.494800000000000000e+04,-2.742300000000000000e+04,-1.506800000000000000e+04,-1.589000000000000000e+03,-1.991100000000000000e+04,8.298000000000000000e+03,-1.143800000000000000e+04,-1.946500000000000000e+04
-9.434000000000000000e+03,1.574900000000000000e+04,-1.836500000000000000e+04,-2.185000000000000000e+04,-3.061200000000000000e+04,-3.429800000000000000e+04,-1.931500000000000000e+04,-2.740700000000000000e+04
-2.956200000000000000e+04,3.440400000000000000e+04,-1.813000000000000000e+04,-1.716400000000000000e+04,-2.491400000000000000e+04,-3.802900000000000000e+04,-1.718600000000000000e+04,-1.764000000000000000e+04
-2.368200000000000000e+04,2.750600000000000000e+04,-1.697300000000000000e+04,-2.598600000000000000e+04,-2.432700000000000000e+04,-2.928100000000000000e+04,-2.723000000000000000e+04,-1.924200000000000000e+04
-2.745900000000000000e+04,-1.684100000000000000e+04,-1.573400000000000000e+04,-1.692400000000000000e+04,-1.756200000000000000e+04,-2.439000000000000000e+04,-1.822100000000000000e+04,1.624400000000000000e+04
-8.980000000000000000e+03,-2.148000000000000000e+04,-1.336600000000000000e+04,-9.382000000000000000e+03,6.259000000000000000e+03,-1.689400000000000000e+04,-1.522900000000000000e+04,-1.692300000000000000e+04
-1.196600000000000000e+04,-1.319600000000000000e+04,-1.550100000000000000e+04,-6.245000000000000000e+03,1.760500000000000000e+04,-1.123600000000000000e+04,-1.999600000000000000e+04,-1.288800000000000000e+04
-1.904700000000000000e+04,-2.542200000000000000e+04,3.991900000000000000e+04,-2.955600000000000000e+04,-2.313900000000000000e+04,-2.963300000000000000e+04,-1.936100000000000000e+04,-2.009900000000000000e+04
-2.780200000000000000e+04,-2.042600000000000000e+04,-1.063600000000000000e+04,-2.414000000000000000e+04,-2.703700000000000000e+04,-2.529900000000000000e+04,1.893400000000000000e+04,-2.886500000000000000e+04
-2.449300000000000000e+04,-1.533000000000000000e+04,-1.913100000000000000e+04,-1.968300000000000000e+04,-1.477100000000000000e+04,-2.519400000000000000e+04,-1.785100000000000000e+04,2.034100000000000000e+04
-1.030200000000000000e+04,-2.147000000000000000e+04,-1.416900000000000000e+04,1.183400000000000000e+04,-2.145000000000000000e+04,-2.574400000000000000e+04,-1.034400000000000000e+04,-2.457500000000000000e+04
-2.181300000000000000e+04,-1.420900000000000000e+04,-1.274800000000000000e+04,-1.520900000000000000e+04,-1.398500000000000000e+04,-2.695400000000000000e+04,-1.673600000000000000e+04,1.720100000000000000e+04
-1.471700000000000000e+04,2.430000000000000000e+02,-2.114300000000000000e+04,3.030000000000000000e+02,-2.147400000000000000e+04,-1.864200000000000000e+04,-1.579000000000000000e+04,-2.322300000000000000e+04
-1.411500000000000000e+04,2.493700000000000000e+04,-2.506400000000000000e+04,-1.277300000000000000e+04,-2.338400000000000000e+04,-3.778100000000000000e+04,-9.381000000000000000e+03,-2.308400000000000000e+04
-2.244600000000000000e+04,-2.427300000000000000e+04,1.687100000000000000e+04,-5.106000000000000000e+03,-1.099400000000000000e+04,-2.643700000000000000e+04,-1.587500000000000000e+04,-1.842400000000000000e+04
-1.992100000000000000e+04,-1.722000000000000000e+04,-8.138000000000000000e+03,8.752000000000000000e+03,-2.565800000000000000e+04,-2.046900000000000000e+04,-1.603100000000000000e+04,-2.583400000000000000e+04
-2.234200000000000000e+04,-1.326200000000000000e+04,-9.679000000000000000e+03,-1.679400000000000000e+04,1.808500000000000000e+04,-2.325900000000000000e+04,-1.671600000000000000e+04,-1.544200000000000000e+04
-3.640000000000000000e+02,-1.817900000000000000e+04,-2.621000000000000000e+04,-2.030500000000000000e+04,-2.606300000000000000e+04,-5.060000000000000000e+02,-1.493500000000000000e+04,-2.685500000000000000e+04
-2.046100000000000000e+04,-1.222000000000000000e+04,-1.841800000000000000e+04,-2.667800000000000000e+04,-7.119000000000000000e+03,-1.732500000000000000e+04,1.096700000000000000e+04,-1.255600000000000000e+04
-2.342500000000000000e+04,-1.756900000000000000e+04,-1.948800000000000000e+04,-3.342000000000000000e+03,-2.423100000000000000e+04,-2.532400000000000000e+04,2.272300000000000000e+04,-2.753500000000000000e+04
-9.823000000000000000e+03,1.998900000000000000e+04,-2.500400000000000000e+04,-3.182900000000000000e+04,-2.186900000000000000e+04,-3.188300000000000000e+04,-2.022700000000000000e+04,-2.405200000000000000e+04
-2.197500000000000000e+04,-2.638000000000000000e+04,1.621300000000000000e+04,-2.129200000000000000e+04,-2.077300000000000000e+04,-3.016600000000000000e+04,-1.458000000000000000e+04,-1.966500000000000000e+04
-2.562700000000000000e+04,-1.285900000000000000e+04,-1.521800000000000000e+04,-1.560800000000000000e+04,-1.807300000000000000e+04,-2.371500000000000000e+04,-1.264000000000000000e+04,1.425100000000000000e+04
-6.440000000000000000e+03,1.348200000000000000e+04,-1.039400000000000000e+04,-3.441800000000000000e+04,-2.965500000000000000e+04,-2.836200000000000000e+04,-2.160400000000000000e+04,-2.669800000000000000e+04
-1.538900000000000000e+04,-1.769500000000000000e+04,-2.371600000000000000e+04,-1.220300000000000000e+04,2.647900000000000000e+04,-2.107800000000000000e+04,-2.249300000000000000e+04,-2.175800000000000000e+04
-1.262800000000000000e+04,-1.304100000000000000e+04,-1.069000000000000000e+04,2.425700000000000000e+04,-2.300500000000000000e+04,-1.036700000000000000e+04,-2.371000000000000000e+04,-1.894400000000000000e+04
1.462800000000000000e+04,-1.431900000000000000e+04,-2.352200000000000000e+04,-6.330000000000000000e+03,-1.899700000000000000e+04,-2.857000000000000000e+03,-1.791900000000000000e+04,-2.670000000000000000e+04
-1.281800000000000000e+04,2.867500000000000000e+04,-1.718200000000000000e+04,-1.434800000000000000e+04,-2.480900000000000000e+04,-3.696200000000000000e+04,-2.104000000000000000e+04,-2.060500000000000000e+04
-2.638200000000000000e+04,-1.466500000000000000e+04,-1.533600000000000000e+04,-6.295000000000000000e+03,-2.201300000000000000e+04,8.941000000000000000e+03,-1.663900000000000000e+04,-1.972900000000000000e+04
-1.871400000000000000e+04,-1.399400000000000000e+04,-1.897600000000000000e+04,-2.118600000000000000e+04,-1.189500000000000000e+04,-2.495000000000000000e+04,-1.336100000000000000e+04,1.579400000000000000e+04
-1.982800000000000000e+04,-1.547900000000000000e+04,-1.083300000000000000e+04,-1.330100000000000000e+04,-1.356900000000000000e+04,-2.713500000000000000e+04,-1.312000000000000000e+04,1.044700000000000000e+04
-3.232400000000000000e+04,3.121200000000000000e+04,-1.650100000000000000e+04,-6.660000000000000000e+03,-1.598100000000000000e+04,-2.936500000000000000e+04,-2.148600000000000000e+04,-2.037500000000000000e+04
-1.168700000000000000e+04,9.090000000000000000e+03,-1.126400000000000000e+04,-1.119000000000000000e+03,-2.152700000000000000e+04,-2.440900000000000000e+04,-2.125400000000000000e+04,-2.464000000000000000e+04
1.368400000000000000e+04,-1.426600000000000000e+04,-1.306000000000000000e+04,-8.257000000000000000e+03,-1.603000000000000000e+04,-1.746500000000000000e+04,-1.447200000000000000e+04,-2.606600000000000000e+04
-2.641500000000000000e+04,-2.162000000000000000e+04,-1.901700000000000000e+04,-8.615000000000000000e+03,-1.841700000000000000e+04,1.215400000000000000e+04,-1.567800000000000000e+04,-1.670600000000000000e+04
-1.282800000000000000e+04,2.587500000000000000e+04,-1.535400000000000000e+04,-1.646800000000000000e+04,-2.815200000000000000e+04,-3.422700000000000000e+04,-1.904200000000000000e+04,-1.734600000000000000e+04
-2.208800000000000000e+04,-1.326600000000000000e+04,-1.730800000000000000e+04,5.242000000000000000e+03,-1.504800000000000000e+04,2.600000000000000000e+02,-2.396600000000000000e+04,-1.750800000000000000e+04
-2.068400000000000000e+04,-2.280300000000000000e+04,-2.866000000000000000e+03,-8.830000000000000000e+02,-2.205600000000000000e+04,1.123000000000000000e+03,-8.943000000000000000e+03,-2.067400000000000000e+04
-1.744900000000000000e+04,-1.120300000000000000e+04,-1.065300000000000000e+04,-2.204000000000000000e+03,-9.110000000000000000e+03,-2.820000000000000000e+04,1.614000000000000000e+03,-1.675600000000000000e+04
-1.541800000000000000e+04,-1.039200000000000000e+04,-1.484300000000000000e+04,-5.222000000000000000e+03,-1.599200000000000000e+04,8.761000000000000000e+03,-2.043500000000000000e+04,-1.733500000000000000e+04
-2.506000000000000000e+04,-1.559900000000000000e+04,-1.743900000000000000e+04,-1.637900000000000000e+04,-1.357700000000000000e+04,-2.518800000000000000e+04,-1.467500000000000000e+04,1.718200000000000000e+04
-1.878200000000000000e+04,-1.261200000000000000e+04,-1.651900000000000000e+04,-4.753000000000000000e+03,-2.062000000000000000e+04,-6.995000000000000000e+03,1.018300000000000000e+04,-1.847900000000000000e+04
6.560000000000000000e+02,-1.435000000000000000e+04,-1.280000000000000000e+04,-1.036600000000000000e+04,-3.006400000000000000e+04,-6.007000000000000000e+03,-2.236500000000000000e+04,-2.363600000000000000e+04
-1.942900000000000000e+04,-2.313600000000000000e+04,-1.497700000000000000e+04,-3.675000000000000000e+03,-1.356700000000000000e+04,1.371700000000000000e+04,-2.167800000000000000e+04,-1.780600000000000000e+04
-3.671200000000000000e+04,-1.750600000000000000e+04,-9.871000000000000000e+03,-1.727400000000000000e+04,-2.101200000000000000e+04,1.505600000000000000e+04,-2.050200000000000000e+04,-9.600000000000000000e+03
-2.663000000000000000e+04,1.522000000000000000e+04,-1.963500000000000000e+04,-1.434400000000000000e+04,-3.022700000000000000e+04,-1.895800000000000000e+04,-2.210000000000000000e+04,-2.490900000000000000e+04
-1.683900000000000000e+04,-1.480000000000000000e+04,-1.379500000000000000e+04,-1.797600000000000000e+04,-1.323400000000000000e+04,-2.607900000000000000e+04,-1.528900000000000000e+04,1.519500000000000000e+04
-2.208000000000000000e+04,-1.379100000000000000e+04,-1.910500000000000000e+04,-1.328200000000000000e+04,-2.586100000000000000e+04,-1.486600000000000000e+04,1.258500000000000000e+04,-2.645500000000000000e+04
-9.486000000000000000e+03,-1.931600000000000000e+04,-1.407700000000000000e+04,-1.871300000000000000e+04,8.135000000000000000e+03,-2.427700000000000000e+04,-2.208400000000000000e+04,-2.006800000000000000e+04
-2.535600000000000000e+04,-1.347500000000000000e+04,-1.744000000000000000e+04,-2.125500000000000000e+04,-2.575700000000000000e+04,-2.057700000000000000e+04,2.589300000000000000e+04,-2.803300000000000000e+04
-1.457100000000000000e+04,-1.581400000000000000e+04,-1.612300000000000000e+04,-1.350100000000000000e+04,1.121500000000000000e+04,-1.708000000000000000e+04,-1.929500000000000000e+04,-2.011800000000000000e+04
-1.667300000000000000e+04,-1.862700000000000000e+04,-7.108000000000000000e+03,8.560000000000000000e+02,3.794000000000000000e+03,-1.334900000000000000e+04,-2.244900000000000000e+04,-1.935100000000000000e+04
-2.410400000000000000e+04,3.187500000000000000e+04,-2.619500000000000000e+04,-2.282900000000000000e+04,-2.137800000000000000e+04,-3.075800000000000000e+04,-1.259700000000000000e+04,-1.936400000000000000e+04
-1.991400000000000000e+04,-1.525900000000000000e+04,-1.317800000000000000e+04,-1.282000000000000000e+04,-1.671500000000000000e+04,-2.482600000000000000e+04,-1.236100000000000000e+04,1.459000000000000000e+04
-2.136100000000000000e+04,-1.526600000000000000e+04,-1.210800000000000000e+04,-1.246700000000000000e+04,-1.541700000000000000e+04,-2.613200000000000000e+04,-1.605200000000000000e+04,1.514000000000000000e+04
-2.462100000000000000e+04,-1.378500000000000000e+04,-1.541000000000000000e+04,-3.313000000000000000e+03,-2.263700000000000000e+04,-2.870200000000000000e+04,1.268100000000000000e+04,-2.528700000000000000e+04
-2.507100000000000000e+04,-2.502600000000000000e+04,-1.681100000000000000e+04,1.470100000000000000e+04,-1.788300000000000000e+04,-9.670000000000000000e+03,-1.909900000000000000e+04,-2.451900000000000000e+04
2.285400000000000000e+04,-1.865200000000000000e+04,-2.427200000000000000e+04,-3.959000000000000000e+03,-2.585900000000000000e+04,-1.656200000000000000e+04,-1.440800000000000000e+04,-2.932800000000000000e+04
-2.046400000000000000e+04,-2.182700000000000000e+04,2.032400000000000000e+04,-8.034000000000000000e+03,-1.366400000000000000e+04,-2.509600000000000000e+04,-2.208800000000000000e+04,-1.802000000000000000e+04
-8.213000000000000000e+03,-1.862000000000000000e+04,1.562200000000000000e+04,-2.013700000000000000e+04,-1.007200000000000000e+04,-2.424100000000000000e+04,-2.644100000000000000e+04,-2.217300000000000000e+04
-2.518500000000000000e+04,2.429300000000000000e+04,-2.061000000000000000e+04,-1.864000000000000000e+04,-2.981700000000000000e+04,-2.346400000000000000e+04,-1.784100000000000000e+04,-2.150200000000000000e+04
9.065000000000000000e+03,-9.560000000000000000e+03,-2.017200000000000000e+04,-6.553000000000000000e+03,-1.359800000000000000e+04,-1.843100000000000000e+04,-9.917000000000000000e+03,-2.303700000000000000e+04
-1.650900000000000000e+04,-1.826100000000000000e+04,-1.446900000000000000e+04,-7.230000000000000000e+02,-1.623800000000000000e+04,6.621000000000000000e+03,-2.113400000000000000e+04,-1.763600000000000000e+04
-1.894500000000000000e+04,-1.999400000000000000e+04,-1.873600000000000000e+04,-9.846000000000000000e+03,-2.017700000000000000e+04,1.548400000000000000e+04,-1.990400000000000000e+04,-1.592600000000000000e+04
-2.483500000000000000e+04,-1.812700000000000000e+04,7.565000000000000000e+03,-4.047000000000000000e+03,-3.039400000000000000e+04,-9.429000000000000000e+03,-1.003700000000000000e+04,-2.770800000000000000e+04
-2.032800000000000000e+04,-1.653800000000000000e+04,-1.473500000000000000e+04,-6.501000000000000000e+03,-1.211900000000000000e+04,1.453300000000000000e+04,-1.736100000000000000e+04,-2.013000000000000000e+04
-1.572100000000000000e+04,3.955300000000000000e+04,-2.376500000000000000e+04,-3.661400000000000000e+04,-2.826100000000000000e+04,-3.632100000000000000e+04,-2.192600000000000000e+04,-2.531800000000000000e+04
-1.526100000000000000e+04,-8.497000000000000000e+03,-1.049100000000000000e+04,-1.690000000000000000e+04,-9.710000000000000000e+03,-1.523000000000000000e+04,-9.097000000000000000e+03,1.148500000000000000e+04
-1.767900000000000000e+04,-1.826600000000000000e+04,-1.860800000000000000e+04,9.611000000000000000e+03,-3.443800000000000000e+04,-4.015000000000000000e+03,-2.479800000000000000e+04,-2.564100000000000000e+04
6.259000000000000000e+03,-1.237400000000000000e+04,-2.041100000000000000e+04,-7.702000000000000000e+03,-1.412100000000000000e+04,-1.760800000000000000e+04,-1.244000000000000000e+04,-2.540200000000000000e+04
-2.274600000000000000e+04,-2.668400000000000000e+04,2.475200000000000000e+04,-3.188000000000000000e+04,-1.815300000000000000e+04,-3.074900000000000000e+04,-1.064500000000000000e+04,-1.527800000000000000e+04
-1.476300000000000000e+04,-2.271200000000000000e+04,-1.249000000000000000e+04,6.051000000000000000e+03,5.986000000000000000e+03,-2.390500000000000000e+04,-1.985800000000000000e+04,-1.472000000000000000e+04
-2.180600000000000000e+04,-1.795600000000000000e+04,3.735200000000000000e+04,-2.056000000000000000e+04,-2.645600000000000000e+04,-2.339800000000000000e+04,-2.124700000000000000e+04,-1.728900000000000000e+04
-2.418700000000000000e+04,-1.538400000000000000e+04,-9.587000000000000000e+03,-2.252100000000000000e+04,-1.162900000000000000e+04,-2.063600000000000000e+04,-9.640000000000000000e+03,8.228000000000000000e+03
-1.068800000000000000e+04,1.497400000000000000e+04,-2.267400000000000000e+04,-2.398500000000000000e+04,-1.954300000000000000e+04,-1.726600000000000000e+04,-1.620900000000000000e+04,-2.581400000000000000e+04
-2.475300000000000000e+04,-3.232500000000000000e+04,2.744200000000000000e+04,-1.760500000000000000e+04,-2.389700000000000000e+04,-3.034600000000000000e+04,-1.111700000000000000e+04,-2.118500000000000000e+04
1.772200000000000000e+04,-2.586600000000000000e+04,-2.149000000000000000e+04,-1.037600000000000000e+04,-2.488200000000000000e+04,-3.205600000000000000e+04,-1.247800000000000000e+04,-2.731200000000000000e+04
-2.073200000000000000e+04,3.105400000000000000e+04,-1.902300000000000000e+04,-3.250200000000000000e+04,-2.094800000000000000e+04,-3.001600000000000000e+04,-1.766400000000000000e+04,-1.710900000000000000e+04
-9.722000000000000000e+03,-2.493400000000000000e+04,-1.858400000000000000e+04,1.743600000000000000e+04,-2.973800000000000000e+04,-1.140600000000000000e+04,-2.246600000000000000e+04,-2.289400000000000000e+04
-2.831700000000000000e+04,-1.462500000000000000e+04,-1.467800000000000000e+04,-8.513000000000000000e+03,-2.195200000000000000e+04,-1.451400000000000000e+04,1.171900000000000000e+04,-2.506700000000000000e+04
-2.632600000000000000e+04,-1.305800000000000000e+04,-1.908400000000000000e+04,-1.534900000000000000e+04,-2.701300000000000000e+04,-1.598200000000000000e+04,1.947200000000000000e+04,-1.982200000000000000e+04
-2.366400000000000000e+04,-1.677200000000000000e+04,-1.566700000000000000e+04,-1.645100000000000000e+04,-1.396000000000000000e+04,-1.857900000000000000e+04,-1.850800000000000000e+04,1.714500000000000000e+04
-2.940000000000000000e+04,-9.640000000000000000e+03,-1.405800000000000000e+04,1.161200000000000000e+04,-1.889700000000000000e+04,-9.590000000000000000e+02,-2.655600000000000000e+04,-1.756900000000000000e+04
-1.146600000000000000e+04,-1.889200000000000000e+04,-1.573500000000000000e+04,-1.750000000000000000e+03,-1.279600000000000000e+04,1.589700000000000000e+04,-1.758900000000000000e+04,-1.752700000000000000e+04
-8.456000000000000000e+03,-1.084900000000000000e+04,-1.226800000000000000e+04,7.521000000000000000e+03,-1.170000000000000000e+04,-6.650000000000000000e+02,-1.759200000000000000e+04,-1.248800000000000000e+04
-2.367700000000000000e+04,-1.452800000000000000e+04,-1.481300000000000000e+04,-1.772800000000000000e+04,-1.896000000000000000e+04,-1.462900000000000000e+04,1.638800000000000000e+04,-2.659400000000000000e+04
-2.144300000000000000e+04,-1.441100000000000000e+04,5.892000000000000000e+03,-2.499800000000000000e+04,-1.469700000000000000e+04,-2.099800000000000000e+04,-1.934800000000000000e+04,4.614000000000000000e+03
1.097000000000000000e+04,-1.870000000000000000e+04,-1.745100000000000000e+04,2.931000000000000000e+03,-1.740300000000000000e+04,-2.685500000000000000e+04,-1.767900000000000000e+04,-2.313700000000000000e+04
-8.201000000000000000e+03,-1.256200000000000000e+04,1.578000000000000000e+04,-2.468700000000000000e+04,-5.090000000000000000e+03,-2.154000000000000000e+04,-1.775200000000000000e+04,-1.889900000000000000e+04
-2.195300000000000000e+04,-1.394500000000000000e+04,-2.075200000000000000e+04,-1.396300000000000000e+04,-1.136800000000000000e+04,-2.181200000000000000e+04,1.922200000000000000e+04,-1.434800000000000000e+04
-1.444900000000000000e+04,-1.964200000000000000e+04,-1.880900000000000000e+04,8.672000000000000000e+03,-1.830900000000000000e+04,-1.774000000000000000e+04,-1.319400000000000000e+04,-2.330300000000000000e+04
-2.545800000000000000e+04,-1.260500000000000000e+04,-2.027700000000000000e+04,-2.646200000000000000e+04,-1.122100000000000000e+04,-2.169700000000000000e+04,6.745000000000000000e+03,-7.726000000000000000e+03
-1.071700000000000000e+04,-1.591000000000000000e+04,-1.761300000000000000e+04,-9.490000000000000000e+02,-8.712000000000000000e+03,-6.337000000000000000e+03,-1.952200000000000000e+04,-1.696900000000000000e+04
-2.554700000000000000e+04,-1.389300000000000000e+04,-1.534300000000000000e+04,-1.393200000000000000e+04,-1.610700000000000000e+04,-1.984800000000000000e+04,-1.015700000000000000e+04,1.583900000000000000e+04
-7.611000000000000000e+03,-3.010000000000000000e+03,-1.582200000000000000e+04,-9.340000000000000000e+03,-1.273400000000000000e+04,-6.800000000000000000e+03,5.257000000000000000e+03,-1.465600000000000000e+04
-1.381100000000000000e+04,-2.253300000000000000e+04,-1.543000000000000000e+04,-1.746700000000000000e+04,-1.920200000000000000e+04,1.506300000000000000e+04,-2.061600000000000000e+04,-1.729600000000000000e+04
-1.598800000000000000e+04,-1.466000000000000000e+04,-1.425400000000000000e+04,-1.866100000000000000e+04,-2.870600000000000000e+04,-2.073500000000000000e+04,2.173200000000000000e+04,-2.228400000000000000e+04
-1.884300000000000000e+04,-1.662400000000000000e+04,-1.384800000000000000e+04,-1.660900000000000000e+04,-1.364100000000000000e+04,-2.170100000000000000e+04,-1.936500000000000000e+04,1.576300000000000000e+04
-5.673000000000000000e+03,-1.689200000000000000e+04,-1.234600000000000000e+04,-1.008200000000000000e+04,-6.460000000000000000e+02,-1.115800000000000000e+04,-1.769300000000000000e+04,-2.290100000000000000e+04
-1.527000000000000000e+04,-2.008400000000000000e+04,-1.603500000000000000e+04,1.989100000000000000e+04,-2.219700000000000000e+04,-9.100000000000000000e+01,-1.858400000000000000e+04,-2.980000000000000000e+04
-2.370800000000000000e+04,2.649400000000000000e+04,-2.274900000000000000e+04,-7.916000000000000000e+03,-2.307000000000000000e+04,-3.087900000000000000e+04,-2.060600000000000000e+04,-1.651500000000000000e+04
-1.501500000000000000e+04,-1.914100000000000000e+04,-1.657700000000000000e+04,1.648000000000000000e+04,-2.745800000000000000e+04,-2.301100000000000000e+04,-1.481100000000000000e+04,-2.620300000000000000e+04
-2.187100000000000000e+04,-9.227000000000000000e+03,-1.761100000000000000e+04,-1.976700000000000000e+04,-2.059800000000000000e+04,-9.298000000000000000e+03,1.603400000000000000e+04,-2.446300000000000000e+04
1.773500000000000000e+04,-1.944400000000000000e+04,-2.071600000000000000e+04,-5.730000000000000000e+02,-3.612400000000000000e+04,-1.100300000000000000e+04,-2.287400000000000000e+04,-2.519000000000000000e+04
-1.258200000000000000e+04,-1.822500000000000000e+04,-1.168400000000000000e+04,-6.940000000000000000e+03,-1.173000000000000000e+04,1.276700000000000000e+04,-1.674900000000000000e+04,-1.680400000000000000e+04
-1.459900000000000000e+04,2.420900000000000000e+04,-1.936200000000000000e+04,-3.221300000000000000e+04,-2.254100000000000000e+04,-2.825400000000000000e+04,-1.686400000000000000e+04,-2.708200000000000000e+04
-1.390200000000000000e+04,-1.375300000000000000e+04,-1.604300000000000000e+04,-1.878900000000000000e+04,-1.552200000000000000e+04,-2.361600000000000000e+04,-1.836000000000000000e+04,1.596700000000000000e+04
-2.411100000000000000e+04,-1.298500000000000000e+04,-1.820700000000000000e+04,-2.131800000000000000e+04,-1.457500000000000000e+04,-2.872900000000000000e+04,-1.751700000000000000e+04,2.098000000000000000e+04
-4.974000000000000000e+03,3.189800000000000000e+04,-1.945600000000000000e+04,-1.491700000000000000e+04,-2.953200000000000000e+04,-3.391800000000000000e+04,-1.814200000000000000e+04,-2.113000000000000000e+04
-2.031000000000000000e+03,-1.519900000000000000e+04,-1.611000000000000000e+04,5.410000000000000000e+03,-2.019600000000000000e+04,-5.659000000000000000e+03,-1.718700000000000000e+04,-2.564500000000000000e+04
-8.619000000000000000e+03,-1.858000000000000000e+04,-2.606700000000000000e+04,4.126000000000000000e+03,-2.724400000000000000e+04,4.923000000000000000e+03,-1.856500000000000000e+04,-2.933800000000000000e+04
-2.253900000000000000e+04,-1.733900000000000000e+04,-1.414000000000000000e+04,-1.130200000000000000e+04,-1.561800000000000000e+04,-2.720400000000000000e+04,-1.807800000000000000e+04,1.651500000000000000e+04
-1.153000000000000000e+04,-1.738400000000000000e+04,-8.802000000000000000e+03,-9.695000000000000000e+03,4.357000000000000000e+03,-2.195300000000000000e+04,-1.677800000000000000e+04,-1.908300000000000000e+04
5.417000000000000000e+03,-8.921000000000000000e+03,-2.157500000000000000e+04,-9.470000000000000000e+03,-1.350100000000000000e+04,-7.770000000000000000e+03,-1.276600000000000000e+04,-1.604900000000000000e+04
-1.696800000000000000e+04,-1.469700000000000000e+04,-1.806200000000000000e+04,1.450000000000000000e+02,-9.256000000000000000e+03,-1.857900000000000000e+04,5.230000000000000000e+03,-1.583800000000000000e+04
7.856000000000000000e+03,-1.214000000000000000e+04,-2.216000000000000000e+04,-1.304900000000000000e+04,-2.778600000000000000e+04,-2.899000000000000000e+03,-1.383700000000000000e+04,-2.263200000000000000e+04
-1.579900000000000000e+04,-1.685500000000000000e+04,-1.336600000000000000e+04,-1.688000000000000000e+04,7.467000000000000000e+03,-2.435200000000000000e+04,-2.065400000000000000e+04,-1.931000000000000000e+04
-1.098500000000000000e+04,1.000500000000000000e+04,-2.255300000000000000e+04,-1.125500000000000000e+04,-1.570500000000000000e+04,-2.267500000000000000e+04,-1.342300000000000000e+04,-1.974300000000000000e+04
-2.063200000000000000e+04,3.122900000000000000e+04,-1.768900000000000000e+04,-1.722300000000000000e+04,-2.681900000000000000e+04,-3.581000000000000000e+04,-1.820000000000000000e+04,-1.709800000000000000e+04
-2.134500000000000000e+04,-1.455900000000000000e+04,-1.544300000000000000e+04,-2.820200000000000000e+04,-1.271100000000000000e+04,-3.279500000000000000e+04,-1.265600000000000000e+04,1.639800000000000000e+04
-2.052600000000000000e+04,-1.417400000000000000e+04,-1.079700000000000000e+04,4.742000000000000000e+03,-3.529200000000000000e+04,-6.391000000000000000e+03,-2.657200000000000000e+04,-2.353300000000000000e+04
-2.651400000000000000e+04,2.173400000000000000e+04,-1.074900000000000000e+04,-2.315700000000000000e+04,-3.034700000000000000e+04,-2.977000000000000000e+04,-1.067800000000000000e+04,-2.278700000000000000e+04
-1.760200000000000000e+04,1.928000000000000000e+04,-2.450600000000000000e+04,-1.707800000000000000e+04,-2.094000000000000000e+04,-1.853300000000000000e+04,-1.786400000000000000e+04,-1.599600000000000000e+04
-2.021600000000000000e+04,-1.456800000000000000e+04,-2.027500000000000000e+04,-1.736400000000000000e+04,-2.683700000000000000e+04,-1.778900000000000000e+04,2.624600000000000000e+04,-1.906800000000000000e+04
-1.186300000000000000e+04,-1.509900000000000000e+04,-1.828700000000000000e+04,7.261000000000000000e+03,-1.741500000000000000e+04,-5.995000000000000000e+03,-1.821600000000000000e+04,-2.238700000000000000e+04
-1.647400000000000000e+04,-2.361300000000000000e+04,-1.875000000000000000e+03,-4.970000000000000000e+03,-2.451600000000000000e+04,-2.938000000000000000e+04,8.820000000000000000e+02,-2.490300000000000000e+04
1.690700000000000000e+04,-1.644200000000000000e+04,-1.347800000000000000e+04,-2.449200000000000000e+04,-2.435900000000000000e+04,-2.022500000000000000e+04,-1.987600000000000000e+04,-2.570200000000000000e+04
-2.887800000000000000e+04,-1.222800000000000000e+04,-1.514600000000000000e+04,-1.550700000000000000e+04,-2.606200000000000000e+04,-1.859100000000000000e+04,1.387900000000000000e+04,-3.074700000000000000e+04
-2.616200000000000000e+04,3.527000000000000000e+04,-1.640100000000000000e+04,-2.593800000000000000e+04,-2.188400000000000000e+04,-3.133200000000000000e+04,-1.899700000000000000e+04,-1.943600000000000000e+04
-1.545300000000000000e+04,-2.354400000000000000e+04,-1.913700000000000000e+04,-1.700600000000000000e+04,-2.093700000000000000e+04,6.104000000000000000e+03,-8.353000000000000000e+03,-2.284100000000000000e+04
-1.653100000000000000e+04,2.054500000000000000e+04,-2.295600000000000000e+04,-2.313300000000000000e+04,-1.395100000000000000e+04,-2.579800000000000000e+04,-1.895500000000000000e+04,-1.461000000000000000e+04
-1.375900000000000000e+04,-1.487800000000000000e+04,1.627200000000000000e+04,-2.326900000000000000e+04,-1.890500000000000000e+04,-3.878100000000000000e+04,-1.960800000000000000e+04,-1.641900000000000000e+04
-1.934800000000000000e+04,-1.518300000000000000e+04,-1.505300000000000000e+04,-1.470600000000000000e+04,-1.455700000000000000e+04,-1.811600000000000000e+04,-1.307200000000000000e+04,1.774200000000000000e+04
-1.206900000000000000e+04,-1.224100000000000000e+04,-1.485600000000000000e+04,2.983000000000000000e+03,-1.864200000000000000e+04,4.799000000000000000e+03,-1.899600000000000000e+04,-1.444500000000000000e+04
-2.883800000000000000e+04,-2.364000000000000000e+04,2.412500000000000000e+04,-2.117500000000000000e+04,-1.788100000000000000e+04,-2.402700000000000000e+04,-2.274100000000000000e+04,-1.742400000000000000e+04
-1.594900000000000000e+04,-7.300000000000000000e+03,-1.762400000000000000e+04,-2.008000000000000000e+04,-7.476000000000000000e+03,-2.301100000000000000e+04,1.957700000000000000e+04,-1.962400000000000000e+04
-5.445000000000000000e+03,-1.658700000000000000e+04,-2.316200000000000000e+04,-1.315000000000000000e+03,-4.145000000000000000e+03,-5.785000000000000000e+03,-1.293100000000000000e+04,-2.053600000000000000e+04
-1.859500000000000000e+04,-1.606100000000000000e+04,-1.985600000000000000e+04,1.461100000000000000e+04,-2.488700000000000000e+04,-7.996000000000000000e+03,-2.506100000000000000e+04,-2.417400000000000000e+04
-2.134300000000000000e+04,-1.612400000000000000e+04,-1.524400000000000000e+04,-1.869900000000000000e+04,-9.958000000000000000e+03,-2.813200000000000000e+04,-1.220100000000000000e+04,1.444700000000000000e+04
-1.752800000000000000e+04,-1.908500000000000000e+04,-1.024200000000000000e+04,-1.342500000000000000e+04,-2.471200000000000000e+04,-2.551200000000000000e+04,9.595000000000000000e+03,-2.187100000000000000e+04
-9.093000000000000000e+03,-1.776600000000000000e+04,-1.262300000000000000e+04,-1.032100000000000000e+04,1.553100000000000000e+04,-1.879400000000000000e+04,-2.143600000000000000e+04,-1.813800000000000000e+04
-1.984400000000000000e+04,-2.111300000000000000e+04,1.065000000000000000e+03,-2.043000000000000000e+04,-2.402900000000000000e+04,-2.191500000000000000e+04,5.403000000000000000e+03,-2.639700000000000000e+04
-5.257000000000000000e+03,-1.691100000000000000e+04,-1.180900000000000000e+04,7.050000000000000000e+03,-1.569100000000000000e+04,-1.453300000000000000e+04,-1.373300000000000000e+04,-2.060200000000000000e+04
-1.824200000000000000e+04,-1.736700000000000000e+04,5.315000000000000000e+03,-9.322000000000000000e+03,-4.007000000000000000e+03,-2.010200000000000000e+04,-1.849500000000000000e+04,-1.935500000000000000e+04
-2.710500000000000000e+04,1.905200000000000000e+04,-2.345800000000000000e+04,-2.168500000000000000e+04,-2.767700000000000000e+04,-2.163400000000000000e+04,-1.704800000000000000e+04,-2.352000000000000000e+04
-3.585000000000000000e+03,3.146000000000000000e+04,-2.246100000000000000e+04,-2.151500000000000000e+04,-2.966100000000000000e+04,-4.005300000000000000e+04,-2.159300000000000000e+04,-2.155100000000000000e+04
-1.763000000000000000e+04,-1.821300000000000000e+04,-1.595500000000000000e+04,-2.554600000000000000e+04,-1.957200000000000000e+04,-1.972700000000000000e+04,1.977900000000000000e+04,-1.775300000000000000e+04
-2.417100000000000000e+04,-1.286900000000000000e+04,-1.821900000000000000e+04,-2.485000000000000000e+03,-2.620300000000000000e+04,-2.036400000000000000e+04,6.204000000000000000e+03,-2.772100000000000000e+04
-2.418500000000000000e+04,4.016200000000000000e+04,-2.091800000000000000e+04,-2.671200000000000000e+04,-1.721500000000000000e+04,-2.731700000000000000e+04,-2.650700000000000000e+04,-1.822000000000000000e+04
-2.008600000000000000e+04,-1.984100000000000000e+04,-2.661800000000000000e+04,-1.431600000000000000e+04,2.209900000000000000e+04,-1.843600000000000000e+04,-1.779600000000000000e+04,-1.743800000000000000e+04
3.525000000000000000e+03,-1.490600000000000000e+04,-2.051300000000000000e+04,-9.566000000000000000e+03,-3.227900000000000000e+04,-8.313000000000000000e+03,-1.895600000000000000e+04,-2.558100000000000000e+04
-8.742000000000000000e+03,-2.227100000000000000e+04,-2.191800000000000000e+04,-1.161200000000000000e+04,1.697600000000000000e+04,-1.389200000000000000e+04,-2.263200000000000000e+04,-2.126400000000000000e+04
-1.016800000000000000e+04,2.356800000000000000e+04,-2.204500000000000000e+04,-9.252000000000000000e+03,-2.090900000000000000e+04,-2.868500000000000000e+04,-1.571800000000000000e+04,-2.005400000000000000e+04
-1.231300000000000000e+04,-1.549200000000000000e+04,-2.367600000000000000e+04,-2.310800000000000000e+04,-2.406100000000000000e+04,-2.015000000000000000e+04,2.200500000000000000e+04,-2.521300000000000000e+04
-1.160200000000000000e+04,-2.322100000000000000e+04,-2.087000000000000000e+04,-6.921000000000000000e+03,-1.453900000000000000e+04,-1.645400000000000000e+04,7.500000000000000000e+02,-1.952800000000000000e+04
1.020100000000000000e+04,-1.063400000000000000e+04,-2.305400000000000000e+04,9.576000000000000000e+03,-2.837000000000000000e+04,-2.206500000000000000e+04,-1.909500000000000000e+04,-2.333200000000000000e+04
-1.291300000000000000e+04,-1.908400000000000000e+04,-1.540000000000000000e+04,5.739000000000000000e+03,-5.259000000000000000e+03,-1.982000000000000000e+03,-2.111200000000000000e+04,-1.653000000000000000e+04
-2.854000000000000000e+04,-1.978500000000000000e+04,-1.383200000000000000e+04,-9.801000000000000000e+03,-2.165400000000000000e+04,-1.495800000000000000e+04,1.207700000000000000e+04,-1.214800000000000000e+04
-1.227000000000000000e+03,-8.163000000000000000e+03,-1.982300000000000000e+04,-1.102600000000000000e+04,-1.759400000000000000e+04,3.026000000000000000e+03,-2.383200000000000000e+04,-1.957400000000000000e+04
-1.423700000000000000e+04,-1.790300000000000000e+04,-1.615300000000000000e+04,1.496400000000000000e+04,-3.014000000000000000e+04,-5.376000000000000000e+03,-2.178700000000000000e+04,-2.809500000000000000e+04
-1.335000000000000000e+04,-2.901500000000000000e+04,-1.768400000000000000e+04,-7.173000000000000000e+03,-1.165800000000000000e+04,2.316200000000000000e+04,-2.190200000000000000e+04,-2.193100000000000000e+04
-2.043300000000000000e+04,-1.819700000000000000e+04,1.585100000000000000e+04,-1.323400000000000000e+04,-1.025900000000000000e+04,-2.136700000000000000e+04,-1.959500000000000000e+04,-1.764700000000000000e+04
-8.299000000000000000e+03,1.299500000000000000e+04,-1.958200000000000000e+04,-9.327000000000000000e+03,-1.396100000000000000e+04,-2.818000000000000000e+04,-1.900000000000000000e+04,-2.198600000000000000e+04
-1.759400000000000000e+04,-1.628800000000000000e+04,-1.303300000000000000e+04,-2.568800000000000000e+04,1.629900000000000000e+04,-2.543900000000000000e+04,-2.569200000000000000e+04,-1.824800000000000000e+04
-2.179400000000000000e+04,-1.384800000000000000e+04,-1.734000000000000000e+04,-1.920400000000000000e+04,-1.691400000000000000e+04,-2.600900000000000000e+04,-1.540700000000000000e+04,1.976000000000000000e+04
-1.318600000000000000e+04,-1.320200000000000000e+04,-1.556300000000000000e+04,-1.951000000000000000e+04,-2.023400000000000000e+04,-2.749400000000000000e+04,-1.088000000000000000e+04,1.611400000000000000e+04
2.533000000000000000e+03,-1.930100000000000000e+04,-7.295000000000000000e+03,6.367000000000000000e+03,-2.433900000000000000e+04,-1.769200000000000000e+04,-1.819100000000000000e+04,-2.612800000000000000e+04
-2.229700000000000000e+04,2.050200000000000000e+04,-1.970600000000000000e+04,-1.809300000000000000e+04,-1.655300000000000000e+04,-1.016800000000000000e+04,-1.941600000000000000e+04,-1.418300000000000000e+04
-1.642800000000000000e+04,2.531900000000000000e+04,-2.272200000000000000e+04,-1.073400000000000000e+04,-2.646300000000000000e+04,-4.725000000000000000e+04,-7.662000000000000000e+03,-1.853300000000000000e+04
-2.600900000000000000e+04,-1.337300000000000000e+04,-1.060900000000000000e+04,-2.619300000000000000e+04,-1.761400000000000000e+04,-2.476600000000000000e+04,-1.558900000000000000e+04,1.167700000000000000e+04
-4.810600000000000000e+04,-3.031500000000000000e+04,3.825700000000000000e+04,-1.735500000000000000e+04,-2.307500000000000000e+04,-1.375300000000000000e+04,-1.377000000000000000e+04,-1.892500000000000000e+04
-2.908500000000000000e+04,-1.681000000000000000e+04,-2.634100000000000000e+04,-6.383000000000000000e+03,-2.498200000000000000e+04,-1.602100000000000000e+04,2.338300000000000000e+04,-2.718200000000000000e+04
-1.722900000000000000e+04,-2.036000000000000000e+04,1.726500000000000000e+04,-2.948700000000000000e+04,-1.819200000000000000e+04,-3.143200000000000000e+04,-1.169600000000000000e+04,-1.921500000000000000e+04
-2.632500000000000000e+04,2.623200000000000000e+04,-1.563900000000000000e+04,-2.315900000000000000e+04,-2.643000000000000000e+04,-2.320900000000000000e+04,-1.373400000000000000e+04,-2.781900000000000000e+04
-1.154000000000000000e+04,-8.646000000000000000e+03,-1.156800000000000000e+04,3.568000000000000000e+03,-1.356800000000000000e+04,-3.514000000000000000e+03,-7.868000000000000000e+03,-8.003000000000000000e+03
-2.769400000000000000e+04,2.416600000000000000e+04,-2.206100000000000000e+04,-2.386000000000000000e+04,-1.750700000000000000e+04,-1.189200000000000000e+04,-2.042900000000000000e+04,-1.466200000000000000e+04
-9.480000000000000000e+03,8.450000000000000000e+02,-1.714300000000000000e+04,-3.663100000000000000e+04,-1.897800000000000000e+04,-1.640300000000000000e+04,-4.022000000000000000e+03,-2.315600000000000000e+04
-3.165000000000000000e+04,-1.510200000000000000e+04,-2.147500000000000000e+04,-1.751400000000000000e+04,-1.482900000000000000e+04,-1.434200000000000000e+04,1.967400000000000000e+04,-1.437900000000000000e+04
-2.088800000000000000e+04,-1.321500000000000000e+04,-1.048000000000000000e+04,-1.629900000000000000e+04,-1.472800000000000000e+04,-2.153900000000000000e+04,-1.614800000000000000e+04,1.394100000000000000e+04
-1.821400000000000000e+04,2.575700000000000000e+04,-1.929300000000000000e+04,-2.541600000000000000e+04,-2.888600000000000000e+04,-3.663900000000000000e+04,-1.372300000000000000e+04,-2.275600000000000000e+04
-2.255200000000000000e+04,-1.979200000000000000e+04,-1.878700000000000000e+04,-2.014300000000000000e+04,-1.879100000000000000e+04,-2.327900000000000000e+04,2.169600000000000000e+04,-2.644500000000000000e+04
-2.051300000000000000e+04,-2.060600000000000000e+04,3.004800000000000000e+04,-2.958700000000000000e+04,-2.313800000000000000e+04,-2.697300000000000000e+04,-1.901800000000000000e+04,-1.920700000000000000e+04
-2.146300000000000000e+04,-2.155700000000000000e+04,-1.120100000000000000e+04,-2.417600000000000000e+04,-3.043500000000000000e+04,-2.080800000000000000e+04,2.139100000000000000e+04,-2.691400000000000000e+04
4.780000000000000000e+03,-1.114200000000000000e+04,-1.599000000000000000e+04,-1.366700000000000000e+04,-3.629000000000000000e+03,-2.431000000000000000e+03,-2.046200000000000000e+04,-1.984700000000000000e+04
-4.393000000000000000e+03,-1.245000000000000000e+04,-1.360700000000000000e+04,-2.021000000000000000e+03,5.986000000000000000e+03,-9.403000000000000000e+03,-2.217300000000000000e+04,-1.150800000000000000e+04
-1.870800000000000000e+04,-1.454100000000000000e+04,-2.004700000000000000e+04,3.288000000000000000e+03,-1.954000000000000000e+04,-2.351000000000000000e+03,-1.722500000000000000e+04,-1.596200000000000000e+04
-2.739700000000000000e+04,-1.574500000000000000e+04,-1.961200000000000000e+04,-2.561700000000000000e+04,-1.712100000000000000e+04,-2.405400000000000000e+04,-1.587300000000000000e+04,2.102000000000000000e+04
-3.042700000000000000e+04,-1.802000000000000000e+04,-1.059100000000000000e+04,-2.040400000000000000e+04,-2.456000000000000000e+04,-1.520400000000000000e+04,2.346800000000000000e+04,-2.332400000000000000e+04
-2.012500000000000000e+04,-2.234200000000000000e+04,-1.247000000000000000e+04,-9.392000000000000000e+03,-1.395500000000000000e+04,2.458200000000000000e+04,-1.580200000000000000e+04,-1.657700000000000000e+04
-2.440200000000000000e+04,-2.398000000000000000e+04,1.713400000000000000e+04,-2.338200000000000000e+04,-9.697000000000000000e+03,-2.086700000000000000e+04,-1.908600000000000000e+04,-1.678200000000000000e+04
9.101000000000000000e+03,-1.477000000000000000e+04,-2.125500000000000000e+04,-9.230000000000000000e+03,-1.905700000000000000e+04,-8.540000000000000000e+03,-1.651400000000000000e+04,-2.002100000000000000e+04
-1.764400000000000000e+04,-1.314900000000000000e+04,-1.452200000000000000e+04,-1.607800000000000000e+04,-1.439900000000000000e+04,-2.410200000000000000e+04,-1.741600000000000000e+04,1.509600000000000000e+04
-1.771300000000000000e+04,-1.441700000000000000e+04,-1.694200000000000000e+04,-2.435400000000000000e+04,-1.261500000000000000e+04,-1.870800000000000000e+04,2.118900000000000000e+04,-2.227100000000000000e+04
-2.119800000000000000e+04,-1.526000000000000000e+04,-1.701600000000000000e+04,-1.916700000000000000e+04,-1.444100000000000000e+04,-2.244000000000000000e+04,-1.980100000000000000e+04,1.932800000000000000e+04
-8.985000000000000000e+03,-1.634700000000000000e+04,-1.645100000000000000e+04,-1.367200000000000000e+04,9.735000000000000000e+03,-9.016000000000000000e+03,-1.451400000000000000e+04,-1.678400000000000000e+04
-2.478400000000000000e+04,-1.238300000000000000e+04,-1.598100000000000000e+04,-1.717600000000000000e+04,-1.480700000000000000e+04,-2.774600000000000000e+04,-1.662100000000000000e+04,1.785100000000000000e+04
-2.770800000000000000e+04,-1.086000000000000000e+04,-1.289800000000000000e+04,-1.220000000000000000e+04,-1.970800000000000000e+04,-2.593600000000000000e+04,-2.148900000000000000e+04,1.644700000000000000e+04
-1.642100000000000000e+04,2.134500000000000000e+04,-1.369300000000000000e+04,-1.789200000000000000e+04,-1.767600000000000000e+04,-2.458500000000000000e+04,-1.797000000000000000e+04,-2.236800000000000000e+04
-3.484200000000000000e+04,2.077900000000000000e+04,-1.645200000000000000e+04,-2.320700000000000000e+04,-2.528500000000000000e+04,-2.536800000000000000e+04,-7.811000000000000000e+03,-2.192700000000000000e+04
-1.414900000000000000e+04,-1.288400000000000000e+04,-1.386500000000000000e+04,-2.119500000000000000e+04,-1.952900000000000000e+04,-3.440200000000000000e+04,-1.547500000000000000e+04,1.773300000000000000e+04
-1.765100000000000000e+04,-1.359800000000000000e+04,-1.954100000000000000e+04,-2.485600000000000000e+04,-1.995500000000000000e+04,-2.579600000000000000e+04,1.912600000000000000e+04,-1.976100000000000000e+04
-1.569400000000000000e+04,-2.018400000000000000e+04,-1.742100000000000000e+04,6.162000000000000000e+03,-7.381000000000000000e+03,-1.228000000000000000e+04,-1.288400000000000000e+04,-1.987100000000000000e+04
-1.843900000000000000e+04,2.980200000000000000e+04,-2.565200000000000000e+04,-2.348100000000000000e+04,-2.736000000000000000e+04,-3.698400000000000000e+04,-1.106900000000000000e+04,-2.222100000000000000e+04
-2.708600000000000000e+04,-1.772000000000000000e+04,2.054000000000000000e+04,-1.501000000000000000e+04,-8.131000000000000000e+03,-1.908900000000000000e+04,-1.894100000000000000e+04,-1.621900000000000000e+04
-1.409300000000000000e+04,-1.491700000000000000e+04,-1.322900000000000000e+04,1.396400000000000000e+04,-7.907000000000000000e+03,-1.246000000000000000e+04,-1.935900000000000000e+04,-2.288300000000000000e+04
-1.845100000000000000e+04,-1.143100000000000000e+04,-1.153500000000000000e+04,4.605000000000000000e+03,-1.572700000000000000e+04,-4.049000000000000000e+03,-1.823800000000000000e+04,-1.436400000000000000e+04
-1.632500000000000000e+04,-2.724000000000000000e+04,-1.397500000000000000e+04,-5.920000000000000000e+03,-2.056300000000000000e+04,1.400000000000000000e+04,-1.866600000000000000e+04,-2.212800000000000000e+04
-1.406700000000000000e+04,-2.446900000000000000e+04,-1.318200000000000000e+04,-4.853000000000000000e+03,1.003000000000000000e+04,-2.178200000000000000e+04,-1.499700000000000000e+04,-1.278300000000000000e+04
-1.922100000000000000e+04,-1.847500000000000000e+04,-1.663200000000000000e+04,-1.113700000000000000e+04,9.412000000000000000e+03,-2.064900000000000000e+04,-1.846200000000000000e+04,-2.074100000000000000e+04
-1.645300000000000000e+04,-1.722500000000000000e+04,-1.877800000000000000e+04,-1.739900000000000000e+04,-2.110800000000000000e+04,-2.171500000000000000e+04,7.558000000000000000e+03,-2.754300000000000000e+04
-2.453000000000000000e+04,8.367000000000000000e+03,-2.508100000000000000e+04,-1.594300000000000000e+04,-2.118600000000000000e+04,-2.120800000000000000e+04,-6.786000000000000000e+03,-1.383500000000000000e+04
-2.048500000000000000e+04,-1.507300000000000000e+04,-1.714000000000000000e+04,-1.790900000000000000e+04,-1.582400000000000000e+04,-2.527000000000000000e+04,-1.666800000000000000e+04,1.701700000000000000e+04
-2.316100000000000000e+04,3.446500000000000000e+04,-2.698500000000000000e+04,-2.766800000000000000e+04,-2.290000000000000000e+04,-3.795700000000000000e+04,-1.293200000000000000e+04,-2.192900000000000000e+04
-1.607000000000000000e+04,1.342000000000000000e+04,-2.025500000000000000e+04,-1.067600000000000000e+04,-2.783100000000000000e+04,-3.410500000000000000e+04,-1.240900000000000000e+04,-2.422800000000000000e+04
-2.701300000000000000e+04,-9.908000000000000000e+03,-7.553000000000000000e+03,-1.166000000000000000e+04,-2.027700000000000000e+04,-1.986600000000000000e+04,-2.021700000000000000e+04,1.558500000000000000e+04
2.361700000000000000e+04,-1.672000000000000000e+04,-2.068400000000000000e+04,-1.546500000000000000e+04,-2.020400000000000000e+04,-1.766400000000000000e+04,-1.504900000000000000e+04,-2.691100000000000000e+04
-3.417600000000000000e+04,-1.296300000000000000e+04,-1.175900000000000000e+04,-1.697100000000000000e+04,-1.211600000000000000e+04,-2.161200000000000000e+04,-1.098900000000000000e+04,1.277000000000000000e+04
-2.994200000000000000e+04,-1.496300000000000000e+04,-1.601500000000000000e+04,-2.309300000000000000e+04,-2.650600000000000000e+04,-2.171700000000000000e+04,1.996500000000000000e+04,-2.752300000000000000e+04
-1.534000000000000000e+03,-2.111300000000000000e+04,-1.178900000000000000e+04,3.792000000000000000e+03,-1.918300000000000000e+04,-5.979000000000000000e+03,-2.635400000000000000e+04,-1.671800000000000000e+04
-1.824800000000000000e+04,-1.833600000000000000e+04,-1.336200000000000000e+04,-2.356300000000000000e+04,-1.728600000000000000e+04,-2.632900000000000000e+04,1.471800000000000000e+04,-2.604300000000000000e+04
-1.741700000000000000e+04,-2.189200000000000000e+04,1.396900000000000000e+04,-2.814700000000000000e+04,-9.394000000000000000e+03,-2.499300000000000000e+04,-2.588100000000000000e+04,-1.115100000000000000e+04
-2.291000000000000000e+04,-1.561200000000000000e+04,-1.535100000000000000e+04,-1.486700000000000000e+04,-1.462800000000000000e+04,-2.193900000000000000e+04,-1.545700000000000000e+04,1.677900000000000000e+04
-2.882700000000000000e+04,-5.125000000000000000e+03,-1.832000000000000000e+04,-3.325500000000000000e+04,-2.662600000000000000e+04,-1.944500000000000000e+04,1.431800000000000000e+04,-2.710800000000000000e+04
-1.837900000000000000e+04,-1.435600000000000000e+04,-1.873300000000000000e+04,-1.902600000000000000e+04,-1.668300000000000000e+04,-2.773500000000000000e+04,-1.379800000000000000e+04,1.711300000000000000e+04
-1.785100000000000000e+04,-1.604300000000000000e+04,-1.514000000000000000e+04,-2.273800000000000000e+04,2.631500000000000000e+04,-2.522000000000000000e+04,-2.409400000000000000e+04,-1.651300000000000000e+04
-3.142400000000000000e+04,3.364600000000000000e+04,-1.989800000000000000e+04,-2.212400000000000000e+04,-1.806500000000000000e+04,-3.631600000000000000e+04,-1.601100000000000000e+04,-1.828800000000000000e+04
-1.385500000000000000e+04,-1.532100000000000000e+04,-2.602100000000000000e+04,-4.871000000000000000e+03,-1.812700000000000000e+04,-8.116000000000000000e+03,-5.399000000000000000e+03,-2.102800000000000000e+04
-1.902100000000000000e+04,-1.223800000000000000e+04,-1.139200000000000000e+04,-2.069700000000000000e+04,-1.414500000000000000e+04,-3.335100000000000000e+04,-1.331200000000000000e+04,1.262900000000000000e+04
-1.709100000000000000e+04,2.224700000000000000e+04,-1.132700000000000000e+04,-2.414000000000000000e+04,-2.682200000000000000e+04,-2.991900000000000000e+04,-1.443400000000000000e+04,-2.431900000000000000e+04
-1.687200000000000000e+04,-2.192500000000000000e+04,1.173600000000000000e+04,-1.937900000000000000e+04,-1.245100000000000000e+04,-1.372800000000000000e+04,-2.008300000000000000e+04,-1.593400000000000000e+04
-3.337400000000000000e+04,-1.165200000000000000e+04,-1.598900000000000000e+04,7.633000000000000000e+03,-1.583700000000000000e+04,7.306000000000000000e+03,-6.013000000000000000e+03,-1.966200000000000000e+04
-9.839000000000000000e+03,-1.854800000000000000e+04,-1.936000000000000000e+04,-1.975000000000000000e+04,-2.014900000000000000e+04,-2.167800000000000000e+04,1.755400000000000000e+04,-2.253100000000000000e+04
-1.240600000000000000e+04,-2.400200000000000000e+04,-9.885000000000000000e+03,8.117000000000000000e+03,-2.819600000000000000e+04,-2.492000000000000000e+03,-2.443100000000000000e+04,-1.907100000000000000e+04
-1.982400000000000000e+04,-1.690200000000000000e+04,-1.139300000000000000e+04,-1.205000000000000000e+04,-1.375500000000000000e+04,-2.610700000000000000e+04,-1.277500000000000000e+04,1.630400000000000000e+04
-2.039900000000000000e+04,-1.442900000000000000e+04,-1.427700000000000000e+04,-1.774500000000000000e+04,-1.724300000000000000e+04,-2.668200000000000000e+04,-1.762700000000000000e+04,1.389200000000000000e+04
-1.290900000000000000e+04,-1.849600000000000000e+04,-5.562000000000000000e+03,1.503500000000000000e+04,-2.401100000000000000e+04,-2.283500000000000000e+04,-2.228900000000000000e+04,-2.075900000000000000e+04
-2.105700000000000000e+04,-1.167500000000000000e+04,-1.295500000000000000e+04,-3.172000000000000000e+03,-3.239700000000000000e+04,-1.455200000000000000e+04,1.637000000000000000e+03,-2.923400000000000000e+04
-1.643200000000000000e+04,-1.796800000000000000e+04,-1.603600000000000000e+04,-6.947000000000000000e+03,-2.044500000000000000e+04,-2.510000000000000000e+02,-2.109000000000000000e+04,-1.698800000000000000e+04
-2.360800000000000000e+04,-1.797800000000000000e+04,-1.663600000000000000e+04,-1.939900000000000000e+04,-2.748200000000000000e+04,-1.735900000000000000e+04,1.991200000000000000e+04,-2.262700000000000000e+04
2.224700000000000000e+04,-1.667500000000000000e+04,-2.459800000000000000e+04,-1.834200000000000000e+04,-1.720800000000000000e+04,-1.575100000000000000e+04,-1.902800000000000000e+04,-2.498800000000000000e+04
-2.018300000000000000e+04,-1.803900000000000000e+04,-1.371300000000000000e+04,-8.678000000000000000e+03,-2.366000000000000000e+04,1.624100000000000000e+04,-1.523500000000000000e+04,-2.413000000000000000e+04
-1.500200000000000000e+04,-8.158000000000000000e+03,-1.178900000000000000e+04,7.596000000000000000e+03,-1.426300000000000000e+04,-3.468000000000000000e+03,-1.511700000000000000e+04,-1.647600000000000000e+04
-2.405600000000000000e+04,3.089100000000000000e+04,-2.043000000000000000e+04,-3.445600000000000000e+04,-2.848200000000000000e+04,-3.397500000000000000e+04,-2.093800000000000000e+04,-2.595200000000000000e+04
-1.873800000000000000e+04,-1.677000000000000000e+04,-2.200000000000000000e+04,-2.620100000000000000e+04,-1.348400000000000000e+04,-2.495100000000000000e+04,2.178700000000000000e+04,-2.187600000000000000e+04
-1.983000000000000000e+03,-1.119700000000000000e+04,-1.624300000000000000e+04,-1.522000000000000000e+03,-1.743800000000000000e+04,-5.860000000000000000e+02,-1.539800000000000000e+04,-1.707900000000000000e+04
-9.637000000000000000e+03,2.389100000000000000e+04,-1.713600000000000000e+04,-3.157700000000000000e+04,-2.451300000000000000e+04,-2.290300000000000000e+04,-1.656100000000000000e+04,-2.152200000000000000e+04
-1.519900000000000000e+04,-1.315900000000000000e+04,-1.100000000000000000e+04,-1.641000000000000000e+04,1.088000000000000000e+04,-1.514600000000000000e+04,-1.649000000000000000e+04,-1.813800000000000000e+04
1.355900000000000000e+04,-2.315400000000000000e+04,-1.065100000000000000e+04,-1.569700000000000000e+04,-1.166300000000000000e+04,-1.984800000000000000e+04,-1.110200000000000000e+04,-2.636000000000000000e+04
-2.127200000000000000e+04,-1.305400000000000000e+04,-1.188600000000000000e+04,3.041000000000000000e+03,-1.200200000000000000e+04,-1.022000000000000000e+04,-2.316300000000000000e+04,-1.919800000000000000e+04
-2.574600000000000000e+04,-1.654900000000000000e+04,-1.212600000000000000e+04,1.467500000000000000e+04,-1.887200000000000000e+04,-1.011200000000000000e+04,-1.174800000000000000e+04,-2.262700000000000000e+04
-1.999800000000000000e+04,-1.209700000000000000e+04,-1.325600000000000000e+04,-1.260600000000000000e+04,-1.524200000000000000e+04,-2.502800000000000000e+04,-1.940800000000000000e+04,1.452300000000000000e+04
-5.239700000000000000e+04,-3.700500000000000000e+04,2.331700000000000000e+04,9.239000000000000000e+03,-1.435200000000000000e+04,-1.425100000000000000e+04,-1.372300000000000000e+04,-2.228900000000000000e+04
-1.489900000000000000e+04,-1.092800000000000000e+04,-2.330900000000000000e+04,-2.464800000000000000e+04,-2.495800000000000000e+04,-1.833800000000000000e+04,1.783900000000000000e+04,-1.661700000000000000e+04
-9.040000000000000000e+03,1.487100000000000000e+04,-1.354900000000000000e+04,-1.456400000000000000e+04,-3.302500000000000000e+04,-3.054200000000000000e+04,-8.295000000000000000e+03,-2.815200000000000000e+04
-2.216400000000000000e+04,-1.393500000000000000e+04,-1.325100000000000000e+04,-1.970500000000000000e+04,-1.300700000000000000e+04,-2.815100000000000000e+04,-1.118600000000000000e+04,1.492300000000000000e+04
-2.138700000000000000e+04,-1.912100000000000000e+04,-1.897900000000000000e+04,-1.365700000000000000e+04,-2.647900000000000000e+04,-2.735300000000000000e+04,2.735500000000000000e+04,-2.656600000000000000e+04
-1.513500000000000000e+04,-1.923700000000000000e+04,-1.705700000000000000e+04,-1.385500000000000000e+04,2.145200000000000000e+04,-2.641300000000000000e+04,-2.042600000000000000e+04,-1.886500000000000000e+04
-1.858800000000000000e+04,3.634200000000000000e+04,-2.067300000000000000e+04,-2.566700000000000000e+04,-2.744900000000000000e+04,-3.541700000000000000e+04,-1.884800000000000000e+04,-2.101300000000000000e+04
-1.153000000000000000e+04,-1.631100000000000000e+04,-1.342500000000000000e+04,-7.384000000000000000e+03,-8.052000000000000000e+03,-2.128800000000000000e+04,-9.044000000000000000e+03,-1.658100000000000000e+04
-1.517000000000000000e+04,-1.513000000000000000e+04,-1.479000000000000000e+04,-3.088100000000000000e+04,-1.855400000000000000e+04,-1.157400000000000000e+04,2.022700000000000000e+04,-1.705000000000000000e+04
8.073000000000000000e+03,-1.311500000000000000e+04,-1.391100000000000000e+04,-1.249100000000000000e+04,-9.949000000000000000e+03,-1.242000000000000000e+04,-1.664100000000000000e+04,-1.843200000000000000e+04
3.765000000000000000e+03,-5.855000000000000000e+03,-6.440000000000000000e+03,-8.039000000000000000e+03,-1.261800000000000000e+04,-1.494600000000000000e+04,-2.338900000000000000e+04,-2.039500000000000000e+04
-2.173100000000000000e+04,2.460600000000000000e+04,-1.803200000000000000e+04,-3.261700000000000000e+04,-2.011200000000000000e+04,-2.510700000000000000e+04,-1.467800000000000000e+04,-2.589700000000000000e+04
-1.842700000000000000e+04,3.101400000000000000e+04,-1.799200000000000000e+04,-2.215700000000000000e+04,-2.696900000000000000e+04,-3.378900000000000000e+04,-2.457600000000000000e+04,-1.821200000000000000e+04
-7.140000000000000000e+03,-1.288700000000000000e+04,-1.193100000000000000e+04,1.040100000000000000e+04,-2.141300000000000000e+04,-4.600000000000000000e+01,-2.369900000000000000e+04,-1.872800000000000000e+04
-2.222600000000000000e+04,-1.714600000000000000e+04,-1.300700000000000000e+04,-1.500400000000000000e+04,-1.835100000000000000e+04,-2.201200000000000000e+04,-1.616700000000000000e+04,1.812100000000000000e+04
-2.095300000000000000e+04,2.511500000000000000e+04,-2.358800000000000000e+04,-1.626400000000000000e+04,-2.255000000000000000e+04,-2.206600000000000000e+04,-1.084600000000000000e+04,-1.927700000000000000e+04
-3.329400000000000000e+04,-1.502000000000000000e+03,-1.889800000000000000e+04,-2.006800000000000000e+04,-2.545600000000000000e+04,-1.281900000000000000e+04,5.883000000000000000e+03,-2.406300000000000000e+04
-2.357200000000000000e+04,-2.415300000000000000e+04,7.648000000000000000e+03,-1.571700000000000000e+04,-1.095000000000000000e+04,-3.151900000000000000e+04,-1.287100000000000000e+04,-1.833600000000000000e+04
6.229000000000000000e+03,-1.805400000000000000e+04,-1.440000000000000000e+04,-6.150000000000000000e+02,-2.023800000000000000e+04,-9.716000000000000000e+03,-1.978800000000000000e+04,-2.518700000000000000e+04
-5.515000000000000000e+03,-1.950900000000000000e+04,-1.740900000000000000e+04,1.511800000000000000e+04,-2.751900000000000000e+04,-3.708000000000000000e+03,-1.790800000000000000e+04,-2.617600000000000000e+04
-2.051800000000000000e+04,2.805600000000000000e+04,-2.105300000000000000e+04,-2.818600000000000000e+04,-3.005900000000000000e+04,-3.288800000000000000e+04,-1.855700000000000000e+04,-2.261000000000000000e+04
-1.786100000000000000e+04,-1.499100000000000000e+04,-1.746500000000000000e+04,-2.046100000000000000e+04,-2.291400000000000000e+04,-1.613100000000000000e+04,1.819500000000000000e+04,-2.400200000000000000e+04
-3.860000000000000000e+02,-1.492300000000000000e+04,-1.743900000000000000e+04,-8.426000000000000000e+03,-1.314100000000000000e+04,4.819000000000000000e+03,-1.968200000000000000e+04,-2.676400000000000000e+04
-1.147600000000000000e+04,2.205600000000000000e+04,-1.778400000000000000e+04,-3.490000000000000000e+03,-2.692000000000000000e+04,-4.538200000000000000e+04,-2.312100000000000000e+04,-2.065700000000000000e+04
-2.484600000000000000e+04,3.634600000000000000e+04,-2.384900000000000000e+04,-2.677200000000000000e+04,-2.343700000000000000e+04,-3.230500000000000000e+04,-1.516600000000000000e+04,-1.634000000000000000e+04
-1.666300000000000000e+04,-1.612400000000000000e+04,1.404000000000000000e+04,-2.687800000000000000e+04,-1.169500000000000000e+04,-1.920800000000000000e+04,-1.594300000000000000e+04,-1.138200000000000000e+04
-1.553200000000000000e+04,-6.368000000000000000e+03,-1.527800000000000000e+04,-2.549300000000000000e+04,-1.254500000000000000e+04,-9.360000000000000000e+03,-2.500000000000000000e+01,-1.370400000000000000e+04
-2.822000000000000000e+04,-1.538200000000000000e+04,-2.016400000000000000e+04,-2.750200000000000000e+04,-1.756900000000000000e+04,-2.031500000000000000e+04,2.358000000000000000e+04,-2.203000000000000000e+04
-1.185000000000000000e+04,-1.870300000000000000e+04,-1.768000000000000000e+04,4.590000000000000000e+02,-1.370400000000000000e+04,2.871000000000000000e+03,-1.918900000000000000e+04,-1.847200000000000000e+04
-1.801500000000000000e+04,-2.079100000000000000e+04,-1.317300000000000000e+04,-2.156900000000000000e+04,1.652900000000000000e+04,-2.060000000000000000e+04,-2.750600000000000000e+04,-1.947300000000000000e+04
-1.638500000000000000e+04,-2.090000000000000000e+04,-1.600000000000000000e+04,-1.869300000000000000e+04,-1.869800000000000000e+04,-2.334500000000000000e+04,1.868300000000000000e+04,-2.430400000000000000e+04
-1.850900000000000000e+04,-2.074600000000000000e+04,-4.660000000000000000e+03,3.279000000000000000e+03,2.016000000000000000e+03,-8.747000000000000000e+03,-1.797800000000000000e+04,-1.871300000000000000e+04
-3.265500000000000000e+04,-2.869700000000000000e+04,2.232200000000000000e+04,-1.004700000000000000e+04,-2.413400000000000000e+04,-2.826900000000000000e+04,-1.116800000000000000e+04,-1.942300000000000000e+04
-6.130000000000000000e+03,-2.629800000000000000e+04,-4.503000000000000000e+03,1.090900000000000000e+04,-2.037700000000000000e+04,-1.672500000000000000e+04,-1.261000000000000000e+04,-2.262900000000000000e+04
-9.153000000000000000e+03,-2.423200000000000000e+04,-1.715700000000000000e+04,5.257000000000000000e+03,-1.344400000000000000e+04,1.348500000000000000e+04,-2.498700000000000000e+04,-2.009100000000000000e+04
1.097100000000000000e+04,-1.560500000000000000e+04,-1.697700000000000000e+04,-5.570000000000000000e+03,-1.506100000000000000e+04,-1.024200000000000000e+04,-9.409000000000000000e+03,-2.535300000000000000e+04
9.180000000000000000e+02,-6.675000000000000000e+03,-2.008000000000000000e+04,-1.070700000000000000e+04,-3.279700000000000000e+04,-9.157000000000000000e+03,-1.836400000000000000e+04,-2.272000000000000000e+04
1.341100000000000000e+04,-2.056500000000000000e+04,-2.481000000000000000e+04,-1.631300000000000000e+04,-1.857000000000000000e+04,-2.814200000000000000e+04,-1.173600000000000000e+04,-2.732700000000000000e+04
-2.324900000000000000e+04,2.578000000000000000e+04,-2.308000000000000000e+04,-1.407100000000000000e+04,-2.391600000000000000e+04,-2.740400000000000000e+04,-2.273400000000000000e+04,-2.315600000000000000e+04
-2.500100000000000000e+04,-1.715200000000000000e+04,-3.056300000000000000e+04,-2.078600000000000000e+04,-2.615200000000000000e+04,-1.173600000000000000e+04,2.743700000000000000e+04,-2.249100000000000000e+04
-1.252900000000000000e+04,-2.609600000000000000e+04,-2.244500000000000000e+04,1.494800000000000000e+04,-1.226000000000000000e+04,-2.409000000000000000e+03,-1.121100000000000000e+04,-2.420100000000000000e+04
-1.444000000000000000e+04,-1.240800000000000000e+04,-1.887900000000000000e+04,5.909000000000000000e+03,-2.469500000000000000e+04,1.410000000000000000e+02,-2.476500000000000000e+04,-1.880700000000000000e+04
-2.393300000000000000e+04,-1.500600000000000000e+04,-1.545200000000000000e+04,-1.491400000000000000e+04,-1.252000000000000000e+04,-2.511500000000000000e+04,-1.391000000000000000e+04,1.846700000000000000e+04
-1.432300000000000000e+04,-2.314500000000000000e+04,-1.245800000000000000e+04,4.363000000000000000e+03,-2.130900000000000000e+04,-1.891000000000000000e+03,-1.252100000000000000e+04,-1.832700000000000000e+04
-3.609200000000000000e+04,-1.501500000000000000e+04,-1.617400000000000000e+04,-9.242000000000000000e+03,-1.299500000000000000e+04,1.411400000000000000e+04,-1.961400000000000000e+04,-1.372300000000000000e+04
-1.654100000000000000e+04,2.495000000000000000e+04,-2.893400000000000000e+04,-1.548500000000000000e+04,-2.424800000000000000e+04,-4.426900000000000000e+04,-2.987100000000000000e+04,-1.818900000000000000e+04
-9.861000000000000000e+03,-1.257000000000000000e+04,-1.140000000000000000e+04,3.044000000000000000e+03,-1.470700000000000000e+04,-1.222700000000000000e+04,-2.287600000000000000e+04,-1.799600000000000000e+04
-2.553800000000000000e+04,-2.428600000000000000e+04,3.147700000000000000e+04,-1.756300000000000000e+04,-2.016300000000000000e+04,-2.312100000000000000e+04,-2.198500000000000000e+04,-1.148600000000000000e+04
-2.393700000000000000e+04,-1.568500000000000000e+04,-1.772700000000000000e+04,-2.387000000000000000e+04,-1.825200000000000000e+04,-1.945900000000000000e+04,1.056600000000000000e+04,-1.135100000000000000e+04
-1.945700000000000000e+04,1.788700000000000000e+04,-2.320700000000000000e+04,-9.966000000000000000e+03,-2.259600000000000000e+04,-1.367900000000000000e+04,-1.804000000000000000e+04,-2.274300000000000000e+04
-5.312000000000000000e+03,-1.962800000000000000e+04,-1.767900000000000000e+04,2.322000000000000000e+03,-1.781100000000000000e+04,-7.614000000000000000e+03,-2.187200000000000000e+04,-2.385300000000000000e+04
8.420000000000000000e+02,8.069000000000000000e+03,-1.856200000000000000e+04,-7.356000000000000000e+03,-3.004600000000000000e+04,-2.329000000000000000e+04,-1.399400000000000000e+04,-1.791200000000000000e+04
-1.641600000000000000e+04,-2.653000000000000000e+04,-1.730300000000000000e+04,7.034000000000000000e+03,-2.304700000000000000e+04,-3.067000000000000000e+04,1.529000000000000000e+04,-2.716700000000000000e+04
-1.043100000000000000e+04,-1.145400000000000000e+04,-2.273100000000000000e+04,-1.889700000000000000e+04,-2.430400000000000000e+04,-2.872700000000000000e+04,2.372700000000000000e+04,-2.566900000000000000e+04
-3.801700000000000000e+04,-1.395700000000000000e+04,-1.953000000000000000e+04,-3.170800000000000000e+04,-2.812300000000000000e+04,-9.446000000000000000e+03,2.396100000000000000e+04,-2.996600000000000000e+04
-2.767500000000000000e+04,-2.001100000000000000e+04,3.254200000000000000e+04,-2.538700000000000000e+04,-2.580900000000000000e+04,-2.968100000000000000e+04,-1.588500000000000000e+04,-1.746400000000000000e+04
1.496400000000000000e+04,-1.824900000000000000e+04,-2.695700000000000000e+04,-1.371600000000000000e+04,-3.630000000000000000e+03,-1.872800000000000000e+04,-1.601200000000000000e+04,-2.686000000000000000e+04
-2.713600000000000000e+04,-8.672000000000000000e+03,-2.053600000000000000e+04,-1.568300000000000000e+04,-2.076600000000000000e+04,-1.809300000000000000e+04,1.220000000000000000e+04,-1.671900000000000000e+04
-2.281400000000000000e+04,-1.346000000000000000e+04,-1.215100000000000000e+04,-1.399200000000000000e+04,-1.869900000000000000e+04,-2.340000000000000000e+04,-1.578300000000000000e+04,1.806300000000000000e+04
1.832000000000000000e+03,-1.535700000000000000e+04,-1.242900000000000000e+04,-3.972000000000000000e+03,-1.237200000000000000e+04,-1.356500000000000000e+04,-2.089800000000000000e+04,-2.353700000000000000e+04
-2.152800000000000000e+04,-1.830800000000000000e+04,-2.084600000000000000e+04,-2.876100000000000000e+04,-2.679000000000000000e+04,-3.665700000000000000e+04,2.254200000000000000e+04,-2.819500000000000000e+04
-6.997000000000000000e+03,-1.168100000000000000e+04,-1.614900000000000000e+04,1.208700000000000000e+04,-1.369400000000000000e+04,-1.896000000000000000e+03,-1.689500000000000000e+04,-1.448800000000000000e+04
-2.380100000000000000e+04,-1.619200000000000000e+04,-1.516400000000000000e+04,-1.469300000000000000e+04,-1.886000000000000000e+04,-2.149900000000000000e+04,-1.853000000000000000e+04,1.637100000000000000e+04
1.461000000000000000e+03,-5.713000000000000000e+03,-2.638800000000000000e+04,-2.501800000000000000e+04,-2.694200000000000000e+04,-1.163900000000000000e+04,-3.800000000000000000e+03,-2.048200000000000000e+04
-7.458000000000000000e+03,-1.089100000000000000e+04,-2.002400000000000000e+04,9.900000000000000000e+02,-1.298700000000000000e+04,-6.379000000000000000e+03,-1.711600000000000000e+04,-1.758600000000000000e+04
-2.635200000000000000e+04,3.531500000000000000e+04,-2.510600000000000000e+04,-2.372400000000000000e+04,-2.910800000000000000e+04,-2.232100000000000000e+04,-2.083300000000000000e+04,-2.317600000000000000e+04
-1.153900000000000000e+04,-1.746700000000000000e+04,-2.007700000000000000e+04,-1.308300000000000000e+04,1.095600000000000000e+04,-9.971000000000000000e+03,-2.113100000000000000e+04,-1.415500000000000000e+04
-1.401000000000000000e+04,-9.957000000000000000e+03,-1.165400000000000000e+04,-7.430000000000000000e+03,-3.126900000000000000e+04,-1.980100000000000000e+04,5.600000000000000000e+03,-2.856000000000000000e+04
-2.136100000000000000e+04,-1.679300000000000000e+04,-1.578500000000000000e+04,-1.853900000000000000e+04,-1.610200000000000000e+04,-2.509200000000000000e+04,-1.737600000000000000e+04,1.857500000000000000e+04
-1.279700000000000000e+04,-2.034800000000000000e+04,-2.073900000000000000e+04,-3.871000000000000000e+03,-1.672200000000000000e+04,-1.361900000000000000e+04,-1.614800000000000000e+04,-2.408100000000000000e+04
-1.801600000000000000e+04,-2.175400000000000000e+04,-1.351200000000000000e+04,1.930300000000000000e+04,-3.006100000000000000e+04,-1.413900000000000000e+04,-1.805900000000000000e+04,-2.509600000000000000e+04
-8.507000000000000000e+03,-1.981400000000000000e+04,-1.836200000000000000e+04,-2.302400000000000000e+04,-2.082000000000000000e+04,-1.862000000000000000e+04,2.092100000000000000e+04,-2.511200000000000000e+04
-3.211900000000000000e+04,-1.789200000000000000e+04,-1.867900000000000000e+04,-2.257400000000000000e+04,-2.557100000000000000e+04,-2.460800000000000000e+04,2.434300000000000000e+04,-2.840300000000000000e+04
-2.187500000000000000e+04,-1.278700000000000000e+04,-1.905400000000000000e+04,-2.564900000000000000e+04,-2.409800000000000000e+04,-2.189600000000000000e+04,2.073700000000000000e+04,-2.568400000000000000e+04
-1.602900000000000000e+04,-1.682900000000000000e+04,8.098000000000000000e+03,-1.800700000000000000e+04,-1.517900000000000000e+04,-2.121500000000000000e+04,-1.229600000000000000e+04,-9.130000000000000000e+03
1.149500000000000000e+04,-1.298400000000000000e+04,-2.468800000000000000e+04,-1.803900000000000000e+04,-1.553000000000000000e+03,-2.624000000000000000e+04,-1.989700000000000000e+04,-2.461200000000000000e+04
-1.440200000000000000e+04,-1.413100000000000000e+04,-1.863200000000000000e+04,-1.741300000000000000e+04,1.463100000000000000e+04,-2.304900000000000000e+04,-2.063400000000000000e+04,-1.887800000000000000e+04
-2.241400000000000000e+04,-1.611500000000000000e+04,-1.303200000000000000e+04,-2.390100000000000000e+04,-1.678200000000000000e+04,-2.441300000000000000e+04,-1.589500000000000000e+04,1.640200000000000000e+04
-2.225400000000000000e+04,-8.590000000000000000e+02,-1.471300000000000000e+04,-2.228000000000000000e+03,-3.829200000000000000e+04,-1.520400000000000000e+04,-1.749000000000000000e+03,-2.594400000000000000e+04
-3.263900000000000000e+04,3.022600000000000000e+04,-1.508400000000000000e+04,-2.420200000000000000e+04,-2.079200000000000000e+04,-4.052100000000000000e+04,-2.036100000000000000e+04,-2.078500000000000000e+04
2.547200000000000000e+04,-1.891400000000000000e+04,-2.198400000000000000e+04,-5.361000000000000000e+03,-3.243900000000000000e+04,-1.712800000000000000e+04,-1.503500000000000000e+04,-2.495300000000000000e+04
-1.674100000000000000e+04,-2.426300000000000000e+04,-1.866300000000000000e+04,1.793200000000000000e+04,-2.228700000000000000e+04,-3.092200000000000000e+04,-1.298200000000000000e+04,-2.515100000000000000e+04
-6.765000000000000000e+03,-1.397400000000000000e+04,-1.082900000000000000e+04,6.802000000000000000e+03,-2.876200000000000000e+04,-1.439300000000000000e+04,-2.127400000000000000e+04,-2.047800000000000000e+04
-3.830900000000000000e+04,-1.825800000000000000e+04,-1.406900000000000000e+04,-2.480100000000000000e+04,-2.529900000000000000e+04,-1.901600000000000000e+04,1.846900000000000000e+04,-2.663700000000000000e+04
1.736500000000000000e+04,-1.675700000000000000e+04,-2.183900000000000000e+04,-2.148000000000000000e+03,-3.054300000000000000e+04,-1.113600000000000000e+04,-1.917300000000000000e+04,-3.111800000000000000e+04
-1.089700000000000000e+04,-7.504000000000000000e+03,-1.774200000000000000e+04,-1.132900000000000000e+04,-2.030800000000000000e+04,-9.980000000000000000e+03,8.959000000000000000e+03,-1.985800000000000000e+04
-1.922900000000000000e+04,-1.902300000000000000e+04,-1.954200000000000000e+04,8.481000000000000000e+03,-1.166500000000000000e+04,8.210000000000000000e+02,-1.893700000000000000e+04,-1.893700000000000000e+04
8.495000000000000000e+03,-1.514000000000000000e+04,-1.278900000000000000e+04,-8.155000000000000000e+03,-2.632000000000000000e+04,-2.599000000000000000e+04,-1.406100000000000000e+04,-2.434100000000000000e+04
-1.668900000000000000e+04,-1.495000000000000000e+04,-1.581200000000000000e+04,-9.784000000000000000e+03,-5.870000000000000000e+02,-7.280000000000000000e+02,-1.771900000000000000e+04,-1.478200000000000000e+04
-1.848300000000000000e+04,-1.642500000000000000e+04,-1.900700000000000000e+04,-1.592700000000000000e+04,2.074500000000000000e+04,-2.131000000000000000e+04,-2.530800000000000000e+04,-1.781900000000000000e+04
-1.112500000000000000e+04,-1.602900000000000000e+04,-2.069500000000000000e+04,3.777000000000000000e+03,-2.500400000000000000e+04,-2.257000000000000000e+03,-1.802400000000000000e+04,-2.120900000000000000e+04
-1.200500000000000000e+04,-1.225800000000000000e+04,-1.766500000000000000e+04,-2.656000000000000000e+03,-1.234500000000000000e+04,8.671000000000000000e+03,-4.159000000000000000e+03,-2.367000000000000000e+04
-9.083000000000000000e+03,-1.797800000000000000e+04,-1.051600000000000000e+04,-1.836600000000000000e+04,1.246000000000000000e+04,-2.174800000000000000e+04,-2.114900000000000000e+04,-2.212600000000000000e+04
-2.242000000000000000e+04,-1.239500000000000000e+04,-1.742900000000000000e+04,-2.406200000000000000e+04,-1.562700000000000000e+04,-2.093800000000000000e+04,-1.230900000000000000e+04,1.880900000000000000e+04
1.704200000000000000e+04,-1.683500000000000000e+04,-1.975900000000000000e+04,6.257000000000000000e+03,-1.594500000000000000e+04,-1.167200000000000000e+04,-1.509100000000000000e+04,-2.067300000000000000e+04
6.341000000000000000e+03,-1.599000000000000000e+04,-1.116100000000000000e+04,6.378000000000000000e+03,-2.303100000000000000e+04,-4.895000000000000000e+03,-2.135500000000000000e+04,-2.484900000000000000e+04
-1.237600000000000000e+04,-2.172400000000000000e+04,-1.625600000000000000e+04,1.292000000000000000e+03,-1.231200000000000000e+04,-1.727000000000000000e+03,-2.080300000000000000e+04,-1.563800000000000000e+04
-8.973000000000000000e+03,-9.502000000000000000e+03,-1.467700000000000000e+04,1.249000000000000000e+03,-1.592600000000000000e+04,-1.007800000000000000e+04,-1.500300000000000000e+04,-2.027200000000000000e+04
-7.435000000000000000e+03,-2.509400000000000000e+04,-1.841600000000000000e+04,2.353000000000000000e+03,-2.341900000000000000e+04,-1.444200000000000000e+04,-1.432900000000000000e+04,-2.886200000000000000e+04
-1.729000000000000000e+04,-2.003100000000000000e+04,-1.056100000000000000e+04,-1.044000000000000000e+04,-1.093500000000000000e+04,1.280100000000000000e+04,-1.444900000000000000e+04,-1.574700000000000000e+04
-1.100300000000000000e+04,-1.682300000000000000e+04,-1.532200000000000000e+04,3.841000000000000000e+03,-3.171800000000000000e+04,-4.797000000000000000e+03,-1.820800000000000000e+04,-2.175200000000000000e+04
-2.383400000000000000e+04,-2.137400000000000000e+04,1.847300000000000000e+04,-2.639900000000000000e+04,-2.028700000000000000e+04,-1.960200000000000000e+04,-9.679000000000000000e+03,-2.244900000000000000e+04
-1.907100000000000000e+04,-1.195900000000000000e+04,-1.591300000000000000e+04,-1.695200000000000000e+04,-1.560800000000000000e+04,-2.688600000000000000e+04,-8.962000000000000000e+03,1.762800000000000000e+04
1.913000000000000000e+03,-2.382400000000000000e+04,-4.386000000000000000e+03,-1.557600000000000000e+04,-3.662000000000000000e+03,-2.495300000000000000e+04,-2.214800000000000000e+04,-2.052200000000000000e+04
-2.245700000000000000e+04,-1.897100000000000000e+04,-1.749400000000000000e+04,-1.018100000000000000e+04,-5.225000000000000000e+03,-1.708300000000000000e+04,1.107000000000000000e+04,-1.931900000000000000e+04
-1.318300000000000000e+04,3.200900000000000000e+04,-1.225300000000000000e+04,-2.431600000000000000e+04,-2.175500000000000000e+04,-4.390300000000000000e+04,-2.235700000000000000e+04,-1.747800000000000000e+04
-7.903000000000000000e+03,-2.082000000000000000e+04,-2.123500000000000000e+04,1.503000000000000000e+04,-2.758800000000000000e+04,-1.106000000000000000e+04,-2.438700000000000000e+04,-2.625000000000000000e+04
1.260000000000000000e+02,-1.871000000000000000e+04,-2.276800000000000000e+04,-1.153300000000000000e+04,3.687000000000000000e+03,-2.420300000000000000e+04,-2.599700000000000000e+04,-2.077200000000000000e+04
2.040400000000000000e+04,-1.954000000000000000e+04,-1.669600000000000000e+04,-4.293000000000000000e+03,-2.632800000000000000e+04,-1.595400000000000000e+04,-2.039000000000000000e+04,-2.476000000000000000e+04
-3.084900000000000000e+04,1.972600000000000000e+04,-1.235500000000000000e+04,-1.863500000000000000e+04,-2.237600000000000000e+04,-2.311600000000000000e+04,-1.884400000000000000e+04,-2.459300000000000000e+04
-2.422900000000000000e+04,-2.130400000000000000e+04,-1.899100000000000000e+04,-6.190000000000000000e+03,-2.202100000000000000e+04,-2.669600000000000000e+04,1.121800000000000000e+04,-2.328100000000000000e+04
-2.726900000000000000e+04,1.748200000000000000e+04,-1.696600000000000000e+04,-2.158000000000000000e+04,-2.577600000000000000e+04,-2.869400000000000000e+04,-2.109700000000000000e+04,-2.513100000000000000e+04
-1.638200000000000000e+04,-2.105900000000000000e+04,-2.583900000000000000e+04,-1.266400000000000000e+04,1.505200000000000000e+04,-7.550000000000000000e+03,-1.674700000000000000e+04,-1.684900000000000000e+04
-1.782800000000000000e+04,-1.054100000000000000e+04,-1.448600000000000000e+04,-2.988000000000000000e+03,-1.450500000000000000e+04,-6.904000000000000000e+03,-1.676400000000000000e+04,-2.087200000000000000e+04
-1.146600000000000000e+04,-1.352500000000000000e+04,-1.273700000000000000e+04,-1.920000000000000000e+04,-1.405600000000000000e+04,-2.368900000000000000e+04,1.043200000000000000e+04,-1.484300000000000000e+04
-2.661200000000000000e+04,2.379700000000000000e+04,-1.740100000000000000e+04,-2.624900000000000000e+04,-2.497600000000000000e+04,-1.158600000000000000e+04,-6.611000000000000000e+03,-2.299200000000000000e+04
-1.728100000000000000e+04,-1.239700000000000000e+04,-1.972000000000000000e+04,-1.638300000000000000e+04,-1.792400000000000000e+04,-2.912000000000000000e+04,-1.833400000000000000e+04,1.709200000000000000e+04
-2.617700000000000000e+04,-2.878700000000000000e+04,3.454200000000000000e+04,-2.544400000000000000e+04,-2.105200000000000000e+04,-2.448800000000000000e+04,-1.922600000000000000e+04,-1.674100000000000000e+04
-1.548900000000000000e+04,-1.686200000000000000e+04,-1.627500000000000000e+04,-1.221400000000000000e+04,-8.101000000000000000e+03,6.519000000000000000e+03,-2.620800000000000000e+04,-1.559800000000000000e+04
-2.017400000000000000e+04,-1.732300000000000000e+04,-2.002800000000000000e+04,-2.384100000000000000e+04,-2.401300000000000000e+04,-2.915700000000000000e+04,2.571700000000000000e+04,-2.233400000000000000e+04
-1.720400000000000000e+04,-1.642500000000000000e+04,-2.411300000000000000e+04,-1.766100000000000000e+04,-1.892600000000000000e+04,-1.580000000000000000e+04,2.325700000000000000e+04,-2.391500000000000000e+04
-2.128900000000000000e+04,-1.546600000000000000e+04,-1.129600000000000000e+04,-1.497100000000000000e+04,-1.741000000000000000e+04,-1.619100000000000000e+04,-1.571400000000000000e+04,1.228400000000000000e+04
-2.061400000000000000e+04,-1.302000000000000000e+04,-1.573800000000000000e+04,-1.247500000000000000e+04,-1.262500000000000000e+04,-2.639600000000000000e+04,-1.564500000000000000e+04,1.559700000000000000e+04
-1.861000000000000000e+04,-1.335500000000000000e+04,-1.916100000000000000e+04,-1.109200000000000000e+04,-1.351400000000000000e+04,-2.636400000000000000e+04,-1.448000000000000000e+04,1.576600000000000000e+04
-2.462400000000000000e+04,-2.035400000000000000e+04,-1.798900000000000000e+04,-2.285000000000000000e+03,-1.214000000000000000e+04,1.632800000000000000e+04,-2.367100000000000000e+04,-1.748300000000000000e+04
-2.553700000000000000e+04,3.384400000000000000e+04,-2.128600000000000000e+04,-2.011200000000000000e+04,-2.690700000000000000e+04,-3.895000000000000000e+04,-2.003600000000000000e+04,-1.678700000000000000e+04
-1.377600000000000000e+04,-1.382400000000000000e+04,-1.674200000000000000e+04,1.626000000000000000e+03,-2.783000000000000000e+04,-9.396000000000000000e+03,-1.950700000000000000e+04,-2.828900000000000000e+04
-1.397600000000000000e+04,-2.432900000000000000e+04,-2.514100000000000000e+04,1.820400000000000000e+04,-2.028300000000000000e+04,8.090000000000000000e+02,-1.123900000000000000e+04,-2.943800000000000000e+04
-2.355300000000000000e+04,-1.396400000000000000e+04,-9.283000000000000000e+03,-1.608200000000000000e+04,-1.757000000000000000e+04,-1.693200000000000000e+04,-1.241600000000000000e+04,1.277600000000000000e+04
-2.409900000000000000e+04,-2.004900000000000000e+04,8.944000000000000000e+03,-1.725900000000000000e+04,-1.159900000000000000e+04,-2.329300000000000000e+04,-1.254300000000000000e+04,-1.825000000000000000e+04
-6.757000000000000000e+03,-1.267300000000000000e+04,-1.500700000000000000e+04,3.939000000000000000e+03,-2.426400000000000000e+04,-6.803000000000000000e+03,-1.867800000000000000e+04,-2.358200000000000000e+04
-2.237100000000000000e+04,-1.837800000000000000e+04,-1.701500000000000000e+04,-1.044400000000000000e+04,-3.636000000000000000e+04,-2.268000000000000000e+04,1.935200000000000000e+04,-2.990200000000000000e+04
2.914000000000000000e+03,-1.222200000000000000e+04,-1.174600000000000000e+04,-6.624000000000000000e+03,-1.722300000000000000e+04,-1.498000000000000000e+03,-2.254900000000000000e+04,-1.999200000000000000e+04
-2.536800000000000000e+04,-1.701600000000000000e+04,-7.615000000000000000e+03,-2.312400000000000000e+04,-2.845000000000000000e+04,-1.658300000000000000e+04,1.635300000000000000e+04,-2.602500000000000000e+04
-1.390900000000000000e+04,-5.083000000000000000e+03,-1.672700000000000000e+04,-1.152700000000000000e+04,-1.168800000000000000e+04,-1.167300000000000000e+04,-1.118900000000000000e+04,-1.878400000000000000e+04
-6.976000000000000000e+03,-1.194800000000000000e+04,1.328000000000000000e+04,-1.410300000000000000e+04,-1.464200000000000000e+04,-6.767000000000000000e+03,-1.771500000000000000e+04,-1.631000000000000000e+04
3.870000000000000000e+02,-2.021200000000000000e+04,4.335000000000000000e+03,-1.993900000000000000e+04,-2.080500000000000000e+04,-1.850300000000000000e+04,-2.141300000000000000e+04,-2.610300000000000000e+04
-1.412100000000000000e+04,-2.345000000000000000e+04,-7.385000000000000000e+03,-7.550000000000000000e+02,5.166000000000000000e+03,-6.657000000000000000e+03,-1.780800000000000000e+04,-1.980500000000000000e+04
-9.711000000000000000e+03,-1.985900000000000000e+04,-2.649600000000000000e+04,-2.278300000000000000e+04,2.100800000000000000e+04,-2.026500000000000000e+04,-2.074000000000000000e+04,-2.260900000000000000e+04
-1.587400000000000000e+04,-2.624100000000000000e+04,-1.375900000000000000e+04,1.573700000000000000e+04,-1.730600000000000000e+04,-2.198500000000000000e+04,-1.178200000000000000e+04,-2.685900000000000000e+04
-1.352600000000000000e+04,-2.090400000000000000e+04,-2.509000000000000000e+04,-1.549300000000000000e+04,2.654700000000000000e+04,-2.713500000000000000e+04,-1.242200000000000000e+04,-1.662900000000000000e+04
-2.772400000000000000e+04,-1.597300000000000000e+04,-9.056000000000000000e+03,-1.906000000000000000e+04,-1.808000000000000000e+04,-2.882200000000000000e+04,-1.126300000000000000e+04,4.820000000000000000e+03
1.514600000000000000e+04,-1.758500000000000000e+04,-1.214000000000000000e+04,-1.109100000000000000e+04,-3.795200000000000000e+04,-9.524000000000000000e+03,-1.848100000000000000e+04,-2.664100000000000000e+04
-2.834900000000000000e+04,-1.605900000000000000e+04,-7.373000000000000000e+03,-2.157600000000000000e+04,-3.158700000000000000e+04,-2.521700000000000000e+04,1.919400000000000000e+04,-3.169900000000000000e+04
-1.380100000000000000e+04,-2.352300000000000000e+04,-1.031800000000000000e+04,1.614000000000000000e+03,-1.386800000000000000e+04,-3.296400000000000000e+04,1.798000000000000000e+03,-2.683700000000000000e+04
-1.227500000000000000e+04,-2.023700000000000000e+04,-1.995200000000000000e+04,1.225300000000000000e+04,-3.339000000000000000e+03,-1.373200000000000000e+04,-1.195800000000000000e+04,-1.769000000000000000e+04
-1.766800000000000000e+04,-1.202800000000000000e+04,-1.843000000000000000e+04,-1.923500000000000000e+04,-1.852400000000000000e+04,-2.789100000000000000e+04,-1.814800000000000000e+04,1.683000000000000000e+04
-1.397800000000000000e+04,-7.777000000000000000e+03,-1.841300000000000000e+04,3.856000000000000000e+03,-8.307000000000000000e+03,-2.272000000000000000e+03,-3.098000000000000000e+03,-1.479900000000000000e+04
-2.214300000000000000e+04,2.626100000000000000e+04,-2.277600000000000000e+04,-2.649800000000000000e+04,-1.603600000000000000e+04,-3.515000000000000000e+04,-1.850300000000000000e+04,-2.202800000000000000e+04
-2.330400000000000000e+04,2.241700000000000000e+04,-2.497600000000000000e+04,-3.260200000000000000e+04,-2.994100000000000000e+04,-1.909500000000000000e+04,-1.472000000000000000e+04,-2.497900000000000000e+04
-1.619600000000000000e+04,-1.434200000000000000e+04,-2.534400000000000000e+04,-2.019100000000000000e+04,-2.071000000000000000e+04,-2.144700000000000000e+04,2.851200000000000000e+04,-2.542100000000000000e+04
-2.088800000000000000e+04,-1.572100000000000000e+04,-9.544000000000000000e+03,-1.372100000000000000e+04,2.890000000000000000e+02,-9.686000000000000000e+03,-2.213900000000000000e+04,-5.538000000000000000e+03
-3.428300000000000000e+04,-1.324300000000000000e+04,-1.925900000000000000e+04,-2.461300000000000000e+04,-1.786100000000000000e+04,-1.159200000000000000e+04,1.554100000000000000e+04,-2.217800000000000000e+04
-1.961200000000000000e+04,-1.726700000000000000e+04,-1.544100000000000000e+04,-1.706400000000000000e+04,-1.001600000000000000e+04,2.231400000000000000e+04,-2.138800000000000000e+04,-1.376800000000000000e+04
-1.809600000000000000e+04,-1.864300000000000000e+04,-2.163700000000000000e+04,-6.738000000000000000e+03,-1.807500000000000000e+04,7.155000000000000000e+03,-1.912400000000000000e+04,-2.182000000000000000e+04
-2.237900000000000000e+04,-1.459200000000000000e+04,3.352000000000000000e+03,-5.577000000000000000e+03,-8.248000000000000000e+03,-2.871700000000000000e+04,-9.002000000000000000e+03,-1.792100000000000000e+04
-1.993100000000000000e+04,4.434000000000000000e+04,-1.869300000000000000e+04,-1.969700000000000000e+04,-2.361700000000000000e+04,-4.283000000000000000e+04,-2.289400000000000000e+04,-2.219000000000000000e+04
-2.274800000000000000e+04,-2.345900000000000000e+04,-1.252100000000000000e+04,1.288600000000000000e+04,-9.655000000000000000e+03,-1.359800000000000000e+04,-2.028200000000000000e+04,-2.078100000000000000e+04
-1.425400000000000000e+04,-1.733000000000000000e+04,-1.182700000000000000e+04,-6.401000000000000000e+03,-1.412800000000000000e+04,1.193600000000000000e+04,-1.571000000000000000e+04,-1.861600000000000000e+04
2.740000000000000000e+03,-2.771100000000000000e+04,-1.822400000000000000e+04,5.263000000000000000e+03,-2.038100000000000000e+04,-2.527100000000000000e+04,-1.337800000000000000e+04,-2.816000000000000000e+04
8.436000000000000000e+03,-1.584100000000000000e+04,-1.069000000000000000e+03,-1.296800000000000000e+04,-2.512500000000000000e+04,-3.120200000000000000e+04,-1.491700000000000000e+04,-2.476100000000000000e+04
-1.646100000000000000e+04,1.904800000000000000e+04,-1.644300000000000000e+04,-2.110700000000000000e+04,-2.341600000000000000e+04,-2.343700000000000000e+04,-1.418700000000000000e+04,-1.921900000000000000e+04
-2.324800000000000000e+04,-1.351700000000000000e+04,-1.620300000000000000e+04,-2.255700000000000000e+04,-1.827700000000000000e+04,-2.526700000000000000e+04,-1.847000000000000000e+04,1.899900000000000000e+04
-1.388700000000000000e+04,-2.132800000000000000e+04,-9.958000000000000000e+03,-6.013000000000000000e+03,-7.993000000000000000e+03,-2.598200000000000000e+04,-8.974000000000000000e+03,-2.254500000000000000e+04
-2.023000000000000000e+04,-1.599300000000000000e+04,-1.002800000000000000e+04,-1.966300000000000000e+04,-1.850800000000000000e+04,-2.755700000000000000e+04,-1.493100000000000000e+04,1.733700000000000000e+04
-2.296100000000000000e+04,2.021100000000000000e+04,-2.058400000000000000e+04,-2.047400000000000000e+04,-2.057500000000000000e+04,-3.075800000000000000e+04,-1.193500000000000000e+04,-2.203400000000000000e+04
-1.712200000000000000e+04,2.970700000000000000e+04,-2.220100000000000000e+04,-2.334300000000000000e+04,-2.848900000000000000e+04,-3.858500000000000000e+04,-1.282800000000000000e+04,-1.829600000000000000e+04
-1.966400000000000000e+04,-1.476300000000000000e+04,-1.229600000000000000e+04,-2.001100000000000000e+04,-1.790800000000000000e+04,-2.081100000000000000e+04,6.520000000000000000e+03,-1.943300000000000000e+04
-1.212300000000000000e+04,1.908000000000000000e+03,-1.965700000000000000e+04,7.896000000000000000e+03,-3.157300000000000000e+04,-3.328800000000000000e+04,-7.958000000000000000e+03,-2.064400000000000000e+04
-2.969800000000000000e+04,-1.866600000000000000e+04,-9.314000000000000000e+03,-2.094000000000000000e+03,-1.645100000000000000e+04,1.876600000000000000e+04,-2.351500000000000000e+04,-1.863900000000000000e+04
-1.322600000000000000e+04,3.087000000000000000e+03,-2.150700000000000000e+04,1.188000000000000000e+03,-1.524300000000000000e+04,-1.942100000000000000e+04,-2.296700000000000000e+04,-1.915900000000000000e+04
-2.412000000000000000e+04,-1.656600000000000000e+04,-1.344200000000000000e+04,-1.611400000000000000e+04,-1.503300000000000000e+04,-2.438900000000000000e+04,-1.531500000000000000e+04,1.542400000000000000e+04
-1.933300000000000000e+04,-1.202800000000000000e+04,-6.781000000000000000e+03,-5.354000000000000000e+03,-2.373700000000000000e+04,-1.428000000000000000e+03,-1.992900000000000000e+04,-2.179300000000000000e+04
-2.169600000000000000e+04,-2.200000000000000000e+01,-1.109800000000000000e+04,1.030000000000000000e+04,-1.265400000000000000e+04,-1.426400000000000000e+04,-1.007800000000000000e+04,-1.505900000000000000e+04
-1.867500000000000000e+04,-1.880400000000000000e+04,-1.426900000000000000e+04,-6.390000000000000000e+03,-2.713000000000000000e+04,-3.227600000000000000e+04,1.586000000000000000e+04,-1.883700000000000000e+04
1.238500000000000000e+04,-1.573200000000000000e+04,-2.566100000000000000e+04,-7.656000000000000000e+03,-1.844900000000000000e+04,-1.144600000000000000e+04,-2.207200000000000000e+04,-2.190900000000000000e+04
-2.464400000000000000e+04,-2.290500000000000000e+04,-1.193100000000000000e+04,-1.245400000000000000e+04,-1.666900000000000000e+04,-2.832900000000000000e+04,1.074300000000000000e+04,-2.291700000000000000e+04
-1.863000000000000000e+04,-1.712900000000000000e+04,-1.853300000000000000e+04,-2.433600000000000000e+04,-2.089500000000000000e+04,-1.985500000000000000e+04,2.153600000000000000e+04,-2.350400000000000000e+04
-2.116800000000000000e+04,4.236900000000000000e+04,-2.315700000000000000e+04,-2.652900000000000000e+04,-2.327600000000000000e+04,-4.148300000000000000e+04,-2.309700000000000000e+04,-2.107100000000000000e+04
-2.449300000000000000e+04,-1.184700000000000000e+04,-1.245900000000000000e+04,-2.558800000000000000e+04,-1.929900000000000000e+04,-1.950300000000000000e+04,1.560100000000000000e+04,-1.844900000000000000e+04
-1.343900000000000000e+04,-3.046400000000000000e+04,-1.630000000000000000e+03,8.010000000000000000e+03,-2.465100000000000000e+04,-2.075600000000000000e+04,-1.733100000000000000e+04,-2.715500000000000000e+04
-1.342900000000000000e+04,-1.538700000000000000e+04,-1.604200000000000000e+04,8.274000000000000000e+03,-1.831300000000000000e+04,-1.797800000000000000e+04,-1.717800000000000000e+04,-1.650700000000000000e+04
-1.773300000000000000e+04,-1.717500000000000000e+04,3.578000000000000000e+03,-1.681500000000000000e+04,-1.059500000000000000e+04,-2.957100000000000000e+04,-1.195000000000000000e+04,-8.783000000000000000e+03
-2.934100000000000000e+04,1.945200000000000000e+04,-2.119700000000000000e+04,-2.873000000000000000e+04,-1.975200000000000000e+04,-1.078600000000000000e+04,-1.464700000000000000e+04,-1.435500000000000000e+04
-1.716700000000000000e+04,2.164700000000000000e+04,-1.746900000000000000e+04,-3.078200000000000000e+04,-2.508100000000000000e+04,-2.967200000000000000e+04,-2.258400000000000000e+04,-2.182000000000000000e+04
-1.686000000000000000e+04,1.300000000000000000e+02,-2.161700000000000000e+04,-1.100300000000000000e+04,-2.388000000000000000e+04,-2.976400000000000000e+04,7.217000000000000000e+03,-2.790100000000000000e+04
-2.369800000000000000e+04,-1.635600000000000000e+04,-1.833000000000000000e+04,-2.146000000000000000e+04,-2.700600000000000000e+04,-2.098600000000000000e+04,3.040500000000000000e+04,-2.569200000000000000e+04
-1.846400000000000000e+04,-2.157500000000000000e+04,-1.463000000000000000e+04,-5.045000000000000000e+03,-1.899300000000000000e+04,1.735400000000000000e+04,-1.966200000000000000e+04,-1.899500000000000000e+04
6.667000000000000000e+03,-5.438000000000000000e+03,-1.304600000000000000e+04,-2.181000000000000000e+03,-1.300900000000000000e+04,-1.242100000000000000e+04,-7.679000000000000000e+03,-1.404700000000000000e+04
-9.292000000000000000e+03,-1.818500000000000000e+04,-1.162700000000000000e+04,1.512300000000000000e+04,-1.306800000000000000e+04,-1.291400000000000000e+04,-1.923100000000000000e+04,-2.731500000000000000e+04
-1.764900000000000000e+04,-1.441800000000000000e+04,-1.467200000000000000e+04,-2.206700000000000000e+04,-1.613500000000000000e+04,-2.783400000000000000e+04,-1.322200000000000000e+04,1.741800000000000000e+04
-2.475600000000000000e+04,-1.329200000000000000e+04,-1.514000000000000000e+03,-1.278000000000000000e+04,-5.854000000000000000e+03,-1.932700000000000000e+04,-1.490300000000000000e+04,6.646000000000000000e+03
-1.953200000000000000e+04,1.673100000000000000e+04,-1.710300000000000000e+04,-2.313200000000000000e+04,-1.750700000000000000e+04,-7.232000000000000000e+03,-1.821400000000000000e+04,-1.028900000000000000e+04
-1.155200000000000000e+04,-1.117200000000000000e+04,-1.735600000000000000e+04,6.959000000000000000e+03,-1.402700000000000000e+04,-2.292000000000000000e+03,-1.890200000000000000e+04,-2.258400000000000000e+04
-1.645100000000000000e+04,-2.210600000000000000e+04,-1.673400000000000000e+04,1.913400000000000000e+04,-1.582500000000000000e+04,-1.829400000000000000e+04,-1.503300000000000000e+04,-1.994800000000000000e+04
-2.821800000000000000e+04,-1.156900000000000000e+04,-1.575200000000000000e+04,5.749000000000000000e+03,-4.425000000000000000e+03,-1.243000000000000000e+04,-1.765900000000000000e+04,-1.693300000000000000e+04
-9.785000000000000000e+03,1.812500000000000000e+04,-1.509000000000000000e+04,-2.348500000000000000e+04,-2.639900000000000000e+04,-1.911500000000000000e+04,-1.471900000000000000e+04,-2.783900000000000000e+04
1.256500000000000000e+04,-2.425900000000000000e+04,-2.046900000000000000e+04,-1.209900000000000000e+04,-2.000800000000000000e+04,-2.282700000000000000e+04,-1.400200000000000000e+04,-2.465600000000000000e+04
-1.254700000000000000e+04,-2.041800000000000000e+04,-1.905500000000000000e+04,-5.826000000000000000e+03,-7.970000000000000000e+03,-1.571600000000000000e+04,-7.762000000000000000e+03,-1.970800000000000000e+04
-1.789500000000000000e+04,9.266000000000000000e+03,-1.875000000000000000e+04,-8.130000000000000000e+02,-1.693400000000000000e+04,-7.545000000000000000e+03,-1.960900000000000000e+04,-2.178700000000000000e+04
-2.858000000000000000e+04,-2.561500000000000000e+04,-8.010000000000000000e+02,4.332000000000000000e+03,-3.129700000000000000e+04,-2.018000000000000000e+03,-9.238000000000000000e+03,-2.960500000000000000e+04
-2.692200000000000000e+04,3.779200000000000000e+04,-2.018600000000000000e+04,-3.518100000000000000e+04,-2.085800000000000000e+04,-2.233400000000000000e+04,-1.999000000000000000e+04,-1.848800000000000000e+04
-2.563300000000000000e+04,1.455700000000000000e+04,-1.965200000000000000e+04,-1.123700000000000000e+04,-1.645500000000000000e+04,-2.910700000000000000e+04,-1.528100000000000000e+04,-2.391000000000000000e+04
-2.115400000000000000e+04,-1.220300000000000000e+04,-1.352900000000000000e+04,-2.163300000000000000e+04,-1.230200000000000000e+04,-3.073000000000000000e+04,-1.536900000000000000e+04,1.548100000000000000e+04
-3.194300000000000000e+04,-1.458700000000000000e+04,-2.178900000000000000e+04,-1.713800000000000000e+04,-1.774800000000000000e+04,-1.958900000000000000e+04,2.076600000000000000e+04,-1.723200000000000000e+04
-8.284000000000000000e+03,-1.497700000000000000e+04,-1.812600000000000000e+04,1.214000000000000000e+04,-1.989700000000000000e+04,-1.042600000000000000e+04,-1.945100000000000000e+04,-1.678500000000000000e+04
-2.249700000000000000e+04,-1.218100000000000000e+04,-2.202300000000000000e+04,-2.204400000000000000e+04,-2.511700000000000000e+04,-1.148300000000000000e+04,2.121700000000000000e+04,-1.905600000000000000e+04
-1.901500000000000000e+04,-1.495400000000000000e+04,-1.228200000000000000e+04,-1.126000000000000000e+04,-1.220400000000000000e+04,-1.898000000000000000e+04,-1.197100000000000000e+04,1.305400000000000000e+04
-2.305300000000000000e+04,-2.053800000000000000e+04,-1.609000000000000000e+04,1.261800000000000000e+04,-2.200900000000000000e+04,-1.389300000000000000e+04,-2.024800000000000000e+04,-2.004200000000000000e+04
-1.940600000000000000e+04,-1.265000000000000000e+04,-2.017800000000000000e+04,-2.320100000000000000e+04,-2.844300000000000000e+04,-8.403000000000000000e+03,2.202000000000000000e+04,-3.220700000000000000e+04
-7.695000000000000000e+03,-2.100000000000000000e+03,-2.173200000000000000e+04,-1.040200000000000000e+04,-1.384900000000000000e+04,1.091000000000000000e+03,-1.908200000000000000e+04,-1.701700000000000000e+04
-1.849700000000000000e+04,-2.198400000000000000e+04,1.324000000000000000e+03,7.897000000000000000e+03,-2.030600000000000000e+04,-1.805600000000000000e+04,-2.119800000000000000e+04,-2.323900000000000000e+04
5.812000000000000000e+03,-1.574200000000000000e+04,-1.339600000000000000e+04,8.100000000000000000e+02,-1.240300000000000000e+04,-1.693200000000000000e+04,-1.616200000000000000e+04,-1.822000000000000000e+04
-2.793400000000000000e+04,1.969400000000000000e+04,-2.267700000000000000e+04,-3.682500000000000000e+04,-2.197100000000000000e+04,-2.967700000000000000e+04,-9.526000000000000000e+03,-1.963400000000000000e+04
-1.707300000000000000e+04,-2.540000000000000000e+04,-1.295600000000000000e+04,2.072600000000000000e+04,-3.421800000000000000e+04,-1.392700000000000000e+04,-1.638400000000000000e+04,-2.197700000000000000e+04
-3.117600000000000000e+04,2.941700000000000000e+04,-2.135100000000000000e+04,-2.107200000000000000e+04,-2.348400000000000000e+04,-2.766600000000000000e+04,-2.124600000000000000e+04,-1.851000000000000000e+04
-3.021100000000000000e+04,-2.086900000000000000e+04,2.186500000000000000e+04,-1.936900000000000000e+04,-2.717400000000000000e+04,-3.083800000000000000e+04,-1.722700000000000000e+04,-1.735200000000000000e+04
-2.256600000000000000e+04,-1.920800000000000000e+04,-9.346000000000000000e+03,-1.495800000000000000e+04,-3.192700000000000000e+04,-1.638400000000000000e+04,1.625400000000000000e+04,-2.640200000000000000e+04
-2.009000000000000000e+04,-9.016000000000000000e+03,-1.317800000000000000e+04,-8.950000000000000000e+03,-3.126800000000000000e+04,-2.317700000000000000e+04,1.639500000000000000e+04,-2.794100000000000000e+04
-3.055600000000000000e+04,-2.065000000000000000e+04,-7.816000000000000000e+03,-2.549200000000000000e+04,-1.804800000000000000e+04,-2.012600000000000000e+04,2.605500000000000000e+04,-3.258000000000000000e+04
-2.007800000000000000e+04,-2.486900000000000000e+04,-1.264700000000000000e+04,6.427000000000000000e+03,-1.992300000000000000e+04,-1.637300000000000000e+04,3.025000000000000000e+03,-2.540900000000000000e+04
-9.584000000000000000e+03,2.849400000000000000e+04,-2.029000000000000000e+04,-3.449200000000000000e+04,-3.692600000000000000e+04,-3.190000000000000000e+04,-1.849200000000000000e+04,-2.512900000000000000e+04
-2.019000000000000000e+04,-1.468600000000000000e+04,-1.411600000000000000e+04,-1.609400000000000000e+04,-1.486600000000000000e+04,-2.695000000000000000e+04,-1.981200000000000000e+04,1.718700000000000000e+04
-1.723900000000000000e+04,6.194000000000000000e+03,-1.374100000000000000e+04,-2.492900000000000000e+04,-1.762500000000000000e+04,-9.935000000000000000e+03,-1.923200000000000000e+04,-4.815000000000000000e+03
-1.104100000000000000e+04,-4.894000000000000000e+03,-1.100000000000000000e+04,-1.234200000000000000e+04,-1.223000000000000000e+04,-1.469300000000000000e+04,6.287000000000000000e+03,-1.613300000000000000e+04
-2.129000000000000000e+04,-1.805500000000000000e+04,-1.060900000000000000e+04,-2.328800000000000000e+04,-1.313600000000000000e+04,-2.572000000000000000e+04,1.514300000000000000e+04,-2.090600000000000000e+04
-1.055600000000000000e+04,-2.956400000000000000e+04,-1.904800000000000000e+04,7.882000000000000000e+03,-9.165000000000000000e+03,-1.739900000000000000e+04,-1.050600000000000000e+04,-2.704000000000000000e+04
-1.235000000000000000e+04,2.861700000000000000e+04,-2.422300000000000000e+04,-1.897900000000000000e+04,-2.011800000000000000e+04,-2.106900000000000000e+04,-1.398400000000000000e+04,-2.431100000000000000e+04
-3.982800000000000000e+04,-7.267000000000000000e+03,-1.108700000000000000e+04,-1.237300000000000000e+04,-1.559500000000000000e+04,-1.090000000000000000e+04,-1.638100000000000000e+04,1.031300000000000000e+04
-2.085500000000000000e+04,-1.495900000000000000e+04,-1.636100000000000000e+04,-2.309900000000000000e+04,-1.760200000000000000e+04,-2.182700000000000000e+04,-1.770600000000000000e+04,1.675900000000000000e+04
-2.908100000000000000e+04,-1.584900000000000000e+04,-1.874000000000000000e+04,-1.160000000000000000e+02,-1.356200000000000000e+04,-4.938000000000000000e+03,1.114100000000000000e+04,-1.818100000000000000e+04
-1.297900000000000000e+04,-2.324200000000000000e+04,-7.935000000000000000e+03,7.032000000000000000e+03,-2.612200000000000000e+04,-2.029500000000000000e+04,-1.940700000000000000e+04,-2.710800000000000000e+04
-2.509800000000000000e+04,3.176500000000000000e+04,-2.202500000000000000e+04,-2.956900000000000000e+04,-2.388200000000000000e+04,-3.636100000000000000e+04,-2.326000000000000000e+04,-2.082900000000000000e+04
-9.623000000000000000e+03,-2.235800000000000000e+04,-1.512700000000000000e+04,-4.155000000000000000e+03,5.745000000000000000e+03,-3.138000000000000000e+03,-2.084700000000000000e+04,-2.003700000000000000e+04
1.295000000000000000e+03,-1.276100000000000000e+04,9.936000000000000000e+03,-1.613000000000000000e+03,-2.054000000000000000e+04,-6.131000000000000000e+03,-1.863700000000000000e+04,-1.939900000000000000e+04
2.220300000000000000e+04,-1.222100000000000000e+04,-1.792500000000000000e+04,4.240000000000000000e+02,-4.098300000000000000e+04,-2.969600000000000000e+04,-1.259800000000000000e+04,-2.905300000000000000e+04
-1.412700000000000000e+04,-2.118900000000000000e+04,-5.433000000000000000e+03,1.178300000000000000e+04,-1.771600000000000000e+04,-2.398500000000000000e+04,-4.337000000000000000e+03,-2.416600000000000000e+04
-2.294000000000000000e+04,-1.402900000000000000e+04,-1.473800000000000000e+04,9.160000000000000000e+02,-1.876200000000000000e+04,3.121000000000000000e+03,-1.740200000000000000e+04,-1.902000000000000000e+04
3.441000000000000000e+03,-1.968100000000000000e+04,-1.882300000000000000e+04,-4.352000000000000000e+03,-7.976000000000000000e+03,-1.850200000000000000e+04,-1.102300000000000000e+04,-1.720900000000000000e+04
-2.558200000000000000e+04,-1.944100000000000000e+04,1.466000000000000000e+04,-1.869900000000000000e+04,-1.676500000000000000e+04,-3.320600000000000000e+04,-7.736000000000000000e+03,-1.267400000000000000e+04
-1.105700000000000000e+04,-1.781000000000000000e+04,-2.040900000000000000e+04,-1.808800000000000000e+04,2.099900000000000000e+04,-2.073100000000000000e+04,-1.891900000000000000e+04,-2.141300000000000000e+04
-1.644600000000000000e+04,-1.638400000000000000e+04,-1.155100000000000000e+04,-2.057900000000000000e+04,1.438000000000000000e+04,-9.211000000000000000e+03,-1.975800000000000000e+04,-1.866200000000000000e+04
-2.610300000000000000e+04,-3.048800000000000000e+04,8.204000000000000000e+03,-1.541000000000000000e+03,-2.374900000000000000e+04,-3.083400000000000000e+04,3.025000000000000000e+03,-2.374500000000000000e+04
1.561000000000000000e+04,-1.607900000000000000e+04,-2.707600000000000000e+04,-5.202000000000000000e+03,-1.281700000000000000e+04,-1.936500000000000000e+04,-1.852600000000000000e+04,-2.530300000000000000e+04
-8.497000000000000000e+03,-1.288700000000000000e+04,-1.528100000000000000e+04,1.429000000000000000e+04,-2.867900000000000000e+04,-1.528300000000000000e+04,-1.576100000000000000e+04,-2.511300000000000000e+04
-2.909400000000000000e+04,9.406000000000000000e+03,-1.308600000000000000e+04,-1.635600000000000000e+04,-2.488400000000000000e+04,-1.075700000000000000e+04,-1.360600000000000000e+04,-1.925800000000000000e+04
-2.883300000000000000e+04,2.074300000000000000e+04,-1.893600000000000000e+04,-2.420900000000000000e+04,-2.433900000000000000e+04,-3.168800000000000000e+04,-1.327000000000000000e+04,-2.557200000000000000e+04
-2.135500000000000000e+04,8.528000000000000000e+03,-2.303200000000000000e+04,-3.907000000000000000e+03,-2.117600000000000000e+04,-1.683100000000000000e+04,-2.079600000000000000e+04,-2.089600000000000000e+04
-2.510400000000000000e+04,4.313400000000000000e+04,-2.271500000000000000e+04,-3.619400000000000000e+04,-2.689000000000000000e+04,-3.468400000000000000e+04,-2.019900000000000000e+04,-2.219600000000000000e+04
-3.264200000000000000e+04,-2.024400000000000000e+04,-1.711400000000000000e+04,-2.193600000000000000e+04,-2.483200000000000000e+04,-1.633600000000000000e+04,2.118700000000000000e+04,-2.894100000000000000e+04
-2.824300000000000000e+04,-1.410100000000000000e+04,-2.315100000000000000e+04,-2.341500000000000000e+04,-2.258000000000000000e+04,-1.740700000000000000e+04,1.891400000000000000e+04,-1.956300000000000000e+04
-1.675000000000000000e+04,-1.200700000000000000e+04,-1.799900000000000000e+04,-2.665100000000000000e+04,-1.179900000000000000e+04,-1.768000000000000000e+04,1.734800000000000000e+04,-1.512400000000000000e+04
-1.937400000000000000e+04,-1.511800000000000000e+04,-1.614800000000000000e+04,-1.567200000000000000e+04,-1.276200000000000000e+04,-2.328500000000000000e+04,-1.981500000000000000e+04,1.826400000000000000e+04
-2.104700000000000000e+04,2.299800000000000000e+04,-2.324400000000000000e+04,-1.118300000000000000e+04,-2.049400000000000000e+04,-3.858800000000000000e+04,-3.368700000000000000e+04,-1.890100000000000000e+04
-2.445700000000000000e+04,-2.781000000000000000e+04,1.165100000000000000e+04,-1.163700000000000000e+04,-2.425100000000000000e+04,-3.582500000000000000e+04,-1.040200000000000000e+04,-1.830900000000000000e+04
-2.446100000000000000e+04,-1.844700000000000000e+04,-1.501700000000000000e+04,-1.783100000000000000e+04,-1.167700000000000000e+04,-2.601000000000000000e+04,-1.250700000000000000e+04,1.459800000000000000e+04
-1.727300000000000000e+04,-1.843500000000000000e+04,-1.690000000000000000e+04,4.196000000000000000e+03,1.458000000000000000e+03,-1.437400000000000000e+04,-6.675000000000000000e+03,-1.870500000000000000e+04
-5.102000000000000000e+03,-1.412800000000000000e+04,-1.506900000000000000e+04,-8.350000000000000000e+03,-9.660000000000000000e+02,-1.773700000000000000e+04,-1.914200000000000000e+04,-1.834500000000000000e+04
-4.124000000000000000e+03,-1.972200000000000000e+04,-1.420900000000000000e+04,-4.922000000000000000e+03,-2.740000000000000000e+03,-9.490000000000000000e+02,-2.129300000000000000e+04,-2.574200000000000000e+04
-1.883700000000000000e+04,-1.183700000000000000e+04,-1.792600000000000000e+04,-1.379700000000000000e+04,-1.273000000000000000e+04,-1.744000000000000000e+04,1.506100000000000000e+04,-1.169000000000000000e+04
-2.881100000000000000e+04,3.827300000000000000e+04,-2.301400000000000000e+04,-2.885800000000000000e+04,-2.296500000000000000e+04,-3.308900000000000000e+04,-1.727900000000000000e+04,-1.974100000000000000e+04
-2.474600000000000000e+04,3.542900000000000000e+04,-2.183400000000000000e+04,-2.471700000000000000e+04,-3.100300000000000000e+04,-2.905700000000000000e+04,-1.636000000000000000e+04,-2.275300000000000000e+04
-1.815600000000000000e+04,-2.522500000000000000e+04,-1.741500000000000000e+04,-2.572500000000000000e+04,-1.867200000000000000e+04,-1.702100000000000000e+04,2.222400000000000000e+04,-2.675800000000000000e+04
-2.494100000000000000e+04,-1.419900000000000000e+04,-1.535300000000000000e+04,-2.087800000000000000e+04,-1.769700000000000000e+04,-2.916200000000000000e+04,-1.379900000000000000e+04,1.573000000000000000e+04
-1.185700000000000000e+04,-1.774800000000000000e+04,-1.088700000000000000e+04,-5.935000000000000000e+03,-1.521200000000000000e+04,-2.078600000000000000e+04,1.107100000000000000e+04,-1.478200000000000000e+04
2.333000000000000000e+03,-1.153400000000000000e+04,-2.464700000000000000e+04,-7.196000000000000000e+03,-2.239900000000000000e+04,-1.217000000000000000e+03,-8.342000000000000000e+03,-2.329700000000000000e+04
-2.170100000000000000e+04,-1.824000000000000000e+04,-1.762000000000000000e+04,3.005000000000000000e+03,5.460000000000000000e+03,-1.195800000000000000e+04,-2.121600000000000000e+04,-1.720800000000000000e+04
-3.400200000000000000e+04,3.424200000000000000e+04,-1.723200000000000000e+04,-2.821900000000000000e+04,-2.649400000000000000e+04,-2.807000000000000000e+04,-1.551200000000000000e+04,-2.384400000000000000e+04
-2.873600000000000000e+04,-1.660700000000000000e+04,-1.649300000000000000e+04,-1.761200000000000000e+04,-1.747100000000000000e+04,2.182700000000000000e+04,-1.603500000000000000e+04,-1.313500000000000000e+04
-2.116600000000000000e+04,-1.574700000000000000e+04,-8.476000000000000000e+03,-2.154300000000000000e+04,-1.633300000000000000e+04,-1.891600000000000000e+04,3.197000000000000000e+03,-1.703600000000000000e+04
-2.356800000000000000e+04,3.192500000000000000e+04,-2.426300000000000000e+04,-3.693000000000000000e+04,-1.774600000000000000e+04,-2.584100000000000000e+04,-1.023200000000000000e+04,-1.950500000000000000e+04
-2.693800000000000000e+04,3.160900000000000000e+04,-1.559100000000000000e+04,-2.996000000000000000e+04,-2.850400000000000000e+04,-2.682000000000000000e+04,-1.832400000000000000e+04,-2.610800000000000000e+04
-8.068000000000000000e+03,-2.041400000000000000e+04,-2.367700000000000000e+04,1.026400000000000000e+04,-2.154700000000000000e+04,-1.080100000000000000e+04,-1.972300000000000000e+04,-2.326200000000000000e+04
-2.918000000000000000e+04,-1.544700000000000000e+04,-8.883000000000000000e+03,-2.065200000000000000e+04,-2.098200000000000000e+04,-1.877300000000000000e+04,-1.268900000000000000e+04,1.277800000000000000e+04
-2.481600000000000000e+04,-1.324600000000000000e+04,-1.144900000000000000e+04,-1.506000000000000000e+04,-1.181700000000000000e+04,-2.684000000000000000e+04,-1.714100000000000000e+04,1.362000000000000000e+04
-1.461300000000000000e+04,-9.049000000000000000e+03,-1.676900000000000000e+04,7.534000000000000000e+03,-1.223200000000000000e+04,-1.296300000000000000e+04,-3.029000000000000000e+03,-1.349400000000000000e+04
-3.645500000000000000e+04,2.013500000000000000e+04,-1.761400000000000000e+04,-3.480500000000000000e+04,-3.190400000000000000e+04,-2.728500000000000000e+04,-7.850000000000000000e+03,-1.834600000000000000e+04
-2.635300000000000000e+04,-1.351700000000000000e+04,-1.104400000000000000e+04,-1.875200000000000000e+04,-3.156200000000000000e+04,-1.923300000000000000e+04,1.840800000000000000e+04,-3.027400000000000000e+04
-2.679300000000000000e+04,-2.105100000000000000e+04,1.248900000000000000e+04,2.546000000000000000e+03,-2.329900000000000000e+04,-2.208200000000000000e+04,-3.767000000000000000e+03,-2.315700000000000000e+04
-2.274700000000000000e+04,-1.588200000000000000e+04,-1.855600000000000000e+04,-2.177100000000000000e+04,-2.066800000000000000e+04,-2.076900000000000000e+04,2.814000000000000000e+04,-2.351600000000000000e+04
-2.723700000000000000e+04,-1.425100000000000000e+04,-2.081200000000000000e+04,-1.885000000000000000e+04,-2.517300000000000000e+04,-2.416600000000000000e+04,1.843400000000000000e+04,-2.158000000000000000e+04
-1.130500000000000000e+04,-1.482800000000000000e+04,-1.918800000000000000e+04,1.200900000000000000e+04,-1.892700000000000000e+04,1.661000000000000000e+03,-1.343300000000000000e+04,-2.009400000000000000e+04
-2.594500000000000000e+04,-1.604900000000000000e+04,-1.184000000000000000e+04,-1.863900000000000000e+04,-1.463900000000000000e+04,-2.076700000000000000e+04,-1.753900000000000000e+04,1.760300000000000000e+04
-2.195000000000000000e+04,-1.934900000000000000e+04,1.885900000000000000e+04,-2.232500000000000000e+04,-2.140200000000000000e+04,-3.207000000000000000e+04,-1.845500000000000000e+04,-1.561600000000000000e+04
-2.048200000000000000e+04,-2.342800000000000000e+04,-8.348000000000000000e+03,-2.739000000000000000e+03,-2.698400000000000000e+04,-2.184000000000000000e+04,6.490000000000000000e+03,-2.927700000000000000e+04
-1.695400000000000000e+04,-1.417800000000000000e+04,-1.298200000000000000e+04,-1.246500000000000000e+04,-2.450400000000000000e+04,-2.736900000000000000e+04,1.906700000000000000e+04,-2.044900000000000000e+04
-2.522800000000000000e+04,-2.416300000000000000e+04,-1.110400000000000000e+04,8.247000000000000000e+03,-8.602000000000000000e+03,-2.056700000000000000e+04,-7.072000000000000000e+03,-2.559400000000000000e+04
-6.501000000000000000e+03,-2.389900000000000000e+04,-1.567000000000000000e+04,-1.044300000000000000e+04,1.766100000000000000e+04,-1.260400000000000000e+04,-1.891700000000000000e+04,-1.579300000000000000e+04
-1.521600000000000000e+04,2.112100000000000000e+04,-1.771200000000000000e+04,2.221000000000000000e+03,-3.393600000000000000e+04,-3.869900000000000000e+04,-2.029200000000000000e+04,-2.556600000000000000e+04
-2.675400000000000000e+04,-2.106800000000000000e+04,-2.055600000000000000e+04,-2.499300000000000000e+04,-1.768300000000000000e+04,-1.780400000000000000e+04,2.231000000000000000e+04,-2.259100000000000000e+04
1.121800000000000000e+04,-1.446000000000000000e+04,-8.507000000000000000e+03,-1.429100000000000000e+04,-2.547600000000000000e+04,-1.168700000000000000e+04,-1.192400000000000000e+04,-2.780700000000000000e+04
-9.236000000000000000e+03,-1.758900000000000000e+04,-2.442400000000000000e+04,-1.580600000000000000e+04,1.796800000000000000e+04,-2.182300000000000000e+04,-1.975500000000000000e+04,-2.102800000000000000e+04
-4.712000000000000000e+03,-2.059500000000000000e+04,-2.053400000000000000e+04,-5.555000000000000000e+03,-1.188000000000000000e+03,-1.513800000000000000e+04,-1.849000000000000000e+04,-2.333400000000000000e+04
-1.335600000000000000e+04,-2.258200000000000000e+04,-1.875700000000000000e+04,-2.671000000000000000e+03,-1.859800000000000000e+04,7.104000000000000000e+03,-1.558400000000000000e+04,-2.124800000000000000e+04
-1.676900000000000000e+04,-1.785500000000000000e+04,-1.870900000000000000e+04,-2.912500000000000000e+04,-2.038900000000000000e+04,-1.639200000000000000e+04,1.791800000000000000e+04,-2.334200000000000000e+04
-2.033000000000000000e+03,-1.411900000000000000e+04,-1.501600000000000000e+04,1.031400000000000000e+04,-9.270000000000000000e+02,-1.834400000000000000e+04,-1.618400000000000000e+04,-1.681500000000000000e+04
1.714900000000000000e+04,-1.559100000000000000e+04,-1.688300000000000000e+04,-7.755000000000000000e+03,-2.153500000000000000e+04,-1.179300000000000000e+04,-1.941500000000000000e+04,-2.015700000000000000e+04
-1.717200000000000000e+04,-1.284700000000000000e+04,-1.399200000000000000e+04,-2.296800000000000000e+04,-1.943200000000000000e+04,-2.999100000000000000e+04,-1.435900000000000000e+04,1.577300000000000000e+04
-2.771000000000000000e+04,4.015800000000000000e+04,-1.760600000000000000e+04,-2.947500000000000000e+04,-2.092000000000000000e+04,-3.453300000000000000e+04,-2.228500000000000000e+04,-2.107500000000000000e+04
-6.672000000000000000e+03,-1.885800000000000000e+04,-1.371300000000000000e+04,-2.810000000000000000e+02,-2.125900000000000000e+04,2.509000000000000000e+03,-1.574300000000000000e+04,-2.897900000000000000e+04
8.923000000000000000e+03,-1.570000000000000000e+04,-1.381700000000000000e+04,-1.556400000000000000e+04,2.339000000000000000e+03,-1.467600000000000000e+04,-2.016000000000000000e+04,-2.421400000000000000e+04
-1.717000000000000000e+04,-1.225000000000000000e+04,-1.833400000000000000e+04,-2.407000000000000000e+03,-1.029900000000000000e+04,-8.440000000000000000e+03,1.046500000000000000e+04,-1.342800000000000000e+04
-1.165400000000000000e+04,-1.895900000000000000e+04,-1.248600000000000000e+04,-5.609000000000000000e+03,9.814000000000000000e+03,-7.210000000000000000e+02,-1.876900000000000000e+04,-1.317100000000000000e+04
-3.896900000000000000e+04,-2.786200000000000000e+04,1.915000000000000000e+04,-1.068900000000000000e+04,-1.453500000000000000e+04,-8.494000000000000000e+03,-1.425000000000000000e+04,-1.710500000000000000e+04
-1.534200000000000000e+04,-2.052300000000000000e+04,-2.265700000000000000e+04,-1.104500000000000000e+04,-1.418200000000000000e+04,1.003800000000000000e+04,-1.223300000000000000e+04,-2.237900000000000000e+04
1.176200000000000000e+04,-1.777900000000000000e+04,-1.206400000000000000e+04,-2.375600000000000000e+04,-8.312000000000000000e+03,-2.240100000000000000e+04,-2.324200000000000000e+04,-1.919200000000000000e+04
-4.011000000000000000e+03,-1.806300000000000000e+04,-2.142500000000000000e+04,-9.595000000000000000e+03,1.410600000000000000e+04,-1.213600000000000000e+04,-1.461700000000000000e+04,-1.767800000000000000e+04
-2.698200000000000000e+04,-2.615100000000000000e+04,-1.057900000000000000e+04,-1.208800000000000000e+04,-2.020500000000000000e+04,1.438600000000000000e+04,-1.552100000000000000e+04,-1.905200000000000000e+04
-1.515800000000000000e+04,-2.391600000000000000e+04,-1.319300000000000000e+04,1.075200000000000000e+04,-2.473800000000000000e+04,-1.564900000000000000e+04,-1.574300000000000000e+04,-2.720900000000000000e+04
-1.793000000000000000e+04,-2.661600000000000000e+04,-1.097400000000000000e+04,2.089800000000000000e+04,-3.104600000000000000e+04,-2.019800000000000000e+04,-6.502000000000000000e+03,-2.718300000000000000e+04
-2.588100000000000000e+04,-1.902200000000000000e+04,-1.098500000000000000e+04,-4.391000000000000000e+03,-2.431600000000000000e+04,7.994000000000000000e+03,-1.456200000000000000e+04,-9.190000000000000000e+03
-1.963500000000000000e+04,-1.736400000000000000e+04,-1.239600000000000000e+04,-1.228300000000000000e+04,-1.859600000000000000e+04,-2.140300000000000000e+04,-1.518000000000000000e+04,1.304300000000000000e+04
-9.748000000000000000e+03,-1.890500000000000000e+04,-1.091700000000000000e+04,7.649000000000000000e+03,-3.140200000000000000e+04,-5.220000000000000000e+03,-2.700700000000000000e+04,-1.939800000000000000e+04
-1.159500000000000000e+04,-1.506000000000000000e+04,-1.844000000000000000e+04,-1.944500000000000000e+04,-1.862800000000000000e+04,-2.089500000000000000e+04,2.163800000000000000e+04,-2.104600000000000000e+04
-2.493000000000000000e+04,-2.016900000000000000e+04,2.606000000000000000e+03,-1.223000000000000000e+04,1.210000000000000000e+02,-2.801700000000000000e+04,-1.937200000000000000e+04,-1.567200000000000000e+04
-1.767000000000000000e+04,3.073800000000000000e+04,-2.381600000000000000e+04,-2.740700000000000000e+04,-1.521400000000000000e+04,-3.038400000000000000e+04,-1.490500000000000000e+04,-1.496100000000000000e+04
-2.460700000000000000e+04,-1.916000000000000000e+04,-1.287800000000000000e+04,-1.418200000000000000e+04,-2.569700000000000000e+04,-1.932100000000000000e+04,1.208700000000000000e+04,-2.525200000000000000e+04
-1.804400000000000000e+04,-1.544400000000000000e+04,1.186300000000000000e+04,-2.350400000000000000e+04,-1.464500000000000000e+04,-2.916900000000000000e+04,-1.682900000000000000e+04,-1.468400000000000000e+04
-2.511400000000000000e+04,-1.952900000000000000e+04,1.186900000000000000e+04,-2.987000000000000000e+04,-2.167200000000000000e+04,-1.885800000000000000e+04,-1.281600000000000000e+04,-1.485700000000000000e+04
-2.036300000000000000e+04,-2.032000000000000000e+04,9.803000000000000000e+03,-1.163000000000000000e+04,-6.787000000000000000e+03,-2.915900000000000000e+04,-2.178500000000000000e+04,-1.568300000000000000e+04
-1.811900000000000000e+04,-1.841800000000000000e+04,-1.204000000000000000e+04,3.225000000000000000e+03,-1.888800000000000000e+04,1.277300000000000000e+04,-2.021500000000000000e+04,-1.653500000000000000e+04
-3.569800000000000000e+04,-2.629900000000000000e+04,5.342000000000000000e+03,-1.295100000000000000e+04,-2.076200000000000000e+04,-2.000500000000000000e+04,-5.500000000000000000e+03,-1.926600000000000000e+04
-7.187000000000000000e+03,-2.184600000000000000e+04,-6.671000000000000000e+03,9.049000000000000000e+03,-2.318700000000000000e+04,-2.385400000000000000e+04,-1.111800000000000000e+04,-2.870400000000000000e+04
-2.035200000000000000e+04,-1.493100000000000000e+04,-1.360700000000000000e+04,1.835900000000000000e+04,-2.062400000000000000e+04,-2.132400000000000000e+04,-1.172600000000000000e+04,-1.992600000000000000e+04
-1.319100000000000000e+04,-1.615500000000000000e+04,-1.183600000000000000e+04,-1.126200000000000000e+04,-1.168200000000000000e+04,1.230700000000000000e+04,-2.102800000000000000e+04,-1.615800000000000000e+04
-1.020100000000000000e+04,2.389300000000000000e+04,-1.518600000000000000e+04,-1.379500000000000000e+04,-2.285300000000000000e+04,-3.888500000000000000e+04,-1.404600000000000000e+04,-2.162700000000000000e+04
-1.635400000000000000e+04,-2.252500000000000000e+04,-1.719100000000000000e+04,8.125000000000000000e+03,-1.314800000000000000e+04,-1.752000000000000000e+03,-2.123100000000000000e+04,-2.034700000000000000e+04
-2.572500000000000000e+04,-2.169300000000000000e+04,-2.068100000000000000e+04,2.208800000000000000e+04,-1.653400000000000000e+04,-1.442100000000000000e+04,-5.908000000000000000e+03,-2.564500000000000000e+04
-1.645000000000000000e+04,-1.211000000000000000e+04,-1.816200000000000000e+04,-1.667700000000000000e+04,-1.129100000000000000e+04,-2.752000000000000000e+04,-1.323900000000000000e+04,1.453900000000000000e+04
-2.368000000000000000e+04,-1.445500000000000000e+04,-1.653900000000000000e+04,-1.287700000000000000e+04,-1.825900000000000000e+04,1.901700000000000000e+04,-1.534100000000000000e+04,-1.862200000000000000e+04
-3.324900000000000000e+04,-1.872400000000000000e+04,1.821000000000000000e+03,-2.441000000000000000e+03,-7.781000000000000000e+03,-1.959100000000000000e+04,-5.575000000000000000e+03,-2.247100000000000000e+04
-1.510500000000000000e+04,-1.970300000000000000e+04,-9.331000000000000000e+03,-2.838000000000000000e+03,-2.112300000000000000e+04,-1.433400000000000000e+04,6.542000000000000000e+03,-2.260700000000000000e+04
-4.200000000000000000e+03,-2.141500000000000000e+04,-2.174400000000000000e+04,4.601000000000000000e+03,-1.893300000000000000e+04,-1.147400000000000000e+04,-1.863600000000000000e+04,-2.196700000000000000e+04
-1.889700000000000000e+04,-1.542800000000000000e+04,-8.697000000000000000e+03,-4.046000000000000000e+03,3.246000000000000000e+03,-7.117000000000000000e+03,-2.127100000000000000e+04,-1.525200000000000000e+04
-2.243800000000000000e+04,-1.539200000000000000e+04,-2.102100000000000000e+04,-1.337500000000000000e+04,-1.584400000000000000e+04,-2.384700000000000000e+04,1.556900000000000000e+04,-1.394200000000000000e+04
-3.852000000000000000e+03,-1.280900000000000000e+04,-2.119600000000000000e+04,5.351000000000000000e+03,-5.632000000000000000e+03,-2.467000000000000000e+03,-1.680000000000000000e+04,-1.707400000000000000e+04
-1.782200000000000000e+04,-1.896100000000000000e+04,2.571900000000000000e+04,-2.336300000000000000e+04,-2.206200000000000000e+04,-3.056600000000000000e+04,-1.898200000000000000e+04,-1.227800000000000000e+04
-1.907800000000000000e+04,-1.370400000000000000e+04,-1.167600000000000000e+04,-2.130000000000000000e+04,2.070300000000000000e+04,-8.307000000000000000e+03,-2.164200000000000000e+04,-2.067100000000000000e+04
-5.022000000000000000e+03,-2.160400000000000000e+04,-1.429800000000000000e+04,1.633000000000000000e+03,-1.803900000000000000e+04,-1.920700000000000000e+04,-1.389200000000000000e+04,-2.454600000000000000e+04
-2.167400000000000000e+04,-1.143400000000000000e+04,5.236000000000000000e+03,-2.890000000000000000e+03,-1.487600000000000000e+04,-2.397500000000000000e+04,-1.283300000000000000e+04,-1.461300000000000000e+04
1.221100000000000000e+04,-1.466900000000000000e+04,-1.097600000000000000e+04,-7.300000000000000000e+03,-3.164100000000000000e+04,-3.027300000000000000e+04,-1.694700000000000000e+04,-2.995500000000000000e+04
-2.639200000000000000e+04,-2.317900000000000000e+04,-1.394200000000000000e+04,-1.350500000000000000e+04,-2.548500000000000000e+04,-1.792000000000000000e+04,1.718900000000000000e+04,-2.601000000000000000e+04
1.565000000000000000e+04,-1.157700000000000000e+04,-2.091300000000000000e+04,-7.157000000000000000e+03,-1.967400000000000000e+04,-3.850000000000000000e+03,-1.668800000000000000e+04,-2.506200000000000000e+04
-8.160000000000000000e+03,-2.563100000000000000e+04,-1.657300000000000000e+04,2.572000000000000000e+03,-2.456000000000000000e+04,-2.016000000000000000e+04,-2.702000000000000000e+03,-2.993700000000000000e+04
-3.002400000000000000e+04,-2.117400000000000000e+04,1.923200000000000000e+04,-3.937000000000000000e+03,-1.572000000000000000e+04,-1.826300000000000000e+04,-1.566700000000000000e+04,-2.128500000000000000e+04
-3.849100000000000000e+04,-1.791900000000000000e+04,-8.140000000000000000e+03,-7.276000000000000000e+03,-2.008100000000000000e+04,-2.822700000000000000e+04,-4.293000000000000000e+03,-2.725600000000000000e+04
-2.300900000000000000e+04,-1.701300000000000000e+04,-3.772000000000000000e+03,2.466000000000000000e+03,-1.271300000000000000e+04,-8.566000000000000000e+03,-1.706700000000000000e+04,-2.303500000000000000e+04
-2.715800000000000000e+04,3.658900000000000000e+04,-2.263500000000000000e+04,-2.035900000000000000e+04,-2.036300000000000000e+04,-3.166700000000000000e+04,-1.923200000000000000e+04,-2.412300000000000000e+04
-2.104400000000000000e+04,-1.593600000000000000e+04,-1.756700000000000000e+04,-1.691000000000000000e+03,-3.262900000000000000e+04,-3.374000000000000000e+03,-2.541200000000000000e+04,-2.235700000000000000e+04
-2.369300000000000000e+04,2.514500000000000000e+04,-1.599700000000000000e+04,-2.751000000000000000e+04,-2.703400000000000000e+04,-3.202000000000000000e+04,-1.336900000000000000e+04,-2.428100000000000000e+04
-2.842300000000000000e+04,-1.384700000000000000e+04,-2.250500000000000000e+04,-1.624100000000000000e+04,-2.612000000000000000e+04,-1.247500000000000000e+04,2.007300000000000000e+04,-2.262300000000000000e+04
-3.353900000000000000e+04,-1.664700000000000000e+04,-1.669000000000000000e+04,-1.754400000000000000e+04,-2.724500000000000000e+04,-1.516900000000000000e+04,1.816600000000000000e+04,-2.933000000000000000e+04
-3.025900000000000000e+04,3.597100000000000000e+04,-3.081800000000000000e+04,-3.465200000000000000e+04,-2.034500000000000000e+04,-3.572400000000000000e+04,-1.587700000000000000e+04,-1.974500000000000000e+04
-2.784200000000000000e+04,2.781400000000000000e+04,-1.673800000000000000e+04,-2.089300000000000000e+04,-3.640100000000000000e+04,-3.842200000000000000e+04,-2.408300000000000000e+04,-2.878300000000000000e+04
-2.534400000000000000e+04,2.175300000000000000e+04,-2.329700000000000000e+04,-1.194400000000000000e+04,-2.041400000000000000e+04,-1.590300000000000000e+04,-2.047500000000000000e+04,-2.526400000000000000e+04
1.587200000000000000e+04,-1.528500000000000000e+04,-3.373200000000000000e+04,-7.121000000000000000e+03,-2.503500000000000000e+04,-1.580700000000000000e+04,-1.052100000000000000e+04,-2.888000000000000000e+04
-1.951900000000000000e+04,-1.102900000000000000e+04,-1.722200000000000000e+04,-2.693900000000000000e+04,-1.646300000000000000e+04,-2.864400000000000000e+04,-1.372500000000000000e+04,1.506600000000000000e+04
-2.774700000000000000e+04,-1.321700000000000000e+04,-1.668100000000000000e+04,-2.117900000000000000e+04,-1.594800000000000000e+04,-2.313400000000000000e+04,1.019900000000000000e+04,-1.181700000000000000e+04
-2.518300000000000000e+04,-1.761200000000000000e+04,-1.329100000000000000e+04,-1.503200000000000000e+04,-2.388000000000000000e+04,-2.871500000000000000e+04,2.426100000000000000e+04,-2.670300000000000000e+04
-2.915100000000000000e+04,-1.015100000000000000e+04,-2.046600000000000000e+04,-3.176500000000000000e+04,-2.483000000000000000e+04,-1.402100000000000000e+04,2.558400000000000000e+04,-1.746100000000000000e+04
-1.948700000000000000e+04,-1.794500000000000000e+04,-1.706300000000000000e+04,-4.026000000000000000e+03,-1.729600000000000000e+04,-2.164600000000000000e+04,1.136800000000000000e+04,-2.760500000000000000e+04
-2.156200000000000000e+04,-1.391800000000000000e+04,-2.083200000000000000e+04,-1.779600000000000000e+04,-1.643200000000000000e+04,1.132700000000000000e+04,-1.417800000000000000e+04,-1.955700000000000000e+04
-1.715900000000000000e+04,-1.528300000000000000e+04,-1.655700000000000000e+04,-1.080600000000000000e+04,-1.438900000000000000e+04,-1.928800000000000000e+04,6.825000000000000000e+03,-2.209300000000000000e+04
1.820400000000000000e+04,-2.142200000000000000e+04,-1.420600000000000000e+04,-4.958000000000000000e+03,-2.838600000000000000e+04,-1.126800000000000000e+04,-2.181000000000000000e+04,-2.892600000000000000e+04
-2.312000000000000000e+04,-1.805100000000000000e+04,-1.793000000000000000e+04,-1.678400000000000000e+04,-2.355700000000000000e+04,-1.923400000000000000e+04,2.336300000000000000e+04,-2.315100000000000000e+04
1.449800000000000000e+04,-1.619000000000000000e+04,-2.235600000000000000e+04,-9.484000000000000000e+03,-1.723800000000000000e+04,-1.573400000000000000e+04,-2.328900000000000000e+04,-2.407100000000000000e+04
-2.779100000000000000e+04,-2.743900000000000000e+04,2.068500000000000000e+04,-1.128100000000000000e+04,-2.164600000000000000e+04,-3.074300000000000000e+04,-1.280100000000000000e+04,-2.211900000000000000e+04
-2.234600000000000000e+04,3.330600000000000000e+04,-1.904400000000000000e+04,-2.093900000000000000e+04,-2.460000000000000000e+04,-1.687500000000000000e+04,-2.155800000000000000e+04,-1.932800000000000000e+04
-1.796100000000000000e+04,-2.229700000000000000e+04,-1.366400000000000000e+04,6.318000000000000000e+03,-1.593100000000000000e+04,-2.206700000000000000e+04,9.534000000000000000e+03,-2.047200000000000000e+04
-2.192400000000000000e+04,-1.592500000000000000e+04,-6.693000000000000000e+03,-1.123800000000000000e+04,-2.679400000000000000e+04,-1.445300000000000000e+04,9.230000000000000000e+03,-2.767300000000000000e+04
-1.359600000000000000e+04,-1.594800000000000000e+04,-1.881300000000000000e+04,2.076000000000000000e+03,-2.176600000000000000e+04,-6.382000000000000000e+03,-2.512800000000000000e+04,-1.981700000000000000e+04
-2.202800000000000000e+04,-1.794300000000000000e+04,-1.187400000000000000e+04,-1.696300000000000000e+04,-2.232200000000000000e+04,-2.015400000000000000e+04,2.347100000000000000e+04,-2.395000000000000000e+04
-3.471300000000000000e+04,1.863800000000000000e+04,-1.950200000000000000e+04,-1.771300000000000000e+04,-2.520800000000000000e+04,-2.181600000000000000e+04,-9.399000000000000000e+03,-2.073700000000000000e+04
-2.548400000000000000e+04,1.554900000000000000e+04,-1.867300000000000000e+04,-6.647000000000000000e+03,-1.939200000000000000e+04,-2.362200000000000000e+04,-5.803000000000000000e+03,-1.872200000000000000e+04
-2.977400000000000000e+04,-1.753800000000000000e+04,-1.934200000000000000e+04,-1.310100000000000000e+04,-1.537600000000000000e+04,-1.157700000000000000e+04,1.693600000000000000e+04,-2.067600000000000000e+04
-1.362200000000000000e+04,2.267900000000000000e+04,-2.044200000000000000e+04,-2.370200000000000000e+04,-2.215800000000000000e+04,-2.889000000000000000e+04,-1.240500000000000000e+04,-2.258900000000000000e+04
-2.541200000000000000e+04,-1.068000000000000000e+04,4.761000000000000000e+03,8.351000000000000000e+03,-2.872500000000000000e+04,-2.146700000000000000e+04,-1.709600000000000000e+04,-2.641800000000000000e+04
-7.720000000000000000e+03,-2.156600000000000000e+04,-1.171200000000000000e+04,-1.596000000000000000e+04,6.510000000000000000e+02,-1.115200000000000000e+04,-1.979400000000000000e+04,-1.378600000000000000e+04
-1.378200000000000000e+04,-1.268200000000000000e+04,-1.885400000000000000e+04,-1.736900000000000000e+04,-1.912500000000000000e+04,-2.326800000000000000e+04,-1.800900000000000000e+04,1.777300000000000000e+04
-1.991300000000000000e+04,-1.589600000000000000e+04,-1.521100000000000000e+04,-1.440800000000000000e+04,-1.443700000000000000e+04,-2.377700000000000000e+04,-1.554300000000000000e+04,1.639100000000000000e+04
-5.110000000000000000e+02,-1.898400000000000000e+04,-6.646000000000000000e+03,-5.449000000000000000e+03,-9.272000000000000000e+03,-1.489600000000000000e+04,-1.066700000000000000e+04,-2.908300000000000000e+04
-2.712700000000000000e+04,-1.763200000000000000e+04,-1.746300000000000000e+04,-2.017700000000000000e+04,-2.742700000000000000e+04,-2.415900000000000000e+04,1.445600000000000000e+04,-1.853000000000000000e+04
-1.621400000000000000e+04,-1.301300000000000000e+04,-1.966800000000000000e+04,-6.957000000000000000e+03,-3.332400000000000000e+04,-3.701700000000000000e+04,2.078300000000000000e+04,-2.174300000000000000e+04
-1.643700000000000000e+04,-1.390800000000000000e+04,-1.268000000000000000e+04,-1.808300000000000000e+04,-1.498800000000000000e+04,-2.724900000000000000e+04,-9.588000000000000000e+03,1.310500000000000000e+04
-2.780100000000000000e+04,1.624600000000000000e+04,-1.896700000000000000e+04,-1.462500000000000000e+04,-2.581900000000000000e+04,-1.411100000000000000e+04,-1.252400000000000000e+04,-1.821900000000000000e+04
-1.316700000000000000e+04,-1.182800000000000000e+04,-1.431700000000000000e+04,5.316000000000000000e+03,-3.157700000000000000e+04,-5.359000000000000000e+03,-2.275700000000000000e+04,-2.338700000000000000e+04
3.705000000000000000e+03,-1.470000000000000000e+04,-1.631200000000000000e+04,-5.860000000000000000e+03,-1.578600000000000000e+04,-1.137000000000000000e+04,-2.078000000000000000e+04,-2.514500000000000000e+04
-1.433600000000000000e+04,1.711900000000000000e+04,-1.036900000000000000e+04,-1.896800000000000000e+04,-2.898000000000000000e+04,-1.136500000000000000e+04,-1.365800000000000000e+04,-2.963400000000000000e+04
-9.016000000000000000e+03,-2.637100000000000000e+04,-1.023900000000000000e+04,-6.855000000000000000e+03,-1.197700000000000000e+04,9.495000000000000000e+03,-2.091600000000000000e+04,-1.782000000000000000e+04
-1.344300000000000000e+04,-1.877600000000000000e+04,-2.084000000000000000e+04,-1.493900000000000000e+04,1.894400000000000000e+04,-1.884400000000000000e+04,-1.765500000000000000e+04,-2.284100000000000000e+04
-2.406800000000000000e+04,-1.146300000000000000e+04,-1.615300000000000000e+04,-2.819600000000000000e+04,-1.388100000000000000e+04,-2.640300000000000000e+04,-1.583900000000000000e+04,1.234400000000000000e+04
-1.571200000000000000e+04,-2.092800000000000000e+04,-2.104800000000000000e+04,-7.557000000000000000e+03,9.080000000000000000e+02,-2.051500000000000000e+04,8.121000000000000000e+03,-2.059000000000000000e+04
-2.397600000000000000e+04,-1.600600000000000000e+04,2.713200000000000000e+04,-3.332000000000000000e+04,-1.894000000000000000e+04,-3.008200000000000000e+04,-1.820500000000000000e+04,-1.226800000000000000e+04
-2.017200000000000000e+04,-1.221600000000000000e+04,-1.423500000000000000e+04,-1.530200000000000000e+04,-1.259200000000000000e+04,-2.829600000000000000e+04,-1.414700000000000000e+04,1.474700000000000000e+04
-9.321000000000000000e+03,-7.516000000000000000e+03,1.186000000000000000e+04,-1.356200000000000000e+04,-1.496900000000000000e+04,-1.979500000000000000e+04,-1.101600000000000000e+04,-1.357600000000000000e+04
4.009000000000000000e+03,-9.935000000000000000e+03,-2.198400000000000000e+04,-1.439400000000000000e+04,-1.419500000000000000e+04,-2.083300000000000000e+04,-1.021800000000000000e+04,-2.196000000000000000e+04
-1.884400000000000000e+04,-8.867000000000000000e+03,-1.407200000000000000e+04,-1.022400000000000000e+04,-1.601000000000000000e+04,-1.675400000000000000e+04,1.426100000000000000e+04,-2.514100000000000000e+04
-2.496700000000000000e+04,6.247000000000000000e+03,-1.180500000000000000e+04,-7.560000000000000000e+03,-1.538100000000000000e+04,-4.797000000000000000e+03,-9.491000000000000000e+03,-1.631600000000000000e+04
-1.050800000000000000e+04,-1.645300000000000000e+04,-2.133300000000000000e+04,9.907000000000000000e+03,-1.568600000000000000e+04,-1.085700000000000000e+04,-2.326700000000000000e+04,-2.073200000000000000e+04
-2.955800000000000000e+04,-2.559000000000000000e+04,-1.357400000000000000e+04,-8.152000000000000000e+03,-1.457100000000000000e+04,1.942700000000000000e+04,-2.000300000000000000e+04,-1.606700000000000000e+04
-1.828000000000000000e+04,-2.595600000000000000e+04,-1.570200000000000000e+04,1.537000000000000000e+03,-2.473500000000000000e+04,9.454000000000000000e+03,-2.220900000000000000e+04,-2.188200000000000000e+04
-2.624200000000000000e+04,-2.890500000000000000e+04,-1.079800000000000000e+04,-1.732400000000000000e+04,-2.294900000000000000e+04,1.812400000000000000e+04,-1.330300000000000000e+04,-1.638400000000000000e+04
-7.848000000000000000e+03,6.550000000000000000e+03,-8.420000000000000000e+03,-1.200500000000000000e+04,-2.051200000000000000e+04,-1.884100000000000000e+04,-1.453100000000000000e+04,-2.343300000000000000e+04
-2.327100000000000000e+04,-1.745700000000000000e+04,-1.605200000000000000e+04,7.597000000000000000e+03,-7.596000000000000000e+03,1.905000000000000000e+03,-2.589900000000000000e+04,-1.506200000000000000e+04
-2.757400000000000000e+04,-1.765300000000000000e+04,-2.148700000000000000e+04,-2.792800000000000000e+04,-1.657100000000000000e+04,-2.922600000000000000e+04,1.804900000000000000e+04,-2.214800000000000000e+04
-2.091200000000000000e+04,-1.529600000000000000e+04,-1.732200000000000000e+04,-2.414400000000000000e+04,-1.829500000000000000e+04,-8.917000000000000000e+03,2.101100000000000000e+04,-1.508200000000000000e+04
2.876600000000000000e+04,-2.003000000000000000e+04,-2.654200000000000000e+04,-1.354300000000000000e+04,-2.466400000000000000e+04,-1.171500000000000000e+04,-1.170500000000000000e+04,-2.776400000000000000e+04
-8.673000000000000000e+03,-1.859400000000000000e+04,-1.429900000000000000e+04,-4.471000000000000000e+03,-2.071700000000000000e+04,-4.159000000000000000e+03,-1.465200000000000000e+04,-1.838000000000000000e+04
-1.201100000000000000e+04,-2.984300000000000000e+04,-1.416200000000000000e+04,8.241000000000000000e+03,-1.859700000000000000e+04,1.001000000000000000e+03,-2.074100000000000000e+04,-1.798200000000000000e+04
-1.545000000000000000e+03,-1.234100000000000000e+04,-1.435500000000000000e+04,-3.534000000000000000e+03,3.302000000000000000e+03,-1.827200000000000000e+04,-2.168400000000000000e+04,-2.314000000000000000e+04
-1.357000000000000000e+04,-7.947000000000000000e+03,-3.923000000000000000e+03,-1.178000000000000000e+04,-1.086700000000000000e+04,-2.238100000000000000e+04,-6.226000000000000000e+03,9.372000000000000000e+03
-2.596100000000000000e+04,2.980700000000000000e+04,-2.099200000000000000e+04,-1.251700000000000000e+04,-3.027400000000000000e+04,-3.329800000000000000e+04,-1.319900000000000000e+04,-1.835100000000000000e+04
-2.333400000000000000e+04,-1.196100000000000000e+04,-1.482400000000000000e+04,-1.830900000000000000e+04,-1.236300000000000000e+04,-2.294500000000000000e+04,-1.630200000000000000e+04,1.620500000000000000e+04
-2.060700000000000000e+04,-1.645500000000000000e+04,-1.285500000000000000e+04,-1.614300000000000000e+04,-1.539500000000000000e+04,-1.721600000000000000e+04,-1.785000000000000000e+04,1.439900000000000000e+04
-2.550500000000000000e+04,-1.826900000000000000e+04,-1.374400000000000000e+04,-2.041200000000000000e+04,-2.217700000000000000e+04,-1.808100000000000000e+04,-1.984800000000000000e+04,2.093700000000000000e+04
-2.010900000000000000e+04,-1.441200000000000000e+04,-1.892300000000000000e+04,-1.748100000000000000e+04,-1.618800000000000000e+04,-2.570000000000000000e+04,-1.829700000000000000e+04,1.659200000000000000e+04
-2.341900000000000000e+04,-1.835700000000000000e+04,-1.566400000000000000e+04,-5.545000000000000000e+03,-1.834000000000000000e+04,2.082600000000000000e+04,-2.550700000000000000e+04,-1.700000000000000000e+04
-1.565700000000000000e+04,-1.983100000000000000e+04,1.593700000000000000e+04,-2.641000000000000000e+04,-1.956900000000000000e+04,-2.824400000000000000e+04,-1.645500000000000000e+04,-9.949000000000000000e+03
-1.936200000000000000e+04,-1.437300000000000000e+04,-1.812800000000000000e+04,-7.701000000000000000e+03,-2.150500000000000000e+04,-2.231500000000000000e+04,1.348300000000000000e+04,-2.095300000000000000e+04
-1.781300000000000000e+04,-1.688400000000000000e+04,-2.033700000000000000e+04,-1.427000000000000000e+04,2.768600000000000000e+04,-2.248300000000000000e+04,-2.024100000000000000e+04,-2.193400000000000000e+04
1.537200000000000000e+04,-1.240200000000000000e+04,-1.556600000000000000e+04,-9.119000000000000000e+03,-1.918300000000000000e+04,-1.487100000000000000e+04,-1.963900000000000000e+04,-2.080800000000000000e+04
-1.075700000000000000e+04,-1.834900000000000000e+04,-1.710400000000000000e+04,1.025100000000000000e+04,-1.301300000000000000e+04,-5.717000000000000000e+03,-1.483000000000000000e+04,-2.032600000000000000e+04
-3.140000000000000000e+03,-1.249200000000000000e+04,-1.238400000000000000e+04,-2.838000000000000000e+03,-1.675100000000000000e+04,-1.274500000000000000e+04,-1.761400000000000000e+04,-2.363000000000000000e+04
-1.723000000000000000e+04,-1.261900000000000000e+04,-1.921900000000000000e+04,-1.392900000000000000e+04,-1.862000000000000000e+04,-1.888500000000000000e+04,1.609400000000000000e+04,-2.097100000000000000e+04
-2.178200000000000000e+04,-1.291200000000000000e+04,-1.334300000000000000e+04,-1.838000000000000000e+04,-1.121100000000000000e+04,-2.751600000000000000e+04,-1.731700000000000000e+04,1.665900000000000000e+04
-1.831000000000000000e+04,-1.405000000000000000e+04,-1.124100000000000000e+04,-2.268500000000000000e+04,-1.275400000000000000e+04,-2.624000000000000000e+04,-1.635900000000000000e+04,1.328200000000000000e+04
-8.332000000000000000e+03,-2.099300000000000000e+04,-1.424300000000000000e+04,1.425500000000000000e+04,-1.528500000000000000e+04,-1.666300000000000000e+04,-1.034300000000000000e+04,-1.955900000000000000e+04
-2.225900000000000000e+04,-1.618200000000000000e+04,-1.046600000000000000e+04,-1.181000000000000000e+03,-2.819300000000000000e+04,-2.980100000000000000e+04,9.770000000000000000e+03,-1.969600000000000000e+04
-1.400900000000000000e+04,-1.466700000000000000e+04,-1.920000000000000000e+04,-1.713900000000000000e+04,1.297000000000000000e+04,-2.776000000000000000e+04,-2.422500000000000000e+04,-1.497000000000000000e+04
-6.175000000000000000e+03,-1.679700000000000000e+04,-1.917500000000000000e+04,4.500000000000000000e+02,-1.282600000000000000e+04,2.987000000000000000e+03,-1.751800000000000000e+04,-1.931200000000000000e+04
-2.120700000000000000e+04,1.878200000000000000e+04,-1.665200000000000000e+04,-1.342200000000000000e+04,-2.933200000000000000e+04,-2.588900000000000000e+04,-1.478300000000000000e+04,-2.158200000000000000e+04
-1.937300000000000000e+04,-1.413800000000000000e+04,-1.238800000000000000e+04,-1.987600000000000000e+04,-1.237100000000000000e+04,-2.562800000000000000e+04,-1.431300000000000000e+04,1.380700000000000000e+04
-1.545600000000000000e+04,-1.185200000000000000e+04,-1.534500000000000000e+04,3.204000000000000000e+03,-4.539000000000000000e+03,2.645000000000000000e+03,-1.275800000000000000e+04,-1.469600000000000000e+04
-2.710900000000000000e+04,-1.709600000000000000e+04,8.010000000000000000e+03,-2.339600000000000000e+04,-1.088100000000000000e+04,-2.372500000000000000e+04,-1.045200000000000000e+04,-7.997000000000000000e+03
-2.300800000000000000e+04,-1.591700000000000000e+04,-1.101100000000000000e+04,-2.370200000000000000e+04,-1.829500000000000000e+04,-1.380900000000000000e+04,-1.213700000000000000e+04,1.537800000000000000e+04
-1.633900000000000000e+04,-1.781800000000000000e+04,-1.268100000000000000e+04,-3.824000000000000000e+03,-1.950600000000000000e+04,-2.172800000000000000e+04,6.638000000000000000e+03,-1.901800000000000000e+04
-1.570200000000000000e+04,2.429400000000000000e+04,-1.870900000000000000e+04,-1.263900000000000000e+04,-1.385700000000000000e+04,-2.778400000000000000e+04,-1.168300000000000000e+04,-1.943200000000000000e+04
-2.726000000000000000e+04,-1.283700000000000000e+04,-2.162400000000000000e+04,-2.105300000000000000e+04,-1.587600000000000000e+04,-1.828500000000000000e+04,1.815700000000000000e+04,-2.263800000000000000e+04
-2.436800000000000000e+04,-1.726900000000000000e+04,-1.361900000000000000e+04,-3.075400000000000000e+04,-2.126800000000000000e+04,-2.390600000000000000e+04,2.019400000000000000e+04,-2.529300000000000000e+04
-2.269100000000000000e+04,-1.178200000000000000e+04,-1.282200000000000000e+04,-2.180700000000000000e+04,-1.405000000000000000e+04,-2.611200000000000000e+04,-1.489000000000000000e+04,1.556900000000000000e+04
-2.533100000000000000e+04,-1.574400000000000000e+04,-1.592300000000000000e+04,-1.743000000000000000e+04,-1.747600000000000000e+04,-1.716400000000000000e+04,1.669600000000000000e+04,-2.180000000000000000e+04
-2.159900000000000000e+04,2.956800000000000000e+04,-1.930400000000000000e+04,-3.202500000000000000e+04,-2.631500000000000000e+04,-3.325700000000000000e+04,-1.194400000000000000e+04,-2.235200000000000000e+04
-1.534300000000000000e+04,-2.282300000000000000e+04,-1.406100000000000000e+04,-1.107600000000000000e+04,-2.807900000000000000e+04,-2.465400000000000000e+04,6.513000000000000000e+03,-2.165400000000000000e+04
-2.452000000000000000e+04,-1.552900000000000000e+04,-1.344800000000000000e+04,-2.280900000000000000e+04,-2.277400000000000000e+04,-1.689000000000000000e+04,1.800900000000000000e+04,-2.445700000000000000e+04
-1.870300000000000000e+04,-2.423200000000000000e+04,-1.593700000000000000e+04,-1.291000000000000000e+04,-2.343800000000000000e+04,-2.233400000000000000e+04,2.045100000000000000e+04,-2.676100000000000000e+04
3.720000000000000000e+02,1.911000000000000000e+03,-9.066000000000000000e+03,2.818000000000000000e+03,-2.652600000000000000e+04,-2.300800000000000000e+04,-1.961500000000000000e+04,-2.548900000000000000e+04
-1.892700000000000000e+04,2.826000000000000000e+04,-2.146400000000000000e+04,-3.001100000000000000e+04,-3.312500000000000000e+04,-3.350500000000000000e+04,-1.081600000000000000e+04,-2.251400000000000000e+04
-2.424100000000000000e+04,-1.790600000000000000e+04,-1.452300000000000000e+04,-1.732400000000000000e+04,-3.164700000000000000e+04,-2.248300000000000000e+04,2.472200000000000000e+04,-3.033300000000000000e+04
-2.137200000000000000e+04,-1.971500000000000000e+04,-7.942000000000000000e+03,-2.122100000000000000e+04,-1.978000000000000000e+04,-1.810200000000000000e+04,9.382000000000000000e+03,-1.910600000000000000e+04
-1.957800000000000000e+04,-2.229800000000000000e+04,-2.151900000000000000e+04,2.429000000000000000e+03,-1.685900000000000000e+04,-1.354000000000000000e+03,-1.808300000000000000e+04,-2.127500000000000000e+04
-2.273900000000000000e+04,-1.256600000000000000e+04,-1.615300000000000000e+04,-1.758000000000000000e+04,-1.723700000000000000e+04,-2.294200000000000000e+04,-1.549300000000000000e+04,1.950200000000000000e+04
7.367000000000000000e+03,-1.494200000000000000e+04,-2.393200000000000000e+04,-7.596000000000000000e+03,-2.478100000000000000e+04,-1.341900000000000000e+04,-1.315900000000000000e+04,-2.787200000000000000e+04
-1.681300000000000000e+04,7.228000000000000000e+03,-2.056300000000000000e+04,-1.322000000000000000e+03,-1.752400000000000000e+04,-1.753200000000000000e+04,-1.601000000000000000e+03,-1.051900000000000000e+04
-2.148500000000000000e+04,-1.425800000000000000e+04,-1.641000000000000000e+04,-1.541200000000000000e+04,-1.433700000000000000e+04,-2.332900000000000000e+04,-1.622400000000000000e+04,1.409100000000000000e+04
-1.995700000000000000e+04,-1.325300000000000000e+04,-1.876600000000000000e+04,-2.049400000000000000e+04,-1.271100000000000000e+04,-2.122600000000000000e+04,-1.643700000000000000e+04,1.892000000000000000e+04
-1.972500000000000000e+04,-1.908000000000000000e+04,-1.825400000000000000e+04,-1.238400000000000000e+04,-1.807900000000000000e+04,9.417000000000000000e+03,-8.142000000000000000e+03,-1.883000000000000000e+04
-3.022200000000000000e+04,-1.606500000000000000e+04,-1.250500000000000000e+04,1.093500000000000000e+04,-2.466700000000000000e+04,-9.068000000000000000e+03,-2.254900000000000000e+04,-2.060400000000000000e+04
-3.464800000000000000e+04,3.318000000000000000e+04,-2.214200000000000000e+04,-1.950000000000000000e+04,-2.306100000000000000e+04,-3.127700000000000000e+04,-1.891400000000000000e+04,-1.660800000000000000e+04
-1.338900000000000000e+04,-1.900400000000000000e+04,3.335000000000000000e+03,-1.754100000000000000e+04,-6.957000000000000000e+03,-2.457600000000000000e+04,-1.668200000000000000e+04,-1.581800000000000000e+04
1.715200000000000000e+04,-1.294300000000000000e+04,-1.949400000000000000e+04,-7.622000000000000000e+03,-2.317900000000000000e+04,-1.597500000000000000e+04,-1.903900000000000000e+04,-2.813400000000000000e+04
3.183800000000000000e+04,-2.117700000000000000e+04,-2.858100000000000000e+04,-2.059000000000000000e+04,-2.028500000000000000e+04,-2.227400000000000000e+04,-7.075000000000000000e+03,-2.836000000000000000e+04
-3.408400000000000000e+04,-2.199400000000000000e+04,2.957300000000000000e+04,-3.149300000000000000e+04,-2.173000000000000000e+04,-2.742500000000000000e+04,-1.697800000000000000e+04,-1.199500000000000000e+04
-2.680700000000000000e+04,-2.012700000000000000e+04,1.203900000000000000e+04,-1.770200000000000000e+04,-1.405300000000000000e+04,-3.747600000000000000e+04,-1.722500000000000000e+04,-1.823300000000000000e+04
-2.759800000000000000e+04,-1.163800000000000000e+04,-1.967100000000000000e+04,-2.451200000000000000e+04,-1.797300000000000000e+04,-9.737000000000000000e+03,1.769000000000000000e+04,-2.049600000000000000e+04
-1.783500000000000000e+04,-1.451100000000000000e+04,-1.667200000000000000e+04,-1.971200000000000000e+04,-1.551300000000000000e+04,-2.903500000000000000e+04,-1.432400000000000000e+04,1.761500000000000000e+04
-2.299400000000000000e+04,1.904200000000000000e+04,-1.627800000000000000e+04,-1.719500000000000000e+04,-2.132000000000000000e+04,-2.259600000000000000e+04,-1.590500000000000000e+04,-1.837300000000000000e+04
-6.605000000000000000e+03,-8.599000000000000000e+03,-1.848000000000000000e+04,1.174000000000000000e+03,-1.127400000000000000e+04,3.440000000000000000e+02,-1.124700000000000000e+04,-1.906100000000000000e+04
-1.571700000000000000e+04,-1.719300000000000000e+04,-1.892900000000000000e+04,-1.562200000000000000e+04,-2.289400000000000000e+04,-1.926000000000000000e+04,2.391100000000000000e+04,-2.711200000000000000e+04
-1.503800000000000000e+04,-1.692600000000000000e+04,3.265000000000000000e+03,1.576000000000000000e+03,-2.436400000000000000e+04,-4.817000000000000000e+03,-1.650200000000000000e+04,-2.568600000000000000e+04
-2.180600000000000000e+04,-1.870500000000000000e+04,-1.884400000000000000e+04,-2.390600000000000000e+04,-2.691400000000000000e+04,-1.874800000000000000e+04,2.546800000000000000e+04,-2.625700000000000000e+04
-7.395000000000000000e+03,1.503800000000000000e+04,-1.472900000000000000e+04,-2.494400000000000000e+04,-2.460300000000000000e+04,-2.917400000000000000e+04,-1.341900000000000000e+04,-2.161600000000000000e+04
-2.521600000000000000e+04,-1.702900000000000000e+04,-1.370100000000000000e+04,-1.761900000000000000e+04,-2.019500000000000000e+04,-1.724900000000000000e+04,1.718400000000000000e+04,-1.721000000000000000e+04
1.311800000000000000e+04,-1.652500000000000000e+04,-1.806100000000000000e+04,-2.856000000000000000e+03,-1.707500000000000000e+04,-1.511800000000000000e+04,-1.724500000000000000e+04,-2.714800000000000000e+04
-1.601600000000000000e+04,-1.651300000000000000e+04,-1.423000000000000000e+04,-1.620800000000000000e+04,-1.736500000000000000e+04,-2.633300000000000000e+04,-1.281100000000000000e+04,1.792100000000000000e+04
-1.501900000000000000e+04,-1.847700000000000000e+04,-1.006100000000000000e+04,-1.927100000000000000e+04,-2.526400000000000000e+04,-2.711000000000000000e+04,2.020700000000000000e+04,-2.543400000000000000e+04
-3.896000000000000000e+03,-1.670900000000000000e+04,-1.915800000000000000e+04,-1.383100000000000000e+04,-2.196800000000000000e+04,-2.613500000000000000e+04,1.033800000000000000e+04,-1.861400000000000000e+04
-1.142100000000000000e+04,-1.334600000000000000e+04,-1.899800000000000000e+04,-3.440000000000000000e+02,-2.208800000000000000e+04,-2.494400000000000000e+04,-4.922000000000000000e+03,-2.319700000000000000e+04
-2.459600000000000000e+04,2.821300000000000000e+04,-2.074600000000000000e+04,-3.095500000000000000e+04,-2.102600000000000000e+04,-3.769000000000000000e+04,-1.671700000000000000e+04,-2.127400000000000000e+04
-7.988000000000000000e+03,-8.980000000000000000e+03,9.511000000000000000e+03,-1.068400000000000000e+04,-1.039300000000000000e+04,-1.921100000000000000e+04,-1.275300000000000000e+04,-1.511500000000000000e+04
-2.374100000000000000e+04,-7.380000000000000000e+03,-1.954300000000000000e+04,1.040000000000000000e+03,-1.039800000000000000e+04,-4.003000000000000000e+03,-1.687000000000000000e+04,-1.413100000000000000e+04
1.254500000000000000e+04,-1.917800000000000000e+04,-1.252600000000000000e+04,-1.781000000000000000e+03,-3.164900000000000000e+04,1.252000000000000000e+03,-1.996300000000000000e+04,-2.853600000000000000e+04
-1.717100000000000000e+04,-2.161900000000000000e+04,-1.562700000000000000e+04,1.643200000000000000e+04,-2.909300000000000000e+04,-9.890000000000000000e+02,-2.364200000000000000e+04,-2.647100000000000000e+04
-2.403600000000000000e+04,1.786600000000000000e+04,-2.186000000000000000e+04,-2.075900000000000000e+04,-2.420700000000000000e+04,-2.559000000000000000e+04,-7.393000000000000000e+03,-2.224000000000000000e+04
-2.511100000000000000e+04,-2.218700000000000000e+04,-1.714400000000000000e+04,-1.739300000000000000e+04,-1.612500000000000000e+04,-1.576000000000000000e+04,-1.612500000000000000e+04,2.106700000000000000e+04
-1.586800000000000000e+04,-2.281600000000000000e+04,-1.585800000000000000e+04,-1.361200000000000000e+04,-1.353900000000000000e+04,1.234300000000000000e+04,-1.114400000000000000e+04,-1.976500000000000000e+04
-4.187000000000000000e+03,-1.450400000000000000e+04,-1.880500000000000000e+04,-8.282000000000000000e+03,-2.361500000000000000e+04,8.289000000000000000e+03,-1.930300000000000000e+04,-2.910300000000000000e+04
-2.167100000000000000e+04,-1.970500000000000000e+04,-1.337300000000000000e+04,-1.105900000000000000e+04,-2.307300000000000000e+04,-2.818400000000000000e+04,2.551300000000000000e+04,-2.615400000000000000e+04
-3.030600000000000000e+04,-1.122300000000000000e+04,-9.799000000000000000e+03,-1.547000000000000000e+04,-2.681300000000000000e+04,-2.629500000000000000e+04,1.321700000000000000e+04,-2.548400000000000000e+04
-3.194700000000000000e+04,2.350400000000000000e+04,-2.345300000000000000e+04,-1.542800000000000000e+04,-2.216100000000000000e+04,-2.522500000000000000e+04,-1.955500000000000000e+04,-1.846000000000000000e+04
-1.253500000000000000e+04,-2.424300000000000000e+04,-2.000600000000000000e+04,1.396000000000000000e+04,-1.551600000000000000e+04,-2.411300000000000000e+04,-7.788000000000000000e+03,-1.765700000000000000e+04
-2.495200000000000000e+04,-1.717000000000000000e+04,2.828800000000000000e+04,-2.652900000000000000e+04,-1.836000000000000000e+04,-1.895900000000000000e+04,-1.620100000000000000e+04,-1.683500000000000000e+04
-4.210900000000000000e+04,-2.963600000000000000e+04,2.748400000000000000e+04,-1.572700000000000000e+04,-1.773900000000000000e+04,-1.469900000000000000e+04,-1.548400000000000000e+04,-1.948100000000000000e+04
-1.187700000000000000e+04,-9.256000000000000000e+03,-4.398000000000000000e+03,-1.851200000000000000e+04,-1.316300000000000000e+04,-2.969100000000000000e+04,-1.333200000000000000e+04,1.030400000000000000e+04
-2.298100000000000000e+04,-1.305800000000000000e+04,-1.405100000000000000e+04,-2.182400000000000000e+04,-1.731600000000000000e+04,-2.681400000000000000e+04,-1.504400000000000000e+04,1.456600000000000000e+04
6.747000000000000000e+03,-1.696900000000000000e+04,-2.026500000000000000e+04,-1.435800000000000000e+04,-1.201000000000000000e+03,-1.692700000000000000e+04,-1.858200000000000000e+04,-2.667000000000000000e+04
-8.733000000000000000e+03,-1.557300000000000000e+04,-1.641200000000000000e+04,1.275300000000000000e+04,-2.668500000000000000e+04,-1.313300000000000000e+04,-6.243000000000000000e+03,-2.274500000000000000e+04
1.678000000000000000e+03,-1.309200000000000000e+04,-7.769000000000000000e+03,-4.082000000000000000e+03,-7.533000000000000000e+03,-5.712000000000000000e+03,-2.219700000000000000e+04,-1.980400000000000000e+04
-1.422400000000000000e+04,-1.367100000000000000e+04,-2.120000000000000000e+04,-2.213600000000000000e+04,-1.944200000000000000e+04,-1.016300000000000000e+04,1.973100000000000000e+04,-2.238300000000000000e+04
-1.637000000000000000e+04,-1.852600000000000000e+04,-2.024900000000000000e+04,-2.636500000000000000e+04,-1.349600000000000000e+04,-2.080600000000000000e+04,1.609900000000000000e+04,-2.183900000000000000e+04
-2.548500000000000000e+04,-1.594400000000000000e+04,-1.919500000000000000e+04,2.307700000000000000e+04,-1.288400000000000000e+04,-1.440400000000000000e+04,-5.723000000000000000e+03,-2.186600000000000000e+04
-2.382800000000000000e+04,-1.708400000000000000e+04,-2.580000000000000000e+04,-2.653400000000000000e+04,-2.893900000000000000e+04,-1.799400000000000000e+04,2.658700000000000000e+04,-2.425400000000000000e+04
-8.457000000000000000e+03,-1.832200000000000000e+04,-1.943600000000000000e+04,-1.703800000000000000e+04,1.323500000000000000e+04,-1.371400000000000000e+04,-1.444500000000000000e+04,-1.387700000000000000e+04
-1.697700000000000000e+04,1.046900000000000000e+04,-1.844000000000000000e+04,-4.966000000000000000e+03,-2.122900000000000000e+04,-2.208700000000000000e+04,-1.544700000000000000e+04,-2.283700000000000000e+04
-2.017700000000000000e+04,-2.121900000000000000e+04,-1.842600000000000000e+04,-2.281600000000000000e+04,-2.492700000000000000e+04,-2.499200000000000000e+04,2.856900000000000000e+04,-2.822200000000000000e+04
-1.375200000000000000e+04,-1.728800000000000000e+04,-1.859600000000000000e+04,-2.770800000000000000e+04,-2.530400000000000000e+04,-2.163400000000000000e+04,1.942900000000000000e+04,-2.830800000000000000e+04
-2.447600000000000000e+04,-5.022000000000000000e+03,-2.641600000000000000e+04,-2.961000000000000000e+03,-1.823100000000000000e+04,-1.707600000000000000e+04,-2.167000000000000000e+03,-2.084400000000000000e+04
-2.201300000000000000e+04,-1.685900000000000000e+04,-1.911800000000000000e+04,-1.112700000000000000e+04,-1.951300000000000000e+04,7.966000000000000000e+03,-2.123400000000000000e+04,-1.820400000000000000e+04
-1.817000000000000000e+04,-1.972200000000000000e+04,-1.807500000000000000e+04,-1.854600000000000000e+04,-2.869100000000000000e+04,-1.480100000000000000e+04,1.123100000000000000e+04,-2.638000000000000000e+04
-2.563400000000000000e+04,1.050400000000000000e+04,-2.716500000000000000e+04,-4.552100000000000000e+04,-2.634400000000000000e+04,-1.539500000000000000e+04,-8.237000000000000000e+03,-2.459700000000000000e+04
-1.528400000000000000e+04,-1.622800000000000000e+04,-1.976700000000000000e+04,-1.569100000000000000e+04,-2.081900000000000000e+04,-1.686100000000000000e+04,1.719600000000000000e+04,-2.644900000000000000e+04
-1.498500000000000000e+04,-1.665800000000000000e+04,-2.272600000000000000e+04,-7.820000000000000000e+03,-1.705100000000000000e+04,7.661000000000000000e+03,-7.853000000000000000e+03,-2.850300000000000000e+04
-2.820100000000000000e+04,-1.436200000000000000e+04,-2.642600000000000000e+04,-2.660300000000000000e+04,-1.615700000000000000e+04,-8.766000000000000000e+03,1.892600000000000000e+04,-1.822500000000000000e+04
-1.356000000000000000e+04,-2.441200000000000000e+04,-1.775800000000000000e+04,1.350300000000000000e+04,-2.373900000000000000e+04,-1.392600000000000000e+04,-2.414500000000000000e+04,-2.519200000000000000e+04
-2.117500000000000000e+04,-1.035000000000000000e+04,-1.693200000000000000e+04,-1.878400000000000000e+04,-1.267200000000000000e+04,-2.139800000000000000e+04,-1.328700000000000000e+04,1.385000000000000000e+04
-8.570000000000000000e+03,2.215200000000000000e+04,-2.182800000000000000e+04,-5.476000000000000000e+03,-2.042600000000000000e+04,-2.757400000000000000e+04,-2.311600000000000000e+04,-1.453900000000000000e+04
-1.318400000000000000e+04,-1.758400000000000000e+04,-1.984500000000000000e+04,-1.104300000000000000e+04,-2.661100000000000000e+04,-1.776500000000000000e+04,1.642600000000000000e+04,-2.386000000000000000e+04
-2.509900000000000000e+04,-1.369100000000000000e+04,-1.575500000000000000e+04,-2.004200000000000000e+04,-1.679000000000000000e+04,-2.423100000000000000e+04,-1.860500000000000000e+04,1.776700000000000000e+04
-2.140500000000000000e+04,-1.746200000000000000e+04,-1.781800000000000000e+04,-2.285700000000000000e+04,-1.371200000000000000e+04,-2.453100000000000000e+04,-1.814400000000000000e+04,2.070800000000000000e+04
-1.234900000000000000e+04,2.526600000000000000e+04,-1.523400000000000000e+04,-2.452700000000000000e+04,-3.388600000000000000e+04,-2.648700000000000000e+04,-1.847100000000000000e+04,-2.501300000000000000e+04
-2.287400000000000000e+04,-1.300100000000000000e+04,-1.471900000000000000e+04,-1.882600000000000000e+04,-1.549600000000000000e+04,-2.723600000000000000e+04,-1.474200000000000000e+04,1.861400000000000000e+04
-1.924300000000000000e+04,-1.428400000000000000e+04,-2.059700000000000000e+04,-1.851500000000000000e+04,-1.726100000000000000e+04,-2.551600000000000000e+04,-1.164000000000000000e+04,1.466200000000000000e+04
-2.406800000000000000e+04,-1.636200000000000000e+04,-1.705500000000000000e+04,-1.911700000000000000e+04,-2.962100000000000000e+04,-2.747900000000000000e+04,1.740400000000000000e+04,-2.778600000000000000e+04
-4.149000000000000000e+03,-3.829000000000000000e+03,-1.294000000000000000e+04,1.228400000000000000e+04,-2.180200000000000000e+04,-2.197700000000000000e+04,-1.418600000000000000e+04,-1.898400000000000000e+04
-2.285500000000000000e+04,-1.494200000000000000e+04,-2.353500000000000000e+04,-2.169700000000000000e+04,-1.760400000000000000e+04,-1.517700000000000000e+04,2.012500000000000000e+04,-1.793000000000000000e+04
6.619000000000000000e+03,-1.596500000000000000e+04,-1.429500000000000000e+04,-3.778000000000000000e+03,-2.233900000000000000e+04,-2.506600000000000000e+04,-1.355700000000000000e+04,-2.246300000000000000e+04
-2.161800000000000000e+04,-1.693200000000000000e+04,-1.383700000000000000e+04,-2.050500000000000000e+04,-1.764300000000000000e+04,-2.434400000000000000e+04,-1.772500000000000000e+04,2.016100000000000000e+04
1.707700000000000000e+04,-2.118400000000000000e+04,-2.443100000000000000e+04,-1.233600000000000000e+04,-2.232300000000000000e+04,-9.295000000000000000e+03,-1.048100000000000000e+04,-2.821000000000000000e+04
-1.829500000000000000e+04,-1.763700000000000000e+04,-1.355100000000000000e+04,1.547300000000000000e+04,-2.878200000000000000e+04,-6.658000000000000000e+03,-1.887100000000000000e+04,-2.536800000000000000e+04
-1.235600000000000000e+04,-1.607600000000000000e+04,-1.868800000000000000e+04,-2.494500000000000000e+04,9.624000000000000000e+03,-2.924900000000000000e+04,-2.240400000000000000e+04,-2.128700000000000000e+04
-2.695400000000000000e+04,3.618500000000000000e+04,-2.062300000000000000e+04,-2.623100000000000000e+04,-2.313600000000000000e+04,-2.503600000000000000e+04,-1.786800000000000000e+04,-2.479500000000000000e+04
-1.997800000000000000e+04,-1.438100000000000000e+04,-1.048000000000000000e+04,-1.229900000000000000e+04,-1.584000000000000000e+04,-2.390400000000000000e+04,-1.539800000000000000e+04,1.552500000000000000e+04
1.257000000000000000e+04,-1.943200000000000000e+04,-2.412800000000000000e+04,3.434000000000000000e+03,-3.059600000000000000e+04,-1.999800000000000000e+04,-1.721600000000000000e+04,-2.520600000000000000e+04
-1.113400000000000000e+04,-2.372300000000000000e+04,-1.788500000000000000e+04,-8.020000000000000000e+02,-1.026700000000000000e+04,1.650000000000000000e+03,-1.433300000000000000e+04,-2.202500000000000000e+04
-3.406700000000000000e+04,-3.163300000000000000e+04,2.557600000000000000e+04,-6.691000000000000000e+03,-2.346700000000000000e+04,-3.264300000000000000e+04,-1.153800000000000000e+04,-2.002100000000000000e+04
-1.893300000000000000e+04,-1.722600000000000000e+04,-1.510400000000000000e+04,-2.223000000000000000e+04,1.801700000000000000e+04,-2.191800000000000000e+04,-2.028400000000000000e+04,-1.809800000000000000e+04
-1.641200000000000000e+04,-2.387100000000000000e+04,3.356900000000000000e+04,-2.910300000000000000e+04,-2.030200000000000000e+04,-3.213800000000000000e+04,-1.896100000000000000e+04,-1.354400000000000000e+04
-3.507000000000000000e+04,-1.576600000000000000e+04,-1.057200000000000000e+04,-1.388000000000000000e+04,-1.709400000000000000e+04,-1.792400000000000000e+04,-1.997400000000000000e+04,1.205800000000000000e+04
-2.933900000000000000e+04,-2.092000000000000000e+04,-1.571000000000000000e+04,-1.551000000000000000e+03,-7.661000000000000000e+03,-3.373300000000000000e+04,1.017000000000000000e+03,-2.771700000000000000e+04
-2.505600000000000000e+04,-1.700400000000000000e+04,-1.299700000000000000e+04,1.038500000000000000e+04,-2.021800000000000000e+04,-6.492000000000000000e+03,-1.641800000000000000e+04,-1.801900000000000000e+04
-2.090200000000000000e+04,-1.274400000000000000e+04,-1.457700000000000000e+04,-1.640800000000000000e+04,-1.269400000000000000e+04,-2.645100000000000000e+04,-1.207900000000000000e+04,1.512200000000000000e+04
-2.484200000000000000e+04,-2.311600000000000000e+04,-1.228900000000000000e+04,7.080000000000000000e+03,-1.967500000000000000e+04,-5.814000000000000000e+03,-2.012200000000000000e+04,-1.941200000000000000e+04
-2.369300000000000000e+04,-2.557100000000000000e+04,3.426400000000000000e+04,-2.398100000000000000e+04,-2.661100000000000000e+04,-3.041300000000000000e+04,-1.626400000000000000e+04,-1.855500000000000000e+04
-5.443000000000000000e+03,7.186000000000000000e+03,-1.024700000000000000e+04,-1.920400000000000000e+04,-4.314300000000000000e+04,-1.994400000000000000e+04,-1.926700000000000000e+04,-2.946400000000000000e+04
-1.089300000000000000e+04,9.239000000000000000e+03,-1.422700000000000000e+04,-1.115000000000000000e+04,-3.364000000000000000e+04,-1.803200000000000000e+04,-2.021000000000000000e+04,-2.526400000000000000e+04
3.072500000000000000e+04,-2.082300000000000000e+04,-2.700100000000000000e+04,-6.281000000000000000e+03,-2.734700000000000000e+04,-2.478900000000000000e+04,-1.176000000000000000e+04,-3.068600000000000000e+04
-1.985100000000000000e+04,-2.027900000000000000e+04,-1.632300000000000000e+04,7.461000000000000000e+03,-7.769000000000000000e+03,-1.984300000000000000e+04,-1.195700000000000000e+04,-2.107800000000000000e+04
-1.821500000000000000e+04,-1.516900000000000000e+04,-1.722100000000000000e+04,-1.353400000000000000e+04,-1.262000000000000000e+04,-2.447900000000000000e+04,-1.862400000000000000e+04,1.605000000000000000e+04
-1.386700000000000000e+04,2.594800000000000000e+04,-1.605200000000000000e+04,-2.806500000000000000e+04,-2.526100000000000000e+04,-3.171000000000000000e+04,-1.677500000000000000e+04,-2.446800000000000000e+04
-9.854000000000000000e+03,-1.788600000000000000e+04,2.727000000000000000e+03,-6.632000000000000000e+03,-1.227900000000000000e+04,-1.623400000000000000e+04,-1.781000000000000000e+04,-2.109900000000000000e+04
-3.275900000000000000e+04,2.178900000000000000e+04,-2.170000000000000000e+04,-2.606600000000000000e+04,-2.370200000000000000e+04,-2.780600000000000000e+04,-1.597400000000000000e+04,-2.152300000000000000e+04
-9.677000000000000000e+03,1.977700000000000000e+04,-2.497700000000000000e+04,-2.013000000000000000e+04,-1.655400000000000000e+04,-2.475000000000000000e+04,-2.125200000000000000e+04,-2.200200000000000000e+04
-2.075500000000000000e+04,-1.728100000000000000e+04,-1.693900000000000000e+04,-1.590100000000000000e+04,-1.980500000000000000e+04,-2.289700000000000000e+04,2.944500000000000000e+04,-2.235900000000000000e+04
3.313000000000000000e+03,-1.235700000000000000e+04,-2.450100000000000000e+04,7.986000000000000000e+03,-1.340300000000000000e+04,-5.634000000000000000e+03,-1.727200000000000000e+04,-2.285100000000000000e+04
-1.617700000000000000e+04,1.820300000000000000e+04,-1.749400000000000000e+04,-6.038000000000000000e+03,-8.342000000000000000e+03,-1.170300000000000000e+04,-1.575000000000000000e+04,-1.788400000000000000e+04
-8.773000000000000000e+03,-1.881100000000000000e+04,-1.234700000000000000e+04,2.782000000000000000e+03,-2.020400000000000000e+04,-2.880000000000000000e+02,-2.107200000000000000e+04,-2.461000000000000000e+04
-1.861800000000000000e+04,-2.197300000000000000e+04,-1.469800000000000000e+04,-1.167000000000000000e+03,-1.467900000000000000e+04,1.623400000000000000e+04,-1.481300000000000000e+04,-2.083000000000000000e+04
-1.869200000000000000e+04,-2.566600000000000000e+04,-1.995800000000000000e+04,-6.113000000000000000e+03,5.315000000000000000e+03,2.010000000000000000e+02,-2.084300000000000000e+04,-2.104900000000000000e+04
-2.764100000000000000e+04,2.206500000000000000e+04,-2.574900000000000000e+04,-2.766200000000000000e+04,-2.315000000000000000e+04,-2.341500000000000000e+04,-1.324500000000000000e+04,-1.328900000000000000e+04
-2.110400000000000000e+04,-1.504500000000000000e+04,-1.683800000000000000e+04,-1.563300000000000000e+04,-1.305800000000000000e+04,-2.722200000000000000e+04,-1.493700000000000000e+04,1.613800000000000000e+04
-1.559900000000000000e+04,2.792700000000000000e+04,-2.395000000000000000e+04,-1.664900000000000000e+04,-2.972000000000000000e+04,-3.470600000000000000e+04,-2.148700000000000000e+04,-2.373700000000000000e+04
-2.469600000000000000e+04,-8.088000000000000000e+03,-1.074000000000000000e+04,2.804000000000000000e+03,-1.863800000000000000e+04,1.613000000000000000e+03,-1.016700000000000000e+04,-1.010100000000000000e+04
-1.853800000000000000e+04,2.328800000000000000e+04,-1.439300000000000000e+04,-2.024600000000000000e+04,-3.578500000000000000e+04,-2.652600000000000000e+04,-1.408400000000000000e+04,-2.476500000000000000e+04
-1.053300000000000000e+04,-1.778400000000000000e+04,5.190000000000000000e+02,5.940000000000000000e+02,-1.860700000000000000e+04,-1.417100000000000000e+04,-2.151800000000000000e+04,-2.543500000000000000e+04
-1.751100000000000000e+04,-1.432400000000000000e+04,-1.474200000000000000e+04,-2.057900000000000000e+04,-1.355200000000000000e+04,-2.575600000000000000e+04,-1.400700000000000000e+04,1.265200000000000000e+04
-6.349000000000000000e+03,-1.011700000000000000e+04,9.251000000000000000e+03,-2.068100000000000000e+04,-2.060400000000000000e+04,-9.011000000000000000e+03,-1.169600000000000000e+04,-2.056700000000000000e+04
-1.975700000000000000e+04,-1.051200000000000000e+04,-9.000000000000000000e+03,6.162000000000000000e+03,-1.564500000000000000e+04,-1.369700000000000000e+04,-1.677800000000000000e+04,-2.168900000000000000e+04
-1.689400000000000000e+04,-2.033300000000000000e+04,-1.192500000000000000e+04,-2.199000000000000000e+03,-1.772000000000000000e+04,2.630000000000000000e+02,-1.677400000000000000e+04,-1.539600000000000000e+04
-2.123100000000000000e+04,-1.467500000000000000e+04,-1.588700000000000000e+04,1.268500000000000000e+04,-2.201100000000000000e+04,-1.375900000000000000e+04,4.116000000000000000e+03,-2.221000000000000000e+04
-2.408500000000000000e+04,2.811900000000000000e+04,-2.544800000000000000e+04,-1.398400000000000000e+04,-2.831000000000000000e+04,-3.463800000000000000e+04,-1.683100000000000000e+04,-2.205300000000000000e+04
-1.437700000000000000e+04,-1.096200000000000000e+04,-2.671200000000000000e+04,2.463000000000000000e+03,-2.409500000000000000e+04,-9.187000000000000000e+03,-1.717900000000000000e+04,-2.714000000000000000e+04
-1.254300000000000000e+04,-1.812700000000000000e+04,-2.110000000000000000e+04,-1.217400000000000000e+04,7.660000000000000000e+03,-2.625500000000000000e+04,-2.229300000000000000e+04,-2.208100000000000000e+04
-1.949200000000000000e+04,-1.431200000000000000e+04,-1.772900000000000000e+04,-1.574700000000000000e+04,-1.425400000000000000e+04,-2.107800000000000000e+04,-1.743300000000000000e+04,1.515800000000000000e+04
-2.398000000000000000e+04,-2.499400000000000000e+04,2.058700000000000000e+04,-1.416600000000000000e+04,-2.700100000000000000e+04,-3.384000000000000000e+04,-1.004100000000000000e+04,-1.644200000000000000e+04
-1.798700000000000000e+04,1.768600000000000000e+04,-1.629400000000000000e+04,-1.061300000000000000e+04,-2.096300000000000000e+04,-1.748200000000000000e+04,-1.643900000000000000e+04,-1.900200000000000000e+04
-1.687800000000000000e+04,-1.954500000000000000e+04,-1.763200000000000000e+04,9.944000000000000000e+03,-1.222500000000000000e+04,5.296000000000000000e+03,-2.286500000000000000e+04,-1.892500000000000000e+04
-1.651600000000000000e+04,-1.165300000000000000e+04,-1.588300000000000000e+04,-1.511200000000000000e+04,-1.302300000000000000e+04,-2.662900000000000000e+04,-1.607600000000000000e+04,1.504300000000000000e+04
-2.388700000000000000e+04,-1.467000000000000000e+04,-1.502500000000000000e+04,-1.738100000000000000e+04,-1.611100000000000000e+04,-2.562100000000000000e+04,-1.199500000000000000e+04,1.596700000000000000e+04
-1.000000000000000000e+00,-2.009700000000000000e+04,-1.937300000000000000e+04,2.521000000000000000e+03,-2.511300000000000000e+04,-1.384800000000000000e+04,-2.101600000000000000e+04,-2.486200000000000000e+04
-2.110800000000000000e+04,-2.933700000000000000e+04,-1.528000000000000000e+04,2.225300000000000000e+04,-1.825500000000000000e+04,-1.546700000000000000e+04,-4.544000000000000000e+03,-2.667900000000000000e+04
-1.499900000000000000e+04,-2.863500000000000000e+04,-1.425500000000000000e+04,-8.392000000000000000e+03,-2.115500000000000000e+04,2.534000000000000000e+03,-2.517200000000000000e+04,-2.140300000000000000e+04
-3.797900000000000000e+04,2.806800000000000000e+04,-1.653100000000000000e+04,-3.322800000000000000e+04,-2.688000000000000000e+04,-2.954300000000000000e+04,-1.240500000000000000e+04,-2.246700000000000000e+04
-2.195000000000000000e+04,-2.323400000000000000e+04,-1.183200000000000000e+04,-1.745400000000000000e+04,-2.859300000000000000e+04,-2.630600000000000000e+04,2.192400000000000000e+04,-2.445800000000000000e+04
-1.859100000000000000e+04,-2.000600000000000000e+04,-1.075300000000000000e+04,-1.085900000000000000e+04,2.183600000000000000e+04,-1.902600000000000000e+04,-2.121800000000000000e+04,-1.692600000000000000e+04
-3.280900000000000000e+04,-1.863000000000000000e+04,-1.924500000000000000e+04,-3.110900000000000000e+04,-2.052600000000000000e+04,-1.590100000000000000e+04,2.367400000000000000e+04,-2.439500000000000000e+04
-1.740000000000000000e+04,-1.809000000000000000e+04,-1.309700000000000000e+04,-5.956000000000000000e+03,-1.279200000000000000e+04,1.748400000000000000e+04,-2.768500000000000000e+04,-1.741500000000000000e+04
-2.271900000000000000e+04,-1.567200000000000000e+04,-1.536800000000000000e+04,-2.220700000000000000e+04,-1.770200000000000000e+04,1.504700000000000000e+04,-1.760800000000000000e+04,-1.375700000000000000e+04
-2.724300000000000000e+04,1.699200000000000000e+04,-1.447100000000000000e+04,-1.418900000000000000e+04,-2.898700000000000000e+04,-2.820200000000000000e+04,-8.008000000000000000e+03,-2.155500000000000000e+04
-2.231000000000000000e+04,3.782500000000000000e+04,-2.332900000000000000e+04,-2.142800000000000000e+04,-1.932300000000000000e+04,-2.879700000000000000e+04,-2.010900000000000000e+04,-1.864800000000000000e+04
-2.315000000000000000e+04,2.023600000000000000e+04,-2.623900000000000000e+04,-1.256000000000000000e+04,-2.012900000000000000e+04,-1.614500000000000000e+04,-1.547900000000000000e+04,-1.905500000000000000e+04
2.011000000000000000e+03,-1.081200000000000000e+04,-7.096000000000000000e+03,3.540000000000000000e+02,-2.145600000000000000e+04,-1.658800000000000000e+04,-1.705300000000000000e+04,-2.354400000000000000e+04
-2.131300000000000000e+04,-1.566800000000000000e+04,-1.237500000000000000e+04,-1.909000000000000000e+04,-2.237100000000000000e+04,-2.737000000000000000e+04,1.817600000000000000e+04,-1.927800000000000000e+04
-1.730200000000000000e+04,-1.731500000000000000e+04,-1.585200000000000000e+04,-2.712300000000000000e+04,1.217000000000000000e+04,-2.856400000000000000e+04,-2.358300000000000000e+04,-1.707400000000000000e+04
9.700000000000000000e+01,-1.400700000000000000e+04,-1.860900000000000000e+04,2.125000000000000000e+03,-8.758000000000000000e+03,-1.010200000000000000e+04,-2.360400000000000000e+04,-1.264700000000000000e+04
-2.778300000000000000e+04,-1.715800000000000000e+04,-1.473500000000000000e+04,-2.376100000000000000e+04,-1.571200000000000000e+04,-2.130700000000000000e+04,-1.662400000000000000e+04,2.082000000000000000e+04
4.716000000000000000e+03,-1.175900000000000000e+04,-1.626100000000000000e+04,1.243400000000000000e+04,-1.166400000000000000e+04,-5.226000000000000000e+03,-2.306900000000000000e+04,-1.208400000000000000e+04
-1.934300000000000000e+04,2.291300000000000000e+04,-1.274900000000000000e+04,-2.121900000000000000e+04,-2.494200000000000000e+04,-2.981200000000000000e+04,-1.770000000000000000e+04,-2.113200000000000000e+04
-1.317400000000000000e+04,-2.086800000000000000e+04,-1.940000000000000000e+04,-2.626300000000000000e+04,-1.187600000000000000e+04,-1.946400000000000000e+04,2.397100000000000000e+04,-2.703700000000000000e+04
-3.007000000000000000e+04,-1.543000000000000000e+04,-1.888600000000000000e+04,-1.607700000000000000e+04,-2.078100000000000000e+04,-1.340900000000000000e+04,1.672100000000000000e+04,-2.402900000000000000e+04
-1.103700000000000000e+04,2.733000000000000000e+03,-1.245100000000000000e+04,-2.340500000000000000e+04,-1.506200000000000000e+04,-2.616700000000000000e+04,-1.146000000000000000e+04,-2.795000000000000000e+03
-9.389000000000000000e+03,-9.938000000000000000e+03,-1.025000000000000000e+04,-1.909500000000000000e+04,-1.390500000000000000e+04,-5.636000000000000000e+03,6.638000000000000000e+03,-1.443300000000000000e+04
-1.887100000000000000e+04,-1.337300000000000000e+04,-2.206600000000000000e+04,1.210300000000000000e+04,-2.022000000000000000e+03,-8.334000000000000000e+03,-1.880400000000000000e+04,-2.339600000000000000e+04
-1.837900000000000000e+04,-1.840200000000000000e+04,7.431000000000000000e+03,-1.501000000000000000e+04,-1.073000000000000000e+04,-2.754800000000000000e+04,-8.049000000000000000e+03,-1.494000000000000000e+04
-9.134000000000000000e+03,-1.988900000000000000e+04,8.603000000000000000e+03,2.656000000000000000e+03,-1.148900000000000000e+04,-7.589000000000000000e+03,-1.702400000000000000e+04,-2.701500000000000000e+04
-1.592500000000000000e+04,-1.688200000000000000e+04,-2.360900000000000000e+04,-1.304300000000000000e+04,2.659400000000000000e+04,-1.922500000000000000e+04,-1.901300000000000000e+04,-1.849100000000000000e+04
1.994100000000000000e+04,-1.812600000000000000e+04,-2.822600000000000000e+04,-1.471300000000000000e+04,-1.489000000000000000e+04,-1.928100000000000000e+04,-1.149100000000000000e+04,-2.649200000000000000e+04
-1.995200000000000000e+04,9.796000000000000000e+03,-1.329400000000000000e+04,-1.227200000000000000e+04,-2.200700000000000000e+04,-2.341600000000000000e+04,-2.169900000000000000e+04,-2.064000000000000000e+04
-1.098000000000000000e+04,-2.867900000000000000e+04,-8.842000000000000000e+03,2.392000000000000000e+03,-2.299600000000000000e+04,-1.520000000000000000e+04,-8.873000000000000000e+03,-1.812800000000000000e+04
-1.279000000000000000e+04,-1.838400000000000000e+04,-2.099900000000000000e+04,-1.525700000000000000e+04,-1.414200000000000000e+04,-2.467000000000000000e+04,1.709500000000000000e+04,-2.274100000000000000e+04
-1.218000000000000000e+04,-2.751100000000000000e+04,-1.013900000000000000e+04,-3.321000000000000000e+03,-3.478000000000000000e+03,-2.787300000000000000e+04,-6.706000000000000000e+03,-2.611000000000000000e+04
-2.967900000000000000e+04,-1.901800000000000000e+04,-1.004900000000000000e+04,9.748000000000000000e+03,-1.663400000000000000e+04,-4.718000000000000000e+03,-2.409900000000000000e+04,-2.014200000000000000e+04
-1.436500000000000000e+04,1.697900000000000000e+04,-9.045000000000000000e+03,-1.954100000000000000e+04,-1.807200000000000000e+04,-1.025000000000000000e+04,-1.452400000000000000e+04,-2.017700000000000000e+04
-1.687100000000000000e+04,-9.853000000000000000e+03,-1.594900000000000000e+04,-1.554200000000000000e+04,-1.642900000000000000e+04,-2.832300000000000000e+04,-1.784000000000000000e+04,1.292500000000000000e+04
-2.111300000000000000e+04,-1.239400000000000000e+04,-1.519300000000000000e+04,-2.021800000000000000e+04,-1.414700000000000000e+04,-2.425100000000000000e+04,-1.794100000000000000e+04,1.837100000000000000e+04
-2.004200000000000000e+04,2.211600000000000000e+04,-2.030600000000000000e+04,-7.868000000000000000e+03,-3.561200000000000000e+04,-3.084400000000000000e+04,-1.662700000000000000e+04,-1.963200000000000000e+04
-1.268700000000000000e+04,-1.634800000000000000e+04,-9.325000000000000000e+03,4.473000000000000000e+03,-9.224000000000000000e+03,-1.864100000000000000e+04,-1.532500000000000000e+04,-2.531600000000000000e+04
-2.023800000000000000e+04,-1.492800000000000000e+04,-1.125100000000000000e+04,-9.006000000000000000e+03,-1.891400000000000000e+04,-2.057100000000000000e+04,-1.716600000000000000e+04,1.185500000000000000e+04
-2.286300000000000000e+04,1.907600000000000000e+04,-1.667200000000000000e+04,-2.637200000000000000e+04,-2.762200000000000000e+04,-7.377000000000000000e+03,-2.085500000000000000e+04,-1.729000000000000000e+04
-2.439300000000000000e+04,3.094000000000000000e+04,-2.246800000000000000e+04,-1.723800000000000000e+04,-2.265900000000000000e+04,-2.212700000000000000e+04,-1.335300000000000000e+04,-1.955400000000000000e+04
-1.717200000000000000e+04,2.833500000000000000e+04,-1.851500000000000000e+04,-3.100900000000000000e+04,-2.236300000000000000e+04,-2.974300000000000000e+04,-1.504300000000000000e+04,-1.899100000000000000e+04
-1.652700000000000000e+04,-1.529700000000000000e+04,-1.745800000000000000e+04,-4.349000000000000000e+03,-1.566100000000000000e+04,1.620600000000000000e+04,-2.401500000000000000e+04,-1.779500000000000000e+04
-3.083200000000000000e+04,2.601900000000000000e+04,-1.819900000000000000e+04,-2.462800000000000000e+04,-2.564900000000000000e+04,-3.351700000000000000e+04,-1.364200000000000000e+04,-2.132000000000000000e+04
-2.246500000000000000e+04,-1.453500000000000000e+04,-1.892800000000000000e+04,-1.476100000000000000e+04,-1.552600000000000000e+04,-2.918400000000000000e+04,-1.914200000000000000e+04,1.738200000000000000e+04
-2.847500000000000000e+04,4.252500000000000000e+04,-2.091500000000000000e+04,-1.770700000000000000e+04,-2.475600000000000000e+04,-4.211700000000000000e+04,-2.562300000000000000e+04,-1.744200000000000000e+04
-1.567200000000000000e+04,-2.477800000000000000e+04,-1.719400000000000000e+04,-3.326000000000000000e+03,1.413600000000000000e+04,-1.433200000000000000e+04,-1.981900000000000000e+04,-1.920400000000000000e+04
-2.721400000000000000e+04,1.328900000000000000e+04,-2.059400000000000000e+04,-3.430700000000000000e+04,-2.300000000000000000e+04,-1.006100000000000000e+04,-3.699000000000000000e+03,-2.116700000000000000e+04
-2.435300000000000000e+04,-2.043400000000000000e+04,-1.787400000000000000e+04,-8.392000000000000000e+03,-2.702900000000000000e+04,-3.025000000000000000e+04,2.143500000000000000e+04,-2.721800000000000000e+04
-1.805300000000000000e+04,-2.460500000000000000e+04,-1.587700000000000000e+04,-1.466500000000000000e+04,-7.569000000000000000e+03,8.915000000000000000e+03,-8.291000000000000000e+03,-1.479900000000000000e+04
-2.805000000000000000e+03,-5.976000000000000000e+03,-1.560500000000000000e+04,4.878000000000000000e+03,2.827000000000000000e+03,-2.511200000000000000e+04,-1.121400000000000000e+04,-1.030100000000000000e+04
1.024700000000000000e+04,-1.388500000000000000e+04,-9.225000000000000000e+03,-5.910000000000000000e+02,-2.093700000000000000e+04,-1.699600000000000000e+04,-1.819100000000000000e+04,-2.273400000000000000e+04
-1.248900000000000000e+04,-1.397100000000000000e+04,-1.190000000000000000e+04,7.217000000000000000e+03,-2.340500000000000000e+04,-2.118900000000000000e+04,-5.369000000000000000e+03,-2.683200000000000000e+04
-1.178700000000000000e+04,-1.292200000000000000e+04,-9.030000000000000000e+03,-1.498500000000000000e+04,1.905800000000000000e+04,-1.116500000000000000e+04,-1.793300000000000000e+04,-1.361400000000000000e+04
-1.440600000000000000e+04,-1.428400000000000000e+04,-1.857800000000000000e+04,-2.386000000000000000e+04,-2.457300000000000000e+04,-2.474700000000000000e+04,1.530200000000000000e+04,-1.797600000000000000e+04
-4.544000000000000000e+03,-1.532600000000000000e+04,2.824000000000000000e+03,-1.143300000000000000e+04,-7.777000000000000000e+03,-1.649600000000000000e+04,-1.515000000000000000e+04,-2.593700000000000000e+04
-5.987000000000000000e+03,-1.781300000000000000e+04,-9.422000000000000000e+03,-9.414000000000000000e+03,-5.428000000000000000e+03,-6.462000000000000000e+03,-1.963100000000000000e+04,-2.063500000000000000e+04
-1.192200000000000000e+04,-1.534700000000000000e+04,-1.627700000000000000e+04,-1.369700000000000000e+04,1.402600000000000000e+04,-1.882900000000000000e+04,-2.213200000000000000e+04,-2.122000000000000000e+04
-1.944100000000000000e+04,-1.954100000000000000e+04,-6.953000000000000000e+03,6.703000000000000000e+03,-1.043600000000000000e+04,-1.515300000000000000e+04,-1.997800000000000000e+04,-1.428500000000000000e+04
-2.259400000000000000e+04,-2.593000000000000000e+04,-1.659900000000000000e+04,-1.096000000000000000e+04,-1.956800000000000000e+04,1.319800000000000000e+04,-2.203200000000000000e+04,-2.003300000000000000e+04
-2.396500000000000000e+04,-1.360600000000000000e+04,-1.686000000000000000e+04,-2.594900000000000000e+04,-1.342700000000000000e+04,-2.694100000000000000e+04,-1.434700000000000000e+04,1.817000000000000000e+04
-2.308700000000000000e+04,-1.417400000000000000e+04,-1.344800000000000000e+04,-2.016100000000000000e+04,-1.626200000000000000e+04,-2.379000000000000000e+04,-1.816700000000000000e+04,1.587300000000000000e+04
-1.025300000000000000e+04,-1.962900000000000000e+04,-1.851600000000000000e+04,-7.188000000000000000e+03,1.532700000000000000e+04,-2.483300000000000000e+04,-1.602800000000000000e+04,-2.052100000000000000e+04
-2.561300000000000000e+04,1.952900000000000000e+04,-1.969200000000000000e+04,-2.155400000000000000e+04,-2.832200000000000000e+04,-2.731300000000000000e+04,-1.573900000000000000e+04,-2.135400000000000000e+04
-3.418800000000000000e+04,-1.009200000000000000e+04,-1.825500000000000000e+04,-2.434800000000000000e+04,-2.388500000000000000e+04,-1.827000000000000000e+04,1.678600000000000000e+04,-2.459200000000000000e+04
-2.871300000000000000e+04,-1.647100000000000000e+04,-1.514500000000000000e+04,-2.794600000000000000e+04,-2.240500000000000000e+04,-1.311500000000000000e+04,2.499600000000000000e+04,-2.751200000000000000e+04
-1.861200000000000000e+04,-1.543700000000000000e+04,-1.416300000000000000e+04,-1.929100000000000000e+04,-1.529700000000000000e+04,-9.458000000000000000e+03,1.355600000000000000e+04,-2.363800000000000000e+04
-2.406700000000000000e+04,-1.718700000000000000e+04,-2.056200000000000000e+04,-1.995000000000000000e+04,-1.850000000000000000e+04,-2.294900000000000000e+04,2.102000000000000000e+04,-2.167700000000000000e+04
-2.045200000000000000e+04,-1.610700000000000000e+04,-1.237000000000000000e+04,-1.548700000000000000e+04,-1.928100000000000000e+04,-2.180100000000000000e+04,-1.460700000000000000e+04,1.293200000000000000e+04
-3.087000000000000000e+04,2.275300000000000000e+04,-1.618600000000000000e+04,-1.979700000000000000e+04,-2.285700000000000000e+04,-2.715800000000000000e+04,-2.416100000000000000e+04,-1.495900000000000000e+04
-9.198000000000000000e+03,-1.632200000000000000e+04,-1.451100000000000000e+04,-1.906000000000000000e+03,-1.719800000000000000e+04,-1.995500000000000000e+04,-1.917800000000000000e+04,-2.054200000000000000e+04
1.873800000000000000e+04,-1.853200000000000000e+04,-2.825800000000000000e+04,-2.483000000000000000e+03,-2.387300000000000000e+04,-1.851200000000000000e+04,-1.547000000000000000e+04,-2.688700000000000000e+04
-2.135100000000000000e+04,-2.045000000000000000e+04,-2.286200000000000000e+04,1.445400000000000000e+04,-1.647500000000000000e+04,-1.882500000000000000e+04,-9.659000000000000000e+03,-2.518400000000000000e+04
-1.352300000000000000e+04,-1.437000000000000000e+04,-1.396700000000000000e+04,-2.107200000000000000e+04,-1.180000000000000000e+04,-1.717000000000000000e+04,1.736600000000000000e+04,-1.817900000000000000e+04
-2.613200000000000000e+04,-1.083500000000000000e+04,-1.686400000000000000e+04,-1.176200000000000000e+04,-2.118100000000000000e+04,-2.020300000000000000e+04,1.685000000000000000e+04,-2.864000000000000000e+04
-2.423100000000000000e+04,-1.457500000000000000e+04,-2.125600000000000000e+04,-2.361100000000000000e+04,-2.523700000000000000e+04,-1.569500000000000000e+04,2.593800000000000000e+04,-2.708900000000000000e+04
-6.011000000000000000e+03,-1.419200000000000000e+04,-1.176000000000000000e+04,-4.921000000000000000e+03,-5.919000000000000000e+03,-1.951700000000000000e+04,-1.963600000000000000e+04,-1.773300000000000000e+04
-1.783000000000000000e+03,1.095200000000000000e+04,-1.433900000000000000e+04,-2.537900000000000000e+04,-2.246100000000000000e+04,-1.830400000000000000e+04,-1.954500000000000000e+04,-2.511100000000000000e+04
2.581000000000000000e+03,-1.489900000000000000e+04,-2.372600000000000000e+04,-6.896000000000000000e+03,-2.416400000000000000e+04,-1.094300000000000000e+04,-1.954100000000000000e+04,-2.568000000000000000e+04
-3.190700000000000000e+04,2.199800000000000000e+04,-1.557200000000000000e+04,-1.553800000000000000e+04,-2.877700000000000000e+04,-1.751900000000000000e+04,-1.710700000000000000e+04,-2.248100000000000000e+04
-1.955700000000000000e+04,-1.780300000000000000e+04,2.157800000000000000e+04,-2.536900000000000000e+04,-1.324600000000000000e+04,-2.980500000000000000e+04,-1.893300000000000000e+04,-1.109600000000000000e+04
-1.996400000000000000e+04,2.756300000000000000e+04,-2.052100000000000000e+04,-2.476800000000000000e+04,-2.541600000000000000e+04,-2.762800000000000000e+04,-2.163000000000000000e+04,-2.093300000000000000e+04
-2.012300000000000000e+04,-1.703300000000000000e+04,1.590900000000000000e+04,-2.778700000000000000e+04,-1.146400000000000000e+04,-2.281000000000000000e+04,-2.057500000000000000e+04,-1.798300000000000000e+04
-1.428000000000000000e+04,-1.766800000000000000e+04,-1.901000000000000000e+04,1.006000000000000000e+04,-2.245800000000000000e+04,-1.461000000000000000e+03,-2.572600000000000000e+04,-2.209700000000000000e+04
-2.423600000000000000e+04,-2.028200000000000000e+04,-1.150900000000000000e+04,1.257300000000000000e+04,-1.092200000000000000e+04,-8.480000000000000000e+03,-1.805800000000000000e+04,-2.182400000000000000e+04
-1.819100000000000000e+04,-1.100000000000000000e+04,6.770000000000000000e+03,-1.271300000000000000e+04,-1.457500000000000000e+04,-2.373200000000000000e+04,-8.019000000000000000e+03,-1.218200000000000000e+04
-2.031300000000000000e+04,-1.551400000000000000e+04,-1.959500000000000000e+04,-2.272900000000000000e+04,-1.656500000000000000e+04,-2.331800000000000000e+04,2.423500000000000000e+04,-2.111100000000000000e+04
-2.959900000000000000e+04,-1.912300000000000000e+04,2.488300000000000000e+04,-9.244000000000000000e+03,-1.253700000000000000e+04,-2.336600000000000000e+04,-1.622500000000000000e+04,-2.384000000000000000e+04
-1.367400000000000000e+04,1.812900000000000000e+04,-1.620700000000000000e+04,-1.098300000000000000e+04,-2.587800000000000000e+04,-2.643000000000000000e+04,-1.028600000000000000e+04,-1.536000000000000000e+04
-2.255800000000000000e+04,-1.346200000000000000e+04,-1.035400000000000000e+04,-1.653200000000000000e+04,-9.656000000000000000e+03,-1.523600000000000000e+04,-1.529200000000000000e+04,1.527500000000000000e+04
-3.180100000000000000e+04,2.153100000000000000e+04,-1.998500000000000000e+04,-2.844500000000000000e+04,-1.915100000000000000e+04,-2.099600000000000000e+04,-9.685000000000000000e+03,-1.807300000000000000e+04
1.777200000000000000e+04,-1.600300000000000000e+04,-1.777300000000000000e+04,-5.107000000000000000e+03,-2.162600000000000000e+04,-1.320900000000000000e+04,-1.986500000000000000e+04,-1.932800000000000000e+04
-1.980000000000000000e+04,-2.670200000000000000e+04,-1.808000000000000000e+04,8.096000000000000000e+03,-2.340400000000000000e+04,-2.777000000000000000e+03,-1.629700000000000000e+04,-2.273600000000000000e+04
-1.680000000000000000e+04,1.966700000000000000e+04,-1.878400000000000000e+04,-1.202200000000000000e+04,-2.097600000000000000e+04,-3.021700000000000000e+04,-1.325900000000000000e+04,-1.651700000000000000e+04
-1.145400000000000000e+04,-1.767800000000000000e+04,-2.008200000000000000e+04,-8.526000000000000000e+03,-2.103200000000000000e+04,1.549500000000000000e+04,-2.835200000000000000e+04,-2.016300000000000000e+04
-2.418800000000000000e+04,-3.522000000000000000e+03,-1.135700000000000000e+04,1.496300000000000000e+04,-1.209500000000000000e+04,-1.283000000000000000e+04,-1.524000000000000000e+04,-2.006600000000000000e+04
-2.319500000000000000e+04,-6.776000000000000000e+03,-1.907400000000000000e+04,1.190600000000000000e+04,-1.124600000000000000e+04,-3.613000000000000000e+03,-1.495100000000000000e+04,-1.271800000000000000e+04
-2.417300000000000000e+04,-3.051600000000000000e+04,2.285500000000000000e+04,-1.235900000000000000e+04,-2.574500000000000000e+04,-3.176400000000000000e+04,-1.539300000000000000e+04,-2.222500000000000000e+04
-1.152800000000000000e+04,-2.018100000000000000e+04,-1.106800000000000000e+04,-1.005200000000000000e+04,2.057000000000000000e+03,-1.968900000000000000e+04,-2.104100000000000000e+04,-2.435700000000000000e+04
-2.053200000000000000e+04,1.446800000000000000e+04,-1.580100000000000000e+04,-2.369000000000000000e+04,-2.541800000000000000e+04,-7.724000000000000000e+03,-1.469600000000000000e+04,-2.227300000000000000e+04
-1.997100000000000000e+04,-1.528400000000000000e+04,-4.558000000000000000e+03,-2.698600000000000000e+04,8.202000000000000000e+03,-3.002800000000000000e+04,-2.041700000000000000e+04,-1.291800000000000000e+04
1.401100000000000000e+04,-1.905300000000000000e+04,-8.250000000000000000e+03,-7.250000000000000000e+02,-2.538700000000000000e+04,-1.482000000000000000e+04,-1.215500000000000000e+04,-3.116900000000000000e+04
-7.739000000000000000e+03,-8.879000000000000000e+03,-9.445000000000000000e+03,-4.312000000000000000e+03,-1.262500000000000000e+04,-1.596000000000000000e+04,4.512000000000000000e+03,-1.746600000000000000e+04
-2.899400000000000000e+04,-1.422500000000000000e+04,1.460500000000000000e+04,-9.761000000000000000e+03,-2.160300000000000000e+04,-2.897400000000000000e+04,-1.504000000000000000e+04,-1.110200000000000000e+04
-5.347000000000000000e+03,-2.168300000000000000e+04,-1.595500000000000000e+04,-1.789400000000000000e+04,1.110600000000000000e+04,-1.505100000000000000e+04,-2.050000000000000000e+04,-2.045000000000000000e+04
-2.172900000000000000e+04,-1.482700000000000000e+04,-2.004200000000000000e+04,-2.519900000000000000e+04,-1.822000000000000000e+04,-1.728700000000000000e+04,1.086200000000000000e+04,-2.148300000000000000e+04
8.145000000000000000e+03,-1.739800000000000000e+04,-2.469600000000000000e+04,-3.467000000000000000e+03,-2.768500000000000000e+04,-9.310000000000000000e+03,-1.921000000000000000e+04,-2.634800000000000000e+04
-1.485700000000000000e+04,-2.332200000000000000e+04,-1.146600000000000000e+04,-5.270000000000000000e+03,-1.417200000000000000e+04,-2.396400000000000000e+04,1.255000000000000000e+04,-2.538600000000000000e+04
-1.951600000000000000e+04,-1.653800000000000000e+04,-1.568300000000000000e+04,-3.170100000000000000e+04,-1.130100000000000000e+04,-1.171400000000000000e+04,2.193300000000000000e+04,-2.263900000000000000e+04
-2.384700000000000000e+04,-1.748800000000000000e+04,-1.952000000000000000e+04,5.148000000000000000e+03,-3.992600000000000000e+04,-3.103000000000000000e+03,-2.382100000000000000e+04,-2.532800000000000000e+04
-9.616000000000000000e+03,8.939000000000000000e+03,-1.954200000000000000e+04,2.114000000000000000e+03,-2.212100000000000000e+04,-1.606700000000000000e+04,-2.077500000000000000e+04,-1.946500000000000000e+04
-2.924400000000000000e+04,3.106000000000000000e+04,-1.592900000000000000e+04,-2.075100000000000000e+04,-2.359300000000000000e+04,-3.473300000000000000e+04,-1.268400000000000000e+04,-2.052800000000000000e+04
-2.256500000000000000e+04,-1.519300000000000000e+04,-1.609300000000000000e+04,-2.134200000000000000e+04,-1.510400000000000000e+04,-2.085400000000000000e+04,-1.709700000000000000e+04,2.133600000000000000e+04
1.834000000000000000e+03,-1.284200000000000000e+04,-9.936000000000000000e+03,-8.028000000000000000e+03,-7.270000000000000000e+03,-7.878000000000000000e+03,-2.123700000000000000e+04,-2.425600000000000000e+04
-2.386400000000000000e+04,3.251100000000000000e+04,-1.589500000000000000e+04,-3.280500000000000000e+04,-2.867800000000000000e+04,-2.907800000000000000e+04,-1.529800000000000000e+04,-2.277800000000000000e+04
-2.731300000000000000e+04,-2.016600000000000000e+04,-1.440400000000000000e+04,-3.067000000000000000e+03,-1.793800000000000000e+04,1.489900000000000000e+04,-1.766800000000000000e+04,-1.857200000000000000e+04
-2.113800000000000000e+04,-1.107200000000000000e+04,-2.438000000000000000e+04,1.477700000000000000e+04,-4.927000000000000000e+03,-2.905800000000000000e+04,-2.098000000000000000e+03,-2.020600000000000000e+04
-2.353000000000000000e+03,-1.851900000000000000e+04,-1.705800000000000000e+04,-8.098000000000000000e+03,6.645000000000000000e+03,-9.039000000000000000e+03,-1.542300000000000000e+04,-1.951400000000000000e+04
-2.598200000000000000e+04,-1.629900000000000000e+04,-1.237100000000000000e+04,-1.017000000000000000e+04,-1.616100000000000000e+04,-2.430100000000000000e+04,1.258200000000000000e+04,-1.949200000000000000e+04
-1.933100000000000000e+04,-1.307700000000000000e+04,-1.168500000000000000e+04,-1.493600000000000000e+04,-1.293600000000000000e+04,-2.004700000000000000e+04,-1.322800000000000000e+04,1.371100000000000000e+04
-1.948900000000000000e+04,-1.258100000000000000e+04,-1.631600000000000000e+04,-2.092700000000000000e+04,-1.490900000000000000e+04,-2.677800000000000000e+04,-1.425300000000000000e+04,1.489900000000000000e+04
-1.606200000000000000e+04,-2.292000000000000000e+04,-1.776100000000000000e+04,8.669000000000000000e+03,-2.670000000000000000e+04,-1.729000000000000000e+03,-2.284200000000000000e+04,-2.722900000000000000e+04
-2.345800000000000000e+04,3.194200000000000000e+04,-1.607500000000000000e+04,-2.143200000000000000e+04,-2.676600000000000000e+04,-2.550800000000000000e+04,-2.127900000000000000e+04,-2.595500000000000000e+04
-3.500100000000000000e+04,-1.852800000000000000e+04,-1.156600000000000000e+04,-6.588000000000000000e+03,-1.301100000000000000e+04,-1.138000000000000000e+03,-1.958600000000000000e+04,-2.374400000000000000e+04
-1.303500000000000000e+04,-1.268800000000000000e+04,-1.838800000000000000e+04,-3.526000000000000000e+03,-1.062100000000000000e+04,9.846000000000000000e+03,-1.373700000000000000e+04,-1.406500000000000000e+04
-4.098000000000000000e+03,-2.311300000000000000e+04,-1.345400000000000000e+04,-3.450000000000000000e+02,-2.216600000000000000e+04,-2.897800000000000000e+04,-9.278000000000000000e+03,-2.907200000000000000e+04
1.212800000000000000e+04,-2.183200000000000000e+04,-2.355100000000000000e+04,-1.681000000000000000e+03,-1.792300000000000000e+04,1.157000000000000000e+03,-1.980900000000000000e+04,-2.235300000000000000e+04
-1.744900000000000000e+04,3.001700000000000000e+04,-2.491400000000000000e+04,-2.919100000000000000e+04,-1.832000000000000000e+04,-2.888000000000000000e+04,-2.554600000000000000e+04,-2.313100000000000000e+04
-3.200400000000000000e+04,-2.644000000000000000e+03,-7.257000000000000000e+03,-2.276000000000000000e+04,-2.310700000000000000e+04,-1.325300000000000000e+04,-5.990000000000000000e+03,-8.416000000000000000e+03
-3.020000000000000000e+02,-1.694500000000000000e+04,-2.695900000000000000e+04,-2.204100000000000000e+04,1.906600000000000000e+04,-2.032200000000000000e+04,-2.265500000000000000e+04,-2.503600000000000000e+04
-2.043500000000000000e+04,-1.397900000000000000e+04,-2.403300000000000000e+04,-2.721100000000000000e+04,-1.674600000000000000e+04,-2.386600000000000000e+04,2.032300000000000000e+04,-2.275100000000000000e+04
-1.358700000000000000e+04,-1.880500000000000000e+04,-8.816000000000000000e+03,7.503000000000000000e+03,-1.393500000000000000e+04,-1.296100000000000000e+04,-1.734900000000000000e+04,-1.957900000000000000e+04
-2.465700000000000000e+04,-1.546000000000000000e+04,-8.879000000000000000e+03,-3.546300000000000000e+04,-2.350600000000000000e+04,-1.592200000000000000e+04,1.268300000000000000e+04,-2.208800000000000000e+04
-7.944000000000000000e+03,-1.573600000000000000e+04,-1.806500000000000000e+04,-1.842300000000000000e+04,-7.329000000000000000e+03,1.019800000000000000e+04,-1.130000000000000000e+04,-2.082200000000000000e+04
-3.331700000000000000e+04,-1.514500000000000000e+04,-2.839900000000000000e+04,-1.806200000000000000e+04,-2.227900000000000000e+04,-1.663500000000000000e+04,2.400900000000000000e+04,-1.607100000000000000e+04
-6.053000000000000000e+03,-1.952700000000000000e+04,-1.282200000000000000e+04,-3.390000000000000000e+02,-1.687800000000000000e+04,-1.985000000000000000e+03,-2.560600000000000000e+04,-2.347400000000000000e+04
-1.856300000000000000e+04,-1.366600000000000000e+04,-1.842000000000000000e+04,-1.689800000000000000e+04,-1.321300000000000000e+04,-2.443000000000000000e+04,-1.148000000000000000e+04,1.778400000000000000e+04
-1.554600000000000000e+04,-2.003800000000000000e+04,-1.466900000000000000e+04,-1.796200000000000000e+04,-2.473100000000000000e+04,-2.138200000000000000e+04,1.918700000000000000e+04,-2.466300000000000000e+04
-1.757300000000000000e+04,-1.225900000000000000e+04,-2.148800000000000000e+04,6.909000000000000000e+03,-1.168900000000000000e+04,-1.726000000000000000e+04,-2.223400000000000000e+04,-1.954400000000000000e+04
-1.800900000000000000e+04,-1.657500000000000000e+04,1.568700000000000000e+04,-2.491900000000000000e+04,-1.050400000000000000e+04,-2.700900000000000000e+04,-2.054900000000000000e+04,-1.311500000000000000e+04
-2.017200000000000000e+04,-1.267800000000000000e+04,-1.441500000000000000e+04,-1.515500000000000000e+04,-1.485000000000000000e+04,-2.416400000000000000e+04,-1.697200000000000000e+04,1.420900000000000000e+04
7.442000000000000000e+03,-1.711700000000000000e+04,-2.421100000000000000e+04,-2.025200000000000000e+04,-3.467000000000000000e+03,-1.402700000000000000e+04,-1.571100000000000000e+04,-2.342000000000000000e+04
2.225100000000000000e+04,-1.672000000000000000e+04,-2.260800000000000000e+04,-5.644000000000000000e+03,-2.130400000000000000e+04,-1.878000000000000000e+04,-1.748700000000000000e+04,-2.321900000000000000e+04
-1.625500000000000000e+04,-2.201400000000000000e+04,-1.421100000000000000e+04,-1.918000000000000000e+03,-1.936200000000000000e+04,6.148000000000000000e+03,-2.341600000000000000e+04,-1.945300000000000000e+04
-3.859500000000000000e+04,-1.926800000000000000e+04,-1.168300000000000000e+04,-9.348000000000000000e+03,-1.224100000000000000e+04,-1.657300000000000000e+04,-1.657300000000000000e+04,1.741200000000000000e+04
-7.033000000000000000e+03,1.153700000000000000e+04,-1.009400000000000000e+04,-1.502900000000000000e+04,-3.671300000000000000e+04,-2.781900000000000000e+04,-1.281500000000000000e+04,-2.437100000000000000e+04
-2.465100000000000000e+04,4.048100000000000000e+04,-2.531200000000000000e+04,-2.182800000000000000e+04,-3.212800000000000000e+04,-4.136800000000000000e+04,-1.548900000000000000e+04,-2.326800000000000000e+04
-6.752000000000000000e+03,-1.277200000000000000e+04,-2.311800000000000000e+04,-1.647000000000000000e+03,-1.441800000000000000e+04,5.820000000000000000e+03,-1.604800000000000000e+04,-1.718000000000000000e+04
-2.056700000000000000e+04,1.127000000000000000e+04,-2.258300000000000000e+04,-2.463200000000000000e+04,-2.632300000000000000e+04,-1.775900000000000000e+04,-5.372000000000000000e+03,-2.168700000000000000e+04
-2.112400000000000000e+04,-1.264200000000000000e+04,-1.424900000000000000e+04,-2.706100000000000000e+04,-1.896100000000000000e+04,-1.789700000000000000e+04,1.499400000000000000e+04,-2.551600000000000000e+04
-1.196200000000000000e+04,-7.781000000000000000e+03,-1.843200000000000000e+04,1.014700000000000000e+04,-2.096800000000000000e+04,-2.775100000000000000e+04,3.791000000000000000e+03,-2.050900000000000000e+04
2.228100000000000000e+04,-1.924300000000000000e+04,-1.444700000000000000e+04,-1.529400000000000000e+04,-2.245800000000000000e+04,-1.646300000000000000e+04,-1.595900000000000000e+04,-2.656600000000000000e+04
-1.930800000000000000e+04,-1.727700000000000000e+04,1.239600000000000000e+04,-2.773200000000000000e+04,-2.271500000000000000e+04,-3.003200000000000000e+04,-2.092400000000000000e+04,-1.089300000000000000e+04
-1.362000000000000000e+04,-1.674600000000000000e+04,-1.288800000000000000e+04,-2.052200000000000000e+04,-1.434200000000000000e+04,1.192800000000000000e+04,-2.302200000000000000e+04,-1.118500000000000000e+04
-1.330100000000000000e+04,2.501800000000000000e+04,-1.544100000000000000e+04,-1.969500000000000000e+04,-2.829700000000000000e+04,-1.868400000000000000e+04,-1.073000000000000000e+04,-2.446300000000000000e+04
-3.033000000000000000e+03,1.119300000000000000e+04,-1.399100000000000000e+04,-1.227300000000000000e+04,-3.416100000000000000e+04,-2.486700000000000000e+04,-1.715300000000000000e+04,-2.321300000000000000e+04
-9.343000000000000000e+03,-8.738000000000000000e+03,-1.619800000000000000e+04,1.087000000000000000e+03,-1.209600000000000000e+04,1.218000000000000000e+03,-1.552800000000000000e+04,-2.134900000000000000e+04
-1.873000000000000000e+04,-1.867700000000000000e+04,-1.750300000000000000e+04,1.085700000000000000e+04,-8.097000000000000000e+03,-1.349700000000000000e+04,-9.209000000000000000e+03,-1.629300000000000000e+04
-1.435000000000000000e+03,-2.080800000000000000e+04,-1.490100000000000000e+04,1.979100000000000000e+04,-1.238000000000000000e+04,-1.447600000000000000e+04,-2.493100000000000000e+04,-1.804100000000000000e+04
-7.898000000000000000e+03,2.647800000000000000e+04,-2.571900000000000000e+04,-2.653800000000000000e+04,-2.041000000000000000e+04,-3.178800000000000000e+04,-2.103700000000000000e+04,-2.033600000000000000e+04
-3.065300000000000000e+04,-1.317700000000000000e+04,-1.268500000000000000e+04,-2.841500000000000000e+04,-2.060400000000000000e+04,-1.226200000000000000e+04,1.656600000000000000e+04,-2.633600000000000000e+04
-5.699000000000000000e+03,-1.506700000000000000e+04,-2.184800000000000000e+04,-1.525000000000000000e+04,7.346000000000000000e+03,-1.898100000000000000e+04,-2.295700000000000000e+04,-2.018200000000000000e+04
-5.147000000000000000e+03,-2.141900000000000000e+04,-1.947100000000000000e+04,-5.385000000000000000e+03,-1.719600000000000000e+04,1.327100000000000000e+04,-2.068000000000000000e+04,-2.278400000000000000e+04
-3.507500000000000000e+04,-1.216400000000000000e+04,-2.130300000000000000e+04,-3.112500000000000000e+04,-2.844200000000000000e+04,-2.115100000000000000e+04,2.188100000000000000e+04,-2.994700000000000000e+04
-2.625800000000000000e+04,2.984400000000000000e+04,-1.963000000000000000e+04,-2.985200000000000000e+04,-2.464200000000000000e+04,-2.997800000000000000e+04,-1.266400000000000000e+04,-2.119000000000000000e+04
-1.000000000000000000e+01,-1.696200000000000000e+04,-2.641000000000000000e+04,-7.965000000000000000e+03,-1.726700000000000000e+04,2.080000000000000000e+03,-1.465300000000000000e+04,-1.946200000000000000e+04
-6.347000000000000000e+03,-1.205200000000000000e+04,-1.456700000000000000e+04,1.565000000000000000e+03,-2.104700000000000000e+04,-4.982000000000000000e+03,-1.397200000000000000e+04,-1.926000000000000000e+04
-2.399300000000000000e+04,-2.118500000000000000e+04,-1.529400000000000000e+04,-1.653100000000000000e+04,-1.835300000000000000e+04,-1.872000000000000000e+04,-1.808500000000000000e+04,1.992900000000000000e+04
-1.117200000000000000e+04,1.591600000000000000e+04,-2.112200000000000000e+04,-2.449700000000000000e+04,-1.172900000000000000e+04,-1.203400000000000000e+04,-5.575000000000000000e+03,-2.041600000000000000e+04
-2.551000000000000000e+03,-9.138000000000000000e+03,-1.674700000000000000e+04,-1.267300000000000000e+04,-1.961200000000000000e+04,-1.999000000000000000e+03,-1.702800000000000000e+04,-1.979200000000000000e+04
-2.321200000000000000e+04,-1.628800000000000000e+04,-1.771200000000000000e+04,-2.188300000000000000e+04,-1.178200000000000000e+04,-2.545000000000000000e+04,-1.647700000000000000e+04,2.026700000000000000e+04
-3.574200000000000000e+04,-2.054600000000000000e+04,3.653400000000000000e+04,-6.632000000000000000e+03,-2.921200000000000000e+04,-2.764200000000000000e+04,-1.354100000000000000e+04,-2.152900000000000000e+04
-2.469200000000000000e+04,2.939500000000000000e+04,-2.458500000000000000e+04,-1.557800000000000000e+04,-1.999700000000000000e+04,-2.817300000000000000e+04,-1.622800000000000000e+04,-2.063400000000000000e+04
-2.770800000000000000e+04,-1.725700000000000000e+04,-1.236800000000000000e+04,-2.433500000000000000e+04,-1.297500000000000000e+04,-2.247300000000000000e+04,-1.336700000000000000e+04,1.674300000000000000e+04
-1.480200000000000000e+04,-2.106200000000000000e+04,-1.678300000000000000e+04,-3.247000000000000000e+03,-2.262000000000000000e+03,-2.753900000000000000e+04,3.743000000000000000e+03,-2.023100000000000000e+04
-1.092500000000000000e+04,-1.262500000000000000e+04,-1.601800000000000000e+04,8.400000000000000000e+02,-2.712100000000000000e+04,-7.270000000000000000e+02,-1.894900000000000000e+04,-3.048200000000000000e+04
-2.203100000000000000e+04,-1.679600000000000000e+04,-1.788900000000000000e+04,-1.688600000000000000e+04,-1.466800000000000000e+04,-2.434200000000000000e+04,-1.701700000000000000e+04,1.843600000000000000e+04
-2.614200000000000000e+04,-1.171200000000000000e+04,-1.421100000000000000e+04,-1.326000000000000000e+04,-1.802300000000000000e+04,-1.500700000000000000e+04,1.037400000000000000e+04,-2.071200000000000000e+04
-7.833000000000000000e+03,-5.863000000000000000e+03,-1.810800000000000000e+04,-9.871000000000000000e+03,-1.442000000000000000e+04,-1.031500000000000000e+04,8.984000000000000000e+03,-1.525900000000000000e+04
-1.882000000000000000e+03,-1.507300000000000000e+04,-2.201400000000000000e+04,-9.227000000000000000e+03,-2.043600000000000000e+04,3.510000000000000000e+02,-1.018600000000000000e+04,-2.419300000000000000e+04
3.782000000000000000e+03,-1.584900000000000000e+04,-1.096800000000000000e+04,-1.016600000000000000e+04,-1.175800000000000000e+04,-1.016000000000000000e+03,-2.292600000000000000e+04,-2.820900000000000000e+04
-2.112300000000000000e+04,3.041800000000000000e+04,-2.476200000000000000e+04,-3.181300000000000000e+04,-2.197800000000000000e+04,-4.002800000000000000e+04,-2.360400000000000000e+04,-1.979300000000000000e+04
-2.800100000000000000e+04,2.461400000000000000e+04,-2.375800000000000000e+04,-1.508500000000000000e+04,-2.349800000000000000e+04,-2.652400000000000000e+04,-2.270600000000000000e+04,-1.967800000000000000e+04
-1.815600000000000000e+04,-2.824900000000000000e+04,-1.337300000000000000e+04,-5.455000000000000000e+03,-9.914000000000000000e+03,1.531700000000000000e+04,-1.821200000000000000e+04,-1.932900000000000000e+04
-2.340000000000000000e+04,2.152700000000000000e+04,-1.573300000000000000e+04,-2.592500000000000000e+04,-2.261100000000000000e+04,-2.090300000000000000e+04,-1.805300000000000000e+04,-2.525300000000000000e+04
-2.301700000000000000e+04,-2.099800000000000000e+04,-2.121400000000000000e+04,-2.245700000000000000e+04,-2.393600000000000000e+04,-8.043000000000000000e+03,1.767500000000000000e+04,-2.795000000000000000e+04
1.037100000000000000e+04,-2.298700000000000000e+04,-2.267400000000000000e+04,-5.933000000000000000e+03,-2.172100000000000000e+04,-2.081200000000000000e+04,-7.496000000000000000e+03,-3.199800000000000000e+04
1.224000000000000000e+04,-1.315700000000000000e+04,-1.982300000000000000e+04,-5.683000000000000000e+03,-3.140000000000000000e+03,-1.391300000000000000e+04,-2.049300000000000000e+04,-2.862600000000000000e+04
-2.814600000000000000e+04,-1.829000000000000000e+04,-1.737300000000000000e+04,-1.450500000000000000e+04,-1.483700000000000000e+04,-1.953900000000000000e+04,-1.506500000000000000e+04,1.734100000000000000e+04
3.294000000000000000e+03,-1.914900000000000000e+04,-1.697700000000000000e+04,-2.671200000000000000e+04,-1.497200000000000000e+04,-1.675500000000000000e+04,8.347000000000000000e+03,-2.148100000000000000e+04
-1.031400000000000000e+04,-3.221400000000000000e+04,-1.128200000000000000e+04,-9.635000000000000000e+03,-1.634600000000000000e+04,5.833000000000000000e+03,-2.446500000000000000e+04,-2.267600000000000000e+04
-2.306900000000000000e+04,-1.382900000000000000e+04,-1.659300000000000000e+04,-1.882700000000000000e+04,-1.701500000000000000e+04,-2.364100000000000000e+04,-1.913400000000000000e+04,1.637500000000000000e+04
-7.310000000000000000e+02,-2.164300000000000000e+04,-2.481000000000000000e+03,-1.688300000000000000e+04,-1.892100000000000000e+04,-9.944000000000000000e+03,-2.083700000000000000e+04,-1.970400000000000000e+04
-1.559900000000000000e+04,-2.057900000000000000e+04,-1.730400000000000000e+04,-2.130700000000000000e+04,2.098900000000000000e+04,-2.500700000000000000e+04,-2.299700000000000000e+04,-1.860800000000000000e+04
-3.015300000000000000e+04,-1.709200000000000000e+04,-2.285500000000000000e+04,-2.442100000000000000e+04,-2.526600000000000000e+04,-1.457800000000000000e+04,2.490900000000000000e+04,-1.924300000000000000e+04
-2.077600000000000000e+04,-1.434400000000000000e+04,-1.371000000000000000e+04,-1.619900000000000000e+04,-1.146400000000000000e+04,-2.311400000000000000e+04,-1.795800000000000000e+04,1.818000000000000000e+04
-1.894000000000000000e+04,-1.787300000000000000e+04,-1.786400000000000000e+04,-1.728200000000000000e+04,-2.297400000000000000e+04,-1.720400000000000000e+04,2.059600000000000000e+04,-2.646200000000000000e+04
-3.025000000000000000e+04,-1.885900000000000000e+04,-1.923200000000000000e+04,-1.817400000000000000e+04,-2.399400000000000000e+04,-2.252900000000000000e+04,2.516100000000000000e+04,-2.472500000000000000e+04
-1.691800000000000000e+04,-1.209200000000000000e+04,-1.603800000000000000e+04,-1.974500000000000000e+04,-1.179400000000000000e+04,-2.593200000000000000e+04,-1.422200000000000000e+04,1.580400000000000000e+04
-1.879600000000000000e+04,-1.271800000000000000e+04,-1.136200000000000000e+04,1.315900000000000000e+04,-6.450000000000000000e+03,-1.781100000000000000e+04,-2.189900000000000000e+04,-1.890000000000000000e+04
-2.739400000000000000e+04,1.247700000000000000e+04,-2.175600000000000000e+04,-8.872000000000000000e+03,-2.776100000000000000e+04,-2.378500000000000000e+04,-3.176000000000000000e+03,-2.477000000000000000e+04
-2.460800000000000000e+04,-1.381200000000000000e+04,-1.381900000000000000e+04,-1.666600000000000000e+04,-1.875200000000000000e+04,-2.885500000000000000e+04,1.059200000000000000e+04,-1.956600000000000000e+04
-7.929000000000000000e+03,-1.424700000000000000e+04,-1.054900000000000000e+04,-3.785000000000000000e+03,-8.666000000000000000e+03,5.152000000000000000e+03,-1.998200000000000000e+04,-2.306000000000000000e+04
-2.174600000000000000e+04,2.744100000000000000e+04,-2.130600000000000000e+04,-1.153100000000000000e+04,-2.541400000000000000e+04,-2.520200000000000000e+04,-2.423700000000000000e+04,-1.916700000000000000e+04
-1.575600000000000000e+04,-1.708900000000000000e+04,-1.172600000000000000e+04,1.092500000000000000e+04,-3.104300000000000000e+04,-1.831500000000000000e+04,-1.909300000000000000e+04,-2.253200000000000000e+04
-1.541200000000000000e+04,-2.286900000000000000e+04,-1.755900000000000000e+04,9.621000000000000000e+03,-2.293800000000000000e+04,-1.143200000000000000e+04,-5.081000000000000000e+03,-2.821900000000000000e+04
-1.186000000000000000e+04,-9.443000000000000000e+03,-2.230700000000000000e+04,1.107400000000000000e+04,-1.694700000000000000e+04,-1.308500000000000000e+04,-1.920700000000000000e+04,-2.588100000000000000e+04
-1.908000000000000000e+04,-1.615500000000000000e+04,-1.769900000000000000e+04,6.724000000000000000e+03,-1.169700000000000000e+04,-1.833800000000000000e+04,6.373000000000000000e+03,-2.231500000000000000e+04
-2.127500000000000000e+04,-1.752300000000000000e+04,-1.891800000000000000e+04,-2.819400000000000000e+04,-1.564400000000000000e+04,-1.533000000000000000e+04,1.742700000000000000e+04,-2.060200000000000000e+04
-1.699600000000000000e+04,-1.288400000000000000e+04,-1.357400000000000000e+04,-1.631200000000000000e+04,-1.507600000000000000e+04,-2.327400000000000000e+04,-4.438000000000000000e+03,1.034100000000000000e+04
-2.917100000000000000e+04,-1.916100000000000000e+04,-1.034700000000000000e+04,-2.217800000000000000e+04,-2.826900000000000000e+04,-2.673200000000000000e+04,2.439800000000000000e+04,-2.297900000000000000e+04
-3.297500000000000000e+04,1.889200000000000000e+04,-1.652400000000000000e+04,-2.668500000000000000e+04,-2.161100000000000000e+04,-1.792900000000000000e+04,-1.127300000000000000e+04,-1.930200000000000000e+04
-2.927800000000000000e+04,-2.477200000000000000e+04,-1.059800000000000000e+04,1.425500000000000000e+04,-2.160100000000000000e+04,-7.523000000000000000e+03,-3.834000000000000000e+03,-2.751200000000000000e+04
-2.793000000000000000e+04,1.630500000000000000e+04,-1.981200000000000000e+04,-1.134100000000000000e+04,-2.719300000000000000e+04,-1.097200000000000000e+04,-1.662800000000000000e+04,-2.175500000000000000e+04
-2.648600000000000000e+04,-1.035100000000000000e+04,-1.218800000000000000e+04,-1.444500000000000000e+04,-2.019300000000000000e+04,-1.838300000000000000e+04,-2.001000000000000000e+04,1.332900000000000000e+04
-2.515700000000000000e+04,-1.747400000000000000e+04,-1.736300000000000000e+04,-1.467400000000000000e+04,-1.560800000000000000e+04,1.750000000000000000e+04,-2.433800000000000000e+04,-1.177500000000000000e+04
-1.496400000000000000e+04,-2.327600000000000000e+04,-1.961300000000000000e+04,-8.141000000000000000e+03,1.718500000000000000e+04,-1.036700000000000000e+04,-2.369100000000000000e+04,-2.175800000000000000e+04
-5.792000000000000000e+03,-1.213100000000000000e+04,-1.926100000000000000e+04,-1.063200000000000000e+04,-9.682000000000000000e+03,8.675000000000000000e+03,-1.386600000000000000e+04,-1.696900000000000000e+04
-1.049000000000000000e+04,-1.637400000000000000e+04,-1.849200000000000000e+04,7.061000000000000000e+03,-7.962000000000000000e+03,-1.776600000000000000e+04,-1.157200000000000000e+04,-1.605300000000000000e+04
-1.694600000000000000e+04,2.750200000000000000e+04,-2.645800000000000000e+04,-2.148400000000000000e+04,-1.417200000000000000e+04,-2.857900000000000000e+04,-7.836000000000000000e+03,-2.195900000000000000e+04
-1.686500000000000000e+04,-1.308000000000000000e+04,-2.020600000000000000e+04,-1.356900000000000000e+04,-1.533900000000000000e+04,-2.709200000000000000e+04,-1.507700000000000000e+04,1.737200000000000000e+04
-1.269400000000000000e+04,-1.866800000000000000e+04,-1.768900000000000000e+04,1.268900000000000000e+04,-1.638300000000000000e+04,-2.294400000000000000e+04,-1.078400000000000000e+04,-2.829500000000000000e+04
-1.460800000000000000e+04,1.539500000000000000e+04,-2.446600000000000000e+04,-2.569000000000000000e+04,-2.822000000000000000e+04,-1.552400000000000000e+04,-1.349000000000000000e+04,-2.370000000000000000e+04
-2.641400000000000000e+04,3.083400000000000000e+04,-1.781000000000000000e+04,-2.920800000000000000e+04,-2.470300000000000000e+04,-3.209700000000000000e+04,-1.615700000000000000e+04,-2.082100000000000000e+04
-4.546000000000000000e+03,-7.662000000000000000e+03,1.137300000000000000e+04,-1.312800000000000000e+04,-9.725000000000000000e+03,-1.110400000000000000e+04,-1.521500000000000000e+04,-1.713000000000000000e+04
-3.035100000000000000e+04,-2.104100000000000000e+04,2.915400000000000000e+04,-1.768400000000000000e+04,-2.990700000000000000e+04,-2.692100000000000000e+04,-1.727400000000000000e+04,-1.922000000000000000e+04
-1.895000000000000000e+04,-2.254400000000000000e+04,-1.322400000000000000e+04,-1.859600000000000000e+04,-2.329800000000000000e+04,-2.065600000000000000e+04,2.083800000000000000e+04,-2.642600000000000000e+04
-2.307500000000000000e+04,-2.129900000000000000e+04,2.628400000000000000e+04,-3.758000000000000000e+04,-2.090300000000000000e+04,-3.310900000000000000e+04,-2.542200000000000000e+04,-1.288000000000000000e+04
-1.242000000000000000e+04,-1.900700000000000000e+04,-1.231500000000000000e+04,4.100000000000000000e+02,-3.517000000000000000e+04,-8.896000000000000000e+03,-1.401700000000000000e+04,-2.526100000000000000e+04
-2.126600000000000000e+04,-4.747000000000000000e+03,-1.702900000000000000e+04,-4.650000000000000000e+03,-2.654900000000000000e+04,-2.745000000000000000e+04,4.655000000000000000e+03,-2.788800000000000000e+04
-2.150000000000000000e+04,-1.994700000000000000e+04,-2.362800000000000000e+04,3.623000000000000000e+03,-2.858900000000000000e+04,-5.224000000000000000e+03,-2.130800000000000000e+04,-2.589700000000000000e+04
-3.107700000000000000e+04,-1.544600000000000000e+04,-2.621700000000000000e+04,-2.041700000000000000e+04,-1.383800000000000000e+04,-1.658400000000000000e+04,1.916500000000000000e+04,-1.802900000000000000e+04
-1.819800000000000000e+04,1.883000000000000000e+03,-1.924000000000000000e+04,-1.637900000000000000e+04,-2.441700000000000000e+04,-1.306000000000000000e+04,-4.905000000000000000e+03,-1.799900000000000000e+04
-7.699000000000000000e+03,-1.382800000000000000e+04,-7.757000000000000000e+03,-2.427600000000000000e+04,-2.493600000000000000e+04,-7.946000000000000000e+03,1.214600000000000000e+04,-1.996700000000000000e+04
-1.399200000000000000e+04,2.273000000000000000e+04,-2.570500000000000000e+04,-1.885600000000000000e+04,-2.524300000000000000e+04,-2.943700000000000000e+04,-1.862300000000000000e+04,-2.048400000000000000e+04
-1.930000000000000000e+02,-1.173100000000000000e+04,-2.102900000000000000e+04,-8.140000000000000000e+03,-1.514000000000000000e+04,-1.894300000000000000e+04,-1.531100000000000000e+04,-2.226500000000000000e+04
-1.586900000000000000e+04,-1.754200000000000000e+04,-2.197700000000000000e+04,5.628000000000000000e+03,-2.365900000000000000e+04,1.123400000000000000e+04,-2.543700000000000000e+04,-2.350100000000000000e+04
-1.780700000000000000e+04,-1.303700000000000000e+04,-1.678000000000000000e+04,9.124000000000000000e+03,-1.517700000000000000e+04,3.865000000000000000e+03,-1.562400000000000000e+04,-1.584500000000000000e+04
-3.105600000000000000e+04,-2.748800000000000000e+04,3.063600000000000000e+04,-2.793200000000000000e+04,-2.161500000000000000e+04,-2.858400000000000000e+04,-2.195000000000000000e+04,-1.664900000000000000e+04
-8.173000000000000000e+03,-2.428600000000000000e+04,-1.118400000000000000e+04,-4.134000000000000000e+03,-8.151000000000000000e+03,-1.964500000000000000e+04,-2.287000000000000000e+03,-1.656000000000000000e+04
-5.071000000000000000e+03,-1.342600000000000000e+04,-8.724000000000000000e+03,3.252000000000000000e+03,-2.789200000000000000e+04,-9.878000000000000000e+03,-1.922900000000000000e+04,-2.201200000000000000e+04
-1.810700000000000000e+04,-1.812600000000000000e+04,-1.792200000000000000e+04,-1.214300000000000000e+04,-2.206800000000000000e+04,-2.582800000000000000e+04,2.164700000000000000e+04,-2.238200000000000000e+04
-3.611900000000000000e+04,-2.462400000000000000e+04,1.953600000000000000e+04,-1.709800000000000000e+04,-2.465800000000000000e+04,-1.779300000000000000e+04,-9.577000000000000000e+03,-1.612800000000000000e+04
-1.654000000000000000e+03,-1.827200000000000000e+04,-1.600400000000000000e+04,-2.088200000000000000e+04,1.257600000000000000e+04,-1.143400000000000000e+04,-2.065700000000000000e+04,-2.240300000000000000e+04
-9.356000000000000000e+03,-1.526200000000000000e+04,-2.096000000000000000e+04,-2.854400000000000000e+04,-1.485500000000000000e+04,-1.901200000000000000e+04,7.684000000000000000e+03,-1.632000000000000000e+04
-1.926200000000000000e+04,-1.283500000000000000e+04,-2.082000000000000000e+04,-1.934100000000000000e+04,-1.386600000000000000e+04,-2.677900000000000000e+04,-1.476100000000000000e+04,1.283600000000000000e+04
-1.972700000000000000e+04,-2.093800000000000000e+04,-1.067300000000000000e+04,-2.506000000000000000e+03,-9.817000000000000000e+03,7.086000000000000000e+03,-1.895900000000000000e+04,-1.527200000000000000e+04
-2.212300000000000000e+04,-1.355200000000000000e+04,-1.640800000000000000e+04,-1.694500000000000000e+04,-1.390500000000000000e+04,-2.627900000000000000e+04,-1.835200000000000000e+04,1.671500000000000000e+04
7.400000000000000000e+03,-1.771600000000000000e+04,-1.420600000000000000e+04,-1.561300000000000000e+04,-1.451400000000000000e+04,-1.880800000000000000e+04,-1.835900000000000000e+04,-2.590900000000000000e+04
-1.687600000000000000e+04,-2.099700000000000000e+04,-1.605100000000000000e+04,1.256300000000000000e+04,-2.925900000000000000e+04,-1.603100000000000000e+04,-1.437000000000000000e+04,-2.550800000000000000e+04
-1.895500000000000000e+04,3.205400000000000000e+04,-2.438200000000000000e+04,-3.616200000000000000e+04,-1.928700000000000000e+04,-3.449900000000000000e+04,-1.596400000000000000e+04,-2.111500000000000000e+04
-1.895800000000000000e+04,1.013000000000000000e+04,-1.236400000000000000e+04,-1.573300000000000000e+04,-2.218900000000000000e+04,-5.485000000000000000e+03,-1.643500000000000000e+04,-2.093700000000000000e+04
-2.154600000000000000e+04,-1.766800000000000000e+04,-1.266100000000000000e+04,-1.807000000000000000e+04,-1.342600000000000000e+04,-2.224100000000000000e+04,-8.257000000000000000e+03,1.560700000000000000e+04
-1.438400000000000000e+04,-2.088300000000000000e+04,-1.907000000000000000e+04,7.350000000000000000e+02,-7.375000000000000000e+03,1.470700000000000000e+04,-1.414900000000000000e+04,-2.104400000000000000e+04
-2.394600000000000000e+04,-1.765000000000000000e+04,-1.645400000000000000e+04,-1.934000000000000000e+04,-1.810100000000000000e+04,-2.580800000000000000e+04,-1.961300000000000000e+04,1.866500000000000000e+04
2.357900000000000000e+04,-1.629800000000000000e+04,-1.426800000000000000e+04,-5.262000000000000000e+03,-2.777500000000000000e+04,-1.227100000000000000e+04,-1.354300000000000000e+04,-2.438200000000000000e+04
-2.438000000000000000e+04,-2.217900000000000000e+04,1.630900000000000000e+04,-2.185900000000000000e+04,-1.412100000000000000e+04,-2.792600000000000000e+04,-1.701100000000000000e+04,-1.601300000000000000e+04
-1.546900000000000000e+04,2.441500000000000000e+04,-2.138600000000000000e+04,-1.696400000000000000e+04,-1.658800000000000000e+04,-2.926900000000000000e+04,-2.078900000000000000e+04,-1.617000000000000000e+04
-2.421800000000000000e+04,-1.159800000000000000e+04,-1.290000000000000000e+04,-1.770800000000000000e+04,-1.754400000000000000e+04,-2.433600000000000000e+04,-1.521200000000000000e+04,1.447700000000000000e+04
-8.806000000000000000e+03,8.455000000000000000e+03,-9.899000000000000000e+03,-6.163000000000000000e+03,-2.222500000000000000e+04,-2.818000000000000000e+04,-1.547500000000000000e+04,-2.117700000000000000e+04
-2.513700000000000000e+04,-2.521600000000000000e+04,2.002700000000000000e+04,-2.433200000000000000e+04,-1.582900000000000000e+04,-2.704100000000000000e+04,-1.954000000000000000e+04,-1.871100000000000000e+04
-2.830000000000000000e+03,-2.116900000000000000e+04,-9.472000000000000000e+03,1.242000000000000000e+03,-6.928000000000000000e+03,-1.110700000000000000e+04,-1.429300000000000000e+04,-2.461300000000000000e+04
-1.400000000000000000e+04,-1.595500000000000000e+04,1.318000000000000000e+04,-2.141100000000000000e+04,-1.168600000000000000e+04,-2.666800000000000000e+04,-1.357000000000000000e+04,-1.145600000000000000e+04
-1.998000000000000000e+04,-1.537600000000000000e+04,-1.211700000000000000e+04,4.591000000000000000e+03,-2.638100000000000000e+04,5.518000000000000000e+03,-2.193700000000000000e+04,-2.106300000000000000e+04
-1.347400000000000000e+04,1.694200000000000000e+04,-3.115000000000000000e+04,-1.287700000000000000e+04,-1.534500000000000000e+04,-3.019300000000000000e+04,-1.153200000000000000e+04,-2.098400000000000000e+04
-1.647100000000000000e+04,-1.156600000000000000e+04,-1.358900000000000000e+04,-4.388000000000000000e+03,1.224500000000000000e+04,-1.074400000000000000e+04,-2.198900000000000000e+04,-2.105900000000000000e+04
-3.363600000000000000e+04,-1.156600000000000000e+04,-2.359600000000000000e+04,-2.387800000000000000e+04,-1.931700000000000000e+04,-1.583200000000000000e+04,1.822000000000000000e+04,-1.650800000000000000e+04
-2.415800000000000000e+04,-2.634900000000000000e+04,1.474500000000000000e+04,-1.782400000000000000e+04,-1.605900000000000000e+04,-2.504500000000000000e+04,-1.503800000000000000e+04,-1.837700000000000000e+04
-2.027100000000000000e+04,-1.332300000000000000e+04,-1.415300000000000000e+04,-1.890600000000000000e+04,-1.498700000000000000e+04,-2.636100000000000000e+04,-1.685700000000000000e+04,1.632800000000000000e+04
-1.288800000000000000e+04,1.655700000000000000e+04,-2.279500000000000000e+04,-1.500500000000000000e+04,-2.234500000000000000e+04,-3.515800000000000000e+04,-2.215300000000000000e+04,-1.576100000000000000e+04
-1.807800000000000000e+04,-1.996300000000000000e+04,-1.199600000000000000e+04,1.556300000000000000e+04,-1.304800000000000000e+04,-2.367800000000000000e+04,-1.695700000000000000e+04,-1.698200000000000000e+04
8.306000000000000000e+03,-2.208500000000000000e+04,-1.881200000000000000e+04,-6.176000000000000000e+03,-2.098500000000000000e+04,-1.588500000000000000e+04,-1.766700000000000000e+04,-2.103100000000000000e+04
-5.636000000000000000e+03,-1.771600000000000000e+04,-2.079700000000000000e+04,7.574000000000000000e+03,-1.242900000000000000e+04,-1.597500000000000000e+04,-1.079200000000000000e+04,-1.576400000000000000e+04
-1.767300000000000000e+04,-1.793300000000000000e+04,-9.606000000000000000e+03,-2.399500000000000000e+04,8.769000000000000000e+03,-2.308500000000000000e+04,-2.311500000000000000e+04,-1.700500000000000000e+04
-1.950200000000000000e+04,-1.523200000000000000e+04,-1.448900000000000000e+04,-2.041300000000000000e+04,-1.308000000000000000e+04,-2.525600000000000000e+04,-1.327000000000000000e+04,1.748700000000000000e+04
-2.236800000000000000e+04,-1.790100000000000000e+04,-1.699500000000000000e+04,-1.916300000000000000e+04,-2.030600000000000000e+04,-1.954700000000000000e+04,1.337400000000000000e+04,-2.103200000000000000e+04
-1.672400000000000000e+04,-1.810200000000000000e+04,-2.513500000000000000e+04,-2.225600000000000000e+04,2.157500000000000000e+04,-2.214100000000000000e+04,-1.913500000000000000e+04,-1.836400000000000000e+04
-1.779300000000000000e+04,-1.671600000000000000e+04,-1.435300000000000000e+04,-1.021500000000000000e+04,-8.695000000000000000e+03,-2.464900000000000000e+04,7.190000000000000000e+03,-2.264500000000000000e+04
7.390000000000000000e+02,-1.386500000000000000e+04,-1.669700000000000000e+04,-6.340000000000000000e+03,-2.364100000000000000e+04,-1.221800000000000000e+04,-2.033200000000000000e+04,-2.102700000000000000e+04
-1.401400000000000000e+04,2.447800000000000000e+04,-1.316100000000000000e+04,-2.270700000000000000e+04,-2.715200000000000000e+04,-3.956900000000000000e+04,-2.174400000000000000e+04,-1.879100000000000000e+04
-1.938400000000000000e+04,-1.700100000000000000e+04,9.375000000000000000e+03,-2.741700000000000000e+04,-1.543400000000000000e+04,-2.922400000000000000e+04,-8.787000000000000000e+03,-1.063500000000000000e+04
-1.365300000000000000e+04,-1.092400000000000000e+04,-1.959000000000000000e+04,-2.496800000000000000e+04,-1.314300000000000000e+04,-1.600000000000000000e+04,1.504300000000000000e+04,-1.384000000000000000e+04
-1.028300000000000000e+04,-1.555300000000000000e+04,-1.241000000000000000e+04,4.449000000000000000e+03,-2.784500000000000000e+04,-6.752000000000000000e+03,-2.449800000000000000e+04,-2.459100000000000000e+04
-2.777600000000000000e+04,3.896300000000000000e+04,-1.875700000000000000e+04,-2.837400000000000000e+04,-2.191300000000000000e+04,-3.751700000000000000e+04,-2.154900000000000000e+04,-2.041700000000000000e+04
-1.629800000000000000e+04,-1.707400000000000000e+04,-2.004800000000000000e+04,-1.289500000000000000e+04,2.060800000000000000e+04,-2.250100000000000000e+04,-1.597800000000000000e+04,-2.097700000000000000e+04
-1.621400000000000000e+04,-2.547300000000000000e+04,-1.242700000000000000e+04,1.463000000000000000e+03,-3.265300000000000000e+04,-6.139000000000000000e+03,-1.298100000000000000e+04,-3.057700000000000000e+04
1.200000000000000000e+01,1.145200000000000000e+04,-8.843000000000000000e+03,-1.655700000000000000e+04,-3.324200000000000000e+04,-2.955000000000000000e+04,-1.947400000000000000e+04,-2.448200000000000000e+04
-2.060900000000000000e+04,-1.178400000000000000e+04,-1.371800000000000000e+04,-1.391200000000000000e+04,-1.241300000000000000e+04,-2.359700000000000000e+04,-1.804500000000000000e+04,1.644400000000000000e+04
-1.418600000000000000e+04,-1.059400000000000000e+04,-2.327600000000000000e+04,-2.232000000000000000e+03,-2.476300000000000000e+04,-9.087000000000000000e+03,5.261000000000000000e+03,-2.221600000000000000e+04
-2.554000000000000000e+03,-1.513500000000000000e+04,-2.152500000000000000e+04,2.803000000000000000e+03,-1.115700000000000000e+04,-5.311000000000000000e+03,-1.645400000000000000e+04,-1.859300000000000000e+04
-1.490200000000000000e+04,-1.472800000000000000e+04,5.849000000000000000e+03,-6.037000000000000000e+03,-1.557000000000000000e+04,-1.365300000000000000e+04,-1.917900000000000000e+04,-2.040500000000000000e+04
-1.893000000000000000e+04,-1.624900000000000000e+04,-2.636300000000000000e+04,-2.028000000000000000e+04,2.914300000000000000e+04,-1.977400000000000000e+04,-2.379900000000000000e+04,-1.810400000000000000e+04
-2.042500000000000000e+04,-1.318000000000000000e+04,-1.616100000000000000e+04,-3.124500000000000000e+04,-2.010900000000000000e+04,-2.530100000000000000e+04,1.909300000000000000e+04,-1.578600000000000000e+04
-2.132100000000000000e+04,-1.420500000000000000e+04,-1.754700000000000000e+04,-2.195800000000000000e+04,-1.759200000000000000e+04,-1.462400000000000000e+04,1.834900000000000000e+04,-2.035300000000000000e+04
-2.629600000000000000e+04,3.218500000000000000e+04,-2.342800000000000000e+04,-1.925500000000000000e+04,-2.545400000000000000e+04,-3.919400000000000000e+04,-1.793900000000000000e+04,-1.957600000000000000e+04
-2.379500000000000000e+04,-1.678000000000000000e+04,-2.039700000000000000e+04,-2.524600000000000000e+04,-1.307200000000000000e+04,-2.216800000000000000e+04,-1.263700000000000000e+04,1.851500000000000000e+04
-2.104200000000000000e+04,-1.876700000000000000e+04,1.594100000000000000e+04,-2.768800000000000000e+04,-1.035900000000000000e+04,-2.840100000000000000e+04,-2.186500000000000000e+04,-1.016300000000000000e+04
-1.946100000000000000e+04,-2.261800000000000000e+04,-1.084500000000000000e+04,1.089800000000000000e+04,-2.003300000000000000e+04,-3.043000000000000000e+03,-2.046500000000000000e+04,-2.038400000000000000e+04
-1.094700000000000000e+04,-1.754200000000000000e+04,-1.311200000000000000e+04,1.900300000000000000e+04,-1.909600000000000000e+04,-2.464000000000000000e+03,-1.789000000000000000e+04,-1.951900000000000000e+04
-3.009200000000000000e+04,1.744100000000000000e+04,-1.891100000000000000e+04,-2.577900000000000000e+04,-2.556500000000000000e+04,-1.048100000000000000e+04,-1.411500000000000000e+04,-1.550400000000000000e+04
2.897000000000000000e+03,-1.249300000000000000e+04,-1.687400000000000000e+04,3.434000000000000000e+03,-1.210500000000000000e+04,-2.414200000000000000e+04,-1.454200000000000000e+04,-1.692500000000000000e+04
-2.663000000000000000e+04,2.011400000000000000e+04,-1.635900000000000000e+04,-2.889100000000000000e+04,-1.871900000000000000e+04,-2.392500000000000000e+04,-4.927000000000000000e+03,-2.454700000000000000e+04
-2.130000000000000000e+04,-1.439500000000000000e+04,-2.010700000000000000e+04,-6.949000000000000000e+03,-2.304800000000000000e+04,-2.456400000000000000e+04,2.482500000000000000e+04,-2.282500000000000000e+04
-1.012700000000000000e+04,-1.797100000000000000e+04,-1.589200000000000000e+04,4.085000000000000000e+03,-1.545900000000000000e+04,-2.261000000000000000e+03,-2.334600000000000000e+04,-1.787400000000000000e+04
-1.548600000000000000e+04,-2.311000000000000000e+04,-2.457700000000000000e+04,1.442100000000000000e+04,-2.118900000000000000e+04,-1.329200000000000000e+04,-1.558400000000000000e+04,-2.504000000000000000e+04
-2.662900000000000000e+04,-1.517200000000000000e+04,-1.126100000000000000e+04,-1.553100000000000000e+04,-1.311600000000000000e+04,-2.284700000000000000e+04,-2.062000000000000000e+04,1.558700000000000000e+04
3.697000000000000000e+03,-1.464500000000000000e+04,-1.365600000000000000e+04,-1.791000000000000000e+03,-2.619000000000000000e+04,-8.686000000000000000e+03,-1.828300000000000000e+04,-2.265700000000000000e+04
-1.076200000000000000e+04,-1.988700000000000000e+04,-1.697700000000000000e+04,-7.118000000000000000e+03,-1.631300000000000000e+04,1.689300000000000000e+04,-1.699100000000000000e+04,-1.951300000000000000e+04
-3.054700000000000000e+04,-1.401500000000000000e+04,-2.177600000000000000e+04,-3.332800000000000000e+04,-2.410000000000000000e+04,-1.121800000000000000e+04,2.916000000000000000e+04,-2.760300000000000000e+04
-3.096400000000000000e+04,3.920700000000000000e+04,-2.413600000000000000e+04,-1.896200000000000000e+04,-2.109600000000000000e+04,-3.437900000000000000e+04,-1.706900000000000000e+04,-1.980700000000000000e+04
-2.267200000000000000e+04,-1.452700000000000000e+04,-1.325100000000000000e+04,-2.052200000000000000e+04,1.867000000000000000e+04,-1.483500000000000000e+04,-2.268500000000000000e+04,-1.852500000000000000e+04
-8.689000000000000000e+03,-1.638200000000000000e+04,-1.661000000000000000e+03,-8.807000000000000000e+03,-2.321000000000000000e+04,-3.630000000000000000e+02,-1.915400000000000000e+04,-2.361300000000000000e+04
-1.984200000000000000e+04,-2.061800000000000000e+04,-1.561400000000000000e+04,-2.318300000000000000e+04,-1.393300000000000000e+04,2.252800000000000000e+04,-2.310000000000000000e+04,-1.852700000000000000e+04
-1.945800000000000000e+04,-2.345900000000000000e+04,-4.216000000000000000e+03,-2.372700000000000000e+04,-1.713800000000000000e+04,-2.182400000000000000e+04,6.529000000000000000e+03,-2.182500000000000000e+04
-1.599600000000000000e+04,-1.692300000000000000e+04,-7.035000000000000000e+03,-1.185000000000000000e+04,1.623800000000000000e+04,-1.533800000000000000e+04,-1.566800000000000000e+04,-1.926300000000000000e+04
-1.917700000000000000e+04,-1.345100000000000000e+04,-1.162200000000000000e+04,-1.934300000000000000e+04,-1.802200000000000000e+04,-1.913800000000000000e+04,1.267500000000000000e+04,-1.935100000000000000e+04
-2.251800000000000000e+04,-1.751800000000000000e+04,-1.972800000000000000e+04,9.150000000000000000e+02,-2.397900000000000000e+04,-7.710000000000000000e+03,-2.407300000000000000e+04,-3.027000000000000000e+04
-1.759700000000000000e+04,-2.038600000000000000e+04,-8.017000000000000000e+03,6.841000000000000000e+03,-2.219300000000000000e+04,-3.870000000000000000e+03,-1.948900000000000000e+04,-1.542400000000000000e+04
-2.490300000000000000e+04,-1.319600000000000000e+04,-1.614700000000000000e+04,-2.276000000000000000e+04,-2.279200000000000000e+04,-1.771300000000000000e+04,1.731800000000000000e+04,-1.940200000000000000e+04
-2.891200000000000000e+04,-2.023800000000000000e+04,-1.734800000000000000e+04,-1.675600000000000000e+04,-2.474700000000000000e+04,-1.835400000000000000e+04,2.608100000000000000e+04,-2.989000000000000000e+04
-1.338500000000000000e+04,5.779000000000000000e+03,-2.031200000000000000e+04,-9.813000000000000000e+03,-1.855900000000000000e+04,-2.527900000000000000e+04,-1.114800000000000000e+04,-2.052200000000000000e+04
-8.363000000000000000e+03,-1.695400000000000000e+04,-1.698900000000000000e+04,-1.478900000000000000e+04,-1.745200000000000000e+04,-2.736700000000000000e+04,1.045400000000000000e+04,-1.960600000000000000e+04
-1.921800000000000000e+04,-1.405700000000000000e+04,-1.683100000000000000e+04,-2.095300000000000000e+04,-1.290000000000000000e+04,-2.202900000000000000e+04,-1.066100000000000000e+04,1.467400000000000000e+04
-1.941200000000000000e+04,3.306100000000000000e+04,-1.964900000000000000e+04,-2.642100000000000000e+04,-2.941200000000000000e+04,-2.966900000000000000e+04,-1.595700000000000000e+04,-2.339800000000000000e+04
-2.825300000000000000e+04,-1.867400000000000000e+04,-1.308500000000000000e+04,-1.835700000000000000e+04,-1.810100000000000000e+04,-2.191800000000000000e+04,2.031100000000000000e+04,-2.303900000000000000e+04
-1.737700000000000000e+04,-1.929500000000000000e+04,1.152300000000000000e+04,-2.223100000000000000e+04,-1.045500000000000000e+04,-3.270800000000000000e+04,-1.728300000000000000e+04,-2.093600000000000000e+04
-2.719200000000000000e+04,1.609900000000000000e+04,-1.860200000000000000e+04,-1.183000000000000000e+04,-2.369400000000000000e+04,-1.371200000000000000e+04,-1.245000000000000000e+04,-1.719500000000000000e+04
-1.648600000000000000e+04,1.362100000000000000e+04,-2.275000000000000000e+04,-5.410000000000000000e+03,-2.261600000000000000e+04,-1.949700000000000000e+04,-3.602000000000000000e+03,-1.574700000000000000e+04
-2.186300000000000000e+04,-1.299500000000000000e+04,-1.846500000000000000e+04,-2.126700000000000000e+04,-1.378400000000000000e+04,-2.519700000000000000e+04,-1.674300000000000000e+04,2.048000000000000000e+04
-2.637900000000000000e+04,1.387000000000000000e+04,-1.902600000000000000e+04,-1.641100000000000000e+04,-1.644200000000000000e+04,-1.684500000000000000e+04,-1.494300000000000000e+04,-2.046500000000000000e+04
-6.680000000000000000e+03,-1.654200000000000000e+04,-1.750900000000000000e+04,7.042000000000000000e+03,-8.594000000000000000e+03,-1.239100000000000000e+04,-2.733800000000000000e+04,-1.596500000000000000e+04
-2.457500000000000000e+04,-1.840100000000000000e+04,-1.404300000000000000e+04,-2.074400000000000000e+04,-1.524500000000000000e+04,-2.147100000000000000e+04,-2.065400000000000000e+04,2.023400000000000000e+04
1.269600000000000000e+04,-2.359700000000000000e+04,-2.476400000000000000e+04,-4.463000000000000000e+03,-1.327100000000000000e+04,-1.896000000000000000e+04,-1.489900000000000000e+04,-2.347200000000000000e+04
-2.344100000000000000e+04,-1.778300000000000000e+04,-1.581700000000000000e+04,-2.169600000000000000e+04,-1.254400000000000000e+04,-2.604500000000000000e+04,-1.177100000000000000e+04,1.512200000000000000e+04
-3.440000000000000000e+03,-1.609800000000000000e+04,-2.533600000000000000e+04,-1.242000000000000000e+03,1.967000000000000000e+03,-1.190400000000000000e+04,-2.124700000000000000e+04,-2.311400000000000000e+04
-2.070000000000000000e+04,3.744400000000000000e+04,-2.732900000000000000e+04,-3.297700000000000000e+04,-2.400800000000000000e+04,-4.337700000000000000e+04,-1.547800000000000000e+04,-2.027000000000000000e+04
-1.461900000000000000e+04,-1.576900000000000000e+04,-1.900700000000000000e+04,-1.756000000000000000e+04,1.448000000000000000e+04,-2.584400000000000000e+04,-2.122100000000000000e+04,-2.046800000000000000e+04
-1.461300000000000000e+04,-2.063000000000000000e+04,-1.126000000000000000e+04,3.200000000000000000e+01,-1.683400000000000000e+04,9.100000000000000000e+01,-2.487900000000000000e+04,-1.635900000000000000e+04
-1.111200000000000000e+04,-1.946800000000000000e+04,-2.278400000000000000e+04,-2.041700000000000000e+04,1.738800000000000000e+04,-2.349900000000000000e+04,-1.747000000000000000e+04,-2.240000000000000000e+04
-1.481100000000000000e+04,3.187800000000000000e+04,-1.782200000000000000e+04,-4.212200000000000000e+04,-2.615500000000000000e+04,-2.663800000000000000e+04,-2.172500000000000000e+04,-2.420500000000000000e+04
-1.144900000000000000e+04,-1.887600000000000000e+04,9.258000000000000000e+03,-1.826600000000000000e+04,-1.897600000000000000e+04,-2.727800000000000000e+04,-9.812000000000000000e+03,-1.391400000000000000e+04
-3.072200000000000000e+04,4.483000000000000000e+03,-1.982300000000000000e+04,-9.395000000000000000e+03,-1.903000000000000000e+04,-2.029400000000000000e+04,-4.722000000000000000e+03,-1.966500000000000000e+04
-2.554000000000000000e+04,-2.193600000000000000e+04,-1.595000000000000000e+04,-2.804800000000000000e+04,-1.904400000000000000e+04,-1.983300000000000000e+04,2.056600000000000000e+04,-2.559600000000000000e+04
-3.690000000000000000e+03,2.431400000000000000e+04,-2.109400000000000000e+04,-2.162800000000000000e+04,-3.649700000000000000e+04,-3.096500000000000000e+04,-1.713200000000000000e+04,-2.616300000000000000e+04
-2.459900000000000000e+04,2.441100000000000000e+04,-2.056000000000000000e+04,-2.250500000000000000e+04,-2.262500000000000000e+04,-2.518600000000000000e+04,-1.233200000000000000e+04,-2.155600000000000000e+04
-1.691500000000000000e+04,-1.587800000000000000e+04,-2.102900000000000000e+04,-7.211000000000000000e+03,-2.359900000000000000e+04,-2.340400000000000000e+04,1.341600000000000000e+04,-2.221500000000000000e+04
-1.629800000000000000e+04,-1.116000000000000000e+04,-1.174300000000000000e+04,-1.383200000000000000e+04,-1.484300000000000000e+04,-1.644500000000000000e+04,1.363700000000000000e+04,-2.265700000000000000e+04
-1.870000000000000000e+03,-9.921000000000000000e+03,-1.583900000000000000e+04,2.725000000000000000e+03,6.680000000000000000e+02,-1.007600000000000000e+04,-1.870800000000000000e+04,-1.821900000000000000e+04
-2.406000000000000000e+04,3.226900000000000000e+04,-2.171200000000000000e+04,-2.711200000000000000e+04,-2.046500000000000000e+04,-2.155600000000000000e+04,-1.457200000000000000e+04,-1.736500000000000000e+04
-1.577700000000000000e+04,1.253700000000000000e+04,-1.888200000000000000e+04,-1.290600000000000000e+04,-2.463500000000000000e+04,-2.083300000000000000e+04,-1.299500000000000000e+04,-2.146700000000000000e+04
-3.059000000000000000e+04,-1.668400000000000000e+04,-1.260300000000000000e+04,-2.326300000000000000e+04,-1.588500000000000000e+04,-1.523700000000000000e+04,-1.646100000000000000e+04,1.953200000000000000e+04
-1.923500000000000000e+04,-2.208600000000000000e+04,-1.064700000000000000e+04,-1.801200000000000000e+04,-2.433100000000000000e+04,-2.616000000000000000e+04,1.412700000000000000e+04,-2.693600000000000000e+04
-1.167300000000000000e+04,2.209000000000000000e+04,-2.399200000000000000e+04,-2.219800000000000000e+04,-2.561000000000000000e+04,-2.564100000000000000e+04,-1.996700000000000000e+04,-2.092300000000000000e+04
-1.274400000000000000e+04,-1.917700000000000000e+04,-2.608400000000000000e+04,1.826600000000000000e+04,-1.623200000000000000e+04,-1.251000000000000000e+04,-1.743800000000000000e+04,-2.771600000000000000e+04
-1.243100000000000000e+04,-2.110600000000000000e+04,-1.867800000000000000e+04,-1.815100000000000000e+04,9.919000000000000000e+03,-9.175000000000000000e+03,-1.927000000000000000e+04,-1.926900000000000000e+04
-1.372400000000000000e+04,2.550300000000000000e+04,-2.325800000000000000e+04,-1.556100000000000000e+04,-1.438200000000000000e+04,-2.509200000000000000e+04,-1.902800000000000000e+04,-1.916300000000000000e+04
-1.751900000000000000e+04,-2.029000000000000000e+04,-1.822300000000000000e+04,-1.576000000000000000e+04,2.372100000000000000e+04,-1.885100000000000000e+04,-2.019700000000000000e+04,-2.321200000000000000e+04
-2.497400000000000000e+04,-2.385100000000000000e+04,1.520300000000000000e+04,-1.462200000000000000e+04,-1.603100000000000000e+04,-2.848500000000000000e+04,-1.325900000000000000e+04,-1.572400000000000000e+04
-1.894000000000000000e+04,-2.501400000000000000e+04,-8.493000000000000000e+03,-3.533000000000000000e+03,-2.841300000000000000e+04,6.765000000000000000e+03,-2.302500000000000000e+04,-1.485000000000000000e+04
-2.388300000000000000e+04,3.443700000000000000e+04,-2.603800000000000000e+04,-2.680700000000000000e+04,-2.536200000000000000e+04,-2.939000000000000000e+04,-1.692000000000000000e+04,-2.137800000000000000e+04
-2.866200000000000000e+04,-1.054800000000000000e+04,-1.421400000000000000e+04,-1.527500000000000000e+04,-2.604300000000000000e+04,-1.495900000000000000e+04,1.399400000000000000e+04,-2.527900000000000000e+04
-1.492500000000000000e+04,-1.776100000000000000e+04,-1.903300000000000000e+04,-1.695000000000000000e+04,1.688700000000000000e+04,-2.989600000000000000e+04,-2.067700000000000000e+04,-1.753500000000000000e+04
-2.082900000000000000e+04,1.257100000000000000e+04,-1.851300000000000000e+04,-1.065900000000000000e+04,-2.564900000000000000e+04,-3.372800000000000000e+04,-7.719000000000000000e+03,-2.000800000000000000e+04
-2.880000000000000000e+04,-2.078000000000000000e+04,-1.335100000000000000e+04,-1.784400000000000000e+04,-2.552100000000000000e+04,1.437300000000000000e+04,-1.992400000000000000e+04,-1.307200000000000000e+04
-3.139200000000000000e+04,-1.816500000000000000e+04,-1.860600000000000000e+04,-2.619600000000000000e+04,-2.051600000000000000e+04,-1.388400000000000000e+04,2.259000000000000000e+04,-2.473600000000000000e+04
-2.316100000000000000e+04,-2.099000000000000000e+04,3.391100000000000000e+04,-2.671900000000000000e+04,-2.602800000000000000e+04,-2.784700000000000000e+04,-1.956300000000000000e+04,-1.608000000000000000e+04
-1.575100000000000000e+04,-1.364500000000000000e+04,-2.184600000000000000e+04,-2.216300000000000000e+04,-1.737800000000000000e+04,-2.302800000000000000e+04,-9.343000000000000000e+03,1.533700000000000000e+04
-2.342400000000000000e+04,3.170100000000000000e+04,-2.245300000000000000e+04,-1.267800000000000000e+04,-3.166800000000000000e+04,-4.497800000000000000e+04,-1.890000000000000000e+04,-2.050300000000000000e+04
-2.697700000000000000e+04,-2.023700000000000000e+04,-1.747600000000000000e+04,-1.881800000000000000e+04,-1.601700000000000000e+04,-2.455400000000000000e+04,-1.613400000000000000e+04,1.887100000000000000e+04
8.703000000000000000e+03,-1.559900000000000000e+04,-2.077500000000000000e+04,-6.878000000000000000e+03,-2.189000000000000000e+04,-2.053900000000000000e+04,-1.655600000000000000e+04,-2.551900000000000000e+04
-1.884400000000000000e+04,2.497800000000000000e+04,-2.081300000000000000e+04,-7.561000000000000000e+03,-2.844200000000000000e+04,-2.910900000000000000e+04,-2.494000000000000000e+04,-2.141900000000000000e+04
-1.958600000000000000e+04,-2.237700000000000000e+04,-1.865500000000000000e+04,-1.527500000000000000e+04,-2.363700000000000000e+04,-2.101800000000000000e+04,1.939200000000000000e+04,-2.617100000000000000e+04
-2.206000000000000000e+04,-1.811300000000000000e+04,-1.050800000000000000e+04,-1.220500000000000000e+04,-1.341700000000000000e+04,-2.146200000000000000e+04,-1.351800000000000000e+04,1.558400000000000000e+04
-2.697200000000000000e+04,-1.551400000000000000e+04,-1.147000000000000000e+04,-2.213400000000000000e+04,-1.622800000000000000e+04,-2.293100000000000000e+04,-1.872500000000000000e+04,1.928100000000000000e+04
-1.912600000000000000e+04,-5.853000000000000000e+03,-1.044400000000000000e+04,-6.128000000000000000e+03,-1.468700000000000000e+04,-2.035000000000000000e+03,-1.644700000000000000e+04,-1.757400000000000000e+04
-9.318000000000000000e+03,-1.544800000000000000e+04,-1.662700000000000000e+04,-2.538000000000000000e+04,-2.037000000000000000e+04,1.625100000000000000e+04,-1.330400000000000000e+04,-1.752600000000000000e+04
-6.590000000000000000e+02,-2.367600000000000000e+04,-1.476300000000000000e+04,1.049000000000000000e+04,-3.017300000000000000e+04,-2.062300000000000000e+04,-1.189700000000000000e+04,-2.574200000000000000e+04
-2.408900000000000000e+04,-2.699800000000000000e+04,-1.842700000000000000e+04,-6.121000000000000000e+03,-2.191500000000000000e+04,1.833000000000000000e+04,-1.787100000000000000e+04,-2.154800000000000000e+04
-1.834300000000000000e+04,-1.436000000000000000e+04,-1.659200000000000000e+04,-7.863000000000000000e+03,-5.246000000000000000e+03,3.135000000000000000e+03,-1.196900000000000000e+04,-1.356200000000000000e+04
-1.857400000000000000e+04,-2.603800000000000000e+04,1.736100000000000000e+04,-9.953000000000000000e+03,-2.281700000000000000e+04,-2.047400000000000000e+04,-9.305000000000000000e+03,-2.593700000000000000e+04
-2.646600000000000000e+04,2.981500000000000000e+04,-1.876100000000000000e+04,-3.013100000000000000e+04,-2.420200000000000000e+04,-2.851300000000000000e+04,-1.174300000000000000e+04,-2.268100000000000000e+04
4.814000000000000000e+03,-1.765300000000000000e+04,-1.016600000000000000e+04,-8.171000000000000000e+03,-3.491000000000000000e+04,-2.245900000000000000e+04,-9.080000000000000000e+03,-2.771100000000000000e+04
-7.690000000000000000e+02,-1.903700000000000000e+04,-1.957300000000000000e+04,3.944000000000000000e+03,-2.340800000000000000e+04,-2.104800000000000000e+04,-1.425700000000000000e+04,-2.341100000000000000e+04
-2.570400000000000000e+04,-1.648300000000000000e+04,-1.916500000000000000e+04,-2.410900000000000000e+04,-2.163600000000000000e+04,-1.440700000000000000e+04,2.918000000000000000e+04,-2.455500000000000000e+04
-3.544000000000000000e+04,-1.655900000000000000e+04,-1.390700000000000000e+04,-2.240600000000000000e+04,-1.801000000000000000e+04,-1.818400000000000000e+04,1.720600000000000000e+04,-1.160000000000000000e+04
-1.011300000000000000e+04,1.720900000000000000e+04,-1.285300000000000000e+04,-1.943700000000000000e+04,-3.163800000000000000e+04,-3.506000000000000000e+04,-1.728500000000000000e+04,-2.496100000000000000e+04
-2.077000000000000000e+04,2.671800000000000000e+04,-1.678900000000000000e+04,-2.332200000000000000e+04,-2.857900000000000000e+04,-2.211000000000000000e+04,-1.525500000000000000e+04,-2.139100000000000000e+04
-2.950300000000000000e+04,-2.145500000000000000e+04,2.053500000000000000e+04,-1.642400000000000000e+04,-2.159500000000000000e+04,-2.828700000000000000e+04,-1.615500000000000000e+04,-1.287400000000000000e+04
-2.565400000000000000e+04,-1.180700000000000000e+04,-1.596900000000000000e+04,-1.893300000000000000e+04,-2.085300000000000000e+04,-1.051400000000000000e+04,1.301200000000000000e+04,-2.075200000000000000e+04
-6.140000000000000000e+03,-9.759000000000000000e+03,-1.842100000000000000e+04,1.005000000000000000e+03,-1.252300000000000000e+04,-1.808800000000000000e+04,-1.274200000000000000e+04,-2.016900000000000000e+04
-8.998000000000000000e+03,-2.028800000000000000e+04,-2.124400000000000000e+04,-9.928000000000000000e+03,-1.552600000000000000e+04,-2.428200000000000000e+04,1.236900000000000000e+04,-2.552300000000000000e+04
-2.474200000000000000e+04,-1.543400000000000000e+04,-1.653400000000000000e+04,-1.937500000000000000e+04,-1.605000000000000000e+04,-2.722100000000000000e+04,-1.519900000000000000e+04,1.795100000000000000e+04
-2.297300000000000000e+04,-1.522800000000000000e+04,-1.591500000000000000e+04,-1.120300000000000000e+04,-1.555400000000000000e+04,-2.268900000000000000e+04,-1.475300000000000000e+04,1.547600000000000000e+04
-2.126000000000000000e+04,-1.339300000000000000e+04,-1.008400000000000000e+04,-2.045600000000000000e+04,-8.967000000000000000e+03,-2.698100000000000000e+04,-1.044700000000000000e+04,1.140700000000000000e+04
-2.380800000000000000e+04,-2.047700000000000000e+04,-1.055900000000000000e+04,1.300300000000000000e+04,-2.619400000000000000e+04,-9.453000000000000000e+03,-1.002800000000000000e+04,-2.494100000000000000e+04
-2.161100000000000000e+04,-1.249100000000000000e+04,-1.338700000000000000e+04,-2.025100000000000000e+04,-1.817600000000000000e+04,-3.005000000000000000e+04,-1.262200000000000000e+04,1.469400000000000000e+04
-1.411900000000000000e+04,-2.210300000000000000e+04,-1.746100000000000000e+04,-3.279000000000000000e+03,-2.352800000000000000e+04,-3.118000000000000000e+03,-2.212600000000000000e+04,-2.308000000000000000e+04
-2.896400000000000000e+04,3.634300000000000000e+04,-1.697800000000000000e+04,-2.906700000000000000e+04,-3.088900000000000000e+04,-4.058700000000000000e+04,-1.989300000000000000e+04,-2.450400000000000000e+04
-2.889100000000000000e+04,-1.693400000000000000e+04,-2.261000000000000000e+04,-2.098500000000000000e+04,-2.135600000000000000e+04,-1.740800000000000000e+04,1.376300000000000000e+04,-1.221000000000000000e+04
-2.881600000000000000e+04,-2.028500000000000000e+04,1.829300000000000000e+04,-2.186500000000000000e+04,-3.099300000000000000e+04,-4.589100000000000000e+04,-1.593000000000000000e+03,-1.958600000000000000e+04
-2.285900000000000000e+04,3.711200000000000000e+04,-2.177200000000000000e+04,-2.068100000000000000e+04,-2.601700000000000000e+04,-3.811200000000000000e+04,-2.417600000000000000e+04,-2.265000000000000000e+04
-1.350000000000000000e+02,-4.333000000000000000e+03,-1.127900000000000000e+04,1.257100000000000000e+04,-2.424200000000000000e+04,-1.760600000000000000e+04,-1.704200000000000000e+04,-2.177900000000000000e+04
1.683000000000000000e+03,-2.061000000000000000e+04,-2.633200000000000000e+04,-4.269000000000000000e+03,-2.253300000000000000e+04,2.201000000000000000e+03,-1.568700000000000000e+04,-1.942400000000000000e+04
-2.117500000000000000e+04,-2.262300000000000000e+04,-1.186000000000000000e+04,7.963000000000000000e+03,-2.382100000000000000e+04,-9.218000000000000000e+03,-9.190000000000000000e+03,-2.505500000000000000e+04
-1.740500000000000000e+04,-1.550500000000000000e+04,-1.900300000000000000e+04,-1.663700000000000000e+04,1.795800000000000000e+04,-1.317100000000000000e+04,-2.303500000000000000e+04,-1.671100000000000000e+04
-1.960100000000000000e+04,-1.398700000000000000e+04,-1.465600000000000000e+04,-2.092000000000000000e+04,-1.799500000000000000e+04,-2.464700000000000000e+04,-1.737900000000000000e+04,1.617300000000000000e+04
-1.688300000000000000e+04,-1.465800000000000000e+04,-1.270000000000000000e+04,-1.334800000000000000e+04,9.641000000000000000e+03,-2.040700000000000000e+04,-1.649700000000000000e+04,-1.140200000000000000e+04
-2.290900000000000000e+04,-1.875500000000000000e+04,7.660000000000000000e+03,-2.503800000000000000e+04,-2.052500000000000000e+04,-3.098900000000000000e+04,-1.280600000000000000e+04,-1.886000000000000000e+03
-2.525000000000000000e+04,-1.283000000000000000e+04,-1.245200000000000000e+04,5.522000000000000000e+03,-1.873800000000000000e+04,-9.509000000000000000e+03,-2.297600000000000000e+04,-1.788100000000000000e+04
-2.342300000000000000e+04,-1.195900000000000000e+04,-1.406100000000000000e+04,-2.161800000000000000e+04,-1.375400000000000000e+04,-2.365300000000000000e+04,-1.847900000000000000e+04,1.685100000000000000e+04
-9.553000000000000000e+03,-1.348700000000000000e+04,-7.703000000000000000e+03,1.380400000000000000e+04,-1.475600000000000000e+04,-2.149000000000000000e+04,-1.641500000000000000e+04,-1.966400000000000000e+04
2.474000000000000000e+03,-1.907700000000000000e+04,-1.589600000000000000e+04,-1.054700000000000000e+04,-2.351000000000000000e+03,-1.780000000000000000e+04,-1.706000000000000000e+04,-2.548800000000000000e+04
-2.967700000000000000e+04,2.671300000000000000e+04,-2.144300000000000000e+04,-3.048600000000000000e+04,-2.054600000000000000e+04,-3.275800000000000000e+04,-2.043100000000000000e+04,-2.262300000000000000e+04
-2.323300000000000000e+04,-2.317600000000000000e+04,-1.127100000000000000e+04,-2.263400000000000000e+04,-1.955400000000000000e+04,1.620600000000000000e+04,-1.771800000000000000e+04,-1.398800000000000000e+04
-9.280000000000000000e+03,-1.630600000000000000e+04,-1.676800000000000000e+04,1.888000000000000000e+03,-8.365000000000000000e+03,-4.557000000000000000e+03,-1.562800000000000000e+04,-1.722700000000000000e+04
-2.355400000000000000e+04,-1.278000000000000000e+04,-1.380600000000000000e+04,-2.437500000000000000e+04,-1.556800000000000000e+04,-2.010000000000000000e+04,2.728000000000000000e+03,-1.032000000000000000e+04
-1.838000000000000000e+04,-1.323100000000000000e+04,-1.442800000000000000e+04,-1.836100000000000000e+04,-1.642700000000000000e+04,-2.851000000000000000e+04,-1.317000000000000000e+04,1.604500000000000000e+04
-1.507000000000000000e+04,-2.546800000000000000e+04,-1.306600000000000000e+04,2.089700000000000000e+04,-2.114900000000000000e+04,-1.165700000000000000e+04,-1.285600000000000000e+04,-2.862400000000000000e+04
-3.770100000000000000e+04,-2.403900000000000000e+04,-3.252000000000000000e+03,5.993000000000000000e+03,-2.876400000000000000e+04,-1.372400000000000000e+04,1.980000000000000000e+02,-2.791900000000000000e+04
-1.395400000000000000e+04,-1.745900000000000000e+04,-9.917000000000000000e+03,9.362000000000000000e+03,-1.792900000000000000e+04,-2.280300000000000000e+04,-1.083600000000000000e+04,-1.996400000000000000e+04
-1.569900000000000000e+04,2.431600000000000000e+04,-2.047500000000000000e+04,-1.030900000000000000e+04,-1.520900000000000000e+04,-2.992200000000000000e+04,-1.917400000000000000e+04,-1.441200000000000000e+04
-2.099900000000000000e+04,-3.078500000000000000e+04,-6.358000000000000000e+03,1.038400000000000000e+04,-3.030300000000000000e+04,-2.981500000000000000e+04,5.160000000000000000e+03,-2.629500000000000000e+04
-1.314700000000000000e+04,-1.711000000000000000e+04,-9.263000000000000000e+03,-2.580200000000000000e+04,-1.137700000000000000e+04,-2.483000000000000000e+04,4.676000000000000000e+03,-1.502300000000000000e+04
-5.641000000000000000e+03,-1.836500000000000000e+04,-2.262700000000000000e+04,1.570800000000000000e+04,-2.252100000000000000e+04,-1.051000000000000000e+04,-2.053100000000000000e+04,-2.131000000000000000e+04
-1.901200000000000000e+04,-2.350600000000000000e+04,-2.193500000000000000e+04,-1.460400000000000000e+04,-1.534900000000000000e+04,7.971000000000000000e+03,-1.016000000000000000e+04,-1.631700000000000000e+04
-1.493500000000000000e+04,-1.710100000000000000e+04,-1.470200000000000000e+04,-1.677300000000000000e+04,-2.839300000000000000e+04,-2.119400000000000000e+04,9.981000000000000000e+03,-2.819600000000000000e+04
-1.707100000000000000e+04,-1.303600000000000000e+04,-1.953200000000000000e+04,-2.792200000000000000e+04,-2.425300000000000000e+04,-1.667400000000000000e+04,1.334000000000000000e+04,-2.733600000000000000e+04
-2.511600000000000000e+04,-1.445900000000000000e+04,-1.383000000000000000e+04,-1.814900000000000000e+04,-1.945600000000000000e+04,1.689800000000000000e+04,-1.839100000000000000e+04,-1.596400000000000000e+04
-3.169100000000000000e+04,-1.912100000000000000e+04,-1.172100000000000000e+04,-1.643500000000000000e+04,-1.374800000000000000e+04,2.834800000000000000e+04,-1.907900000000000000e+04,-1.512000000000000000e+04
-2.116000000000000000e+03,-2.080700000000000000e+04,-6.656000000000000000e+03,9.364000000000000000e+03,-9.819000000000000000e+03,-2.903000000000000000e+03,-1.491200000000000000e+04,-2.857700000000000000e+04
-2.298400000000000000e+04,-1.350900000000000000e+04,-1.734600000000000000e+04,-2.808200000000000000e+04,-1.797000000000000000e+04,-1.555200000000000000e+04,9.801000000000000000e+03,-1.876800000000000000e+04
-1.878300000000000000e+04,-1.642900000000000000e+04,-2.026500000000000000e+04,-2.367100000000000000e+04,-2.014100000000000000e+04,-2.823200000000000000e+04,2.222600000000000000e+04,-1.794700000000000000e+04
-3.523000000000000000e+04,-1.423400000000000000e+04,1.716000000000000000e+04,1.684000000000000000e+03,-2.526800000000000000e+04,-1.882100000000000000e+04,-1.418100000000000000e+04,-2.218000000000000000e+04
1.562100000000000000e+04,-1.461500000000000000e+04,-2.183400000000000000e+04,-3.178000000000000000e+03,-1.044600000000000000e+04,-1.202100000000000000e+04,-1.587400000000000000e+04,-2.568800000000000000e+04
-2.294100000000000000e+04,-1.403500000000000000e+04,-1.751700000000000000e+04,2.603100000000000000e+04,-2.418100000000000000e+04,-1.770300000000000000e+04,-2.168300000000000000e+04,-2.670000000000000000e+04
-1.432800000000000000e+04,-1.867700000000000000e+04,-1.480300000000000000e+04,-8.780000000000000000e+03,-1.423600000000000000e+04,-1.577000000000000000e+03,-2.744000000000000000e+04,-2.300200000000000000e+04
-2.564300000000000000e+04,-1.466100000000000000e+04,-1.648200000000000000e+04,1.357300000000000000e+04,-1.694700000000000000e+04,-1.692900000000000000e+04,-4.927000000000000000e+03,-2.032200000000000000e+04
-2.646600000000000000e+04,-1.824400000000000000e+04,-1.662000000000000000e+04,-2.462800000000000000e+04,-1.965700000000000000e+04,-2.067900000000000000e+04,2.201300000000000000e+04,-1.874900000000000000e+04
-1.100900000000000000e+04,-1.945100000000000000e+04,-1.413000000000000000e+04,-1.677900000000000000e+04,6.140000000000000000e+03,-1.850800000000000000e+04,-1.577000000000000000e+04,-1.877300000000000000e+04
-8.148000000000000000e+03,-2.253000000000000000e+04,-2.125600000000000000e+04,1.852800000000000000e+04,-1.451200000000000000e+04,-2.336200000000000000e+04,-1.133300000000000000e+04,-2.235200000000000000e+04
-9.540000000000000000e+03,2.871000000000000000e+04,-1.195400000000000000e+04,-6.898000000000000000e+03,-3.268600000000000000e+04,-3.657000000000000000e+04,-2.233700000000000000e+04,-2.627200000000000000e+04
-3.283000000000000000e+03,-1.410700000000000000e+04,-1.635600000000000000e+04,-1.121200000000000000e+04,-8.256000000000000000e+03,5.102000000000000000e+03,-2.028200000000000000e+04,-2.092900000000000000e+04
-2.141700000000000000e+04,-1.517200000000000000e+04,-1.861200000000000000e+04,-2.039800000000000000e+04,-1.452200000000000000e+04,-2.449100000000000000e+04,-1.602200000000000000e+04,1.868400000000000000e+04
-2.128600000000000000e+04,-1.323200000000000000e+04,-2.230400000000000000e+04,-2.554300000000000000e+04,-2.086400000000000000e+04,-1.987700000000000000e+04,2.834200000000000000e+04,-2.290200000000000000e+04
7.400000000000000000e+03,-1.841500000000000000e+04,-1.835400000000000000e+04,4.049000000000000000e+03,-1.872400000000000000e+04,-1.750000000000000000e+04,-1.834400000000000000e+04,-2.396700000000000000e+04
-1.906500000000000000e+04,-1.217900000000000000e+04,-1.791300000000000000e+04,-1.724700000000000000e+04,-1.173900000000000000e+04,-2.802800000000000000e+04,-1.245900000000000000e+04,1.635900000000000000e+04
-3.343000000000000000e+04,-1.362200000000000000e+04,-1.052500000000000000e+04,-1.598500000000000000e+04,-1.798400000000000000e+04,-1.349600000000000000e+04,-1.704200000000000000e+04,1.172700000000000000e+04
-3.885000000000000000e+03,-1.133200000000000000e+04,-9.032000000000000000e+03,4.243000000000000000e+03,-1.981900000000000000e+04,-7.332000000000000000e+03,-2.146500000000000000e+04,-2.064600000000000000e+04
-7.054000000000000000e+03,-2.556200000000000000e+04,-1.458100000000000000e+04,-4.385000000000000000e+03,-1.273700000000000000e+04,8.896000000000000000e+03,-2.165400000000000000e+04,-1.924100000000000000e+04
-1.725800000000000000e+04,-1.649100000000000000e+04,-1.708600000000000000e+04,-2.139000000000000000e+03,-1.411900000000000000e+04,5.182000000000000000e+03,-1.530600000000000000e+04,-2.038400000000000000e+04
-2.204500000000000000e+04,-8.540000000000000000e+02,-1.224500000000000000e+04,-6.200000000000000000e+02,-1.852600000000000000e+04,-1.302500000000000000e+04,-1.314200000000000000e+04,-1.933000000000000000e+04
-1.129000000000000000e+04,2.603000000000000000e+03,-1.778500000000000000e+04,-2.268000000000000000e+04,-2.098200000000000000e+04,-1.651100000000000000e+04,-4.138000000000000000e+03,-2.922900000000000000e+04
-1.992000000000000000e+03,-1.183000000000000000e+04,-1.343800000000000000e+04,7.323000000000000000e+03,-2.142400000000000000e+04,-5.626000000000000000e+03,-2.190600000000000000e+04,-2.140100000000000000e+04
-1.319600000000000000e+04,2.998000000000000000e+04,-2.009600000000000000e+04,-2.041000000000000000e+04,-3.739200000000000000e+04,-4.480200000000000000e+04,-1.390400000000000000e+04,-2.176900000000000000e+04
-1.503700000000000000e+04,-1.586100000000000000e+04,-9.123000000000000000e+03,-2.247400000000000000e+04,5.476000000000000000e+03,-1.896700000000000000e+04,-9.035000000000000000e+03,-1.527400000000000000e+04
-2.167100000000000000e+04,-1.388000000000000000e+04,-1.651100000000000000e+04,-2.137800000000000000e+04,-1.241400000000000000e+04,-2.333000000000000000e+04,-1.577500000000000000e+04,1.880200000000000000e+04
-1.007300000000000000e+04,-9.344000000000000000e+03,-2.122700000000000000e+04,-2.371800000000000000e+04,-1.557100000000000000e+04,1.131000000000000000e+03,2.352000000000000000e+03,-1.224900000000000000e+04
-2.677100000000000000e+04,-1.592100000000000000e+04,-2.475300000000000000e+04,-2.325400000000000000e+04,-1.320100000000000000e+04,-1.811800000000000000e+04,2.104800000000000000e+04,-2.029500000000000000e+04
-1.491400000000000000e+04,-2.014300000000000000e+04,-1.800100000000000000e+04,-1.699200000000000000e+04,2.441700000000000000e+04,-1.832600000000000000e+04,-2.168700000000000000e+04,-2.208600000000000000e+04
-7.601000000000000000e+03,-1.878300000000000000e+04,-1.305400000000000000e+04,1.855900000000000000e+04,-1.316900000000000000e+04,-1.197500000000000000e+04,-1.974600000000000000e+04,-1.733300000000000000e+04
-1.989300000000000000e+04,-1.304300000000000000e+04,-1.747300000000000000e+04,-2.280500000000000000e+04,-1.229100000000000000e+04,-2.741300000000000000e+04,-1.802900000000000000e+04,2.079500000000000000e+04
-6.005000000000000000e+03,-1.358000000000000000e+03,-1.239900000000000000e+04,-8.943000000000000000e+03,-2.194000000000000000e+04,-2.284000000000000000e+04,-1.549800000000000000e+04,-2.625200000000000000e+04
1.880300000000000000e+04,-1.975000000000000000e+04,-2.304600000000000000e+04,-7.521000000000000000e+03,-1.400000000000000000e+04,-1.898500000000000000e+04,-1.336500000000000000e+04,-2.768500000000000000e+04
-1.538900000000000000e+04,-1.773600000000000000e+04,-1.616500000000000000e+04,-9.550000000000000000e+03,-1.228600000000000000e+04,1.160600000000000000e+04,-1.657200000000000000e+04,-1.757600000000000000e+04
4.698000000000000000e+03,-2.209700000000000000e+04,-2.274400000000000000e+04,-8.425000000000000000e+03,-2.047800000000000000e+04,-1.974500000000000000e+04,-4.883000000000000000e+03,-3.374900000000000000e+04
-2.206100000000000000e+04,-1.731800000000000000e+04,1.159000000000000000e+04,-2.389200000000000000e+04,-1.682400000000000000e+04,-3.018900000000000000e+04,-1.222700000000000000e+04,-9.809000000000000000e+03
-2.570300000000000000e+04,-1.727800000000000000e+04,-2.495700000000000000e+04,-2.906200000000000000e+04,-2.393000000000000000e+04,-1.530500000000000000e+04,2.803400000000000000e+04,-1.840200000000000000e+04
-2.492300000000000000e+04,-1.740500000000000000e+04,-1.919000000000000000e+04,-9.733000000000000000e+03,1.570600000000000000e+04,-1.046400000000000000e+04,-2.277500000000000000e+04,-1.044400000000000000e+04
-1.189000000000000000e+04,-1.972500000000000000e+04,-1.035200000000000000e+04,-5.819000000000000000e+03,-8.367000000000000000e+03,-2.056500000000000000e+04,-7.280000000000000000e+03,-2.214500000000000000e+04
-1.430500000000000000e+04,-1.950800000000000000e+04,-9.521000000000000000e+03,1.062000000000000000e+04,-2.144100000000000000e+04,-1.844900000000000000e+04,-1.597700000000000000e+04,-3.055700000000000000e+04
-2.829900000000000000e+04,-1.628300000000000000e+04,-1.781800000000000000e+04,-2.303900000000000000e+04,-2.716400000000000000e+04,-2.769200000000000000e+04,2.083100000000000000e+04,-2.723700000000000000e+04
-1.215000000000000000e+04,-1.590500000000000000e+04,-1.639200000000000000e+04,-1.098400000000000000e+04,-1.411500000000000000e+04,-1.243300000000000000e+04,1.396300000000000000e+04,-1.541000000000000000e+04
-1.734300000000000000e+04,-1.275800000000000000e+04,-1.517900000000000000e+04,-1.505300000000000000e+04,-1.344000000000000000e+04,-3.038400000000000000e+04,-9.597000000000000000e+03,1.607200000000000000e+04
-1.767300000000000000e+04,-2.156800000000000000e+04,-2.030100000000000000e+04,-1.098800000000000000e+04,-7.620000000000000000e+02,-1.422500000000000000e+04,-1.231600000000000000e+04,-2.086200000000000000e+04
6.263000000000000000e+03,4.883000000000000000e+03,-2.005800000000000000e+04,-1.955600000000000000e+04,-3.760800000000000000e+04,-2.158000000000000000e+04,-2.251100000000000000e+04,-2.952500000000000000e+04
-1.979600000000000000e+04,-1.700700000000000000e+04,-1.445400000000000000e+04,-1.953600000000000000e+04,-1.351500000000000000e+04,-2.040900000000000000e+04,-2.059800000000000000e+04,1.626800000000000000e+04
-9.913000000000000000e+03,-1.702800000000000000e+04,-1.007900000000000000e+04,-2.680600000000000000e+04,-1.462200000000000000e+04,-2.040600000000000000e+04,2.377500000000000000e+04,-1.990300000000000000e+04
-1.406000000000000000e+04,-1.649200000000000000e+04,-1.547400000000000000e+04,-1.103700000000000000e+04,9.341000000000000000e+03,-1.270700000000000000e+04,-1.835100000000000000e+04,-1.495600000000000000e+04
-5.684000000000000000e+03,8.361000000000000000e+03,-1.794500000000000000e+04,-1.160200000000000000e+04,-3.566600000000000000e+04,-2.295400000000000000e+04,-1.913000000000000000e+04,-2.602900000000000000e+04
-2.895700000000000000e+04,-2.356100000000000000e+04,3.621000000000000000e+03,-7.522000000000000000e+03,-9.040000000000000000e+03,-1.620900000000000000e+04,-1.370300000000000000e+04,-1.794700000000000000e+04
-1.716900000000000000e+04,-1.988100000000000000e+04,1.102100000000000000e+04,-1.881300000000000000e+04,-1.258200000000000000e+04,-2.950200000000000000e+04,-1.271800000000000000e+04,-1.168100000000000000e+04
-1.000400000000000000e+04,-1.571200000000000000e+04,-1.133500000000000000e+04,-1.864800000000000000e+04,4.027000000000000000e+03,-2.191600000000000000e+04,-1.488500000000000000e+04,-1.562000000000000000e+04
-1.280400000000000000e+04,-2.578900000000000000e+04,-1.489400000000000000e+04,-4.392000000000000000e+03,-1.061800000000000000e+04,-2.519700000000000000e+04,-6.784000000000000000e+03,-2.423100000000000000e+04
-2.612200000000000000e+04,2.405400000000000000e+04,-2.374100000000000000e+04,-1.890900000000000000e+04,-2.221800000000000000e+04,-2.586900000000000000e+04,-1.260400000000000000e+04,-1.972000000000000000e+04
-2.262100000000000000e+04,-1.457300000000000000e+04,-1.689300000000000000e+04,-1.722500000000000000e+04,-1.333100000000000000e+04,-2.690800000000000000e+04,-1.736900000000000000e+04,1.715200000000000000e+04
-2.086700000000000000e+04,-1.402100000000000000e+04,-1.902100000000000000e+04,-2.130900000000000000e+04,-1.648000000000000000e+04,-2.318800000000000000e+04,-1.214100000000000000e+04,1.932100000000000000e+04
-2.397200000000000000e+04,-1.501400000000000000e+04,-1.246100000000000000e+04,-1.860900000000000000e+04,-1.205500000000000000e+04,-2.267600000000000000e+04,-1.640400000000000000e+04,1.768700000000000000e+04
-2.522700000000000000e+04,-1.634700000000000000e+04,1.271300000000000000e+04,-2.414400000000000000e+04,-1.163000000000000000e+04,-2.526500000000000000e+04,-1.589900000000000000e+04,-5.877000000000000000e+03
-8.021000000000000000e+03,-2.245300000000000000e+04,-1.705800000000000000e+04,-1.375300000000000000e+04,-1.021300000000000000e+04,1.409800000000000000e+04,-1.477600000000000000e+04,-1.817800000000000000e+04
-2.439100000000000000e+04,-1.901300000000000000e+04,1.545400000000000000e+04,-2.278000000000000000e+04,-2.266500000000000000e+04,-2.797700000000000000e+04,-9.676000000000000000e+03,-1.134500000000000000e+04
-1.927200000000000000e+04,-1.833300000000000000e+04,2.133300000000000000e+04,-2.435100000000000000e+04,-2.012100000000000000e+04,-2.896100000000000000e+04,-1.445500000000000000e+04,-1.654400000000000000e+04
1.014700000000000000e+04,-2.162700000000000000e+04,-1.890000000000000000e+04,6.134000000000000000e+03,-2.757900000000000000e+04,-2.630000000000000000e+02,-2.105100000000000000e+04,-2.797900000000000000e+04
-6.101000000000000000e+03,9.080000000000000000e+03,-1.742300000000000000e+04,-1.354700000000000000e+04,-2.839800000000000000e+04,-1.483100000000000000e+04,-1.888800000000000000e+04,-2.319900000000000000e+04
-2.430400000000000000e+04,1.363600000000000000e+04,-2.003400000000000000e+04,-1.813500000000000000e+04,-2.616700000000000000e+04,-2.345200000000000000e+04,-8.070000000000000000e+03,-2.142200000000000000e+04
-6.285000000000000000e+03,9.449000000000000000e+03,-2.307500000000000000e+04,-6.998000000000000000e+03,-9.210000000000000000e+03,-2.244100000000000000e+04,-1.023700000000000000e+04,-1.561800000000000000e+04
-2.208700000000000000e+04,-1.618400000000000000e+04,-1.894500000000000000e+04,-1.788800000000000000e+04,-2.529200000000000000e+04,-2.323000000000000000e+04,2.682100000000000000e+04,-1.679600000000000000e+04
-2.213600000000000000e+04,-1.719100000000000000e+04,-1.686000000000000000e+04,-2.047800000000000000e+04,-1.696700000000000000e+04,-2.658500000000000000e+04,-1.836100000000000000e+04,1.891900000000000000e+04
-8.052000000000000000e+03,-1.372800000000000000e+04,-7.793000000000000000e+03,6.876000000000000000e+03,-1.144900000000000000e+04,-2.232700000000000000e+04,-1.582400000000000000e+04,-1.946200000000000000e+04
-1.958800000000000000e+04,-1.879800000000000000e+04,-1.578000000000000000e+04,5.394000000000000000e+03,-1.695700000000000000e+04,1.060400000000000000e+04,-1.993200000000000000e+04,-1.877200000000000000e+04
-1.991300000000000000e+04,-1.948800000000000000e+04,-1.020300000000000000e+04,-1.242100000000000000e+04,-1.049500000000000000e+04,-1.931800000000000000e+04,4.917000000000000000e+03,-1.254000000000000000e+04
-2.057100000000000000e+04,-1.923400000000000000e+04,-1.412900000000000000e+04,-3.167200000000000000e+04,-2.069900000000000000e+04,-2.195700000000000000e+04,1.362100000000000000e+04,-2.180600000000000000e+04
-2.957600000000000000e+04,-2.548400000000000000e+04,4.219000000000000000e+04,-2.445700000000000000e+04,-3.025500000000000000e+04,-2.988400000000000000e+04,-1.637900000000000000e+04,-1.749500000000000000e+04
-1.841600000000000000e+04,-1.204900000000000000e+04,-1.254500000000000000e+04,-1.577600000000000000e+04,-1.410100000000000000e+04,-2.977500000000000000e+04,-1.661600000000000000e+04,1.532800000000000000e+04
-2.320100000000000000e+04,-1.643300000000000000e+04,-5.252000000000000000e+03,-8.000000000000000000e+03,-2.732900000000000000e+04,-2.920600000000000000e+04,-3.300000000000000000e+01,-2.194600000000000000e+04
-2.156400000000000000e+04,-1.411500000000000000e+04,-1.136200000000000000e+04,-2.003100000000000000e+04,-1.390100000000000000e+04,-1.753300000000000000e+04,5.933000000000000000e+03,-1.675000000000000000e+04
-6.399000000000000000e+03,-1.837000000000000000e+04,-6.757000000000000000e+03,-3.032000000000000000e+03,-2.883200000000000000e+04,-6.616000000000000000e+03,-1.791900000000000000e+04,-2.073500000000000000e+04
-1.934100000000000000e+04,1.612800000000000000e+04,-1.899800000000000000e+04,-1.419100000000000000e+04,-2.194500000000000000e+04,-3.333800000000000000e+04,-2.112400000000000000e+04,-2.227500000000000000e+04
-3.242800000000000000e+04,2.327500000000000000e+04,-1.821800000000000000e+04,-1.801900000000000000e+04,-2.245000000000000000e+04,-2.046800000000000000e+04,-1.301800000000000000e+04,-1.976600000000000000e+04
-2.474100000000000000e+04,2.797100000000000000e+04,-1.984100000000000000e+04,-7.967000000000000000e+03,-1.856300000000000000e+04,-3.072700000000000000e+04,-1.123100000000000000e+04,-2.445500000000000000e+04
-2.296200000000000000e+04,-2.469700000000000000e+04,5.529000000000000000e+03,-1.482200000000000000e+04,-1.600000000000000000e+04,-2.542600000000000000e+04,-9.536000000000000000e+03,-1.758300000000000000e+04
-2.368500000000000000e+04,1.572800000000000000e+04,-1.933000000000000000e+04,-1.105500000000000000e+04,-2.195200000000000000e+04,-2.307200000000000000e+04,-7.777000000000000000e+03,-2.345600000000000000e+04
1.284100000000000000e+04,-1.151200000000000000e+04,-2.426200000000000000e+04,-1.438800000000000000e+04,-3.581300000000000000e+04,-1.867600000000000000e+04,-1.425400000000000000e+04,-2.575700000000000000e+04
-1.217400000000000000e+04,-1.827800000000000000e+04,-1.518400000000000000e+04,-1.848300000000000000e+04,-1.985100000000000000e+04,-1.588500000000000000e+04,1.670800000000000000e+04,-1.883600000000000000e+04
-1.751100000000000000e+04,-1.814700000000000000e+04,-1.282600000000000000e+04,5.227000000000000000e+03,-1.268300000000000000e+04,-6.404000000000000000e+03,-2.203200000000000000e+04,-2.025500000000000000e+04
-2.924700000000000000e+04,-1.659900000000000000e+04,1.497700000000000000e+04,-5.547000000000000000e+03,-2.453300000000000000e+04,-2.039700000000000000e+04,-1.911400000000000000e+04,-2.281300000000000000e+04
-2.720000000000000000e+02,-1.772300000000000000e+04,-1.540500000000000000e+04,5.136000000000000000e+03,-2.994900000000000000e+04,-2.151800000000000000e+04,-5.033000000000000000e+03,-2.463000000000000000e+04
-1.415300000000000000e+04,1.278500000000000000e+04,-1.852100000000000000e+04,-9.971000000000000000e+03,-2.239000000000000000e+04,-1.887700000000000000e+04,-5.369000000000000000e+03,-1.297900000000000000e+04
-1.818400000000000000e+04,-2.123700000000000000e+04,-1.532100000000000000e+04,-2.614900000000000000e+04,2.642900000000000000e+04,-2.479900000000000000e+04,-1.632800000000000000e+04,-2.033200000000000000e+04
-9.260000000000000000e+03,-1.962000000000000000e+04,-2.185300000000000000e+04,-1.286500000000000000e+04,1.133600000000000000e+04,-1.994800000000000000e+04,-2.231700000000000000e+04,-2.278900000000000000e+04
-1.887100000000000000e+04,-1.643600000000000000e+04,-1.247400000000000000e+04,-1.660900000000000000e+04,1.221200000000000000e+04,-2.222500000000000000e+04,-2.444800000000000000e+04,-1.632400000000000000e+04
-1.537800000000000000e+04,-1.949200000000000000e+04,-2.039100000000000000e+04,-2.564400000000000000e+04,1.419400000000000000e+04,-2.480600000000000000e+04,-1.861200000000000000e+04,-2.229700000000000000e+04
-2.366600000000000000e+04,-1.614300000000000000e+04,-1.336200000000000000e+04,-1.665700000000000000e+04,-1.361800000000000000e+04,-2.604000000000000000e+04,-1.821200000000000000e+04,1.940700000000000000e+04
-3.774500000000000000e+04,2.995600000000000000e+04,-1.758900000000000000e+04,-2.283500000000000000e+04,-2.905100000000000000e+04,-2.155700000000000000e+04,-2.050800000000000000e+04,-1.927100000000000000e+04
-1.211100000000000000e+04,-1.631300000000000000e+04,-1.753900000000000000e+04,-5.020000000000000000e+03,-5.495000000000000000e+03,7.482000000000000000e+03,-2.038900000000000000e+04,-1.616900000000000000e+04
-1.067200000000000000e+04,-1.449400000000000000e+04,-1.033600000000000000e+04,1.025500000000000000e+04,-2.456700000000000000e+04,-1.556100000000000000e+04,-2.195700000000000000e+04,-1.797400000000000000e+04
-1.507800000000000000e+04,-1.430000000000000000e+04,9.532000000000000000e+03,-2.584500000000000000e+04,-9.274000000000000000e+03,-2.598400000000000000e+04,-1.813300000000000000e+04,-1.013700000000000000e+04
-2.970000000000000000e+04,-2.842900000000000000e+04,4.713900000000000000e+04,-3.257400000000000000e+04,-2.659300000000000000e+04,-2.515100000000000000e+04,-2.135800000000000000e+04,-1.640000000000000000e+04
-2.791100000000000000e+04,-2.095900000000000000e+04,-1.939100000000000000e+04,-2.007200000000000000e+04,-2.310900000000000000e+04,-2.210300000000000000e+04,1.946400000000000000e+04,-2.531600000000000000e+04
-2.964600000000000000e+04,1.958800000000000000e+04,-1.500300000000000000e+04,-1.130800000000000000e+04,-3.008900000000000000e+04,-2.389900000000000000e+04,-1.926500000000000000e+04,-2.436000000000000000e+04
-1.328200000000000000e+04,-8.498000000000000000e+03,-1.516100000000000000e+04,-1.033000000000000000e+04,-1.642500000000000000e+04,-9.269000000000000000e+03,6.454000000000000000e+03,-1.996500000000000000e+04
-1.293400000000000000e+04,-1.484300000000000000e+04,-1.491200000000000000e+04,-1.966800000000000000e+04,1.495600000000000000e+04,-2.394800000000000000e+04,-2.537200000000000000e+04,-2.138200000000000000e+04
-2.843400000000000000e+04,-1.764700000000000000e+04,-1.443600000000000000e+04,-2.282000000000000000e+04,-1.508900000000000000e+04,-2.302400000000000000e+04,-1.572000000000000000e+04,1.657700000000000000e+04
-2.101000000000000000e+04,-1.622100000000000000e+04,2.718000000000000000e+04,-2.885100000000000000e+04,-1.823500000000000000e+04,-2.439300000000000000e+04,-1.948700000000000000e+04,-1.575000000000000000e+04
-1.439100000000000000e+04,-1.796600000000000000e+04,-1.730600000000000000e+04,9.726000000000000000e+03,-2.144900000000000000e+04,-1.435100000000000000e+04,-1.800900000000000000e+04,-2.116400000000000000e+04
-2.024900000000000000e+04,-1.007700000000000000e+04,-1.678100000000000000e+04,5.013000000000000000e+03,-1.122600000000000000e+04,9.080000000000000000e+02,-1.254400000000000000e+04,-1.507500000000000000e+04
-2.657600000000000000e+04,-1.629100000000000000e+04,-1.366900000000000000e+04,-1.593900000000000000e+04,-1.934200000000000000e+04,-2.537500000000000000e+04,-1.931000000000000000e+04,1.763700000000000000e+04
-1.317500000000000000e+04,-1.168500000000000000e+04,-9.463000000000000000e+03,-1.989600000000000000e+04,-7.083000000000000000e+03,-1.761200000000000000e+04,-1.150000000000000000e+04,7.500000000000000000e+03
-2.584100000000000000e+04,-6.702000000000000000e+03,-1.833700000000000000e+04,-1.215000000000000000e+03,-2.785200000000000000e+04,-9.593000000000000000e+03,-1.715700000000000000e+04,-2.330200000000000000e+04
-7.431000000000000000e+03,-1.580400000000000000e+04,-1.437000000000000000e+04,1.246700000000000000e+04,-2.525600000000000000e+04,-9.383000000000000000e+03,-2.117200000000000000e+04,-2.277900000000000000e+04
-1.245200000000000000e+04,1.804100000000000000e+04,-1.815000000000000000e+04,-2.302100000000000000e+04,-2.674400000000000000e+04,-2.481700000000000000e+04,-2.196700000000000000e+04,-1.995000000000000000e+04
9.554000000000000000e+03,-1.330500000000000000e+04,-1.485700000000000000e+04,4.508000000000000000e+03,-2.361200000000000000e+04,-1.666700000000000000e+04,-2.184300000000000000e+04,-2.090300000000000000e+04
-1.574400000000000000e+04,-9.120000000000000000e+03,-1.841100000000000000e+04,-2.448800000000000000e+04,-2.057400000000000000e+04,-1.596200000000000000e+04,1.111000000000000000e+03,-6.466000000000000000e+03
-1.912300000000000000e+04,-1.150000000000000000e+04,-1.519500000000000000e+04,-2.072100000000000000e+04,-1.712800000000000000e+04,-2.826200000000000000e+04,-1.732600000000000000e+04,1.594000000000000000e+04
-2.683200000000000000e+04,4.274500000000000000e+04,-2.048800000000000000e+04,-2.659900000000000000e+04,-2.229900000000000000e+04,-3.178900000000000000e+04,-2.318300000000000000e+04,-1.700200000000000000e+04
7.462000000000000000e+03,-2.331100000000000000e+04,-1.746600000000000000e+04,-8.165000000000000000e+03,-1.937100000000000000e+04,-1.759900000000000000e+04,-9.674000000000000000e+03,-2.997800000000000000e+04
-2.015200000000000000e+04,-1.128300000000000000e+04,-1.750700000000000000e+04,-1.546700000000000000e+04,-1.478900000000000000e+04,-2.577400000000000000e+04,-1.336300000000000000e+04,1.688100000000000000e+04
-1.212900000000000000e+04,-1.592500000000000000e+04,-1.745900000000000000e+04,5.416000000000000000e+03,-5.656000000000000000e+03,6.202000000000000000e+03,-1.630000000000000000e+04,-1.954400000000000000e+04
-2.352200000000000000e+04,-2.268400000000000000e+04,1.410900000000000000e+04,-1.488400000000000000e+04,-1.473400000000000000e+04,-2.515100000000000000e+04,-1.738700000000000000e+04,-2.032100000000000000e+04
-1.329500000000000000e+04,-1.930500000000000000e+04,-7.958000000000000000e+03,-9.744000000000000000e+03,-8.210000000000000000e+03,-2.967400000000000000e+04,-1.389600000000000000e+04,-1.724500000000000000e+04
-2.245700000000000000e+04,-1.800300000000000000e+04,-1.600300000000000000e+04,-1.492000000000000000e+04,-1.349900000000000000e+04,-2.197400000000000000e+04,-1.506500000000000000e+04,1.657000000000000000e+04
-2.058700000000000000e+04,-2.066900000000000000e+04,-7.726000000000000000e+03,-1.662600000000000000e+04,-1.686300000000000000e+04,-2.414300000000000000e+04,9.665000000000000000e+03,-2.431100000000000000e+04
-9.645000000000000000e+03,-1.940200000000000000e+04,-1.670100000000000000e+04,7.319000000000000000e+03,-8.991000000000000000e+03,4.170000000000000000e+02,-2.146600000000000000e+04,-1.887800000000000000e+04
-2.677000000000000000e+03,1.954700000000000000e+04,-2.042000000000000000e+04,-2.340300000000000000e+04,-3.512000000000000000e+04,-2.211300000000000000e+04,-1.274200000000000000e+04,-2.348300000000000000e+04
-2.124500000000000000e+04,-2.103900000000000000e+04,-1.281900000000000000e+04,-1.329100000000000000e+04,-2.720800000000000000e+04,-2.215300000000000000e+04,1.212400000000000000e+04,-2.647400000000000000e+04
-2.584300000000000000e+04,-2.709800000000000000e+04,-1.505100000000000000e+04,-1.000200000000000000e+04,-1.149300000000000000e+04,2.034800000000000000e+04,-1.943200000000000000e+04,-1.661000000000000000e+04
-2.057400000000000000e+04,-2.234100000000000000e+04,-1.570700000000000000e+04,1.508800000000000000e+04,-2.197900000000000000e+04,-4.537000000000000000e+03,-1.516600000000000000e+04,-2.267900000000000000e+04
-2.778100000000000000e+04,-4.626000000000000000e+03,-1.541800000000000000e+04,-3.350200000000000000e+04,-2.616200000000000000e+04,-1.467500000000000000e+04,1.002300000000000000e+04,-2.976100000000000000e+04
-2.064400000000000000e+04,1.777600000000000000e+04,-2.341000000000000000e+04,-2.472300000000000000e+04,-1.813200000000000000e+04,-2.641300000000000000e+04,-2.527400000000000000e+04,-1.575600000000000000e+04
-2.808300000000000000e+04,1.728000000000000000e+04,-2.095400000000000000e+04,-8.242000000000000000e+03,-2.398700000000000000e+04,-2.391500000000000000e+04,-2.705500000000000000e+04,-2.033000000000000000e+04
-2.556700000000000000e+04,-2.660300000000000000e+04,1.743800000000000000e+04,-2.563500000000000000e+04,-1.817500000000000000e+04,-1.923800000000000000e+04,-1.345900000000000000e+04,-1.445000000000000000e+04
-1.408800000000000000e+04,-2.173500000000000000e+04,-1.497300000000000000e+04,-1.286200000000000000e+04,-1.075200000000000000e+04,3.080300000000000000e+04,-1.417600000000000000e+04,-2.007400000000000000e+04
-1.889900000000000000e+04,-1.437600000000000000e+04,-1.652400000000000000e+04,-2.257300000000000000e+04,-1.644400000000000000e+04,-2.998700000000000000e+04,-1.632600000000000000e+04,1.730000000000000000e+04
-2.644200000000000000e+04,-1.394500000000000000e+04,-1.618400000000000000e+04,-1.577300000000000000e+04,-2.020300000000000000e+04,1.330600000000000000e+04,5.600000000000000000e+01,-1.843400000000000000e+04
-1.855200000000000000e+04,-1.600600000000000000e+04,-1.864200000000000000e+04,-2.090100000000000000e+04,1.756700000000000000e+04,-1.342700000000000000e+04,-2.405300000000000000e+04,-2.425300000000000000e+04
-2.137800000000000000e+04,-1.264100000000000000e+04,-2.147200000000000000e+04,-1.787000000000000000e+04,-1.317300000000000000e+04,-2.459200000000000000e+04,-1.483700000000000000e+04,1.925900000000000000e+04
2.227700000000000000e+04,-1.573900000000000000e+04,-1.593800000000000000e+04,-1.169700000000000000e+04,-2.156400000000000000e+04,-1.635200000000000000e+04,-1.721000000000000000e+04,-2.953300000000000000e+04
-1.018400000000000000e+04,-6.898000000000000000e+03,1.204200000000000000e+04,-1.262800000000000000e+04,-8.450000000000000000e+03,-1.915800000000000000e+04,-9.907000000000000000e+03,-1.295300000000000000e+04
-2.032000000000000000e+04,-2.168100000000000000e+04,2.336500000000000000e+04,-1.399900000000000000e+04,-2.592000000000000000e+04,-3.424900000000000000e+04,-1.780600000000000000e+04,-2.127300000000000000e+04
-2.664100000000000000e+04,-1.260700000000000000e+04,-2.412000000000000000e+04,-2.669900000000000000e+04,-1.567400000000000000e+04,-1.299000000000000000e+04,1.647100000000000000e+04,-1.369300000000000000e+04
-1.678400000000000000e+04,-1.403800000000000000e+04,-1.771300000000000000e+04,-1.326100000000000000e+04,-1.714500000000000000e+04,-2.680100000000000000e+04,-1.796400000000000000e+04,1.727500000000000000e+04
-1.674800000000000000e+04,1.930000000000000000e+04,-2.164800000000000000e+04,-1.524200000000000000e+04,-2.666900000000000000e+04,-2.690200000000000000e+04,-2.036000000000000000e+04,-2.368900000000000000e+04
-2.702900000000000000e+04,3.682900000000000000e+04,-2.070500000000000000e+04,-2.986400000000000000e+04,-1.992600000000000000e+04,-3.385100000000000000e+04,-2.063700000000000000e+04,-2.400300000000000000e+04
-1.566800000000000000e+04,-1.863500000000000000e+04,1.902600000000000000e+04,-2.653500000000000000e+04,-2.037900000000000000e+04,-2.949100000000000000e+04,-1.732800000000000000e+04,-1.387800000000000000e+04
4.254000000000000000e+03,-1.188000000000000000e+04,-1.844000000000000000e+04,-9.781000000000000000e+03,-1.876800000000000000e+04,-1.147200000000000000e+04,-1.674000000000000000e+04,-1.890800000000000000e+04
1.078600000000000000e+04,-1.801000000000000000e+04,-1.803100000000000000e+04,-2.081000000000000000e+03,-2.311500000000000000e+04,-7.467000000000000000e+03,-1.997200000000000000e+04,-2.522700000000000000e+04
-2.215600000000000000e+04,-1.852800000000000000e+04,-2.251000000000000000e+04,-2.119100000000000000e+04,-2.914200000000000000e+04,-1.960700000000000000e+04,1.845900000000000000e+04,-2.811100000000000000e+04
-1.511500000000000000e+04,-8.516000000000000000e+03,-5.376000000000000000e+03,3.360000000000000000e+03,-1.241500000000000000e+04,-8.795000000000000000e+03,-1.526400000000000000e+04,-1.033800000000000000e+04
-2.890100000000000000e+04,-1.493600000000000000e+04,-1.690300000000000000e+04,-2.785900000000000000e+04,-1.397200000000000000e+04,-1.911600000000000000e+04,-1.124100000000000000e+04,1.910000000000000000e+04
-2.104100000000000000e+04,2.334000000000000000e+04,-2.124900000000000000e+04,-1.695700000000000000e+04,-2.150400000000000000e+04,-2.855700000000000000e+04,-1.572400000000000000e+04,-1.544900000000000000e+04
-2.033100000000000000e+04,-1.837100000000000000e+04,1.528900000000000000e+04,-2.387500000000000000e+04,-9.050000000000000000e+03,-2.770900000000000000e+04,-1.940900000000000000e+04,-1.069400000000000000e+04
-1.562000000000000000e+04,-1.825900000000000000e+04,-9.009000000000000000e+03,-2.777700000000000000e+04,-1.928700000000000000e+04,-1.714800000000000000e+04,1.595000000000000000e+04,-2.390000000000000000e+04
-2.352800000000000000e+04,-2.007000000000000000e+04,2.123100000000000000e+04,-2.550000000000000000e+04,-1.762400000000000000e+04,-2.968000000000000000e+04,-1.897600000000000000e+04,-1.581700000000000000e+04
-1.807400000000000000e+04,-2.651300000000000000e+04,-1.972900000000000000e+04,-4.955000000000000000e+03,-1.101200000000000000e+04,-5.624000000000000000e+03,-1.322700000000000000e+04,-2.003400000000000000e+04
-2.096300000000000000e+04,2.917700000000000000e+04,-2.083800000000000000e+04,-2.633300000000000000e+04,-2.639000000000000000e+04,-2.414800000000000000e+04,-1.693900000000000000e+04,-2.495100000000000000e+04
-2.788800000000000000e+04,-1.406400000000000000e+04,-1.906000000000000000e+04,-2.700900000000000000e+04,-1.989800000000000000e+04,-1.494900000000000000e+04,1.995600000000000000e+04,-2.041400000000000000e+04
-2.034200000000000000e+04,-2.200300000000000000e+04,-9.150000000000000000e+03,-1.334000000000000000e+03,-2.320300000000000000e+04,-2.229900000000000000e+04,3.356000000000000000e+03,-2.788600000000000000e+04
-1.421300000000000000e+04,-1.386400000000000000e+04,-1.852600000000000000e+04,-2.607500000000000000e+04,-1.316600000000000000e+04,-2.130700000000000000e+04,2.199400000000000000e+04,-1.872600000000000000e+04
-2.248000000000000000e+04,-1.715700000000000000e+04,-1.423900000000000000e+04,-1.541200000000000000e+04,-1.975400000000000000e+04,-2.456400000000000000e+04,1.962000000000000000e+04,-1.859700000000000000e+04
-9.194000000000000000e+03,-1.756200000000000000e+04,-1.732200000000000000e+04,-5.954000000000000000e+03,-1.065700000000000000e+04,8.700000000000000000e+03,-1.783700000000000000e+04,-2.029500000000000000e+04
-1.959200000000000000e+04,-2.197200000000000000e+04,-1.360800000000000000e+04,9.508000000000000000e+03,-2.363100000000000000e+04,-7.429000000000000000e+03,-1.397300000000000000e+04,-2.317900000000000000e+04
-2.137700000000000000e+04,-1.537300000000000000e+04,1.426800000000000000e+04,-2.692700000000000000e+04,-1.476900000000000000e+04,-2.331400000000000000e+04,-1.562100000000000000e+04,-9.250000000000000000e+03
-7.000000000000000000e+03,-2.170800000000000000e+04,-7.499000000000000000e+03,-7.697000000000000000e+03,-1.796000000000000000e+03,-2.749800000000000000e+04,-2.380700000000000000e+04,-2.431500000000000000e+04
-1.018900000000000000e+04,-1.262100000000000000e+04,-1.385900000000000000e+04,-1.224500000000000000e+04,1.171500000000000000e+04,-2.383700000000000000e+04,-1.923400000000000000e+04,-1.758200000000000000e+04
-3.150000000000000000e+02,-1.591000000000000000e+04,-1.708300000000000000e+04,-8.666000000000000000e+03,-1.930700000000000000e+04,1.597700000000000000e+04,-1.239000000000000000e+04,-2.190800000000000000e+04
-1.691800000000000000e+04,-1.222000000000000000e+04,-1.560900000000000000e+04,9.939000000000000000e+03,-3.254600000000000000e+04,-1.199200000000000000e+04,-2.067200000000000000e+04,-2.084900000000000000e+04
-2.521000000000000000e+04,-1.385200000000000000e+04,-1.738400000000000000e+04,-6.617000000000000000e+03,-2.479900000000000000e+04,-2.698400000000000000e+04,2.401600000000000000e+04,-2.499500000000000000e+04
-1.889900000000000000e+04,-1.785900000000000000e+04,-1.680800000000000000e+04,5.177000000000000000e+03,-1.104200000000000000e+04,-5.935000000000000000e+03,-2.432400000000000000e+04,-1.245300000000000000e+04
-1.979800000000000000e+04,-1.177100000000000000e+04,-1.797800000000000000e+04,-2.057300000000000000e+04,-1.825400000000000000e+04,-3.088900000000000000e+04,-1.684300000000000000e+04,1.965000000000000000e+04
-2.139000000000000000e+04,-2.172900000000000000e+04,1.743700000000000000e+04,-2.648300000000000000e+04,-1.682700000000000000e+04,-3.041100000000000000e+04,-1.560700000000000000e+04,-1.503000000000000000e+04
-3.627000000000000000e+03,1.173600000000000000e+04,-1.662000000000000000e+04,-1.730800000000000000e+04,-3.761100000000000000e+04,-2.277500000000000000e+04,-1.366200000000000000e+04,-2.045900000000000000e+04
-2.049800000000000000e+04,-1.193000000000000000e+04,-2.447900000000000000e+04,-2.717000000000000000e+04,-2.210500000000000000e+04,-5.948000000000000000e+03,2.092700000000000000e+04,-2.811000000000000000e+04
-3.265600000000000000e+04,-4.377000000000000000e+03,-9.688000000000000000e+03,1.294500000000000000e+04,-1.703600000000000000e+04,-1.220400000000000000e+04,-1.850700000000000000e+04,-1.562000000000000000e+04
-1.366300000000000000e+04,2.878600000000000000e+04,-2.624000000000000000e+04,-1.690000000000000000e+04,-2.804800000000000000e+04,-3.023900000000000000e+04,-8.872000000000000000e+03,-2.192600000000000000e+04
-1.793900000000000000e+04,-1.471700000000000000e+04,-1.921400000000000000e+04,4.678000000000000000e+03,-2.586400000000000000e+04,-5.630000000000000000e+03,-2.796400000000000000e+04,-2.151800000000000000e+04
1.227000000000000000e+04,-1.878900000000000000e+04,-1.083100000000000000e+04,-1.659700000000000000e+04,-2.633400000000000000e+04,-2.675100000000000000e+04,-1.267600000000000000e+04,-2.564500000000000000e+04
-1.548300000000000000e+04,-1.871900000000000000e+04,-1.414000000000000000e+04,-2.381700000000000000e+04,1.380600000000000000e+04,-2.797000000000000000e+04,-1.943500000000000000e+04,-1.960500000000000000e+04
-1.956900000000000000e+04,-1.657500000000000000e+04,-1.180000000000000000e+04,-1.636500000000000000e+04,-1.445800000000000000e+04,-1.896800000000000000e+04,-1.292200000000000000e+04,1.246800000000000000e+04
-9.486000000000000000e+03,-1.429000000000000000e+04,8.093000000000000000e+03,2.906000000000000000e+03,-2.225800000000000000e+04,-1.936600000000000000e+04,-2.567100000000000000e+04,-1.645800000000000000e+04
-2.611500000000000000e+04,-1.750600000000000000e+04,-2.310600000000000000e+04,-1.042000000000000000e+04,-2.712900000000000000e+04,-1.563800000000000000e+04,2.080900000000000000e+04,-2.697900000000000000e+04
-7.348000000000000000e+03,-1.019300000000000000e+04,7.790000000000000000e+02,-2.308000000000000000e+03,-2.880000000000000000e+03,-1.160300000000000000e+04,-2.226900000000000000e+04,-1.579900000000000000e+04
-2.259000000000000000e+03,-1.732600000000000000e+04,-8.076000000000000000e+03,-6.303000000000000000e+03,-2.422500000000000000e+04,-1.168500000000000000e+04,-9.760000000000000000e+03,-2.701400000000000000e+04
-2.784200000000000000e+04,3.087300000000000000e+04,-1.696200000000000000e+04,-1.394400000000000000e+04,-3.275600000000000000e+04,-2.619400000000000000e+04,-1.554200000000000000e+04,-2.472000000000000000e+04
-2.042900000000000000e+04,-1.744700000000000000e+04,-1.742600000000000000e+04,-1.672000000000000000e+04,2.015000000000000000e+04,-2.083400000000000000e+04,-2.430500000000000000e+04,-1.940600000000000000e+04
-1.869800000000000000e+04,-1.472200000000000000e+04,-1.301900000000000000e+04,-1.868600000000000000e+04,-1.685400000000000000e+04,-2.305700000000000000e+04,-1.841500000000000000e+04,1.692100000000000000e+04
-1.282200000000000000e+04,-5.700000000000000000e+03,-2.167500000000000000e+04,5.110000000000000000e+03,-1.163500000000000000e+04,-1.982000000000000000e+03,-2.448600000000000000e+04,-2.264400000000000000e+04
-2.594200000000000000e+04,-1.206900000000000000e+04,-1.833100000000000000e+04,-1.931600000000000000e+04,-1.607700000000000000e+04,-1.908900000000000000e+04,8.235000000000000000e+03,-1.703600000000000000e+04
-1.904600000000000000e+04,-1.591700000000000000e+04,-4.992000000000000000e+03,1.629000000000000000e+04,-2.481700000000000000e+04,-2.449400000000000000e+04,-2.096800000000000000e+04,-2.062600000000000000e+04
-1.482900000000000000e+04,-1.417000000000000000e+04,-1.957100000000000000e+04,-2.858600000000000000e+04,-2.311500000000000000e+04,-1.168800000000000000e+04,1.945400000000000000e+04,-2.119800000000000000e+04
-1.162900000000000000e+04,-1.589800000000000000e+04,-9.713000000000000000e+03,1.581200000000000000e+04,-4.531000000000000000e+03,-1.325100000000000000e+04,-2.184800000000000000e+04,-1.468000000000000000e+04
-1.014300000000000000e+04,-2.095600000000000000e+04,-1.831700000000000000e+04,-2.139100000000000000e+04,-1.455700000000000000e+04,1.542600000000000000e+04,-1.712400000000000000e+04,-1.842400000000000000e+04
-2.000700000000000000e+04,2.570400000000000000e+04,-2.801600000000000000e+04,-2.078200000000000000e+04,-3.003400000000000000e+04,-3.482500000000000000e+04,-1.098400000000000000e+04,-2.132800000000000000e+04
-1.221600000000000000e+04,-1.331700000000000000e+04,-1.033200000000000000e+04,1.874000000000000000e+03,-1.594800000000000000e+04,-7.430000000000000000e+03,-1.494800000000000000e+04,-1.879700000000000000e+04
-1.575300000000000000e+04,1.852800000000000000e+04,-2.064100000000000000e+04,-1.583300000000000000e+04,-1.857400000000000000e+04,-2.970900000000000000e+04,-2.214700000000000000e+04,-1.761500000000000000e+04
-2.991100000000000000e+04,3.599200000000000000e+04,-1.858000000000000000e+04,-2.635600000000000000e+04,-2.625100000000000000e+04,-3.880600000000000000e+04,-1.757700000000000000e+04,-2.318900000000000000e+04
-1.083200000000000000e+04,-1.418600000000000000e+04,-2.254800000000000000e+04,1.270000000000000000e+02,-2.157200000000000000e+04,7.776000000000000000e+03,-6.934000000000000000e+03,-2.429800000000000000e+04
-1.989200000000000000e+04,-1.490500000000000000e+04,-8.740000000000000000e+03,-1.648300000000000000e+04,-1.231300000000000000e+04,-2.144000000000000000e+04,-1.395800000000000000e+04,1.325100000000000000e+04
-3.256700000000000000e+04,-1.693000000000000000e+04,-1.634200000000000000e+04,-2.087700000000000000e+04,-2.235000000000000000e+04,-1.720600000000000000e+04,1.415600000000000000e+04,-2.120900000000000000e+04
-1.302100000000000000e+04,-2.328200000000000000e+04,-2.463400000000000000e+04,8.494000000000000000e+03,-1.822700000000000000e+04,-1.113100000000000000e+04,-2.016400000000000000e+04,-2.474200000000000000e+04
-3.516700000000000000e+04,-2.211300000000000000e+04,-4.635000000000000000e+03,2.072300000000000000e+04,-2.807000000000000000e+04,-1.717900000000000000e+04,-1.121000000000000000e+03,-3.019800000000000000e+04
-1.220500000000000000e+04,-3.200800000000000000e+04,-1.957600000000000000e+04,1.476900000000000000e+04,-1.306100000000000000e+04,-2.708300000000000000e+04,-4.374000000000000000e+03,-2.451800000000000000e+04
-9.681000000000000000e+03,-1.206500000000000000e+04,-9.226000000000000000e+03,-3.074700000000000000e+04,-2.054200000000000000e+04,-5.910000000000000000e+03,5.023000000000000000e+03,-9.215000000000000000e+03
-2.099600000000000000e+04,-2.147300000000000000e+04,-1.747200000000000000e+04,-2.264300000000000000e+04,2.205700000000000000e+04,-2.731600000000000000e+04,-2.078100000000000000e+04,-2.045800000000000000e+04
-2.725800000000000000e+04,-1.537100000000000000e+04,-1.063600000000000000e+04,-3.094200000000000000e+04,-1.426300000000000000e+04,-1.744300000000000000e+04,-1.063000000000000000e+04,1.245400000000000000e+04
-2.940000000000000000e+04,6.571000000000000000e+03,-1.597900000000000000e+04,-1.876900000000000000e+04,-1.750300000000000000e+04,-1.831900000000000000e+04,-1.611200000000000000e+04,-8.828000000000000000e+03
1.338800000000000000e+04,-1.616900000000000000e+04,-1.858300000000000000e+04,-9.531000000000000000e+03,-1.393600000000000000e+04,-8.984000000000000000e+03,-2.309000000000000000e+04,-2.222200000000000000e+04
1.511600000000000000e+04,-1.059100000000000000e+04,-2.539700000000000000e+04,-6.846000000000000000e+03,-2.018800000000000000e+04,-1.026400000000000000e+04,-2.267900000000000000e+04,-2.246000000000000000e+04
-1.983300000000000000e+04,-1.769200000000000000e+04,-1.672400000000000000e+04,-4.618000000000000000e+03,-1.961800000000000000e+04,-2.735000000000000000e+03,-1.286500000000000000e+04,-2.426800000000000000e+04
-2.559000000000000000e+04,2.197500000000000000e+04,-1.722000000000000000e+04,-1.551600000000000000e+04,-2.343600000000000000e+04,-2.298100000000000000e+04,-1.439900000000000000e+04,-1.704200000000000000e+04
-2.795300000000000000e+04,-1.403500000000000000e+04,-2.088600000000000000e+04,-2.037500000000000000e+04,-2.359300000000000000e+04,-1.824200000000000000e+04,1.723600000000000000e+04,-2.066900000000000000e+04
8.530000000000000000e+02,1.211400000000000000e+04,-1.210600000000000000e+04,-2.511000000000000000e+04,-3.254300000000000000e+04,-2.656900000000000000e+04,-1.341300000000000000e+04,-2.684900000000000000e+04
-7.880000000000000000e+02,-2.077500000000000000e+04,-1.298800000000000000e+04,-1.287900000000000000e+04,-4.922000000000000000e+03,8.719000000000000000e+03,-2.323700000000000000e+04,-2.054800000000000000e+04
-1.286400000000000000e+04,-1.567900000000000000e+04,-1.068100000000000000e+04,2.757000000000000000e+03,-2.701300000000000000e+04,-8.012000000000000000e+03,-2.149200000000000000e+04,-1.939700000000000000e+04
-1.428000000000000000e+04,3.720000000000000000e+02,-1.942600000000000000e+04,-6.508000000000000000e+03,-1.062200000000000000e+04,-1.790000000000000000e+02,-1.144500000000000000e+04,-1.994800000000000000e+04
-2.101200000000000000e+04,-1.730300000000000000e+04,-2.298600000000000000e+04,-1.759700000000000000e+04,-1.749900000000000000e+04,-1.476300000000000000e+04,2.466700000000000000e+04,-1.855800000000000000e+04
-2.248200000000000000e+04,-1.509300000000000000e+04,-1.665300000000000000e+04,-2.099400000000000000e+04,-1.393700000000000000e+04,-2.859600000000000000e+04,-1.671600000000000000e+04,2.062200000000000000e+04
-1.226600000000000000e+04,-2.162600000000000000e+04,-1.460700000000000000e+04,-5.058000000000000000e+03,1.386500000000000000e+04,-7.609000000000000000e+03,-1.192000000000000000e+04,-1.510400000000000000e+04
-2.211100000000000000e+04,-1.576600000000000000e+04,-4.436000000000000000e+03,-1.978500000000000000e+04,-2.714000000000000000e+04,-2.125400000000000000e+04,1.471600000000000000e+04,-2.148400000000000000e+04
-1.116200000000000000e+04,-2.826100000000000000e+04,-2.005000000000000000e+04,-3.674000000000000000e+03,-1.302800000000000000e+04,1.880700000000000000e+04,-2.013000000000000000e+04,-1.872500000000000000e+04
-1.897600000000000000e+04,-1.209000000000000000e+04,-1.083900000000000000e+04,-1.294100000000000000e+04,-1.101400000000000000e+04,2.030800000000000000e+04,-1.502200000000000000e+04,-1.595500000000000000e+04
-3.370300000000000000e+04,-1.537800000000000000e+04,3.141400000000000000e+04,-2.342200000000000000e+04,-2.312600000000000000e+04,-2.676600000000000000e+04,-2.182000000000000000e+04,-1.724100000000000000e+04
-1.329800000000000000e+04,-2.301600000000000000e+04,-5.527000000000000000e+03,4.669000000000000000e+03,-2.276000000000000000e+04,-2.380000000000000000e+04,9.310000000000000000e+02,-2.605000000000000000e+04
-2.692300000000000000e+04,-1.438800000000000000e+04,-8.431000000000000000e+03,-1.983600000000000000e+04,-1.773000000000000000e+04,-1.662600000000000000e+04,-1.319500000000000000e+04,1.293800000000000000e+04
-1.926900000000000000e+04,-2.842400000000000000e+04,3.109900000000000000e+04,-4.087600000000000000e+04,-2.629800000000000000e+04,-3.109600000000000000e+04,-1.979400000000000000e+04,-1.764400000000000000e+04
-3.702600000000000000e+04,-1.823800000000000000e+04,-1.216500000000000000e+04,-1.542800000000000000e+04,-1.685500000000000000e+04,-1.788800000000000000e+04,-2.016800000000000000e+04,1.658200000000000000e+04
-7.936000000000000000e+03,-2.046200000000000000e+04,-1.646200000000000000e+04,3.512000000000000000e+03,-6.457000000000000000e+03,-3.998000000000000000e+03,-1.471500000000000000e+04,-1.892300000000000000e+04
-1.641000000000000000e+03,-2.228700000000000000e+04,-8.298000000000000000e+03,-2.260000000000000000e+02,-2.307100000000000000e+04,-2.606900000000000000e+04,-1.065900000000000000e+04,-2.138000000000000000e+04
-1.990300000000000000e+04,-2.027600000000000000e+04,2.044200000000000000e+04,-2.551900000000000000e+04,-1.423400000000000000e+04,-3.052200000000000000e+04,-1.450000000000000000e+04,-1.088700000000000000e+04
-2.427900000000000000e+04,2.821100000000000000e+04,-2.264400000000000000e+04,-2.443800000000000000e+04,-2.117200000000000000e+04,-2.378600000000000000e+04,-2.172300000000000000e+04,-1.799400000000000000e+04
-3.536900000000000000e+04,2.347000000000000000e+04,-1.804500000000000000e+04,-1.775800000000000000e+04,-2.673000000000000000e+04,-1.107300000000000000e+04,-1.424300000000000000e+04,-2.421300000000000000e+04
-1.352000000000000000e+04,-1.666600000000000000e+04,-1.918400000000000000e+04,-8.168000000000000000e+03,-2.510300000000000000e+04,-2.775500000000000000e+04,2.113600000000000000e+04,-2.676600000000000000e+04
-2.769400000000000000e+04,3.081800000000000000e+04,-1.368700000000000000e+04,-2.340800000000000000e+04,-2.766900000000000000e+04,-2.311100000000000000e+04,-1.764100000000000000e+04,-2.611300000000000000e+04
-1.552200000000000000e+04,2.040300000000000000e+04,-1.612500000000000000e+04,-1.500700000000000000e+04,-2.256800000000000000e+04,-3.108000000000000000e+04,-9.289000000000000000e+03,-2.047600000000000000e+04
-1.735800000000000000e+04,2.691500000000000000e+04,-2.365200000000000000e+04,-2.601200000000000000e+04,-1.705000000000000000e+04,-3.740200000000000000e+04,-1.043500000000000000e+04,-1.890600000000000000e+04
-1.444800000000000000e+04,-1.185000000000000000e+04,-2.429300000000000000e+04,-8.405000000000000000e+03,-1.738300000000000000e+04,-1.363700000000000000e+04,1.846600000000000000e+04,-1.906500000000000000e+04
-2.681400000000000000e+04,2.819500000000000000e+04,-1.834900000000000000e+04,-1.651300000000000000e+04,-2.254300000000000000e+04,-3.389100000000000000e+04,-1.158700000000000000e+04,-2.036100000000000000e+04
-2.111200000000000000e+04,2.104700000000000000e+04,-1.994600000000000000e+04,-2.827800000000000000e+04,-2.084300000000000000e+04,-2.751100000000000000e+04,-1.131200000000000000e+04,-1.966000000000000000e+04
-2.010900000000000000e+04,-2.741400000000000000e+04,-1.526800000000000000e+04,-3.330000000000000000e+03,-1.948400000000000000e+04,7.604000000000000000e+03,-1.610300000000000000e+04,-1.801200000000000000e+04
-2.317700000000000000e+04,3.260300000000000000e+04,-1.463100000000000000e+04,-9.122000000000000000e+03,-2.755100000000000000e+04,-3.413800000000000000e+04,-2.264600000000000000e+04,-1.737700000000000000e+04
-1.953200000000000000e+04,-3.128900000000000000e+04,2.894800000000000000e+04,-2.373300000000000000e+04,-2.073400000000000000e+04,-2.944500000000000000e+04,-1.563300000000000000e+04,-1.969000000000000000e+04
-1.956900000000000000e+04,3.029300000000000000e+04,-1.252600000000000000e+04,-1.748600000000000000e+04,-2.738500000000000000e+04,-2.558500000000000000e+04,-1.835700000000000000e+04,-1.664500000000000000e+04
-2.245700000000000000e+04,3.149200000000000000e+04,-1.770000000000000000e+04,-1.244200000000000000e+04,-2.510700000000000000e+04,-3.046300000000000000e+04,-1.916800000000000000e+04,-2.472100000000000000e+04
-2.638900000000000000e+04,-1.570400000000000000e+04,-1.117400000000000000e+04,-2.095100000000000000e+04,-1.311400000000000000e+04,-1.766400000000000000e+04,-1.606200000000000000e+04,1.594400000000000000e+04
-2.017200000000000000e+04,-1.433500000000000000e+04,-1.199100000000000000e+04,-1.792200000000000000e+04,-1.606400000000000000e+04,-2.301500000000000000e+04,-1.204400000000000000e+04,8.612000000000000000e+03
-6.948000000000000000e+03,-1.176600000000000000e+04,-1.282400000000000000e+04,9.077000000000000000e+03,-2.244400000000000000e+04,-3.873000000000000000e+03,-2.101200000000000000e+04,-2.043800000000000000e+04
-9.350000000000000000e+02,-1.825900000000000000e+04,-2.074100000000000000e+04,1.376800000000000000e+04,-7.869000000000000000e+03,-1.014300000000000000e+04,-2.321700000000000000e+04,-1.341500000000000000e+04
-2.400100000000000000e+04,-7.192000000000000000e+03,-1.672200000000000000e+04,-2.497400000000000000e+04,-1.382900000000000000e+04,-2.166400000000000000e+04,1.084200000000000000e+04,-2.015800000000000000e+04
-3.070200000000000000e+04,-1.612200000000000000e+04,-1.454000000000000000e+04,-1.767900000000000000e+04,-1.997400000000000000e+04,-1.658600000000000000e+04,9.834000000000000000e+03,-1.405900000000000000e+04
-2.219900000000000000e+04,-1.996600000000000000e+04,-1.174300000000000000e+04,-2.369000000000000000e+04,-2.253200000000000000e+04,-1.735700000000000000e+04,-1.734900000000000000e+04,2.135400000000000000e+04
-3.394900000000000000e+04,-2.301200000000000000e+04,-4.262000000000000000e+03,-2.285900000000000000e+04,-2.594200000000000000e+04,-1.903300000000000000e+04,1.348400000000000000e+04,-2.868600000000000000e+04
-2.396000000000000000e+04,-1.176500000000000000e+04,-1.381200000000000000e+04,-1.834200000000000000e+04,-1.659400000000000000e+04,-2.727600000000000000e+04,-1.039500000000000000e+04,9.979000000000000000e+03
-1.490600000000000000e+04,-1.929800000000000000e+04,-1.166600000000000000e+04,-2.171800000000000000e+04,-1.287300000000000000e+04,-1.846500000000000000e+04,-1.104000000000000000e+03,-1.434500000000000000e+04
-1.996100000000000000e+04,1.960700000000000000e+04,-1.637200000000000000e+04,-2.006800000000000000e+04,-3.318000000000000000e+04,-2.982900000000000000e+04,-2.201100000000000000e+04,-2.671700000000000000e+04
-1.993700000000000000e+04,-1.931000000000000000e+04,-1.164900000000000000e+04,-1.687700000000000000e+04,-1.649900000000000000e+04,-1.424300000000000000e+04,1.501900000000000000e+04,-1.987100000000000000e+04
-1.801300000000000000e+04,-3.078300000000000000e+04,-1.872400000000000000e+04,-4.295000000000000000e+03,-1.838500000000000000e+04,3.142000000000000000e+03,-8.431000000000000000e+03,-2.233800000000000000e+04
-1.947400000000000000e+04,-1.241100000000000000e+04,-1.615900000000000000e+04,-2.168300000000000000e+04,-1.257800000000000000e+04,-2.814400000000000000e+04,-1.627600000000000000e+04,1.651800000000000000e+04
-4.853000000000000000e+03,-1.989500000000000000e+04,-1.907600000000000000e+04,7.505000000000000000e+03,-9.685000000000000000e+03,-1.861400000000000000e+04,4.350000000000000000e+02,-2.283500000000000000e+04
2.102900000000000000e+04,-1.343900000000000000e+04,-2.183700000000000000e+04,-1.241800000000000000e+04,-3.348200000000000000e+04,-1.860200000000000000e+04,-1.523200000000000000e+04,-2.911600000000000000e+04
-2.905600000000000000e+04,-2.846100000000000000e+04,2.395300000000000000e+04,-1.843400000000000000e+04,-1.446100000000000000e+04,-2.834500000000000000e+04,-1.921600000000000000e+04,-1.677900000000000000e+04
-1.263900000000000000e+04,1.858100000000000000e+04,-2.296400000000000000e+04,-1.912600000000000000e+04,-1.921600000000000000e+04,-3.444000000000000000e+04,-2.666500000000000000e+04,-2.402600000000000000e+04
-2.527400000000000000e+04,-1.618300000000000000e+04,-1.107300000000000000e+04,-2.196400000000000000e+04,-1.915500000000000000e+04,-2.552500000000000000e+04,1.828000000000000000e+04,-2.400600000000000000e+04
-2.317700000000000000e+04,-2.119200000000000000e+04,-1.233800000000000000e+04,-8.092000000000000000e+03,-8.107000000000000000e+03,-2.938000000000000000e+04,7.437000000000000000e+03,-2.382800000000000000e+04
-1.756700000000000000e+04,-1.135100000000000000e+04,-1.285800000000000000e+04,-2.011500000000000000e+04,-1.199900000000000000e+04,-3.036400000000000000e+04,-1.434700000000000000e+04,1.585100000000000000e+04
-1.948300000000000000e+04,-2.132500000000000000e+04,-2.357200000000000000e+04,1.960100000000000000e+04,-2.329900000000000000e+04,-5.263000000000000000e+03,-2.107600000000000000e+04,-2.705900000000000000e+04
-9.154000000000000000e+03,-1.878100000000000000e+04,-2.029500000000000000e+04,-1.750000000000000000e+04,-8.653000000000000000e+03,-1.453800000000000000e+04,5.850000000000000000e+02,-1.814700000000000000e+04
2.809200000000000000e+04,-1.929000000000000000e+04,-1.425300000000000000e+04,-9.890000000000000000e+03,-3.670700000000000000e+04,-3.128900000000000000e+04,-9.240000000000000000e+03,-2.939400000000000000e+04
1.381800000000000000e+04,-1.567200000000000000e+04,-1.969100000000000000e+04,-1.713300000000000000e+04,-2.310000000000000000e+04,-4.873000000000000000e+03,-1.950200000000000000e+04,-2.689200000000000000e+04
-1.989600000000000000e+04,-1.649500000000000000e+04,-1.563900000000000000e+04,-2.405900000000000000e+04,1.464700000000000000e+04,-2.364100000000000000e+04,-2.075900000000000000e+04,-1.772700000000000000e+04
-2.372100000000000000e+04,-1.634400000000000000e+04,-1.250100000000000000e+04,-2.185000000000000000e+04,-1.487000000000000000e+04,-2.307500000000000000e+04,-1.762800000000000000e+04,1.539700000000000000e+04
-2.263500000000000000e+04,-2.086100000000000000e+04,-1.081800000000000000e+04,-2.730000000000000000e+03,-2.513500000000000000e+04,-2.055300000000000000e+04,5.570000000000000000e+03,-2.900600000000000000e+04
-4.922000000000000000e+03,-2.201700000000000000e+04,-2.195000000000000000e+04,1.441600000000000000e+04,-1.289500000000000000e+04,-1.921600000000000000e+04,-1.513800000000000000e+04,-2.741400000000000000e+04
-1.672400000000000000e+04,-1.719500000000000000e+04,-1.259700000000000000e+04,-1.691000000000000000e+04,1.629200000000000000e+04,-1.997900000000000000e+04,-2.713200000000000000e+04,-2.209400000000000000e+04
-2.688000000000000000e+04,-1.730200000000000000e+04,-1.338100000000000000e+04,-2.323800000000000000e+04,-2.070500000000000000e+04,-2.261500000000000000e+04,-1.813600000000000000e+04,1.331400000000000000e+04
-7.567000000000000000e+03,-1.651500000000000000e+04,-2.192500000000000000e+04,-2.184300000000000000e+04,-2.038700000000000000e+04,-2.565500000000000000e+04,1.775100000000000000e+04,-2.974500000000000000e+04
-8.607000000000000000e+03,-1.274800000000000000e+04,-1.317000000000000000e+04,-1.538700000000000000e+04,-6.913000000000000000e+03,-5.283000000000000000e+03,-8.539000000000000000e+03,-1.314500000000000000e+04
-2.300000000000000000e+04,-1.933900000000000000e+04,3.616500000000000000e+04,-3.126000000000000000e+04,-2.298900000000000000e+04,-2.616800000000000000e+04,-2.121200000000000000e+04,-1.574800000000000000e+04
-2.305900000000000000e+04,-1.489600000000000000e+04,-1.315600000000000000e+04,-2.389400000000000000e+04,-1.489500000000000000e+04,-2.322200000000000000e+04,-1.443800000000000000e+04,1.865000000000000000e+04
-1.466400000000000000e+04,1.776100000000000000e+04,-2.360800000000000000e+04,-2.759400000000000000e+04,-2.694100000000000000e+04,-2.646900000000000000e+04,-1.258200000000000000e+04,-2.490400000000000000e+04
-1.855200000000000000e+04,-1.791000000000000000e+04,-1.516100000000000000e+04,-1.351500000000000000e+04,1.664000000000000000e+04,-2.496100000000000000e+04,-1.788700000000000000e+04,-1.878000000000000000e+04
-2.034900000000000000e+04,-1.391200000000000000e+04,-1.367300000000000000e+04,-1.414600000000000000e+04,-1.309500000000000000e+04,-2.520500000000000000e+04,-1.492600000000000000e+04,1.444800000000000000e+04
-3.267000000000000000e+04,1.899600000000000000e+04,-2.354300000000000000e+04,-2.656200000000000000e+04,-1.632200000000000000e+04,-2.358600000000000000e+04,-3.649000000000000000e+03,-1.686300000000000000e+04
-1.023700000000000000e+04,2.954600000000000000e+04,-1.595800000000000000e+04,-2.913800000000000000e+04,-2.444600000000000000e+04,-3.947000000000000000e+04,-1.334300000000000000e+04,-1.991700000000000000e+04
-2.048400000000000000e+04,-1.505100000000000000e+04,-1.017000000000000000e+04,-1.132600000000000000e+04,-1.321300000000000000e+04,-2.131400000000000000e+04,-1.688900000000000000e+04,1.342200000000000000e+04
-1.747600000000000000e+04,-1.818600000000000000e+04,-1.569700000000000000e+04,-2.295000000000000000e+03,-1.678600000000000000e+04,-4.500000000000000000e+02,-2.609600000000000000e+04,-1.875500000000000000e+04
5.796000000000000000e+03,-1.788700000000000000e+04,-1.615700000000000000e+04,-1.381100000000000000e+04,-1.516600000000000000e+04,-4.549000000000000000e+03,-1.568900000000000000e+04,-2.364300000000000000e+04
-1.870900000000000000e+04,-2.242600000000000000e+04,-9.169000000000000000e+03,-8.598000000000000000e+03,1.119100000000000000e+04,-1.380300000000000000e+04,-1.923000000000000000e+04,-2.292600000000000000e+04
-1.513400000000000000e+04,-2.756100000000000000e+04,-1.764200000000000000e+04,1.075000000000000000e+04,-1.573200000000000000e+04,-2.087700000000000000e+04,-7.500000000000000000e+01,-2.463000000000000000e+04
-1.680900000000000000e+04,-1.222800000000000000e+04,-1.519100000000000000e+04,1.095600000000000000e+04,-2.619300000000000000e+04,-8.036000000000000000e+03,-1.512200000000000000e+04,-1.881700000000000000e+04
-3.626500000000000000e+04,-1.687600000000000000e+04,-9.365000000000000000e+03,-1.540500000000000000e+04,-1.905900000000000000e+04,-1.172000000000000000e+04,-2.238200000000000000e+04,1.049600000000000000e+04
-2.172400000000000000e+04,-1.719800000000000000e+04,-1.295100000000000000e+04,-1.381700000000000000e+04,-1.376000000000000000e+04,-1.939900000000000000e+04,-1.434100000000000000e+04,1.481900000000000000e+04
-2.440600000000000000e+04,8.256000000000000000e+03,-1.611500000000000000e+04,-1.475600000000000000e+04,-2.607200000000000000e+04,-1.919200000000000000e+04,-8.971000000000000000e+03,-2.275700000000000000e+04
9.900000000000000000e+02,-1.795200000000000000e+04,-2.023400000000000000e+04,-3.200000000000000000e+02,-2.432300000000000000e+04,2.870000000000000000e+02,-2.432000000000000000e+04,-2.972700000000000000e+04
-1.224100000000000000e+04,-1.685300000000000000e+04,-2.205100000000000000e+04,-2.189300000000000000e+04,1.381600000000000000e+04,-2.332600000000000000e+04,-2.189000000000000000e+04,-2.011800000000000000e+04
-8.961000000000000000e+03,-1.788200000000000000e+04,-1.650400000000000000e+04,-1.770300000000000000e+04,-1.298400000000000000e+04,-1.796900000000000000e+04,2.623700000000000000e+04,-2.380200000000000000e+04
-2.604000000000000000e+04,-1.210000000000000000e+04,-8.788000000000000000e+03,-2.791000000000000000e+04,-1.610300000000000000e+04,-2.830900000000000000e+04,-1.763200000000000000e+04,1.415400000000000000e+04
-2.688800000000000000e+04,3.799800000000000000e+04,-2.610100000000000000e+04,-2.800000000000000000e+04,-2.678100000000000000e+04,-2.923300000000000000e+04,-2.019200000000000000e+04,-1.754400000000000000e+04
-1.471600000000000000e+04,-2.182800000000000000e+04,-1.910800000000000000e+04,-1.687100000000000000e+04,-1.058000000000000000e+04,1.912000000000000000e+04,-1.533800000000000000e+04,-1.772600000000000000e+04
-2.263800000000000000e+04,-1.302300000000000000e+04,-6.348000000000000000e+03,-3.500000000000000000e+01,-1.669900000000000000e+04,-2.583500000000000000e+04,7.400000000000000000e+02,-1.863600000000000000e+04
-2.276300000000000000e+04,1.916200000000000000e+04,-2.061700000000000000e+04,-2.088900000000000000e+04,-2.565800000000000000e+04,-1.994100000000000000e+04,-2.027500000000000000e+04,-2.207400000000000000e+04
-3.205600000000000000e+04,-2.356700000000000000e+04,-1.200000000000000000e+02,4.220000000000000000e+03,-2.172800000000000000e+04,-1.803300000000000000e+04,-9.346000000000000000e+03,-1.873100000000000000e+04
-2.641100000000000000e+04,-1.108700000000000000e+04,1.019500000000000000e+04,-1.500000000000000000e+04,-1.254400000000000000e+04,-2.134200000000000000e+04,-1.804400000000000000e+04,-1.932300000000000000e+04
-2.444900000000000000e+04,1.979400000000000000e+04,-1.513500000000000000e+04,-1.843600000000000000e+04,-2.197100000000000000e+04,-3.462600000000000000e+04,-1.109100000000000000e+04,-2.168200000000000000e+04
-2.807000000000000000e+03,4.702000000000000000e+03,-1.123900000000000000e+04,-4.633000000000000000e+03,-2.471600000000000000e+04,-2.201700000000000000e+04,-1.107000000000000000e+04,-2.286900000000000000e+04
-7.387000000000000000e+03,-1.653500000000000000e+04,-2.222700000000000000e+04,1.583500000000000000e+04,-2.703300000000000000e+04,-1.247600000000000000e+04,-2.353700000000000000e+04,-2.508000000000000000e+04
-1.711800000000000000e+04,1.745800000000000000e+04,-1.889400000000000000e+04,-2.555800000000000000e+04,-1.847900000000000000e+04,-3.258500000000000000e+04,-1.129500000000000000e+04,-1.777000000000000000e+04
-3.043300000000000000e+04,-2.382500000000000000e+04,1.030800000000000000e+04,2.383000000000000000e+03,-1.518800000000000000e+04,-1.228000000000000000e+04,-5.462000000000000000e+03,-2.383200000000000000e+04
-1.766300000000000000e+04,-1.244300000000000000e+04,-1.736100000000000000e+04,-2.064400000000000000e+04,-1.489500000000000000e+04,-2.776700000000000000e+04,-1.941200000000000000e+04,1.868400000000000000e+04
-2.341400000000000000e+04,-1.392300000000000000e+04,-1.407300000000000000e+04,-2.284700000000000000e+04,-1.145500000000000000e+04,-2.854100000000000000e+04,-1.356500000000000000e+04,1.462300000000000000e+04
-5.377000000000000000e+03,-1.449900000000000000e+04,-2.075100000000000000e+04,5.450000000000000000e+02,-1.672100000000000000e+04,5.928000000000000000e+03,-2.814500000000000000e+04,-1.759200000000000000e+04
-2.064700000000000000e+04,2.218300000000000000e+04,-1.844700000000000000e+04,-1.638100000000000000e+04,-1.792900000000000000e+04,-1.591200000000000000e+04,-1.469100000000000000e+04,-2.267700000000000000e+04
-2.473000000000000000e+04,-1.346000000000000000e+04,-1.889400000000000000e+04,-5.945000000000000000e+03,-1.800300000000000000e+04,1.951000000000000000e+03,9.131000000000000000e+03,-1.938400000000000000e+04
-1.948800000000000000e+04,-1.701000000000000000e+04,-1.670100000000000000e+04,9.619000000000000000e+03,-1.857100000000000000e+04,3.974000000000000000e+03,-2.106600000000000000e+04,-1.746100000000000000e+04
1.968000000000000000e+04,-1.553500000000000000e+04,-1.748400000000000000e+04,-1.427800000000000000e+04,-2.258800000000000000e+04,-1.746100000000000000e+04,-1.589200000000000000e+04,-2.596100000000000000e+04
-2.052000000000000000e+04,-2.605600000000000000e+04,1.763500000000000000e+04,-5.974000000000000000e+03,-1.989600000000000000e+04,-2.774800000000000000e+04,-1.095600000000000000e+04,-2.060600000000000000e+04
-3.074600000000000000e+04,-1.729600000000000000e+04,-1.556800000000000000e+04,-1.521500000000000000e+04,-1.721900000000000000e+04,1.403600000000000000e+04,-1.820300000000000000e+04,-1.014200000000000000e+04
-2.375300000000000000e+04,-1.741800000000000000e+04,-1.216800000000000000e+04,-1.766000000000000000e+04,-1.621400000000000000e+04,-2.273300000000000000e+04,-1.688800000000000000e+04,1.712600000000000000e+04
-1.316700000000000000e+04,-2.326200000000000000e+04,-2.458100000000000000e+04,-3.822000000000000000e+03,2.441000000000000000e+03,-2.944800000000000000e+04,-9.240000000000000000e+02,-2.239700000000000000e+04
-1.335100000000000000e+04,2.149700000000000000e+04,-2.334200000000000000e+04,-8.890000000000000000e+03,-1.456500000000000000e+04,-1.931000000000000000e+04,-1.682400000000000000e+04,-1.870000000000000000e+04
-2.323500000000000000e+04,-1.603700000000000000e+04,-1.513500000000000000e+04,-1.760400000000000000e+04,-1.501500000000000000e+04,-2.325100000000000000e+04,-1.648300000000000000e+04,1.933300000000000000e+04
-2.616000000000000000e+04,-1.455300000000000000e+04,-1.740300000000000000e+04,-1.389200000000000000e+04,-1.486500000000000000e+04,-2.657200000000000000e+04,-1.922200000000000000e+04,2.019600000000000000e+04
-1.669200000000000000e+04,-1.818400000000000000e+04,-1.391000000000000000e+04,-2.250500000000000000e+04,1.513600000000000000e+04,-2.755500000000000000e+04,-2.224600000000000000e+04,-1.611900000000000000e+04
-1.488000000000000000e+04,3.153600000000000000e+04,-1.756200000000000000e+04,-8.065000000000000000e+03,-2.968400000000000000e+04,-3.976900000000000000e+04,-1.732300000000000000e+04,-1.838700000000000000e+04
-2.327400000000000000e+04,-2.258800000000000000e+04,-9.657000000000000000e+03,-1.205000000000000000e+03,-2.204500000000000000e+04,-1.791000000000000000e+03,-1.766200000000000000e+04,-2.024200000000000000e+04
-9.870000000000000000e+03,-1.788200000000000000e+04,-2.160400000000000000e+04,5.424000000000000000e+03,-9.737000000000000000e+03,-1.110000000000000000e+03,-9.277000000000000000e+03,-2.383800000000000000e+04
1.877300000000000000e+04,-2.452200000000000000e+04,-1.149600000000000000e+04,-1.647900000000000000e+04,-3.387800000000000000e+04,-2.221000000000000000e+04,-1.285700000000000000e+04,-2.599700000000000000e+04
-1.592900000000000000e+04,-6.202000000000000000e+03,-9.483000000000000000e+03,1.292800000000000000e+04,-1.260600000000000000e+04,-7.308000000000000000e+03,-1.082900000000000000e+04,-1.165300000000000000e+04
-1.370600000000000000e+04,9.188000000000000000e+03,-2.173800000000000000e+04,-1.753600000000000000e+04,-1.881200000000000000e+04,-1.997000000000000000e+04,-1.264400000000000000e+04,-5.930000000000000000e+03
-2.676600000000000000e+04,1.330500000000000000e+04,-1.115600000000000000e+04,-1.915300000000000000e+04,-1.644700000000000000e+04,-1.899800000000000000e+04,-3.762000000000000000e+03,-1.904000000000000000e+04
-1.723800000000000000e+04,-1.847600000000000000e+04,-1.265100000000000000e+04,-7.676000000000000000e+03,-1.154700000000000000e+04,1.106800000000000000e+04,-1.720200000000000000e+04,-1.555500000000000000e+04
-2.522800000000000000e+04,-2.627400000000000000e+04,1.274200000000000000e+04,-2.298000000000000000e+04,-2.310200000000000000e+04,-3.144900000000000000e+04,-1.070600000000000000e+04,-1.724300000000000000e+04
-1.539800000000000000e+04,-1.906900000000000000e+04,-1.045400000000000000e+04,-1.980500000000000000e+04,-1.086200000000000000e+04,-2.442100000000000000e+04,-4.484000000000000000e+03,-2.279900000000000000e+04
-2.865400000000000000e+04,-1.914300000000000000e+04,-1.549400000000000000e+04,-7.269000000000000000e+03,-2.213900000000000000e+04,-2.130900000000000000e+04,1.374400000000000000e+04,-2.903100000000000000e+04
-3.025800000000000000e+04,1.145000000000000000e+04,-1.944500000000000000e+04,-3.375700000000000000e+04,-2.492700000000000000e+04,-2.321700000000000000e+04,-5.652000000000000000e+03,-2.395500000000000000e+04
-1.674000000000000000e+04,-1.849000000000000000e+04,-1.970200000000000000e+04,-2.265700000000000000e+04,-1.912100000000000000e+04,-2.224100000000000000e+04,1.951900000000000000e+04,-2.495700000000000000e+04
-1.604000000000000000e+04,-1.255700000000000000e+04,-1.466700000000000000e+04,-1.868100000000000000e+04,-1.375800000000000000e+04,-2.225100000000000000e+04,-1.374200000000000000e+04,1.507800000000000000e+04
-1.885700000000000000e+04,-1.189700000000000000e+04,-1.693600000000000000e+04,-1.860300000000000000e+04,-1.607600000000000000e+04,1.682700000000000000e+04,-7.171000000000000000e+03,-1.668300000000000000e+04
1.210000000000000000e+04,-1.446600000000000000e+04,-1.141800000000000000e+04,-1.465000000000000000e+03,-2.335900000000000000e+04,-1.345100000000000000e+04,-2.357200000000000000e+04,-2.240600000000000000e+04
-1.278800000000000000e+04,-1.797600000000000000e+04,-1.464300000000000000e+04,-1.661300000000000000e+04,9.797000000000000000e+03,-2.487500000000000000e+04,-2.156800000000000000e+04,-2.227200000000000000e+04
-2.217900000000000000e+04,-1.456800000000000000e+04,-1.551200000000000000e+04,-1.320200000000000000e+04,-1.477800000000000000e+04,-2.684300000000000000e+04,-1.322600000000000000e+04,1.605300000000000000e+04
1.609600000000000000e+04,-1.842000000000000000e+04,-2.116900000000000000e+04,-1.252400000000000000e+04,-1.631500000000000000e+04,-1.108200000000000000e+04,-1.620200000000000000e+04,-3.037700000000000000e+04
-2.082100000000000000e+04,-1.290000000000000000e+04,-1.721000000000000000e+04,-1.766900000000000000e+04,-1.637800000000000000e+04,-2.654400000000000000e+04,-1.699000000000000000e+04,2.078200000000000000e+04
-1.745900000000000000e+04,-1.163000000000000000e+04,-2.402400000000000000e+04,-2.237000000000000000e+04,-1.640800000000000000e+04,-1.791300000000000000e+04,2.024600000000000000e+04,-2.107200000000000000e+04
-2.049400000000000000e+04,-1.354900000000000000e+04,-1.080100000000000000e+04,-1.628200000000000000e+04,-2.247800000000000000e+04,-2.152900000000000000e+04,-1.696500000000000000e+04,1.290700000000000000e+04
-1.654300000000000000e+04,-2.793500000000000000e+04,-1.215600000000000000e+04,-1.069000000000000000e+03,-2.049800000000000000e+04,5.294000000000000000e+03,-2.100000000000000000e+04,-2.134100000000000000e+04
1.113700000000000000e+04,-1.717700000000000000e+04,-1.976900000000000000e+04,-1.615400000000000000e+04,-2.113500000000000000e+04,-1.545300000000000000e+04,-1.907500000000000000e+04,-2.433600000000000000e+04
-1.514100000000000000e+04,2.499600000000000000e+04,-2.082400000000000000e+04,-2.075200000000000000e+04,-2.557800000000000000e+04,-2.776600000000000000e+04,-1.909200000000000000e+04,-1.910400000000000000e+04
-2.766900000000000000e+04,-9.302000000000000000e+03,-1.293000000000000000e+04,-1.715600000000000000e+04,-6.796000000000000000e+03,-1.460300000000000000e+04,-1.121600000000000000e+04,1.230500000000000000e+04
-1.517200000000000000e+04,-1.689100000000000000e+04,-2.232000000000000000e+04,-1.860500000000000000e+04,1.638200000000000000e+04,-3.481700000000000000e+04,-1.978800000000000000e+04,-2.037500000000000000e+04
-1.579800000000000000e+04,-2.230300000000000000e+04,-1.622000000000000000e+04,-1.017200000000000000e+04,-9.947000000000000000e+03,2.505900000000000000e+04,-1.915700000000000000e+04,-1.921000000000000000e+04
-2.640800000000000000e+04,-1.875200000000000000e+04,-1.779400000000000000e+04,-2.985100000000000000e+04,-2.591700000000000000e+04,-1.445200000000000000e+04,2.935200000000000000e+04,-2.448400000000000000e+04
-3.068000000000000000e+04,-1.962400000000000000e+04,-1.998700000000000000e+04,-2.128300000000000000e+04,-2.701100000000000000e+04,-1.594700000000000000e+04,2.064200000000000000e+04,-2.581000000000000000e+04
-1.170000000000000000e+02,-1.266300000000000000e+04,-4.800000000000000000e+02,4.313000000000000000e+03,-3.104100000000000000e+04,-8.540000000000000000e+03,-1.709100000000000000e+04,-2.557300000000000000e+04
-1.057800000000000000e+04,2.802900000000000000e+04,-1.432100000000000000e+04,-2.400300000000000000e+04,-2.633900000000000000e+04,-3.726500000000000000e+04,-2.078500000000000000e+04,-1.560800000000000000e+04
-2.239500000000000000e+04,-1.452700000000000000e+04,-1.885200000000000000e+04,-3.115500000000000000e+04,-1.254700000000000000e+04,-2.319700000000000000e+04,1.880400000000000000e+04,-2.153300000000000000e+04
-1.627100000000000000e+04,-2.173300000000000000e+04,-1.746600000000000000e+04,-1.822700000000000000e+04,2.613600000000000000e+04,-2.586400000000000000e+04,-2.314000000000000000e+04,-1.987400000000000000e+04
-2.140300000000000000e+04,-1.448100000000000000e+04,-1.175500000000000000e+04,-1.980400000000000000e+04,-1.932800000000000000e+04,-2.444200000000000000e+04,1.318000000000000000e+04,-2.459100000000000000e+04
-1.336000000000000000e+04,-1.251800000000000000e+04,-1.500300000000000000e+04,-1.735400000000000000e+04,-1.769000000000000000e+04,-2.268600000000000000e+04,-1.695800000000000000e+04,1.676100000000000000e+04
-1.507500000000000000e+04,-1.911800000000000000e+04,-1.552600000000000000e+04,-1.063200000000000000e+04,1.853500000000000000e+04,-1.114400000000000000e+04,-1.471800000000000000e+04,-1.788800000000000000e+04
-8.325000000000000000e+03,-1.930600000000000000e+04,-2.110000000000000000e+04,-1.504200000000000000e+04,1.703200000000000000e+04,-1.895300000000000000e+04,-1.998000000000000000e+04,-2.327000000000000000e+04
-1.263700000000000000e+04,-1.521200000000000000e+04,-2.131200000000000000e+04,4.566000000000000000e+03,-3.452900000000000000e+04,-7.733000000000000000e+03,-1.395300000000000000e+04,-2.928200000000000000e+04
-2.052200000000000000e+04,-1.512600000000000000e+04,-1.172100000000000000e+04,-2.252000000000000000e+04,-1.296300000000000000e+04,-2.482000000000000000e+04,-1.525800000000000000e+04,1.926500000000000000e+04
-2.954400000000000000e+04,-1.623600000000000000e+04,-1.416200000000000000e+04,-2.412900000000000000e+04,-2.703000000000000000e+04,-2.209200000000000000e+04,1.974200000000000000e+04,-2.825800000000000000e+04
-1.936000000000000000e+04,-2.278000000000000000e+04,-1.301700000000000000e+04,-4.650000000000000000e+03,-1.593700000000000000e+04,1.576200000000000000e+04,-1.910800000000000000e+04,-1.814800000000000000e+04
-1.720900000000000000e+04,-3.459200000000000000e+04,-1.216800000000000000e+04,-3.844000000000000000e+03,-2.089400000000000000e+04,1.249300000000000000e+04,-1.402600000000000000e+04,-2.501900000000000000e+04
1.828000000000000000e+03,-1.220400000000000000e+04,-2.323800000000000000e+04,8.365000000000000000e+03,-1.666200000000000000e+04,-6.563000000000000000e+03,-2.189500000000000000e+04,-2.165700000000000000e+04
-2.308600000000000000e+04,4.293000000000000000e+04,-2.001600000000000000e+04,-2.092500000000000000e+04,-3.102200000000000000e+04,-4.521300000000000000e+04,-2.186700000000000000e+04,-2.142200000000000000e+04
7.930000000000000000e+03,-1.734000000000000000e+04,-6.651000000000000000e+03,-9.194000000000000000e+03,-2.870800000000000000e+04,-1.537600000000000000e+04,-1.783400000000000000e+04,-2.652900000000000000e+04
-1.250000000000000000e+04,-1.192700000000000000e+04,-9.047000000000000000e+03,2.134200000000000000e+04,-2.559500000000000000e+04,-9.334000000000000000e+03,-2.152400000000000000e+04,-2.230200000000000000e+04
-2.117000000000000000e+04,-1.556700000000000000e+04,-1.503600000000000000e+04,-1.170900000000000000e+04,-1.634600000000000000e+04,-2.639200000000000000e+04,-1.820000000000000000e+04,1.838500000000000000e+04
-2.031200000000000000e+04,-2.016000000000000000e+04,1.466900000000000000e+04,-3.153100000000000000e+04,-1.874600000000000000e+04,-2.642200000000000000e+04,-1.627500000000000000e+04,-1.254900000000000000e+04
-2.122300000000000000e+04,-1.385100000000000000e+04,-1.705000000000000000e+04,-2.130200000000000000e+04,-1.579800000000000000e+04,-2.687800000000000000e+04,-1.389800000000000000e+04,1.887100000000000000e+04
-2.148600000000000000e+04,-1.405300000000000000e+04,-1.498300000000000000e+04,-2.123700000000000000e+04,-1.503200000000000000e+04,-2.589800000000000000e+04,-1.543800000000000000e+04,1.605300000000000000e+04
-2.865500000000000000e+04,-1.721700000000000000e+04,-1.253400000000000000e+04,-9.381000000000000000e+03,-2.029500000000000000e+04,-1.887900000000000000e+04,-1.924500000000000000e+04,1.556400000000000000e+04
6.585000000000000000e+03,-1.545600000000000000e+04,-1.483900000000000000e+04,-1.819000000000000000e+03,-1.727800000000000000e+04,-7.866000000000000000e+03,-1.800800000000000000e+04,-2.339300000000000000e+04
-2.355400000000000000e+04,-1.782800000000000000e+04,-1.649300000000000000e+04,6.320000000000000000e+03,-2.020600000000000000e+04,-7.579000000000000000e+03,-1.552000000000000000e+04,-2.111000000000000000e+04
-1.680600000000000000e+04,-1.555400000000000000e+04,-1.825400000000000000e+04,-2.341000000000000000e+04,-1.463700000000000000e+04,2.188400000000000000e+04,-1.971400000000000000e+04,-1.779300000000000000e+04
-7.328000000000000000e+03,-1.643200000000000000e+04,-9.755000000000000000e+03,-2.184000000000000000e+03,-6.816000000000000000e+03,-2.363800000000000000e+04,-1.899600000000000000e+04,-1.851300000000000000e+04
1.464600000000000000e+04,-1.843500000000000000e+04,-1.681200000000000000e+04,-5.990000000000000000e+03,-2.150600000000000000e+04,-2.214900000000000000e+04,-1.952200000000000000e+04,-2.610900000000000000e+04
-1.166200000000000000e+04,-1.574300000000000000e+04,-1.699000000000000000e+04,-1.469400000000000000e+04,1.807300000000000000e+04,-1.933000000000000000e+04,-2.143700000000000000e+04,-2.035400000000000000e+04
-1.704100000000000000e+04,-1.394500000000000000e+04,1.344100000000000000e+04,-1.975200000000000000e+04,-1.047000000000000000e+04,-1.107500000000000000e+04,-1.586800000000000000e+04,-1.655100000000000000e+04
1.268000000000000000e+03,-1.321200000000000000e+04,-1.667900000000000000e+04,-2.510000000000000000e+02,-7.999000000000000000e+03,-1.362400000000000000e+04,-2.257200000000000000e+04,-2.686800000000000000e+04
-6.605000000000000000e+03,-2.142700000000000000e+04,-8.672000000000000000e+03,-8.630000000000000000e+03,6.725000000000000000e+03,-2.127500000000000000e+04,-1.878700000000000000e+04,-2.207500000000000000e+04
-2.587000000000000000e+04,-1.925400000000000000e+04,-1.633600000000000000e+04,-1.899000000000000000e+04,-1.289300000000000000e+04,-2.337400000000000000e+04,-9.739000000000000000e+03,1.349900000000000000e+04
-2.018000000000000000e+04,3.526800000000000000e+04,-2.080000000000000000e+04,-1.934700000000000000e+04,-2.303400000000000000e+04,-3.852100000000000000e+04,-1.677800000000000000e+04,-2.060900000000000000e+04
-1.067600000000000000e+04,-1.663400000000000000e+04,-9.522000000000000000e+03,7.736000000000000000e+03,-2.956100000000000000e+04,-2.194200000000000000e+04,-2.004400000000000000e+04,-2.397900000000000000e+04
-1.262900000000000000e+04,-1.901300000000000000e+04,-1.658700000000000000e+04,-1.813000000000000000e+04,1.745500000000000000e+04,-2.301600000000000000e+04,-2.234500000000000000e+04,-1.828100000000000000e+04
-2.034000000000000000e+04,-1.373000000000000000e+04,-1.704800000000000000e+04,-2.194100000000000000e+04,-1.625600000000000000e+04,-2.469600000000000000e+04,-1.465700000000000000e+04,1.585000000000000000e+04
-1.169400000000000000e+04,-1.336200000000000000e+04,-1.795500000000000000e+04,-2.423400000000000000e+04,-1.516900000000000000e+04,-1.938200000000000000e+04,1.518600000000000000e+04,-1.611600000000000000e+04
-1.637500000000000000e+04,-2.077500000000000000e+04,-1.219800000000000000e+04,-1.340700000000000000e+04,-2.134800000000000000e+04,-2.532000000000000000e+04,1.356100000000000000e+04,-2.779400000000000000e+04
-2.364000000000000000e+04,-1.345200000000000000e+04,-1.253900000000000000e+04,-2.223000000000000000e+04,-1.574200000000000000e+04,-2.810700000000000000e+04,-1.324800000000000000e+04,1.410300000000000000e+04
-2.065400000000000000e+04,-1.769800000000000000e+04,-1.362600000000000000e+04,-2.304600000000000000e+04,-2.424000000000000000e+04,-2.418400000000000000e+04,1.629100000000000000e+04,-2.589000000000000000e+04
1.275100000000000000e+04,-1.108900000000000000e+04,-1.723100000000000000e+04,-1.715000000000000000e+03,-1.120100000000000000e+04,-2.976200000000000000e+04,-1.580600000000000000e+04,-1.858200000000000000e+04
5.280000000000000000e+03,-8.774000000000000000e+03,-1.595000000000000000e+04,-2.274000000000000000e+03,-2.286300000000000000e+04,-6.759000000000000000e+03,-1.626000000000000000e+04,-2.121400000000000000e+04
-2.949000000000000000e+03,-1.538600000000000000e+04,-1.935400000000000000e+04,-2.883000000000000000e+03,-1.637900000000000000e+04,-4.323000000000000000e+03,-3.041700000000000000e+04,-1.913100000000000000e+04
-2.350700000000000000e+04,-1.672600000000000000e+04,-1.644800000000000000e+04,-1.807700000000000000e+04,-1.120200000000000000e+04,-2.049700000000000000e+04,1.676100000000000000e+04,-1.788500000000000000e+04
-2.469200000000000000e+04,-9.055000000000000000e+03,-2.439800000000000000e+04,-2.312300000000000000e+04,-1.805600000000000000e+04,-2.270700000000000000e+04,1.518200000000000000e+04,-2.021800000000000000e+04
-1.764700000000000000e+04,-1.694100000000000000e+04,-7.212000000000000000e+03,-2.686800000000000000e+04,-1.300800000000000000e+04,-2.523100000000000000e+04,-9.021000000000000000e+03,2.190000000000000000e+03
-2.347600000000000000e+04,-1.475500000000000000e+04,-1.697400000000000000e+04,-1.450400000000000000e+04,-1.854900000000000000e+04,-2.668800000000000000e+04,-1.643800000000000000e+04,1.707300000000000000e+04
-1.472500000000000000e+04,2.731900000000000000e+04,-2.383500000000000000e+04,-2.800300000000000000e+04,-2.938300000000000000e+04,-4.092900000000000000e+04,-1.266300000000000000e+04,-2.404600000000000000e+04
-4.802000000000000000e+03,-1.420800000000000000e+04,1.061000000000000000e+03,-7.650000000000000000e+03,-1.932100000000000000e+04,-1.324000000000000000e+04,-2.776200000000000000e+04,-1.912000000000000000e+04
-1.443300000000000000e+04,8.622000000000000000e+03,-1.889200000000000000e+04,-2.328300000000000000e+04,-2.278900000000000000e+04,-1.378500000000000000e+04,-1.657300000000000000e+04,-2.071200000000000000e+04
-1.785100000000000000e+04,-2.202700000000000000e+04,-2.404600000000000000e+04,1.092300000000000000e+04,-3.622000000000000000e+03,-2.464400000000000000e+04,-9.509000000000000000e+03,-2.018000000000000000e+04
-1.572100000000000000e+04,1.267900000000000000e+04,-1.397700000000000000e+04,-1.528200000000000000e+04,-2.501400000000000000e+04,-2.241600000000000000e+04,-1.976000000000000000e+04,-2.611300000000000000e+04
-1.208700000000000000e+04,-2.216800000000000000e+04,-6.406000000000000000e+03,1.275800000000000000e+04,-2.086200000000000000e+04,-1.624700000000000000e+04,-1.740700000000000000e+04,-2.357500000000000000e+04
-1.650000000000000000e+04,2.462500000000000000e+04,-1.881500000000000000e+04,-7.726000000000000000e+03,-2.561100000000000000e+04,-4.320400000000000000e+04,-2.260800000000000000e+04,-1.975300000000000000e+04
-2.274300000000000000e+04,-2.184300000000000000e+04,1.440900000000000000e+04,-2.286200000000000000e+04,-7.357000000000000000e+03,-2.643900000000000000e+04,-2.588400000000000000e+04,-1.372000000000000000e+04
-1.658900000000000000e+04,-2.050600000000000000e+04,-2.303300000000000000e+04,-1.782500000000000000e+04,2.428600000000000000e+04,-1.778000000000000000e+04,-2.207000000000000000e+04,-1.810900000000000000e+04
-2.437200000000000000e+04,-2.377100000000000000e+04,1.720700000000000000e+04,-2.033000000000000000e+04,-1.865300000000000000e+04,-2.849700000000000000e+04,-1.736400000000000000e+04,-1.790800000000000000e+04
-8.949000000000000000e+03,-1.884100000000000000e+04,-2.577000000000000000e+04,-1.728100000000000000e+04,1.735300000000000000e+04,-2.485900000000000000e+04,-2.043600000000000000e+04,-2.331000000000000000e+04
-3.431800000000000000e+04,-2.400400000000000000e+04,-1.317600000000000000e+04,-9.468000000000000000e+03,-1.934400000000000000e+04,1.299800000000000000e+04,-1.960200000000000000e+04,-1.263600000000000000e+04
-3.480000000000000000e+04,-1.491000000000000000e+04,1.033900000000000000e+04,-1.931100000000000000e+04,-2.155100000000000000e+04,-1.723300000000000000e+04,-1.740700000000000000e+04,-1.508300000000000000e+04
-1.534200000000000000e+04,2.450900000000000000e+04,-2.151500000000000000e+04,-2.433700000000000000e+04,-2.456200000000000000e+04,-3.152100000000000000e+04,-1.788400000000000000e+04,-2.528100000000000000e+04
-2.744900000000000000e+04,-1.272700000000000000e+04,-9.919000000000000000e+03,-1.712200000000000000e+04,-2.887700000000000000e+04,-2.685400000000000000e+04,1.052800000000000000e+04,-2.570400000000000000e+04
-1.697000000000000000e+04,-1.368000000000000000e+04,-1.257800000000000000e+04,-2.275200000000000000e+04,-2.297600000000000000e+04,-2.254300000000000000e+04,1.632300000000000000e+04,-1.538000000000000000e+04
-2.145500000000000000e+04,-1.475100000000000000e+04,-1.681100000000000000e+04,-1.438200000000000000e+04,-1.344600000000000000e+04,-2.267100000000000000e+04,-1.989600000000000000e+04,1.656000000000000000e+04
-2.375800000000000000e+04,-1.917800000000000000e+04,-2.248100000000000000e+04,-2.680800000000000000e+04,-2.641600000000000000e+04,-1.241600000000000000e+04,2.697100000000000000e+04,-2.839200000000000000e+04
-3.631300000000000000e+04,-1.973700000000000000e+04,-1.275800000000000000e+04,-2.298200000000000000e+04,-1.545900000000000000e+04,-1.795300000000000000e+04,-1.814800000000000000e+04,1.466800000000000000e+04
-1.504100000000000000e+04,-1.664700000000000000e+04,-1.015900000000000000e+04,-2.291500000000000000e+04,-1.401400000000000000e+04,-2.400000000000000000e+04,9.549000000000000000e+03,-1.962200000000000000e+04
-2.104600000000000000e+04,-2.674300000000000000e+04,-1.010000000000000000e+02,-1.237800000000000000e+04,-1.390300000000000000e+04,-2.414200000000000000e+04,-6.716000000000000000e+03,-1.597000000000000000e+04
-1.617000000000000000e+04,3.120500000000000000e+04,-2.419800000000000000e+04,-2.308600000000000000e+04,-2.492700000000000000e+04,-3.330700000000000000e+04,-1.733800000000000000e+04,-2.270800000000000000e+04
-2.276800000000000000e+04,-1.702400000000000000e+04,-1.869000000000000000e+04,-3.173500000000000000e+04,-2.127100000000000000e+04,-2.360800000000000000e+04,1.548600000000000000e+04,-1.810500000000000000e+04
-2.738200000000000000e+04,3.240000000000000000e+04,-2.122300000000000000e+04,-1.793400000000000000e+04,-1.944300000000000000e+04,-2.962200000000000000e+04,-1.750700000000000000e+04,-1.973500000000000000e+04
-3.834500000000000000e+04,-1.541300000000000000e+04,-9.162000000000000000e+03,-1.107100000000000000e+04,-1.514200000000000000e+04,-1.847800000000000000e+04,-1.395900000000000000e+04,1.394900000000000000e+04
-2.707500000000000000e+04,-1.066800000000000000e+04,-2.458400000000000000e+04,-2.883000000000000000e+04,-2.194900000000000000e+04,-1.982000000000000000e+04,1.822600000000000000e+04,-2.554200000000000000e+04
-7.033000000000000000e+03,4.650000000000000000e+02,-1.826800000000000000e+04,-8.116000000000000000e+03,-2.454600000000000000e+04,-1.573000000000000000e+04,-1.567500000000000000e+04,-1.961200000000000000e+04
-2.618900000000000000e+04,-1.647900000000000000e+04,-1.633000000000000000e+04,-5.054000000000000000e+03,-2.089800000000000000e+04,1.442600000000000000e+04,-1.719000000000000000e+04,-1.623300000000000000e+04
-1.376100000000000000e+04,9.950000000000000000e+03,-1.436600000000000000e+04,-1.464800000000000000e+04,-1.878700000000000000e+04,-1.606700000000000000e+04,-2.017500000000000000e+04,-2.162900000000000000e+04
-2.069800000000000000e+04,-1.864800000000000000e+04,-1.654900000000000000e+04,-2.413000000000000000e+04,-1.751100000000000000e+04,-2.007000000000000000e+04,1.658300000000000000e+04,-1.487000000000000000e+04
-2.737300000000000000e+04,-8.848000000000000000e+03,-1.302800000000000000e+04,-1.585500000000000000e+04,-2.857100000000000000e+04,-2.145100000000000000e+04,1.405500000000000000e+04,-2.694400000000000000e+04
-2.192400000000000000e+04,-2.022800000000000000e+04,-9.018000000000000000e+03,-2.783000000000000000e+03,-2.187700000000000000e+04,-9.680000000000000000e+03,-1.725800000000000000e+04,-2.179700000000000000e+04
-9.333000000000000000e+03,-1.649100000000000000e+04,-2.811400000000000000e+04,-1.039500000000000000e+04,1.078200000000000000e+04,-2.656200000000000000e+04,-2.360300000000000000e+04,-2.040900000000000000e+04
-1.703700000000000000e+04,-3.044900000000000000e+04,-2.022800000000000000e+04,1.352000000000000000e+03,-9.726000000000000000e+03,2.444000000000000000e+03,-1.177100000000000000e+04,-1.844900000000000000e+04
-2.630700000000000000e+04,-1.965800000000000000e+04,-1.465600000000000000e+04,-1.985200000000000000e+04,-1.754600000000000000e+04,-2.082200000000000000e+04,-1.948500000000000000e+04,1.855500000000000000e+04
-1.197800000000000000e+04,-1.432500000000000000e+04,-1.682300000000000000e+04,-1.667100000000000000e+04,-1.381600000000000000e+04,-2.469100000000000000e+04,-1.425900000000000000e+04,1.646800000000000000e+04
-1.790600000000000000e+04,-1.568700000000000000e+04,-1.420300000000000000e+04,-1.949000000000000000e+04,-1.643800000000000000e+04,-2.389100000000000000e+04,-1.814100000000000000e+04,2.141800000000000000e+04
-1.507500000000000000e+04,-1.078700000000000000e+04,-1.981100000000000000e+04,-2.962000000000000000e+04,-1.221300000000000000e+04,-7.782000000000000000e+03,1.161400000000000000e+04,-1.566700000000000000e+04
-2.367800000000000000e+04,-2.015000000000000000e+04,-1.702300000000000000e+04,-1.483200000000000000e+04,-2.603600000000000000e+04,-1.811600000000000000e+04,2.293000000000000000e+04,-2.636300000000000000e+04
-1.362600000000000000e+04,-4.554000000000000000e+03,-1.427600000000000000e+04,-1.049300000000000000e+04,-1.781700000000000000e+04,-8.211000000000000000e+03,1.108100000000000000e+04,-1.727100000000000000e+04
-2.144800000000000000e+04,-9.898000000000000000e+03,-1.350600000000000000e+04,-1.465400000000000000e+04,-1.170300000000000000e+04,-2.193800000000000000e+04,-1.602000000000000000e+04,1.512700000000000000e+04
-1.714200000000000000e+04,-1.440200000000000000e+04,-1.589600000000000000e+04,-1.994200000000000000e+04,-1.540900000000000000e+04,-2.765800000000000000e+04,-1.412200000000000000e+04,1.879900000000000000e+04
-3.043900000000000000e+04,-1.509600000000000000e+04,-1.111900000000000000e+04,-1.202000000000000000e+03,-3.009800000000000000e+04,-1.641000000000000000e+04,1.793500000000000000e+04,-2.628800000000000000e+04
3.965000000000000000e+03,-9.805000000000000000e+03,-8.461000000000000000e+03,-2.769000000000000000e+03,-1.462200000000000000e+04,-2.120400000000000000e+04,-2.397500000000000000e+04,-1.703000000000000000e+04
-1.381300000000000000e+04,-2.010900000000000000e+04,-5.936000000000000000e+03,8.811000000000000000e+03,-4.048000000000000000e+03,-1.666800000000000000e+04,-1.246300000000000000e+04,-1.711800000000000000e+04
-2.561800000000000000e+04,3.916200000000000000e+04,-2.005500000000000000e+04,-2.002300000000000000e+04,-1.996700000000000000e+04,-3.732500000000000000e+04,-1.979500000000000000e+04,-1.717400000000000000e+04
-2.444000000000000000e+04,-1.453000000000000000e+04,-9.656000000000000000e+03,-2.424100000000000000e+04,-1.136800000000000000e+04,-2.392600000000000000e+04,-1.359100000000000000e+04,3.514000000000000000e+03
-1.504400000000000000e+04,-1.630800000000000000e+04,-1.512900000000000000e+04,-1.881500000000000000e+04,-2.447900000000000000e+04,-2.649200000000000000e+04,1.731400000000000000e+04,-2.898400000000000000e+04
-1.641900000000000000e+04,-1.405300000000000000e+04,-1.886500000000000000e+04,-1.234700000000000000e+04,-2.833800000000000000e+04,-3.620700000000000000e+04,1.451400000000000000e+04,-1.860000000000000000e+04
-1.125900000000000000e+04,-1.707100000000000000e+04,-1.505200000000000000e+04,-2.558500000000000000e+04,1.554000000000000000e+04,-2.469900000000000000e+04,-2.056400000000000000e+04,-2.179400000000000000e+04
-2.643500000000000000e+04,-2.566000000000000000e+04,-6.544000000000000000e+03,1.605500000000000000e+04,-2.436900000000000000e+04,-1.713200000000000000e+04,-1.028200000000000000e+04,-3.109900000000000000e+04
1.620500000000000000e+04,-1.090800000000000000e+04,-2.356300000000000000e+04,-1.732100000000000000e+04,-2.500800000000000000e+04,-2.187200000000000000e+04,-2.366900000000000000e+04,-2.519800000000000000e+04
-2.090400000000000000e+04,-2.061400000000000000e+04,-1.824700000000000000e+04,-6.086000000000000000e+03,-2.254700000000000000e+04,-6.739000000000000000e+03,-1.597000000000000000e+04,-2.345900000000000000e+04
-1.327900000000000000e+04,-8.236000000000000000e+03,-1.957900000000000000e+04,-9.073000000000000000e+03,-1.819900000000000000e+04,-1.328400000000000000e+04,-6.411000000000000000e+03,-2.249600000000000000e+04
-2.006900000000000000e+04,-1.476500000000000000e+04,2.900300000000000000e+04,-1.841300000000000000e+04,-1.385500000000000000e+04,-1.416200000000000000e+04,-1.479400000000000000e+04,-1.701500000000000000e+04
-2.240600000000000000e+04,-1.957500000000000000e+04,-2.229900000000000000e+04,-1.085000000000000000e+04,-2.249900000000000000e+04,-2.663700000000000000e+04,2.812900000000000000e+04,-2.764000000000000000e+04
-2.165100000000000000e+04,-2.049800000000000000e+04,1.501500000000000000e+04,-2.440800000000000000e+04,-1.223300000000000000e+04,-2.595800000000000000e+04,-2.011500000000000000e+04,-1.546900000000000000e+04
-1.111800000000000000e+04,-1.557900000000000000e+04,-2.050500000000000000e+04,-7.390000000000000000e+03,1.678400000000000000e+04,-2.704600000000000000e+04,-2.087900000000000000e+04,-2.148800000000000000e+04
-1.600700000000000000e+04,2.595000000000000000e+04,-1.810000000000000000e+04,-1.976300000000000000e+04,-3.000900000000000000e+04,-3.363500000000000000e+04,-1.808600000000000000e+04,-1.947000000000000000e+04
1.829200000000000000e+04,-1.260100000000000000e+04,-1.118800000000000000e+04,-4.643000000000000000e+03,-3.120400000000000000e+04,-1.807300000000000000e+04,-2.405700000000000000e+04,-1.904300000000000000e+04
-1.422000000000000000e+03,-1.350900000000000000e+04,-1.450800000000000000e+04,-5.160000000000000000e+02,-1.658400000000000000e+04,-5.386000000000000000e+03,-2.040900000000000000e+04,-2.524400000000000000e+04
-2.471200000000000000e+04,-1.750400000000000000e+04,4.735000000000000000e+03,-1.365700000000000000e+04,-6.980000000000000000e+03,-1.770800000000000000e+04,-1.792700000000000000e+04,-1.648700000000000000e+04
-2.266000000000000000e+03,-1.479500000000000000e+04,-1.768300000000000000e+04,9.865000000000000000e+03,-3.188100000000000000e+04,-6.221000000000000000e+03,-1.498000000000000000e+04,-3.013300000000000000e+04
-2.836100000000000000e+04,-1.827800000000000000e+04,-1.718300000000000000e+04,-1.861800000000000000e+04,-1.444700000000000000e+04,-7.979000000000000000e+03,2.135500000000000000e+04,-2.371200000000000000e+04
-6.759000000000000000e+03,1.463500000000000000e+04,-2.271600000000000000e+04,-7.624000000000000000e+03,-2.655100000000000000e+04,-2.542300000000000000e+04,-2.481100000000000000e+04,-1.962600000000000000e+04
-2.496500000000000000e+04,-1.709000000000000000e+04,-1.325600000000000000e+04,-2.722800000000000000e+04,-1.418500000000000000e+04,-2.783300000000000000e+04,-1.181900000000000000e+04,1.555100000000000000e+04
-2.564700000000000000e+04,-1.977800000000000000e+04,-1.710400000000000000e+04,-2.689000000000000000e+04,-2.222200000000000000e+04,-2.823100000000000000e+04,2.415900000000000000e+04,-2.578700000000000000e+04
-1.341500000000000000e+04,-1.852500000000000000e+04,-1.808800000000000000e+04,-1.349600000000000000e+04,-1.432900000000000000e+04,1.993100000000000000e+04,-1.943100000000000000e+04,-1.687400000000000000e+04
-3.132000000000000000e+03,-1.543400000000000000e+04,-1.799200000000000000e+04,-2.876300000000000000e+04,4.608000000000000000e+03,-2.195500000000000000e+04,-2.179000000000000000e+04,-2.172700000000000000e+04
-2.242000000000000000e+04,2.668700000000000000e+04,-2.061900000000000000e+04,-2.358200000000000000e+04,-2.501100000000000000e+04,-2.031900000000000000e+04,-1.709700000000000000e+04,-2.652000000000000000e+04
-7.996000000000000000e+03,-1.262100000000000000e+04,-3.942000000000000000e+03,7.457000000000000000e+03,-1.335000000000000000e+04,-6.979000000000000000e+03,-2.062000000000000000e+04,-1.466100000000000000e+04
-1.484700000000000000e+04,1.047000000000000000e+03,-5.457000000000000000e+03,8.161000000000000000e+03,-2.555500000000000000e+04,-1.929900000000000000e+04,-2.341900000000000000e+04,-1.897400000000000000e+04
-2.003000000000000000e+04,-1.461900000000000000e+04,-9.227000000000000000e+03,-1.978600000000000000e+04,-1.626000000000000000e+04,-2.920000000000000000e+04,-1.332900000000000000e+04,1.062600000000000000e+04
-1.552400000000000000e+04,-1.958000000000000000e+04,-1.814400000000000000e+04,-1.135000000000000000e+04,-1.279800000000000000e+04,-1.486100000000000000e+04,1.155500000000000000e+04,-2.017100000000000000e+04
-1.903600000000000000e+04,-1.654800000000000000e+04,-1.750000000000000000e+04,-2.042600000000000000e+04,-9.490000000000000000e+03,-2.382600000000000000e+04,-1.874900000000000000e+04,1.716600000000000000e+04
-1.907900000000000000e+04,-2.008100000000000000e+04,-1.477800000000000000e+04,-1.973400000000000000e+04,-1.892700000000000000e+04,-2.335000000000000000e+04,2.369700000000000000e+04,-2.657800000000000000e+04
-1.919700000000000000e+04,-1.396400000000000000e+04,-1.147000000000000000e+04,-1.059000000000000000e+03,-1.448700000000000000e+04,6.675000000000000000e+03,-2.497100000000000000e+04,-1.594100000000000000e+04
-1.433800000000000000e+04,-1.002900000000000000e+04,-1.091300000000000000e+04,-1.945400000000000000e+04,-2.007900000000000000e+04,-2.250700000000000000e+04,2.331500000000000000e+04,-1.633200000000000000e+04
7.148000000000000000e+03,-1.332300000000000000e+04,-1.571200000000000000e+04,-3.016700000000000000e+04,-1.865300000000000000e+04,-2.255000000000000000e+04,-8.152000000000000000e+03,-2.490800000000000000e+04
-1.741400000000000000e+04,-1.851300000000000000e+04,-1.753100000000000000e+04,1.778000000000000000e+03,-2.113900000000000000e+04,-1.950000000000000000e+02,-6.309000000000000000e+03,-1.931100000000000000e+04
-6.977000000000000000e+03,-1.879800000000000000e+04,-1.770800000000000000e+04,-1.287700000000000000e+04,1.115300000000000000e+04,-2.731000000000000000e+04,-1.906700000000000000e+04,-1.089800000000000000e+04
1.730300000000000000e+04,-7.130000000000000000e+03,-2.549900000000000000e+04,-1.256400000000000000e+04,-2.363800000000000000e+04,-1.294300000000000000e+04,-1.331900000000000000e+04,-2.013800000000000000e+04
-2.733900000000000000e+04,-1.977000000000000000e+04,-1.732500000000000000e+04,-2.091100000000000000e+04,3.387100000000000000e+04,-1.753100000000000000e+04,-2.049300000000000000e+04,-1.914600000000000000e+04
-2.866100000000000000e+04,2.206300000000000000e+04,-1.532200000000000000e+04,-1.876500000000000000e+04,-2.574600000000000000e+04,-3.341700000000000000e+04,-1.818400000000000000e+04,-2.278800000000000000e+04
-1.791600000000000000e+04,-1.741700000000000000e+04,-9.682000000000000000e+03,-6.160000000000000000e+02,5.258000000000000000e+03,-1.751200000000000000e+04,-1.773900000000000000e+04,-2.246600000000000000e+04
-2.030000000000000000e+04,-2.722800000000000000e+04,-1.371000000000000000e+04,8.064000000000000000e+03,-7.094000000000000000e+03,-2.105000000000000000e+04,-1.143500000000000000e+04,-1.914700000000000000e+04
-3.643900000000000000e+04,2.106100000000000000e+04,-2.033500000000000000e+04,-2.174400000000000000e+04,-2.911000000000000000e+04,-2.967800000000000000e+04,-1.279800000000000000e+04,-2.036400000000000000e+04
-2.033500000000000000e+04,-1.305200000000000000e+04,-1.520600000000000000e+04,-2.049600000000000000e+04,-1.498200000000000000e+04,-2.358500000000000000e+04,-1.715000000000000000e+04,1.503600000000000000e+04
6.568000000000000000e+03,-1.666600000000000000e+04,-1.110900000000000000e+04,5.521000000000000000e+03,-1.264400000000000000e+04,-4.952000000000000000e+03,-2.494900000000000000e+04,-2.431000000000000000e+04
-1.702200000000000000e+04,-2.723400000000000000e+04,-1.560600000000000000e+04,-9.538000000000000000e+03,-2.835100000000000000e+04,1.220400000000000000e+04,-2.148500000000000000e+04,-2.304400000000000000e+04
1.281100000000000000e+04,-1.548200000000000000e+04,-1.665600000000000000e+04,2.106000000000000000e+03,-2.813800000000000000e+04,-1.586400000000000000e+04,-1.960800000000000000e+04,-2.839600000000000000e+04
-1.550700000000000000e+04,2.639000000000000000e+04,-2.560500000000000000e+04,-1.906000000000000000e+04,-2.429200000000000000e+04,-2.184500000000000000e+04,-1.636300000000000000e+04,-2.150900000000000000e+04
-2.109500000000000000e+04,-1.317000000000000000e+04,2.370000000000000000e+03,2.512000000000000000e+03,-2.067000000000000000e+04,-2.226900000000000000e+04,-2.661900000000000000e+04,-2.025700000000000000e+04
-1.475400000000000000e+04,-1.288100000000000000e+04,-1.333500000000000000e+04,-1.358100000000000000e+04,-1.781500000000000000e+04,-2.829800000000000000e+04,-1.525200000000000000e+04,1.616900000000000000e+04
-1.964400000000000000e+04,3.415300000000000000e+04,-2.698600000000000000e+04,-1.822800000000000000e+04,-3.242600000000000000e+04,-3.319300000000000000e+04,-2.083200000000000000e+04,-1.990300000000000000e+04
-1.610500000000000000e+04,-1.454500000000000000e+04,-1.152900000000000000e+04,-1.310000000000000000e+03,-8.165000000000000000e+03,-1.658800000000000000e+04,-7.711000000000000000e+03,-1.848200000000000000e+04
-2.143000000000000000e+04,-1.943900000000000000e+04,-1.362900000000000000e+04,1.922000000000000000e+03,-1.869600000000000000e+04,1.144500000000000000e+04,-2.486500000000000000e+04,-1.884400000000000000e+04
-2.596500000000000000e+04,9.264000000000000000e+03,-1.366900000000000000e+04,-2.387400000000000000e+04,-1.680300000000000000e+04,-2.121600000000000000e+04,-1.371200000000000000e+04,-1.626500000000000000e+04
-2.197300000000000000e+04,-1.411700000000000000e+04,-1.510400000000000000e+04,-2.055800000000000000e+04,-2.303500000000000000e+04,-2.307500000000000000e+04,1.846100000000000000e+04,-2.271000000000000000e+04
-9.380000000000000000e+03,-2.038200000000000000e+04,-1.645600000000000000e+04,-4.914000000000000000e+03,-5.839000000000000000e+03,-1.442100000000000000e+04,-2.066500000000000000e+04,-2.081200000000000000e+04
-2.002500000000000000e+04,-1.599600000000000000e+04,-1.542700000000000000e+04,-9.394000000000000000e+03,-1.626600000000000000e+04,-2.313400000000000000e+04,7.681000000000000000e+03,-2.107900000000000000e+04
-2.389600000000000000e+04,1.722900000000000000e+04,-9.484000000000000000e+03,-1.202500000000000000e+04,-1.872500000000000000e+04,-3.095800000000000000e+04,-1.208600000000000000e+04,-1.894700000000000000e+04
-1.281900000000000000e+04,1.217000000000000000e+04,-1.628500000000000000e+04,-3.548200000000000000e+04,-1.601100000000000000e+04,-3.592200000000000000e+04,-9.287000000000000000e+03,-1.908700000000000000e+04
-1.230900000000000000e+04,1.829400000000000000e+04,-2.580900000000000000e+04,-9.214000000000000000e+03,-1.586000000000000000e+04,-1.758300000000000000e+04,-1.560100000000000000e+04,-2.131000000000000000e+04
4.037000000000000000e+03,-1.956100000000000000e+04,-9.087000000000000000e+03,-6.175000000000000000e+03,-2.259500000000000000e+04,-1.168900000000000000e+04,-2.108900000000000000e+04,-2.558200000000000000e+04
-2.556200000000000000e+04,1.135100000000000000e+04,-1.298200000000000000e+04,-1.776200000000000000e+04,-2.316700000000000000e+04,-2.677900000000000000e+04,-6.682000000000000000e+03,-1.888900000000000000e+04
-6.951000000000000000e+03,-1.652200000000000000e+04,-1.556900000000000000e+04,-1.720700000000000000e+04,-1.073400000000000000e+04,-2.067700000000000000e+04,1.703300000000000000e+04,-1.935600000000000000e+04
1.629800000000000000e+04,-1.505700000000000000e+04,-2.217600000000000000e+04,-1.437700000000000000e+04,-2.834400000000000000e+04,-9.943000000000000000e+03,-2.128900000000000000e+04,-2.405100000000000000e+04
-1.963100000000000000e+04,-2.054800000000000000e+04,-1.440500000000000000e+04,6.911000000000000000e+03,-2.390900000000000000e+04,2.623000000000000000e+03,-2.221600000000000000e+04,-1.958800000000000000e+04
3.463000000000000000e+03,1.642400000000000000e+04,-1.606400000000000000e+04,-9.875000000000000000e+03,-2.177900000000000000e+04,-3.037500000000000000e+04,-1.435500000000000000e+04,-2.077400000000000000e+04
-8.439000000000000000e+03,2.420400000000000000e+04,-2.240700000000000000e+04,-1.402400000000000000e+04,-2.183600000000000000e+04,-3.577400000000000000e+04,-2.664700000000000000e+04,-1.733300000000000000e+04
-2.097500000000000000e+04,-1.416000000000000000e+04,-1.512100000000000000e+04,-1.893700000000000000e+04,-1.606800000000000000e+04,-2.458100000000000000e+04,-1.533200000000000000e+04,1.581800000000000000e+04
-3.086500000000000000e+04,-1.634500000000000000e+04,-1.114300000000000000e+04,-1.437900000000000000e+04,-1.541100000000000000e+04,-1.939100000000000000e+04,-1.822700000000000000e+04,1.335300000000000000e+04
-1.320600000000000000e+04,-1.603400000000000000e+04,-1.822800000000000000e+04,6.070000000000000000e+02,-1.410400000000000000e+04,3.407000000000000000e+03,-2.354600000000000000e+04,-1.902800000000000000e+04
-2.090300000000000000e+04,-1.757300000000000000e+04,-1.245500000000000000e+04,-2.138700000000000000e+04,-1.760100000000000000e+04,-2.116600000000000000e+04,-1.755400000000000000e+04,1.735500000000000000e+04
-1.547500000000000000e+04,1.306100000000000000e+04,-2.068800000000000000e+04,-1.611200000000000000e+04,-1.451400000000000000e+04,-2.295400000000000000e+04,-1.288000000000000000e+04,-1.727000000000000000e+04
-2.689400000000000000e+04,3.185400000000000000e+04,-1.795100000000000000e+04,-2.616700000000000000e+04,-2.695000000000000000e+04,-2.815300000000000000e+04,-1.810200000000000000e+04,-2.289800000000000000e+04
-1.021700000000000000e+04,-2.172400000000000000e+04,-2.246600000000000000e+04,-7.595000000000000000e+03,1.296700000000000000e+04,-2.062700000000000000e+04,-2.525200000000000000e+04,-1.584300000000000000e+04
-3.617500000000000000e+04,-1.594100000000000000e+04,-1.316900000000000000e+04,-1.405700000000000000e+04,-2.250100000000000000e+04,-1.468700000000000000e+04,-1.790700000000000000e+04,1.522400000000000000e+04
-1.024700000000000000e+04,-1.116900000000000000e+04,-1.337000000000000000e+04,1.135900000000000000e+04,-2.390600000000000000e+04,-1.433300000000000000e+04,-2.604700000000000000e+04,-2.080400000000000000e+04
-2.056700000000000000e+04,-1.916800000000000000e+04,3.926800000000000000e+04,-1.844300000000000000e+04,-1.982700000000000000e+04,-1.419100000000000000e+04,-2.129600000000000000e+04,-1.673000000000000000e+04
-3.589300000000000000e+04,-1.534300000000000000e+04,-1.389900000000000000e+04,-1.652900000000000000e+04,-2.166300000000000000e+04,-1.420200000000000000e+04,-1.990000000000000000e+04,1.581400000000000000e+04
1.213300000000000000e+04,-1.220600000000000000e+04,-1.825100000000000000e+04,-5.307000000000000000e+03,-3.106000000000000000e+04,-1.850900000000000000e+04,-8.878000000000000000e+03,-2.697600000000000000e+04
-3.008300000000000000e+04,2.975000000000000000e+04,-1.506600000000000000e+04,-2.295800000000000000e+04,-2.549200000000000000e+04,-3.247400000000000000e+04,-1.843800000000000000e+04,-2.146000000000000000e+04
-1.590400000000000000e+04,-2.391500000000000000e+04,-1.321000000000000000e+04,7.298000000000000000e+03,-2.023900000000000000e+04,-4.585000000000000000e+03,-1.982800000000000000e+04,-2.326000000000000000e+04
-1.599100000000000000e+04,-9.982000000000000000e+03,-2.636000000000000000e+03,-7.570000000000000000e+03,-9.253000000000000000e+03,-2.348600000000000000e+04,-1.128700000000000000e+04,1.002600000000000000e+04
-2.049400000000000000e+04,-1.215000000000000000e+04,-1.337000000000000000e+04,-2.444000000000000000e+04,-2.532000000000000000e+04,-9.127000000000000000e+03,8.270000000000000000e+03,-2.015600000000000000e+04
-8.353000000000000000e+03,-1.521600000000000000e+04,-2.126000000000000000e+04,7.467000000000000000e+03,-3.177400000000000000e+04,-1.170300000000000000e+04,-1.086500000000000000e+04,-2.940300000000000000e+04
-1.794800000000000000e+04,-1.573500000000000000e+04,-1.509400000000000000e+04,-2.463400000000000000e+04,-1.843400000000000000e+04,-1.990500000000000000e+04,2.373700000000000000e+04,-1.912800000000000000e+04
-3.010700000000000000e+04,-1.397000000000000000e+04,5.293000000000000000e+03,-2.226100000000000000e+04,-1.436100000000000000e+04,-2.661600000000000000e+04,-1.439800000000000000e+04,-1.194100000000000000e+04
-2.384700000000000000e+04,3.077400000000000000e+04,-1.957300000000000000e+04,-2.914400000000000000e+04,-1.669300000000000000e+04,-2.185900000000000000e+04,-1.780600000000000000e+04,-2.084200000000000000e+04
-4.662000000000000000e+03,-1.191000000000000000e+04,-1.508200000000000000e+04,3.565000000000000000e+03,-3.131400000000000000e+04,-2.119300000000000000e+04,-1.594700000000000000e+04,-3.076000000000000000e+04
-2.372000000000000000e+03,-2.015100000000000000e+04,-1.855400000000000000e+04,9.846000000000000000e+03,-3.799000000000000000e+04,-1.207400000000000000e+04,-2.012200000000000000e+04,-3.000200000000000000e+04
8.195000000000000000e+03,-1.856600000000000000e+04,-2.508300000000000000e+04,-4.076000000000000000e+03,-1.487500000000000000e+04,-1.651300000000000000e+04,-1.736500000000000000e+04,-2.445600000000000000e+04
-1.083500000000000000e+04,-1.788600000000000000e+04,-5.522000000000000000e+03,4.582000000000000000e+03,-1.672500000000000000e+04,-1.768100000000000000e+04,-5.339000000000000000e+03,-2.290600000000000000e+04
-1.829800000000000000e+04,-1.582600000000000000e+04,-1.971600000000000000e+04,-1.876000000000000000e+04,-2.034800000000000000e+04,-2.202700000000000000e+04,-1.404800000000000000e+04,1.643500000000000000e+04
-1.502800000000000000e+04,1.371200000000000000e+04,-1.869700000000000000e+04,-8.324000000000000000e+03,-1.657700000000000000e+04,-1.580200000000000000e+04,-9.016000000000000000e+03,-1.928200000000000000e+04
-2.283800000000000000e+04,3.352700000000000000e+04,-2.439900000000000000e+04,-2.966600000000000000e+04,-2.122900000000000000e+04,-2.288300000000000000e+04,-1.717100000000000000e+04,-2.000500000000000000e+04
-3.057200000000000000e+04,-7.175000000000000000e+03,-9.128000000000000000e+03,-1.227100000000000000e+04,-2.951000000000000000e+04,-2.843500000000000000e+04,5.865000000000000000e+03,-2.681400000000000000e+04
-1.818800000000000000e+04,-1.912100000000000000e+04,-1.567000000000000000e+04,-1.255800000000000000e+04,2.262100000000000000e+04,-2.069300000000000000e+04,-2.265400000000000000e+04,-1.949500000000000000e+04
-1.392000000000000000e+04,-2.021700000000000000e+04,-2.471400000000000000e+04,1.605000000000000000e+03,-2.227100000000000000e+04,-2.962600000000000000e+04,1.795000000000000000e+04,-2.653300000000000000e+04
-1.974200000000000000e+04,-1.752700000000000000e+04,-2.329900000000000000e+04,-1.224400000000000000e+04,-1.579600000000000000e+04,5.416000000000000000e+03,-2.527300000000000000e+04,-2.387000000000000000e+04
-2.164500000000000000e+04,-1.542400000000000000e+04,-1.706500000000000000e+04,-1.736200000000000000e+04,-1.828500000000000000e+04,-2.900200000000000000e+04,-1.746500000000000000e+04,1.933000000000000000e+04
-3.599200000000000000e+04,2.993300000000000000e+04,-1.656500000000000000e+04,-1.487700000000000000e+04,-2.391100000000000000e+04,-2.905900000000000000e+04,-1.991300000000000000e+04,-2.492700000000000000e+04
-2.140200000000000000e+04,-2.431500000000000000e+04,-7.790000000000000000e+03,1.987400000000000000e+04,-1.382400000000000000e+04,-1.936200000000000000e+04,-1.779000000000000000e+04,-2.543900000000000000e+04
-3.264700000000000000e+04,-1.946200000000000000e+04,-8.250000000000000000e+03,-7.590000000000000000e+03,-2.046700000000000000e+04,-1.594400000000000000e+04,-1.538800000000000000e+04,1.260000000000000000e+04
-2.273100000000000000e+04,-2.029900000000000000e+04,-1.346400000000000000e+04,-1.384000000000000000e+04,-2.554400000000000000e+04,-2.334100000000000000e+04,1.957200000000000000e+04,-2.558100000000000000e+04
-1.475400000000000000e+04,-1.768900000000000000e+04,-1.563200000000000000e+04,-1.928500000000000000e+04,-1.860900000000000000e+04,-2.095100000000000000e+04,1.950700000000000000e+04,-2.734500000000000000e+04
-2.999300000000000000e+04,-1.840100000000000000e+04,-1.776000000000000000e+04,-1.613500000000000000e+04,-2.056300000000000000e+04,-2.103700000000000000e+04,1.970500000000000000e+04,-1.550600000000000000e+04
-2.907100000000000000e+04,-1.801200000000000000e+04,-1.015900000000000000e+04,-2.210000000000000000e+04,-2.369200000000000000e+04,-1.903500000000000000e+04,2.315900000000000000e+04,-2.980000000000000000e+04
-1.978200000000000000e+04,1.411600000000000000e+04,-1.727200000000000000e+04,-8.853000000000000000e+03,-2.875300000000000000e+04,-2.510900000000000000e+04,-2.013500000000000000e+04,-1.711000000000000000e+04
-2.535200000000000000e+04,-1.746900000000000000e+04,-1.227600000000000000e+04,-2.296900000000000000e+04,-2.542100000000000000e+04,-2.632600000000000000e+04,3.002000000000000000e+04,-2.858900000000000000e+04
-2.431500000000000000e+04,-1.383500000000000000e+04,-1.470600000000000000e+04,-1.511900000000000000e+04,-1.456500000000000000e+04,-2.261000000000000000e+04,-1.523300000000000000e+04,1.573800000000000000e+04
-2.700600000000000000e+04,-1.336000000000000000e+04,-1.047300000000000000e+04,-2.173700000000000000e+04,-1.814300000000000000e+04,-1.296500000000000000e+04,-2.049900000000000000e+04,1.780400000000000000e+04
-4.552000000000000000e+03,-1.417200000000000000e+04,-1.559200000000000000e+04,-2.375200000000000000e+04,1.617500000000000000e+04,-2.228200000000000000e+04,-2.217300000000000000e+04,-2.091100000000000000e+04
-2.135800000000000000e+04,-1.543300000000000000e+04,-1.599500000000000000e+04,-2.643300000000000000e+04,-1.422600000000000000e+04,2.025400000000000000e+04,-7.988000000000000000e+03,-1.940500000000000000e+04
-2.669200000000000000e+04,-1.806000000000000000e+04,-1.391900000000000000e+04,-2.248200000000000000e+04,-1.457900000000000000e+04,-2.235500000000000000e+04,-1.600100000000000000e+04,1.875900000000000000e+04
-1.444000000000000000e+04,-1.450100000000000000e+04,-1.616500000000000000e+04,1.564100000000000000e+04,-2.872700000000000000e+04,-1.661000000000000000e+04,-2.336000000000000000e+04,-2.113000000000000000e+04
-2.201500000000000000e+04,-1.920100000000000000e+04,2.320200000000000000e+04,-3.384800000000000000e+04,-1.340900000000000000e+04,-2.275300000000000000e+04,-2.161400000000000000e+04,-1.433900000000000000e+04
-1.233100000000000000e+04,2.817600000000000000e+04,-1.341900000000000000e+04,-3.052400000000000000e+04,-3.302200000000000000e+04,-3.030800000000000000e+04,-2.041000000000000000e+04,-2.959100000000000000e+04
-1.241700000000000000e+04,6.128000000000000000e+03,-3.300000000000000000e+03,-9.372000000000000000e+03,-2.919100000000000000e+04,-2.337300000000000000e+04,-2.053000000000000000e+04,-2.372600000000000000e+04
5.213000000000000000e+03,-1.301600000000000000e+04,-8.503000000000000000e+03,-7.807000000000000000e+03,-1.718400000000000000e+04,-2.733500000000000000e+04,-2.289600000000000000e+04,-2.066400000000000000e+04
-1.702900000000000000e+04,-1.203800000000000000e+04,-1.531600000000000000e+04,-2.330300000000000000e+04,-1.718500000000000000e+04,-2.866600000000000000e+04,-1.409400000000000000e+04,1.316500000000000000e+04
-2.791700000000000000e+04,-1.743500000000000000e+04,1.887400000000000000e+04,-1.843900000000000000e+04,-1.437300000000000000e+04,-2.334300000000000000e+04,-2.139000000000000000e+04,-1.556100000000000000e+04
-2.002400000000000000e+04,-1.637700000000000000e+04,-1.818100000000000000e+04,-3.063800000000000000e+04,-1.236800000000000000e+04,-1.951500000000000000e+04,2.025900000000000000e+04,-1.591300000000000000e+04
-1.901100000000000000e+04,-1.665500000000000000e+04,-1.756400000000000000e+04,-2.726300000000000000e+04,-1.011500000000000000e+04,-1.744900000000000000e+04,1.964300000000000000e+04,-2.166900000000000000e+04
5.008000000000000000e+03,-1.966000000000000000e+04,-5.735000000000000000e+03,-2.597000000000000000e+03,-2.322600000000000000e+04,-1.927500000000000000e+04,-7.707000000000000000e+03,-3.010600000000000000e+04
-3.387100000000000000e+04,-1.399100000000000000e+04,-1.250800000000000000e+04,-1.922100000000000000e+04,-1.688800000000000000e+04,-1.661100000000000000e+04,-1.070500000000000000e+04,1.479700000000000000e+04
-2.359700000000000000e+04,-1.333900000000000000e+04,-1.170800000000000000e+04,-1.647400000000000000e+04,-1.814900000000000000e+04,-2.832900000000000000e+04,-1.416100000000000000e+04,1.372300000000000000e+04
-1.068400000000000000e+04,-2.243400000000000000e+04,-2.182500000000000000e+04,-1.847400000000000000e+04,-2.431000000000000000e+04,-1.793000000000000000e+04,2.299100000000000000e+04,-2.872300000000000000e+04
-1.224700000000000000e+04,-2.151000000000000000e+04,-1.338900000000000000e+04,-3.676000000000000000e+03,-2.227900000000000000e+04,8.619000000000000000e+03,-1.847900000000000000e+04,-1.943400000000000000e+04
-1.844900000000000000e+04,-1.633200000000000000e+04,-1.623000000000000000e+04,7.498000000000000000e+03,8.035000000000000000e+03,-1.214900000000000000e+04,-1.936900000000000000e+04,-1.349100000000000000e+04
-1.285000000000000000e+04,-2.078700000000000000e+04,-1.687500000000000000e+04,-5.433000000000000000e+03,-1.418900000000000000e+04,1.582900000000000000e+04,-1.963600000000000000e+04,-1.788400000000000000e+04
-1.454600000000000000e+04,-2.423300000000000000e+04,-1.993000000000000000e+04,1.200500000000000000e+04,-1.437800000000000000e+04,-8.627000000000000000e+03,-1.614600000000000000e+04,-1.999700000000000000e+04
-8.455000000000000000e+03,-2.101800000000000000e+04,-1.578400000000000000e+04,1.236100000000000000e+04,-1.707100000000000000e+04,-4.374000000000000000e+03,-1.830700000000000000e+04,-2.649400000000000000e+04
-1.915600000000000000e+04,-2.087000000000000000e+04,2.754300000000000000e+04,-2.165800000000000000e+04,-1.544300000000000000e+04,-2.433900000000000000e+04,-2.240200000000000000e+04,-1.874700000000000000e+04
-2.985200000000000000e+04,-1.587100000000000000e+04,-9.627000000000000000e+03,-6.312000000000000000e+03,-1.835100000000000000e+04,9.300000000000000000e+03,-1.249500000000000000e+04,-1.414800000000000000e+04
-1.635100000000000000e+04,-2.344500000000000000e+04,2.796400000000000000e+04,-1.345700000000000000e+04,-1.970000000000000000e+04,-2.133700000000000000e+04,-2.367400000000000000e+04,-1.496800000000000000e+04
-1.960700000000000000e+04,-1.584100000000000000e+04,-1.065800000000000000e+04,1.369600000000000000e+04,-1.705300000000000000e+04,-1.292600000000000000e+04,-1.718600000000000000e+04,-2.466100000000000000e+04
-1.888400000000000000e+04,-1.091800000000000000e+04,-1.630500000000000000e+04,-1.818700000000000000e+04,-1.806000000000000000e+04,-2.720600000000000000e+04,-1.180800000000000000e+04,1.535900000000000000e+04
-3.455400000000000000e+04,-7.456000000000000000e+03,-1.913800000000000000e+04,-2.750700000000000000e+04,-3.046400000000000000e+04,-2.147100000000000000e+04,1.319900000000000000e+04,-2.851300000000000000e+04
-1.482700000000000000e+04,-2.644400000000000000e+04,-1.623400000000000000e+04,-1.747500000000000000e+04,-1.597900000000000000e+04,2.709800000000000000e+04,-2.002500000000000000e+04,-2.304400000000000000e+04
-1.034500000000000000e+04,-2.121000000000000000e+04,-6.291000000000000000e+03,-4.631000000000000000e+03,-7.869000000000000000e+03,-2.932200000000000000e+04,-1.153000000000000000e+04,-2.676400000000000000e+04
-2.705500000000000000e+04,1.345700000000000000e+04,-1.200800000000000000e+04,-1.516400000000000000e+04,-1.605400000000000000e+04,-3.005400000000000000e+04,-1.372700000000000000e+04,-1.682500000000000000e+04
-1.987100000000000000e+04,-1.819700000000000000e+04,-1.712300000000000000e+04,-1.543800000000000000e+04,-2.125100000000000000e+04,-2.707000000000000000e+04,1.703800000000000000e+04,-1.830500000000000000e+04
1.121400000000000000e+04,-1.186000000000000000e+04,-2.017600000000000000e+04,-9.922000000000000000e+03,-2.856500000000000000e+04,-1.224100000000000000e+04,-1.698100000000000000e+04,-2.361100000000000000e+04
-2.360600000000000000e+04,-2.057200000000000000e+04,-1.413400000000000000e+04,1.834200000000000000e+04,-2.358300000000000000e+04,-1.859000000000000000e+04,-1.305300000000000000e+04,-2.560000000000000000e+04
-1.522800000000000000e+04,-1.686900000000000000e+04,-1.754300000000000000e+04,-1.771200000000000000e+04,-2.530500000000000000e+04,-2.635500000000000000e+04,1.580700000000000000e+04,-2.483800000000000000e+04
-2.285500000000000000e+04,2.468100000000000000e+04,-2.571500000000000000e+04,-2.737600000000000000e+04,-2.095100000000000000e+04,-2.299600000000000000e+04,-1.309800000000000000e+04,-2.126200000000000000e+04
-2.010800000000000000e+04,-1.192200000000000000e+04,-1.224400000000000000e+04,-1.069000000000000000e+04,-2.937300000000000000e+04,-2.987400000000000000e+04,1.072000000000000000e+04,-2.983400000000000000e+04
-2.889500000000000000e+04,-1.174100000000000000e+04,2.173600000000000000e+04,-2.160800000000000000e+04,-1.692700000000000000e+04,-3.025100000000000000e+04,-1.572000000000000000e+04,-1.717600000000000000e+04
-6.873000000000000000e+03,3.137800000000000000e+04,-2.365600000000000000e+04,-1.400100000000000000e+04,-1.835300000000000000e+04,-3.049800000000000000e+04,-2.356100000000000000e+04,-2.111700000000000000e+04
-2.604900000000000000e+04,1.457400000000000000e+04,-1.789100000000000000e+04,-2.664000000000000000e+04,-2.717300000000000000e+04,-2.044600000000000000e+04,-1.058700000000000000e+04,-2.160100000000000000e+04
-8.962000000000000000e+03,-1.728900000000000000e+04,-2.032500000000000000e+04,8.704000000000000000e+03,-1.954900000000000000e+04,-1.871000000000000000e+03,-1.862300000000000000e+04,-2.503000000000000000e+04
-1.029500000000000000e+04,3.881900000000000000e+04,-2.270700000000000000e+04,-1.933300000000000000e+04,-3.075300000000000000e+04,-3.601400000000000000e+04,-1.911400000000000000e+04,-2.609600000000000000e+04
7.567000000000000000e+03,-1.744500000000000000e+04,-1.993900000000000000e+04,-7.394000000000000000e+03,-2.861600000000000000e+04,-1.747100000000000000e+04,-1.573600000000000000e+04,-2.505000000000000000e+04
-2.399700000000000000e+04,-1.518600000000000000e+04,-1.672500000000000000e+04,-4.669000000000000000e+03,-1.819600000000000000e+04,-1.720100000000000000e+04,1.402300000000000000e+04,-1.962100000000000000e+04
-1.403000000000000000e+04,-8.928000000000000000e+03,-1.945300000000000000e+04,-1.808900000000000000e+04,-1.629700000000000000e+04,-1.658400000000000000e+04,7.471000000000000000e+03,-1.376600000000000000e+04
-8.537000000000000000e+03,-1.797900000000000000e+04,-2.096400000000000000e+04,-1.590000000000000000e+04,1.739800000000000000e+04,-8.801000000000000000e+03,-2.084500000000000000e+04,-1.747900000000000000e+04
5.930000000000000000e+02,-1.522000000000000000e+04,-3.517000000000000000e+03,-5.553000000000000000e+03,-1.889000000000000000e+04,-9.669000000000000000e+03,-2.160800000000000000e+04,-3.044700000000000000e+04
-2.029000000000000000e+04,2.851000000000000000e+04,-1.809100000000000000e+04,-1.470200000000000000e+04,-1.948900000000000000e+04,-3.440300000000000000e+04,-1.294800000000000000e+04,-1.708700000000000000e+04
-1.369500000000000000e+04,-1.575400000000000000e+04,-1.137700000000000000e+04,-2.362000000000000000e+04,-1.324700000000000000e+04,-2.619600000000000000e+04,1.123500000000000000e+04,-1.375000000000000000e+04
-2.258200000000000000e+04,-1.793600000000000000e+04,-1.255800000000000000e+04,-1.775600000000000000e+04,-1.675700000000000000e+04,-2.435200000000000000e+04,2.339700000000000000e+04,-2.748000000000000000e+04
-2.082200000000000000e+04,2.033400000000000000e+04,-2.527400000000000000e+04,-1.347600000000000000e+04,-3.021600000000000000e+04,-3.537100000000000000e+04,-2.321600000000000000e+04,-2.290800000000000000e+04
-2.480700000000000000e+04,-1.739900000000000000e+04,3.278600000000000000e+04,-2.744800000000000000e+04,-1.267000000000000000e+04,-2.313800000000000000e+04,-2.200300000000000000e+04,-1.528800000000000000e+04
-1.965400000000000000e+04,-1.872400000000000000e+04,-1.697900000000000000e+04,-1.989700000000000000e+04,2.593700000000000000e+04,-1.973300000000000000e+04,-2.029600000000000000e+04,-1.983600000000000000e+04
-3.511600000000000000e+04,2.710800000000000000e+04,-2.810400000000000000e+04,-1.969100000000000000e+04,-2.257800000000000000e+04,-2.123900000000000000e+04,-2.339900000000000000e+04,-1.826800000000000000e+04
-2.474400000000000000e+04,-1.592400000000000000e+04,-1.235900000000000000e+04,-1.791200000000000000e+04,-2.270700000000000000e+04,-2.237300000000000000e+04,-2.057300000000000000e+04,1.586700000000000000e+04
-1.208000000000000000e+04,-2.125300000000000000e+04,-1.072200000000000000e+04,-1.503200000000000000e+04,1.448200000000000000e+04,-1.449100000000000000e+04,-2.324500000000000000e+04,-1.916000000000000000e+04
-1.808800000000000000e+04,-1.523400000000000000e+04,1.103000000000000000e+04,-1.947300000000000000e+04,-1.331200000000000000e+04,-1.962800000000000000e+04,-2.136600000000000000e+04,-1.754500000000000000e+04
-2.161300000000000000e+04,-1.580300000000000000e+04,-1.450100000000000000e+04,-1.559100000000000000e+04,-1.393000000000000000e+04,-2.231200000000000000e+04,-1.771900000000000000e+04,1.446900000000000000e+04
-3.053100000000000000e+04,-2.008900000000000000e+04,-8.078000000000000000e+03,-1.738700000000000000e+04,-1.817900000000000000e+04,-1.843000000000000000e+04,-1.726000000000000000e+04,1.686800000000000000e+04
-1.948400000000000000e+04,2.897800000000000000e+04,-2.168100000000000000e+04,-2.007800000000000000e+04,-2.960200000000000000e+04,-3.358000000000000000e+04,-1.598300000000000000e+04,-2.388900000000000000e+04
-1.975600000000000000e+04,1.757100000000000000e+04,-2.362000000000000000e+04,-1.651400000000000000e+04,-1.993000000000000000e+04,-3.462200000000000000e+04,-1.639800000000000000e+04,-1.888600000000000000e+04
-2.910600000000000000e+04,-1.690300000000000000e+04,-1.551000000000000000e+04,-3.267000000000000000e+03,-2.310700000000000000e+04,-1.378800000000000000e+04,7.422000000000000000e+03,-2.475400000000000000e+04
-1.521000000000000000e+04,-1.475600000000000000e+04,-1.590000000000000000e+04,-1.625600000000000000e+04,-1.734800000000000000e+04,1.861500000000000000e+04,-1.949700000000000000e+04,-2.100300000000000000e+04
-2.829200000000000000e+04,-1.956100000000000000e+04,-1.706400000000000000e+04,1.993600000000000000e+04,-1.114900000000000000e+04,-1.495000000000000000e+04,-2.020500000000000000e+04,-1.837300000000000000e+04
-2.646500000000000000e+04,-1.983500000000000000e+04,-1.483500000000000000e+04,-2.427500000000000000e+04,-2.899000000000000000e+04,-2.299600000000000000e+04,2.265500000000000000e+04,-3.283700000000000000e+04
-2.885500000000000000e+04,3.064900000000000000e+04,-2.227600000000000000e+04,-3.212500000000000000e+04,-2.216900000000000000e+04,-2.748700000000000000e+04,-1.074500000000000000e+04,-2.117400000000000000e+04
-3.423200000000000000e+04,-1.258400000000000000e+04,-1.773600000000000000e+04,-3.013700000000000000e+04,-2.158300000000000000e+04,-1.795100000000000000e+04,1.349300000000000000e+04,-2.714500000000000000e+04
-1.504000000000000000e+04,-4.862000000000000000e+03,-1.172700000000000000e+04,1.427800000000000000e+04,-1.698700000000000000e+04,-1.100700000000000000e+04,-1.269400000000000000e+04,-1.460000000000000000e+04
8.253000000000000000e+03,-1.156800000000000000e+04,-1.921900000000000000e+04,-5.124000000000000000e+03,-1.471700000000000000e+04,-1.776900000000000000e+04,-1.985900000000000000e+04,-2.201400000000000000e+04
-2.144400000000000000e+04,-1.722500000000000000e+04,-1.262400000000000000e+04,-2.094900000000000000e+04,-1.738200000000000000e+04,-2.361400000000000000e+04,-1.826400000000000000e+04,1.510000000000000000e+04
-1.957900000000000000e+04,2.689900000000000000e+04,-2.494300000000000000e+04,-9.388000000000000000e+03,-2.756500000000000000e+04,-3.622300000000000000e+04,-2.388900000000000000e+04,-2.155100000000000000e+04
-2.113000000000000000e+04,-1.267500000000000000e+04,-1.143700000000000000e+04,-2.466900000000000000e+04,-1.188400000000000000e+04,-2.718800000000000000e+04,-1.388700000000000000e+04,1.182600000000000000e+04
-1.658400000000000000e+04,-1.180700000000000000e+04,-1.447100000000000000e+04,1.164000000000000000e+03,-1.769800000000000000e+04,-1.201700000000000000e+04,-9.497000000000000000e+03,-2.025100000000000000e+04
-2.345300000000000000e+04,-1.686700000000000000e+04,-1.236700000000000000e+04,-1.444200000000000000e+04,-1.819400000000000000e+04,-2.204800000000000000e+04,-1.883300000000000000e+04,1.728300000000000000e+04
-1.488800000000000000e+04,-1.861800000000000000e+04,-2.075100000000000000e+04,-1.487500000000000000e+04,2.440700000000000000e+04,-3.254400000000000000e+04,-1.906900000000000000e+04,-1.858500000000000000e+04
-1.460300000000000000e+04,-1.933700000000000000e+04,-1.554600000000000000e+04,-1.521300000000000000e+04,-2.218100000000000000e+04,-2.818100000000000000e+04,1.525000000000000000e+04,-2.593400000000000000e+04
-2.619500000000000000e+04,-1.627800000000000000e+04,-1.352200000000000000e+04,-2.311000000000000000e+04,-2.209000000000000000e+04,-1.996200000000000000e+04,1.244800000000000000e+04,-2.012200000000000000e+04
-2.771900000000000000e+04,-1.604000000000000000e+04,-2.124100000000000000e+04,-2.230100000000000000e+04,-2.207500000000000000e+04,-2.095500000000000000e+04,2.452600000000000000e+04,-2.478300000000000000e+04
-2.525800000000000000e+04,-1.608800000000000000e+04,-1.586700000000000000e+04,-2.038900000000000000e+04,-2.536900000000000000e+04,-2.274300000000000000e+04,1.926600000000000000e+04,-2.430400000000000000e+04
-2.696400000000000000e+04,2.575500000000000000e+04,-1.816800000000000000e+04,-2.585800000000000000e+04,-2.638100000000000000e+04,-3.783400000000000000e+04,-1.154400000000000000e+04,-2.234000000000000000e+04
-7.862000000000000000e+03,-1.952600000000000000e+04,-1.765500000000000000e+04,3.533000000000000000e+03,-7.408000000000000000e+03,-5.912000000000000000e+03,-1.205300000000000000e+04,-2.118400000000000000e+04
-5.283000000000000000e+03,-1.944600000000000000e+04,-1.933500000000000000e+04,-1.580100000000000000e+04,1.123200000000000000e+04,-2.257900000000000000e+04,-1.515600000000000000e+04,-2.064200000000000000e+04
-2.040600000000000000e+04,-1.602800000000000000e+04,-1.712700000000000000e+04,-2.266800000000000000e+04,-1.836900000000000000e+04,-2.317700000000000000e+04,-1.810400000000000000e+04,2.079600000000000000e+04
1.196300000000000000e+04,-1.223300000000000000e+04,-1.546100000000000000e+04,-1.042900000000000000e+04,-4.744000000000000000e+03,-1.398900000000000000e+04,-1.729400000000000000e+04,-2.364500000000000000e+04
-3.421100000000000000e+04,2.410500000000000000e+04,-1.648400000000000000e+04,-1.709700000000000000e+04,-2.078000000000000000e+04,-2.587900000000000000e+04,-1.201100000000000000e+04,-2.088100000000000000e+04
-2.022100000000000000e+04,-1.439800000000000000e+04,-1.772800000000000000e+04,-1.864300000000000000e+04,-1.893200000000000000e+04,-2.598700000000000000e+04,-1.658900000000000000e+04,1.790300000000000000e+04
-6.960000000000000000e+02,-1.159600000000000000e+04,-1.916100000000000000e+04,1.680000000000000000e+02,-1.985400000000000000e+04,-1.418600000000000000e+04,-1.945100000000000000e+04,-1.987100000000000000e+04
-1.724300000000000000e+04,3.698800000000000000e+04,-2.047400000000000000e+04,-2.709700000000000000e+04,-2.914600000000000000e+04,-3.332600000000000000e+04,-2.014500000000000000e+04,-1.693100000000000000e+04
-2.486000000000000000e+04,-2.601900000000000000e+04,8.286000000000000000e+03,-9.050000000000000000e+03,-1.762500000000000000e+04,-2.976500000000000000e+04,-1.460500000000000000e+04,-2.205500000000000000e+04
-1.539900000000000000e+04,-2.121300000000000000e+04,-1.704600000000000000e+04,-1.467300000000000000e+04,-1.865500000000000000e+04,-1.951200000000000000e+04,1.513400000000000000e+04,-2.308300000000000000e+04
-1.794900000000000000e+04,-1.347900000000000000e+04,-1.680000000000000000e+04,-2.264300000000000000e+04,-1.675300000000000000e+04,-2.755600000000000000e+04,-1.704900000000000000e+04,1.668300000000000000e+04
-1.648500000000000000e+04,3.567300000000000000e+04,-2.318000000000000000e+04,-1.494700000000000000e+04,-2.839400000000000000e+04,-3.900800000000000000e+04,-2.199300000000000000e+04,-1.760600000000000000e+04
-3.245200000000000000e+04,2.944600000000000000e+04,-2.035200000000000000e+04,-3.163400000000000000e+04,-2.607200000000000000e+04,-3.099200000000000000e+04,-1.141100000000000000e+04,-2.374600000000000000e+04
-2.155600000000000000e+04,2.878500000000000000e+04,-1.852400000000000000e+04,-2.462600000000000000e+04,-2.702400000000000000e+04,-3.111900000000000000e+04,-1.849900000000000000e+04,-2.238300000000000000e+04
-2.102100000000000000e+04,-1.739000000000000000e+04,-1.723900000000000000e+04,-1.912600000000000000e+04,-1.280700000000000000e+04,-2.649600000000000000e+04,-1.533900000000000000e+04,1.934100000000000000e+04
-5.442000000000000000e+03,-2.061500000000000000e+04,-2.152300000000000000e+04,1.232400000000000000e+04,-1.330300000000000000e+04,-1.575000000000000000e+04,-8.192000000000000000e+03,-1.932100000000000000e+04
-2.332200000000000000e+04,-2.974400000000000000e+04,1.094000000000000000e+04,-1.759100000000000000e+04,-1.803400000000000000e+04,-3.043800000000000000e+04,-9.338000000000000000e+03,-2.117700000000000000e+04
-5.681000000000000000e+03,-1.633900000000000000e+04,-1.574200000000000000e+04,1.014300000000000000e+04,-2.279200000000000000e+04,-1.001100000000000000e+04,-2.284000000000000000e+04,-3.233000000000000000e+04
-1.973700000000000000e+04,-1.677600000000000000e+04,-2.179200000000000000e+04,-3.206000000000000000e+03,-1.010300000000000000e+04,6.303000000000000000e+03,-9.401000000000000000e+03,-2.186400000000000000e+04
-1.892400000000000000e+04,-2.039800000000000000e+04,-4.748000000000000000e+03,-1.274600000000000000e+04,-2.980400000000000000e+04,-2.944800000000000000e+04,1.701400000000000000e+04,-2.464400000000000000e+04
-2.638000000000000000e+03,-1.125700000000000000e+04,-1.360700000000000000e+04,8.153000000000000000e+03,-1.292800000000000000e+04,-7.588000000000000000e+03,-2.806400000000000000e+04,-1.957200000000000000e+04
-1.637000000000000000e+04,-1.608800000000000000e+04,-1.801500000000000000e+04,1.711700000000000000e+04,-2.179100000000000000e+04,3.690000000000000000e+03,-2.021600000000000000e+04,-2.305600000000000000e+04
-1.112300000000000000e+04,-1.778200000000000000e+04,-1.440900000000000000e+04,-8.694000000000000000e+03,-2.295000000000000000e+04,1.561600000000000000e+04,-2.255800000000000000e+04,-1.869900000000000000e+04
-1.797300000000000000e+04,-1.520000000000000000e+04,-1.496000000000000000e+04,-2.035800000000000000e+04,1.086300000000000000e+04,-2.458200000000000000e+04,-2.158700000000000000e+04,-1.717500000000000000e+04
-2.067800000000000000e+04,-2.716500000000000000e+04,-1.665800000000000000e+04,-1.859800000000000000e+04,-2.666800000000000000e+04,-1.484800000000000000e+04,2.313600000000000000e+04,-3.077300000000000000e+04
-1.890900000000000000e+04,-1.486500000000000000e+04,-1.545100000000000000e+04,1.503000000000000000e+04,-1.207100000000000000e+04,-1.180200000000000000e+04,-2.640700000000000000e+04,-1.938500000000000000e+04
-2.091200000000000000e+04,-1.399700000000000000e+04,-2.125600000000000000e+04,1.036800000000000000e+04,-1.781700000000000000e+04,-2.763000000000000000e+03,-1.645600000000000000e+04,-1.659200000000000000e+04
-2.678200000000000000e+04,1.179200000000000000e+04,-1.860500000000000000e+04,-2.194100000000000000e+04,-1.878400000000000000e+04,-1.284600000000000000e+04,-1.911100000000000000e+04,-1.827200000000000000e+04
-2.880400000000000000e+04,-1.653300000000000000e+04,-6.768000000000000000e+03,-2.101700000000000000e+04,-1.581700000000000000e+04,-1.239800000000000000e+04,-1.444900000000000000e+04,1.243400000000000000e+04
